     0.001074577,1157,,branch-misses:u,561664,100.00,,
     0.001074577,402,,cache-misses:u,567072,100.00,,
     0.001074577,63805,,bus-cycles:u,570080,100.00,,
     0.001074577,37280,,instructions:u,572672,100.00,,
     0.002402090,54592,,branch-misses:u,1015552,100.00,,
     0.002402090,1186,,cache-misses:u,1014560,100.00,,
     0.002402090,1069003,,bus-cycles:u,1014976,100.00,,
     0.002402090,1142489,,instructions:u,1015232,100.00,,
     0.003583898,77289,,branch-misses:u,1175296,100.00,,
     0.003583898,0,,cache-misses:u,1170880,100.00,,
     0.003583898,1366759,,bus-cycles:u,1167456,100.00,,
     0.003583898,1537210,,instructions:u,1164608,100.00,,
     0.004741219,66297,,branch-misses:u,947488,100.00,,
     0.004741219,1,,cache-misses:u,950432,100.00,,
     0.004741219,1185902,,bus-cycles:u,953120,100.00,,
     0.004741219,1333900,,instructions:u,955872,100.00,,
     0.005903053,81682,,branch-misses:u,1156800,100.00,,
     0.005903053,0,,cache-misses:u,1153856,100.00,,
     0.005903053,1449072,,bus-cycles:u,1151168,100.00,,
     0.005903053,1635920,,instructions:u,1148416,100.00,,
     0.007053556,68838,,branch-misses:u,1036192,100.00,,
     0.007053556,1,,cache-misses:u,1039552,100.00,,
     0.007053556,1223035,,bus-cycles:u,1042656,100.00,,
     0.007053556,1384510,,instructions:u,1045536,100.00,,
     0.008217887,76922,,branch-misses:u,1163904,100.00,,
     0.008217887,0,,cache-misses:u,1163488,100.00,,
     0.008217887,1366098,,bus-cycles:u,1163296,100.00,,
     0.008217887,1538588,,instructions:u,1163168,100.00,,
     0.009381642,77632,,branch-misses:u,1162784,100.00,,
     0.009381642,0,,cache-misses:u,1162880,100.00,,
     0.009381642,1375025,,bus-cycles:u,1162688,100.00,,
     0.009381642,1542252,,instructions:u,1162656,100.00,,
     0.010541107,76911,,branch-misses:u,1159136,100.00,,
     0.010541107,1,,cache-misses:u,1159040,100.00,,
     0.010541107,1370963,,bus-cycles:u,1159232,100.00,,
     0.010541107,1536280,,instructions:u,1159200,100.00,,
     0.011699004,69420,,branch-misses:u,1048320,100.00,,
     0.011699004,1,,cache-misses:u,1048192,100.00,,
     0.011699004,1231663,,bus-cycles:u,1047936,100.00,,
     0.011699004,1387350,,instructions:u,1047840,100.00,,
     0.012852292,80886,,branch-misses:u,1143360,100.00,,
     0.012852292,0,,cache-misses:u,1143296,100.00,,
     0.012852292,1430524,,bus-cycles:u,1143264,100.00,,
     0.012852292,1617600,,instructions:u,1143232,100.00,,
     0.014007884,81466,,branch-misses:u,1154560,100.00,,
     0.014007884,0,,cache-misses:u,1154720,100.00,,
     0.014007884,1452240,,bus-cycles:u,1154656,100.00,,
     0.014007884,1635090,,instructions:u,1154688,100.00,,
     0.015160724,81545,,branch-misses:u,1152480,100.00,,
     0.015160724,0,,cache-misses:u,1152288,100.00,,
     0.015160724,1449325,,bus-cycles:u,1152320,100.00,,
     0.015160724,1633908,,instructions:u,1152320,100.00,,
     0.016311643,74328,,branch-misses:u,1036736,100.00,,
     0.016311643,1,,cache-misses:u,1036736,100.00,,
     0.016311643,1322688,,bus-cycles:u,1036640,100.00,,
     0.016311643,1487910,,instructions:u,1036704,100.00,,
     0.017462850,85467,,branch-misses:u,1150720,100.00,,
     0.017462850,0,,cache-misses:u,1151168,100.00,,
     0.017462850,1536146,,bus-cycles:u,1151200,100.00,,
     0.017462850,1705762,,instructions:u,1151168,100.00,,
     0.018616746,86725,,branch-misses:u,1153024,100.00,,
     0.018616746,0,,cache-misses:u,1152608,100.00,,
     0.018616746,1538325,,bus-cycles:u,1152704,100.00,,
     0.018616746,1735610,,instructions:u,1152608,100.00,,
     0.019765328,85906,,branch-misses:u,1149216,100.00,,
     0.019765328,0,,cache-misses:u,1149696,100.00,,
     0.019765328,1519917,,bus-cycles:u,1149920,100.00,,
     0.019765328,1714470,,instructions:u,1149888,100.00,,
     0.020920857,85947,,branch-misses:u,1154144,100.00,,
     0.020920857,0,,cache-misses:u,1153536,100.00,,
     0.020920857,1539077,,bus-cycles:u,1153152,100.00,,
     0.020920857,1719632,,instructions:u,1153120,100.00,,
     0.022068287,86530,,branch-misses:u,1147008,100.00,,
     0.022068287,0,,cache-misses:u,1147104,100.00,,
     0.022068287,1530734,,bus-cycles:u,1147040,100.00,,
     0.022068287,1734418,,instructions:u,1147072,100.00,,
     0.023236747,86889,,branch-misses:u,1168320,100.00,,
     0.023236747,0,,cache-misses:u,1168384,100.00,,
     0.023236747,1558791,,bus-cycles:u,1168512,100.00,,
     0.023236747,1744094,,instructions:u,1168448,100.00,,
     0.024399765,87019,,branch-misses:u,1163168,100.00,,
     0.024399765,0,,cache-misses:u,1163040,100.00,,
     0.024399765,1543597,,bus-cycles:u,1162976,100.00,,
     0.024399765,1745106,,instructions:u,1163072,100.00,,
     0.025546043,86001,,branch-misses:u,1145472,100.00,,
     0.025546043,0,,cache-misses:u,1145408,100.00,,
     0.025546043,1527307,,bus-cycles:u,1145344,100.00,,
     0.025546043,1714960,,instructions:u,1145280,100.00,,
     0.026692769,86195,,branch-misses:u,1146240,100.00,,
     0.026692769,0,,cache-misses:u,1146400,100.00,,
     0.026692769,1529162,,bus-cycles:u,1146368,100.00,,
     0.026692769,1717880,,instructions:u,1146208,100.00,,
     0.027839943,85583,,branch-misses:u,1147392,100.00,,
     0.027839943,0,,cache-misses:u,1147264,100.00,,
     0.027839943,1523374,,bus-cycles:u,1147360,100.00,,
     0.027839943,1712120,,instructions:u,1147552,100.00,,
     0.028988941,86097,,branch-misses:u,1148160,100.00,,
     0.028988941,0,,cache-misses:u,1148192,100.00,,
     0.028988941,1531851,,bus-cycles:u,1148160,100.00,,
     0.028988941,1722820,,instructions:u,1148192,100.00,,
     0.030135763,85891,,branch-misses:u,1146368,100.00,,
     0.030135763,0,,cache-misses:u,1146368,100.00,,
     0.030135763,1528875,,bus-cycles:u,1146336,100.00,,
     0.030135763,1723630,,instructions:u,1146272,100.00,,
     0.031282425,86022,,branch-misses:u,1146304,100.00,,
     0.031282425,0,,cache-misses:u,1146240,100.00,,
     0.031282425,1529330,,bus-cycles:u,1146272,100.00,,
     0.031282425,1720230,,instructions:u,1146272,100.00,,
     0.032439042,86199,,branch-misses:u,1156960,100.00,,
     0.032439042,0,,cache-misses:u,1156960,100.00,,
     0.032439042,1531361,,bus-cycles:u,1156992,100.00,,
     0.032439042,1725960,,instructions:u,1156960,100.00,,
     0.033585672,86523,,branch-misses:u,1145728,100.00,,
     0.033585672,0,,cache-misses:u,1145696,100.00,,
     0.033585672,1528590,,bus-cycles:u,1145632,100.00,,
     0.033585672,1728760,,instructions:u,1145696,100.00,,
     0.034731437,86242,,branch-misses:u,1145440,100.00,,
     0.034731437,0,,cache-misses:u,1145504,100.00,,
     0.034731437,1528540,,bus-cycles:u,1145504,100.00,,
     0.034731437,1725910,,instructions:u,1145472,100.00,,
     0.035879860,86444,,branch-misses:u,1150016,100.00,,
     0.035879860,0,,cache-misses:u,1150560,100.00,,
     0.035879860,1528930,,bus-cycles:u,1150976,100.00,,
     0.035879860,1722240,,instructions:u,1151296,100.00,,
     0.037040221,86790,,branch-misses:u,1158208,100.00,,
     0.037040221,0,,cache-misses:u,1157664,100.00,,
     0.037040221,1544548,,bus-cycles:u,1157344,100.00,,
     0.037040221,1740200,,instructions:u,1157248,100.00,,
     0.038188900,86292,,branch-misses:u,1148224,100.00,,
     0.038188900,1,,cache-misses:u,1148128,100.00,,
     0.038188900,1531159,,bus-cycles:u,1148064,100.00,,
     0.038188900,1722760,,instructions:u,1147840,100.00,,
     0.039313539,84012,,branch-misses:u,1124832,100.00,,
     0.039313539,0,,cache-misses:u,1125024,100.00,,
     0.039313539,1493181,,bus-cycles:u,1125184,100.00,,
     0.039313539,1682520,,instructions:u,1125216,100.00,,
     0.040464234,86729,,branch-misses:u,1150048,100.00,,
     0.040464234,0,,cache-misses:u,1150112,100.00,,
     0.040464234,1532789,,bus-cycles:u,1149984,100.00,,
     0.040464234,1730320,,instructions:u,1149984,100.00,,
     0.041612529,85152,,branch-misses:u,1147936,100.00,,
     0.041612529,0,,cache-misses:u,1147808,100.00,,
     0.041612529,1529541,,bus-cycles:u,1147776,100.00,,
     0.041612529,1705250,,instructions:u,1147744,100.00,,
     0.042760279,85956,,branch-misses:u,1147392,100.00,,
     0.042760279,0,,cache-misses:u,1147456,100.00,,
     0.042760279,1529422,,bus-cycles:u,1147456,100.00,,
     0.042760279,1721350,,instructions:u,1147520,100.00,,
     0.043922689,86909,,branch-misses:u,1162688,100.00,,
     0.043922689,0,,cache-misses:u,1162752,100.00,,
     0.043922689,1544155,,bus-cycles:u,1162816,100.00,,
     0.043922689,1741710,,instructions:u,1162720,100.00,,
     0.045072552,85418,,branch-misses:u,1148768,100.00,,
     0.045072552,0,,cache-misses:u,1148512,100.00,,
     0.045072552,1530942,,bus-cycles:u,1148448,100.00,,
     0.045072552,1713000,,instructions:u,1148448,100.00,,
     0.046219886,86398,,branch-misses:u,1147232,100.00,,
     0.046219886,0,,cache-misses:u,1147296,100.00,,
     0.046219886,1530321,,bus-cycles:u,1147328,100.00,,
     0.046219886,1730220,,instructions:u,1147424,100.00,,
     0.047366548,85680,,branch-misses:u,1146496,100.00,,
     0.047366548,0,,cache-misses:u,1146560,100.00,,
     0.047366548,1524290,,bus-cycles:u,1146560,100.00,,
     0.047366548,1715040,,instructions:u,1146464,100.00,,
     0.048514362,86222,,branch-misses:u,1147328,100.00,,
     0.048514362,0,,cache-misses:u,1147296,100.00,,
     0.048514362,1530892,,bus-cycles:u,1147296,100.00,,
     0.048514362,1717900,,instructions:u,1147264,100.00,,
     0.049660448,85882,,branch-misses:u,1145664,100.00,,
     0.049660448,0,,cache-misses:u,1145664,100.00,,
     0.049660448,1527990,,bus-cycles:u,1145632,100.00,,
     0.049660448,1717890,,instructions:u,1145632,100.00,,
     0.050806821,86266,,branch-misses:u,1145984,100.00,,
     0.050806821,0,,cache-misses:u,1146016,100.00,,
     0.050806821,1528267,,bus-cycles:u,1145920,100.00,,
     0.050806821,1729380,,instructions:u,1145984,100.00,,
     0.051954764,83545,,branch-misses:u,1148576,100.00,,
     0.051954764,0,,cache-misses:u,1148864,100.00,,
     0.051954764,1481301,,bus-cycles:u,1149024,100.00,,
     0.051954764,1671970,,instructions:u,1148960,100.00,,
     0.053107379,86950,,branch-misses:u,1151456,100.00,,
     0.053107379,0,,cache-misses:u,1151104,100.00,,
     0.053107379,1535789,,bus-cycles:u,1151072,100.00,,
     0.053107379,2036260,,instructions:u,1351040,100.00,,
     0.054463669,101793,,branch-misses:u,1355936,100.00,,
     0.054463669,0,,cache-misses:u,1356096,100.00,,
     0.054463669,1810151,,bus-cycles:u,1356224,100.00,,
     0.054463669,1732250,,instructions:u,1156352,100.00,,
     0.055613787,86078,,branch-misses:u,1150176,100.00,,
     0.055613787,0,,cache-misses:u,1150176,100.00,,
     0.055613787,1528409,,bus-cycles:u,1150112,100.00,,
     0.055613787,1722890,,instructions:u,1150176,100.00,,
     0.056763234,86228,,branch-misses:u,1148640,100.00,,
     0.056763234,0,,cache-misses:u,1148576,100.00,,
     0.056763234,1532367,,bus-cycles:u,1148608,100.00,,
     0.056763234,1727540,,instructions:u,1148448,100.00,,
     0.057910536,86727,,branch-misses:u,1147008,100.00,,
     0.057910536,0,,cache-misses:u,1146880,100.00,,
     0.057910536,1529590,,bus-cycles:u,1146752,100.00,,
     0.057910536,1725420,,instructions:u,1146688,100.00,,
     0.059057486,85968,,branch-misses:u,1146592,100.00,,
     0.059057486,0,,cache-misses:u,1146752,100.00,,
     0.059057486,1529188,,bus-cycles:u,1146752,100.00,,
     0.059057486,1718800,,instructions:u,1146784,100.00,,
     0.060205684,85938,,branch-misses:u,1148032,100.00,,
     0.060205684,0,,cache-misses:u,1148032,100.00,,
     0.060205684,1525136,,bus-cycles:u,1148032,100.00,,
     0.060205684,1721880,,instructions:u,1148128,100.00,,
     0.061354203,86475,,branch-misses:u,1148160,100.00,,
     0.061354203,0,,cache-misses:u,1148128,100.00,,
     0.061354203,1531055,,bus-cycles:u,1148192,100.00,,
     0.061354203,1730370,,instructions:u,1148192,100.00,,
     0.062501793,85436,,branch-misses:u,1147136,100.00,,
     0.062501793,0,,cache-misses:u,1147200,100.00,,
     0.062501793,1529981,,bus-cycles:u,1147232,100.00,,
     0.062501793,1705674,,instructions:u,1147264,100.00,,
     0.063650727,85766,,branch-misses:u,1149312,100.00,,
     0.063650727,0,,cache-misses:u,1149248,100.00,,
     0.063650727,1526488,,bus-cycles:u,1149376,100.00,,
     0.063650727,1713596,,instructions:u,1149344,100.00,,
     0.064801038,86516,,branch-misses:u,1149280,100.00,,
     0.064801038,0,,cache-misses:u,1149152,100.00,,
     0.064801038,1532191,,bus-cycles:u,1148928,100.00,,
     0.064801038,1729630,,instructions:u,1148960,100.00,,
     0.065966361,86499,,branch-misses:u,1165184,100.00,,
     0.065966361,0,,cache-misses:u,1165696,100.00,,
     0.065966361,1555643,,bus-cycles:u,1165760,100.00,,
     0.065966361,1725270,,instructions:u,1165760,100.00,,
     0.067115584,85707,,branch-misses:u,1148800,100.00,,
     0.067115584,0,,cache-misses:u,1148480,100.00,,
     0.067115584,1532218,,bus-cycles:u,1148480,100.00,,
     0.067115584,1713010,,instructions:u,1148448,100.00,,
     0.068266471,86146,,branch-misses:u,1150912,100.00,,
     0.068266471,0,,cache-misses:u,1150880,100.00,,
     0.068266471,1530170,,bus-cycles:u,1150848,100.00,,
     0.068266471,1720480,,instructions:u,1150848,100.00,,
     0.069416846,86271,,branch-misses:u,1149728,100.00,,
     0.069416846,0,,cache-misses:u,1149664,100.00,,
     0.069416846,1532873,,bus-cycles:u,1149600,100.00,,
     0.069416846,1723060,,instructions:u,1149504,100.00,,
     0.070564660,86326,,branch-misses:u,1147520,100.00,,
     0.070564660,0,,cache-misses:u,1147552,100.00,,
     0.070564660,1529919,,bus-cycles:u,1147616,100.00,,
     0.070564660,1727440,,instructions:u,1147712,100.00,,
     0.071714683,86266,,branch-misses:u,1149984,100.00,,
     0.071714683,0,,cache-misses:u,1150048,100.00,,
     0.071714683,1527836,,bus-cycles:u,1150016,100.00,,
     0.071714683,1726370,,instructions:u,1150016,100.00,,
     0.072864834,86414,,branch-misses:u,1149472,100.00,,
     0.072864834,0,,cache-misses:u,1149408,100.00,,
     0.072864834,1533236,,bus-cycles:u,1149408,100.00,,
     0.072864834,1727330,,instructions:u,1149408,100.00,,
     0.074013288,86309,,branch-misses:u,1148064,100.00,,
     0.074013288,0,,cache-misses:u,1148096,100.00,,
     0.074013288,1531505,,bus-cycles:u,1148192,100.00,,
     0.074013288,1723370,,instructions:u,1148128,100.00,,
     0.075161774,85840,,branch-misses:u,1148096,100.00,,
     0.075161774,0,,cache-misses:u,1148096,100.00,,
     0.075161774,1531213,,bus-cycles:u,1148000,100.00,,
     0.075161774,1719290,,instructions:u,1148032,100.00,,
     0.076311573,85786,,branch-misses:u,1149600,100.00,,
     0.076311573,0,,cache-misses:u,1149568,100.00,,
     0.076311573,1528204,,bus-cycles:u,1149632,100.00,,
     0.076311573,1713660,,instructions:u,1149664,100.00,,
     0.077461084,86000,,branch-misses:u,1149152,100.00,,
     0.077461084,0,,cache-misses:u,1149056,100.00,,
     0.077461084,1532631,,bus-cycles:u,1149024,100.00,,
     0.077461084,1719330,,instructions:u,1148960,100.00,,
     0.078609378,86323,,branch-misses:u,1147904,100.00,,
     0.078609378,0,,cache-misses:u,1147968,100.00,,
     0.078609378,1531521,,bus-cycles:u,1147904,100.00,,
     0.078609378,1729460,,instructions:u,1148000,100.00,,
     0.079758825,85592,,branch-misses:u,1149568,100.00,,
     0.079758825,0,,cache-misses:u,1149632,100.00,,
     0.079758825,1526750,,bus-cycles:u,1149664,100.00,,
     0.079758825,1712898,,instructions:u,1149632,100.00,,
     0.080908592,85977,,branch-misses:u,1149056,100.00,,
     0.080908592,0,,cache-misses:u,1148928,100.00,,
     0.080908592,1532838,,bus-cycles:u,1148864,100.00,,
     0.080908592,1722142,,instructions:u,1148832,100.00,,
     0.082056470,86441,,branch-misses:u,1147456,100.00,,
     0.082056470,0,,cache-misses:u,1147520,100.00,,
     0.082056470,1529877,,bus-cycles:u,1147616,100.00,,
     0.082056470,1725370,,instructions:u,1147616,100.00,,
     0.083204124,85813,,branch-misses:u,1147360,100.00,,
     0.083204124,0,,cache-misses:u,1147360,100.00,,
     0.083204124,1529758,,bus-cycles:u,1147360,100.00,,
     0.083204124,1720270,,instructions:u,1147328,100.00,,
     0.084354851,85877,,branch-misses:u,1150752,100.00,,
     0.084354851,0,,cache-misses:u,1150752,100.00,,
     0.084354851,1528772,,bus-cycles:u,1150784,100.00,,
     0.084354851,1719040,,instructions:u,1150816,100.00,,
     0.085505162,86902,,branch-misses:u,1149664,100.00,,
     0.085505162,0,,cache-misses:u,1149632,100.00,,
     0.085505162,1533229,,bus-cycles:u,1149536,100.00,,
     0.085505162,1736750,,instructions:u,1149472,100.00,,
     0.086664883,87349,,branch-misses:u,1159456,100.00,,
     0.086664883,0,,cache-misses:u,1159520,100.00,,
     0.086664883,1546324,,bus-cycles:u,1159584,100.00,,
     0.086664883,1750840,,instructions:u,1159680,100.00,,
     0.087814714,86217,,branch-misses:u,1149856,100.00,,
     0.087814714,0,,cache-misses:u,1149856,100.00,,
     0.087814714,1527108,,bus-cycles:u,1149888,100.00,,
     0.087814714,1724140,,instructions:u,1149856,100.00,,
     0.088963937,86682,,branch-misses:u,1148480,100.00,,
     0.088963937,0,,cache-misses:u,1148320,100.00,,
     0.088963937,1530810,,bus-cycles:u,1148288,100.00,,
     0.088963937,1736438,,instructions:u,1148288,100.00,,
     0.090112455,86266,,branch-misses:u,1148160,100.00,,
     0.090112455,0,,cache-misses:u,1148160,100.00,,
     0.090112455,1530838,,bus-cycles:u,1148128,100.00,,
     0.090112455,1730832,,instructions:u,1148128,100.00,,
     0.091259885,85820,,branch-misses:u,1147072,100.00,,
     0.091259885,0,,cache-misses:u,1147200,100.00,,
     0.091259885,1530054,,bus-cycles:u,1147168,100.00,,
     0.091259885,1716930,,instructions:u,1147104,100.00,,
     0.092421463,87292,,branch-misses:u,1161728,100.00,,
     0.092421463,0,,cache-misses:u,1161728,100.00,,
     0.092421463,1544161,,bus-cycles:u,1161792,100.00,,
     0.092421463,1742680,,instructions:u,1161856,100.00,,
     0.093568957,86437,,branch-misses:u,1146720,100.00,,
     0.093568957,0,,cache-misses:u,1146784,100.00,,
     0.093568957,1530180,,bus-cycles:u,1146784,100.00,,
     0.093568957,1730650,,instructions:u,1146784,100.00,,
     0.094716291,85902,,branch-misses:u,1146944,100.00,,
     0.094716291,0,,cache-misses:u,1146784,100.00,,
     0.094716291,1529707,,bus-cycles:u,1146752,100.00,,
     0.094716291,1719520,,instructions:u,1146752,100.00,,
     0.095865130,85644,,branch-misses:u,1148928,100.00,,
     0.095865130,0,,cache-misses:u,1148896,100.00,,
     0.095865130,1526415,,bus-cycles:u,1148896,100.00,,
     0.095865130,1714418,,instructions:u,1148928,100.00,,
     0.097013808,86384,,branch-misses:u,1148064,100.00,,
     0.097013808,0,,cache-misses:u,1148160,100.00,,
     0.097013808,1532535,,bus-cycles:u,1148192,100.00,,
     0.097013808,1728642,,instructions:u,1148192,100.00,,
     0.098161046,85895,,branch-misses:u,1146912,100.00,,
     0.098161046,0,,cache-misses:u,1146944,100.00,,
     0.098161046,1530293,,bus-cycles:u,1146816,100.00,,
     0.098161046,1723580,,instructions:u,1146784,100.00,,
     0.099309597,85291,,branch-misses:u,1148544,100.00,,
     0.099309597,0,,cache-misses:u,1148640,100.00,,
     0.099309597,1526728,,bus-cycles:u,1148704,100.00,,
     0.099309597,1711340,,instructions:u,1148768,100.00,,
     0.100458435,86511,,branch-misses:u,1148096,100.00,,
     0.100458435,0,,cache-misses:u,1148000,100.00,,
     0.100458435,1531324,,bus-cycles:u,1148032,100.00,,
     0.100458435,1730870,,instructions:u,1147968,100.00,,
     0.101605705,86180,,branch-misses:u,1146912,100.00,,
     0.101605705,0,,cache-misses:u,1146880,100.00,,
     0.101605705,1529499,,bus-cycles:u,1146880,100.00,,
     0.101605705,1727410,,instructions:u,1146784,100.00,,
     0.102752431,85748,,branch-misses:u,1146432,100.00,,
     0.102752431,0,,cache-misses:u,1146400,100.00,,
     0.102752431,1528904,,bus-cycles:u,1146336,100.00,,
     0.102752431,1719780,,instructions:u,1146432,100.00,,
     0.103900405,85664,,branch-misses:u,1148032,100.00,,
     0.103900405,0,,cache-misses:u,1148096,100.00,,
     0.103900405,1524871,,bus-cycles:u,1148096,100.00,,
     0.103900405,1712100,,instructions:u,1148128,100.00,,
     0.105049116,85808,,branch-misses:u,1148064,100.00,,
     0.105049116,0,,cache-misses:u,1148096,100.00,,
     0.105049116,1530709,,bus-cycles:u,1148128,100.00,,
     0.105049116,1719750,,instructions:u,1148160,100.00,,
     0.106196098,85811,,branch-misses:u,1146624,100.00,,
     0.106196098,0,,cache-misses:u,1146528,100.00,,
     0.106196098,1528473,,bus-cycles:u,1146560,100.00,,
     0.106196098,1715290,,instructions:u,1146464,100.00,,
     0.107356715,86791,,branch-misses:u,1160960,100.00,,
     0.107356715,0,,cache-misses:u,1161344,100.00,,
     0.107356715,1543263,,bus-cycles:u,1161408,100.00,,
     0.107356715,1730340,,instructions:u,1161472,100.00,,
     0.108506546,86006,,branch-misses:u,1148832,100.00,,
     0.108506546,0,,cache-misses:u,1148384,100.00,,
     0.108506546,1531823,,bus-cycles:u,1148320,100.00,,
     0.108506546,1721390,,instructions:u,1148320,100.00,,
     0.109654072,86476,,branch-misses:u,1147328,100.00,,
     0.109654072,0,,cache-misses:u,1147328,100.00,,
     0.109654072,1530608,,bus-cycles:u,1147264,100.00,,
     0.109654072,1729720,,instructions:u,1147264,100.00,,
     0.110801022,85263,,branch-misses:u,1146592,100.00,,
     0.110801022,0,,cache-misses:u,1146656,100.00,,
     0.110801022,1529779,,bus-cycles:u,1146720,100.00,,
     0.110801022,1701670,,instructions:u,1146720,100.00,,
     0.111949156,85959,,branch-misses:u,1148064,100.00,,
     0.111949156,0,,cache-misses:u,1148064,100.00,,
     0.111949156,1524960,,bus-cycles:u,1148096,100.00,,
     0.111949156,1714110,,instructions:u,1148064,100.00,,
     0.113098027,86005,,branch-misses:u,1148224,100.00,,
     0.113098027,0,,cache-misses:u,1148288,100.00,,
     0.113098027,1531805,,bus-cycles:u,1148256,100.00,,
     0.113098027,1719950,,instructions:u,1148224,100.00,,
     0.114245201,86458,,branch-misses:u,1146784,100.00,,
     0.114245201,0,,cache-misses:u,1146720,100.00,,
     0.114245201,1530293,,bus-cycles:u,1146688,100.00,,
     0.114245201,1729610,,instructions:u,1146720,100.00,,
     0.115393399,85588,,branch-misses:u,1148128,100.00,,
     0.115393399,0,,cache-misses:u,1148192,100.00,,
     0.115393399,1526560,,bus-cycles:u,1148224,100.00,,
     0.115393399,1714420,,instructions:u,1148256,100.00,,
     0.116541277,85778,,branch-misses:u,1147264,100.00,,
     0.116541277,0,,cache-misses:u,1147200,100.00,,
     0.116541277,1530764,,bus-cycles:u,1147168,100.00,,
     0.116541277,1717810,,instructions:u,1147040,100.00,,
     0.117687875,85167,,branch-misses:u,1146368,100.00,,
     0.117687875,0,,cache-misses:u,1146368,100.00,,
     0.117687875,1529485,,bus-cycles:u,1146368,100.00,,
     0.117687875,1706798,,instructions:u,1146432,100.00,,
     0.118834569,86350,,branch-misses:u,1146272,100.00,,
     0.118834569,0,,cache-misses:u,1146208,100.00,,
     0.118834569,1529721,,bus-cycles:u,1146208,100.00,,
     0.118834569,1718792,,instructions:u,1146176,100.00,,
     0.119984080,85673,,branch-misses:u,1150176,100.00,,
     0.119984080,0,,cache-misses:u,1150656,100.00,,
     0.119984080,1525051,,bus-cycles:u,1150784,100.00,,
     0.119984080,1716720,,instructions:u,1151296,100.00,,
     0.121138680,86881,,branch-misses:u,1153472,100.00,,
     0.121138680,0,,cache-misses:u,1153184,100.00,,
     0.121138680,1538828,,bus-cycles:u,1153120,100.00,,
     0.121138680,1736390,,instructions:u,1152704,100.00,,
     0.122286206,86337,,branch-misses:u,1147136,100.00,,
     0.122286206,0,,cache-misses:u,1147040,100.00,,
     0.122286206,1530165,,bus-cycles:u,1147008,100.00,,
     0.122286206,1721570,,instructions:u,1147040,100.00,,
     0.123435044,85443,,branch-misses:u,1148768,100.00,,
     0.123435044,0,,cache-misses:u,1148800,100.00,,
     0.123435044,1526146,,bus-cycles:u,1148800,100.00,,
     0.123435044,1702570,,instructions:u,1148800,100.00,,
     0.124582827,86487,,branch-misses:u,1147328,100.00,,
     0.124582827,0,,cache-misses:u,1147328,100.00,,
     0.124582827,1530547,,bus-cycles:u,1147328,100.00,,
     0.124582827,1733650,,instructions:u,1147328,100.00,,
     0.125730289,86607,,branch-misses:u,1146976,100.00,,
     0.125730289,0,,cache-misses:u,1146976,100.00,,
     0.125730289,1529838,,bus-cycles:u,1146944,100.00,,
     0.125730289,1726420,,instructions:u,1146912,100.00,,
     0.126876470,85804,,branch-misses:u,1145760,100.00,,
     0.126876470,0,,cache-misses:u,1145696,100.00,,
     0.126876470,1527229,,bus-cycles:u,1145696,100.00,,
     0.126876470,1709800,,instructions:u,1145728,100.00,,
     0.128023100,85378,,branch-misses:u,1146688,100.00,,
     0.128023100,0,,cache-misses:u,1146944,100.00,,
     0.128023100,1523082,,bus-cycles:u,1147072,100.00,,
     0.128023100,1708400,,instructions:u,1147072,100.00,,
     0.129183750,87222,,branch-misses:u,1160128,100.00,,
     0.129183750,0,,cache-misses:u,1160000,100.00,,
     0.129183750,1546876,,bus-cycles:u,1159936,100.00,,
     0.129183750,1745020,,instructions:u,1159840,100.00,,
     0.130330668,85837,,branch-misses:u,1146496,100.00,,
     0.130330668,0,,cache-misses:u,1146336,100.00,,
     0.130330668,1529008,,bus-cycles:u,1146336,100.00,,
     0.130330668,1713110,,instructions:u,1146336,100.00,,
     0.131477234,85881,,branch-misses:u,1146944,100.00,,
     0.131477234,0,,cache-misses:u,1147296,100.00,,
     0.131477234,1524615,,bus-cycles:u,1147296,100.00,,
     0.131477234,1718540,,instructions:u,1147360,100.00,,
     0.132628601,86360,,branch-misses:u,1150368,100.00,,
     0.132628601,0,,cache-misses:u,1150112,100.00,,
     0.132628601,1534280,,bus-cycles:u,1150080,100.00,,
     0.132628601,1729660,,instructions:u,1150016,100.00,,
     0.133775263,85760,,branch-misses:u,1146272,100.00,,
     0.133775263,0,,cache-misses:u,1146272,100.00,,
     0.133775263,1529648,,bus-cycles:u,1146304,100.00,,
     0.133775263,1715210,,instructions:u,1146336,100.00,,
     0.134922117,86204,,branch-misses:u,1146464,100.00,,
     0.134922117,0,,cache-misses:u,1146400,100.00,,
     0.134922117,1528730,,bus-cycles:u,1146336,100.00,,
     0.134922117,1720970,,instructions:u,1146368,100.00,,
     0.136070187,86020,,branch-misses:u,1148288,100.00,,
     0.136070187,0,,cache-misses:u,1148288,100.00,,
     0.136070187,1526126,,bus-cycles:u,1148320,100.00,,
     0.136070187,1722340,,instructions:u,1148320,100.00,,
     0.137220114,86179,,branch-misses:u,1149056,100.00,,
     0.137220114,0,,cache-misses:u,1149056,100.00,,
     0.137220114,1533486,,bus-cycles:u,1149056,100.00,,
     0.137220114,1723010,,instructions:u,1148992,100.00,,
     0.138366968,85764,,branch-misses:u,1146624,100.00,,
     0.138366968,0,,cache-misses:u,1146592,100.00,,
     0.138366968,1529809,,bus-cycles:u,1146592,100.00,,
     0.138366968,1715934,,instructions:u,1146656,100.00,,
     0.139514974,86148,,branch-misses:u,1148000,100.00,,
     0.139514974,0,,cache-misses:u,1148000,100.00,,
     0.139514974,1526217,,bus-cycles:u,1147968,100.00,,
     0.139514974,1719926,,instructions:u,1147936,100.00,,
     0.140663588,86209,,branch-misses:u,1148000,100.00,,
     0.140663588,0,,cache-misses:u,1148032,100.00,,
     0.140663588,1531308,,bus-cycles:u,1148064,100.00,,
     0.140663588,1725990,,instructions:u,1148064,100.00,,
     0.141810922,84860,,branch-misses:u,1146848,100.00,,
     0.141810922,0,,cache-misses:u,1146816,100.00,,
     0.141810922,1529734,,bus-cycles:u,1146848,100.00,,
     0.141810922,1691180,,instructions:u,1146848,100.00,,
     0.142957392,86237,,branch-misses:u,1146304,100.00,,
     0.142957392,0,,cache-misses:u,1146368,100.00,,
     0.142957392,1528681,,bus-cycles:u,1146336,100.00,,
     0.142957392,1725460,,instructions:u,1146368,100.00,,
     0.144106038,85664,,branch-misses:u,1148704,100.00,,
     0.144106038,0,,cache-misses:u,1148608,100.00,,
     0.144106038,1525011,,bus-cycles:u,1148640,100.00,,
     0.144106038,1717360,,instructions:u,1148640,100.00,,
     0.145254653,85961,,branch-misses:u,1147808,100.00,,
     0.145254653,0,,cache-misses:u,1147904,100.00,,
     0.145254653,1530193,,bus-cycles:u,1147840,100.00,,
     0.145254653,1722350,,instructions:u,1147776,100.00,,
     0.146401315,86639,,branch-misses:u,1146240,100.00,,
     0.146401315,0,,cache-misses:u,1146272,100.00,,
     0.146401315,1528594,,bus-cycles:u,1146336,100.00,,
     0.146401315,1730990,,instructions:u,1146336,100.00,,
     0.147549481,86145,,branch-misses:u,1148416,100.00,,
     0.147549481,0,,cache-misses:u,1148384,100.00,,
     0.147549481,1525607,,bus-cycles:u,1148352,100.00,,
     0.147549481,1725860,,instructions:u,1148448,100.00,,
     0.148698576,85518,,branch-misses:u,1148352,100.00,,
     0.148698576,0,,cache-misses:u,1148160,100.00,,
     0.148698576,1530897,,bus-cycles:u,1148128,100.00,,
     0.148698576,1712690,,instructions:u,1148064,100.00,,
     0.149855320,87096,,branch-misses:u,1156576,100.00,,
     0.149855320,0,,cache-misses:u,1156928,100.00,,
     0.149855320,1542479,,bus-cycles:u,1157024,100.00,,
     0.149855320,1743120,,instructions:u,1156992,100.00,,
     0.151003839,86445,,branch-misses:u,1148032,100.00,,
     0.151003839,0,,cache-misses:u,1147776,100.00,,
     0.151003839,1530046,,bus-cycles:u,1147744,100.00,,
     0.151003839,1730100,,instructions:u,1147776,100.00,,
     0.152150853,85545,,branch-misses:u,1146688,100.00,,
     0.152150853,0,,cache-misses:u,1146688,100.00,,
     0.152150853,1523696,,bus-cycles:u,1146656,100.00,,
     0.152150853,1709914,,instructions:u,1146720,100.00,,
     0.153299371,86571,,branch-misses:u,1148096,100.00,,
     0.153299371,0,,cache-misses:u,1148128,100.00,,
     0.153299371,1530627,,bus-cycles:u,1148128,100.00,,
     0.153299371,1729896,,instructions:u,1148032,100.00,,
     0.154445841,86317,,branch-misses:u,1146240,100.00,,
     0.154445841,0,,cache-misses:u,1146304,100.00,,
     0.154445841,1529047,,bus-cycles:u,1146240,100.00,,
     0.154445841,1725230,,instructions:u,1146272,100.00,,
     0.155593879,86316,,branch-misses:u,1148032,100.00,,
     0.155593879,0,,cache-misses:u,1148096,100.00,,
     0.155593879,1525578,,bus-cycles:u,1148128,100.00,,
     0.155593879,1726610,,instructions:u,1148160,100.00,,
     0.156741885,85875,,branch-misses:u,1147360,100.00,,
     0.156741885,0,,cache-misses:u,1147360,100.00,,
     0.156741885,1530577,,bus-cycles:u,1147360,100.00,,
     0.156741885,1714650,,instructions:u,1147328,100.00,,
     0.157889251,86199,,branch-misses:u,1147008,100.00,,
     0.157889251,0,,cache-misses:u,1146880,100.00,,
     0.157889251,1530556,,bus-cycles:u,1146912,100.00,,
     0.157889251,1724550,,instructions:u,1146816,100.00,,
     0.159035881,86362,,branch-misses:u,1146176,100.00,,
     0.159035881,0,,cache-misses:u,1146272,100.00,,
     0.159035881,1529466,,bus-cycles:u,1146208,100.00,,
     0.159035881,1719350,,instructions:u,1146336,100.00,,
     0.160183887,86041,,branch-misses:u,1148128,100.00,,
     0.160183887,0,,cache-misses:u,1148160,100.00,,
     0.160183887,1524914,,bus-cycles:u,1148224,100.00,,
     0.160183887,1721680,,instructions:u,1148224,100.00,,
     0.161332214,85988,,branch-misses:u,1147648,100.00,,
     0.161332214,0,,cache-misses:u,1147456,100.00,,
     0.161332214,1530885,,bus-cycles:u,1147424,100.00,,
     0.161332214,1726230,,instructions:u,1147328,100.00,,
     0.162478651,86548,,branch-misses:u,1146176,100.00,,
     0.162478651,0,,cache-misses:u,1146272,100.00,,
     0.162478651,1528695,,bus-cycles:u,1146304,100.00,,
     0.162478651,1734110,,instructions:u,1146336,100.00,,
     0.163626530,86296,,branch-misses:u,1147872,100.00,,
     0.163626530,0,,cache-misses:u,1147968,100.00,,
     0.163626530,1525731,,bus-cycles:u,1147936,100.00,,
     0.163626530,1726550,,instructions:u,1147968,100.00,,
     0.164774728,86446,,branch-misses:u,1147488,100.00,,
     0.164774728,0,,cache-misses:u,1147392,100.00,,
     0.164774728,1530406,,bus-cycles:u,1147456,100.00,,
     0.164774728,1728070,,instructions:u,1147392,100.00,,
     0.165921614,86487,,branch-misses:u,1146592,100.00,,
     0.165921614,0,,cache-misses:u,1146624,100.00,,
     0.165921614,1529103,,bus-cycles:u,1146592,100.00,,
     0.165921614,1729030,,instructions:u,1146592,100.00,,
     0.167068148,86518,,branch-misses:u,1146144,100.00,,
     0.167068148,0,,cache-misses:u,1146112,100.00,,
     0.167068148,1528878,,bus-cycles:u,1146048,100.00,,
     0.167068148,1735650,,instructions:u,1146112,100.00,,
     0.168216378,86510,,branch-misses:u,1148000,100.00,,
     0.168216378,0,,cache-misses:u,1148064,100.00,,
     0.168216378,1526014,,bus-cycles:u,1148128,100.00,,
     0.168216378,1724700,,instructions:u,1148128,100.00,,
     0.169364192,86660,,branch-misses:u,1147392,100.00,,
     0.169364192,0,,cache-misses:u,1147296,100.00,,
     0.169364192,1530467,,bus-cycles:u,1147264,100.00,,
     0.169364192,1728750,,instructions:u,1147232,100.00,,
     0.170523754,87527,,branch-misses:u,1159360,100.00,,
     0.170523754,0,,cache-misses:u,1159520,100.00,,
     0.170523754,1546545,,bus-cycles:u,1159584,100.00,,
     0.170523754,1746900,,instructions:u,1159616,100.00,,
     0.171673200,85995,,branch-misses:u,1149152,100.00,,
     0.171673200,0,,cache-misses:u,1149024,100.00,,
     0.171673200,1527085,,bus-cycles:u,1148992,100.00,,
     0.171673200,1720010,,instructions:u,1148992,100.00,,
     0.172821303,85907,,branch-misses:u,1147680,100.00,,
     0.172821303,0,,cache-misses:u,1147584,100.00,,
     0.172821303,1530276,,bus-cycles:u,1147584,100.00,,
     0.172821303,1716688,,instructions:u,1147552,100.00,,
     0.173967676,85028,,branch-misses:u,1146048,100.00,,
     0.173967676,0,,cache-misses:u,1146144,100.00,,
     0.173967676,1528531,,bus-cycles:u,1146144,100.00,,
     0.173967676,1697208,,instructions:u,1146176,100.00,,
     0.175115106,86328,,branch-misses:u,1147040,100.00,,
     0.175115106,0,,cache-misses:u,1147072,100.00,,
     0.175115106,1530158,,bus-cycles:u,1147072,100.00,,
     0.175115106,1731374,,instructions:u,1147072,100.00,,
     0.176262953,85906,,branch-misses:u,1147744,100.00,,
     0.176262953,0,,cache-misses:u,1147712,100.00,,
     0.176262953,1526921,,bus-cycles:u,1147680,100.00,,
     0.176262953,1711250,,instructions:u,1147712,100.00,,
     0.177411535,86437,,branch-misses:u,1148000,100.00,,
     0.177411535,0,,cache-misses:u,1148000,100.00,,
     0.177411535,1531188,,bus-cycles:u,1148032,100.00,,
     0.177411535,1724670,,instructions:u,1147968,100.00,,
     0.178558197,85662,,branch-misses:u,1146432,100.00,,
     0.178558197,0,,cache-misses:u,1146432,100.00,,
     0.178558197,1528485,,bus-cycles:u,1146400,100.00,,
     0.178558197,1717180,,instructions:u,1146432,100.00,,
     0.179706459,85514,,branch-misses:u,1148256,100.00,,
     0.179706459,0,,cache-misses:u,1148288,100.00,,
     0.179706459,1524616,,bus-cycles:u,1148320,100.00,,
     0.179706459,1711150,,instructions:u,1148256,100.00,,
     0.180854881,86038,,branch-misses:u,1147808,100.00,,
     0.180854881,0,,cache-misses:u,1147872,100.00,,
     0.180854881,1529588,,bus-cycles:u,1147840,100.00,,
     0.180854881,1710380,,instructions:u,1147904,100.00,,
     0.182001767,86053,,branch-misses:u,1146496,100.00,,
     0.182001767,0,,cache-misses:u,1146368,100.00,,
     0.182001767,1527585,,bus-cycles:u,1146368,100.00,,
     0.182001767,1721570,,instructions:u,1146368,100.00,,
     0.183148653,85639,,branch-misses:u,1146560,100.00,,
     0.183148653,0,,cache-misses:u,1146656,100.00,,
     0.183148653,1528281,,bus-cycles:u,1146688,100.00,,
     0.183148653,1716550,,instructions:u,1146656,100.00,,
     0.184296980,85433,,branch-misses:u,1148480,100.00,,
     0.184296980,0,,cache-misses:u,1148416,100.00,,
     0.184296980,1522265,,bus-cycles:u,1148384,100.00,,
     0.184296980,1706730,,instructions:u,1148448,100.00,,
     0.185445434,85829,,branch-misses:u,1147648,100.00,,
     0.185445434,0,,cache-misses:u,1147648,100.00,,
     0.185445434,1530148,,bus-cycles:u,1147744,100.00,,
     0.185445434,1721230,,instructions:u,1147712,100.00,,
     0.186592480,86183,,branch-misses:u,1146720,100.00,,
     0.186592480,0,,cache-misses:u,1146720,100.00,,
     0.186592480,1529282,,bus-cycles:u,1146688,100.00,,
     0.186592480,1728490,,instructions:u,1146656,100.00,,
     0.187740326,85482,,branch-misses:u,1147936,100.00,,
     0.187740326,0,,cache-misses:u,1147936,100.00,,
     0.187740326,1524476,,bus-cycles:u,1147872,100.00,,
     0.187740326,1708410,,instructions:u,1147936,100.00,,
     0.188888684,86275,,branch-misses:u,1147680,100.00,,
     0.188888684,0,,cache-misses:u,1147712,100.00,,
     0.188888684,1530584,,bus-cycles:u,1147776,100.00,,
     0.188888684,1722970,,instructions:u,1147776,100.00,,
     0.190037235,86598,,branch-misses:u,1148096,100.00,,
     0.190037235,0,,cache-misses:u,1148096,100.00,,
     0.190037235,1530898,,bus-cycles:u,1148064,100.00,,
     0.190037235,1727224,,instructions:u,1148064,100.00,,
     0.191184153,85583,,branch-misses:u,1146592,100.00,,
     0.191184153,0,,cache-misses:u,1146592,100.00,,
     0.191184153,1528879,,bus-cycles:u,1146592,100.00,,
     0.191184153,1719976,,instructions:u,1146592,100.00,,
     0.192344034,86348,,branch-misses:u,1160128,100.00,,
     0.192344034,0,,cache-misses:u,1160256,100.00,,
     0.192344034,1541736,,bus-cycles:u,1160384,100.00,,
     0.192344034,1727980,,instructions:u,1160736,100.00,,
     0.193494793,86619,,branch-misses:u,1149920,100.00,,
     0.193494793,0,,cache-misses:u,1149696,100.00,,
     0.193494793,1533158,,bus-cycles:u,1149600,100.00,,
     0.193494793,1727590,,instructions:u,1149184,100.00,,
     0.194643056,85795,,branch-misses:u,1147968,100.00,,
     0.194643056,0,,cache-misses:u,1147968,100.00,,
     0.194643056,1530715,,bus-cycles:u,1147968,100.00,,
     0.194643056,1715270,,instructions:u,1148000,100.00,,
     0.195792278,85267,,branch-misses:u,1149280,100.00,,
     0.195792278,0,,cache-misses:u,1149312,100.00,,
     0.195792278,1525504,,bus-cycles:u,1149312,100.00,,
     0.195792278,1702041,,instructions:u,1149344,100.00,,
     0.196942077,86139,,branch-misses:u,1149024,100.00,,
     0.196942077,0,,cache-misses:u,1149056,100.00,,
     0.196942077,1531965,,bus-cycles:u,1149056,100.00,,
     0.196942077,1719719,,instructions:u,1149024,100.00,,
     0.198090147,85919,,branch-misses:u,1147744,100.00,,
     0.198090147,0,,cache-misses:u,1147840,100.00,,
     0.198090147,1531414,,bus-cycles:u,1147840,100.00,,
     0.198090147,1722410,,instructions:u,1147776,100.00,,
     0.199238314,86692,,branch-misses:u,1147936,100.00,,
     0.199238314,0,,cache-misses:u,1147808,100.00,,
     0.199238314,1531463,,bus-cycles:u,1147808,100.00,,
     0.199238314,1725730,,instructions:u,1147840,100.00,,
     0.200398867,87178,,branch-misses:u,1160320,100.00,,
     0.200398867,0,,cache-misses:u,1160736,100.00,,
     0.200398867,1544219,,bus-cycles:u,1160672,100.00,,
     0.200398867,1745810,,instructions:u,1160768,100.00,,
     0.201547194,86634,,branch-misses:u,1147904,100.00,,
     0.201547194,0,,cache-misses:u,1147488,100.00,,
     0.201547194,1530698,,bus-cycles:u,1147488,100.00,,
     0.201547194,1722040,,instructions:u,1147456,100.00,,
     0.202695520,86603,,branch-misses:u,1148096,100.00,,
     0.202695520,0,,cache-misses:u,1148128,100.00,,
     0.202695520,1531573,,bus-cycles:u,1148128,100.00,,
     0.202695520,1732720,,instructions:u,1148064,100.00,,
     0.203845447,85873,,branch-misses:u,1149920,100.00,,
     0.203845447,0,,cache-misses:u,1149888,100.00,,
     0.203845447,1527684,,bus-cycles:u,1149888,100.00,,
     0.203845447,1720230,,instructions:u,1149920,100.00,,
     0.204995149,86545,,branch-misses:u,1148992,100.00,,
     0.204995149,0,,cache-misses:u,1148960,100.00,,
     0.204995149,1532563,,bus-cycles:u,1148960,100.00,,
     0.204995149,1726440,,instructions:u,1148928,100.00,,
     0.206142612,85597,,branch-misses:u,1146976,100.00,,
     0.206142612,0,,cache-misses:u,1147008,100.00,,
     0.206142612,1530019,,bus-cycles:u,1147072,100.00,,
     0.206142612,1715210,,instructions:u,1147104,100.00,,
     0.207290138,86691,,branch-misses:u,1147200,100.00,,
     0.207290138,0,,cache-misses:u,1147168,100.00,,
     0.207290138,1529943,,bus-cycles:u,1147136,100.00,,
     0.207290138,1734420,,instructions:u,1153312,100.00,,
     0.208447170,86301,,branch-misses:u,1156832,100.00,,
     0.208447170,0,,cache-misses:u,1156896,100.00,,
     0.208447170,1537692,,bus-cycles:u,1156928,100.00,,
     0.208447170,1720380,,instructions:u,1150720,100.00,,
     0.209595401,85810,,branch-misses:u,1147904,100.00,,
     0.209595401,0,,cache-misses:u,1147872,100.00,,
     0.209595401,1531500,,bus-cycles:u,1147840,100.00,,
     0.209595401,1718940,,instructions:u,1147840,100.00,,
     0.210743407,86064,,branch-misses:u,1147616,100.00,,
     0.210743407,0,,cache-misses:u,1147648,100.00,,
     0.210743407,1530966,,bus-cycles:u,1147680,100.00,,
     0.210743407,1720400,,instructions:u,1147680,100.00,,
     0.211892309,85948,,branch-misses:u,1148928,100.00,,
     0.211892309,0,,cache-misses:u,1148992,100.00,,
     0.211892309,1526976,,bus-cycles:u,1148960,100.00,,
     0.211892309,1718820,,instructions:u,1149024,100.00,,
     0.213053760,86896,,branch-misses:u,1161024,100.00,,
     0.213053760,0,,cache-misses:u,1161120,100.00,,
     0.213053760,1549115,,bus-cycles:u,1161152,100.00,,
     0.213053760,1738610,,instructions:u,1161088,100.00,,
     0.214202406,86156,,branch-misses:u,1148192,100.00,,
     0.214202406,0,,cache-misses:u,1148032,100.00,,
     0.214202406,1531865,,bus-cycles:u,1147968,100.00,,
     0.214202406,1728940,,instructions:u,1147968,100.00,,
     0.215352205,85685,,branch-misses:u,1149536,100.00,,
     0.215352205,0,,cache-misses:u,1149504,100.00,,
     0.215352205,1527900,,bus-cycles:u,1149504,100.00,,
     0.215352205,1714482,,instructions:u,1149568,100.00,,
     0.216502067,86466,,branch-misses:u,1149408,100.00,,
     0.216502067,0,,cache-misses:u,1149376,100.00,,
     0.216502067,1532937,,bus-cycles:u,1149408,100.00,,
     0.216502067,1733178,,instructions:u,1149312,100.00,,
     0.217649978,86150,,branch-misses:u,1147520,100.00,,
     0.217649978,0,,cache-misses:u,1147520,100.00,,
     0.217649978,1530151,,bus-cycles:u,1147520,100.00,,
     0.217649978,1727748,,instructions:u,1147552,100.00,,
     0.218798048,86410,,branch-misses:u,1147776,100.00,,
     0.218798048,0,,cache-misses:u,1147904,100.00,,
     0.218798048,1531323,,bus-cycles:u,1147904,100.00,,
     0.218798048,1725972,,instructions:u,1147936,100.00,,
     0.219947046,85752,,branch-misses:u,1149024,100.00,,
     0.219947046,0,,cache-misses:u,1149024,100.00,,
     0.219947046,1526218,,bus-cycles:u,1149024,100.00,,
     0.219947046,1718360,,instructions:u,1149088,100.00,,
     0.221095821,85776,,branch-misses:u,1148064,100.00,,
     0.221095821,0,,cache-misses:u,1148064,100.00,,
     0.221095821,1530991,,bus-cycles:u,1148000,100.00,,
     0.221095821,1725660,,instructions:u,1147968,100.00,,
     0.222245139,86126,,branch-misses:u,1149440,100.00,,
     0.222245139,0,,cache-misses:u,1149984,100.00,,
     0.222245139,1534167,,bus-cycles:u,1150176,100.00,,
     0.222245139,1725670,,instructions:u,1150624,100.00,,
     0.223407102,86620,,branch-misses:u,1161568,100.00,,
     0.223407102,0,,cache-misses:u,1161184,100.00,,
     0.223407102,1543217,,bus-cycles:u,1161024,100.00,,
     0.223407102,1732780,,instructions:u,1160608,100.00,,
     0.224557989,86497,,branch-misses:u,1150208,100.00,,
     0.224557989,0,,cache-misses:u,1150112,100.00,,
     0.224557989,1533765,,bus-cycles:u,1150144,100.00,,
     0.224557989,1725520,,instructions:u,1150080,100.00,,
     0.225706571,86469,,branch-misses:u,1148224,100.00,,
     0.225706571,0,,cache-misses:u,1148192,100.00,,
     0.225706571,1531239,,bus-cycles:u,1148256,100.00,,
     0.225706571,1723930,,instructions:u,1148256,100.00,,
     0.226855057,85816,,branch-misses:u,1148224,100.00,,
     0.226855057,0,,cache-misses:u,1148160,100.00,,
     0.226855057,1531275,,bus-cycles:u,1148128,100.00,,
     0.226855057,1716918,,instructions:u,1148192,100.00,,
     0.228005432,86086,,branch-misses:u,1150112,100.00,,
     0.228005432,0,,cache-misses:u,1150080,100.00,,
     0.228005432,1527097,,bus-cycles:u,1150016,100.00,,
     0.228005432,1714192,,instructions:u,1150048,100.00,,
     0.229154911,85920,,branch-misses:u,1149056,100.00,,
     0.229154911,0,,cache-misses:u,1149120,100.00,,
     0.229154911,1531874,,bus-cycles:u,1149152,100.00,,
     0.229154911,1718690,,instructions:u,1149056,100.00,,
     0.230302789,86408,,branch-misses:u,1147552,100.00,,
     0.230302789,0,,cache-misses:u,1147552,100.00,,
     0.230302789,1530027,,bus-cycles:u,1147552,100.00,,
     0.230302789,1717850,,instructions:u,1147584,100.00,,
     0.231452556,86304,,branch-misses:u,1149856,100.00,,
     0.231452556,0,,cache-misses:u,1149824,100.00,,
     0.231452556,1527275,,bus-cycles:u,1149792,100.00,,
     0.231452556,1721720,,instructions:u,1149728,100.00,,
     0.232601330,85740,,branch-misses:u,1148000,100.00,,
     0.232601330,0,,cache-misses:u,1148000,100.00,,
     0.232601330,1530641,,bus-cycles:u,1147968,100.00,,
     0.232601330,1719820,,instructions:u,1148000,100.00,,
     0.233748664,85746,,branch-misses:u,1146976,100.00,,
     0.233748664,0,,cache-misses:u,1147008,100.00,,
     0.233748664,1529780,,bus-cycles:u,1147008,100.00,,
     0.233748664,1715430,,instructions:u,1147040,100.00,,
     0.234906626,86781,,branch-misses:u,1157792,100.00,,
     0.234906626,0,,cache-misses:u,1157856,100.00,,
     0.234906626,1544056,,bus-cycles:u,1157888,100.00,,
     0.234906626,1727900,,instructions:u,1157856,100.00,,
     0.236056584,85739,,branch-misses:u,1149920,100.00,,
     0.236056584,0,,cache-misses:u,1149920,100.00,,
     0.236056584,1528068,,bus-cycles:u,1149920,100.00,,
     0.236056584,1719660,,instructions:u,1149952,100.00,,
     0.237206063,86573,,branch-misses:u,1148736,100.00,,
     0.237206063,0,,cache-misses:u,1148608,100.00,,
     0.237206063,1532180,,bus-cycles:u,1148576,100.00,,
     0.237206063,1727170,,instructions:u,1148608,100.00,,
     0.238354133,86361,,branch-misses:u,1147840,100.00,,
     0.238354133,0,,cache-misses:u,1147904,100.00,,
     0.238354133,1531428,,bus-cycles:u,1148000,100.00,,
     0.238354133,1732010,,instructions:u,1147968,100.00,,
     0.239503804,86200,,branch-misses:u,1149408,100.00,,
     0.239503804,0,,cache-misses:u,1149408,100.00,,
     0.239503804,1527109,,bus-cycles:u,1149440,100.00,,
     0.239503804,1730590,,instructions:u,1149472,100.00,,
     0.240653411,86509,,branch-misses:u,1149216,100.00,,
     0.240653411,0,,cache-misses:u,1149216,100.00,,
     0.240653411,1532562,,bus-cycles:u,1149216,100.00,,
     0.240653411,1730290,,instructions:u,1149152,100.00,,
     0.241801257,86561,,branch-misses:u,1147424,100.00,,
     0.241801257,0,,cache-misses:u,1147392,100.00,,
     0.241801257,1531088,,bus-cycles:u,1147392,100.00,,
     0.241801257,1726340,,instructions:u,1147424,100.00,,
     0.242948943,85843,,branch-misses:u,1147328,100.00,,
     0.242948943,0,,cache-misses:u,1147328,100.00,,
     0.242948943,1530550,,bus-cycles:u,1147232,100.00,,
     0.242948943,1714480,,instructions:u,1147168,100.00,,
     0.244098294,86125,,branch-misses:u,1149536,100.00,,
     0.244098294,0,,cache-misses:u,1149600,100.00,,
     0.244098294,1525086,,bus-cycles:u,1149600,100.00,,
     0.244098294,1727731,,instructions:u,1149664,100.00,,
     0.245247452,86775,,branch-misses:u,1148320,100.00,,
     0.245247452,0,,cache-misses:u,1148256,100.00,,
     0.245247452,1532585,,bus-cycles:u,1148320,100.00,,
     0.245247452,1736519,,instructions:u,1148288,100.00,,
     0.246394914,86685,,branch-misses:u,1147104,100.00,,
     0.246394914,0,,cache-misses:u,1147200,100.00,,
     0.246394914,1530965,,bus-cycles:u,1147200,100.00,,
     0.246394914,1735760,,instructions:u,1147200,100.00,,
     0.247544169,86305,,branch-misses:u,1149376,100.00,,
     0.247544169,0,,cache-misses:u,1149248,100.00,,
     0.247544169,1527096,,bus-cycles:u,1149152,100.00,,
     0.247544169,1726430,,instructions:u,1149184,100.00,,
     0.248693903,86607,,branch-misses:u,1148960,100.00,,
     0.248693903,0,,cache-misses:u,1149024,100.00,,
     0.248693903,1531642,,bus-cycles:u,1149056,100.00,,
     0.248693903,1732630,,instructions:u,1148960,100.00,,
     0.249841782,86483,,branch-misses:u,1147552,100.00,,
     0.249841782,0,,cache-misses:u,1147552,100.00,,
     0.249841782,1530960,,bus-cycles:u,1147648,100.00,,
     0.249841782,1732400,,instructions:u,1147680,100.00,,
     0.250989020,86056,,branch-misses:u,1146976,100.00,,
     0.250989020,0,,cache-misses:u,1147008,100.00,,
     0.250989020,1530347,,bus-cycles:u,1146944,100.00,,
     0.250989020,1722160,,instructions:u,1146880,100.00,,
     0.252138914,86444,,branch-misses:u,1149664,100.00,,
     0.252138914,0,,cache-misses:u,1149632,100.00,,
     0.252138914,1527943,,bus-cycles:u,1149664,100.00,,
     0.252138914,1726550,,instructions:u,1149856,100.00,,
     0.253288393,86341,,branch-misses:u,1149056,100.00,,
     0.253288393,0,,cache-misses:u,1148992,100.00,,
     0.253288393,1532536,,bus-cycles:u,1148928,100.00,,
     0.253288393,1729880,,instructions:u,1148864,100.00,,
     0.254436207,85363,,branch-misses:u,1147488,100.00,,
     0.254436207,0,,cache-misses:u,1147488,100.00,,
     0.254436207,1530902,,bus-cycles:u,1147488,100.00,,
     0.254436207,1714550,,instructions:u,1147424,100.00,,
     0.255597433,87038,,branch-misses:u,1161216,100.00,,
     0.255597433,0,,cache-misses:u,1161280,100.00,,
     0.255597433,1544574,,bus-cycles:u,1161312,100.00,,
     0.255597433,1739840,,instructions:u,1161376,100.00,,
     0.256747520,86146,,branch-misses:u,1149504,100.00,,
     0.256747520,0,,cache-misses:u,1149504,100.00,,
     0.256747520,1533731,,bus-cycles:u,1149472,100.00,,
     0.256747520,1724930,,instructions:u,1149376,100.00,,
     0.257895846,86068,,branch-misses:u,1147968,100.00,,
     0.257895846,0,,cache-misses:u,1147968,100.00,,
     0.257895846,1532005,,bus-cycles:u,1147968,100.00,,
     0.257895846,1721010,,instructions:u,1148000,100.00,,
     0.259044173,85909,,branch-misses:u,1147968,100.00,,
     0.259044173,0,,cache-misses:u,1147776,100.00,,
     0.259044173,1531446,,bus-cycles:u,1147840,100.00,,
     0.259044173,1717830,,instructions:u,1147872,100.00,,
     0.260193683,85904,,branch-misses:u,1149344,100.00,,
     0.260193683,0,,cache-misses:u,1149472,100.00,,
     0.260193683,1529305,,bus-cycles:u,1149440,100.00,,
     0.260193683,1719660,,instructions:u,1149440,100.00,,
     0.261342010,85699,,branch-misses:u,1147840,100.00,,
     0.261342010,0,,cache-misses:u,1147904,100.00,,
     0.261342010,1531540,,bus-cycles:u,1147904,100.00,,
     0.261342010,1723030,,instructions:u,1147936,100.00,,
     0.262490048,86200,,branch-misses:u,1147712,100.00,,
     0.262490048,0,,cache-misses:u,1147648,100.00,,
     0.262490048,1531304,,bus-cycles:u,1147744,100.00,,
     0.262490048,1726660,,instructions:u,1147744,100.00,,
     0.263639687,85687,,branch-misses:u,1149408,100.00,,
     0.263639687,0,,cache-misses:u,1149408,100.00,,
     0.263639687,1528295,,bus-cycles:u,1149312,100.00,,
     0.263639687,1718300,,instructions:u,1149344,100.00,,
     0.264788461,85956,,branch-misses:u,1148384,100.00,,
     0.264788461,0,,cache-misses:u,1148448,100.00,,
     0.264788461,1532119,,bus-cycles:u,1148384,100.00,,
     0.264788461,1717720,,instructions:u,1148256,100.00,,
     0.265936307,86450,,branch-misses:u,1147392,100.00,,
     0.265936307,0,,cache-misses:u,1147328,100.00,,
     0.265936307,1531461,,bus-cycles:u,1147360,100.00,,
     0.265936307,1726760,,instructions:u,1147392,100.00,,
     0.267084538,86109,,branch-misses:u,1148000,100.00,,
     0.267084538,0,,cache-misses:u,1148064,100.00,,
     0.267084538,1532052,,bus-cycles:u,1148160,100.00,,
     0.267084538,1713940,,instructions:u,1148224,100.00,,
     0.268234144,85685,,branch-misses:u,1149760,100.00,,
     0.268234144,0,,cache-misses:u,1149696,100.00,,
     0.268234144,1527059,,bus-cycles:u,1149600,100.00,,
     0.268234144,1714956,,instructions:u,1149600,100.00,,
     0.269383591,86017,,branch-misses:u,1148608,100.00,,
     0.269383591,0,,cache-misses:u,1148672,100.00,,
     0.269383591,1532639,,bus-cycles:u,1148672,100.00,,
     0.269383591,1723314,,instructions:u,1148672,100.00,,
     0.270531469,86080,,branch-misses:u,1147552,100.00,,
     0.270531469,0,,cache-misses:u,1147424,100.00,,
     0.270531469,1531319,,bus-cycles:u,1147424,100.00,,
     0.270531469,1719910,,instructions:u,1147392,100.00,,
     0.271680820,85894,,branch-misses:u,1149120,100.00,,
     0.271680820,0,,cache-misses:u,1149184,100.00,,
     0.271680820,1528116,,bus-cycles:u,1149216,100.00,,
     0.271680820,1720390,,instructions:u,1149184,100.00,,
     0.272829530,86013,,branch-misses:u,1148448,100.00,,
     0.272829530,0,,cache-misses:u,1148512,100.00,,
     0.272829530,1532980,,bus-cycles:u,1148544,100.00,,
     0.272829530,1720810,,instructions:u,1148544,100.00,,
     0.273978913,86334,,branch-misses:u,1149024,100.00,,
     0.273978913,0,,cache-misses:u,1148928,100.00,,
     0.273978913,1533998,,bus-cycles:u,1148928,100.00,,
     0.273978913,1729370,,instructions:u,1148960,100.00,,
     0.275127143,86476,,branch-misses:u,1147872,100.00,,
     0.275127143,0,,cache-misses:u,1147968,100.00,,
     0.275127143,1532106,,bus-cycles:u,1147936,100.00,,
     0.275127143,1723100,,instructions:u,1147936,100.00,,
     0.276288977,87104,,branch-misses:u,1162048,100.00,,
     0.276288977,0,,cache-misses:u,1162080,100.00,,
     0.276288977,1544484,,bus-cycles:u,1162144,100.00,,
     0.276288977,1741442,,instructions:u,1162144,100.00,,
     0.277440376,86978,,branch-misses:u,1150560,100.00,,
     0.277440376,0,,cache-misses:u,1150528,100.00,,
     0.277440376,1534929,,bus-cycles:u,1150496,100.00,,
     0.277440376,1740618,,instructions:u,1150496,100.00,,
     0.278589055,86519,,branch-misses:u,1148320,100.00,,
     0.278589055,0,,cache-misses:u,1148128,100.00,,
     0.278589055,1531943,,bus-cycles:u,1148064,100.00,,
     0.278589055,1735060,,instructions:u,1148096,100.00,,
     0.279738373,86213,,branch-misses:u,1149440,100.00,,
     0.279738373,0,,cache-misses:u,1149440,100.00,,
     0.279738373,1527864,,bus-cycles:u,1149472,100.00,,
     0.279738373,1719720,,instructions:u,1149536,100.00,,
     0.280888108,86214,,branch-misses:u,1148960,100.00,,
     0.280888108,0,,cache-misses:u,1149056,100.00,,
     0.280888108,1532611,,bus-cycles:u,1149056,100.00,,
     0.280888108,1727070,,instructions:u,1148928,100.00,,
     0.282035826,86168,,branch-misses:u,1147392,100.00,,
     0.282035826,0,,cache-misses:u,1147360,100.00,,
     0.282035826,1530606,,bus-cycles:u,1147328,100.00,,
     0.282035826,1725820,,instructions:u,1147424,100.00,,
     0.283183737,85991,,branch-misses:u,1147552,100.00,,
     0.283183737,0,,cache-misses:u,1147552,100.00,,
     0.283183737,1530117,,bus-cycles:u,1147552,100.00,,
     0.283183737,1717960,,instructions:u,1147520,100.00,,
     0.284332959,85721,,branch-misses:u,1149024,100.00,,
     0.284332959,0,,cache-misses:u,1148992,100.00,,
     0.284332959,1527729,,bus-cycles:u,1149024,100.00,,
     0.284332959,1719930,,instructions:u,1148992,100.00,,
     0.285481542,85794,,branch-misses:u,1148064,100.00,,
     0.285481542,0,,cache-misses:u,1148128,100.00,,
     0.285481542,1531639,,bus-cycles:u,1148096,100.00,,
     0.285481542,1720144,,instructions:u,1148096,100.00,,
     0.286628203,86221,,branch-misses:u,1146240,100.00,,
     0.286628203,0,,cache-misses:u,1146240,100.00,,
     0.286628203,1529214,,bus-cycles:u,1146304,100.00,,
     0.286628203,1721906,,instructions:u,1146304,100.00,,
     0.287776466,86391,,branch-misses:u,1148256,100.00,,
     0.287776466,0,,cache-misses:u,1148320,100.00,,
     0.287776466,1527037,,bus-cycles:u,1148288,100.00,,
     0.287776466,1731320,,instructions:u,1148288,100.00,,
     0.288926008,86018,,branch-misses:u,1149088,100.00,,
     0.288926008,0,,cache-misses:u,1148992,100.00,,
     0.288926008,1532777,,bus-cycles:u,1149056,100.00,,
     0.288926008,1719480,,instructions:u,1149056,100.00,,
     0.290073342,86359,,branch-misses:u,1146848,100.00,,
     0.290073342,0,,cache-misses:u,1146944,100.00,,
     0.290073342,1529340,,bus-cycles:u,1146912,100.00,,
     0.290073342,1725280,,instructions:u,1146848,100.00,,
     0.291220100,85505,,branch-misses:u,1146464,100.00,,
     0.291220100,0,,cache-misses:u,1146464,100.00,,
     0.291220100,1529163,,bus-cycles:u,1146400,100.00,,
     0.291220100,1712314,,instructions:u,1146464,100.00,,
     0.292391281,87412,,branch-misses:u,1171168,100.00,,
     0.292391281,0,,cache-misses:u,1171104,100.00,,
     0.292391281,1556709,,bus-cycles:u,1171168,100.00,,
     0.292391281,1745358,,instructions:u,1171168,100.00,,
     0.293539351,86336,,branch-misses:u,1147456,100.00,,
     0.293539351,0,,cache-misses:u,1147520,100.00,,
     0.293539351,1530866,,bus-cycles:u,1147488,100.00,,
     0.293539351,1725618,,instructions:u,1147520,100.00,,
     0.294687230,86664,,branch-misses:u,1147552,100.00,,
     0.294687230,0,,cache-misses:u,1147424,100.00,,
     0.294687230,1530746,,bus-cycles:u,1147456,100.00,,
     0.294687230,1727200,,instructions:u,1147392,100.00,,
     0.295835428,85777,,branch-misses:u,1148256,100.00,,
     0.295835428,0,,cache-misses:u,1148320,100.00,,
     0.295835428,1526074,,bus-cycles:u,1148320,100.00,,
     0.295835428,1719720,,instructions:u,1148352,100.00,,
     0.296984202,86017,,branch-misses:u,1148160,100.00,,
     0.296984202,0,,cache-misses:u,1148160,100.00,,
     0.296984202,1531259,,bus-cycles:u,1148096,100.00,,
     0.296984202,1721510,,instructions:u,1148064,100.00,,
     0.298141587,86672,,branch-misses:u,1157088,100.00,,
     0.298141587,0,,cache-misses:u,1157248,100.00,,
     0.298141587,1544279,,bus-cycles:u,1157280,100.00,,
     0.298141587,1735330,,instructions:u,1157280,100.00,,
     0.299290394,85997,,branch-misses:u,1148416,100.00,,
     0.299290394,0,,cache-misses:u,1148224,100.00,,
     0.299290394,1532133,,bus-cycles:u,1148160,100.00,,
     0.299290394,1724700,,instructions:u,1156576,100.00,,
     0.300449027,86429,,branch-misses:u,1158304,100.00,,
     0.300449027,0,,cache-misses:u,1158304,100.00,,
     0.300449027,1540011,,bus-cycles:u,1158368,100.00,,
     0.300449027,1720420,,instructions:u,1149984,100.00,,
     0.301597129,85978,,branch-misses:u,1147712,100.00,,
     0.301597129,0,,cache-misses:u,1147712,100.00,,
     0.301597129,1531767,,bus-cycles:u,1147680,100.00,,
     0.301597129,1716840,,instructions:u,1147680,100.00,,
     0.302744271,85066,,branch-misses:u,1146848,100.00,,
     0.302744271,0,,cache-misses:u,1146912,100.00,,
     0.302744271,1530661,,bus-cycles:u,1146976,100.00,,
     0.302744271,1708020,,instructions:u,1146976,100.00,,
     0.303893622,86019,,branch-misses:u,1149376,100.00,,
     0.303893622,0,,cache-misses:u,1149408,100.00,,
     0.303893622,1527776,,bus-cycles:u,1149376,100.00,,
     0.303893622,1716820,,instructions:u,1149312,100.00,,
     0.305042620,86299,,branch-misses:u,1148416,100.00,,
     0.305042620,0,,cache-misses:u,1148480,100.00,,
     0.305042620,1531963,,bus-cycles:u,1148416,100.00,,
     0.305042620,1726830,,instructions:u,1148480,100.00,,
     0.306190530,85788,,branch-misses:u,1147520,100.00,,
     0.306190530,0,,cache-misses:u,1147456,100.00,,
     0.306190530,1530445,,bus-cycles:u,1147520,100.00,,
     0.306190530,1717490,,instructions:u,1147488,100.00,,
     0.307339369,86026,,branch-misses:u,1148576,100.00,,
     0.307339369,0,,cache-misses:u,1148480,100.00,,
     0.307339369,1527513,,bus-cycles:u,1148480,100.00,,
     0.307339369,1724990,,instructions:u,1148512,100.00,,
     0.308488335,85758,,branch-misses:u,1148512,100.00,,
     0.308488335,0,,cache-misses:u,1148544,100.00,,
     0.308488335,1532320,,bus-cycles:u,1148512,100.00,,
     0.308488335,1718720,,instructions:u,1148512,100.00,,
     0.309635862,86507,,branch-misses:u,1147264,100.00,,
     0.309635862,0,,cache-misses:u,1147360,100.00,,
     0.309635862,1530955,,bus-cycles:u,1147328,100.00,,
     0.309635862,1727070,,instructions:u,1147296,100.00,,
     0.310783676,85936,,branch-misses:u,1147584,100.00,,
     0.310783676,0,,cache-misses:u,1147552,100.00,,
     0.310783676,1531064,,bus-cycles:u,1147584,100.00,,
     0.310783676,1726881,,instructions:u,1147584,100.00,,
     0.311932322,86098,,branch-misses:u,1148320,100.00,,
     0.311932322,0,,cache-misses:u,1148320,100.00,,
     0.311932322,1526338,,bus-cycles:u,1148384,100.00,,
     0.311932322,1725739,,instructions:u,1148416,100.00,,
     0.313081385,86636,,branch-misses:u,1148704,100.00,,
     0.313081385,0,,cache-misses:u,1148768,100.00,,
     0.313081385,1532562,,bus-cycles:u,1148704,100.00,,
     0.313081385,1735490,,instructions:u,1148672,100.00,,
     0.314228975,86432,,branch-misses:u,1147168,100.00,,
     0.314228975,0,,cache-misses:u,1147136,100.00,,
     0.314228975,1531148,,bus-cycles:u,1147104,100.00,,
     0.314228975,1735540,,instructions:u,1147072,100.00,,
     0.315377781,86108,,branch-misses:u,1148832,100.00,,
     0.315377781,0,,cache-misses:u,1148896,100.00,,
     0.315377781,1526942,,bus-cycles:u,1148960,100.00,,
     0.315377781,1733690,,instructions:u,1149024,100.00,,
     0.316527164,86339,,branch-misses:u,1148672,100.00,,
     0.316527164,0,,cache-misses:u,1148576,100.00,,
     0.316527164,1532043,,bus-cycles:u,1148576,100.00,,
     0.316527164,1732500,,instructions:u,1148480,100.00,,
     0.317674882,86543,,branch-misses:u,1147392,100.00,,
     0.317674882,0,,cache-misses:u,1147392,100.00,,
     0.317674882,1531073,,bus-cycles:u,1147360,100.00,,
     0.317674882,1731660,,instructions:u,1147456,100.00,,
     0.318833451,87180,,branch-misses:u,1158496,100.00,,
     0.318833451,0,,cache-misses:u,1158528,100.00,,
     0.318833451,1545637,,bus-cycles:u,1158528,100.00,,
     0.318833451,1740640,,instructions:u,1158560,100.00,,
     0.319983186,86347,,branch-misses:u,1149760,100.00,,
     0.319983186,0,,cache-misses:u,1149888,100.00,,
     0.319983186,1527744,,bus-cycles:u,1149984,100.00,,
     0.319983186,1724940,,instructions:u,1149984,100.00,,
     0.321145212,87712,,branch-misses:u,1161376,100.00,,
     0.321145212,0,,cache-misses:u,1161312,100.00,,
     0.321145212,1548085,,bus-cycles:u,1161280,100.00,,
     0.321145212,1753010,,instructions:u,1161216,100.00,,
     0.322295459,86649,,branch-misses:u,1149728,100.00,,
     0.322295459,0,,cache-misses:u,1149568,100.00,,
     0.322295459,1532733,,bus-cycles:u,1149536,100.00,,
     0.322295459,1727140,,instructions:u,1149632,100.00,,
     0.323444458,86352,,branch-misses:u,1148896,100.00,,
     0.323444458,0,,cache-misses:u,1148992,100.00,,
     0.323444458,1527386,,bus-cycles:u,1148992,100.00,,
     0.323444458,1721980,,instructions:u,1148960,100.00,,
     0.324596369,86778,,branch-misses:u,1151840,100.00,,
     0.324596369,0,,cache-misses:u,1152000,100.00,,
     0.324596369,1537029,,bus-cycles:u,1152000,100.00,,
     0.324596369,1735320,,instructions:u,1152000,100.00,,
     0.325749337,85755,,branch-misses:u,1152224,100.00,,
     0.325749337,0,,cache-misses:u,1152064,100.00,,
     0.325749337,1537129,,bus-cycles:u,1152096,100.00,,
     0.325749337,1721010,,instructions:u,1152064,100.00,,
     0.326897087,86620,,branch-misses:u,1147360,100.00,,
     0.326897087,0,,cache-misses:u,1147264,100.00,,
     0.326897087,1530324,,bus-cycles:u,1147264,100.00,,
     0.326897087,1734550,,instructions:u,1147264,100.00,,
     0.328045381,86184,,branch-misses:u,1148288,100.00,,
     0.328045381,0,,cache-misses:u,1148224,100.00,,
     0.328045381,1526109,,bus-cycles:u,1148192,100.00,,
     0.328045381,1720540,,instructions:u,1148256,100.00,,
     0.329193995,86940,,branch-misses:u,1147968,100.00,,
     0.329193995,0,,cache-misses:u,1148000,100.00,,
     0.329193995,1532018,,bus-cycles:u,1147904,100.00,,
     0.329193995,1731670,,instructions:u,1147840,100.00,,
     0.330340977,86187,,branch-misses:u,1146560,100.00,,
     0.330340977,0,,cache-misses:u,1146720,100.00,,
     0.330340977,1529841,,bus-cycles:u,1146816,100.00,,
     0.330340977,1723030,,instructions:u,1146816,100.00,,
     0.331489496,85779,,branch-misses:u,1148288,100.00,,
     0.331489496,0,,cache-misses:u,1148224,100.00,,
     0.331489496,1526241,,bus-cycles:u,1148192,100.00,,
     0.331489496,1707888,,instructions:u,1148192,100.00,,
     0.332638206,85975,,branch-misses:u,1148512,100.00,,
     0.332638206,0,,cache-misses:u,1148704,100.00,,
     0.332638206,1532207,,bus-cycles:u,1148736,100.00,,
     0.332638206,1717672,,instructions:u,1148736,100.00,,
     0.333786468,86086,,branch-misses:u,1147808,100.00,,
     0.333786468,0,,cache-misses:u,1147616,100.00,,
     0.333786468,1530549,,bus-cycles:u,1147584,100.00,,
     0.333786468,1715330,,instructions:u,1147552,100.00,,
     0.334933834,86194,,branch-misses:u,1147104,100.00,,
     0.334933834,0,,cache-misses:u,1147104,100.00,,
     0.334933834,1529722,,bus-cycles:u,1147136,100.00,,
     0.334933834,1728070,,instructions:u,1147168,100.00,,
     0.336082353,85626,,branch-misses:u,1148480,100.00,,
     0.336082353,0,,cache-misses:u,1148512,100.00,,
     0.336082353,1525709,,bus-cycles:u,1148512,100.00,,
     0.336082353,1721850,,instructions:u,1148512,100.00,,
     0.337231031,85958,,branch-misses:u,1147936,100.00,,
     0.337231031,0,,cache-misses:u,1147936,100.00,,
     0.337231031,1531365,,bus-cycles:u,1147904,100.00,,
     0.337231031,1721354,,instructions:u,1147872,100.00,,
     0.338378141,85899,,branch-misses:u,1146848,100.00,,
     0.338378141,0,,cache-misses:u,1146816,100.00,,
     0.338378141,1529901,,bus-cycles:u,1146848,100.00,,
     0.338378141,1720996,,instructions:u,1146848,100.00,,
     0.339541736,86762,,branch-misses:u,1163488,100.00,,
     0.339541736,0,,cache-misses:u,1163616,100.00,,
     0.339541736,1546953,,bus-cycles:u,1163648,100.00,,
     0.339541736,1739690,,instructions:u,1163744,100.00,,
     0.340691343,86092,,branch-misses:u,1149056,100.00,,
     0.340691343,0,,cache-misses:u,1148864,100.00,,
     0.340691343,1532314,,bus-cycles:u,1148800,100.00,,
     0.340691343,1722256,,instructions:u,1148768,100.00,,
     0.341838741,86106,,branch-misses:u,1147040,100.00,,
     0.341838741,0,,cache-misses:u,1147104,100.00,,
     0.341838741,1530072,,bus-cycles:u,1147104,100.00,,
     0.341838741,1719474,,instructions:u,1147104,100.00,,
     0.342986811,85816,,branch-misses:u,1147808,100.00,,
     0.342986811,0,,cache-misses:u,1147776,100.00,,
     0.342986811,1530981,,bus-cycles:u,1147776,100.00,,
     0.342986811,1719270,,instructions:u,1147744,100.00,,
     0.344135105,85888,,branch-misses:u,1148224,100.00,,
     0.344135105,0,,cache-misses:u,1148224,100.00,,
     0.344135105,1525240,,bus-cycles:u,1148256,100.00,,
     0.344135105,1719490,,instructions:u,1148256,100.00,,
     0.345283592,85825,,branch-misses:u,1147872,100.00,,
     0.345283592,0,,cache-misses:u,1147904,100.00,,
     0.345283592,1530860,,bus-cycles:u,1147904,100.00,,
     0.345283592,1722610,,instructions:u,1147936,100.00,,
     0.346430414,85507,,branch-misses:u,1146464,100.00,,
     0.346430414,0,,cache-misses:u,1146464,100.00,,
     0.346430414,1529376,,bus-cycles:u,1146464,100.00,,
     0.346430414,1710380,,instructions:u,1146432,100.00,,
     0.347578580,85808,,branch-misses:u,1147968,100.00,,
     0.347578580,0,,cache-misses:u,1148000,100.00,,
     0.347578580,1527372,,bus-cycles:u,1148064,100.00,,
     0.347578580,1712740,,instructions:u,1148064,100.00,,
     0.348727066,86349,,branch-misses:u,1148096,100.00,,
     0.348727066,0,,cache-misses:u,1148032,100.00,,
     0.348727066,1531172,,bus-cycles:u,1147936,100.00,,
     0.348727066,1728424,,instructions:u,1147936,100.00,,
     0.349873728,86121,,branch-misses:u,1146304,100.00,,
     0.349873728,0,,cache-misses:u,1146336,100.00,,
     0.349873728,1528899,,bus-cycles:u,1146336,100.00,,
     0.349873728,1721756,,instructions:u,1146304,100.00,,
     0.351020358,85720,,branch-misses:u,1146272,100.00,,
     0.351020358,0,,cache-misses:u,1146304,100.00,,
     0.351020358,1528844,,bus-cycles:u,1146304,100.00,,
     0.351020358,1714010,,instructions:u,1146368,100.00,,
     0.352167628,85653,,branch-misses:u,1147456,100.00,,
     0.352167628,0,,cache-misses:u,1147488,100.00,,
     0.352167628,1523628,,bus-cycles:u,1147552,100.00,,
     0.352167628,1708530,,instructions:u,1147552,100.00,,
     0.353317459,86189,,branch-misses:u,1149024,100.00,,
     0.353317459,0,,cache-misses:u,1148928,100.00,,
     0.353317459,1531475,,bus-cycles:u,1148896,100.00,,
     0.353317459,1716180,,instructions:u,1148864,100.00,,
     0.354474555,87123,,branch-misses:u,1161120,100.00,,
     0.354474555,0,,cache-misses:u,1162880,100.00,,
     0.354474555,1549200,,bus-cycles:u,1164064,100.00,,
     0.354474555,1746210,,instructions:u,1165568,100.00,,
     0.355679122,90358,,branch-misses:u,1205088,100.00,,
     0.355679122,0,,cache-misses:u,1205152,100.00,,
     0.355679122,1598074,,bus-cycles:u,1205024,100.00,,
     0.355679122,1808470,,instructions:u,1204480,100.00,,
     0.356887529,90656,,branch-misses:u,1203840,100.00,,
     0.356887529,0,,cache-misses:u,1202592,100.00,,
     0.356887529,1602713,,bus-cycles:u,1201856,100.00,,
     0.356887529,1809680,,instructions:u,1201280,100.00,,
     0.358045714,86989,,branch-misses:u,1157568,100.00,,
     0.358045714,0,,cache-misses:u,1157120,100.00,,
     0.358045714,1542824,,bus-cycles:u,1156864,100.00,,
     0.358045714,1738850,,instructions:u,1156480,100.00,,
     0.359197017,86690,,branch-misses:u,1150304,100.00,,
     0.359197017,0,,cache-misses:u,1150080,100.00,,
     0.359197017,1533907,,bus-cycles:u,1149984,100.00,,
     0.359197017,1742320,,instructions:u,1150080,100.00,,
     0.360346304,86325,,branch-misses:u,1149504,100.00,,
     0.360346304,0,,cache-misses:u,1149600,100.00,,
     0.360346304,1526334,,bus-cycles:u,1149536,100.00,,
     0.360346304,1732080,,instructions:u,1149536,100.00,,
     0.361530256,88892,,branch-misses:u,1183168,100.00,,
     0.361530256,0,,cache-misses:u,1183424,100.00,,
     0.361530256,1578932,,bus-cycles:u,1183616,100.00,,
     0.361530256,1780670,,instructions:u,1183616,100.00,,
     0.362678711,86374,,branch-misses:u,1147936,100.00,,
     0.362678711,0,,cache-misses:u,1147616,100.00,,
     0.362678711,1530418,,bus-cycles:u,1147456,100.00,,
     0.362678711,1730070,,instructions:u,1147392,100.00,,
     0.363825853,86128,,branch-misses:u,1147136,100.00,,
     0.363825853,0,,cache-misses:u,1147200,100.00,,
     0.363825853,1523760,,bus-cycles:u,1147328,100.00,,
     0.363825853,1717244,,instructions:u,1147392,100.00,,
     0.364974819,86284,,branch-misses:u,1148384,100.00,,
     0.364974819,0,,cache-misses:u,1148416,100.00,,
     0.364974819,1531129,,bus-cycles:u,1148320,100.00,,
     0.364974819,1727866,,instructions:u,1148192,100.00,,
     0.366121001,86413,,branch-misses:u,1145728,100.00,,
     0.366121001,0,,cache-misses:u,1145664,100.00,,
     0.366121001,1528059,,bus-cycles:u,1145664,100.00,,
     0.366121001,1733920,,instructions:u,1145696,100.00,,
     0.367266447,86115,,branch-misses:u,1144960,100.00,,
     0.367266447,0,,cache-misses:u,1144928,100.00,,
     0.367266447,1526677,,bus-cycles:u,1144928,100.00,,
     0.367266447,1719410,,instructions:u,1144896,100.00,,
     0.368496940,92316,,branch-misses:u,1231456,100.00,,
     0.368496940,0,,cache-misses:u,1231872,100.00,,
     0.368496940,1632873,,bus-cycles:u,1231968,100.00,,
     0.368496940,1845970,,instructions:u,1232096,100.00,,
     0.369647155,86346,,branch-misses:u,1148832,100.00,,
     0.369647155,0,,cache-misses:u,1148448,100.00,,
     0.369647155,1531002,,bus-cycles:u,1148384,100.00,,
     0.369647155,1722830,,instructions:u,1148352,100.00,,
     0.370793849,85816,,branch-misses:u,1146304,100.00,,
     0.370793849,0,,cache-misses:u,1146336,100.00,,
     0.370793849,1528722,,bus-cycles:u,1146368,100.00,,
     0.370793849,1716150,,instructions:u,1146304,100.00,,
     0.371940159,85408,,branch-misses:u,1146464,100.00,,
     0.371940159,0,,cache-misses:u,1146432,100.00,,
     0.371940159,1518906,,bus-cycles:u,1146400,100.00,,
     0.371940159,1707170,,instructions:u,1146432,100.00,,
     0.373089349,86426,,branch-misses:u,1148416,100.00,,
     0.373089349,0,,cache-misses:u,1148352,100.00,,
     0.373089349,1530523,,bus-cycles:u,1148384,100.00,,
     0.373089349,1721500,,instructions:u,1148320,100.00,,
     0.374235019,85521,,branch-misses:u,1145344,100.00,,
     0.374235019,0,,cache-misses:u,1145344,100.00,,
     0.374235019,1526626,,bus-cycles:u,1145312,100.00,,
     0.374235019,1715574,,instructions:u,1145344,100.00,,
     0.375381233,84400,,branch-misses:u,1146144,100.00,,
     0.375381233,0,,cache-misses:u,1146176,100.00,,
     0.375381233,1520260,,bus-cycles:u,1146112,100.00,,
     0.375381233,1681776,,instructions:u,1146144,100.00,,
     0.376529943,85670,,branch-misses:u,1148032,100.00,,
     0.376529943,0,,cache-misses:u,1148064,100.00,,
     0.376529943,1529797,,bus-cycles:u,1148128,100.00,,
     0.376529943,1714880,,instructions:u,1148128,100.00,,
     0.377675292,85354,,branch-misses:u,1145120,100.00,,
     0.377675292,0,,cache-misses:u,1145056,100.00,,
     0.377675292,1526490,,bus-cycles:u,1145024,100.00,,
     0.377675292,1702290,,instructions:u,1145056,100.00,,
     0.378820290,85676,,branch-misses:u,1144256,100.00,,
     0.378820290,0,,cache-misses:u,1144320,100.00,,
     0.378820290,1525506,,bus-cycles:u,1144320,100.00,,
     0.378820290,1707876,,instructions:u,1144288,100.00,,
     0.379966215,86238,,branch-misses:u,1146336,100.00,,
     0.379966215,0,,cache-misses:u,1146304,100.00,,
     0.379966215,1522014,,bus-cycles:u,1146336,100.00,,
     0.379966215,1724224,,instructions:u,1146336,100.00,,
     0.381112397,86114,,branch-misses:u,1145088,100.00,,
     0.381112397,0,,cache-misses:u,1144928,100.00,,
     0.381112397,1526458,,bus-cycles:u,1144928,100.00,,
     0.381112397,1716600,,instructions:u,1144896,100.00,,
     0.382273239,86815,,branch-misses:u,1161184,100.00,,
     0.382273239,0,,cache-misses:u,1161472,100.00,,
     0.382273239,1547916,,bus-cycles:u,1161408,100.00,,
     0.382273239,1734490,,instructions:u,1161408,100.00,,
     0.383418877,85791,,branch-misses:u,1145696,100.00,,
     0.383418877,0,,cache-misses:u,1145920,100.00,,
     0.383418877,1519914,,bus-cycles:u,1145920,100.00,,
     0.383418877,1718770,,instructions:u,1145984,100.00,,
     0.384571140,86077,,branch-misses:u,1151392,100.00,,
     0.384571140,0,,cache-misses:u,1151008,100.00,,
     0.384571140,1534391,,bus-cycles:u,1151008,100.00,,
     0.384571140,1722620,,instructions:u,1150912,100.00,,
     0.385718986,86379,,branch-misses:u,1147328,100.00,,
     0.385718986,0,,cache-misses:u,1147360,100.00,,
     0.385718986,1530126,,bus-cycles:u,1147424,100.00,,
     0.385718986,1724680,,instructions:u,1147520,100.00,,
     0.386864624,85875,,branch-misses:u,1145376,100.00,,
     0.386864624,0,,cache-misses:u,1145248,100.00,,
     0.386864624,1527103,,bus-cycles:u,1145280,100.00,,
     0.386864624,1715600,,instructions:u,1145216,100.00,,
     0.388011190,85573,,branch-misses:u,1146880,100.00,,
     0.388011190,0,,cache-misses:u,1147456,100.00,,
     0.388011190,1523728,,bus-cycles:u,1147456,100.00,,
     0.388011190,1707510,,instructions:u,1147552,100.00,,
     0.389163581,86595,,branch-misses:u,1151584,100.00,,
     0.389163581,0,,cache-misses:u,1151104,100.00,,
     0.389163581,1534452,,bus-cycles:u,1151040,100.00,,
     0.389163581,1731110,,instructions:u,1150912,100.00,,
     0.390310883,85934,,branch-misses:u,1146848,100.00,,
     0.390310883,0,,cache-misses:u,1146880,100.00,,
     0.390310883,1529120,,bus-cycles:u,1146912,100.00,,
     0.390310883,1717220,,instructions:u,1146976,100.00,,
     0.391459562,85882,,branch-misses:u,1148768,100.00,,
     0.391459562,0,,cache-misses:u,1148800,100.00,,
     0.391459562,1527153,,bus-cycles:u,1148800,100.00,,
     0.391459562,1712104,,instructions:u,1148800,100.00,,
     0.392608976,85315,,branch-misses:u,1148768,100.00,,
     0.392608976,0,,cache-misses:u,1148768,100.00,,
     0.392608976,1531387,,bus-cycles:u,1148768,100.00,,
     0.392608976,1704406,,instructions:u,1148672,100.00,,
     0.393756406,86215,,branch-misses:u,1147072,100.00,,
     0.393756406,0,,cache-misses:u,1147040,100.00,,
     0.393756406,1529626,,bus-cycles:u,1147008,100.00,,
     0.393756406,1728690,,instructions:u,1147040,100.00,,
     0.394903132,85877,,branch-misses:u,1146432,100.00,,
     0.394903132,0,,cache-misses:u,1146432,100.00,,
     0.394903132,1528911,,bus-cycles:u,1146496,100.00,,
     0.394903132,1712640,,instructions:u,1146432,100.00,,
     0.396051618,85938,,branch-misses:u,1148192,100.00,,
     0.396051618,0,,cache-misses:u,1148192,100.00,,
     0.396051618,1526735,,bus-cycles:u,1148160,100.00,,
     0.396051618,1719890,,instructions:u,1148256,100.00,,
     0.397199945,86031,,branch-misses:u,1147840,100.00,,
     0.397199945,0,,cache-misses:u,1147904,100.00,,
     0.397199945,1531609,,bus-cycles:u,1147872,100.00,,
     0.397199945,1721060,,instructions:u,1147808,100.00,,
     0.398346863,86257,,branch-misses:u,1146656,100.00,,
     0.398346863,0,,cache-misses:u,1146560,100.00,,
     0.398346863,1529411,,bus-cycles:u,1146560,100.00,,
     0.398346863,1725000,,instructions:u,1146656,100.00,,
     0.399494933,85881,,branch-misses:u,1147872,100.00,,
     0.399494933,0,,cache-misses:u,1147936,100.00,,
     0.399494933,1526352,,bus-cycles:u,1147936,100.00,,
     0.399494933,1719484,,instructions:u,1147904,100.00,,
     0.400643003,86220,,branch-misses:u,1147648,100.00,,
     0.400643003,0,,cache-misses:u,1147616,100.00,,
     0.400643003,1530802,,bus-cycles:u,1147712,100.00,,
     0.400643003,1724196,,instructions:u,1147680,100.00,,
     0.401789953,85814,,branch-misses:u,1146560,100.00,,
     0.401789953,0,,cache-misses:u,1146560,100.00,,
     0.401789953,1529545,,bus-cycles:u,1146432,100.00,,
     0.401789953,1720140,,instructions:u,1146496,100.00,,
     0.402936679,86025,,branch-misses:u,1146496,100.00,,
     0.402936679,0,,cache-misses:u,1146432,100.00,,
     0.402936679,1529016,,bus-cycles:u,1146496,100.00,,
     0.402936679,1726280,,instructions:u,1146496,100.00,,
     0.404099473,86448,,branch-misses:u,1162848,100.00,,
     0.404099473,0,,cache-misses:u,1163232,100.00,,
     0.404099473,1547705,,bus-cycles:u,1163296,100.00,,
     0.404099473,1726170,,instructions:u,1163232,100.00,,
     0.405249272,86068,,branch-misses:u,1149216,100.00,,
     0.405249272,0,,cache-misses:u,1148864,100.00,,
     0.405249272,1532540,,bus-cycles:u,1148832,100.00,,
     0.405249272,1719460,,instructions:u,1148832,100.00,,
     0.406395998,86387,,branch-misses:u,1146208,100.00,,
     0.406395998,0,,cache-misses:u,1146240,100.00,,
     0.406395998,1528869,,bus-cycles:u,1146144,100.00,,
     0.406395998,1721990,,instructions:u,1146112,100.00,,
     0.407542756,85793,,branch-misses:u,1146816,100.00,,
     0.407542756,0,,cache-misses:u,1146784,100.00,,
     0.407542756,1523476,,bus-cycles:u,1146784,100.00,,
     0.407542756,1718950,,instructions:u,1146816,100.00,,
     0.408690826,86116,,branch-misses:u,1147392,100.00,,
     0.408690826,0,,cache-misses:u,1147456,100.00,,
     0.408690826,1531416,,bus-cycles:u,1147520,100.00,,
     0.408690826,1718930,,instructions:u,1147456,100.00,,
     0.409836752,85243,,branch-misses:u,1145504,100.00,,
     0.409836752,0,,cache-misses:u,1145472,100.00,,
     0.409836752,1527952,,bus-cycles:u,1145472,100.00,,
     0.409836752,1704122,,instructions:u,1145568,100.00,,
     0.410983350,85766,,branch-misses:u,1146176,100.00,,
     0.410983350,0,,cache-misses:u,1146144,100.00,,
     0.410983350,1528710,,bus-cycles:u,1146176,100.00,,
     0.410983350,1714938,,instructions:u,1146112,100.00,,
     0.412131196,85533,,branch-misses:u,1147744,100.00,,
     0.412131196,0,,cache-misses:u,1147808,100.00,,
     0.412131196,1527242,,bus-cycles:u,1147744,100.00,,
     0.412131196,1715830,,instructions:u,1147808,100.00,,
     0.413278850,85964,,branch-misses:u,1147328,100.00,,
     0.413278850,0,,cache-misses:u,1147328,100.00,,
     0.413278850,1531012,,bus-cycles:u,1147392,100.00,,
     0.413278850,1716280,,instructions:u,1147360,100.00,,
     0.414425224,85832,,branch-misses:u,1145888,100.00,,
     0.414425224,0,,cache-misses:u,1145888,100.00,,
     0.414425224,1528400,,bus-cycles:u,1145856,100.00,,
     0.414425224,1711280,,instructions:u,1145888,100.00,,
     0.415572814,85700,,branch-misses:u,1147424,100.00,,
     0.415572814,0,,cache-misses:u,1147392,100.00,,
     0.415572814,1525512,,bus-cycles:u,1147328,100.00,,
     0.415572814,1717670,,instructions:u,1147328,100.00,,
     0.416720948,85862,,branch-misses:u,1147712,100.00,,
     0.416720948,0,,cache-misses:u,1147712,100.00,,
     0.416720948,1530808,,bus-cycles:u,1147776,100.00,,
     0.416720948,1716051,,instructions:u,1147712,100.00,,
     0.417867546,86235,,branch-misses:u,1146240,100.00,,
     0.417867546,0,,cache-misses:u,1146240,100.00,,
     0.417867546,1528673,,bus-cycles:u,1146240,100.00,,
     0.417867546,1723119,,instructions:u,1146272,100.00,,
     0.419014048,85671,,branch-misses:u,1146208,100.00,,
     0.419014048,0,,cache-misses:u,1146176,100.00,,
     0.419014048,1527924,,bus-cycles:u,1146144,100.00,,
     0.419014048,1714490,,instructions:u,1146112,100.00,,
     0.420161062,85800,,branch-misses:u,1146784,100.00,,
     0.420161062,0,,cache-misses:u,1146784,100.00,,
     0.420161062,1523808,,bus-cycles:u,1146816,100.00,,
     0.420161062,1723680,,instructions:u,1146912,100.00,,
     0.421308684,86046,,branch-misses:u,1147424,100.00,,
     0.421308684,0,,cache-misses:u,1147712,100.00,,
     0.421308684,1530656,,bus-cycles:u,1147648,100.00,,
     0.421308684,1717970,,instructions:u,1147616,100.00,,
     0.422457970,85973,,branch-misses:u,1148832,100.00,,
     0.422457970,0,,cache-misses:u,1148576,100.00,,
     0.422457970,1531752,,bus-cycles:u,1148640,100.00,,
     0.422457970,1716510,,instructions:u,1148672,100.00,,
     0.423606073,85878,,branch-misses:u,1148064,100.00,,
     0.423606073,0,,cache-misses:u,1148096,100.00,,
     0.423606073,1525819,,bus-cycles:u,1148064,100.00,,
     0.423606073,1715320,,instructions:u,1148096,100.00,,
     0.424775077,87333,,branch-misses:u,1168608,100.00,,
     0.424775077,0,,cache-misses:u,1168800,100.00,,
     0.424775077,1558950,,bus-cycles:u,1168800,100.00,,
     0.424775077,1750210,,instructions:u,1168800,100.00,,
     0.425923979,86428,,branch-misses:u,1148288,100.00,,
     0.425923979,0,,cache-misses:u,1148128,100.00,,
     0.425923979,1531987,,bus-cycles:u,1148224,100.00,,
     0.425923979,1722050,,instructions:u,1148192,100.00,,
     0.427072402,86315,,branch-misses:u,1148128,100.00,,
     0.427072402,0,,cache-misses:u,1148096,100.00,,
     0.427072402,1531278,,bus-cycles:u,1148032,100.00,,
     0.427072402,1724440,,instructions:u,1148000,100.00,,
     0.428221016,85921,,branch-misses:u,1148384,100.00,,
     0.428221016,0,,cache-misses:u,1148352,100.00,,
     0.428221016,1527899,,bus-cycles:u,1148352,100.00,,
     0.428221016,1716220,,instructions:u,1148352,100.00,,
     0.429369278,85779,,branch-misses:u,1147840,100.00,,
     0.429369278,0,,cache-misses:u,1147808,100.00,,
     0.429369278,1531346,,bus-cycles:u,1147808,100.00,,
     0.429369278,1722976,,instructions:u,1147776,100.00,,
     0.430516805,85865,,branch-misses:u,1147264,100.00,,
     0.430516805,0,,cache-misses:u,1147296,100.00,,
     0.430516805,1530150,,bus-cycles:u,1147264,100.00,,
     0.430516805,1713694,,instructions:u,1147328,100.00,,
     0.431665323,86109,,branch-misses:u,1148576,100.00,,
     0.431665323,0,,cache-misses:u,1148512,100.00,,
     0.431665323,1525911,,bus-cycles:u,1148544,100.00,,
     0.431665323,1717890,,instructions:u,1148448,100.00,,
     0.432814001,85898,,branch-misses:u,1147904,100.00,,
     0.432814001,0,,cache-misses:u,1148000,100.00,,
     0.432814001,1531289,,bus-cycles:u,1147968,100.00,,
     0.432814001,1724260,,instructions:u,1148064,100.00,,
     0.433960791,85709,,branch-misses:u,1146464,100.00,,
     0.433960791,0,,cache-misses:u,1146368,100.00,,
     0.433960791,1528930,,bus-cycles:u,1146400,100.00,,
     0.433960791,1713820,,instructions:u,1146368,100.00,,
     0.435107837,85768,,branch-misses:u,1146720,100.00,,
     0.435107837,0,,cache-misses:u,1146816,100.00,,
     0.435107837,1529174,,bus-cycles:u,1146784,100.00,,
     0.435107837,1720630,,instructions:u,1146816,100.00,,
     0.436255875,85867,,branch-misses:u,1147712,100.00,,
     0.436255875,0,,cache-misses:u,1147680,100.00,,
     0.436255875,1525991,,bus-cycles:u,1147712,100.00,,
     0.436255875,1724090,,instructions:u,1147712,100.00,,
     0.437404554,86242,,branch-misses:u,1148320,100.00,,
     0.437404554,0,,cache-misses:u,1148352,100.00,,
     0.437404554,1530617,,bus-cycles:u,1148384,100.00,,
     0.437404554,1724320,,instructions:u,1148384,100.00,,
     0.438552208,85895,,branch-misses:u,1147328,100.00,,
     0.438552208,0,,cache-misses:u,1147296,100.00,,
     0.438552208,1530377,,bus-cycles:u,1147264,100.00,,
     0.438552208,1716910,,instructions:u,1147232,100.00,,
     0.439700694,85822,,branch-misses:u,1148576,100.00,,
     0.439700694,0,,cache-misses:u,1148608,100.00,,
     0.439700694,1525826,,bus-cycles:u,1148608,100.00,,
     0.439700694,1709530,,instructions:u,1148640,100.00,,
     0.440849917,86324,,branch-misses:u,1148512,100.00,,
     0.440849917,0,,cache-misses:u,1148512,100.00,,
     0.440849917,1532019,,bus-cycles:u,1148448,100.00,,
     0.440849917,1727050,,instructions:u,1148480,100.00,,
     0.441997635,85421,,branch-misses:u,1147360,100.00,,
     0.441997635,0,,cache-misses:u,1147328,100.00,,
     0.441997635,1529606,,bus-cycles:u,1147424,100.00,,
     0.441997635,1716020,,instructions:u,1147296,100.00,,
     0.443144265,86143,,branch-misses:u,1146272,100.00,,
     0.443144265,0,,cache-misses:u,1146304,100.00,,
     0.443144265,1528190,,bus-cycles:u,1146272,100.00,,
     0.443144265,1722880,,instructions:u,1146368,100.00,,
     0.444292335,86225,,branch-misses:u,1147968,100.00,,
     0.444292335,0,,cache-misses:u,1147936,100.00,,
     0.444292335,1524701,,bus-cycles:u,1147936,100.00,,
     0.444292335,1721728,,instructions:u,1147904,100.00,,
     0.445452281,87288,,branch-misses:u,1159584,100.00,,
     0.445452281,0,,cache-misses:u,1159680,100.00,,
     0.445452281,1545971,,bus-cycles:u,1159776,100.00,,
     0.445452281,1745432,,instructions:u,1159808,100.00,,
     0.446598943,86484,,branch-misses:u,1146112,100.00,,
     0.446598943,0,,cache-misses:u,1146016,100.00,,
     0.446598943,1526550,,bus-cycles:u,1145888,100.00,,
     0.446598943,1728600,,instructions:u,1145856,100.00,,
     0.447743748,85684,,branch-misses:u,1144704,100.00,,
     0.447743748,0,,cache-misses:u,1144736,100.00,,
     0.447743748,1520546,,bus-cycles:u,1144832,100.00,,
     0.447743748,1719390,,instructions:u,1144864,100.00,,
     0.448893611,86404,,branch-misses:u,1149344,100.00,,
     0.448893611,0,,cache-misses:u,1149280,100.00,,
     0.448893611,1531502,,bus-cycles:u,1149184,100.00,,
     0.448893611,1724880,,instructions:u,1149216,100.00,,
     0.450040465,86590,,branch-misses:u,1146368,100.00,,
     0.450040465,0,,cache-misses:u,1146432,100.00,,
     0.450040465,1528187,,bus-cycles:u,1146528,100.00,,
     0.450040465,1733061,,instructions:u,1146496,100.00,,
     0.451186806,86328,,branch-misses:u,1146016,100.00,,
     0.451186806,0,,cache-misses:u,1145952,100.00,,
     0.451186806,1527549,,bus-cycles:u,1145856,100.00,,
     0.451186806,1720399,,instructions:u,1145856,100.00,,
     0.452333884,86282,,branch-misses:u,1147712,100.00,,
     0.452333884,0,,cache-misses:u,1148000,100.00,,
     0.452333884,1526246,,bus-cycles:u,1148064,100.00,,
     0.452333884,1732800,,instructions:u,1148032,100.00,,
     0.453486884,86659,,branch-misses:u,1151936,100.00,,
     0.453486884,0,,cache-misses:u,1151744,100.00,,
     0.453486884,1535791,,bus-cycles:u,1151712,100.00,,
     0.453486884,1733280,,instructions:u,1151744,100.00,,
     0.454635114,86235,,branch-misses:u,1147840,100.00,,
     0.454635114,0,,cache-misses:u,1147744,100.00,,
     0.454635114,1529795,,bus-cycles:u,1147744,100.00,,
     0.454635114,1724080,,instructions:u,1147712,100.00,,
     0.455783313,86270,,branch-misses:u,1148384,100.00,,
     0.455783313,0,,cache-misses:u,1148416,100.00,,
     0.455783313,1524150,,bus-cycles:u,1148416,100.00,,
     0.455783313,1720440,,instructions:u,1148480,100.00,,
     0.456933271,85801,,branch-misses:u,1149184,100.00,,
     0.456933271,0,,cache-misses:u,1149216,100.00,,
     0.456933271,1531441,,bus-cycles:u,1149216,100.00,,
     0.456933271,1722010,,instructions:u,1149120,100.00,,
     0.458080349,85706,,branch-misses:u,1146656,100.00,,
     0.458080349,0,,cache-misses:u,1146624,100.00,,
     0.458080349,1528156,,bus-cycles:u,1146592,100.00,,
     0.458080349,1721310,,instructions:u,1146624,100.00,,
     0.459227715,86170,,branch-misses:u,1147040,100.00,,
     0.459227715,0,,cache-misses:u,1147040,100.00,,
     0.459227715,1529005,,bus-cycles:u,1147008,100.00,,
     0.459227715,1723740,,instructions:u,1147008,100.00,,
     0.460388173,87094,,branch-misses:u,1160128,100.00,,
     0.460388173,0,,cache-misses:u,1160160,100.00,,
     0.460388173,1542670,,bus-cycles:u,1160192,100.00,,
     0.460388173,1743200,,instructions:u,1160256,100.00,,
     0.461535539,86431,,branch-misses:u,1147040,100.00,,
     0.461535539,0,,cache-misses:u,1146976,100.00,,
     0.461535539,1529050,,bus-cycles:u,1147008,100.00,,
     0.461535539,1721130,,instructions:u,1146976,100.00,,
     0.462683673,85931,,branch-misses:u,1147808,100.00,,
     0.462683673,0,,cache-misses:u,1147840,100.00,,
     0.462683673,1530732,,bus-cycles:u,1147872,100.00,,
     0.462683673,1721460,,instructions:u,1147872,100.00,,
     0.463832375,86480,,branch-misses:u,1148960,100.00,,
     0.463832375,0,,cache-misses:u,1148928,100.00,,
     0.463832375,1527179,,bus-cycles:u,1148928,100.00,,
     0.463832375,1724784,,instructions:u,1148896,100.00,,
     0.464981865,86601,,branch-misses:u,1148768,100.00,,
     0.464981865,0,,cache-misses:u,1148800,100.00,,
     0.464981865,1532210,,bus-cycles:u,1148736,100.00,,
     0.464981865,1727696,,instructions:u,1148736,100.00,,
     0.466129627,86543,,branch-misses:u,1147296,100.00,,
     0.466129627,0,,cache-misses:u,1147264,100.00,,
     0.466129627,1529960,,bus-cycles:u,1147264,100.00,,
     0.466129627,1728800,,instructions:u,1147232,100.00,,
     0.467287408,87034,,branch-misses:u,1157728,100.00,,
     0.467287408,0,,cache-misses:u,1157856,100.00,,
     0.467287408,1542994,,bus-cycles:u,1157824,100.00,,
     0.467287408,1738690,,instructions:u,1157888,100.00,,
     0.468444261,86900,,branch-misses:u,1156800,100.00,,
     0.468444261,0,,cache-misses:u,1156736,100.00,,
     0.468444261,1536963,,bus-cycles:u,1156768,100.00,,
     0.468444261,1737480,,instructions:u,1156736,100.00,,
     0.469592535,86541,,branch-misses:u,1147456,100.00,,
     0.469592535,0,,cache-misses:u,1147456,100.00,,
     0.469592535,1529877,,bus-cycles:u,1147456,100.00,,
     0.469592535,1734600,,instructions:u,1147360,100.00,,
     0.470738825,86060,,branch-misses:u,1145984,100.00,,
     0.470738825,0,,cache-misses:u,1145984,100.00,,
     0.470738825,1528003,,bus-cycles:u,1145984,100.00,,
     0.470738825,1724110,,instructions:u,1146016,100.00,,
     0.471887131,86373,,branch-misses:u,1148448,100.00,,
     0.471887131,0,,cache-misses:u,1148416,100.00,,
     0.471887131,1527034,,bus-cycles:u,1148416,100.00,,
     0.471887131,1723500,,instructions:u,1148480,100.00,,
     0.473035981,86131,,branch-misses:u,1148064,100.00,,
     0.473035981,0,,cache-misses:u,1148096,100.00,,
     0.473035981,1530985,,bus-cycles:u,1148096,100.00,,
     0.473035981,1729810,,instructions:u,1148064,100.00,,
     0.474183263,86788,,branch-misses:u,1146976,100.00,,
     0.474183263,0,,cache-misses:u,1146976,100.00,,
     0.474183263,1530322,,bus-cycles:u,1147040,100.00,,
     0.474183263,1730100,,instructions:u,1147040,100.00,,
     0.475331218,86494,,branch-misses:u,1147872,100.00,,
     0.475331218,0,,cache-misses:u,1147872,100.00,,
     0.475331218,1527074,,bus-cycles:u,1147904,100.00,,
     0.475331218,1731330,,instructions:u,1147968,100.00,,
     0.476479652,86647,,branch-misses:u,1147936,100.00,,
     0.476479652,0,,cache-misses:u,1147904,100.00,,
     0.476479652,1531574,,bus-cycles:u,1147808,100.00,,
     0.476479652,1724280,,instructions:u,1147808,100.00,,
     0.477626774,86716,,branch-misses:u,1146848,100.00,,
     0.477626774,0,,cache-misses:u,1146848,100.00,,
     0.477626774,1529800,,bus-cycles:u,1146880,100.00,,
     0.477626774,1732780,,instructions:u,1146816,100.00,,
     0.478774376,86426,,branch-misses:u,1147328,100.00,,
     0.478774376,0,,cache-misses:u,1147296,100.00,,
     0.478774376,1530275,,bus-cycles:u,1147328,100.00,,
     0.478774376,1732860,,instructions:u,1147328,100.00,,
     0.479921978,86165,,branch-misses:u,1147744,100.00,,
     0.479921978,0,,cache-misses:u,1147808,100.00,,
     0.479921978,1523690,,bus-cycles:u,1147776,100.00,,
     0.479921978,1720120,,instructions:u,1147840,100.00,,
     0.481071084,86820,,branch-misses:u,1148288,100.00,,
     0.481071084,0,,cache-misses:u,1148256,100.00,,
     0.481071084,1530955,,bus-cycles:u,1148256,100.00,,
     0.481071084,1730680,,instructions:u,1148256,100.00,,
     0.482218943,86743,,branch-misses:u,1147616,100.00,,
     0.482218943,0,,cache-misses:u,1147616,100.00,,
     0.482218943,1530008,,bus-cycles:u,1147648,100.00,,
     0.482218943,1731920,,instructions:u,1147584,100.00,,
     0.483366961,86513,,branch-misses:u,1147776,100.00,,
     0.483366961,0,,cache-misses:u,1147808,100.00,,
     0.483366961,1525049,,bus-cycles:u,1147776,100.00,,
     0.483366961,1723214,,instructions:u,1147840,100.00,,
     0.484515651,86176,,branch-misses:u,1148384,100.00,,
     0.484515651,0,,cache-misses:u,1148352,100.00,,
     0.484515651,1531158,,bus-cycles:u,1148352,100.00,,
     0.484515651,1728926,,instructions:u,1148288,100.00,,
     0.485663029,86712,,branch-misses:u,1147008,100.00,,
     0.485663029,0,,cache-misses:u,1146976,100.00,,
     0.485663029,1529062,,bus-cycles:u,1146912,100.00,,
     0.485663029,1730200,,instructions:u,1146944,100.00,,
     0.486809991,86365,,branch-misses:u,1146592,100.00,,
     0.486809991,0,,cache-misses:u,1146592,100.00,,
     0.486809991,1528747,,bus-cycles:u,1146688,100.00,,
     0.486809991,1725990,,instructions:u,1146688,100.00,,
     0.487970141,87051,,branch-misses:u,1160192,100.00,,
     0.487970141,0,,cache-misses:u,1160288,100.00,,
     0.487970141,1542197,,bus-cycles:u,1160256,100.00,,
     0.487970141,1734850,,instructions:u,1160288,100.00,,
     0.489119631,86428,,branch-misses:u,1148896,100.00,,
     0.489119631,0,,cache-misses:u,1148928,100.00,,
     0.489119631,1532257,,bus-cycles:u,1148960,100.00,,
     0.489119631,1733860,,instructions:u,1148896,100.00,,
     0.490267489,86501,,branch-misses:u,1147488,100.00,,
     0.490267489,0,,cache-misses:u,1147456,100.00,,
     0.490267489,1530982,,bus-cycles:u,1147456,100.00,,
     0.490267489,1727060,,instructions:u,1147424,100.00,,
     0.491416244,85940,,branch-misses:u,1148864,100.00,,
     0.491416244,0,,cache-misses:u,1148800,100.00,,
     0.491416244,1524859,,bus-cycles:u,1148736,100.00,,
     0.491416244,1720940,,instructions:u,1148800,100.00,,
     0.492565062,86510,,branch-misses:u,1148096,100.00,,
     0.492565062,0,,cache-misses:u,1148064,100.00,,
     0.492565062,1531248,,bus-cycles:u,1148064,100.00,,
     0.492565062,1728430,,instructions:u,1148032,100.00,,
     0.493712344,86805,,branch-misses:u,1147008,100.00,,
     0.493712344,0,,cache-misses:u,1147040,100.00,,
     0.493712344,1530178,,bus-cycles:u,1147104,100.00,,
     0.493712344,1727324,,instructions:u,1147008,100.00,,
     0.494859946,86003,,branch-misses:u,1147328,100.00,,
     0.494859946,0,,cache-misses:u,1147360,100.00,,
     0.494859946,1531273,,bus-cycles:u,1147296,100.00,,
     0.494859946,1715196,,instructions:u,1147424,100.00,,
     0.496008541,85767,,branch-misses:u,1148384,100.00,,
     0.496008541,0,,cache-misses:u,1148352,100.00,,
     0.496008541,1527031,,bus-cycles:u,1148416,100.00,,
     0.496008541,1715380,,instructions:u,1148416,100.00,,
     0.497157679,86233,,branch-misses:u,1148832,100.00,,
     0.497157679,0,,cache-misses:u,1148832,100.00,,
     0.497157679,1532271,,bus-cycles:u,1148768,100.00,,
     0.497157679,1726380,,instructions:u,1148736,100.00,,
     0.498305281,86553,,branch-misses:u,1147136,100.00,,
     0.498305281,0,,cache-misses:u,1147136,100.00,,
     0.498305281,1530029,,bus-cycles:u,1147168,100.00,,
     0.498305281,1738690,,instructions:u,1147168,100.00,,
     0.499454420,86288,,branch-misses:u,1149280,100.00,,
     0.499454420,0,,cache-misses:u,1149216,100.00,,
     0.499454420,1527938,,bus-cycles:u,1149216,100.00,,
     0.499454420,1724120,,instructions:u,1149280,100.00,,
     0.500603494,86480,,branch-misses:u,1148544,100.00,,
     0.500603494,0,,cache-misses:u,1148608,100.00,,
     0.500603494,1532479,,bus-cycles:u,1148576,100.00,,
     0.500603494,1727030,,instructions:u,1148480,100.00,,
     0.501751032,85832,,branch-misses:u,1147168,100.00,,
     0.501751032,0,,cache-misses:u,1147104,100.00,,
     0.501751032,1531089,,bus-cycles:u,1147136,100.00,,
     0.501751032,1718650,,instructions:u,1147168,100.00,,
     0.502897866,86250,,branch-misses:u,1146400,100.00,,
     0.502897866,0,,cache-misses:u,1146464,100.00,,
     0.502897866,1529724,,bus-cycles:u,1146400,100.00,,
     0.502897866,1727580,,instructions:u,1146400,100.00,,
     0.504046268,85730,,branch-misses:u,1148416,100.00,,
     0.504046268,0,,cache-misses:u,1148384,100.00,,
     0.504046268,1525790,,bus-cycles:u,1148352,100.00,,
     0.504046268,1719510,,instructions:u,1148416,100.00,,
     0.505195247,85915,,branch-misses:u,1148352,100.00,,
     0.505195247,0,,cache-misses:u,1148352,100.00,,
     0.505195247,1531951,,bus-cycles:u,1148416,100.00,,
     0.505195247,1718100,,instructions:u,1148448,100.00,,
     0.506342977,85513,,branch-misses:u,1147488,100.00,,
     0.506342977,0,,cache-misses:u,1147520,100.00,,
     0.506342977,1530994,,bus-cycles:u,1147424,100.00,,
     0.506342977,1713140,,instructions:u,1147360,100.00,,
     0.507490739,85859,,branch-misses:u,1147488,100.00,,
     0.507490739,0,,cache-misses:u,1147488,100.00,,
     0.507490739,1524592,,bus-cycles:u,1147552,100.00,,
     0.507490739,1718440,,instructions:u,1147552,100.00,,
     0.508649352,87008,,branch-misses:u,1158464,100.00,,
     0.508649352,0,,cache-misses:u,1158528,100.00,,
     0.508649352,1545443,,bus-cycles:u,1158560,100.00,,
     0.508649352,1733180,,instructions:u,1158560,100.00,,
     0.509798362,86308,,branch-misses:u,1148512,100.00,,
     0.509798362,0,,cache-misses:u,1148416,100.00,,
     0.509798362,1531926,,bus-cycles:u,1148448,100.00,,
     0.509798362,1730680,,instructions:u,1148448,100.00,,
     0.510945869,86383,,branch-misses:u,1147232,100.00,,
     0.510945869,0,,cache-misses:u,1147264,100.00,,
     0.510945869,1529950,,bus-cycles:u,1147264,100.00,,
     0.510945869,1729700,,instructions:u,1147200,100.00,,
     0.512094431,85870,,branch-misses:u,1148384,100.00,,
     0.512094431,0,,cache-misses:u,1148448,100.00,,
     0.512094431,1525903,,bus-cycles:u,1148384,100.00,,
     0.512094431,1715280,,instructions:u,1148416,100.00,,
     0.513243089,86150,,branch-misses:u,1148192,100.00,,
     0.513243089,0,,cache-misses:u,1148096,100.00,,
     0.513243089,1531776,,bus-cycles:u,1148128,100.00,,
     0.513243089,1730940,,instructions:u,1148160,100.00,,
     0.514390851,86245,,branch-misses:u,1147392,100.00,,
     0.514390851,0,,cache-misses:u,1147424,100.00,,
     0.514390851,1530520,,bus-cycles:u,1147424,100.00,,
     0.514390851,1728630,,instructions:u,1147360,100.00,,
     0.515538485,85839,,branch-misses:u,1147808,100.00,,
     0.515538485,0,,cache-misses:u,1147840,100.00,,
     0.515538485,1525461,,bus-cycles:u,1147840,100.00,,
     0.515538485,1715600,,instructions:u,1147936,100.00,,
     0.516687976,86137,,branch-misses:u,1148768,100.00,,
     0.516687976,0,,cache-misses:u,1148704,100.00,,
     0.516687976,1532198,,bus-cycles:u,1148672,100.00,,
     0.516687976,1720990,,instructions:u,1148640,100.00,,
     0.517835354,86013,,branch-misses:u,1146944,100.00,,
     0.517835354,0,,cache-misses:u,1146976,100.00,,
     0.517835354,1530148,,bus-cycles:u,1147040,100.00,,
     0.517835354,1709160,,instructions:u,1147040,100.00,,
     0.518982956,86118,,branch-misses:u,1147328,100.00,,
     0.518982956,0,,cache-misses:u,1147360,100.00,,
     0.518982956,1530437,,bus-cycles:u,1147328,100.00,,
     0.518982956,1726790,,instructions:u,1147360,100.00,,
     0.520131903,85927,,branch-misses:u,1149152,100.00,,
     0.520131903,0,,cache-misses:u,1149088,100.00,,
     0.520131903,1527397,,bus-cycles:u,1149088,100.00,,
     0.520131903,1718390,,instructions:u,1148992,100.00,,
     0.521280305,86080,,branch-misses:u,1147616,100.00,,
     0.521280305,0,,cache-misses:u,1147648,100.00,,
     0.521280305,1531302,,bus-cycles:u,1147648,100.00,,
     0.521280305,1714250,,instructions:u,1147680,100.00,,
     0.522427715,85448,,branch-misses:u,1147200,100.00,,
     0.522427715,0,,cache-misses:u,1147168,100.00,,
     0.522427715,1531090,,bus-cycles:u,1147168,100.00,,
     0.522427715,1714790,,instructions:u,1147168,100.00,,
     0.523576885,85807,,branch-misses:u,1149280,100.00,,
     0.523576885,0,,cache-misses:u,1149280,100.00,,
     0.523576885,1527901,,bus-cycles:u,1149248,100.00,,
     0.523576885,1710160,,instructions:u,1149312,100.00,,
     0.524725576,85958,,branch-misses:u,1147872,100.00,,
     0.524725576,0,,cache-misses:u,1147936,100.00,,
     0.524725576,1531487,,bus-cycles:u,1147968,100.00,,
     0.524725576,1717890,,instructions:u,1147936,100.00,,
     0.525873082,86387,,branch-misses:u,1147200,100.00,,
     0.525873082,0,,cache-misses:u,1147168,100.00,,
     0.525873082,1530420,,bus-cycles:u,1147136,100.00,,
     0.525873082,1729220,,instructions:u,1147168,100.00,,
     0.527020364,86609,,branch-misses:u,1147040,100.00,,
     0.527020364,0,,cache-misses:u,1146976,100.00,,
     0.527020364,1530093,,bus-cycles:u,1147040,100.00,,
     0.527020364,1734358,,instructions:u,1146944,100.00,,
     0.528168350,86112,,branch-misses:u,1147776,100.00,,
     0.528168350,0,,cache-misses:u,1147840,100.00,,
     0.528168350,1525511,,bus-cycles:u,1147808,100.00,,
     0.528168350,1719772,,instructions:u,1147808,100.00,,
     0.529316944,86105,,branch-misses:u,1148192,100.00,,
     0.529316944,0,,cache-misses:u,1148224,100.00,,
     0.529316944,1532769,,bus-cycles:u,1148224,100.00,,
     0.529316944,1729500,,instructions:u,1148256,100.00,,
     0.530473637,86651,,branch-misses:u,1156480,100.00,,
     0.530473637,0,,cache-misses:u,1156800,100.00,,
     0.530473637,1544139,,bus-cycles:u,1156864,100.00,,
     0.530473637,1728010,,instructions:u,1156928,100.00,,
     0.531624888,86211,,branch-misses:u,1151008,100.00,,
     0.531624888,0,,cache-misses:u,1150560,100.00,,
     0.531624888,1528214,,bus-cycles:u,1150528,100.00,,
     0.531624888,1721930,,instructions:u,1150464,100.00,,
     0.532773482,84814,,branch-misses:u,1148224,100.00,,
     0.532773482,0,,cache-misses:u,1148320,100.00,,
     0.532773482,1532606,,bus-cycles:u,1148320,100.00,,
     0.532773482,1697400,,instructions:u,1148320,100.00,,
     0.533920604,85919,,branch-misses:u,1146656,100.00,,
     0.533920604,0,,cache-misses:u,1146624,100.00,,
     0.533920604,1530124,,bus-cycles:u,1146592,100.00,,
     0.533920604,1720430,,instructions:u,1146592,100.00,,
     0.535067502,85887,,branch-misses:u,1146688,100.00,,
     0.535067502,0,,cache-misses:u,1146688,100.00,,
     0.535067502,1529818,,bus-cycles:u,1146720,100.00,,
     0.535067502,1719640,,instructions:u,1146784,100.00,,
     0.536216545,85866,,branch-misses:u,1149056,100.00,,
     0.536216545,0,,cache-misses:u,1149088,100.00,,
     0.536216545,1528222,,bus-cycles:u,1149056,100.00,,
     0.536216545,1717640,,instructions:u,1149024,100.00,,
     0.537365107,86058,,branch-misses:u,1147968,100.00,,
     0.537365107,0,,cache-misses:u,1147968,100.00,,
     0.537365107,1530915,,bus-cycles:u,1147936,100.00,,
     0.537365107,1719470,,instructions:u,1147904,100.00,,
     0.538512645,85212,,branch-misses:u,1147136,100.00,,
     0.538512645,0,,cache-misses:u,1147136,100.00,,
     0.538512645,1530518,,bus-cycles:u,1147168,100.00,,
     0.538512645,1702060,,instructions:u,1147168,100.00,,
     0.539660535,86310,,branch-misses:u,1147680,100.00,,
     0.539660535,0,,cache-misses:u,1147744,100.00,,
     0.539660535,1525921,,bus-cycles:u,1147776,100.00,,
     0.539660535,1727400,,instructions:u,1147808,100.00,,
     0.540809418,86757,,branch-misses:u,1148480,100.00,,
     0.540809418,0,,cache-misses:u,1148352,100.00,,
     0.540809418,1531364,,bus-cycles:u,1148384,100.00,,
     0.540809418,1735600,,instructions:u,1148352,100.00,,
     0.541956123,86362,,branch-misses:u,1146464,100.00,,
     0.541956123,0,,cache-misses:u,1146560,100.00,,
     0.541956123,1529422,,bus-cycles:u,1146528,100.00,,
     0.541956123,1726850,,instructions:u,1146560,100.00,,
     0.543103053,86402,,branch-misses:u,1146592,100.00,,
     0.543103053,0,,cache-misses:u,1146528,100.00,,
     0.543103053,1529257,,bus-cycles:u,1146496,100.00,,
     0.543103053,1727220,,instructions:u,1146496,100.00,,
     0.544250976,85806,,branch-misses:u,1147712,100.00,,
     0.544250976,0,,cache-misses:u,1147776,100.00,,
     0.544250976,1525725,,bus-cycles:u,1147808,100.00,,
     0.544250976,1714256,,instructions:u,1147808,100.00,,
     0.545400082,86389,,branch-misses:u,1148672,100.00,,
     0.545400082,0,,cache-misses:u,1148608,100.00,,
     0.545400082,1532084,,bus-cycles:u,1148608,100.00,,
     0.545400082,1734370,,instructions:u,1148608,100.00,,
     0.546547140,86498,,branch-misses:u,1146720,100.00,,
     0.546547140,0,,cache-misses:u,1146784,100.00,,
     0.546547140,1529876,,bus-cycles:u,1146816,100.00,,
     0.546547140,1726584,,instructions:u,1146784,100.00,,
     0.547695766,86182,,branch-misses:u,1148512,100.00,,
     0.547695766,0,,cache-misses:u,1148480,100.00,,
     0.547695766,1527463,,bus-cycles:u,1148448,100.00,,
     0.547695766,1713230,,instructions:u,1148512,100.00,,
     0.548844105,86357,,branch-misses:u,1147872,100.00,,
     0.548844105,0,,cache-misses:u,1147872,100.00,,
     0.548844105,1530944,,bus-cycles:u,1147872,100.00,,
     0.548844105,1726930,,instructions:u,1147840,100.00,,
     0.549991483,86480,,branch-misses:u,1147104,100.00,,
     0.549991483,0,,cache-misses:u,1147104,100.00,,
     0.549991483,1529992,,bus-cycles:u,1147136,100.00,,
     0.549991483,1721340,,instructions:u,1147072,100.00,,
     0.551149744,86847,,branch-misses:u,1158176,100.00,,
     0.551149744,0,,cache-misses:u,1158304,100.00,,
     0.551149744,1544824,,bus-cycles:u,1158272,100.00,,
     0.551149744,1734680,,instructions:u,1158368,100.00,,
     0.552298882,86242,,branch-misses:u,1149024,100.00,,
     0.552298882,0,,cache-misses:u,1148960,100.00,,
     0.552298882,1526972,,bus-cycles:u,1148960,100.00,,
     0.552298882,1721029,,instructions:u,1148960,100.00,,
     0.553448533,85944,,branch-misses:u,1148992,100.00,,
     0.553448533,0,,cache-misses:u,1148960,100.00,,
     0.553448533,1532323,,bus-cycles:u,1148960,100.00,,
     0.553448533,1718041,,instructions:u,1148896,100.00,,
     0.554595399,85788,,branch-misses:u,1146464,100.00,,
     0.554595399,0,,cache-misses:u,1146496,100.00,,
     0.554595399,1528922,,bus-cycles:u,1146496,100.00,,
     0.554595399,1713620,,instructions:u,1146496,100.00,,
     0.555743449,85462,,branch-misses:u,1147840,100.00,,
     0.555743449,0,,cache-misses:u,1147744,100.00,,
     0.555743449,1526043,,bus-cycles:u,1147808,100.00,,
     0.555743449,1713380,,instructions:u,1147808,100.00,,
     0.556892011,86027,,branch-misses:u,1148224,100.00,,
     0.556892011,0,,cache-misses:u,1148256,100.00,,
     0.556892011,1531737,,bus-cycles:u,1148160,100.00,,
     0.556892011,1716570,,instructions:u,1148160,100.00,,
     0.558038621,85807,,branch-misses:u,1146176,100.00,,
     0.558038621,0,,cache-misses:u,1146112,100.00,,
     0.558038621,1528784,,bus-cycles:u,1146144,100.00,,
     0.558038621,1713810,,instructions:u,1146208,100.00,,
     0.559185775,85885,,branch-misses:u,1146944,100.00,,
     0.559185775,0,,cache-misses:u,1147008,100.00,,
     0.559185775,1529504,,bus-cycles:u,1146976,100.00,,
     0.559185775,1719356,,instructions:u,1146976,100.00,,
     0.560334625,85886,,branch-misses:u,1148896,100.00,,
     0.560334625,0,,cache-misses:u,1148896,100.00,,
     0.560334625,1525373,,bus-cycles:u,1148960,100.00,,
     0.560334625,1718310,,instructions:u,1148960,100.00,,
     0.561483508,85035,,branch-misses:u,1148352,100.00,,
     0.561483508,0,,cache-misses:u,1148352,100.00,,
     0.561483508,1531716,,bus-cycles:u,1148320,100.00,,
     0.561483508,1698264,,instructions:u,1148288,100.00,,
     0.562631014,85427,,branch-misses:u,1147104,100.00,,
     0.562631014,0,,cache-misses:u,1147072,100.00,,
     0.562631014,1530566,,bus-cycles:u,1147008,100.00,,
     0.562631014,1707380,,instructions:u,1146912,100.00,,
     0.563779736,85975,,branch-misses:u,1148416,100.00,,
     0.563779736,0,,cache-misses:u,1148480,100.00,,
     0.563779736,1526609,,bus-cycles:u,1148544,100.00,,
     0.563779736,1713130,,instructions:u,1148672,100.00,,
     0.564927850,85714,,branch-misses:u,1147776,100.00,,
     0.564927850,0,,cache-misses:u,1147744,100.00,,
     0.564927850,1530844,,bus-cycles:u,1147744,100.00,,
     0.564927850,1716222,,instructions:u,1147712,100.00,,
     0.566074812,85623,,branch-misses:u,1146688,100.00,,
     0.566074812,0,,cache-misses:u,1146656,100.00,,
     0.566074812,1529564,,bus-cycles:u,1146624,100.00,,
     0.566074812,1718680,,instructions:u,1146624,100.00,,
     0.567221742,86308,,branch-misses:u,1146496,100.00,,
     0.567221742,0,,cache-misses:u,1146528,100.00,,
     0.567221742,1529182,,bus-cycles:u,1146560,100.00,,
     0.567221742,1723018,,instructions:u,1146560,100.00,,
     0.568381187,86969,,branch-misses:u,1159552,100.00,,
     0.568381187,0,,cache-misses:u,1159584,100.00,,
     0.568381187,1542495,,bus-cycles:u,1159648,100.00,,
     0.568381187,1739560,,instructions:u,1159776,100.00,,
     0.569528629,86119,,branch-misses:u,1146816,100.00,,
     0.569528629,0,,cache-misses:u,1146784,100.00,,
     0.569528629,1529248,,bus-cycles:u,1146752,100.00,,
     0.569528629,1725918,,instructions:u,1146592,100.00,,
     0.570674855,86198,,branch-misses:u,1145952,100.00,,
     0.570674855,0,,cache-misses:u,1145952,100.00,,
     0.570674855,1528810,,bus-cycles:u,1145920,100.00,,
     0.570674855,1725362,,instructions:u,1145984,100.00,,
     0.571834396,87014,,branch-misses:u,1159744,100.00,,
     0.571834396,0,,cache-misses:u,1159808,100.00,,
     0.571834396,1541778,,bus-cycles:u,1159872,100.00,,
     0.571834396,1735030,,instructions:u,1159840,100.00,,
     0.572984463,85867,,branch-misses:u,1149312,100.00,,
     0.572984463,0,,cache-misses:u,1149216,100.00,,
     0.572984463,1532973,,bus-cycles:u,1149152,100.00,,
     0.572984463,1721431,,instructions:u,1149120,100.00,,
     0.574131713,85923,,branch-misses:u,1146880,100.00,,
     0.574131713,0,,cache-misses:u,1146880,100.00,,
     0.574131713,1530291,,bus-cycles:u,1146848,100.00,,
     0.574131713,1717049,,instructions:u,1146880,100.00,,
     0.575278035,86016,,branch-misses:u,1145920,100.00,,
     0.575278035,0,,cache-misses:u,1145920,100.00,,
     0.575278035,1528564,,bus-cycles:u,1145952,100.00,,
     0.575278035,1725431,,instructions:u,1145856,100.00,,
     0.576433479,85958,,branch-misses:u,1155552,100.00,,
     0.576433479,0,,cache-misses:u,1155520,100.00,,
     0.576433479,1534578,,bus-cycles:u,1155488,100.00,,
     0.576433479,1725529,,instructions:u,1155552,100.00,,
     0.577580377,86699,,branch-misses:u,1146176,100.00,,
     0.577580377,0,,cache-misses:u,1146176,100.00,,
     0.577580377,1529337,,bus-cycles:u,1146176,100.00,,
     0.577580377,1732940,,instructions:u,1146240,100.00,,
     0.578727275,85724,,branch-misses:u,1146624,100.00,,
     0.578727275,0,,cache-misses:u,1146752,100.00,,
     0.578727275,1529417,,bus-cycles:u,1146784,100.00,,
     0.578727275,1716386,,instructions:u,1146720,100.00,,
     0.579875165,85680,,branch-misses:u,1147936,100.00,,
     0.579875165,0,,cache-misses:u,1147872,100.00,,
     0.579875165,1523820,,bus-cycles:u,1147872,100.00,,
     0.579875165,1714094,,instructions:u,1147968,100.00,,
     0.581023727,85376,,branch-misses:u,1147968,100.00,,
     0.581023727,0,,cache-misses:u,1147968,100.00,,
     0.581023727,1531607,,bus-cycles:u,1147968,100.00,,
     0.581023727,1705200,,instructions:u,1147872,100.00,,
     0.582170049,85826,,branch-misses:u,1146016,100.00,,
     0.582170049,0,,cache-misses:u,1146048,100.00,,
     0.582170049,1529269,,bus-cycles:u,1146016,100.00,,
     0.582170049,1720110,,instructions:u,1146080,100.00,,
     0.583318099,85554,,branch-misses:u,1147808,100.00,,
     0.583318099,0,,cache-misses:u,1147840,100.00,,
     0.583318099,1526591,,bus-cycles:u,1147872,100.00,,
     0.583318099,1713690,,instructions:u,1147904,100.00,,
     0.584466117,85957,,branch-misses:u,1147552,100.00,,
     0.584466117,0,,cache-misses:u,1147456,100.00,,
     0.584466117,1530558,,bus-cycles:u,1147456,100.00,,
     0.584466117,1717088,,instructions:u,1147392,100.00,,
     0.585612599,86252,,branch-misses:u,1146208,100.00,,
     0.585612599,0,,cache-misses:u,1146240,100.00,,
     0.585612599,1528867,,bus-cycles:u,1146208,100.00,,
     0.585612599,1721882,,instructions:u,1146176,100.00,,
     0.586759145,85422,,branch-misses:u,1146304,100.00,,
     0.586759145,0,,cache-misses:u,1146304,100.00,,
     0.586759145,1529206,,bus-cycles:u,1146368,100.00,,
     0.586759145,1713980,,instructions:u,1146400,100.00,,
     0.587907547,85999,,branch-misses:u,1148032,100.00,,
     0.587907547,0,,cache-misses:u,1148032,100.00,,
     0.587907547,1525435,,bus-cycles:u,1148032,100.00,,
     0.587907547,1718150,,instructions:u,1148096,100.00,,
     0.589054797,86205,,branch-misses:u,1147008,100.00,,
     0.589054797,0,,cache-misses:u,1147008,100.00,,
     0.589054797,1529321,,bus-cycles:u,1147008,100.00,,
     0.589054797,1722440,,instructions:u,1146912,100.00,,
     0.590201503,86181,,branch-misses:u,1146368,100.00,,
     0.590201503,0,,cache-misses:u,1146336,100.00,,
     0.590201503,1528577,,bus-cycles:u,1146336,100.00,,
     0.590201503,1723050,,instructions:u,1146336,100.00,,
     0.591348625,85865,,branch-misses:u,1146848,100.00,,
     0.591348625,0,,cache-misses:u,1146912,100.00,,
     0.591348625,1524138,,bus-cycles:u,1146944,100.00,,
     0.591348625,1719860,,instructions:u,1146976,100.00,,
     0.592496355,86254,,branch-misses:u,1147296,100.00,,
     0.592496355,0,,cache-misses:u,1147232,100.00,,
     0.592496355,1530038,,bus-cycles:u,1147136,100.00,,
     0.592496355,1725090,,instructions:u,1147168,100.00,,
     0.593654680,87516,,branch-misses:u,1158208,100.00,,
     0.593654680,0,,cache-misses:u,1158336,100.00,,
     0.593654680,1544206,,bus-cycles:u,1158368,100.00,,
     0.593654680,1746212,,instructions:u,1158368,100.00,,
     0.594801802,86693,,branch-misses:u,1146784,100.00,,
     0.594801802,0,,cache-misses:u,1146656,100.00,,
     0.594801802,1529167,,bus-cycles:u,1146752,100.00,,
     0.594801802,1729618,,instructions:u,1146688,100.00,,
     0.595950301,86153,,branch-misses:u,1148192,100.00,,
     0.595950301,0,,cache-misses:u,1148288,100.00,,
     0.595950301,1525445,,bus-cycles:u,1148224,100.00,,
     0.595950301,1720230,,instructions:u,1148288,100.00,,
     0.597098671,85711,,branch-misses:u,1148064,100.00,,
     0.597098671,0,,cache-misses:u,1147968,100.00,,
     0.597098671,1530817,,bus-cycles:u,1147904,100.00,,
     0.597098671,1719242,,instructions:u,1147872,100.00,,
     0.598245377,86419,,branch-misses:u,1146272,100.00,,
     0.598245377,0,,cache-misses:u,1146304,100.00,,
     0.598245377,1528592,,bus-cycles:u,1146272,100.00,,
     0.598245377,1735578,,instructions:u,1146304,100.00,,
     0.599392947,86320,,branch-misses:u,1147392,100.00,,
     0.599392947,0,,cache-misses:u,1147424,100.00,,
     0.599392947,1524685,,bus-cycles:u,1147424,100.00,,
     0.599392947,1725790,,instructions:u,1147424,100.00,,
     0.600540645,86575,,branch-misses:u,1147296,100.00,,
     0.600540645,0,,cache-misses:u,1147264,100.00,,
     0.600540645,1530146,,bus-cycles:u,1147328,100.00,,
     0.600540645,1736010,,instructions:u,1147328,100.00,,
     0.601687191,86624,,branch-misses:u,1146272,100.00,,
     0.601687191,0,,cache-misses:u,1146272,100.00,,
     0.601687191,1528776,,bus-cycles:u,1146272,100.00,,
     0.601687191,1730950,,instructions:u,1146240,100.00,,
     0.602834089,86397,,branch-misses:u,1146560,100.00,,
     0.602834089,0,,cache-misses:u,1146592,100.00,,
     0.602834089,1528729,,bus-cycles:u,1146560,100.00,,
     0.602834089,1722520,,instructions:u,1146592,100.00,,
     0.603983003,86126,,branch-misses:u,1148736,100.00,,
     0.603983003,0,,cache-misses:u,1148800,100.00,,
     0.603983003,1526577,,bus-cycles:u,1148800,100.00,,
     0.603983003,1724980,,instructions:u,1148832,100.00,,
     0.605131725,86679,,branch-misses:u,1148352,100.00,,
     0.605131725,0,,cache-misses:u,1148224,100.00,,
     0.605131725,1531760,,bus-cycles:u,1148224,100.00,,
     0.605131725,1737750,,instructions:u,1148160,100.00,,
     0.606278591,86519,,branch-misses:u,1146496,100.00,,
     0.606278591,0,,cache-misses:u,1146528,100.00,,
     0.606278591,1529225,,bus-cycles:u,1146528,100.00,,
     0.606278591,1728100,,instructions:u,1146528,100.00,,
     0.607426609,86027,,branch-misses:u,1147936,100.00,,
     0.607426609,0,,cache-misses:u,1147936,100.00,,
     0.607426609,1525759,,bus-cycles:u,1147968,100.00,,
     0.607426609,1719840,,instructions:u,1148032,100.00,,
     0.608575204,86491,,branch-misses:u,1148192,100.00,,
     0.608575204,0,,cache-misses:u,1148256,100.00,,
     0.608575204,1531047,,bus-cycles:u,1148256,100.00,,
     0.608575204,1728990,,instructions:u,1148224,100.00,,
     0.609723382,86578,,branch-misses:u,1147744,100.00,,
     0.609723382,0,,cache-misses:u,1147680,100.00,,
     0.609723382,1530755,,bus-cycles:u,1147680,100.00,,
     0.609723382,1729420,,instructions:u,1147584,100.00,,
     0.610870216,86409,,branch-misses:u,1146528,100.00,,
     0.610870216,0,,cache-misses:u,1146496,100.00,,
     0.610870216,1528676,,bus-cycles:u,1146496,100.00,,
     0.610870216,1724160,,instructions:u,1146528,100.00,,
     0.612018714,86220,,branch-misses:u,1148480,100.00,,
     0.612018714,0,,cache-misses:u,1148576,100.00,,
     0.612018714,1525426,,bus-cycles:u,1148544,100.00,,
     0.612018714,1729890,,instructions:u,1148608,100.00,,
     0.613166924,86192,,branch-misses:u,1147712,100.00,,
     0.613166924,0,,cache-misses:u,1147616,100.00,,
     0.613166924,1529936,,bus-cycles:u,1147680,100.00,,
     0.613166924,1726020,,instructions:u,1147584,100.00,,
     0.614326434,87085,,branch-misses:u,1159296,100.00,,
     0.614326434,0,,cache-misses:u,1159328,100.00,,
     0.614326434,1545323,,bus-cycles:u,1159328,100.00,,
     0.614326434,1742690,,instructions:u,1159392,100.00,,
     0.615475796,85961,,branch-misses:u,1149312,100.00,,
     0.615475796,0,,cache-misses:u,1149312,100.00,,
     0.615475796,1525320,,bus-cycles:u,1149280,100.00,,
     0.615475796,1726400,,instructions:u,1149312,100.00,,
     0.616624327,86483,,branch-misses:u,1147776,100.00,,
     0.616624327,0,,cache-misses:u,1147840,100.00,,
     0.616624327,1530754,,bus-cycles:u,1147776,100.00,,
     0.616624327,1726550,,instructions:u,1147712,100.00,,
     0.617771449,86305,,branch-misses:u,1146816,100.00,,
     0.617771449,0,,cache-misses:u,1146720,100.00,,
     0.617771449,1529262,,bus-cycles:u,1146816,100.00,,
     0.617771449,1730341,,instructions:u,1146816,100.00,,
     0.618918699,86852,,branch-misses:u,1146848,100.00,,
     0.618918699,0,,cache-misses:u,1146944,100.00,,
     0.618918699,1529967,,bus-cycles:u,1146880,100.00,,
     0.618918699,1730329,,instructions:u,1147008,100.00,,
     0.620067485,86396,,branch-misses:u,1148704,100.00,,
     0.620067485,0,,cache-misses:u,1148704,100.00,,
     0.620067485,1527348,,bus-cycles:u,1148704,100.00,,
     0.620067485,1728380,,instructions:u,1148672,100.00,,
     0.621216559,86540,,branch-misses:u,1148736,100.00,,
     0.621216559,0,,cache-misses:u,1148640,100.00,,
     0.621216559,1530937,,bus-cycles:u,1148672,100.00,,
     0.621216559,1727500,,instructions:u,1148576,100.00,,
     0.622363649,85863,,branch-misses:u,1146752,100.00,,
     0.622363649,0,,cache-misses:u,1146752,100.00,,
     0.622363649,1527974,,bus-cycles:u,1146688,100.00,,
     0.622363649,1712620,,instructions:u,1146656,100.00,,
     0.623511027,85877,,branch-misses:u,1147424,100.00,,
     0.623511027,0,,cache-misses:u,1147456,100.00,,
     0.623511027,1522892,,bus-cycles:u,1147488,100.00,,
     0.623511027,1720330,,instructions:u,1147648,100.00,,
     0.624659302,85911,,branch-misses:u,1147552,100.00,,
     0.624659302,0,,cache-misses:u,1147584,100.00,,
     0.624659302,1529605,,bus-cycles:u,1147552,100.00,,
     0.624659302,1716580,,instructions:u,1147456,100.00,,
     0.625806328,86214,,branch-misses:u,1146592,100.00,,
     0.625806328,0,,cache-misses:u,1146560,100.00,,
     0.625806328,1529022,,bus-cycles:u,1146624,100.00,,
     0.625806328,1724561,,instructions:u,1146624,100.00,,
     0.626952713,84024,,branch-misses:u,1146240,100.00,,
     0.626952713,0,,cache-misses:u,1146240,100.00,,
     0.626952713,1528643,,bus-cycles:u,1146272,100.00,,
     0.626952713,1681579,,instructions:u,1146272,100.00,,
     0.628100507,85846,,branch-misses:u,1147616,100.00,,
     0.628100507,0,,cache-misses:u,1147712,100.00,,
     0.628100507,1526717,,bus-cycles:u,1147616,100.00,,
     0.628100507,1711040,,instructions:u,1147680,100.00,,
     0.629248750,86336,,branch-misses:u,1147776,100.00,,
     0.629248750,0,,cache-misses:u,1147648,100.00,,
     0.629248750,1530175,,bus-cycles:u,1147680,100.00,,
     0.629248750,1725300,,instructions:u,1147648,100.00,,
     0.630395552,85740,,branch-misses:u,1146496,100.00,,
     0.630395552,0,,cache-misses:u,1146528,100.00,,
     0.630395552,1527255,,bus-cycles:u,1146560,100.00,,
     0.630395552,1717040,,instructions:u,1146560,100.00,,
     0.631543442,85956,,branch-misses:u,1148032,100.00,,
     0.631543442,0,,cache-misses:u,1148032,100.00,,
     0.631543442,1523602,,bus-cycles:u,1148032,100.00,,
     0.631543442,1721724,,instructions:u,1148032,100.00,,
     0.632742706,90007,,branch-misses:u,1198880,100.00,,
     0.632742706,0,,cache-misses:u,1199360,100.00,,
     0.632742706,1598009,,bus-cycles:u,1199680,100.00,,
     0.632742706,1800386,,instructions:u,1199680,100.00,,
     0.633892932,85767,,branch-misses:u,1149632,100.00,,
     0.633892932,0,,cache-misses:u,1149536,100.00,,
     0.633892932,1531633,,bus-cycles:u,1149216,100.00,,
     0.633892932,1721881,,instructions:u,1149152,100.00,,
     0.635040855,85223,,branch-misses:u,1147520,100.00,,
     0.635040855,0,,cache-misses:u,1147168,100.00,,
     0.635040855,1529287,,bus-cycles:u,1147136,100.00,,
     0.635040855,1706619,,instructions:u,1147200,100.00,,
     0.636199083,86380,,branch-misses:u,1158720,100.00,,
     0.636199083,0,,cache-misses:u,1159040,100.00,,
     0.636199083,1540701,,bus-cycles:u,1159072,100.00,,
     0.636199083,1729930,,instructions:u,1159040,100.00,,
     0.637351039,86380,,branch-misses:u,1150912,100.00,,
     0.637351039,0,,cache-misses:u,1150656,100.00,,
     0.637351039,1534103,,bus-cycles:u,1150688,100.00,,
     0.637351039,1718190,,instructions:u,1150784,100.00,,
     0.638498641,84641,,branch-misses:u,1147424,100.00,,
     0.638498641,0,,cache-misses:u,1147392,100.00,,
     0.638498641,1529521,,bus-cycles:u,1147392,100.00,,
     0.638498641,1696190,,instructions:u,1147296,100.00,,
     0.639646243,85825,,branch-misses:u,1147488,100.00,,
     0.639646243,0,,cache-misses:u,1147520,100.00,,
     0.639646243,1525689,,bus-cycles:u,1147456,100.00,,
     0.639646243,1721400,,instructions:u,1147552,100.00,,
     0.640794709,86360,,branch-misses:u,1147968,100.00,,
     0.640794709,0,,cache-misses:u,1148160,100.00,,
     0.640794709,1531061,,bus-cycles:u,1148192,100.00,,
     0.640794709,1723080,,instructions:u,1148096,100.00,,
     0.641943368,86283,,branch-misses:u,1148192,100.00,,
     0.641943368,0,,cache-misses:u,1147936,100.00,,
     0.641943368,1530430,,bus-cycles:u,1147968,100.00,,
     0.641943368,1728320,,instructions:u,1147936,100.00,,
     0.643091322,86097,,branch-misses:u,1147616,100.00,,
     0.643091322,0,,cache-misses:u,1147616,100.00,,
     0.643091322,1529424,,bus-cycles:u,1147520,100.00,,
     0.643091322,1727340,,instructions:u,1147552,100.00,,
     0.644240012,86127,,branch-misses:u,1148736,100.00,,
     0.644240012,0,,cache-misses:u,1148736,100.00,,
     0.644240012,1527633,,bus-cycles:u,1148768,100.00,,
     0.644240012,1724740,,instructions:u,1148768,100.00,,
     0.645389055,85100,,branch-misses:u,1148416,100.00,,
     0.645389055,0,,cache-misses:u,1148544,100.00,,
     0.645389055,1531367,,bus-cycles:u,1148512,100.00,,
     0.645389055,1704390,,instructions:u,1148480,100.00,,
     0.646536209,85898,,branch-misses:u,1147008,100.00,,
     0.646536209,0,,cache-misses:u,1146912,100.00,,
     0.646536209,1529533,,bus-cycles:u,1146944,100.00,,
     0.646536209,1714230,,instructions:u,1146976,100.00,,
     0.647685123,86038,,branch-misses:u,1148864,100.00,,
     0.647685123,0,,cache-misses:u,1148768,100.00,,
     0.647685123,1527326,,bus-cycles:u,1148800,100.00,,
     0.647685123,1711366,,instructions:u,1148832,100.00,,
     0.648833749,85791,,branch-misses:u,1147904,100.00,,
     0.648833749,0,,cache-misses:u,1147872,100.00,,
     0.648833749,1530419,,bus-cycles:u,1147840,100.00,,
     0.648833749,1718330,,instructions:u,1147744,100.00,,
     0.649980839,85990,,branch-misses:u,1146880,100.00,,
     0.649980839,0,,cache-misses:u,1146944,100.00,,
     0.649980839,1529891,,bus-cycles:u,1147008,100.00,,
     0.649980839,1713624,,instructions:u,1147104,100.00,,
     0.651128825,85801,,branch-misses:u,1147584,100.00,,
     0.651128825,0,,cache-misses:u,1147552,100.00,,
     0.651128825,1530350,,bus-cycles:u,1147552,100.00,,
     0.651128825,1715770,,instructions:u,1147520,100.00,,
     0.652276684,85604,,branch-misses:u,1147904,100.00,,
     0.652276684,0,,cache-misses:u,1148000,100.00,,
     0.652276684,1526038,,bus-cycles:u,1148000,100.00,,
     0.652276684,1713420,,instructions:u,1148000,100.00,,
     0.653425470,86267,,branch-misses:u,1148064,100.00,,
     0.653425470,0,,cache-misses:u,1148064,100.00,,
     0.653425470,1531314,,bus-cycles:u,1148000,100.00,,
     0.653425470,1724960,,instructions:u,1148032,100.00,,
     0.654572656,86434,,branch-misses:u,1146944,100.00,,
     0.654572656,0,,cache-misses:u,1146880,100.00,,
     0.654572656,1529627,,bus-cycles:u,1146880,100.00,,
     0.654572656,1733980,,instructions:u,1146848,100.00,,
     0.655720866,86382,,branch-misses:u,1148288,100.00,,
     0.655720866,0,,cache-misses:u,1148448,100.00,,
     0.655720866,1527837,,bus-cycles:u,1148480,100.00,,
     0.655720866,1730530,,instructions:u,1148480,100.00,,
     0.657218898,113432,,branch-misses:u,1498336,100.00,,
     0.657218898,0,,cache-misses:u,1498752,100.00,,
     0.657218898,2000401,,bus-cycles:u,1498912,100.00,,
     0.657218898,2263700,,instructions:u,1499264,100.00,,
     0.658371045,86671,,branch-misses:u,1150720,100.00,,
     0.658371045,0,,cache-misses:u,1150464,100.00,,
     0.658371045,1534820,,bus-cycles:u,1150336,100.00,,
     0.658371045,1733098,,instructions:u,1149984,100.00,,
     0.659520344,86411,,branch-misses:u,1149344,100.00,,
     0.659520344,0,,cache-misses:u,1149472,100.00,,
     0.659520344,1528781,,bus-cycles:u,1149376,100.00,,
     0.659520344,1722892,,instructions:u,1149440,100.00,,
     0.660670410,86529,,branch-misses:u,1149504,100.00,,
     0.660670410,0,,cache-misses:u,1149184,100.00,,
     0.660670410,1533627,,bus-cycles:u,1149216,100.00,,
     0.660670410,1726340,,instructions:u,1149152,100.00,,
     0.661818076,86855,,branch-misses:u,1147200,100.00,,
     0.661818076,0,,cache-misses:u,1147136,100.00,,
     0.661818076,1530957,,bus-cycles:u,1147136,100.00,,
     0.661818076,1729110,,instructions:u,1147232,100.00,,
     0.662965262,86271,,branch-misses:u,1147008,100.00,,
     0.662965262,0,,cache-misses:u,1147040,100.00,,
     0.662965262,1529946,,bus-cycles:u,1147072,100.00,,
     0.662965262,1722510,,instructions:u,1147008,100.00,,
     0.664113889,86017,,branch-misses:u,1148608,100.00,,
     0.664113889,0,,cache-misses:u,1148512,100.00,,
     0.664113889,1527183,,bus-cycles:u,1148480,100.00,,
     0.664113889,1722924,,instructions:u,1148512,100.00,,
     0.665262099,86750,,branch-misses:u,1147584,100.00,,
     0.665262099,0,,cache-misses:u,1147616,100.00,,
     0.665262099,1530492,,bus-cycles:u,1147648,100.00,,
     0.665262099,1731496,,instructions:u,1147520,100.00,,
     0.666409285,86665,,branch-misses:u,1146848,100.00,,
     0.666409285,0,,cache-misses:u,1146880,100.00,,
     0.666409285,1529667,,bus-cycles:u,1146880,100.00,,
     0.666409285,1734120,,instructions:u,1146912,100.00,,
     0.667557559,86225,,branch-misses:u,1148416,100.00,,
     0.667557559,0,,cache-misses:u,1148448,100.00,,
     0.667557559,1526704,,bus-cycles:u,1148448,100.00,,
     0.667557559,1724970,,instructions:u,1148512,100.00,,
     0.668706570,86807,,branch-misses:u,1148288,100.00,,
     0.668706570,0,,cache-misses:u,1148224,100.00,,
     0.668706570,1531153,,bus-cycles:u,1148192,100.00,,
     0.668706570,1730970,,instructions:u,1148128,100.00,,
     0.669853756,86557,,branch-misses:u,1146848,100.00,,
     0.669853756,0,,cache-misses:u,1146848,100.00,,
     0.669853756,1529823,,bus-cycles:u,1146880,100.00,,
     0.669853756,1733710,,instructions:u,1146912,100.00,,
     0.670638477,41595,,branch-misses:u,727072,100.00,,
     0.670638477,80,,cache-misses:u,724512,100.00,,
     0.670638477,760110,,bus-cycles:u,722080,100.00,,
     0.670638477,824358,,instructions:u,719648,100.00,,
