     0.001074405,1317,,branch-misses:u,587296,100.00,,
     0.001074405,516,,cache-misses:u,593376,100.00,,
     0.001074405,70112,,bus-cycles:u,596608,100.00,,
     0.001074405,41993,,instructions:u,599296,100.00,,
     0.002424477,88101,,branch-misses:u,1340928,100.00,,
     0.002424477,1110,,cache-misses:u,1334848,100.00,,
     0.002424477,1641124,,bus-cycles:u,1331616,100.00,,
     0.002424477,1801456,,instructions:u,1328928,100.00,,
     0.003584283,53698,,branch-misses:u,782368,100.00,,
     0.003584283,1,,cache-misses:u,785664,100.00,,
     0.003584283,958501,,bus-cycles:u,788512,100.00,,
     0.003584283,1081930,,instructions:u,791552,100.00,,
     0.004758654,83116,,branch-misses:u,1173152,100.00,,
     0.004758654,2,,cache-misses:u,1173152,100.00,,
     0.004758654,1474663,,bus-cycles:u,1172960,100.00,,
     0.004758654,1657820,,instructions:u,1172736,100.00,,
     0.005919613,82155,,branch-misses:u,1157440,100.00,,
     0.005919613,0,,cache-misses:u,1154144,100.00,,
     0.005919613,1448721,,bus-cycles:u,1151488,100.00,,
     0.005919613,1639930,,instructions:u,1148672,100.00,,
     0.007068376,60449,,branch-misses:u,916704,100.00,,
     0.007068376,1,,cache-misses:u,919648,100.00,,
     0.007068376,1078158,,bus-cycles:u,922592,100.00,,
     0.007068376,1216390,,instructions:u,925376,100.00,,
     0.008234457,76718,,branch-misses:u,1166528,100.00,,
     0.008234457,0,,cache-misses:u,1167104,100.00,,
     0.008234457,1367768,,bus-cycles:u,1167168,100.00,,
     0.008234457,1531310,,instructions:u,1167520,100.00,,
     0.009414621,78593,,branch-misses:u,1178496,100.00,,
     0.009414621,0,,cache-misses:u,1178080,100.00,,
     0.009414621,1392695,,bus-cycles:u,1178016,100.00,,
     0.009414621,1562730,,instructions:u,1177728,100.00,,
     0.010575516,76634,,branch-misses:u,1160256,100.00,,
     0.010575516,1,,cache-misses:u,1160128,100.00,,
     0.010575516,1371309,,bus-cycles:u,1160000,100.00,,
     0.010575516,1537420,,instructions:u,1160000,100.00,,
     0.011733306,66454,,branch-misses:u,1023552,100.00,,
     0.011733306,1,,cache-misses:u,1023584,100.00,,
     0.011733306,1190614,,bus-cycles:u,1023552,100.00,,
     0.011733306,1331870,,instructions:u,1023552,100.00,,
     0.012892760,82000,,branch-misses:u,1158240,100.00,,
     0.012892760,0,,cache-misses:u,1157984,100.00,,
     0.012892760,1450754,,bus-cycles:u,1157856,100.00,,
     0.012892760,1637548,,instructions:u,1157664,100.00,,
     0.014045973,81985,,branch-misses:u,1152864,100.00,,
     0.014045973,0,,cache-misses:u,1152864,100.00,,
     0.014045973,1449139,,bus-cycles:u,1152896,100.00,,
     0.014045973,1633863,,instructions:u,1152896,100.00,,
     0.015198321,81489,,branch-misses:u,1151872,100.00,,
     0.015198321,0,,cache-misses:u,1151872,100.00,,
     0.015198321,1447392,,bus-cycles:u,1151840,100.00,,
     0.015198321,1631679,,instructions:u,1151776,100.00,,
     0.016353742,74875,,branch-misses:u,1040992,100.00,,
     0.016353742,1,,cache-misses:u,1041248,100.00,,
     0.016353742,1330788,,bus-cycles:u,1041600,100.00,,
     0.016353742,1501220,,instructions:u,1041536,100.00,,
     0.017513517,85754,,branch-misses:u,1157376,100.00,,
     0.017513517,0,,cache-misses:u,1157024,100.00,,
     0.017513517,1541693,,bus-cycles:u,1156544,100.00,,
     0.017513517,1717690,,instructions:u,1156512,100.00,,
     0.018661224,85982,,branch-misses:u,1147264,100.00,,
     0.018661224,1,,cache-misses:u,1147296,100.00,,
     0.018661224,1529357,,bus-cycles:u,1147232,100.00,,
     0.018661224,1719160,,instructions:u,1147232,100.00,,
     0.019808290,85347,,branch-misses:u,1147168,100.00,,
     0.019808290,0,,cache-misses:u,1147136,100.00,,
     0.019808290,1518036,,bus-cycles:u,1147136,100.00,,
     0.019808290,1702230,,instructions:u,1147104,100.00,,
     0.020957213,85617,,branch-misses:u,1148032,100.00,,
     0.020957213,0,,cache-misses:u,1147968,100.00,,
     0.020957213,1529753,,bus-cycles:u,1147872,100.00,,
     0.020957213,1716550,,instructions:u,1147904,100.00,,
     0.022102808,86231,,branch-misses:u,1145280,100.00,,
     0.022102808,0,,cache-misses:u,1145312,100.00,,
     0.022102808,1526011,,bus-cycles:u,1145376,100.00,,
     0.022102808,1718680,,instructions:u,1145312,100.00,,
     0.023280027,88535,,branch-misses:u,1177248,100.00,,
     0.023280027,0,,cache-misses:u,1177760,100.00,,
     0.023280027,1570027,,bus-cycles:u,1178112,100.00,,
     0.023280027,1777521,,instructions:u,1178176,100.00,,
     0.024446492,86055,,branch-misses:u,1166208,100.00,,
     0.024446492,0,,cache-misses:u,1165728,100.00,,
     0.024446492,1538369,,bus-cycles:u,1165472,100.00,,
     0.024446492,1730219,,instructions:u,1165472,100.00,,
     0.025594007,86494,,branch-misses:u,1146816,100.00,,
     0.025594007,0,,cache-misses:u,1146752,100.00,,
     0.025594007,1528436,,bus-cycles:u,1146720,100.00,,
     0.025594007,1724840,,instructions:u,1146656,100.00,,
     0.026740785,86016,,branch-misses:u,1146336,100.00,,
     0.026740785,0,,cache-misses:u,1146368,100.00,,
     0.026740785,1528794,,bus-cycles:u,1146368,100.00,,
     0.026740785,1724570,,instructions:u,1146368,100.00,,
     0.027888140,85663,,branch-misses:u,1147584,100.00,,
     0.027888140,0,,cache-misses:u,1147648,100.00,,
     0.027888140,1524423,,bus-cycles:u,1147648,100.00,,
     0.027888140,1715440,,instructions:u,1147648,100.00,,
     0.029038439,85891,,branch-misses:u,1149408,100.00,,
     0.029038439,0,,cache-misses:u,1149312,100.00,,
     0.029038439,1532740,,bus-cycles:u,1149376,100.00,,
     0.029038439,1721000,,instructions:u,1149408,100.00,,
     0.030185282,86273,,branch-misses:u,1146368,100.00,,
     0.030185282,0,,cache-misses:u,1146304,100.00,,
     0.030185282,1529122,,bus-cycles:u,1146240,100.00,,
     0.030185282,1732380,,instructions:u,1146208,100.00,,
     0.031307797,83864,,branch-misses:u,1122592,100.00,,
     0.031307797,0,,cache-misses:u,1122656,100.00,,
     0.031307797,1490151,,bus-cycles:u,1122560,100.00,,
     0.031307797,1688420,,instructions:u,1122624,100.00,,
     0.032457201,86134,,branch-misses:u,1148768,100.00,,
     0.032457201,0,,cache-misses:u,1148800,100.00,,
     0.032457201,1531490,,bus-cycles:u,1148800,100.00,,
     0.032457201,1722730,,instructions:u,1148768,100.00,,
     0.033603723,85955,,branch-misses:u,1146112,100.00,,
     0.033603723,0,,cache-misses:u,1146112,100.00,,
     0.033603723,1528191,,bus-cycles:u,1146144,100.00,,
     0.033603723,1724300,,instructions:u,1146176,100.00,,
     0.034750470,86357,,branch-misses:u,1146016,100.00,,
     0.034750470,0,,cache-misses:u,1145952,100.00,,
     0.034750470,1528222,,bus-cycles:u,1146016,100.00,,
     0.034750470,1727140,,instructions:u,1145984,100.00,,
     0.035896480,85912,,branch-misses:u,1146496,100.00,,
     0.035896480,0,,cache-misses:u,1146560,100.00,,
     0.035896480,1522572,,bus-cycles:u,1146592,100.00,,
     0.035896480,1716570,,instructions:u,1146592,100.00,,
     0.037045275,86586,,branch-misses:u,1147936,100.00,,
     0.037045275,0,,cache-misses:u,1147904,100.00,,
     0.037045275,1530000,,bus-cycles:u,1147776,100.00,,
     0.037045275,1731840,,instructions:u,1147712,100.00,,
     0.038191317,85723,,branch-misses:u,1145824,100.00,,
     0.038191317,0,,cache-misses:u,1145856,100.00,,
     0.038191317,1527043,,bus-cycles:u,1145952,100.00,,
     0.038191317,1721754,,instructions:u,1146016,100.00,,
     0.039317610,84136,,branch-misses:u,1126336,100.00,,
     0.039317610,0,,cache-misses:u,1126336,100.00,,
     0.039317610,1493735,,bus-cycles:u,1126336,100.00,,
     0.039317610,1681226,,instructions:u,1126432,100.00,,
     0.040467717,85507,,branch-misses:u,1149440,100.00,,
     0.040467717,0,,cache-misses:u,1149536,100.00,,
     0.040467717,1530775,,bus-cycles:u,1149568,100.00,,
     0.040467717,1710488,,instructions:u,1149504,100.00,,
     0.041707260,93872,,branch-misses:u,1255904,100.00,,
     0.041707260,0,,cache-misses:u,1262528,100.00,,
     0.041707260,1693664,,bus-cycles:u,1276608,100.00,,
     0.041707260,1912652,,instructions:u,1282592,100.00,,
     0.043051378,100169,,branch-misses:u,1335712,100.00,,
     0.043051378,0,,cache-misses:u,1335712,100.00,,
     0.043051378,1758480,,bus-cycles:u,1326304,100.00,,
     0.043051378,1981700,,instructions:u,1324288,100.00,,
     0.044453530,103805,,branch-misses:u,1401312,100.00,,
     0.044453530,0,,cache-misses:u,1400512,100.00,,
     0.044453530,1852593,,bus-cycles:u,1400832,100.00,,
     0.044453530,2073100,,instructions:u,1402176,100.00,,
     0.045759877,97393,,branch-misses:u,1301952,100.00,,
     0.045759877,0,,cache-misses:u,1300224,100.00,,
     0.045759877,1724937,,bus-cycles:u,1298336,100.00,,
     0.045759877,1939790,,instructions:u,1296384,100.00,,
     0.046998811,92312,,branch-misses:u,1236928,100.00,,
     0.046998811,0,,cache-misses:u,1236832,100.00,,
     0.046998811,1643295,,bus-cycles:u,1236896,100.00,,
     0.046998811,1848980,,instructions:u,1236768,100.00,,
     0.048230255,91666,,branch-misses:u,1231616,100.00,,
     0.048230255,0,,cache-misses:u,1231360,100.00,,
     0.048230255,1628506,,bus-cycles:u,1231584,100.00,,
     0.048230255,1832790,,instructions:u,1231840,100.00,,
     0.049467461,92097,,branch-misses:u,1235904,100.00,,
     0.049467461,1,,cache-misses:u,1236064,100.00,,
     0.049467461,1642372,,bus-cycles:u,1235936,100.00,,
     0.049467461,1838540,,instructions:u,1235872,100.00,,
     0.050694808,91885,,branch-misses:u,1226368,100.00,,
     0.050694808,0,,cache-misses:u,1225568,100.00,,
     0.050694808,1628017,,bus-cycles:u,1225568,100.00,,
     0.050694808,1837590,,instructions:u,1225440,100.00,,
     0.051920714,91401,,branch-misses:u,1226944,100.00,,
     0.051920714,0,,cache-misses:u,1227136,100.00,,
     0.051920714,1622117,,bus-cycles:u,1226944,100.00,,
     0.051920714,1832130,,instructions:u,1226752,100.00,,
     0.053152543,92164,,branch-misses:u,1230912,100.00,,
     0.053152543,0,,cache-misses:u,1231040,100.00,,
     0.053152543,1635374,,bus-cycles:u,1231136,100.00,,
     0.053152543,1840790,,instructions:u,1231264,100.00,,
     0.054378449,91164,,branch-misses:u,1224800,100.00,,
     0.054378449,0,,cache-misses:u,1224896,100.00,,
     0.054378449,1627536,,bus-cycles:u,1224896,100.00,,
     0.054378449,1819590,,instructions:u,1224896,100.00,,
     0.055602787,87527,,branch-misses:u,1225792,100.00,,
     0.055602787,1,,cache-misses:u,1225920,100.00,,
     0.055602787,1555030,,bus-cycles:u,1226048,100.00,,
     0.055602787,1754520,,instructions:u,1226048,100.00,,
     0.056841337,92382,,branch-misses:u,1236960,100.00,,
     0.056841337,0,,cache-misses:u,1236480,100.00,,
     0.056841337,1642465,,bus-cycles:u,1236480,100.00,,
     0.056841337,1853832,,instructions:u,1236512,100.00,,
     0.058068108,91963,,branch-misses:u,1225536,100.00,,
     0.058068108,0,,cache-misses:u,1225504,100.00,,
     0.058068108,1628207,,bus-cycles:u,1225440,100.00,,
     0.058068108,1835868,,instructions:u,1225408,100.00,,
     0.059292670,91900,,branch-misses:u,1224288,100.00,,
     0.059292670,0,,cache-misses:u,1248896,100.00,,
     0.059292670,1651452,,bus-cycles:u,1248576,100.00,,
     0.059292670,1866720,,instructions:u,1248352,100.00,,
     0.060552027,93957,,branch-misses:u,1259776,100.00,,
     0.060552027,0,,cache-misses:u,1235616,100.00,,
     0.060552027,1642392,,bus-cycles:u,1235968,100.00,,
     0.060552027,1849850,,instructions:u,1236192,100.00,,
     0.061778413,92050,,branch-misses:u,1225184,100.00,,
     0.061778413,0,,cache-misses:u,1225216,100.00,,
     0.061778413,1627067,,bus-cycles:u,1225184,100.00,,
     0.061778413,1839580,,instructions:u,1225216,100.00,,
     0.063002847,91797,,branch-misses:u,1223968,100.00,,
     0.063002847,0,,cache-misses:u,1223904,100.00,,
     0.063002847,1625998,,bus-cycles:u,1223840,100.00,,
     0.063002847,1837400,,instructions:u,1223776,100.00,,
     0.064228210,91588,,branch-misses:u,1227552,100.00,,
     0.064228210,0,,cache-misses:u,1227424,100.00,,
     0.064228210,1623936,,bus-cycles:u,1227552,100.00,,
     0.064228210,1828571,,instructions:u,1227904,100.00,,
     0.065465511,91009,,branch-misses:u,1235168,100.00,,
     0.065465511,0,,cache-misses:u,1235072,100.00,,
     0.065465511,1640820,,bus-cycles:u,1234752,100.00,,
     0.065465511,1822099,,instructions:u,1234240,100.00,,
     0.066689785,91842,,branch-misses:u,1223232,100.00,,
     0.066689785,0,,cache-misses:u,1223264,100.00,,
     0.066689785,1624876,,bus-cycles:u,1223264,100.00,,
     0.066689785,1841000,,instructions:u,1223296,100.00,,
     0.067946709,94149,,branch-misses:u,1259040,100.00,,
     0.067946709,0,,cache-misses:u,1259232,100.00,,
     0.067946709,1665800,,bus-cycles:u,1259776,100.00,,
     0.067946709,1883290,,instructions:u,1259776,100.00,,
     0.069184523,92831,,branch-misses:u,1235744,100.00,,
     0.069184523,0,,cache-misses:u,1235680,100.00,,
     0.069184523,1641106,,bus-cycles:u,1235200,100.00,,
     0.069184523,1854560,,instructions:u,1235168,100.00,,
     0.070410142,91822,,branch-misses:u,1224608,100.00,,
     0.070410142,0,,cache-misses:u,1224480,100.00,,
     0.070410142,1626356,,bus-cycles:u,1224416,100.00,,
     0.070410142,1839902,,instructions:u,1224416,100.00,,
     0.071633615,91518,,branch-misses:u,1224768,100.00,,
     0.071633615,0,,cache-misses:u,1224384,100.00,,
     0.071633615,1618701,,bus-cycles:u,1224384,100.00,,
     0.071633615,1825988,,instructions:u,1224384,100.00,,
     0.072864899,91579,,branch-misses:u,1229920,100.00,,
     0.072864899,0,,cache-misses:u,1229856,100.00,,
     0.072864899,1633486,,bus-cycles:u,1229856,100.00,,
     0.072864899,1834110,,instructions:u,1229824,100.00,,
     0.074089366,91604,,branch-misses:u,1223392,100.00,,
     0.074089366,0,,cache-misses:u,1224064,100.00,,
     0.074089366,1626638,,bus-cycles:u,1224384,100.00,,
     0.074089366,1831514,,instructions:u,1224320,100.00,,
     0.075324523,92422,,branch-misses:u,1236064,100.00,,
     0.075324523,0,,cache-misses:u,1235840,100.00,,
     0.075324523,1635027,,bus-cycles:u,1235520,100.00,,
     0.075324523,1849196,,instructions:u,1235648,100.00,,
     0.076553918,92333,,branch-misses:u,1228192,100.00,,
     0.076553918,0,,cache-misses:u,1227808,100.00,,
     0.076553918,1630803,,bus-cycles:u,1227808,100.00,,
     0.076553918,1844690,,instructions:u,1227680,100.00,,
     0.077777040,91880,,branch-misses:u,1222336,100.00,,
     0.077777040,0,,cache-misses:u,1222272,100.00,,
     0.077777040,1623517,,bus-cycles:u,1222240,100.00,,
     0.077777040,1837750,,instructions:u,1222240,100.00,,
     0.078998785,91874,,branch-misses:u,1221088,100.00,,
     0.078998785,0,,cache-misses:u,1221792,100.00,,
     0.078998785,1622576,,bus-cycles:u,1221824,100.00,,
     0.078998785,1834370,,instructions:u,1222144,100.00,,
     0.080221106,91280,,branch-misses:u,1223360,100.00,,
     0.080221106,0,,cache-misses:u,1222656,100.00,,
     0.080221106,1617734,,bus-cycles:u,1222720,100.00,,
     0.080221106,1826650,,instructions:u,1222560,100.00,,
     0.081449190,91808,,branch-misses:u,1226528,100.00,,
     0.081449190,0,,cache-misses:u,1226784,100.00,,
     0.081449190,1630679,,bus-cycles:u,1226752,100.00,,
     0.081449190,1838470,,instructions:u,1226624,100.00,,
     0.082671447,91682,,branch-misses:u,1221728,100.00,,
     0.082671447,0,,cache-misses:u,1221408,100.00,,
     0.082671447,1622781,,bus-cycles:u,1221376,100.00,,
     0.082671447,1834720,,instructions:u,1221376,100.00,,
     0.083893864,91479,,branch-misses:u,1223680,100.00,,
     0.083893864,0,,cache-misses:u,1224128,100.00,,
     0.083893864,1619790,,bus-cycles:u,1224256,100.00,,
     0.083893864,1833440,,instructions:u,1224352,100.00,,
     0.085122396,91771,,branch-misses:u,1227136,100.00,,
     0.085122396,0,,cache-misses:u,1227008,100.00,,
     0.085122396,1630661,,bus-cycles:u,1226880,100.00,,
     0.085122396,1829620,,instructions:u,1226752,100.00,,
     0.086346990,91761,,branch-misses:u,1223680,100.00,,
     0.086346990,0,,cache-misses:u,1223360,100.00,,
     0.086346990,1625724,,bus-cycles:u,1223328,100.00,,
     0.086346990,1835900,,instructions:u,1223392,100.00,,
     0.087567967,90948,,branch-misses:u,1222368,100.00,,
     0.087567967,0,,cache-misses:u,1223200,100.00,,
     0.087567967,1619992,,bus-cycles:u,1223360,100.00,,
     0.087567967,1824766,,instructions:u,1223808,100.00,,
     0.088800371,92301,,branch-misses:u,1230592,100.00,,
     0.088800371,0,,cache-misses:u,1230080,100.00,,
     0.088800371,1634636,,bus-cycles:u,1229984,100.00,,
     0.088800371,1849692,,instructions:u,1229472,100.00,,
     0.090048300,93251,,branch-misses:u,1248160,100.00,,
     0.090048300,0,,cache-misses:u,1248800,100.00,,
     0.090048300,1659701,,bus-cycles:u,1248768,100.00,,
     0.090048300,1868032,,instructions:u,1248928,100.00,,
     0.091274783,91638,,branch-misses:u,1225344,100.00,,
     0.091274783,0,,cache-misses:u,1224640,100.00,,
     0.091274783,1626565,,bus-cycles:u,1224672,100.00,,
     0.091274783,1834300,,instructions:u,1224608,100.00,,
     0.092522808,93691,,branch-misses:u,1249152,100.00,,
     0.092522808,0,,cache-misses:u,1249472,100.00,,
     0.092522808,1654444,,bus-cycles:u,1249440,100.00,,
     0.092522808,1874500,,instructions:u,1249440,100.00,,
     0.093747882,91928,,branch-misses:u,1223008,100.00,,
     0.093747882,0,,cache-misses:u,1222560,100.00,,
     0.093747882,1624257,,bus-cycles:u,1222528,100.00,,
     0.093747882,1843560,,instructions:u,1222560,100.00,,
     0.094969947,91459,,branch-misses:u,1221472,100.00,,
     0.094969947,0,,cache-misses:u,1221504,100.00,,
     0.094969947,1622892,,bus-cycles:u,1221536,100.00,,
     0.094969947,1828320,,instructions:u,1221504,100.00,,
     0.096191213,91444,,branch-misses:u,1222688,100.00,,
     0.096191213,0,,cache-misses:u,1223136,100.00,,
     0.096191213,1619065,,bus-cycles:u,1223296,100.00,,
     0.096191213,1827240,,instructions:u,1223392,100.00,,
     0.097422016,92396,,branch-misses:u,1229440,100.00,,
     0.097422016,0,,cache-misses:u,1228896,100.00,,
     0.097422016,1632542,,bus-cycles:u,1228704,100.00,,
     0.097422016,1847360,,instructions:u,1228544,100.00,,
     0.098645042,92037,,branch-misses:u,1222176,100.00,,
     0.098645042,0,,cache-misses:u,1222528,100.00,,
     0.098645042,1624023,,bus-cycles:u,1222528,100.00,,
     0.098645042,1839900,,instructions:u,1222528,100.00,,
     0.099868836,91916,,branch-misses:u,1225056,100.00,,
     0.099868836,0,,cache-misses:u,1225152,100.00,,
     0.099868836,1621448,,bus-cycles:u,1225120,100.00,,
     0.099868836,1834010,,instructions:u,1225120,100.00,,
     0.101098615,91811,,branch-misses:u,1228384,100.00,,
     0.101098615,0,,cache-misses:u,1227968,100.00,,
     0.101098615,1631027,,bus-cycles:u,1228000,100.00,,
     0.101098615,1841800,,instructions:u,1228000,100.00,,
     0.102322697,90812,,branch-misses:u,1222912,100.00,,
     0.102322697,0,,cache-misses:u,1223264,100.00,,
     0.102322697,1624689,,bus-cycles:u,1223232,100.00,,
     0.102322697,1818960,,instructions:u,1223200,100.00,,
     0.103544219,91365,,branch-misses:u,1222912,100.00,,
     0.103544219,0,,cache-misses:u,1222528,100.00,,
     0.103544219,1617559,,bus-cycles:u,1222528,100.00,,
     0.103544219,1826020,,instructions:u,1222464,100.00,,
     0.104773358,92083,,branch-misses:u,1227744,100.00,,
     0.104773358,0,,cache-misses:u,1227680,100.00,,
     0.104773358,1630374,,bus-cycles:u,1227840,100.00,,
     0.104773358,1840100,,instructions:u,1227904,100.00,,
     0.105997440,92053,,branch-misses:u,1223072,100.00,,
     0.105997440,0,,cache-misses:u,1223488,100.00,,
     0.105997440,1625044,,bus-cycles:u,1223360,100.00,,
     0.105997440,1840810,,instructions:u,1223360,100.00,,
     0.107220209,92082,,branch-misses:u,1222368,100.00,,
     0.107220209,0,,cache-misses:u,1222048,100.00,,
     0.107220209,1623748,,bus-cycles:u,1222016,100.00,,
     0.107220209,1839060,,instructions:u,1221984,100.00,,
     0.108465898,93646,,branch-misses:u,1246336,100.00,,
     0.108465898,0,,cache-misses:u,1246784,100.00,,
     0.108465898,1651439,,bus-cycles:u,1246784,100.00,,
     0.108465898,1866940,,instructions:u,1246944,100.00,,
     0.109690108,91129,,branch-misses:u,1222784,100.00,,
     0.109690108,0,,cache-misses:u,1222656,100.00,,
     0.109690108,1623956,,bus-cycles:u,1222752,100.00,,
     0.109690108,1823080,,instructions:u,1222688,100.00,,
     0.110912557,91045,,branch-misses:u,1222016,100.00,,
     0.110912557,0,,cache-misses:u,1221568,100.00,,
     0.110912557,1621393,,bus-cycles:u,1221536,100.00,,
     0.110912557,1823780,,instructions:u,1221472,100.00,,
     0.112152452,92297,,branch-misses:u,1240672,100.00,,
     0.112152452,0,,cache-misses:u,1241344,100.00,,
     0.112152452,1643651,,bus-cycles:u,1241344,100.00,,
     0.112152452,1844830,,instructions:u,1241472,100.00,,
     0.113378870,91862,,branch-misses:u,1225216,100.00,,
     0.113378870,0,,cache-misses:u,1225088,100.00,,
     0.113378870,1627518,,bus-cycles:u,1225120,100.00,,
     0.113378870,1834446,,instructions:u,1225024,100.00,,
     0.114602024,92144,,branch-misses:u,1222592,100.00,,
     0.114602024,0,,cache-misses:u,1222496,100.00,,
     0.114602024,1624393,,bus-cycles:u,1222496,100.00,,
     0.114602024,1838614,,instructions:u,1222528,100.00,,
     0.115823097,91444,,branch-misses:u,1221920,100.00,,
     0.115823097,0,,cache-misses:u,1222016,100.00,,
     0.115823097,1618878,,bus-cycles:u,1222048,100.00,,
     0.115823097,1833950,,instructions:u,1222112,100.00,,
     0.117051244,91901,,branch-misses:u,1226688,100.00,,
     0.117051244,0,,cache-misses:u,1226624,100.00,,
     0.117051244,1629094,,bus-cycles:u,1226560,100.00,,
     0.117051244,1840750,,instructions:u,1226560,100.00,,
     0.118272797,91566,,branch-misses:u,1221056,100.00,,
     0.118272797,0,,cache-misses:u,1220576,100.00,,
     0.118272797,1621731,,bus-cycles:u,1220608,100.00,,
     0.118272797,1832687,,instructions:u,1220544,100.00,,
     0.119493422,91372,,branch-misses:u,1221888,100.00,,
     0.119493422,0,,cache-misses:u,1222624,100.00,,
     0.119493422,1619253,,bus-cycles:u,1222752,100.00,,
     0.119493422,1826543,,instructions:u,1222848,100.00,,
     0.120726947,92705,,branch-misses:u,1231648,100.00,,
     0.120726947,0,,cache-misses:u,1231488,100.00,,
     0.120726947,1635750,,bus-cycles:u,1231360,100.00,,
     0.120726947,1853280,,instructions:u,1231168,100.00,,
     0.121950421,91276,,branch-misses:u,1223040,100.00,,
     0.121950421,0,,cache-misses:u,1222944,100.00,,
     0.121950421,1624931,,bus-cycles:u,1222944,100.00,,
     0.121950421,1823760,,instructions:u,1222976,100.00,,
     0.123173638,91593,,branch-misses:u,1222720,100.00,,
     0.123173638,0,,cache-misses:u,1222240,100.00,,
     0.123173638,1623751,,bus-cycles:u,1222176,100.00,,
     0.123173638,1830450,,instructions:u,1222176,100.00,,
     0.124420095,93070,,branch-misses:u,1247104,100.00,,
     0.124420095,0,,cache-misses:u,1247680,100.00,,
     0.124420095,1646280,,bus-cycles:u,1247712,100.00,,
     0.124420095,1861320,,instructions:u,1247744,100.00,,
     0.125643409,91729,,branch-misses:u,1221920,100.00,,
     0.125643409,0,,cache-misses:u,1221376,100.00,,
     0.125643409,1622637,,bus-cycles:u,1221344,100.00,,
     0.125643409,1831340,,instructions:u,1221376,100.00,,
     0.126865442,91273,,branch-misses:u,1221760,100.00,,
     0.126865442,0,,cache-misses:u,1222176,100.00,,
     0.126865442,1622908,,bus-cycles:u,1222240,100.00,,
     0.126865442,1826730,,instructions:u,1222144,100.00,,
     0.128087187,91530,,branch-misses:u,1222560,100.00,,
     0.128087187,0,,cache-misses:u,1222688,100.00,,
     0.128087187,1617956,,bus-cycles:u,1222656,100.00,,
     0.128087187,1832906,,instructions:u,1222720,100.00,,
     0.129316583,91937,,branch-misses:u,1228000,100.00,,
     0.129316583,0,,cache-misses:u,1228032,100.00,,
     0.129316583,1630396,,bus-cycles:u,1228032,100.00,,
     0.129316583,1845394,,instructions:u,1228032,100.00,,
     0.130540217,91814,,branch-misses:u,1223072,100.00,,
     0.130540217,0,,cache-misses:u,1222464,100.00,,
     0.130540217,1623958,,bus-cycles:u,1222432,100.00,,
     0.130540217,1821880,,instructions:u,1222464,100.00,,
     0.131760553,91311,,branch-misses:u,1221184,100.00,,
     0.131760553,0,,cache-misses:u,1221728,100.00,,
     0.131760553,1617673,,bus-cycles:u,1221888,100.00,,
     0.131760553,1826520,,instructions:u,1221952,100.00,,
     0.132987932,91847,,branch-misses:u,1225824,100.00,,
     0.132987932,0,,cache-misses:u,1225312,100.00,,
     0.132987932,1626972,,bus-cycles:u,1225152,100.00,,
     0.132987932,1841911,,instructions:u,1225088,100.00,,
     0.134208909,91162,,branch-misses:u,1220192,100.00,,
     0.134208909,0,,cache-misses:u,1220640,100.00,,
     0.134208909,1620963,,bus-cycles:u,1220672,100.00,,
     0.134208909,1821179,,instructions:u,1220704,100.00,,
     0.135854398,122937,,branch-misses:u,1648256,100.00,,
     0.135854398,0,,cache-misses:u,1648640,100.00,,
     0.135854398,2187926,,bus-cycles:u,1649280,100.00,,
     0.135854398,2466270,,instructions:u,1649760,100.00,,
     0.137093109,91910,,branch-misses:u,1236640,100.00,,
     0.137093109,0,,cache-misses:u,1236736,100.00,,
     0.137093109,1642412,,bus-cycles:u,1236096,100.00,,
     0.137093109,1838744,,instructions:u,1235648,100.00,,
     0.138320840,91907,,branch-misses:u,1226912,100.00,,
     0.138320840,0,,cache-misses:u,1226432,100.00,,
     0.138320840,1629416,,bus-cycles:u,1226432,100.00,,
     0.138320840,1844716,,instructions:u,1226272,100.00,,
     0.139544474,91319,,branch-misses:u,1224000,100.00,,
     0.139544474,0,,cache-misses:u,1223744,100.00,,
     0.139544474,1617774,,bus-cycles:u,1223712,100.00,,
     0.139544474,1825940,,instructions:u,1223776,100.00,,
     0.140772269,91836,,branch-misses:u,1226880,100.00,,
     0.140772269,0,,cache-misses:u,1227520,100.00,,
     0.140772269,1630431,,bus-cycles:u,1227904,100.00,,
     0.140772269,1841410,,instructions:u,1227968,100.00,,
     0.141995934,91633,,branch-misses:u,1222464,100.00,,
     0.141995934,0,,cache-misses:u,1222048,100.00,,
     0.141995934,1621509,,bus-cycles:u,1221696,100.00,,
     0.141995934,1829820,,instructions:u,1221696,100.00,,
     0.143218448,91384,,branch-misses:u,1222112,100.00,,
     0.143218448,0,,cache-misses:u,1222080,100.00,,
     0.143218448,1622348,,bus-cycles:u,1222080,100.00,,
     0.143218448,1827850,,instructions:u,1222016,100.00,,
     0.144463208,93186,,branch-misses:u,1245440,100.00,,
     0.144463208,0,,cache-misses:u,1245984,100.00,,
     0.144463208,1649328,,bus-cycles:u,1246016,100.00,,
     0.144463208,1866110,,instructions:u,1245984,100.00,,
     0.145688762,91452,,branch-misses:u,1224512,100.00,,
     0.145688762,0,,cache-misses:u,1224512,100.00,,
     0.145688762,1625521,,bus-cycles:u,1224480,100.00,,
     0.145688762,1829240,,instructions:u,1224544,100.00,,
     0.146911404,91340,,branch-misses:u,1221824,100.00,,
     0.146911404,0,,cache-misses:u,1221344,100.00,,
     0.146911404,1621117,,bus-cycles:u,1221344,100.00,,
     0.146911404,1830398,,instructions:u,1221280,100.00,,
     0.148133629,90844,,branch-misses:u,1223392,100.00,,
     0.148133629,0,,cache-misses:u,1223296,100.00,,
     0.148133629,1618692,,bus-cycles:u,1223200,100.00,,
     0.148133629,1821612,,instructions:u,1223296,100.00,,
     0.149362608,90902,,branch-misses:u,1227712,100.00,,
     0.149362608,0,,cache-misses:u,1227424,100.00,,
     0.149362608,1630677,,bus-cycles:u,1227456,100.00,,
     0.149362608,1816730,,instructions:u,1227360,100.00,,
     0.150584706,91314,,branch-misses:u,1220864,100.00,,
     0.150584706,0,,cache-misses:u,1221120,100.00,,
     0.150584706,1622497,,bus-cycles:u,1221472,100.00,,
     0.150584706,1826700,,instructions:u,1221536,100.00,,
     0.151804594,91062,,branch-misses:u,1221440,100.00,,
     0.151804594,0,,cache-misses:u,1221696,100.00,,
     0.151804594,1617027,,bus-cycles:u,1221440,100.00,,
     0.151804594,1818410,,instructions:u,1221536,100.00,,
     0.153035975,92349,,branch-misses:u,1230336,100.00,,
     0.153035975,0,,cache-misses:u,1230560,100.00,,
     0.153035975,1635703,,bus-cycles:u,1230848,100.00,,
     0.153035975,1849390,,instructions:u,1230752,100.00,,
     0.154260633,91963,,branch-misses:u,1224000,100.00,,
     0.154260633,0,,cache-misses:u,1223648,100.00,,
     0.154260633,1625172,,bus-cycles:u,1223360,100.00,,
     0.154260633,1832580,,instructions:u,1223296,100.00,,
     0.155483530,91504,,branch-misses:u,1223072,100.00,,
     0.155483530,0,,cache-misses:u,1223136,100.00,,
     0.155483530,1619916,,bus-cycles:u,1223200,100.00,,
     0.155483530,1825250,,instructions:u,1223424,100.00,,
     0.156712510,90554,,branch-misses:u,1227392,100.00,,
     0.156712510,0,,cache-misses:u,1227360,100.00,,
     0.156712510,1631153,,bus-cycles:u,1227456,100.00,,
     0.156712510,1811730,,instructions:u,1227264,100.00,,
     0.157956566,92947,,branch-misses:u,1244576,100.00,,
     0.157956566,0,,cache-misses:u,1244416,100.00,,
     0.157956566,1652847,,bus-cycles:u,1244256,100.00,,
     0.157956566,1864280,,instructions:u,1244384,100.00,,
     0.159180231,91767,,branch-misses:u,1223168,100.00,,
     0.159180231,0,,cache-misses:u,1223680,100.00,,
     0.159180231,1626387,,bus-cycles:u,1224032,100.00,,
     0.159180231,1835970,,instructions:u,1223872,100.00,,
     0.160428609,93476,,branch-misses:u,1248000,100.00,,
     0.160428609,0,,cache-misses:u,1247520,100.00,,
     0.160428609,1652884,,bus-cycles:u,1247136,100.00,,
     0.160428609,1866600,,instructions:u,1247168,100.00,,
     0.161653203,91401,,branch-misses:u,1224160,100.00,,
     0.161653203,0,,cache-misses:u,1224640,100.00,,
     0.161653203,1627490,,bus-cycles:u,1224640,100.00,,
     0.161653203,1828974,,instructions:u,1224608,100.00,,
     0.162876516,90765,,branch-misses:u,1222112,100.00,,
     0.162876516,0,,cache-misses:u,1221632,100.00,,
     0.162876516,1623371,,bus-cycles:u,1221632,100.00,,
     0.162876516,1814242,,instructions:u,1221696,100.00,,
     0.164097269,90847,,branch-misses:u,1222080,100.00,,
     0.164097269,0,,cache-misses:u,1222208,100.00,,
     0.164097269,1617908,,bus-cycles:u,1222272,100.00,,
     0.164097269,1822484,,instructions:u,1222432,100.00,,
     0.165325320,91753,,branch-misses:u,1226272,100.00,,
     0.165325320,0,,cache-misses:u,1225824,100.00,,
     0.165325320,1628078,,bus-cycles:u,1225728,100.00,,
     0.165325320,1831330,,instructions:u,1225536,100.00,,
     0.166547418,91738,,branch-misses:u,1221728,100.00,,
     0.166547418,0,,cache-misses:u,1222048,100.00,,
     0.166547418,1622836,,bus-cycles:u,1222112,100.00,,
     0.166547418,1828210,,instructions:u,1222208,100.00,,
     0.167770187,91263,,branch-misses:u,1224640,100.00,,
     0.167770187,0,,cache-misses:u,1224896,100.00,,
     0.167770187,1622112,,bus-cycles:u,1225408,100.00,,
     0.167770187,1834660,,instructions:u,1225440,100.00,,
     0.169009025,92692,,branch-misses:u,1236864,100.00,,
     0.169009025,0,,cache-misses:u,1236832,100.00,,
     0.169009025,1641799,,bus-cycles:u,1236288,100.00,,
     0.169009025,1852360,,instructions:u,1236160,100.00,,
     0.170233267,91276,,branch-misses:u,1223232,100.00,,
     0.170233267,0,,cache-misses:u,1222688,100.00,,
     0.170233267,1624302,,bus-cycles:u,1222688,100.00,,
     0.170233267,1823550,,instructions:u,1222688,100.00,,
     0.171455138,91414,,branch-misses:u,1223200,100.00,,
     0.171455138,0,,cache-misses:u,1223968,100.00,,
     0.171455138,1620441,,bus-cycles:u,1223936,100.00,,
     0.171455138,1826190,,instructions:u,1223968,100.00,,
     0.172687136,91955,,branch-misses:u,1229888,100.00,,
     0.172687136,0,,cache-misses:u,1229664,100.00,,
     0.172687136,1633945,,bus-cycles:u,1229696,100.00,,
     0.172687136,1841750,,instructions:u,1229792,100.00,,
     0.173910300,91577,,branch-misses:u,1222944,100.00,,
     0.173910300,0,,cache-misses:u,1222336,100.00,,
     0.173910300,1624347,,bus-cycles:u,1222304,100.00,,
     0.173910300,1835530,,instructions:u,1222176,100.00,,
     0.175133079,91720,,branch-misses:u,1222208,100.00,,
     0.175133079,0,,cache-misses:u,1222304,100.00,,
     0.175133079,1624369,,bus-cycles:u,1222368,100.00,,
     0.175133079,1832060,,instructions:u,1222400,100.00,,
     0.176354866,90865,,branch-misses:u,1222848,100.00,,
     0.176354866,0,,cache-misses:u,1223360,100.00,,
     0.176354866,1619498,,bus-cycles:u,1223296,100.00,,
     0.176354866,1817390,,instructions:u,1223360,100.00,,
     0.177584720,91855,,branch-misses:u,1228960,100.00,,
     0.177584720,0,,cache-misses:u,1228928,100.00,,
     0.177584720,1633423,,bus-cycles:u,1229056,100.00,,
     0.177584720,1830740,,instructions:u,1228928,100.00,,
     0.178808428,91151,,branch-misses:u,1222592,100.00,,
     0.178808428,0,,cache-misses:u,1222112,100.00,,
     0.178808428,1623721,,bus-cycles:u,1222048,100.00,,
     0.178808428,1822170,,instructions:u,1222144,100.00,,
     0.180062224,93300,,branch-misses:u,1254944,100.00,,
     0.180062224,0,,cache-misses:u,1255584,100.00,,
     0.180062224,1663503,,bus-cycles:u,1255776,100.00,,
     0.180062224,1868160,,instructions:u,1255936,100.00,,
     0.181298223,92430,,branch-misses:u,1234784,100.00,,
     0.181298223,0,,cache-misses:u,1234784,100.00,,
     0.181298223,1639947,,bus-cycles:u,1234752,100.00,,
     0.181298223,1846280,,instructions:u,1234848,100.00,,
     0.182525548,91934,,branch-misses:u,1226400,100.00,,
     0.182525548,0,,cache-misses:u,1226304,100.00,,
     0.182525548,1628201,,bus-cycles:u,1226112,100.00,,
     0.182525548,1841962,,instructions:u,1225888,100.00,,
     0.183749736,91495,,branch-misses:u,1224992,100.00,,
     0.183749736,0,,cache-misses:u,1224960,100.00,,
     0.183749736,1621402,,bus-cycles:u,1225056,100.00,,
     0.183749736,1829538,,instructions:u,1225216,100.00,,
     0.184980293,92437,,branch-misses:u,1228832,100.00,,
     0.184980293,0,,cache-misses:u,1228800,100.00,,
     0.184980293,1633137,,bus-cycles:u,1228864,100.00,,
     0.184980293,1853350,,instructions:u,1228768,100.00,,
     0.186201953,91839,,branch-misses:u,1221344,100.00,,
     0.186201953,0,,cache-misses:u,1221536,100.00,,
     0.186201953,1622891,,bus-cycles:u,1221504,100.00,,
     0.186201953,1839710,,instructions:u,1221504,100.00,,
     0.187423836,90911,,branch-misses:u,1222880,100.00,,
     0.187423836,0,,cache-misses:u,1223040,100.00,,
     0.187423836,1616971,,bus-cycles:u,1223104,100.00,,
     0.187423836,1820090,,instructions:u,1223136,100.00,,
     0.188655546,92319,,branch-misses:u,1230272,100.00,,
     0.188655546,0,,cache-misses:u,1229824,100.00,,
     0.188655546,1633200,,bus-cycles:u,1229664,100.00,,
     0.188655546,1840020,,instructions:u,1229568,100.00,,
     0.189878293,91624,,branch-misses:u,1222112,100.00,,
     0.189878293,0,,cache-misses:u,1221728,100.00,,
     0.189878293,1623342,,bus-cycles:u,1221696,100.00,,
     0.189878293,1838260,,instructions:u,1221632,100.00,,
     0.191100016,91686,,branch-misses:u,1221376,100.00,,
     0.191100016,0,,cache-misses:u,1221856,100.00,,
     0.191100016,1623396,,bus-cycles:u,1221856,100.00,,
     0.191100016,1831760,,instructions:u,1221888,100.00,,
     0.192322636,91484,,branch-misses:u,1223424,100.00,,
     0.192322636,0,,cache-misses:u,1223392,100.00,,
     0.192322636,1620244,,bus-cycles:u,1223520,100.00,,
     0.192322636,1830084,,instructions:u,1223648,100.00,,
     0.193552425,92124,,branch-misses:u,1228576,100.00,,
     0.193552425,0,,cache-misses:u,1228192,100.00,,
     0.193552425,1631925,,bus-cycles:u,1228064,100.00,,
     0.193552425,1841266,,instructions:u,1227936,100.00,,
     0.194776197,91141,,branch-misses:u,1223168,100.00,,
     0.194776197,0,,cache-misses:u,1223104,100.00,,
     0.194776197,1624647,,bus-cycles:u,1223104,100.00,,
     0.194776197,1822080,,instructions:u,1223072,100.00,,
     0.195998625,91219,,branch-misses:u,1223520,100.00,,
     0.195998625,0,,cache-misses:u,1224128,100.00,,
     0.195998625,1620454,,bus-cycles:u,1224160,100.00,,
     0.195998625,1830330,,instructions:u,1224224,100.00,,
     0.197228094,92108,,branch-misses:u,1227808,100.00,,
     0.197228094,0,,cache-misses:u,1227808,100.00,,
     0.197228094,1631007,,bus-cycles:u,1227776,100.00,,
     0.197228094,1836200,,instructions:u,1227712,100.00,,
     0.198450777,91486,,branch-misses:u,1222176,100.00,,
     0.198450777,0,,cache-misses:u,1221568,100.00,,
     0.198450777,1622477,,bus-cycles:u,1221728,100.00,,
     0.198450777,1828770,,instructions:u,1221760,100.00,,
     0.199672501,91335,,branch-misses:u,1222624,100.00,,
     0.199672501,0,,cache-misses:u,1223136,100.00,,
     0.199672501,1619354,,bus-cycles:u,1223040,100.00,,
     0.199672501,1829270,,instructions:u,1223072,100.00,,
     0.200902034,91872,,branch-misses:u,1228672,100.00,,
     0.200902034,0,,cache-misses:u,1228544,100.00,,
     0.200902034,1632183,,bus-cycles:u,1228512,100.00,,
     0.200902034,1832350,,instructions:u,1228448,100.00,,
     0.202127310,91861,,branch-misses:u,1224192,100.00,,
     0.202127310,0,,cache-misses:u,1224256,100.00,,
     0.202127310,1626151,,bus-cycles:u,1224256,100.00,,
     0.202127310,1841184,,instructions:u,1224288,100.00,,
     0.203366862,92741,,branch-misses:u,1241056,100.00,,
     0.203366862,0,,cache-misses:u,1241472,100.00,,
     0.203366862,1643193,,bus-cycles:u,1241568,100.00,,
     0.203366862,1853587,,instructions:u,1242016,100.00,,
     0.204601069,92234,,branch-misses:u,1232768,100.00,,
     0.204601069,0,,cache-misses:u,1232256,100.00,,
     0.204601069,1636203,,bus-cycles:u,1232128,100.00,,
     0.204601069,1848189,,instructions:u,1231648,100.00,,
     0.205824201,91227,,branch-misses:u,1222176,100.00,,
     0.205824201,0,,cache-misses:u,1221760,100.00,,
     0.205824201,1622822,,bus-cycles:u,1221728,100.00,,
     0.205824201,1816672,,instructions:u,1221760,100.00,,
     0.207046724,90813,,branch-misses:u,1222144,100.00,,
     0.207046724,0,,cache-misses:u,1222464,100.00,,
     0.207046724,1623458,,bus-cycles:u,1222528,100.00,,
     0.207046724,1826728,,instructions:u,1222496,100.00,,
     0.208268127,90756,,branch-misses:u,1222176,100.00,,
     0.208268127,0,,cache-misses:u,1222816,100.00,,
     0.208268127,1618930,,bus-cycles:u,1222880,100.00,,
     0.208268127,1817230,,instructions:u,1222816,100.00,,
     0.209497084,92488,,branch-misses:u,1227968,100.00,,
     0.209497084,0,,cache-misses:u,1227872,100.00,,
     0.209497084,1630884,,bus-cycles:u,1227776,100.00,,
     0.209497084,1846011,,instructions:u,1227808,100.00,,
     0.210721176,90400,,branch-misses:u,1223008,100.00,,
     0.210721176,0,,cache-misses:u,1222464,100.00,,
     0.210721176,1623127,,bus-cycles:u,1222464,100.00,,
     0.210721176,1811159,,instructions:u,1222560,100.00,,
     0.211960857,92370,,branch-misses:u,1243872,100.00,,
     0.211960857,0,,cache-misses:u,1246112,100.00,,
     0.211960857,1652955,,bus-cycles:u,1247872,100.00,,
     0.211960857,1856680,,instructions:u,1248832,100.00,,
     0.213279215,98549,,branch-misses:u,1315040,100.00,,
     0.213279215,0,,cache-misses:u,1313120,100.00,,
     0.213279215,1742777,,bus-cycles:u,1311552,100.00,,
     0.213279215,1964780,,instructions:u,1310656,100.00,,
     0.214516591,92786,,branch-misses:u,1237024,100.00,,
     0.214516591,0,,cache-misses:u,1237184,100.00,,
     0.214516591,1643329,,bus-cycles:u,1237184,100.00,,
     0.214516591,1857720,,instructions:u,1237184,100.00,,
     0.215746892,91638,,branch-misses:u,1229856,100.00,,
     0.215746892,0,,cache-misses:u,1229952,100.00,,
     0.215746892,1626383,,bus-cycles:u,1229920,100.00,,
     0.215746892,1828070,,instructions:u,1229952,100.00,,
     0.216979307,92192,,branch-misses:u,1231296,100.00,,
     0.216979307,0,,cache-misses:u,1230624,100.00,,
     0.216979307,1634369,,bus-cycles:u,1230592,100.00,,
     0.216979307,1845020,,instructions:u,1230560,100.00,,
     0.218204295,91266,,branch-misses:u,1225216,100.00,,
     0.218204295,0,,cache-misses:u,1225248,100.00,,
     0.218204295,1627587,,bus-cycles:u,1225280,100.00,,
     0.218204295,1827870,,instructions:u,1225280,100.00,,
     0.219429059,90925,,branch-misses:u,1224704,100.00,,
     0.219429059,0,,cache-misses:u,1225056,100.00,,
     0.219429059,1621505,,bus-cycles:u,1224992,100.00,,
     0.219429059,1820260,,instructions:u,1224864,100.00,,
     0.220663746,91872,,branch-misses:u,1233504,100.00,,
     0.220663746,0,,cache-misses:u,1232864,100.00,,
     0.220663746,1637332,,bus-cycles:u,1232672,100.00,,
     0.220663746,1843430,,instructions:u,1232800,100.00,,
     0.221888542,91181,,branch-misses:u,1223712,100.00,,
     0.221888542,0,,cache-misses:u,1223872,100.00,,
     0.221888542,1626274,,bus-cycles:u,1224064,100.00,,
     0.221888542,1824540,,instructions:u,1224032,100.00,,
     0.223111065,91309,,branch-misses:u,1222272,100.00,,
     0.223111065,0,,cache-misses:u,1222080,100.00,,
     0.223111065,1623436,,bus-cycles:u,1221888,100.00,,
     0.223111065,1834150,,instructions:u,1221888,100.00,,
     0.224336149,91093,,branch-misses:u,1225856,100.00,,
     0.224336149,0,,cache-misses:u,1226400,100.00,,
     0.224336149,1623649,,bus-cycles:u,1226496,100.00,,
     0.224336149,1820204,,instructions:u,1226336,100.00,,
     0.225599196,94636,,branch-misses:u,1262784,100.00,,
     0.225599196,0,,cache-misses:u,1263040,100.00,,
     0.225599196,1678438,,bus-cycles:u,1262912,100.00,,
     0.225599196,1893616,,instructions:u,1262848,100.00,,
     0.226828890,92147,,branch-misses:u,1228704,100.00,,
     0.226828890,0,,cache-misses:u,1228640,100.00,,
     0.226828890,1633154,,bus-cycles:u,1228832,100.00,,
     0.226828890,1838150,,instructions:u,1229088,100.00,,
     0.228056086,91511,,branch-misses:u,1227616,100.00,,
     0.228056086,0,,cache-misses:u,1227552,100.00,,
     0.228056086,1626512,,bus-cycles:u,1227648,100.00,,
     0.228056086,1832910,,instructions:u,1227648,100.00,,
     0.229283603,91169,,branch-misses:u,1225792,100.00,,
     0.229283603,0,,cache-misses:u,1225344,100.00,,
     0.229283603,1627709,,bus-cycles:u,1225344,100.00,,
     0.229283603,1829280,,instructions:u,1225312,100.00,,
     0.230508399,91312,,branch-misses:u,1224448,100.00,,
     0.230508399,0,,cache-misses:u,1224416,100.00,,
     0.230508399,1626286,,bus-cycles:u,1224352,100.00,,
     0.230508399,1828640,,instructions:u,1224352,100.00,,
     0.231732779,91222,,branch-misses:u,1225728,100.00,,
     0.231732779,0,,cache-misses:u,1226176,100.00,,
     0.231732779,1624833,,bus-cycles:u,1226464,100.00,,
     0.231732779,1822590,,instructions:u,1226624,100.00,,
     0.232968362,92404,,branch-misses:u,1234400,100.00,,
     0.232968362,0,,cache-misses:u,1233824,100.00,,
     0.232968362,1639440,,bus-cycles:u,1233280,100.00,,
     0.232968362,1851790,,instructions:u,1232864,100.00,,
     0.234195719,92088,,branch-misses:u,1226848,100.00,,
     0.234195719,0,,cache-misses:u,1226720,100.00,,
     0.234195719,1631016,,bus-cycles:u,1226720,100.00,,
     0.234195719,1844502,,instructions:u,1226752,100.00,,
     0.235422916,91032,,branch-misses:u,1227296,100.00,,
     0.235422916,0,,cache-misses:u,1227520,100.00,,
     0.235422916,1624497,,bus-cycles:u,1227584,100.00,,
     0.235422916,1824218,,instructions:u,1227584,100.00,,
     0.236648320,91544,,branch-misses:u,1223936,100.00,,
     0.236648320,0,,cache-misses:u,1223744,100.00,,
     0.236648320,1626339,,bus-cycles:u,1223680,100.00,,
     0.236648320,1832370,,instructions:u,1223712,100.00,,
     0.237872380,91125,,branch-misses:u,1223680,100.00,,
     0.237872380,0,,cache-misses:u,1223680,100.00,,
     0.237872380,1626420,,bus-cycles:u,1223680,100.00,,
     0.237872380,1827360,,instructions:u,1223552,100.00,,
     0.239094231,91173,,branch-misses:u,1221472,100.00,,
     0.239094231,0,,cache-misses:u,1221472,100.00,,
     0.239094231,1623677,,bus-cycles:u,1221440,100.00,,
     0.239094231,1820420,,instructions:u,1221472,100.00,,
     0.240315666,91473,,branch-misses:u,1222272,100.00,,
     0.240315666,0,,cache-misses:u,1222368,100.00,,
     0.240315666,1619648,,bus-cycles:u,1222464,100.00,,
     0.240315666,1830040,,instructions:u,1222912,100.00,,
     0.241548369,91807,,branch-misses:u,1231200,100.00,,
     0.241548369,0,,cache-misses:u,1231072,100.00,,
     0.241548369,1636814,,bus-cycles:u,1231008,100.00,,
     0.241548369,1823870,,instructions:u,1230624,100.00,,
     0.242772716,90709,,branch-misses:u,1223936,100.00,,
     0.242772716,0,,cache-misses:u,1224064,100.00,,
     0.242772716,1626909,,bus-cycles:u,1224064,100.00,,
     0.242772716,1811040,,instructions:u,1224064,100.00,,
     0.243996456,91534,,branch-misses:u,1225120,100.00,,
     0.243996456,0,,cache-misses:u,1225344,100.00,,
     0.243996456,1622565,,bus-cycles:u,1225504,100.00,,
     0.243996456,1828571,,instructions:u,1225600,100.00,,
     0.245228550,91686,,branch-misses:u,1230304,100.00,,
     0.245228550,0,,cache-misses:u,1230080,100.00,,
     0.245228550,1634373,,bus-cycles:u,1229952,100.00,,
     0.245228550,1840439,,instructions:u,1229792,100.00,,
     0.246451778,91491,,branch-misses:u,1222592,100.00,,
     0.246451778,0,,cache-misses:u,1222496,100.00,,
     0.246451778,1624828,,bus-cycles:u,1222496,100.00,,
     0.246451778,1837850,,instructions:u,1222496,100.00,,
     0.247673789,91328,,branch-misses:u,1223328,100.00,,
     0.247673789,0,,cache-misses:u,1223872,100.00,,
     0.247673789,1617596,,bus-cycles:u,1223904,100.00,,
     0.247673789,1819350,,instructions:u,1223904,100.00,,
     0.248928290,93641,,branch-misses:u,1253568,100.00,,
     0.248928290,0,,cache-misses:u,1253664,100.00,,
     0.248928290,1666885,,bus-cycles:u,1253632,100.00,,
     0.248928290,1873820,,instructions:u,1253760,100.00,,
     0.250157151,91887,,branch-misses:u,1228416,100.00,,
     0.250157151,0,,cache-misses:u,1227840,100.00,,
     0.250157151,1632528,,bus-cycles:u,1227744,100.00,,
     0.250157151,1827030,,instructions:u,1227616,100.00,,
     0.251383451,91185,,branch-misses:u,1225760,100.00,,
     0.251383451,0,,cache-misses:u,1225696,100.00,,
     0.251383451,1623653,,bus-cycles:u,1225696,100.00,,
     0.251383451,1819420,,instructions:u,1225760,100.00,,
     0.252609560,91447,,branch-misses:u,1225120,100.00,,
     0.252609560,0,,cache-misses:u,1225056,100.00,,
     0.252609560,1628543,,bus-cycles:u,1225056,100.00,,
     0.252609560,1832030,,instructions:u,1225056,100.00,,
     0.253832403,91878,,branch-misses:u,1222400,100.00,,
     0.253832403,0,,cache-misses:u,1222432,100.00,,
     0.253832403,1625459,,bus-cycles:u,1222464,100.00,,
     0.253832403,1835230,,instructions:u,1222528,100.00,,
     0.255053838,90296,,branch-misses:u,1221024,100.00,,
     0.255053838,0,,cache-misses:u,1220960,100.00,,
     0.255053838,1623161,,bus-cycles:u,1220992,100.00,,
     0.255053838,1807720,,instructions:u,1220864,100.00,,
     0.256275113,91231,,branch-misses:u,1222208,100.00,,
     0.256275113,0,,cache-misses:u,1222720,100.00,,
     0.256275113,1620314,,bus-cycles:u,1222720,100.00,,
     0.256275113,1824440,,instructions:u,1222752,100.00,,
     0.257502790,91497,,branch-misses:u,1226720,100.00,,
     0.257502790,0,,cache-misses:u,1226272,100.00,,
     0.257502790,1629769,,bus-cycles:u,1226272,100.00,,
     0.257502790,1834220,,instructions:u,1226272,100.00,,
     0.258725826,91141,,branch-misses:u,1221952,100.00,,
     0.258725826,0,,cache-misses:u,1222016,100.00,,
     0.258725826,1623955,,bus-cycles:u,1221984,100.00,,
     0.258725826,1820010,,instructions:u,1221888,100.00,,
     0.259949374,91442,,branch-misses:u,1224288,100.00,,
     0.259949374,0,,cache-misses:u,1224800,100.00,,
     0.259949374,1621247,,bus-cycles:u,1224960,100.00,,
     0.259949374,1825430,,instructions:u,1225152,100.00,,
     0.261179803,91554,,branch-misses:u,1229120,100.00,,
     0.261179803,0,,cache-misses:u,1228640,100.00,,
     0.261179803,1632817,,bus-cycles:u,1228512,100.00,,
     0.261179803,1840224,,instructions:u,1228448,100.00,,
     0.262404183,91808,,branch-misses:u,1224096,100.00,,
     0.262404183,0,,cache-misses:u,1224192,100.00,,
     0.262404183,1626550,,bus-cycles:u,1224160,100.00,,
     0.262404183,1837036,,instructions:u,1224160,100.00,,
     0.263629907,91456,,branch-misses:u,1226496,100.00,,
     0.263629907,0,,cache-misses:u,1226304,100.00,,
     0.263629907,1625307,,bus-cycles:u,1226336,100.00,,
     0.263629907,1833820,,instructions:u,1226304,100.00,,
     0.264857616,92040,,branch-misses:u,1226944,100.00,,
     0.264857616,0,,cache-misses:u,1227296,100.00,,
     0.264857616,1631053,,bus-cycles:u,1227584,100.00,,
     0.264857616,1840180,,instructions:u,1227616,100.00,,
     0.266084461,91487,,branch-misses:u,1225856,100.00,,
     0.266084461,0,,cache-misses:u,1225472,100.00,,
     0.266084461,1627826,,bus-cycles:u,1225344,100.00,,
     0.266084461,1829880,,instructions:u,1225440,100.00,,
     0.267311850,91809,,branch-misses:u,1228000,100.00,,
     0.267311850,0,,cache-misses:u,1228448,100.00,,
     0.267311850,1625135,,bus-cycles:u,1228768,100.00,,
     0.267311850,1832270,,instructions:u,1228736,100.00,,
     0.268539015,91847,,branch-misses:u,1225696,100.00,,
     0.268539015,0,,cache-misses:u,1225760,100.00,,
     0.268539015,1628096,,bus-cycles:u,1225728,100.00,,
     0.268539015,1840760,,instructions:u,1225696,100.00,,
     0.269761538,91643,,branch-misses:u,1222272,100.00,,
     0.269761538,0,,cache-misses:u,1222336,100.00,,
     0.269761538,1623578,,bus-cycles:u,1222080,100.00,,
     0.269761538,1834250,,instructions:u,1222560,100.00,,
     0.271007460,93596,,branch-misses:u,1246496,100.00,,
     0.271007460,0,,cache-misses:u,1247104,100.00,,
     0.271007460,1656417,,bus-cycles:u,1247104,100.00,,
     0.271007460,1866460,,instructions:u,1246720,100.00,,
     0.272233568,91816,,branch-misses:u,1225888,100.00,,
     0.272233568,0,,cache-misses:u,1225376,100.00,,
     0.272233568,1623985,,bus-cycles:u,1225344,100.00,,
     0.272233568,1836310,,instructions:u,1225312,100.00,,
     0.273463326,92338,,branch-misses:u,1229024,100.00,,
     0.273463326,0,,cache-misses:u,1229344,100.00,,
     0.273463326,1633014,,bus-cycles:u,1229344,100.00,,
     0.273463326,1847790,,instructions:u,1229344,100.00,,
     0.274686682,91832,,branch-misses:u,1222272,100.00,,
     0.274686682,0,,cache-misses:u,1221888,100.00,,
     0.274686682,1622911,,bus-cycles:u,1221856,100.00,,
     0.274686682,1834050,,instructions:u,1221824,100.00,,
     0.275910997,91929,,branch-misses:u,1225280,100.00,,
     0.275910997,0,,cache-misses:u,1225376,100.00,,
     0.275910997,1623609,,bus-cycles:u,1225376,100.00,,
     0.275910997,1835472,,instructions:u,1225440,100.00,,
     0.277142067,92126,,branch-misses:u,1229536,100.00,,
     0.277142067,0,,cache-misses:u,1229312,100.00,,
     0.277142067,1633871,,bus-cycles:u,1229312,100.00,,
     0.277142067,1849908,,instructions:u,1229280,100.00,,
     0.278367503,92206,,branch-misses:u,1225120,100.00,,
     0.278367503,0,,cache-misses:u,1225120,100.00,,
     0.278367503,1628527,,bus-cycles:u,1225120,100.00,,
     0.278367503,1845040,,instructions:u,1225120,100.00,,
     0.279593740,92102,,branch-misses:u,1226656,100.00,,
     0.279593740,0,,cache-misses:u,1226496,100.00,,
     0.279593740,1625121,,bus-cycles:u,1226560,100.00,,
     0.279593740,1829690,,instructions:u,1226688,100.00,,
     0.280822025,91727,,branch-misses:u,1227168,100.00,,
     0.280822025,0,,cache-misses:u,1227904,100.00,,
     0.280822025,1632484,,bus-cycles:u,1227808,100.00,,
     0.280822025,1829600,,instructions:u,1227616,100.00,,
     0.282047237,91458,,branch-misses:u,1224800,100.00,,
     0.282047237,0,,cache-misses:u,1223904,100.00,,
     0.282047237,1626787,,bus-cycles:u,1223968,100.00,,
     0.282047237,1827130,,instructions:u,1224000,100.00,,
     0.283271937,91383,,branch-misses:u,1224448,100.00,,
     0.283271937,1,,cache-misses:u,1224928,100.00,,
     0.283271937,1628520,,bus-cycles:u,1224992,100.00,,
     0.283271937,1835190,,instructions:u,1224992,100.00,,
     0.284512994,93214,,branch-misses:u,1240896,100.00,,
     0.284512994,0,,cache-misses:u,1240480,100.00,,
     0.284512994,1643644,,bus-cycles:u,1240384,100.00,,
     0.284512994,1858150,,instructions:u,1240416,100.00,,
     0.285736029,92002,,branch-misses:u,1222400,100.00,,
     0.285736029,0,,cache-misses:u,1222272,100.00,,
     0.285736029,1625312,,bus-cycles:u,1222304,100.00,,
     0.285736029,1840900,,instructions:u,1222304,100.00,,
     0.286958713,91569,,branch-misses:u,1222336,100.00,,
     0.286958713,0,,cache-misses:u,1223168,100.00,,
     0.286958713,1625248,,bus-cycles:u,1223168,100.00,,
     0.286958713,1832050,,instructions:u,1223488,100.00,,
     0.288181044,91419,,branch-misses:u,1222944,100.00,,
     0.288181044,0,,cache-misses:u,1222880,100.00,,
     0.288181044,1619495,,bus-cycles:u,1222976,100.00,,
     0.288181044,1831230,,instructions:u,1222816,100.00,,
     0.289409553,92093,,branch-misses:u,1227328,100.00,,
     0.289409553,0,,cache-misses:u,1227072,100.00,,
     0.289409553,1629785,,bus-cycles:u,1226912,100.00,,
     0.289409553,1839191,,instructions:u,1226784,100.00,,
     0.290632077,91682,,branch-misses:u,1221984,100.00,,
     0.290632077,0,,cache-misses:u,1221440,100.00,,
     0.290632077,1622810,,bus-cycles:u,1221312,100.00,,
     0.290632077,1833099,,instructions:u,1221184,100.00,,
     0.291855336,91171,,branch-misses:u,1223872,100.00,,
     0.291855336,0,,cache-misses:u,1224128,100.00,,
     0.291855336,1621893,,bus-cycles:u,1224256,100.00,,
     0.291855336,1826140,,instructions:u,1224352,100.00,,
     0.293105740,93551,,branch-misses:u,1249952,100.00,,
     0.293105740,0,,cache-misses:u,1250208,100.00,,
     0.293105740,1662325,,bus-cycles:u,1250208,100.00,,
     0.293105740,1874490,,instructions:u,1250048,100.00,,
     0.294333737,91522,,branch-misses:u,1227616,100.00,,
     0.294333737,0,,cache-misses:u,1227232,100.00,,
     0.294333737,1630715,,bus-cycles:u,1227136,100.00,,
     0.294333737,1830270,,instructions:u,1227200,100.00,,
     0.295560293,91303,,branch-misses:u,1226368,100.00,,
     0.295560293,0,,cache-misses:u,1226304,100.00,,
     0.295560293,1624460,,bus-cycles:u,1226304,100.00,,
     0.295560293,1826180,,instructions:u,1226240,100.00,,
     0.296786978,91254,,branch-misses:u,1225440,100.00,,
     0.296786978,0,,cache-misses:u,1225280,100.00,,
     0.296786978,1628402,,bus-cycles:u,1225280,100.00,,
     0.296786978,1828870,,instructions:u,1225280,100.00,,
     0.298010333,91286,,branch-misses:u,1222848,100.00,,
     0.298010333,0,,cache-misses:u,1223136,100.00,,
     0.298010333,1626069,,bus-cycles:u,1223136,100.00,,
     0.298010333,1823020,,instructions:u,1223136,100.00,,
     0.299234489,91283,,branch-misses:u,1223872,100.00,,
     0.299234489,0,,cache-misses:u,1223648,100.00,,
     0.299234489,1626614,,bus-cycles:u,1223584,100.00,,
     0.299234489,1830240,,instructions:u,1223616,100.00,,
     0.300474010,91403,,branch-misses:u,1240096,100.00,,
     0.300474010,0,,cache-misses:u,1240160,100.00,,
     0.300474010,1642551,,bus-cycles:u,1240224,100.00,,
     0.300474010,1829150,,instructions:u,1240224,100.00,,
     0.301697109,91399,,branch-misses:u,1221728,100.00,,
     0.301697109,0,,cache-misses:u,1221728,100.00,,
     0.301697109,1623716,,bus-cycles:u,1221760,100.00,,
     0.301697109,1823250,,instructions:u,1221696,100.00,,
     0.302917968,91384,,branch-misses:u,1220416,100.00,,
     0.302917968,0,,cache-misses:u,1220480,100.00,,
     0.302917968,1621020,,bus-cycles:u,1220416,100.00,,
     0.302917968,1834777,,instructions:u,1220512,100.00,,
     0.304139499,91334,,branch-misses:u,1222656,100.00,,
     0.304139499,0,,cache-misses:u,1223008,100.00,,
     0.304139499,1619946,,bus-cycles:u,1223104,100.00,,
     0.304139499,1823963,,instructions:u,1223040,100.00,,
     0.305367880,92075,,branch-misses:u,1226816,100.00,,
     0.305367880,0,,cache-misses:u,1226912,100.00,,
     0.305367880,1631020,,bus-cycles:u,1226784,100.00,,
     0.305367880,1833728,,instructions:u,1226816,100.00,,
     0.306590340,91130,,branch-misses:u,1221888,100.00,,
     0.306590340,0,,cache-misses:u,1221440,100.00,,
     0.306590340,1623281,,bus-cycles:u,1221440,100.00,,
     0.306590340,1827392,,instructions:u,1221376,100.00,,
     0.307812639,90758,,branch-misses:u,1223040,100.00,,
     0.307812639,0,,cache-misses:u,1223488,100.00,,
     0.307812639,1620599,,bus-cycles:u,1223520,100.00,,
     0.307812639,1821500,,instructions:u,1223616,100.00,,
     0.309042621,92081,,branch-misses:u,1228672,100.00,,
     0.309042621,0,,cache-misses:u,1228096,100.00,,
     0.309042621,1631899,,bus-cycles:u,1228128,100.00,,
     0.309042621,1841810,,instructions:u,1228096,100.00,,
     0.310266488,91856,,branch-misses:u,1223392,100.00,,
     0.310266488,0,,cache-misses:u,1223488,100.00,,
     0.310266488,1625381,,bus-cycles:u,1223488,100.00,,
     0.310266488,1834740,,instructions:u,1223456,100.00,,
     0.311490612,90992,,branch-misses:u,1224608,100.00,,
     0.311490612,0,,cache-misses:u,1224608,100.00,,
     0.311490612,1621338,,bus-cycles:u,1224544,100.00,,
     0.311490612,1819120,,instructions:u,1224480,100.00,,
     0.312717809,91613,,branch-misses:u,1226144,100.00,,
     0.312717809,0,,cache-misses:u,1226176,100.00,,
     0.312717809,1629581,,bus-cycles:u,1226208,100.00,,
     0.312717809,1831400,,instructions:u,1226272,100.00,,
     0.313941357,91236,,branch-misses:u,1223200,100.00,,
     0.313941357,0,,cache-misses:u,1223104,100.00,,
     0.313941357,1624846,,bus-cycles:u,1223104,100.00,,
     0.313941357,1819650,,instructions:u,1223168,100.00,,
     0.315164584,90960,,branch-misses:u,1222880,100.00,,
     0.315164584,0,,cache-misses:u,1222816,100.00,,
     0.315164584,1623622,,bus-cycles:u,1222848,100.00,,
     0.315164584,1824190,,instructions:u,1222816,100.00,,
     0.316424910,93907,,branch-misses:u,1261184,100.00,,
     0.316424910,0,,cache-misses:u,1261792,100.00,,
     0.316424910,1670441,,bus-cycles:u,1261760,100.00,,
     0.316424910,1869180,,instructions:u,1261856,100.00,,
     0.317653067,91431,,branch-misses:u,1226560,100.00,,
     0.317653067,0,,cache-misses:u,1226272,100.00,,
     0.317653067,1628623,,bus-cycles:u,1226272,100.00,,
     0.317653067,1831400,,instructions:u,1226016,100.00,,
     0.318875879,91436,,branch-misses:u,1222496,100.00,,
     0.318875879,0,,cache-misses:u,1222240,100.00,,
     0.318875879,1623469,,bus-cycles:u,1222272,100.00,,
     0.318875879,1836980,,instructions:u,1222464,100.00,,
     0.320096994,91347,,branch-misses:u,1222048,100.00,,
     0.320096994,0,,cache-misses:u,1222592,100.00,,
     0.320096994,1618557,,bus-cycles:u,1222624,100.00,,
     0.320096994,1818910,,instructions:u,1222560,100.00,,
     0.321325343,91943,,branch-misses:u,1226720,100.00,,
     0.321325343,0,,cache-misses:u,1226144,100.00,,
     0.321325343,1628754,,bus-cycles:u,1226144,100.00,,
     0.321325343,1841310,,instructions:u,1226080,100.00,,
     0.322547610,91384,,branch-misses:u,1221888,100.00,,
     0.322547610,0,,cache-misses:u,1221920,100.00,,
     0.322547610,1622543,,bus-cycles:u,1221920,100.00,,
     0.322547610,1827200,,instructions:u,1222016,100.00,,
     0.323771414,90997,,branch-misses:u,1224608,100.00,,
     0.323771414,0,,cache-misses:u,1225280,100.00,,
     0.323771414,1621664,,bus-cycles:u,1225280,100.00,,
     0.323771414,1822530,,instructions:u,1225216,100.00,,
     0.325001748,91699,,branch-misses:u,1229664,100.00,,
     0.325001748,0,,cache-misses:u,1228960,100.00,,
     0.325001748,1632148,,bus-cycles:u,1228864,100.00,,
     0.325001748,1826920,,instructions:u,1228928,100.00,,
     0.326226704,91967,,branch-misses:u,1223840,100.00,,
     0.326226704,0,,cache-misses:u,1224064,100.00,,
     0.326226704,1625812,,bus-cycles:u,1224128,100.00,,
     0.326226704,1834840,,instructions:u,1224096,100.00,,
     0.327452332,90547,,branch-misses:u,1226464,100.00,,
     0.327452332,0,,cache-misses:u,1226880,100.00,,
     0.327452332,1608810,,bus-cycles:u,1226848,100.00,,
     0.327452332,1819010,,instructions:u,1226816,100.00,,
     0.328682058,91837,,branch-misses:u,1228288,100.00,,
     0.328682058,0,,cache-misses:u,1227616,100.00,,
     0.328682058,1629989,,bus-cycles:u,1227648,100.00,,
     0.328682058,1837730,,instructions:u,1227712,100.00,,
     0.329905925,91428,,branch-misses:u,1223296,100.00,,
     0.329905925,0,,cache-misses:u,1223424,100.00,,
     0.329905925,1624540,,bus-cycles:u,1223424,100.00,,
     0.329905925,1827550,,instructions:u,1223456,100.00,,
     0.331129505,91619,,branch-misses:u,1223392,100.00,,
     0.331129505,0,,cache-misses:u,1223424,100.00,,
     0.331129505,1625395,,bus-cycles:u,1223392,100.00,,
     0.331129505,1836580,,instructions:u,1223360,100.00,,
     0.332355037,91229,,branch-misses:u,1226432,100.00,,
     0.332355037,0,,cache-misses:u,1226304,100.00,,
     0.332355037,1622673,,bus-cycles:u,1226336,100.00,,
     0.332355037,1829330,,instructions:u,1226272,100.00,,
     0.333580666,91764,,branch-misses:u,1223936,100.00,,
     0.333580666,0,,cache-misses:u,1224000,100.00,,
     0.333580666,1625998,,bus-cycles:u,1224000,100.00,,
     0.333580666,1840240,,instructions:u,1224000,100.00,,
     0.334802805,91413,,branch-misses:u,1221760,100.00,,
     0.334802805,0,,cache-misses:u,1221824,100.00,,
     0.334802805,1623458,,bus-cycles:u,1221856,100.00,,
     0.334802805,1832410,,instructions:u,1221920,100.00,,
     0.336024304,91369,,branch-misses:u,1221952,100.00,,
     0.336024304,0,,cache-misses:u,1222080,100.00,,
     0.336024304,1618880,,bus-cycles:u,1222304,100.00,,
     0.336024304,1833410,,instructions:u,1222400,100.00,,
     0.337251949,91652,,branch-misses:u,1226656,100.00,,
     0.337251949,0,,cache-misses:u,1226944,100.00,,
     0.337251949,1630379,,bus-cycles:u,1226688,100.00,,
     0.337251949,1833830,,instructions:u,1226592,100.00,,
     0.338500112,93535,,branch-misses:u,1249248,100.00,,
     0.338500112,0,,cache-misses:u,1249664,100.00,,
     0.338500112,1661860,,bus-cycles:u,1250464,100.00,,
     0.338500112,1882250,,instructions:u,1250816,100.00,,
     0.339751891,93420,,branch-misses:u,1253248,100.00,,
     0.339751891,0,,cache-misses:u,1253952,100.00,,
     0.339751891,1660702,,bus-cycles:u,1253984,100.00,,
     0.339751891,1871010,,instructions:u,1254464,100.00,,
     0.341049028,96275,,branch-misses:u,1295584,100.00,,
     0.341049028,0,,cache-misses:u,1295328,100.00,,
     0.341049028,1721305,,bus-cycles:u,1295264,100.00,,
     0.341049028,1923080,,instructions:u,1295072,100.00,,
     0.342286980,92361,,branch-misses:u,1237088,100.00,,
     0.342286980,0,,cache-misses:u,1237280,100.00,,
     0.342286980,1643899,,bus-cycles:u,1236864,100.00,,
     0.342286980,1848800,,instructions:u,1236384,100.00,,
     0.343519810,91586,,branch-misses:u,1231904,100.00,,
     0.343519810,0,,cache-misses:u,1231136,100.00,,
     0.343519810,1628897,,bus-cycles:u,1230912,100.00,,
     0.343519810,1830090,,instructions:u,1230880,100.00,,
     0.344749856,91762,,branch-misses:u,1229472,100.00,,
     0.344749856,0,,cache-misses:u,1228800,100.00,,
     0.344749856,1632320,,bus-cycles:u,1228768,100.00,,
     0.344749856,1843270,,instructions:u,1228736,100.00,,
     0.345975900,91409,,branch-misses:u,1225408,100.00,,
     0.345975900,0,,cache-misses:u,1225408,100.00,,
     0.345975900,1628414,,bus-cycles:u,1225408,100.00,,
     0.345975900,1833620,,instructions:u,1225408,100.00,,
     0.347200472,91435,,branch-misses:u,1224352,100.00,,
     0.347200472,0,,cache-misses:u,1224384,100.00,,
     0.347200472,1626676,,bus-cycles:u,1224416,100.00,,
     0.347200472,1829400,,instructions:u,1224448,100.00,,
     0.348454940,93660,,branch-misses:u,1254816,100.00,,
     0.348454940,0,,cache-misses:u,1255808,100.00,,
     0.348454940,1665311,,bus-cycles:u,1256256,100.00,,
     0.348454940,1869230,,instructions:u,1256672,100.00,,
     0.349736329,95695,,branch-misses:u,1280736,100.00,,
     0.349736329,0,,cache-misses:u,1280640,100.00,,
     0.349736329,1701924,,bus-cycles:u,1280480,100.00,,
     0.349736329,1913160,,instructions:u,1280320,100.00,,
     0.350966150,91893,,branch-misses:u,1228608,100.00,,
     0.350966150,0,,cache-misses:u,1227840,100.00,,
     0.350966150,1630498,,bus-cycles:u,1227648,100.00,,
     0.350966150,1835181,,instructions:u,1227360,100.00,,
     0.352190370,91311,,branch-misses:u,1225120,100.00,,
     0.352190370,0,,cache-misses:u,1225856,100.00,,
     0.352190370,1621623,,bus-cycles:u,1225888,100.00,,
     0.352190370,1821569,,instructions:u,1225952,100.00,,
     0.353420159,91926,,branch-misses:u,1228096,100.00,,
     0.353420159,0,,cache-misses:u,1227328,100.00,,
     0.353420159,1629714,,bus-cycles:u,1227232,100.00,,
     0.353420159,1831460,,instructions:u,1227168,100.00,,
     0.354642875,91576,,branch-misses:u,1222176,100.00,,
     0.354642875,0,,cache-misses:u,1222048,100.00,,
     0.354642875,1623422,,bus-cycles:u,1221984,100.00,,
     0.354642875,1825860,,instructions:u,1222016,100.00,,
     0.355867479,91626,,branch-misses:u,1225248,100.00,,
     0.355867479,0,,cache-misses:u,1225344,100.00,,
     0.355867479,1622456,,bus-cycles:u,1225472,100.00,,
     0.355867479,1831020,,instructions:u,1225568,100.00,,
     0.357100725,92521,,branch-misses:u,1232096,100.00,,
     0.357100725,0,,cache-misses:u,1232288,100.00,,
     0.357100725,1636632,,bus-cycles:u,1232192,100.00,,
     0.357100725,1850906,,instructions:u,1232128,100.00,,
     0.358326162,91736,,branch-misses:u,1224896,100.00,,
     0.358326162,0,,cache-misses:u,1224736,100.00,,
     0.358326162,1626912,,bus-cycles:u,1224736,100.00,,
     0.358326162,1838064,,instructions:u,1224704,100.00,,
     0.359551438,91525,,branch-misses:u,1226016,100.00,,
     0.359551438,0,,cache-misses:u,1225888,100.00,,
     0.359551438,1623539,,bus-cycles:u,1225888,100.00,,
     0.359551438,1822648,,instructions:u,1225888,100.00,,
     0.360800401,93824,,branch-misses:u,1248608,100.00,,
     0.360800401,0,,cache-misses:u,1249376,100.00,,
     0.360800401,1660776,,bus-cycles:u,1249376,100.00,,
     0.360800401,1881292,,instructions:u,1249376,100.00,,
     0.362029390,91674,,branch-misses:u,1227744,100.00,,
     0.362029390,0,,cache-misses:u,1227168,100.00,,
     0.362029390,1630437,,bus-cycles:u,1227136,100.00,,
     0.362029390,1829360,,instructions:u,1227168,100.00,,
     0.363255402,91905,,branch-misses:u,1225536,100.00,,
     0.363255402,0,,cache-misses:u,1225568,100.00,,
     0.363255402,1628382,,bus-cycles:u,1225600,100.00,,
     0.363255402,1835320,,instructions:u,1225568,100.00,,
     0.364496011,92819,,branch-misses:u,1241056,100.00,,
     0.364496011,0,,cache-misses:u,1240896,100.00,,
     0.364496011,1644798,,bus-cycles:u,1240896,100.00,,
     0.364496011,1852280,,instructions:u,1240864,100.00,,
     0.365720551,91665,,branch-misses:u,1223328,100.00,,
     0.365720551,0,,cache-misses:u,1223264,100.00,,
     0.365720551,1625078,,bus-cycles:u,1223264,100.00,,
     0.365720551,1830002,,instructions:u,1223264,100.00,,
     0.366941890,90326,,branch-misses:u,1220928,100.00,,
     0.366941890,0,,cache-misses:u,1220896,100.00,,
     0.366941890,1622100,,bus-cycles:u,1220928,100.00,,
     0.366941890,1808648,,instructions:u,1220960,100.00,,
     0.368161917,91070,,branch-misses:u,1221120,100.00,,
     0.368161917,0,,cache-misses:u,1221280,100.00,,
     0.368161917,1618270,,bus-cycles:u,1221440,100.00,,
     0.368161917,1824372,,instructions:u,1221568,100.00,,
     0.369389497,91268,,branch-misses:u,1225888,100.00,,
     0.369389497,0,,cache-misses:u,1226240,100.00,,
     0.369389497,1628860,,bus-cycles:u,1226016,100.00,,
     0.369389497,1829418,,instructions:u,1225888,100.00,,
     0.370611221,91560,,branch-misses:u,1221376,100.00,,
     0.370611221,0,,cache-misses:u,1220928,100.00,,
     0.370611221,1621943,,bus-cycles:u,1220992,100.00,,
     0.370611221,1822480,,instructions:u,1220960,100.00,,
     0.371835601,90995,,branch-misses:u,1225568,100.00,,
     0.371835601,0,,cache-misses:u,1226080,100.00,,
     0.371835601,1619563,,bus-cycles:u,1226144,100.00,,
     0.371835601,1822260,,instructions:u,1226304,100.00,,
     0.373066606,91469,,branch-misses:u,1229312,100.00,,
     0.373066606,0,,cache-misses:u,1228992,100.00,,
     0.373066606,1632069,,bus-cycles:u,1228928,100.00,,
     0.373066606,1826990,,instructions:u,1228768,100.00,,
     0.374291915,91780,,branch-misses:u,1224896,100.00,,
     0.374291915,0,,cache-misses:u,1224896,100.00,,
     0.374291915,1626587,,bus-cycles:u,1224864,100.00,,
     0.374291915,1830526,,instructions:u,1224896,100.00,,
     0.375516423,92000,,branch-misses:u,1225984,100.00,,
     0.375516423,0,,cache-misses:u,1226400,100.00,,
     0.375516423,1623742,,bus-cycles:u,1227008,100.00,,
     0.375516423,1837454,,instructions:u,1227584,100.00,,
     0.376755847,92909,,branch-misses:u,1238112,100.00,,
     0.376755847,0,,cache-misses:u,1238080,100.00,,
     0.376755847,1643842,,bus-cycles:u,1237504,100.00,,
     0.376755847,1853560,,instructions:u,1236928,100.00,,
     0.377983428,91973,,branch-misses:u,1227008,100.00,,
     0.377983428,0,,cache-misses:u,1226496,100.00,,
     0.377983428,1628625,,bus-cycles:u,1226464,100.00,,
     0.377983428,1839220,,instructions:u,1226496,100.00,,
     0.379209984,92205,,branch-misses:u,1225696,100.00,,
     0.379209984,0,,cache-misses:u,1225632,100.00,,
     0.379209984,1627893,,bus-cycles:u,1225600,100.00,,
     0.379209984,1837700,,instructions:u,1225600,100.00,,
     0.380451425,92708,,branch-misses:u,1241920,100.00,,
     0.380451425,0,,cache-misses:u,1241920,100.00,,
     0.380451425,1643899,,bus-cycles:u,1242016,100.00,,
     0.380451425,1858390,,instructions:u,1242080,100.00,,
     0.381676157,91687,,branch-misses:u,1223456,100.00,,
     0.381676157,0,,cache-misses:u,1223520,100.00,,
     0.381676157,1625184,,bus-cycles:u,1223552,100.00,,
     0.381676157,1834510,,instructions:u,1223456,100.00,,
     0.382897336,91337,,branch-misses:u,1220704,100.00,,
     0.382897336,0,,cache-misses:u,1220608,100.00,,
     0.382897336,1622231,,bus-cycles:u,1220576,100.00,,
     0.382897336,1830610,,instructions:u,1220544,100.00,,
     0.384137945,92636,,branch-misses:u,1241984,100.00,,
     0.384137945,0,,cache-misses:u,1242656,100.00,,
     0.384137945,1645720,,bus-cycles:u,1242688,100.00,,
     0.384137945,1856980,,instructions:u,1242752,100.00,,
     0.385367414,92085,,branch-misses:u,1228160,100.00,,
     0.385367414,0,,cache-misses:u,1227520,100.00,,
     0.385367414,1630265,,bus-cycles:u,1227424,100.00,,
     0.385367414,1843250,,instructions:u,1227360,100.00,,
     0.386589745,91390,,branch-misses:u,1221120,100.00,,
     0.386589745,0,,cache-misses:u,1221152,100.00,,
     0.386589745,1622253,,bus-cycles:u,1221184,100.00,,
     0.386589745,1829090,,instructions:u,1221248,100.00,,
     0.387813389,91614,,branch-misses:u,1224352,100.00,,
     0.387813389,0,,cache-misses:u,1224512,100.00,,
     0.387813389,1621741,,bus-cycles:u,1224672,100.00,,
     0.387813389,1837070,,instructions:u,1224864,100.00,,
     0.389045707,92700,,branch-misses:u,1231040,100.00,,
     0.389045707,0,,cache-misses:u,1230912,100.00,,
     0.389045707,1634898,,bus-cycles:u,1230720,100.00,,
     0.389045707,1848040,,instructions:u,1230624,100.00,,
     0.390268647,91527,,branch-misses:u,1222528,100.00,,
     0.390268647,0,,cache-misses:u,1222688,100.00,,
     0.390268647,1623537,,bus-cycles:u,1222752,100.00,,
     0.390268647,1828350,,instructions:u,1222720,100.00,,
     0.391492835,90898,,branch-misses:u,1224640,100.00,,
     0.391492835,0,,cache-misses:u,1224608,100.00,,
     0.391492835,1622267,,bus-cycles:u,1224576,100.00,,
     0.391492835,1816610,,instructions:u,1224512,100.00,,
     0.392718591,91448,,branch-misses:u,1224736,100.00,,
     0.392718591,0,,cache-misses:u,1224960,100.00,,
     0.392718591,1626729,,bus-cycles:u,1224960,100.00,,
     0.392718591,1825960,,instructions:u,1224960,100.00,,
     0.393941498,91536,,branch-misses:u,1222560,100.00,,
     0.393941498,0,,cache-misses:u,1222592,100.00,,
     0.393941498,1623898,,bus-cycles:u,1222560,100.00,,
     0.393941498,1830210,,instructions:u,1222528,100.00,,
     0.395163798,91672,,branch-misses:u,1221888,100.00,,
     0.395163798,0,,cache-misses:u,1221536,100.00,,
     0.395163798,1622336,,bus-cycles:u,1221632,100.00,,
     0.395163798,1833720,,instructions:u,1221664,100.00,,
     0.396401429,92571,,branch-misses:u,1237824,100.00,,
     0.396401429,0,,cache-misses:u,1237920,100.00,,
     0.396401429,1638059,,bus-cycles:u,1237984,100.00,,
     0.396401429,1849440,,instructions:u,1238080,100.00,,
     0.397621744,91720,,branch-misses:u,1219392,100.00,,
     0.397621744,0,,cache-misses:u,1219296,100.00,,
     0.397621744,1619294,,bus-cycles:u,1219200,100.00,,
     0.397621744,1824240,,instructions:u,1219104,100.00,,
     0.398841579,90807,,branch-misses:u,1219424,100.00,,
     0.398841579,0,,cache-misses:u,1219328,100.00,,
     0.398841579,1618950,,bus-cycles:u,1219328,100.00,,
     0.398841579,1818090,,instructions:u,1219296,100.00,,
     0.400062054,90625,,branch-misses:u,1221376,100.00,,
     0.400062054,0,,cache-misses:u,1221408,100.00,,
     0.400062054,1615645,,bus-cycles:u,1221440,100.00,,
     0.400062054,1819980,,instructions:u,1221504,100.00,,
     0.401288994,91988,,branch-misses:u,1225440,100.00,,
     0.401288994,0,,cache-misses:u,1225408,100.00,,
     0.401288994,1627046,,bus-cycles:u,1225312,100.00,,
     0.401288994,1836610,,instructions:u,1225344,100.00,,
     0.402510045,90039,,branch-misses:u,1220704,100.00,,
     0.402510045,0,,cache-misses:u,1220640,100.00,,
     0.402510045,1621005,,bus-cycles:u,1220736,100.00,,
     0.402510045,1800670,,instructions:u,1220672,100.00,,
     0.403730840,90493,,branch-misses:u,1221632,100.00,,
     0.403730840,0,,cache-misses:u,1222368,100.00,,
     0.403730840,1617272,,bus-cycles:u,1222336,100.00,,
     0.403730840,1819520,,instructions:u,1222304,100.00,,
     0.404959637,91806,,branch-misses:u,1227936,100.00,,
     0.404959637,0,,cache-misses:u,1227872,100.00,,
     0.404959637,1629757,,bus-cycles:u,1227840,100.00,,
     0.404959637,1836360,,instructions:u,1227840,100.00,,
     0.406203991,92644,,branch-misses:u,1244416,100.00,,
     0.406203991,0,,cache-misses:u,1244352,100.00,,
     0.406203991,1651470,,bus-cycles:u,1244352,100.00,,
     0.406203991,1854980,,instructions:u,1244384,100.00,,
     0.407441943,91999,,branch-misses:u,1238368,100.00,,
     0.407441943,0,,cache-misses:u,1239232,100.00,,
     0.407441943,1641880,,bus-cycles:u,1239872,100.00,,
     0.407441943,1849370,,instructions:u,1240512,100.00,,
     0.408714176,94991,,branch-misses:u,1273568,100.00,,
     0.408714176,0,,cache-misses:u,1274368,100.00,,
     0.408714176,1693321,,bus-cycles:u,1275200,100.00,,
     0.408714176,1904270,,instructions:u,1276064,100.00,,
     0.410020148,97316,,branch-misses:u,1304288,100.00,,
     0.410020148,0,,cache-misses:u,1303264,100.00,,
     0.410020148,1730181,,bus-cycles:u,1302528,100.00,,
     0.410020148,1938854,,instructions:u,1301664,100.00,,
     0.411259252,92376,,branch-misses:u,1238368,100.00,,
     0.411259252,0,,cache-misses:u,1238432,100.00,,
     0.411259252,1644216,,bus-cycles:u,1237888,100.00,,
     0.411259252,1841526,,instructions:u,1237408,100.00,,
     0.412512184,93248,,branch-misses:u,1251744,100.00,,
     0.412512184,0,,cache-misses:u,1251104,100.00,,
     0.412512184,1656765,,bus-cycles:u,1251008,100.00,,
     0.412512184,1869040,,instructions:u,1250848,100.00,,
     0.413738100,91329,,branch-misses:u,1224640,100.00,,
     0.413738100,0,,cache-misses:u,1223968,100.00,,
     0.413738100,1624632,,bus-cycles:u,1223872,100.00,,
     0.413738100,1816780,,instructions:u,1223808,100.00,,
     0.414960559,91384,,branch-misses:u,1222016,100.00,,
     0.414960559,0,,cache-misses:u,1222176,100.00,,
     0.414960559,1622353,,bus-cycles:u,1222208,100.00,,
     0.414960559,1826220,,instructions:u,1222208,100.00,,
     0.416184619,91569,,branch-misses:u,1225152,100.00,,
     0.416184619,0,,cache-misses:u,1225568,100.00,,
     0.416184619,1622242,,bus-cycles:u,1225536,100.00,,
     0.416184619,1827010,,instructions:u,1225504,100.00,,
     0.417423275,92876,,branch-misses:u,1239552,100.00,,
     0.417423275,0,,cache-misses:u,1240928,100.00,,
     0.417423275,1649303,,bus-cycles:u,1242560,100.00,,
     0.417423275,1864880,,instructions:u,1244320,100.00,,
     0.418684914,94199,,branch-misses:u,1260320,100.00,,
     0.418684914,0,,cache-misses:u,1259392,100.00,,
     0.418684914,1670543,,bus-cycles:u,1258336,100.00,,
     0.418684914,1883760,,instructions:u,1257280,100.00,,
     0.419920433,92004,,branch-misses:u,1235584,100.00,,
     0.419920433,0,,cache-misses:u,1235584,100.00,,
     0.419920433,1634645,,bus-cycles:u,1235616,100.00,,
     0.419920433,1842264,,instructions:u,1235616,100.00,,
     0.421158673,92027,,branch-misses:u,1237344,100.00,,
     0.421158673,0,,cache-misses:u,1236768,100.00,,
     0.421158673,1640518,,bus-cycles:u,1236288,100.00,,
     0.421158673,1841476,,instructions:u,1235776,100.00,,
     0.422388238,90883,,branch-misses:u,1227712,100.00,,
     0.422388238,0,,cache-misses:u,1227936,100.00,,
     0.422388238,1629428,,bus-cycles:u,1227808,100.00,,
     0.422388238,1812530,,instructions:u,1227648,100.00,,
     0.423615467,90505,,branch-misses:u,1227744,100.00,,
     0.423615467,0,,cache-misses:u,1227200,100.00,,
     0.423615467,1623654,,bus-cycles:u,1227232,100.00,,
     0.423615467,1805460,,instructions:u,1227232,100.00,,
     0.424843976,91803,,branch-misses:u,1227104,100.00,,
     0.424843976,0,,cache-misses:u,1227040,100.00,,
     0.424843976,1628874,,bus-cycles:u,1226976,100.00,,
     0.424843976,1834640,,instructions:u,1226912,100.00,,
     0.426068164,91615,,branch-misses:u,1223904,100.00,,
     0.426068164,0,,cache-misses:u,1224000,100.00,,
     0.426068164,1625257,,bus-cycles:u,1223968,100.00,,
     0.426068164,1834000,,instructions:u,1224064,100.00,,
     0.427292704,91245,,branch-misses:u,1224192,100.00,,
     0.427292704,0,,cache-misses:u,1235680,100.00,,
     0.427292704,1636865,,bus-cycles:u,1235808,100.00,,
     0.427292704,1835320,,instructions:u,1235872,100.00,,
     0.428535137,92624,,branch-misses:u,1242240,100.00,,
     0.428535137,0,,cache-misses:u,1230880,100.00,,
     0.428535137,1633899,,bus-cycles:u,1230880,100.00,,
     0.428535137,1838600,,instructions:u,1230816,100.00,,
     0.429782467,93010,,branch-misses:u,1247840,100.00,,
     0.429782467,0,,cache-misses:u,1247680,100.00,,
     0.429782467,1656509,,bus-cycles:u,1247584,100.00,,
     0.429782467,1862370,,instructions:u,1247552,100.00,,
     0.431008608,91572,,branch-misses:u,1224768,100.00,,
     0.431008608,0,,cache-misses:u,1224640,100.00,,
     0.431008608,1626259,,bus-cycles:u,1224704,100.00,,
     0.431008608,1838250,,instructions:u,1224768,100.00,,
     0.432232060,91354,,branch-misses:u,1224288,100.00,,
     0.432232060,0,,cache-misses:u,1224448,100.00,,
     0.432232060,1621185,,bus-cycles:u,1224512,100.00,,
     0.432232060,1828760,,instructions:u,1224608,100.00,,
     0.433463578,91693,,branch-misses:u,1230080,100.00,,
     0.433463578,0,,cache-misses:u,1230080,100.00,,
     0.433463578,1633554,,bus-cycles:u,1229952,100.00,,
     0.433463578,1838390,,instructions:u,1229792,100.00,,
     0.434685397,90197,,branch-misses:u,1221312,100.00,,
     0.434685397,0,,cache-misses:u,1221216,100.00,,
     0.434685397,1622123,,bus-cycles:u,1221184,100.00,,
     0.434685397,1800500,,instructions:u,1221216,100.00,,
     0.435908464,90550,,branch-misses:u,1223872,100.00,,
     0.435908464,0,,cache-misses:u,1224384,100.00,,
     0.435908464,1621355,,bus-cycles:u,1224416,100.00,,
     0.435908464,1814190,,instructions:u,1224384,100.00,,
     0.437137998,92276,,branch-misses:u,1228800,100.00,,
     0.437137998,0,,cache-misses:u,1228480,100.00,,
     0.437137998,1630564,,bus-cycles:u,1228512,100.00,,
     0.437137998,1847330,,instructions:u,1228512,100.00,,
     0.438362890,91232,,branch-misses:u,1223776,100.00,,
     0.438362890,0,,cache-misses:u,1223520,100.00,,
     0.438362890,1624210,,bus-cycles:u,1223488,100.00,,
     0.438362890,1828780,,instructions:u,1223456,100.00,,
     0.439589126,91457,,branch-misses:u,1226784,100.00,,
     0.439589126,0,,cache-misses:u,1226816,100.00,,
     0.439589126,1624443,,bus-cycles:u,1227072,100.00,,
     0.439589126,1826210,,instructions:u,1227136,100.00,,
     0.440816579,92114,,branch-misses:u,1226240,100.00,,
     0.440816579,0,,cache-misses:u,1226272,100.00,,
     0.440816579,1628052,,bus-cycles:u,1225984,100.00,,
     0.440816579,1843654,,instructions:u,1225984,100.00,,
     0.442040031,92104,,branch-misses:u,1223008,100.00,,
     0.442040031,0,,cache-misses:u,1222944,100.00,,
     0.442040031,1623638,,bus-cycles:u,1222976,100.00,,
     0.442040031,1826136,,instructions:u,1222944,100.00,,
     0.443263226,91958,,branch-misses:u,1223008,100.00,,
     0.443263226,0,,cache-misses:u,1223008,100.00,,
     0.443263226,1623518,,bus-cycles:u,1223008,100.00,,
     0.443263226,1839690,,instructions:u,1223008,100.00,,
     0.444501274,92489,,branch-misses:u,1238720,100.00,,
     0.444501274,0,,cache-misses:u,1238752,100.00,,
     0.444501274,1640967,,bus-cycles:u,1238784,100.00,,
     0.444501274,1849150,,instructions:u,1238848,100.00,,
     0.445725206,91569,,branch-misses:u,1222496,100.00,,
     0.445725206,0,,cache-misses:u,1222624,100.00,,
     0.445725206,1622651,,bus-cycles:u,1222592,100.00,,
     0.445725206,1828440,,instructions:u,1222496,100.00,,
     0.446947569,91334,,branch-misses:u,1221984,100.00,,
     0.446947569,0,,cache-misses:u,1221824,100.00,,
     0.446947569,1621341,,bus-cycles:u,1221824,100.00,,
     0.446947569,1829974,,instructions:u,1221888,100.00,,
     0.448169164,91594,,branch-misses:u,1222688,100.00,,
     0.448169164,0,,cache-misses:u,1223232,100.00,,
     0.448169164,1617334,,bus-cycles:u,1223200,100.00,,
     0.448169164,1823826,,instructions:u,1223232,100.00,,
     0.449396809,91713,,branch-misses:u,1225952,100.00,,
     0.449396809,0,,cache-misses:u,1225440,100.00,,
     0.449396809,1627248,,bus-cycles:u,1225440,100.00,,
     0.449396809,1838750,,instructions:u,1225408,100.00,,
     0.450618500,91563,,branch-misses:u,1221216,100.00,,
     0.450618500,0,,cache-misses:u,1221152,100.00,,
     0.450618500,1621532,,bus-cycles:u,1221216,100.00,,
     0.450618500,1837630,,instructions:u,1221184,100.00,,
     0.451861958,93193,,branch-misses:u,1244832,100.00,,
     0.451861958,0,,cache-misses:u,1245664,100.00,,
     0.451861958,1647963,,bus-cycles:u,1245696,100.00,,
     0.451861958,1853540,,instructions:u,1245728,100.00,,
     0.453095556,92341,,branch-misses:u,1232224,100.00,,
     0.453095556,0,,cache-misses:u,1231520,100.00,,
     0.453095556,1634784,,bus-cycles:u,1231392,100.00,,
     0.453095556,1844180,,instructions:u,1231392,100.00,,
     0.454320865,91776,,branch-misses:u,1224320,100.00,,
     0.454320865,0,,cache-misses:u,1224512,100.00,,
     0.454320865,1625442,,bus-cycles:u,1224576,100.00,,
     0.454320865,1833540,,instructions:u,1224544,100.00,,
     0.455546237,91675,,branch-misses:u,1225984,100.00,,
     0.455546237,0,,cache-misses:u,1225760,100.00,,
     0.455546237,1622072,,bus-cycles:u,1225728,100.00,,
     0.455546237,1829836,,instructions:u,1225824,100.00,,
     0.456773978,92082,,branch-misses:u,1226432,100.00,,
     0.456773978,0,,cache-misses:u,1226432,100.00,,
     0.456773978,1628182,,bus-cycles:u,1226432,100.00,,
     0.456773978,1834474,,instructions:u,1226304,100.00,,
     0.457996821,91387,,branch-misses:u,1222496,100.00,,
     0.457996821,0,,cache-misses:u,1222464,100.00,,
     0.457996821,1623889,,bus-cycles:u,1222528,100.00,,
     0.457996821,1829370,,instructions:u,1222560,100.00,,
     0.459219633,91508,,branch-misses:u,1222496,100.00,,
     0.459219633,0,,cache-misses:u,1222528,100.00,,
     0.459219633,1623530,,bus-cycles:u,1222464,100.00,,
     0.459219633,1837810,,instructions:u,1222464,100.00,,
     0.460458545,92614,,branch-misses:u,1239360,100.00,,
     0.460458545,0,,cache-misses:u,1239392,100.00,,
     0.460458545,1641040,,bus-cycles:u,1239392,100.00,,
     0.460458545,1855231,,instructions:u,1239456,100.00,,
     0.461681484,91691,,branch-misses:u,1221728,100.00,,
     0.461681484,0,,cache-misses:u,1221728,100.00,,
     0.461681484,1622871,,bus-cycles:u,1221728,100.00,,
     0.461681484,1832339,,instructions:u,1221696,100.00,,
     0.462903688,91771,,branch-misses:u,1221856,100.00,,
     0.462903688,0,,cache-misses:u,1221792,100.00,,
     0.462903688,1623291,,bus-cycles:u,1221824,100.00,,
     0.462903688,1828890,,instructions:u,1221792,100.00,,
     0.464124835,91615,,branch-misses:u,1221952,100.00,,
     0.464124835,0,,cache-misses:u,1221984,100.00,,
     0.464124835,1618817,,bus-cycles:u,1221984,100.00,,
     0.464124835,1830800,,instructions:u,1222016,100.00,,
     0.465352351,92204,,branch-misses:u,1226016,100.00,,
     0.465352351,0,,cache-misses:u,1226016,100.00,,
     0.465352351,1628796,,bus-cycles:u,1225984,100.00,,
     0.465352351,1845180,,instructions:u,1225920,100.00,,
     0.466573979,91559,,branch-misses:u,1221408,100.00,,
     0.466573979,0,,cache-misses:u,1221376,100.00,,
     0.466573979,1621601,,bus-cycles:u,1221408,100.00,,
     0.466573979,1838130,,instructions:u,1221504,100.00,,
     0.467797686,91496,,branch-misses:u,1224352,100.00,,
     0.467797686,0,,cache-misses:u,1224480,100.00,,
     0.467797686,1621485,,bus-cycles:u,1224736,100.00,,
     0.467797686,1826660,,instructions:u,1225216,100.00,,
     0.469027988,92533,,branch-misses:u,1228960,100.00,,
     0.469027988,0,,cache-misses:u,1229504,100.00,,
     0.469027988,1632907,,bus-cycles:u,1229536,100.00,,
     0.469027988,1848547,,instructions:u,1229312,100.00,,
     0.470253424,91935,,branch-misses:u,1225184,100.00,,
     0.470253424,0,,cache-misses:u,1224512,100.00,,
     0.470253424,1626554,,bus-cycles:u,1224224,100.00,,
     0.470253424,1849893,,instructions:u,1223936,100.00,,
     0.471478860,91501,,branch-misses:u,1225888,100.00,,
     0.471478860,0,,cache-misses:u,1226432,100.00,,
     0.471478860,1625954,,bus-cycles:u,1226528,100.00,,
     0.471478860,1838710,,instructions:u,1226496,100.00,,
     0.472706505,92035,,branch-misses:u,1226496,100.00,,
     0.472706505,0,,cache-misses:u,1226336,100.00,,
     0.472706505,1629741,,bus-cycles:u,1226304,100.00,,
     0.472706505,1840270,,instructions:u,1226400,100.00,,
     0.473951595,93381,,branch-misses:u,1245536,100.00,,
     0.473951595,0,,cache-misses:u,1245664,100.00,,
     0.473951595,1655096,,bus-cycles:u,1245632,100.00,,
     0.473951595,1870740,,instructions:u,1245632,100.00,,
     0.475179592,91442,,branch-misses:u,1226720,100.00,,
     0.475179592,0,,cache-misses:u,1226720,100.00,,
     0.475179592,1628888,,bus-cycles:u,1226752,100.00,,
     0.475179592,1830140,,instructions:u,1226688,100.00,,
     0.476421257,93042,,branch-misses:u,1242208,100.00,,
     0.476421257,0,,cache-misses:u,1242144,100.00,,
     0.476421257,1644216,,bus-cycles:u,1242112,100.00,,
     0.476421257,1863360,,instructions:u,1242240,100.00,,
     0.477645221,91922,,branch-misses:u,1222752,100.00,,
     0.477645221,0,,cache-misses:u,1222592,100.00,,
     0.477645221,1623899,,bus-cycles:u,1222592,100.00,,
     0.477645221,1834048,,instructions:u,1222560,100.00,,
     0.478867552,91549,,branch-misses:u,1221984,100.00,,
     0.478867552,0,,cache-misses:u,1222080,100.00,,
     0.478867552,1622998,,bus-cycles:u,1222080,100.00,,
     0.478867552,1829392,,instructions:u,1222016,100.00,,
     0.480088699,91343,,branch-misses:u,1221664,100.00,,
     0.480088699,0,,cache-misses:u,1221888,100.00,,
     0.480088699,1619562,,bus-cycles:u,1221952,100.00,,
     0.480088699,1829800,,instructions:u,1221856,100.00,,
     0.481316184,92129,,branch-misses:u,1226944,100.00,,
     0.481316184,0,,cache-misses:u,1226688,100.00,,
     0.481316184,1630453,,bus-cycles:u,1226624,100.00,,
     0.481316184,1847130,,instructions:u,1226688,100.00,,
     0.482539700,91209,,branch-misses:u,1222464,100.00,,
     0.482539700,0,,cache-misses:u,1222592,100.00,,
     0.482539700,1624682,,bus-cycles:u,1222592,100.00,,
     0.482539700,1822220,,instructions:u,1222560,100.00,,
     0.483763759,91265,,branch-misses:u,1225376,100.00,,
     0.483763759,0,,cache-misses:u,1225568,100.00,,
     0.483763759,1623922,,bus-cycles:u,1226144,100.00,,
     0.483763759,1830930,,instructions:u,1226336,100.00,,
     0.485001327,92870,,branch-misses:u,1236416,100.00,,
     0.485001327,0,,cache-misses:u,1236192,100.00,,
     0.485001327,1641819,,bus-cycles:u,1235680,100.00,,
     0.485001327,1858810,,instructions:u,1235552,100.00,,
     0.486228524,91990,,branch-misses:u,1226624,100.00,,
     0.486228524,0,,cache-misses:u,1226272,100.00,,
     0.486228524,1629308,,bus-cycles:u,1226144,100.00,,
     0.486228524,1841320,,instructions:u,1226144,100.00,,
     0.487454696,91592,,branch-misses:u,1226048,100.00,,
     0.487454696,0,,cache-misses:u,1226464,100.00,,
     0.487454696,1624474,,bus-cycles:u,1226560,100.00,,
     0.487454696,1828950,,instructions:u,1226560,100.00,,
     0.488682213,92026,,branch-misses:u,1226400,100.00,,
     0.488682213,0,,cache-misses:u,1225984,100.00,,
     0.488682213,1628209,,bus-cycles:u,1225920,100.00,,
     0.488682213,1834850,,instructions:u,1225952,100.00,,
     0.489907329,91896,,branch-misses:u,1224768,100.00,,
     0.489907329,0,,cache-misses:u,1225152,100.00,,
     0.489907329,1627153,,bus-cycles:u,1225152,100.00,,
     0.489907329,1837290,,instructions:u,1225120,100.00,,
     0.491131165,92082,,branch-misses:u,1223456,100.00,,
     0.491131165,0,,cache-misses:u,1223456,100.00,,
     0.491131165,1625179,,bus-cycles:u,1223456,100.00,,
     0.491131165,1841860,,instructions:u,1223456,100.00,,
     0.492356281,91714,,branch-misses:u,1225472,100.00,,
     0.492356281,0,,cache-misses:u,1225088,100.00,,
     0.492356281,1622195,,bus-cycles:u,1225152,100.00,,
     0.492356281,1830550,,instructions:u,1225216,100.00,,
     0.493581205,91958,,branch-misses:u,1223936,100.00,,
     0.493581205,0,,cache-misses:u,1224320,100.00,,
     0.493581205,1625732,,bus-cycles:u,1224256,100.00,,
     0.493581205,1846570,,instructions:u,1224256,100.00,,
     0.494804433,91883,,branch-misses:u,1222912,100.00,,
     0.494804433,0,,cache-misses:u,1222912,100.00,,
     0.494804433,1625037,,bus-cycles:u,1222880,100.00,,
     0.494804433,1830660,,instructions:u,1222784,100.00,,
     0.496027212,91302,,branch-misses:u,1223744,100.00,,
     0.496027212,0,,cache-misses:u,1223776,100.00,,
     0.496027212,1618064,,bus-cycles:u,1223872,100.00,,
     0.496027212,1825300,,instructions:u,1223968,100.00,,
     0.497276559,93603,,branch-misses:u,1248448,100.00,,
     0.497276559,0,,cache-misses:u,1248448,100.00,,
     0.497276559,1658593,,bus-cycles:u,1248384,100.00,,
     0.497276559,1874220,,instructions:u,1248384,100.00,,
     0.498502220,91854,,branch-misses:u,1224448,100.00,,
     0.498502220,0,,cache-misses:u,1224416,100.00,,
     0.498502220,1626836,,bus-cycles:u,1224448,100.00,,
     0.498502220,1836800,,instructions:u,1224384,100.00,,
     0.499726344,91542,,branch-misses:u,1225312,100.00,,
     0.499726344,0,,cache-misses:u,1225088,100.00,,
     0.499726344,1621215,,bus-cycles:u,1225056,100.00,,
     0.499726344,1831450,,instructions:u,1224992,100.00,,
     0.500957605,91253,,branch-misses:u,1229504,100.00,,
     0.500957605,0,,cache-misses:u,1229760,100.00,,
     0.500957605,1633290,,bus-cycles:u,1229792,100.00,,
     0.500957605,1822270,,instructions:u,1229824,100.00,,
     0.502182434,91219,,branch-misses:u,1224416,100.00,,
     0.502182434,0,,cache-misses:u,1224288,100.00,,
     0.502182434,1626074,,bus-cycles:u,1224256,100.00,,
     0.502182434,1826531,,instructions:u,1224288,100.00,,
     0.503408734,91752,,branch-misses:u,1226592,100.00,,
     0.503408734,0,,cache-misses:u,1226240,100.00,,
     0.503408734,1624397,,bus-cycles:u,1226240,100.00,,
     0.503408734,1836610,,instructions:u,1226208,100.00,,
     0.504635643,91375,,branch-misses:u,1225984,100.00,,
     0.504635643,0,,cache-misses:u,1226016,100.00,,
     0.504635643,1628721,,bus-cycles:u,1226048,100.00,,
     0.504635643,1829809,,instructions:u,1226048,100.00,,
     0.505859703,90889,,branch-misses:u,1223552,100.00,,
     0.505859703,0,,cache-misses:u,1223552,100.00,,
     0.505859703,1625351,,bus-cycles:u,1223520,100.00,,
     0.505859703,1814680,,instructions:u,1223552,100.00,,
     0.507083698,91812,,branch-misses:u,1223584,100.00,,
     0.507083698,0,,cache-misses:u,1224096,100.00,,
     0.507083698,1625402,,bus-cycles:u,1224096,100.00,,
     0.507083698,1832270,,instructions:u,1224064,100.00,,
     0.508309199,91847,,branch-misses:u,1225984,100.00,,
     0.508309199,0,,cache-misses:u,1225472,100.00,,
     0.508309199,1622008,,bus-cycles:u,1225472,100.00,,
     0.508309199,1841790,,instructions:u,1225472,100.00,,
     0.509534443,91833,,branch-misses:u,1225120,100.00,,
     0.509534443,0,,cache-misses:u,1225728,100.00,,
     0.509534443,1627442,,bus-cycles:u,1225760,100.00,,
     0.509534443,1838820,,instructions:u,1225792,100.00,,
     0.510760135,92164,,branch-misses:u,1224352,100.00,,
     0.510760135,0,,cache-misses:u,1224096,100.00,,
     0.510760135,1626071,,bus-cycles:u,1224064,100.00,,
     0.510760135,1838570,,instructions:u,1224064,100.00,,
     0.511982498,91321,,branch-misses:u,1223200,100.00,,
     0.511982498,0,,cache-misses:u,1223488,100.00,,
     0.511982498,1619752,,bus-cycles:u,1223616,100.00,,
     0.511982498,1828370,,instructions:u,1223744,100.00,,
     0.513210944,91687,,branch-misses:u,1227008,100.00,,
     0.513210944,0,,cache-misses:u,1226816,100.00,,
     0.513210944,1628798,,bus-cycles:u,1226688,100.00,,
     0.513210944,1836120,,instructions:u,1226592,100.00,,
     0.514433627,91546,,branch-misses:u,1222176,100.00,,
     0.514433627,0,,cache-misses:u,1221664,100.00,,
     0.514433627,1621983,,bus-cycles:u,1221696,100.00,,
     0.514433627,1834150,,instructions:u,1221664,100.00,,
     0.515656599,91738,,branch-misses:u,1223680,100.00,,
     0.515656599,0,,cache-misses:u,1223904,100.00,,
     0.515656599,1620212,,bus-cycles:u,1224064,100.00,,
     0.515656599,1830200,,instructions:u,1224192,100.00,,
     0.516886484,92423,,branch-misses:u,1228704,100.00,,
     0.516886484,0,,cache-misses:u,1228640,100.00,,
     0.516886484,1632256,,bus-cycles:u,1228480,100.00,,
     0.516886484,1849730,,instructions:u,1228320,100.00,,
     0.518110864,91756,,branch-misses:u,1223808,100.00,,
     0.518110864,0,,cache-misses:u,1223584,100.00,,
     0.518110864,1624759,,bus-cycles:u,1223552,100.00,,
     0.518110864,1835546,,instructions:u,1223552,100.00,,
     0.519353841,92880,,branch-misses:u,1243872,100.00,,
     0.519353841,0,,cache-misses:u,1244448,100.00,,
     0.519353841,1647973,,bus-cycles:u,1244480,100.00,,
     0.519353841,1851054,,instructions:u,1244512,100.00,,
     0.520583183,91968,,branch-misses:u,1228512,100.00,,
     0.520583183,0,,cache-misses:u,1228448,100.00,,
     0.520583183,1632049,,bus-cycles:u,1228448,100.00,,
     0.520583183,1840820,,instructions:u,1228416,100.00,,
     0.521808523,92016,,branch-misses:u,1224320,100.00,,
     0.521808523,0,,cache-misses:u,1223840,100.00,,
     0.521808523,1626365,,bus-cycles:u,1223808,100.00,,
     0.521808523,1839290,,instructions:u,1223808,100.00,,
     0.523032999,92130,,branch-misses:u,1224032,100.00,,
     0.523032999,0,,cache-misses:u,1224032,100.00,,
     0.523032999,1626462,,bus-cycles:u,1224032,100.00,,
     0.523032999,1841800,,instructions:u,1224032,100.00,,
     0.524257859,91730,,branch-misses:u,1225472,100.00,,
     0.524257859,0,,cache-misses:u,1225472,100.00,,
     0.524257859,1622667,,bus-cycles:u,1225504,100.00,,
     0.524257859,1835610,,instructions:u,1225504,100.00,,
     0.525483231,91945,,branch-misses:u,1223968,100.00,,
     0.525483231,0,,cache-misses:u,1223968,100.00,,
     0.525483231,1626092,,bus-cycles:u,1223936,100.00,,
     0.525483231,1838438,,instructions:u,1223936,100.00,,
     0.526705498,91775,,branch-misses:u,1221984,100.00,,
     0.526705498,0,,cache-misses:u,1221952,100.00,,
     0.526705498,1622993,,bus-cycles:u,1221984,100.00,,
     0.526705498,1828572,,instructions:u,1221984,100.00,,
     0.527927254,91400,,branch-misses:u,1222592,100.00,,
     0.527927254,0,,cache-misses:u,1222784,100.00,,
     0.527927254,1619444,,bus-cycles:u,1222816,100.00,,
     0.527927254,1829870,,instructions:u,1222816,100.00,,
     0.529155250,92351,,branch-misses:u,1226496,100.00,,
     0.529155250,0,,cache-misses:u,1226304,100.00,,
     0.529155250,1629624,,bus-cycles:u,1226240,100.00,,
     0.529155250,1844530,,instructions:u,1226272,100.00,,
     0.530377518,91666,,branch-misses:u,1221888,100.00,,
     0.530377518,0,,cache-misses:u,1221984,100.00,,
     0.530377518,1622697,,bus-cycles:u,1221952,100.00,,
     0.530377518,1837140,,instructions:u,1221888,100.00,,
     0.531600617,91515,,branch-misses:u,1223616,100.00,,
     0.531600617,0,,cache-misses:u,1223744,100.00,,
     0.531600617,1619918,,bus-cycles:u,1223808,100.00,,
     0.531600617,1830060,,instructions:u,1223840,100.00,,
     0.532830439,92237,,branch-misses:u,1228640,100.00,,
     0.532830439,0,,cache-misses:u,1228896,100.00,,
     0.532830439,1632240,,bus-cycles:u,1228864,100.00,,
     0.532830439,1846900,,instructions:u,1228864,100.00,,
     0.534055715,91163,,branch-misses:u,1224992,100.00,,
     0.534055715,0,,cache-misses:u,1224576,100.00,,
     0.534055715,1625482,,bus-cycles:u,1224544,100.00,,
     0.534055715,1823216,,instructions:u,1224480,100.00,,
     0.535280511,91271,,branch-misses:u,1224288,100.00,,
     0.535280511,0,,cache-misses:u,1224256,100.00,,
     0.535280511,1625273,,bus-cycles:u,1224288,100.00,,
     0.535280511,1836564,,instructions:u,1233600,100.00,,
     0.536520640,92714,,branch-misses:u,1240736,100.00,,
     0.536520640,0,,cache-misses:u,1240736,100.00,,
     0.536520640,1642180,,bus-cycles:u,1240800,100.00,,
     0.536520640,1846880,,instructions:u,1231552,100.00,,
     0.537745532,91203,,branch-misses:u,1223744,100.00,,
     0.537745532,0,,cache-misses:u,1223744,100.00,,
     0.537745532,1624722,,bus-cycles:u,1223680,100.00,,
     0.537745532,1826220,,instructions:u,1223680,100.00,,
     0.538969175,91348,,branch-misses:u,1223200,100.00,,
     0.538969175,0,,cache-misses:u,1223264,100.00,,
     0.538969175,1624704,,bus-cycles:u,1223264,100.00,,
     0.538969175,1824960,,instructions:u,1223232,100.00,,
     0.540194676,91291,,branch-misses:u,1226432,100.00,,
     0.540194676,0,,cache-misses:u,1226304,100.00,,
     0.540194676,1623593,,bus-cycles:u,1226336,100.00,,
     0.540194676,1824800,,instructions:u,1226400,100.00,,
     0.541447896,93243,,branch-misses:u,1252768,100.00,,
     0.541447896,0,,cache-misses:u,1253696,100.00,,
     0.541447896,1665474,,bus-cycles:u,1253728,100.00,,
     0.541447896,1862040,,instructions:u,1253696,100.00,,
     0.542673748,92023,,branch-misses:u,1224416,100.00,,
     0.542673748,0,,cache-misses:u,1223552,100.00,,
     0.542673748,1624605,,bus-cycles:u,1223520,100.00,,
     0.542673748,1831510,,instructions:u,1223616,100.00,,
     0.543895663,91080,,branch-misses:u,1222432,100.00,,
     0.543895663,0,,cache-misses:u,1223360,100.00,,
     0.543895663,1619501,,bus-cycles:u,1223392,100.00,,
     0.543895663,1819942,,instructions:u,1223360,100.00,,
     0.545123564,91557,,branch-misses:u,1227296,100.00,,
     0.545123564,0,,cache-misses:u,1226752,100.00,,
     0.545123564,1629031,,bus-cycles:u,1226688,100.00,,
     0.545123564,1825528,,instructions:u,1226688,100.00,,
     0.546346376,91065,,branch-misses:u,1221792,100.00,,
     0.546346376,0,,cache-misses:u,1222272,100.00,,
     0.546346376,1623701,,bus-cycles:u,1222624,100.00,,
     0.546346376,1821180,,instructions:u,1222592,100.00,,
     0.547569603,90934,,branch-misses:u,1224096,100.00,,
     0.547569603,0,,cache-misses:u,1223584,100.00,,
     0.547569603,1619393,,bus-cycles:u,1223232,100.00,,
     0.547569603,1816900,,instructions:u,1223200,100.00,,
     0.548799713,91670,,branch-misses:u,1228672,100.00,,
     0.548799713,0,,cache-misses:u,1228704,100.00,,
     0.548799713,1632983,,bus-cycles:u,1228672,100.00,,
     0.548799713,1829030,,instructions:u,1228576,100.00,,
     0.550024989,91286,,branch-misses:u,1224832,100.00,,
     0.550024989,0,,cache-misses:u,1224800,100.00,,
     0.550024989,1627253,,bus-cycles:u,1224800,100.00,,
     0.550024989,1827080,,instructions:u,1224992,100.00,,
     0.551248217,89994,,branch-misses:u,1222976,100.00,,
     0.551248217,0,,cache-misses:u,1223424,100.00,,
     0.551248217,1624908,,bus-cycles:u,1223488,100.00,,
     0.551248217,1795530,,instructions:u,1223424,100.00,,
     0.552492218,92991,,branch-misses:u,1244576,100.00,,
     0.552492218,0,,cache-misses:u,1244576,100.00,,
     0.552492218,1646950,,bus-cycles:u,1244544,100.00,,
     0.552492218,1851682,,instructions:u,1244672,100.00,,
     0.553717494,91100,,branch-misses:u,1224000,100.00,,
     0.553717494,0,,cache-misses:u,1223552,100.00,,
     0.553717494,1624295,,bus-cycles:u,1223520,100.00,,
     0.553717494,1816668,,instructions:u,1223328,100.00,,
     0.554940786,91112,,branch-misses:u,1222848,100.00,,
     0.554940786,0,,cache-misses:u,1222560,100.00,,
     0.554940786,1623641,,bus-cycles:u,1222624,100.00,,
     0.554940786,1826238,,instructions:u,1222624,100.00,,
     0.556165102,91381,,branch-misses:u,1225056,100.00,,
     0.556165102,0,,cache-misses:u,1225216,100.00,,
     0.556165102,1622642,,bus-cycles:u,1225504,100.00,,
     0.556165102,1827652,,instructions:u,1225504,100.00,,
     0.557391947,90784,,branch-misses:u,1225376,100.00,,
     0.557391947,0,,cache-misses:u,1225120,100.00,,
     0.557391947,1627329,,bus-cycles:u,1224832,100.00,,
     0.557391947,1813300,,instructions:u,1224864,100.00,,
     0.558613286,90838,,branch-misses:u,1220960,100.00,,
     0.558613286,0,,cache-misses:u,1221824,100.00,,
     0.558613286,1622352,,bus-cycles:u,1221760,100.00,,
     0.558613286,1821790,,instructions:u,1221760,100.00,,
     0.559835169,90621,,branch-misses:u,1222656,100.00,,
     0.559835169,0,,cache-misses:u,1222752,100.00,,
     0.559835169,1619874,,bus-cycles:u,1222944,100.00,,
     0.559835169,1814130,,instructions:u,1223456,100.00,,
     0.561063710,91892,,branch-misses:u,1227264,100.00,,
     0.561063710,0,,cache-misses:u,1227168,100.00,,
     0.561063710,1630354,,bus-cycles:u,1227008,100.00,,
     0.561063710,1840640,,instructions:u,1226496,100.00,,
     0.562286265,91049,,branch-misses:u,1222080,100.00,,
     0.562286265,0,,cache-misses:u,1221568,100.00,,
     0.562286265,1622745,,bus-cycles:u,1221568,100.00,,
     0.562286265,1822510,,instructions:u,1221568,100.00,,
     0.563509589,91130,,branch-misses:u,1224064,100.00,,
     0.563509589,0,,cache-misses:u,1223840,100.00,,
     0.563509589,1618551,,bus-cycles:u,1223904,100.00,,
     0.563509589,1813020,,instructions:u,1223936,100.00,,
     0.564757912,93222,,branch-misses:u,1247968,100.00,,
     0.564757912,0,,cache-misses:u,1248352,100.00,,
     0.564757912,1657819,,bus-cycles:u,1248288,100.00,,
     0.564757912,1863340,,instructions:u,1248256,100.00,,
     0.565985301,91950,,branch-misses:u,1225888,100.00,,
     0.565985301,0,,cache-misses:u,1225536,100.00,,
     0.565985301,1627634,,bus-cycles:u,1225536,100.00,,
     0.565985301,1837300,,instructions:u,1225536,100.00,,
     0.567208848,91862,,branch-misses:u,1223328,100.00,,
     0.567208848,0,,cache-misses:u,1223200,100.00,,
     0.567208848,1624611,,bus-cycles:u,1223232,100.00,,
     0.567208848,1831260,,instructions:u,1223232,100.00,,
     0.568452626,92530,,branch-misses:u,1244448,100.00,,
     0.568452626,0,,cache-misses:u,1244928,100.00,,
     0.568452626,1648504,,bus-cycles:u,1244896,100.00,,
     0.568452626,1852720,,instructions:u,1244928,100.00,,
     0.569678254,91437,,branch-misses:u,1224160,100.00,,
     0.569678254,0,,cache-misses:u,1224224,100.00,,
     0.569678254,1626754,,bus-cycles:u,1224192,100.00,,
     0.569678254,1826000,,instructions:u,1224128,100.00,,
     0.570901258,91671,,branch-misses:u,1222592,100.00,,
     0.570901258,0,,cache-misses:u,1222080,100.00,,
     0.570901258,1624129,,bus-cycles:u,1222080,100.00,,
     0.570901258,1832980,,instructions:u,1222144,100.00,,
     0.572125317,91022,,branch-misses:u,1224896,100.00,,
     0.572125317,0,,cache-misses:u,1224768,100.00,,
     0.572125317,1621855,,bus-cycles:u,1224800,100.00,,
     0.572125317,1821790,,instructions:u,1224800,100.00,,
     0.573350241,91764,,branch-misses:u,1223360,100.00,,
     0.573350241,0,,cache-misses:u,1223456,100.00,,
     0.573350241,1625430,,bus-cycles:u,1223392,100.00,,
     0.573350241,1833120,,instructions:u,1223424,100.00,,
     0.574571100,90895,,branch-misses:u,1220512,100.00,,
     0.574571100,0,,cache-misses:u,1221024,100.00,,
     0.574571100,1622443,,bus-cycles:u,1221056,100.00,,
     0.574571100,1819370,,instructions:u,1220960,100.00,,
     0.575792247,91125,,branch-misses:u,1221984,100.00,,
     0.575792247,0,,cache-misses:u,1221504,100.00,,
     0.575792247,1617803,,bus-cycles:u,1221504,100.00,,
     0.575792247,1823810,,instructions:u,1221504,100.00,,
     0.577019636,91344,,branch-misses:u,1226496,100.00,,
     0.577019636,0,,cache-misses:u,1226560,100.00,,
     0.577019636,1628997,,bus-cycles:u,1226560,100.00,,
     0.577019636,1835780,,instructions:u,1226624,100.00,,
     0.578242096,91069,,branch-misses:u,1221504,100.00,,
     0.578242096,0,,cache-misses:u,1221408,100.00,,
     0.578242096,1622471,,bus-cycles:u,1221408,100.00,,
     0.578242096,1825811,,instructions:u,1221344,100.00,,
     0.579465067,90959,,branch-misses:u,1223840,100.00,,
     0.579465067,0,,cache-misses:u,1224000,100.00,,
     0.579465067,1621077,,bus-cycles:u,1224224,100.00,,
     0.579465067,1820099,,instructions:u,1224352,100.00,,
     0.580694825,91655,,branch-misses:u,1228928,100.00,,
     0.580694825,0,,cache-misses:u,1229024,100.00,,
     0.580694825,1632628,,bus-cycles:u,1228928,100.00,,
     0.580694825,1835510,,instructions:u,1228736,100.00,,
     0.581919877,91103,,branch-misses:u,1224000,100.00,,
     0.581919877,0,,cache-misses:u,1223744,100.00,,
     0.581919877,1625322,,bus-cycles:u,1223616,100.00,,
     0.581919877,1825300,,instructions:u,1223680,100.00,,
     0.583142368,91307,,branch-misses:u,1222208,100.00,,
     0.583142368,0,,cache-misses:u,1222336,100.00,,
     0.583142368,1624030,,bus-cycles:u,1222400,100.00,,
     0.583142368,1822610,,instructions:u,1222400,100.00,,
     0.584377695,92336,,branch-misses:u,1236128,100.00,,
     0.584377695,0,,cache-misses:u,1236032,100.00,,
     0.584377695,1635016,,bus-cycles:u,1236096,100.00,,
     0.584377695,1847130,,instructions:u,1236128,100.00,,
     0.585604860,91310,,branch-misses:u,1225536,100.00,,
     0.585604860,0,,cache-misses:u,1225568,100.00,,
     0.585604860,1627228,,bus-cycles:u,1225472,100.00,,
     0.585604860,1823900,,instructions:u,1225472,100.00,,
     0.586841915,92248,,branch-misses:u,1237760,100.00,,
     0.586841915,0,,cache-misses:u,1238176,100.00,,
     0.586841915,1644478,,bus-cycles:u,1238208,100.00,,
     0.586841915,1849480,,instructions:u,1238176,100.00,,
     0.588067000,91400,,branch-misses:u,1224960,100.00,,
     0.588067000,0,,cache-misses:u,1225024,100.00,,
     0.588067000,1621736,,bus-cycles:u,1225120,100.00,,
     0.588067000,1826920,,instructions:u,1225216,100.00,,
     0.589295125,91474,,branch-misses:u,1226656,100.00,,
     0.589295125,0,,cache-misses:u,1226752,100.00,,
     0.589295125,1629440,,bus-cycles:u,1226624,100.00,,
     0.589295125,1832290,,instructions:u,1226528,100.00,,
     0.590517968,91063,,branch-misses:u,1222400,100.00,,
     0.590517968,0,,cache-misses:u,1221728,100.00,,
     0.590517968,1622862,,bus-cycles:u,1221696,100.00,,
     0.590517968,1819564,,instructions:u,1221728,100.00,,
     0.591742284,91234,,branch-misses:u,1225888,100.00,,
     0.591742284,0,,cache-misses:u,1226656,100.00,,
     0.591742284,1623759,,bus-cycles:u,1226944,100.00,,
     0.591742284,1824786,,instructions:u,1227200,100.00,,
     0.592981516,92361,,branch-misses:u,1237984,100.00,,
     0.592981516,0,,cache-misses:u,1237984,100.00,,
     0.592981516,1643201,,bus-cycles:u,1237760,100.00,,
     0.592981516,1845290,,instructions:u,1237504,100.00,,
     0.594208713,91222,,branch-misses:u,1226464,100.00,,
     0.594208713,0,,cache-misses:u,1226336,100.00,,
     0.594208713,1627632,,bus-cycles:u,1226272,100.00,,
     0.594208713,1832730,,instructions:u,1226368,100.00,,
     0.595434629,90968,,branch-misses:u,1225952,100.00,,
     0.595434629,0,,cache-misses:u,1225824,100.00,,
     0.595434629,1621714,,bus-cycles:u,1225888,100.00,,
     0.595434629,1821290,,instructions:u,1225920,100.00,,
     0.596662658,91928,,branch-misses:u,1227360,100.00,,
     0.596662658,0,,cache-misses:u,1227360,100.00,,
     0.596662658,1630161,,bus-cycles:u,1227360,100.00,,
     0.596662658,1838140,,instructions:u,1227232,100.00,,
     0.597887742,91557,,branch-misses:u,1224064,100.00,,
     0.597887742,0,,cache-misses:u,1224224,100.00,,
     0.597887742,1626505,,bus-cycles:u,1224256,100.00,,
     0.597887742,1833620,,instructions:u,1224288,100.00,,
     0.599112474,90966,,branch-misses:u,1224416,100.00,,
     0.599112474,0,,cache-misses:u,1223872,100.00,,
     0.599112474,1625836,,bus-cycles:u,1223872,100.00,,
     0.599112474,1813960,,instructions:u,1223872,100.00,,
     0.600337527,91038,,branch-misses:u,1225504,100.00,,
     0.600337527,0,,cache-misses:u,1225472,100.00,,
     0.600337527,1622615,,bus-cycles:u,1225472,100.00,,
     0.600337527,1820370,,instructions:u,1225536,100.00,,
     0.601562963,91739,,branch-misses:u,1224320,100.00,,
     0.601562963,0,,cache-misses:u,1224352,100.00,,
     0.601562963,1626312,,bus-cycles:u,1224416,100.00,,
     0.601562963,1828130,,instructions:u,1224352,100.00,,
     0.602785838,91387,,branch-misses:u,1222656,100.00,,
     0.602785838,0,,cache-misses:u,1223040,100.00,,
     0.602785838,1624230,,bus-cycles:u,1222880,100.00,,
     0.602785838,1833660,,instructions:u,1222880,100.00,,
     0.604008426,91140,,branch-misses:u,1223136,100.00,,
     0.604008426,0,,cache-misses:u,1223328,100.00,,
     0.604008426,1620221,,bus-cycles:u,1223392,100.00,,
     0.604008426,1827320,,instructions:u,1223392,100.00,,
     0.605237191,91403,,branch-misses:u,1227360,100.00,,
     0.605237191,0,,cache-misses:u,1226752,100.00,,
     0.605237191,1629376,,bus-cycles:u,1226688,100.00,,
     0.605237191,1825870,,instructions:u,1226720,100.00,,
     0.606458946,91052,,branch-misses:u,1221280,100.00,,
     0.606458946,0,,cache-misses:u,1221664,100.00,,
     0.606458946,1622379,,bus-cycles:u,1221664,100.00,,
     0.606458946,1818434,,instructions:u,1221600,100.00,,
     0.607681694,90785,,branch-misses:u,1223584,100.00,,
     0.607681694,0,,cache-misses:u,1223328,100.00,,
     0.607681694,1619475,,bus-cycles:u,1223360,100.00,,
     0.607681694,1818706,,instructions:u,1223392,100.00,,
     0.608929696,93516,,branch-misses:u,1247648,100.00,,
     0.608929696,0,,cache-misses:u,1247520,100.00,,
     0.608929696,1656827,,bus-cycles:u,1247552,100.00,,
     0.608929696,1867490,,instructions:u,1247584,100.00,,
     0.610158429,91438,,branch-misses:u,1228032,100.00,,
     0.610158429,0,,cache-misses:u,1227936,100.00,,
     0.610158429,1631038,,bus-cycles:u,1227968,100.00,,
     0.610158429,1831230,,instructions:u,1227840,100.00,,
     0.611382201,89164,,branch-misses:u,1205088,100.00,,
     0.611382201,0,,cache-misses:u,1205696,100.00,,
     0.611382201,1583363,,bus-cycles:u,1205952,100.00,,
     0.611382201,1787010,,instructions:u,1206080,100.00,,
     0.612614199,92351,,branch-misses:u,1230368,100.00,,
     0.612614199,0,,cache-misses:u,1230528,100.00,,
     0.612614199,1633504,,bus-cycles:u,1230176,100.00,,
     0.612614199,1848210,,instructions:u,1230080,100.00,,
     0.613839731,91982,,branch-misses:u,1225376,100.00,,
     0.613839731,0,,cache-misses:u,1224576,100.00,,
     0.613839731,1626202,,bus-cycles:u,1224608,100.00,,
     0.613839731,1847490,,instructions:u,1224640,100.00,,
     0.615065392,91890,,branch-misses:u,1224544,100.00,,
     0.615065392,0,,cache-misses:u,1224800,100.00,,
     0.615065392,1626541,,bus-cycles:u,1224832,100.00,,
     0.615065392,1836160,,instructions:u,1224800,100.00,,
     0.616291212,91634,,branch-misses:u,1226560,100.00,,
     0.616291212,0,,cache-misses:u,1226400,100.00,,
     0.616291212,1622371,,bus-cycles:u,1226336,100.00,,
     0.616291212,1828100,,instructions:u,1226400,100.00,,
     0.617516744,91869,,branch-misses:u,1224832,100.00,,
     0.617516744,0,,cache-misses:u,1224832,100.00,,
     0.617516744,1626891,,bus-cycles:u,1224832,100.00,,
     0.617516744,1835570,,instructions:u,1224736,100.00,,
     0.618741284,91824,,branch-misses:u,1223296,100.00,,
     0.618741284,0,,cache-misses:u,1223232,100.00,,
     0.618741284,1624913,,bus-cycles:u,1223200,100.00,,
     0.618741284,1833010,,instructions:u,1223296,100.00,,
     0.619963232,90821,,branch-misses:u,1223008,100.00,,
     0.619963232,0,,cache-misses:u,1223680,100.00,,
     0.619963232,1616866,,bus-cycles:u,1223872,100.00,,
     0.619963232,1824960,,instructions:u,1223968,100.00,,
     0.621191421,92134,,branch-misses:u,1226496,100.00,,
     0.621191421,0,,cache-misses:u,1226592,100.00,,
     0.621191421,1628800,,bus-cycles:u,1226464,100.00,,
     0.621191421,1839840,,instructions:u,1226368,100.00,,
     0.622414264,91613,,branch-misses:u,1222400,100.00,,
     0.622414264,0,,cache-misses:u,1221696,100.00,,
     0.622414264,1621892,,bus-cycles:u,1221696,100.00,,
     0.622414264,1832608,,instructions:u,1221696,100.00,,
     0.623638100,91364,,branch-misses:u,1224736,100.00,,
     0.623638100,0,,cache-misses:u,1224864,100.00,,
     0.623638100,1620781,,bus-cycles:u,1225024,100.00,,
     0.623638100,1821282,,instructions:u,1225120,100.00,,
     0.624867345,92485,,branch-misses:u,1228352,100.00,,
     0.624867345,0,,cache-misses:u,1228256,100.00,,
     0.624867345,1631497,,bus-cycles:u,1228032,100.00,,
     0.624867345,1847890,,instructions:u,1227904,100.00,,
     0.626092077,91943,,branch-misses:u,1223744,100.00,,
     0.626092077,0,,cache-misses:u,1223744,100.00,,
     0.626092077,1626083,,bus-cycles:u,1223776,100.00,,
     0.626092077,1837060,,instructions:u,1223776,100.00,,
     0.627317481,91647,,branch-misses:u,1226240,100.00,,
     0.627317481,0,,cache-misses:u,1226368,100.00,,
     0.627317481,1623395,,bus-cycles:u,1226464,100.00,,
     0.627317481,1839421,,instructions:u,1226400,100.00,,
     0.628544326,92164,,branch-misses:u,1225536,100.00,,
     0.628544326,0,,cache-misses:u,1225440,100.00,,
     0.628544326,1628080,,bus-cycles:u,1225344,100.00,,
     0.628544326,1847169,,instructions:u,1225376,100.00,,
     0.629767938,91079,,branch-misses:u,1223200,100.00,,
     0.629767938,0,,cache-misses:u,1223136,100.00,,
     0.629767938,1625191,,bus-cycles:u,1223168,100.00,,
     0.629767938,1821660,,instructions:u,1223200,100.00,,
     0.630991678,91778,,branch-misses:u,1223360,100.00,,
     0.630991678,0,,cache-misses:u,1223360,100.00,,
     0.630991678,1624168,,bus-cycles:u,1223328,100.00,,
     0.630991678,1832100,,instructions:u,1223328,100.00,,
     0.632232670,92872,,branch-misses:u,1242048,100.00,,
     0.632232670,0,,cache-misses:u,1242464,100.00,,
     0.632232670,1644908,,bus-cycles:u,1242560,100.00,,
     0.632232670,1857250,,instructions:u,1242560,100.00,,
     0.633460155,92251,,branch-misses:u,1226176,100.00,,
     0.633460155,0,,cache-misses:u,1226240,100.00,,
     0.633460155,1628996,,bus-cycles:u,1226176,100.00,,
     0.633460155,1839220,,instructions:u,1226208,100.00,,
     0.634683831,91497,,branch-misses:u,1222688,100.00,,
     0.634683831,0,,cache-misses:u,1222240,100.00,,
     0.634683831,1623390,,bus-cycles:u,1222272,100.00,,
     0.634683831,1833700,,instructions:u,1222208,100.00,,
     0.635905522,91428,,branch-misses:u,1222528,100.00,,
     0.635905522,0,,cache-misses:u,1222560,100.00,,
     0.635905522,1618611,,bus-cycles:u,1222560,100.00,,
     0.635905522,1829421,,instructions:u,1222656,100.00,,
     0.637133359,92188,,branch-misses:u,1226464,100.00,,
     0.637133359,0,,cache-misses:u,1226400,100.00,,
     0.637133359,1628988,,bus-cycles:u,1226368,100.00,,
     0.637133359,1848509,,instructions:u,1226272,100.00,,
     0.638355946,91579,,branch-misses:u,1222144,100.00,,
     0.638355946,0,,cache-misses:u,1222144,100.00,,
     0.638355946,1624306,,bus-cycles:u,1222144,100.00,,
     0.638355946,1828920,,instructions:u,1222144,100.00,,
     0.639579974,91783,,branch-misses:u,1224832,100.00,,
     0.639579974,0,,cache-misses:u,1224928,100.00,,
     0.639579974,1622034,,bus-cycles:u,1224928,100.00,,
     0.639579974,1835230,,instructions:u,1224992,100.00,,
     0.640811332,92606,,branch-misses:u,1230656,100.00,,
     0.640811332,0,,cache-misses:u,1230592,100.00,,
     0.640811332,1634705,,bus-cycles:u,1230560,100.00,,
     0.640811332,1852610,,instructions:u,1230528,100.00,,
     0.642036928,91585,,branch-misses:u,1224768,100.00,,
     0.642036928,0,,cache-misses:u,1224736,100.00,,
     0.642036928,1627833,,bus-cycles:u,1224736,100.00,,
     0.642036928,1840500,,instructions:u,1224800,100.00,,
     0.643261660,91668,,branch-misses:u,1224224,100.00,,
     0.643261660,0,,cache-misses:u,1224256,100.00,,
     0.643261660,1627801,,bus-cycles:u,1224384,100.00,,
     0.643261660,1836160,,instructions:u,1224352,100.00,,
     0.644504542,93156,,branch-misses:u,1243744,100.00,,
     0.644504542,0,,cache-misses:u,1243872,100.00,,
     0.644504542,1647224,,bus-cycles:u,1243776,100.00,,
     0.644504542,1872120,,instructions:u,1243712,100.00,,
     0.645730778,92010,,branch-misses:u,1224608,100.00,,
     0.645730778,0,,cache-misses:u,1224480,100.00,,
     0.645730778,1626869,,bus-cycles:u,1224448,100.00,,
     0.645730778,1848820,,instructions:u,1224544,100.00,,
     0.646955414,92320,,branch-misses:u,1224480,100.00,,
     0.646955414,0,,cache-misses:u,1224992,100.00,,
     0.646955414,1627876,,bus-cycles:u,1225024,100.00,,
     0.646955414,1841120,,instructions:u,1224928,100.00,,
     0.648181106,91364,,branch-misses:u,1226176,100.00,,
     0.648181106,0,,cache-misses:u,1225568,100.00,,
     0.648181106,1622124,,bus-cycles:u,1225600,100.00,,
     0.648181106,1831980,,instructions:u,1225600,100.00,,
     0.649406671,91932,,branch-misses:u,1224064,100.00,,
     0.649406671,0,,cache-misses:u,1224096,100.00,,
     0.649406671,1626353,,bus-cycles:u,1224032,100.00,,
     0.649406671,1833860,,instructions:u,1224096,100.00,,
     0.650628874,91387,,branch-misses:u,1221792,100.00,,
     0.650628874,0,,cache-misses:u,1221824,100.00,,
     0.650628874,1624128,,bus-cycles:u,1221920,100.00,,
     0.650628874,1831630,,instructions:u,1221888,100.00,,
     0.651849989,91380,,branch-misses:u,1221792,100.00,,
     0.651849989,0,,cache-misses:u,1221952,100.00,,
     0.651849989,1619132,,bus-cycles:u,1221888,100.00,,
     0.651849989,1821080,,instructions:u,1221952,100.00,,
     0.653078114,90974,,branch-misses:u,1226752,100.00,,
     0.653078114,0,,cache-misses:u,1226560,100.00,,
     0.653078114,1628741,,bus-cycles:u,1226560,100.00,,
     0.653078114,1821580,,instructions:u,1226496,100.00,,
     0.654320195,93116,,branch-misses:u,1242784,100.00,,
     0.654320195,0,,cache-misses:u,1243360,100.00,,
     0.654320195,1651996,,bus-cycles:u,1243392,100.00,,
     0.654320195,1868300,,instructions:u,1243424,100.00,,
     0.655546143,91536,,branch-misses:u,1225856,100.00,,
     0.655546143,0,,cache-misses:u,1225472,100.00,,
     0.655546143,1623515,,bus-cycles:u,1225440,100.00,,
     0.655546143,1832008,,instructions:u,1225440,100.00,,
     0.656777213,92097,,branch-misses:u,1230432,100.00,,
     0.656777213,0,,cache-misses:u,1230720,100.00,,
     0.656777213,1634792,,bus-cycles:u,1230720,100.00,,
     0.656777213,1845012,,instructions:u,1230752,100.00,,
     0.658003930,92062,,branch-misses:u,1225952,100.00,,
     0.658003930,0,,cache-misses:u,1225504,100.00,,
     0.658003930,1627912,,bus-cycles:u,1225568,100.00,,
     0.658003930,1841060,,instructions:u,1225600,100.00,,
     0.659229558,91828,,branch-misses:u,1225440,100.00,,
     0.659229558,0,,cache-misses:u,1225440,100.00,,
     0.659229558,1627564,,bus-cycles:u,1225408,100.00,,
     0.659229558,1831840,,instructions:u,1225376,100.00,,
     0.660472791,93005,,branch-misses:u,1243264,100.00,,
     0.660472791,0,,cache-misses:u,1243360,100.00,,
     0.660472791,1646366,,bus-cycles:u,1243328,100.00,,
     0.660472791,1862780,,instructions:u,1243328,100.00,,
     0.661698804,91411,,branch-misses:u,1225280,100.00,,
     0.661698804,0,,cache-misses:u,1225184,100.00,,
     0.661698804,1628334,,bus-cycles:u,1225216,100.00,,
     0.661698804,1826668,,instructions:u,1225184,100.00,,
     0.662923472,90975,,branch-misses:u,1223712,100.00,,
     0.662923472,0,,cache-misses:u,1223744,100.00,,
     0.662923472,1626331,,bus-cycles:u,1223712,100.00,,
     0.662923472,1819262,,instructions:u,1223680,100.00,,
     0.664150028,91930,,branch-misses:u,1227520,100.00,,
     0.664150028,0,,cache-misses:u,1227392,100.00,,
     0.664150028,1625208,,bus-cycles:u,1227424,100.00,,
     0.664150028,1834040,,instructions:u,1227456,100.00,,
     0.665376329,91815,,branch-misses:u,1224576,100.00,,
     0.665376329,0,,cache-misses:u,1224704,100.00,,
     0.665376329,1626673,,bus-cycles:u,1224704,100.00,,
     0.665376329,1830130,,instructions:u,1224704,100.00,,
     0.666598788,91821,,branch-misses:u,1222048,100.00,,
     0.666598788,0,,cache-misses:u,1221984,100.00,,
     0.666598788,1622737,,bus-cycles:u,1221984,100.00,,
     0.666598788,1834470,,instructions:u,1221984,100.00,,
     0.667820031,91350,,branch-misses:u,1222112,100.00,,
     0.667820031,0,,cache-misses:u,1222144,100.00,,
     0.667820031,1619574,,bus-cycles:u,1222112,100.00,,
     0.667820031,1831408,,instructions:u,1222112,100.00,,
     0.669047228,91273,,branch-misses:u,1225664,100.00,,
     0.669047228,0,,cache-misses:u,1226144,100.00,,
     0.669047228,1628734,,bus-cycles:u,1226240,100.00,,
     0.669047228,1829022,,instructions:u,1226208,100.00,,
     0.670269943,91685,,branch-misses:u,1222272,100.00,,
     0.670269943,0,,cache-misses:u,1221856,100.00,,
     0.670269943,1622901,,bus-cycles:u,1221760,100.00,,
     0.670269943,1832202,,instructions:u,1221728,100.00,,
     0.671492563,91839,,branch-misses:u,1223552,100.00,,
     0.671492563,0,,cache-misses:u,1223648,100.00,,
     0.671492563,1620619,,bus-cycles:u,1223648,100.00,,
     0.671492563,1833638,,instructions:u,1223776,100.00,,
     0.672599853,64772,,branch-misses:u,1044768,100.00,,
     0.672599853,76,,cache-misses:u,1039008,100.00,,
     0.672599853,1156191,,bus-cycles:u,1033536,100.00,,
     0.672599853,1276478,,instructions:u,1027968,100.00,,
