     0.001075611,34,,branch-misses:u,200800,100.00,,
     0.001075611,26,,cache-misses:u,206496,100.00,,
     0.001075611,2990,,bus-cycles:u,210496,100.00,,
     0.001075611,344,,instructions:u,214432,100.00,,
     0.002455902,40604,,branch-misses:u,1351968,100.00,,
     0.002455902,1723,,cache-misses:u,1346272,100.00,,
     0.002455902,840355,,bus-cycles:u,1342272,100.00,,
     0.002455902,874329,,instructions:u,1338336,100.00,,
     0.003637297,66536,,branch-misses:u,1020384,100.00,,
     0.003637297,1,,cache-misses:u,1023776,100.00,,
     0.003637297,1183278,,bus-cycles:u,1026688,100.00,,
     0.003637297,1340746,,instructions:u,1029536,100.00,,
     0.004802145,66945,,branch-misses:u,1052256,100.00,,
     0.004802145,1,,cache-misses:u,1052800,100.00,,
     0.004802145,1201676,,bus-cycles:u,1053024,100.00,,
     0.004802145,1337260,,instructions:u,1053152,100.00,,
     0.005974195,72319,,branch-misses:u,1160512,100.00,,
     0.005974195,0,,cache-misses:u,1159744,100.00,,
     0.005974195,1278556,,bus-cycles:u,1159712,100.00,,
     0.005974195,1444950,,instructions:u,1159712,100.00,,
     0.007146116,72541,,branch-misses:u,1167200,100.00,,
     0.007146116,0,,cache-misses:u,1164032,100.00,,
     0.007146116,1288018,,bus-cycles:u,1160928,100.00,,
     0.007146116,1448470,,instructions:u,1157952,100.00,,
     0.008303891,68216,,branch-misses:u,1044320,100.00,,
     0.008303891,1,,cache-misses:u,1047296,100.00,,
     0.008303891,1224208,,bus-cycles:u,1050016,100.00,,
     0.008303891,1378180,,instructions:u,1052864,100.00,,
     0.009466978,77202,,branch-misses:u,1164864,100.00,,
     0.009466978,0,,cache-misses:u,1165408,100.00,,
     0.009466978,1368731,,bus-cycles:u,1166496,100.00,,
     0.009466978,1542790,,instructions:u,1166880,100.00,,
     0.010642644,77762,,branch-misses:u,1173184,100.00,,
     0.010642644,0,,cache-misses:u,1172800,100.00,,
     0.010642644,1385794,,bus-cycles:u,1171744,100.00,,
     0.010642644,1551190,,instructions:u,1171328,100.00,,
     0.011805956,77250,,branch-misses:u,1162720,100.00,,
     0.011805956,0,,cache-misses:u,1162720,100.00,,
     0.011805956,1375050,,bus-cycles:u,1162816,100.00,,
     0.011805956,1550590,,instructions:u,1162784,100.00,,
     0.012965363,68417,,branch-misses:u,1042784,100.00,,
     0.012965363,1,,cache-misses:u,1042656,100.00,,
     0.012965363,1216048,,bus-cycles:u,1042688,100.00,,
     0.012965363,1372500,,instructions:u,1042688,100.00,,
     0.014122785,81068,,branch-misses:u,1156352,100.00,,
     0.014122785,0,,cache-misses:u,1156448,100.00,,
     0.014122785,1453225,,bus-cycles:u,1156192,100.00,,
     0.014122785,1625730,,instructions:u,1156000,100.00,,
     0.015276526,81505,,branch-misses:u,1153376,100.00,,
     0.015276526,0,,cache-misses:u,1152960,100.00,,
     0.015276526,1450174,,bus-cycles:u,1152960,100.00,,
     0.015276526,1631394,,instructions:u,1152960,100.00,,
     0.016428603,81787,,branch-misses:u,1151712,100.00,,
     0.016428603,0,,cache-misses:u,1151712,100.00,,
     0.016428603,1448441,,bus-cycles:u,1151712,100.00,,
     0.016428603,1633076,,instructions:u,1151808,100.00,,
     0.017758065,88918,,branch-misses:u,1220544,100.00,,
     0.017758065,1,,cache-misses:u,1221120,100.00,,
     0.017758065,1596222,,bus-cycles:u,1221280,100.00,,
     0.017758065,1781540,,instructions:u,1221344,100.00,,
     0.018910942,86428,,branch-misses:u,1151424,100.00,,
     0.018910942,0,,cache-misses:u,1151136,100.00,,
     0.018910942,1534672,,bus-cycles:u,1150784,100.00,,
     0.018910942,1729340,,instructions:u,1150528,100.00,,
     0.020060907,85261,,branch-misses:u,1149696,100.00,,
     0.020060907,0,,cache-misses:u,1149696,100.00,,
     0.020060907,1533025,,bus-cycles:u,1149792,100.00,,
     0.020060907,1704320,,instructions:u,1149760,100.00,,
     0.021209879,85603,,branch-misses:u,1149600,100.00,,
     0.021209879,0,,cache-misses:u,1150048,100.00,,
     0.021209879,1516395,,bus-cycles:u,1150048,100.00,,
     0.021209879,1706880,,instructions:u,1150144,100.00,,
     0.022360452,85769,,branch-misses:u,1149280,100.00,,
     0.022360452,0,,cache-misses:u,1148768,100.00,,
     0.022360452,1531098,,bus-cycles:u,1148800,100.00,,
     0.022360452,1715980,,instructions:u,1148736,100.00,,
     0.023539671,87930,,branch-misses:u,1179264,100.00,,
     0.023539671,0,,cache-misses:u,1179360,100.00,,
     0.023539671,1572647,,bus-cycles:u,1179392,100.00,,
     0.023539671,1757216,,instructions:u,1179456,100.00,,
     0.024692836,86316,,branch-misses:u,1153056,100.00,,
     0.024692836,0,,cache-misses:u,1153088,100.00,,
     0.024692836,1531001,,bus-cycles:u,1153056,100.00,,
     0.024692836,1732934,,instructions:u,1152960,100.00,,
     0.025843633,86406,,branch-misses:u,1149952,100.00,,
     0.025843633,0,,cache-misses:u,1149792,100.00,,
     0.025843633,1534439,,bus-cycles:u,1149664,100.00,,
     0.025843633,1727770,,instructions:u,1149632,100.00,,
     0.026990748,86505,,branch-misses:u,1146880,100.00,,
     0.026990748,0,,cache-misses:u,1146976,100.00,,
     0.026990748,1530155,,bus-cycles:u,1146976,100.00,,
     0.026990748,1720160,,instructions:u,1147008,100.00,,
     0.028137928,86410,,branch-misses:u,1146912,100.00,,
     0.028137928,0,,cache-misses:u,1146784,100.00,,
     0.028137928,1529773,,bus-cycles:u,1146816,100.00,,
     0.028137928,1734790,,instructions:u,1146784,100.00,,
     0.029284852,85817,,branch-misses:u,1146912,100.00,,
     0.029284852,0,,cache-misses:u,1146880,100.00,,
     0.029284852,1523682,,bus-cycles:u,1146912,100.00,,
     0.029284852,1715940,,instructions:u,1147040,100.00,,
     0.030432480,86225,,branch-misses:u,1147040,100.00,,
     0.030432480,0,,cache-misses:u,1147104,100.00,,
     0.030432480,1530505,,bus-cycles:u,1147008,100.00,,
     0.030432480,1723800,,instructions:u,1146944,100.00,,
     0.031579275,85833,,branch-misses:u,1146528,100.00,,
     0.031579275,0,,cache-misses:u,1146464,100.00,,
     0.031579275,1529286,,bus-cycles:u,1146560,100.00,,
     0.031579275,1722420,,instructions:u,1146496,100.00,,
     0.032726615,83708,,branch-misses:u,1147488,100.00,,
     0.032726615,0,,cache-misses:u,1147520,100.00,,
     0.032726615,1480330,,bus-cycles:u,1147456,100.00,,
     0.032726615,1672490,,instructions:u,1147488,100.00,,
     0.033873667,86109,,branch-misses:u,1146368,100.00,,
     0.033873667,0,,cache-misses:u,1146144,100.00,,
     0.033873667,1529078,,bus-cycles:u,1146112,100.00,,
     0.033873667,1720980,,instructions:u,1146048,100.00,,
     0.035019086,86185,,branch-misses:u,1145152,100.00,,
     0.035019086,0,,cache-misses:u,1145312,100.00,,
     0.035019086,1528225,,bus-cycles:u,1145344,100.00,,
     0.035019086,1730670,,instructions:u,1145408,100.00,,
     0.036165498,86601,,branch-misses:u,1146144,100.00,,
     0.036165498,0,,cache-misses:u,1146016,100.00,,
     0.036165498,1529002,,bus-cycles:u,1146080,100.00,,
     0.036165498,1729400,,instructions:u,1146080,100.00,,
     0.037312422,86051,,branch-misses:u,1147072,100.00,,
     0.037312422,0,,cache-misses:u,1147264,100.00,,
     0.037312422,1525199,,bus-cycles:u,1147264,100.00,,
     0.037312422,1722140,,instructions:u,1147264,100.00,,
     0.038460402,86442,,branch-misses:u,1147296,100.00,,
     0.038460402,0,,cache-misses:u,1147008,100.00,,
     0.038460402,1530994,,bus-cycles:u,1146912,100.00,,
     0.038460402,1734770,,instructions:u,1146912,100.00,,
     0.039605981,86209,,branch-misses:u,1145344,100.00,,
     0.039605981,0,,cache-misses:u,1145376,100.00,,
     0.039605981,1528546,,bus-cycles:u,1145504,100.00,,
     0.039605981,1731930,,instructions:u,1145440,100.00,,
     0.040752841,85642,,branch-misses:u,1146880,100.00,,
     0.040752841,0,,cache-misses:u,1147200,100.00,,
     0.040752841,1525190,,bus-cycles:u,1147168,100.00,,
     0.040752841,1713830,,instructions:u,1147232,100.00,,
     0.041900213,85985,,branch-misses:u,1146816,100.00,,
     0.041900213,0,,cache-misses:u,1146784,100.00,,
     0.041900213,1530091,,bus-cycles:u,1146752,100.00,,
     0.041900213,1717360,,instructions:u,1146784,100.00,,
     0.043046400,86407,,branch-misses:u,1145952,100.00,,
     0.043046400,0,,cache-misses:u,1145664,100.00,,
     0.043046400,1528327,,bus-cycles:u,1145632,100.00,,
     0.043046400,1727760,,instructions:u,1145600,100.00,,
     0.044207695,86672,,branch-misses:u,1161216,100.00,,
     0.044207695,0,,cache-misses:u,1161632,100.00,,
     0.044207695,1550006,,bus-cycles:u,1161568,100.00,,
     0.044207695,1738280,,instructions:u,1161568,100.00,,
     0.045357596,85790,,branch-misses:u,1149792,100.00,,
     0.045357596,0,,cache-misses:u,1149536,100.00,,
     0.045357596,1528636,,bus-cycles:u,1149760,100.00,,
     0.045357596,1715120,,instructions:u,1149760,100.00,,
     0.046505768,85901,,branch-misses:u,1147424,100.00,,
     0.046505768,0,,cache-misses:u,1147424,100.00,,
     0.046505768,1530455,,bus-cycles:u,1147232,100.00,,
     0.046505768,1725250,,instructions:u,1147232,100.00,,
     0.047652051,85468,,branch-misses:u,1146112,100.00,,
     0.047652051,0,,cache-misses:u,1146176,100.00,,
     0.047652051,1529039,,bus-cycles:u,1146240,100.00,,
     0.047652051,1709070,,instructions:u,1146208,100.00,,
     0.048799007,85860,,branch-misses:u,1146816,100.00,,
     0.048799007,0,,cache-misses:u,1146784,100.00,,
     0.048799007,1524248,,bus-cycles:u,1146816,100.00,,
     0.048799007,1716860,,instructions:u,1146848,100.00,,
     0.049947211,86551,,branch-misses:u,1147776,100.00,,
     0.049947211,0,,cache-misses:u,1147776,100.00,,
     0.049947211,1530549,,bus-cycles:u,1147712,100.00,,
     0.049947211,1727870,,instructions:u,1147616,100.00,,
     0.051092982,85924,,branch-misses:u,1145504,100.00,,
     0.051092982,0,,cache-misses:u,1145632,100.00,,
     0.051092982,1528707,,bus-cycles:u,1145664,100.00,,
     0.051092982,1718710,,instructions:u,1145888,100.00,,
     0.052241122,86054,,branch-misses:u,1147968,100.00,,
     0.052241122,0,,cache-misses:u,1147808,100.00,,
     0.052241122,1531828,,bus-cycles:u,1147712,100.00,,
     0.052241122,1725000,,instructions:u,1147584,100.00,,
     0.053388942,86262,,branch-misses:u,1147776,100.00,,
     0.053388942,0,,cache-misses:u,1147936,100.00,,
     0.053388942,1526904,,bus-cycles:u,1147968,100.00,,
     0.053388942,1725170,,instructions:u,1147936,100.00,,
     0.054537274,86091,,branch-misses:u,1147776,100.00,,
     0.054537274,0,,cache-misses:u,1147712,100.00,,
     0.054537274,1531103,,bus-cycles:u,1147744,100.00,,
     0.054537274,1718330,,instructions:u,1147808,100.00,,
     0.055683558,86204,,branch-misses:u,1146048,100.00,,
     0.055683558,0,,cache-misses:u,1146016,100.00,,
     0.055683558,1529317,,bus-cycles:u,1146016,100.00,,
     0.055683558,1719440,,instructions:u,1145952,100.00,,
     0.056830226,85910,,branch-misses:u,1146752,100.00,,
     0.056830226,0,,cache-misses:u,1146560,100.00,,
     0.056830226,1524564,,bus-cycles:u,1146528,100.00,,
     0.056830226,1720860,,instructions:u,1146592,100.00,,
     0.057979070,86545,,branch-misses:u,1148192,100.00,,
     0.057979070,0,,cache-misses:u,1148256,100.00,,
     0.057979070,1532425,,bus-cycles:u,1148256,100.00,,
     0.057979070,1731960,,instructions:u,1148224,100.00,,
     0.059125865,86505,,branch-misses:u,1146528,100.00,,
     0.059125865,0,,cache-misses:u,1146432,100.00,,
     0.059125865,1529293,,bus-cycles:u,1146464,100.00,,
     0.059125865,1725710,,instructions:u,1146464,100.00,,
     0.060272053,85703,,branch-misses:u,1145888,100.00,,
     0.060272053,0,,cache-misses:u,1146048,100.00,,
     0.060272053,1528457,,bus-cycles:u,1146112,100.00,,
     0.060272053,1702870,,instructions:u,1145984,100.00,,
     0.061421505,85935,,branch-misses:u,1149696,100.00,,
     0.061421505,0,,cache-misses:u,1149728,100.00,,
     0.061421505,1528035,,bus-cycles:u,1149696,100.00,,
     0.061421505,1718740,,instructions:u,1149920,100.00,,
     0.062570029,86085,,branch-misses:u,1147776,100.00,,
     0.062570029,0,,cache-misses:u,1147872,100.00,,
     0.062570029,1531761,,bus-cycles:u,1147936,100.00,,
     0.062570029,1720610,,instructions:u,1147872,100.00,,
     0.063717177,86010,,branch-misses:u,1146784,100.00,,
     0.063717177,0,,cache-misses:u,1146560,100.00,,
     0.063717177,1529413,,bus-cycles:u,1146496,100.00,,
     0.063717177,1720580,,instructions:u,1146464,100.00,,
     0.064864869,85920,,branch-misses:u,1147904,100.00,,
     0.064864869,0,,cache-misses:u,1148096,100.00,,
     0.064864869,1525811,,bus-cycles:u,1148064,100.00,,
     0.064864869,1714858,,instructions:u,1148064,100.00,,
     0.066024724,87203,,branch-misses:u,1159520,100.00,,
     0.066024724,0,,cache-misses:u,1159584,100.00,,
     0.066024724,1546564,,bus-cycles:u,1159680,100.00,,
     0.066024724,1747662,,instructions:u,1159680,100.00,,
     0.067174784,86103,,branch-misses:u,1149472,100.00,,
     0.067174784,0,,cache-misses:u,1149472,100.00,,
     0.067174784,1533171,,bus-cycles:u,1149440,100.00,,
     0.067174784,1726240,,instructions:u,1149472,100.00,,
     0.068321484,85990,,branch-misses:u,1146112,100.00,,
     0.068321484,0,,cache-misses:u,1146048,100.00,,
     0.068321484,1529165,,bus-cycles:u,1146048,100.00,,
     0.068321484,1718480,,instructions:u,1145984,100.00,,
     0.069469880,86369,,branch-misses:u,1148576,100.00,,
     0.069469880,0,,cache-misses:u,1148608,100.00,,
     0.069469880,1526714,,bus-cycles:u,1148512,100.00,,
     0.069469880,1724004,,instructions:u,1148544,100.00,,
     0.070617124,85668,,branch-misses:u,1146880,100.00,,
     0.070617124,0,,cache-misses:u,1146880,100.00,,
     0.070617124,1530213,,bus-cycles:u,1147008,100.00,,
     0.070617124,1719896,,instructions:u,1146976,100.00,,
     0.071763567,86437,,branch-misses:u,1146176,100.00,,
     0.071763567,0,,cache-misses:u,1145952,100.00,,
     0.071763567,1528891,,bus-cycles:u,1145920,100.00,,
     0.071763567,1722316,,instructions:u,1145984,100.00,,
     0.072911131,85915,,branch-misses:u,1147392,100.00,,
     0.072911131,0,,cache-misses:u,1147392,100.00,,
     0.072911131,1525838,,bus-cycles:u,1147392,100.00,,
     0.072911131,1716234,,instructions:u,1147392,100.00,,
     0.074059143,85262,,branch-misses:u,1147680,100.00,,
     0.074059143,0,,cache-misses:u,1147840,100.00,,
     0.074059143,1531849,,bus-cycles:u,1147872,100.00,,
     0.074059143,1707980,,instructions:u,1147808,100.00,,
     0.075205491,85968,,branch-misses:u,1145728,100.00,,
     0.075205491,0,,cache-misses:u,1145856,100.00,,
     0.075205491,1529122,,bus-cycles:u,1145824,100.00,,
     0.075205491,1726680,,instructions:u,1145792,100.00,,
     0.076352318,85763,,branch-misses:u,1146592,100.00,,
     0.076352318,0,,cache-misses:u,1146432,100.00,,
     0.076352318,1529243,,bus-cycles:u,1146336,100.00,,
     0.076352318,1713626,,instructions:u,1146400,100.00,,
     0.077500042,85366,,branch-misses:u,1148288,100.00,,
     0.077500042,0,,cache-misses:u,1148384,100.00,,
     0.077500042,1527488,,bus-cycles:u,1148448,100.00,,
     0.077500042,1712724,,instructions:u,1148448,100.00,,
     0.078648374,84988,,branch-misses:u,1147520,100.00,,
     0.078648374,0,,cache-misses:u,1147456,100.00,,
     0.078648374,1530149,,bus-cycles:u,1147456,100.00,,
     0.078648374,1704420,,instructions:u,1147424,100.00,,
     0.079795682,86358,,branch-misses:u,1146688,100.00,,
     0.079795682,0,,cache-misses:u,1146496,100.00,,
     0.079795682,1528825,,bus-cycles:u,1146432,100.00,,
     0.079795682,1730050,,instructions:u,1146432,100.00,,
     0.081249397,109675,,branch-misses:u,1459648,100.00,,
     0.081249397,0,,cache-misses:u,1461600,100.00,,
     0.081249397,1946242,,bus-cycles:u,1462912,100.00,,
     0.081249397,2198480,,instructions:u,1463808,100.00,,
     0.082456143,90491,,branch-misses:u,1201184,100.00,,
     0.082456143,0,,cache-misses:u,1199712,100.00,,
     0.082456143,1598372,,bus-cycles:u,1198656,100.00,,
     0.082456143,1804760,,instructions:u,1197984,100.00,,
     0.083611293,87138,,branch-misses:u,1154592,100.00,,
     0.083611293,0,,cache-misses:u,1154592,100.00,,
     0.083611293,1540208,,bus-cycles:u,1154528,100.00,,
     0.083611293,1742510,,instructions:u,1154368,100.00,,
     0.084761481,85554,,branch-misses:u,1149792,100.00,,
     0.084761481,0,,cache-misses:u,1149472,100.00,,
     0.084761481,1526817,,bus-cycles:u,1149344,100.00,,
     0.084761481,1706800,,instructions:u,1149280,100.00,,
     0.085910357,85385,,branch-misses:u,1148288,100.00,,
     0.085910357,0,,cache-misses:u,1148160,100.00,,
     0.085910357,1531144,,bus-cycles:u,1148160,100.00,,
     0.085910357,1704101,,instructions:u,1148096,100.00,,
     0.087076614,86165,,branch-misses:u,1166208,100.00,,
     0.087076614,0,,cache-misses:u,1166592,100.00,,
     0.087076614,1555796,,bus-cycles:u,1166624,100.00,,
     0.087076614,1724469,,instructions:u,1166752,100.00,,
     0.088224177,86435,,branch-misses:u,1147040,100.00,,
     0.088224177,0,,cache-misses:u,1146592,100.00,,
     0.088224177,1528948,,bus-cycles:u,1146656,100.00,,
     0.088224177,1732540,,instructions:u,1146592,100.00,,
     0.089370301,84687,,branch-misses:u,1146208,100.00,,
     0.089370301,0,,cache-misses:u,1146272,100.00,,
     0.089370301,1520763,,bus-cycles:u,1146176,100.00,,
     0.089370301,1694780,,instructions:u,1146240,100.00,,
     0.090517993,86320,,branch-misses:u,1146976,100.00,,
     0.090517993,0,,cache-misses:u,1146816,100.00,,
     0.090517993,1528540,,bus-cycles:u,1146816,100.00,,
     0.090517993,1729320,,instructions:u,1146784,100.00,,
     0.091662836,86022,,branch-misses:u,1144192,100.00,,
     0.091662836,0,,cache-misses:u,1144160,100.00,,
     0.091662836,1525239,,bus-cycles:u,1144160,100.00,,
     0.091662836,1723150,,instructions:u,1144128,100.00,,
     0.092810880,85954,,branch-misses:u,1148480,100.00,,
     0.092810880,0,,cache-misses:u,1148544,100.00,,
     0.092810880,1524736,,bus-cycles:u,1148544,100.00,,
     0.092810880,1720210,,instructions:u,1148608,100.00,,
     0.093956716,86346,,branch-misses:u,1144992,100.00,,
     0.093956716,0,,cache-misses:u,1145088,100.00,,
     0.093956716,1527382,,bus-cycles:u,1145152,100.00,,
     0.093956716,1727510,,instructions:u,1145088,100.00,,
     0.095101687,86473,,branch-misses:u,1144640,100.00,,
     0.095101687,0,,cache-misses:u,1144576,100.00,,
     0.095101687,1526353,,bus-cycles:u,1144512,100.00,,
     0.095101687,1723450,,instructions:u,1144512,100.00,,
     0.096245890,86052,,branch-misses:u,1143936,100.00,,
     0.096245890,0,,cache-misses:u,1143872,100.00,,
     0.096245890,1525533,,bus-cycles:u,1143904,100.00,,
     0.096245890,1723880,,instructions:u,1143936,100.00,,
     0.097391117,85664,,branch-misses:u,1145632,100.00,,
     0.097391117,0,,cache-misses:u,1145664,100.00,,
     0.097391117,1520793,,bus-cycles:u,1145600,100.00,,
     0.097391117,1711590,,instructions:u,1145600,100.00,,
     0.098537689,86419,,branch-misses:u,1145632,100.00,,
     0.098537689,0,,cache-misses:u,1145728,100.00,,
     0.098537689,1527648,,bus-cycles:u,1145760,100.00,,
     0.098537689,1728340,,instructions:u,1145728,100.00,,
     0.099682532,85009,,branch-misses:u,1144544,100.00,,
     0.099682532,0,,cache-misses:u,1144544,100.00,,
     0.099682532,1524843,,bus-cycles:u,1144512,100.00,,
     0.099682532,1703900,,instructions:u,1144576,100.00,,
     0.100828560,85466,,branch-misses:u,1146432,100.00,,
     0.100828560,0,,cache-misses:u,1146400,100.00,,
     0.100828560,1521727,,bus-cycles:u,1146400,100.00,,
     0.100828560,1708750,,instructions:u,1146432,100.00,,
     0.101974939,85685,,branch-misses:u,1145472,100.00,,
     0.101974939,0,,cache-misses:u,1145504,100.00,,
     0.101974939,1526872,,bus-cycles:u,1145472,100.00,,
     0.101974939,1712240,,instructions:u,1145376,100.00,,
     0.103119494,86463,,branch-misses:u,1144320,100.00,,
     0.103119494,0,,cache-misses:u,1144256,100.00,,
     0.103119494,1526137,,bus-cycles:u,1144288,100.00,,
     0.103119494,1723950,,instructions:u,1144288,100.00,,
     0.104263793,86265,,branch-misses:u,1144032,100.00,,
     0.104263793,0,,cache-misses:u,1143936,100.00,,
     0.104263793,1525898,,bus-cycles:u,1144032,100.00,,
     0.104263793,1727100,,instructions:u,1144096,100.00,,
     0.105408893,86068,,branch-misses:u,1145568,100.00,,
     0.105408893,0,,cache-misses:u,1145664,100.00,,
     0.105408893,1521190,,bus-cycles:u,1145536,100.00,,
     0.105408893,1716129,,instructions:u,1145536,100.00,,
     0.106556200,85444,,branch-misses:u,1146336,100.00,,
     0.106556200,0,,cache-misses:u,1146400,100.00,,
     0.106556200,1528733,,bus-cycles:u,1146464,100.00,,
     0.106556200,1704512,,instructions:u,1146432,100.00,,
     0.107716279,87308,,branch-misses:u,1160416,100.00,,
     0.107716279,0,,cache-misses:u,1160736,100.00,,
     0.107716279,1547090,,bus-cycles:u,1160768,100.00,,
     0.107716279,1745959,,instructions:u,1160832,100.00,,
     0.108864163,86025,,branch-misses:u,1147744,100.00,,
     0.108864163,0,,cache-misses:u,1147264,100.00,,
     0.108864163,1523611,,bus-cycles:u,1147168,100.00,,
     0.108864163,1715000,,instructions:u,1147136,100.00,,
     0.110011087,86406,,branch-misses:u,1145984,100.00,,
     0.110011087,0,,cache-misses:u,1146176,100.00,,
     0.110011087,1528444,,bus-cycles:u,1146176,100.00,,
     0.110011087,1731582,,instructions:u,1146144,100.00,,
     0.111156890,86180,,branch-misses:u,1145568,100.00,,
     0.111156890,0,,cache-misses:u,1145472,100.00,,
     0.111156890,1528066,,bus-cycles:u,1145536,100.00,,
     0.111156890,1725968,,instructions:u,1145536,100.00,,
     0.112302214,86256,,branch-misses:u,1144928,100.00,,
     0.112302214,0,,cache-misses:u,1144864,100.00,,
     0.112302214,1526432,,bus-cycles:u,1144864,100.00,,
     0.112302214,1720490,,instructions:u,1144832,100.00,,
     0.113448689,85625,,branch-misses:u,1146688,100.00,,
     0.113448689,0,,cache-misses:u,1146752,100.00,,
     0.113448689,1523528,,bus-cycles:u,1146784,100.00,,
     0.113448689,1707460,,instructions:u,1146816,100.00,,
     0.114594813,86069,,branch-misses:u,1145632,100.00,,
     0.114594813,0,,cache-misses:u,1145664,100.00,,
     0.114594813,1528024,,bus-cycles:u,1145568,100.00,,
     0.114594813,1720962,,instructions:u,1145568,100.00,,
     0.115740232,84902,,branch-misses:u,1144928,100.00,,
     0.115740232,0,,cache-misses:u,1144864,100.00,,
     0.115740232,1526288,,bus-cycles:u,1144928,100.00,,
     0.115740232,1695208,,instructions:u,1144896,100.00,,
     0.116886068,85880,,branch-misses:u,1145856,100.00,,
     0.116886068,0,,cache-misses:u,1145920,100.00,,
     0.116886068,1522467,,bus-cycles:u,1145856,100.00,,
     0.116886068,1716120,,instructions:u,1145920,100.00,,
     0.118032383,85914,,branch-misses:u,1145728,100.00,,
     0.118032383,0,,cache-misses:u,1145760,100.00,,
     0.118032383,1527684,,bus-cycles:u,1145824,100.00,,
     0.118032383,1722380,,instructions:u,1145760,100.00,,
     0.119177547,85812,,branch-misses:u,1144896,100.00,,
     0.119177547,0,,cache-misses:u,1144736,100.00,,
     0.119177547,1525703,,bus-cycles:u,1144768,100.00,,
     0.119177547,1713750,,instructions:u,1144672,100.00,,
     0.120322166,86411,,branch-misses:u,1144224,100.00,,
     0.120322166,0,,cache-misses:u,1144288,100.00,,
     0.120322166,1525532,,bus-cycles:u,1144224,100.00,,
     0.120322166,1721610,,instructions:u,1144256,100.00,,
     0.121467329,85143,,branch-misses:u,1145664,100.00,,
     0.121467329,0,,cache-misses:u,1145600,100.00,,
     0.121467329,1515515,,bus-cycles:u,1145600,100.00,,
     0.121467329,1705106,,instructions:u,1145664,100.00,,
     0.122614541,86555,,branch-misses:u,1146272,100.00,,
     0.122614541,0,,cache-misses:u,1146304,100.00,,
     0.122614541,1528989,,bus-cycles:u,1146368,100.00,,
     0.122614541,1726474,,instructions:u,1146400,100.00,,
     0.123759160,86123,,branch-misses:u,1144384,100.00,,
     0.123759160,0,,cache-misses:u,1144352,100.00,,
     0.123759160,1526470,,bus-cycles:u,1144288,100.00,,
     0.123759160,1720190,,instructions:u,1144160,100.00,,
     0.124904963,86186,,branch-misses:u,1146272,100.00,,
     0.124904963,0,,cache-misses:u,1146304,100.00,,
     0.124904963,1524210,,bus-cycles:u,1146336,100.00,,
     0.124904963,1723790,,instructions:u,1146400,100.00,,
     0.126052527,86173,,branch-misses:u,1146912,100.00,,
     0.126052527,0,,cache-misses:u,1146880,100.00,,
     0.126052527,1529259,,bus-cycles:u,1146880,100.00,,
     0.126052527,1722184,,instructions:u,1146880,100.00,,
     0.127197499,86132,,branch-misses:u,1144320,100.00,,
     0.127197499,0,,cache-misses:u,1144480,100.00,,
     0.127197499,1525976,,bus-cycles:u,1144512,100.00,,
     0.127197499,1722326,,instructions:u,1144544,100.00,,
     0.128342630,86124,,branch-misses:u,1144960,100.00,,
     0.128342630,0,,cache-misses:u,1144896,100.00,,
     0.128342630,1526775,,bus-cycles:u,1144832,100.00,,
     0.128342630,1715760,,instructions:u,1144832,100.00,,
     0.129500084,86875,,branch-misses:u,1158208,100.00,,
     0.129500084,0,,cache-misses:u,1158304,100.00,,
     0.129500084,1538885,,bus-cycles:u,1158400,100.00,,
     0.129500084,1742500,,instructions:u,1158464,100.00,,
     0.130647744,86355,,branch-misses:u,1146720,100.00,,
     0.130647744,0,,cache-misses:u,1146560,100.00,,
     0.130647744,1529046,,bus-cycles:u,1146528,100.00,,
     0.130647744,1728660,,instructions:u,1146464,100.00,,
     0.131793355,85937,,branch-misses:u,1144928,100.00,,
     0.131793355,0,,cache-misses:u,1145056,100.00,,
     0.131793355,1526399,,bus-cycles:u,1145024,100.00,,
     0.131793355,1710010,,instructions:u,1145056,100.00,,
     0.132939511,85663,,branch-misses:u,1146592,100.00,,
     0.132939511,0,,cache-misses:u,1146624,100.00,,
     0.132939511,1522386,,bus-cycles:u,1146624,100.00,,
     0.132939511,1715720,,instructions:u,1146656,100.00,,
     0.134086050,85654,,branch-misses:u,1145888,100.00,,
     0.134086050,0,,cache-misses:u,1145792,100.00,,
     0.134086050,1527356,,bus-cycles:u,1145760,100.00,,
     0.134086050,1722620,,instructions:u,1145664,100.00,,
     0.135231182,85908,,branch-misses:u,1144576,100.00,,
     0.135231182,0,,cache-misses:u,1144640,100.00,,
     0.135231182,1526550,,bus-cycles:u,1144736,100.00,,
     0.135231182,1712250,,instructions:u,1144704,100.00,,
     0.136377049,85964,,branch-misses:u,1145568,100.00,,
     0.136377049,0,,cache-misses:u,1145600,100.00,,
     0.136377049,1527478,,bus-cycles:u,1145472,100.00,,
     0.136377049,1720200,,instructions:u,1145536,100.00,,
     0.137539176,87331,,branch-misses:u,1162720,100.00,,
     0.137539176,0,,cache-misses:u,1162752,100.00,,
     0.137539176,1545284,,bus-cycles:u,1162752,100.00,,
     0.137539176,1744640,,instructions:u,1162848,100.00,,
     0.138686292,85703,,branch-misses:u,1146368,100.00,,
     0.138686292,0,,cache-misses:u,1146176,100.00,,
     0.138686292,1528623,,bus-cycles:u,1146208,100.00,,
     0.138686292,1725210,,instructions:u,1146080,100.00,,
     0.139830943,84871,,branch-misses:u,1143904,100.00,,
     0.139830943,0,,cache-misses:u,1143936,100.00,,
     0.139830943,1525631,,bus-cycles:u,1143936,100.00,,
     0.139830943,1701990,,instructions:u,1143968,100.00,,
     0.140976299,85866,,branch-misses:u,1145888,100.00,,
     0.140976299,0,,cache-misses:u,1145824,100.00,,
     0.140976299,1521778,,bus-cycles:u,1145824,100.00,,
     0.140976299,1718930,,instructions:u,1145792,100.00,,
     0.142122326,86001,,branch-misses:u,1145152,100.00,,
     0.142122326,0,,cache-misses:u,1145184,100.00,,
     0.142122326,1526821,,bus-cycles:u,1145152,100.00,,
     0.142122326,1719530,,instructions:u,1145248,100.00,,
     0.143266913,85559,,branch-misses:u,1144288,100.00,,
     0.143266913,0,,cache-misses:u,1144288,100.00,,
     0.143266913,1526016,,bus-cycles:u,1144320,100.00,,
     0.143266913,1702710,,instructions:u,1144224,100.00,,
     0.144411277,85949,,branch-misses:u,1143968,100.00,,
     0.144411277,0,,cache-misses:u,1144128,100.00,,
     0.144411277,1526003,,bus-cycles:u,1144128,100.00,,
     0.144411277,1719320,,instructions:u,1144096,100.00,,
     0.145566682,86895,,branch-misses:u,1156032,100.00,,
     0.145566682,0,,cache-misses:u,1155936,100.00,,
     0.145566682,1535855,,bus-cycles:u,1155968,100.00,,
     0.145566682,1733300,,instructions:u,1156032,100.00,,
     0.146713254,86197,,branch-misses:u,1145504,100.00,,
     0.146713254,0,,cache-misses:u,1145472,100.00,,
     0.146713254,1527878,,bus-cycles:u,1145408,100.00,,
     0.146713254,1725940,,instructions:u,1145408,100.00,,
     0.147858833,85984,,branch-misses:u,1145312,100.00,,
     0.147858833,0,,cache-misses:u,1145344,100.00,,
     0.147858833,1528060,,bus-cycles:u,1145408,100.00,,
     0.147858833,1731670,,instructions:u,1145376,100.00,,
     0.149005565,85553,,branch-misses:u,1147104,100.00,,
     0.149005565,0,,cache-misses:u,1147040,100.00,,
     0.149005565,1524198,,bus-cycles:u,1147008,100.00,,
     0.149005565,1719440,,instructions:u,1147104,100.00,,
     0.150165484,87052,,branch-misses:u,1159616,100.00,,
     0.150165484,0,,cache-misses:u,1159808,100.00,,
     0.150165484,1546346,,bus-cycles:u,1159872,100.00,,
     0.150165484,1744110,,instructions:u,1159776,100.00,,
     0.151312087,85074,,branch-misses:u,1146144,100.00,,
     0.151312087,0,,cache-misses:u,1146016,100.00,,
     0.151312087,1527778,,bus-cycles:u,1145984,100.00,,
     0.151312087,1701840,,instructions:u,1145984,100.00,,
     0.152459747,86022,,branch-misses:u,1147584,100.00,,
     0.152459747,0,,cache-misses:u,1147680,100.00,,
     0.152459747,1524654,,bus-cycles:u,1147776,100.00,,
     0.152459747,1719410,,instructions:u,1147840,100.00,,
     0.153607119,85888,,branch-misses:u,1146848,100.00,,
     0.153607119,0,,cache-misses:u,1146720,100.00,,
     0.153607119,1528508,,bus-cycles:u,1146656,100.00,,
     0.153607119,1720750,,instructions:u,1146656,100.00,,
     0.154752890,86050,,branch-misses:u,1145152,100.00,,
     0.154752890,0,,cache-misses:u,1145152,100.00,,
     0.154752890,1527215,,bus-cycles:u,1145088,100.00,,
     0.154752890,1713040,,instructions:u,1145088,100.00,,
     0.155898150,85730,,branch-misses:u,1144928,100.00,,
     0.155898150,0,,cache-misses:u,1144960,100.00,,
     0.155898150,1527127,,bus-cycles:u,1145024,100.00,,
     0.155898150,1717820,,instructions:u,1144928,100.00,,
     0.157044625,85781,,branch-misses:u,1146944,100.00,,
     0.157044625,0,,cache-misses:u,1146976,100.00,,
     0.157044625,1523581,,bus-cycles:u,1146944,100.00,,
     0.157044625,1716770,,instructions:u,1147040,100.00,,
     0.158191357,85972,,branch-misses:u,1146048,100.00,,
     0.158191357,0,,cache-misses:u,1146112,100.00,,
     0.158191357,1528740,,bus-cycles:u,1146176,100.00,,
     0.158191357,1718290,,instructions:u,1146208,100.00,,
     0.159337353,86124,,branch-misses:u,1145440,100.00,,
     0.159337353,0,,cache-misses:u,1145408,100.00,,
     0.159337353,1527516,,bus-cycles:u,1145408,100.00,,
     0.159337353,1720998,,instructions:u,1145344,100.00,,
     0.160484116,85664,,branch-misses:u,1147168,100.00,,
     0.160484116,0,,cache-misses:u,1147264,100.00,,
     0.160484116,1524716,,bus-cycles:u,1147168,100.00,,
     0.160484116,1718496,,instructions:u,1147264,100.00,,
     0.161631840,85738,,branch-misses:u,1147104,100.00,,
     0.161631840,0,,cache-misses:u,1147040,100.00,,
     0.161631840,1529990,,bus-cycles:u,1147072,100.00,,
     0.161631840,1709946,,instructions:u,1146912,100.00,,
     0.162777388,85979,,branch-misses:u,1144960,100.00,,
     0.162777388,0,,cache-misses:u,1144992,100.00,,
     0.162777388,1526958,,bus-cycles:u,1145056,100.00,,
     0.162777388,1718204,,instructions:u,1145184,100.00,,
     0.163922423,86065,,branch-misses:u,1144800,100.00,,
     0.163922423,0,,cache-misses:u,1144736,100.00,,
     0.163922423,1526216,,bus-cycles:u,1144704,100.00,,
     0.163922423,1724806,,instructions:u,1144704,100.00,,
     0.165069219,86165,,branch-misses:u,1147136,100.00,,
     0.165069219,0,,cache-misses:u,1147200,100.00,,
     0.165069219,1523822,,bus-cycles:u,1147232,100.00,,
     0.165069219,1718516,,instructions:u,1147264,100.00,,
     0.166216142,86684,,branch-misses:u,1146304,100.00,,
     0.166216142,0,,cache-misses:u,1146240,100.00,,
     0.166216142,1528391,,bus-cycles:u,1146208,100.00,,
     0.166216142,1725914,,instructions:u,1146112,100.00,,
     0.167361946,86176,,branch-misses:u,1145280,100.00,,
     0.167361946,0,,cache-misses:u,1145376,100.00,,
     0.167361946,1527519,,bus-cycles:u,1145376,100.00,,
     0.167361946,1723720,,instructions:u,1145440,100.00,,
     0.168540621,88176,,branch-misses:u,1179648,100.00,,
     0.168540621,0,,cache-misses:u,1180000,100.00,,
     0.168540621,1567960,,bus-cycles:u,1180128,100.00,,
     0.168540621,1768960,,instructions:u,1180224,100.00,,
     0.169694810,86451,,branch-misses:u,1153152,100.00,,
     0.169694810,0,,cache-misses:u,1153056,100.00,,
     0.169694810,1537920,,bus-cycles:u,1152992,100.00,,
     0.169694810,1729810,,instructions:u,1152832,100.00,,
     0.170860234,87358,,branch-misses:u,1165216,100.00,,
     0.170860234,0,,cache-misses:u,1165248,100.00,,
     0.170860234,1553877,,bus-cycles:u,1165216,100.00,,
     0.170860234,1748650,,instructions:u,1165312,100.00,,
     0.172008726,85942,,branch-misses:u,1148064,100.00,,
     0.172008726,0,,cache-misses:u,1147808,100.00,,
     0.172008726,1530003,,bus-cycles:u,1147808,100.00,,
     0.172008726,1723250,,instructions:u,1147744,100.00,,
     0.173155746,86027,,branch-misses:u,1147008,100.00,,
     0.173155746,0,,cache-misses:u,1146816,100.00,,
     0.173155746,1523527,,bus-cycles:u,1146752,100.00,,
     0.173155746,1723650,,instructions:u,1146784,100.00,,
     0.174303406,86359,,branch-misses:u,1147232,100.00,,
     0.174303406,0,,cache-misses:u,1147360,100.00,,
     0.174303406,1530075,,bus-cycles:u,1147424,100.00,,
     0.174303406,1737290,,instructions:u,1147360,100.00,,
     0.175449914,86477,,branch-misses:u,1146144,100.00,,
     0.175449914,0,,cache-misses:u,1146208,100.00,,
     0.175449914,1528535,,bus-cycles:u,1146176,100.00,,
     0.175449914,1726210,,instructions:u,1146240,100.00,,
     0.176598086,85860,,branch-misses:u,1148224,100.00,,
     0.176598086,0,,cache-misses:u,1148096,100.00,,
     0.176598086,1525969,,bus-cycles:u,1148064,100.00,,
     0.176598086,1718750,,instructions:u,1148096,100.00,,
     0.177746034,85161,,branch-misses:u,1147424,100.00,,
     0.177746034,0,,cache-misses:u,1147712,100.00,,
     0.177746034,1530913,,bus-cycles:u,1147744,100.00,,
     0.177746034,1703420,,instructions:u,1147744,100.00,,
     0.178893853,86644,,branch-misses:u,1147488,100.00,,
     0.178893853,0,,cache-misses:u,1147488,100.00,,
     0.178893853,1531340,,bus-cycles:u,1147488,100.00,,
     0.178893853,1727620,,instructions:u,1147456,100.00,,
     0.180039593,86057,,branch-misses:u,1145312,100.00,,
     0.180039593,0,,cache-misses:u,1145152,100.00,,
     0.180039593,1528515,,bus-cycles:u,1145088,100.00,,
     0.180039593,1727040,,instructions:u,1145088,100.00,,
     0.181186933,86016,,branch-misses:u,1147520,100.00,,
     0.181186933,0,,cache-misses:u,1147424,100.00,,
     0.181186933,1524806,,bus-cycles:u,1147488,100.00,,
     0.181186933,1719240,,instructions:u,1147456,100.00,,
     0.182334241,86369,,branch-misses:u,1146368,100.00,,
     0.182334241,0,,cache-misses:u,1146336,100.00,,
     0.182334241,1528995,,bus-cycles:u,1146304,100.00,,
     0.182334241,1729990,,instructions:u,1146368,100.00,,
     0.183479660,86186,,branch-misses:u,1145184,100.00,,
     0.183479660,0,,cache-misses:u,1145280,100.00,,
     0.183479660,1527699,,bus-cycles:u,1145312,100.00,,
     0.183479660,1724540,,instructions:u,1145248,100.00,,
     0.184626552,85526,,branch-misses:u,1147328,100.00,,
     0.184626552,0,,cache-misses:u,1147360,100.00,,
     0.184626552,1522066,,bus-cycles:u,1147296,100.00,,
     0.184626552,1719100,,instructions:u,1147328,100.00,,
     0.185775172,86061,,branch-misses:u,1147936,100.00,,
     0.185775172,0,,cache-misses:u,1147840,100.00,,
     0.185775172,1531711,,bus-cycles:u,1147904,100.00,,
     0.185775172,1724080,,instructions:u,1147872,100.00,,
     0.186922095,86345,,branch-misses:u,1146240,100.00,,
     0.186922095,0,,cache-misses:u,1146336,100.00,,
     0.186922095,1529493,,bus-cycles:u,1146304,100.00,,
     0.186922095,1730990,,instructions:u,1146272,100.00,,
     0.188067611,85929,,branch-misses:u,1145280,100.00,,
     0.188067611,0,,cache-misses:u,1145216,100.00,,
     0.188067611,1527285,,bus-cycles:u,1145216,100.00,,
     0.188067611,1715004,,instructions:u,1145280,100.00,,
     0.189214054,85952,,branch-misses:u,1146912,100.00,,
     0.189214054,0,,cache-misses:u,1146816,100.00,,
     0.189214054,1524392,,bus-cycles:u,1146880,100.00,,
     0.189214054,1716076,,instructions:u,1147008,100.00,,
     0.190361682,86043,,branch-misses:u,1146720,100.00,,
     0.190361682,0,,cache-misses:u,1146784,100.00,,
     0.190361682,1529635,,bus-cycles:u,1146752,100.00,,
     0.190361682,1726500,,instructions:u,1146656,100.00,,
     0.191507230,85902,,branch-misses:u,1145184,100.00,,
     0.191507230,0,,cache-misses:u,1145088,100.00,,
     0.191507230,1527264,,bus-cycles:u,1145056,100.00,,
     0.191507230,1723190,,instructions:u,1144960,100.00,,
     0.192667020,86812,,branch-misses:u,1160512,100.00,,
     0.192667020,0,,cache-misses:u,1160928,100.00,,
     0.192667020,1543451,,bus-cycles:u,1160992,100.00,,
     0.192667020,1742130,,instructions:u,1160960,100.00,,
     0.193815512,86733,,branch-misses:u,1147776,100.00,,
     0.193815512,0,,cache-misses:u,1147360,100.00,,
     0.193815512,1529692,,bus-cycles:u,1147328,100.00,,
     0.193815512,1725884,,instructions:u,1147424,100.00,,
     0.194960708,86196,,branch-misses:u,1144448,100.00,,
     0.194960708,0,,cache-misses:u,1144576,100.00,,
     0.194960708,1526290,,bus-cycles:u,1144576,100.00,,
     0.194960708,1720920,,instructions:u,1144544,100.00,,
     0.196106319,85931,,branch-misses:u,1145376,100.00,,
     0.196106319,0,,cache-misses:u,1145376,100.00,,
     0.196106319,1527696,,bus-cycles:u,1145344,100.00,,
     0.196106319,1722636,,instructions:u,1145376,100.00,,
     0.197252315,86043,,branch-misses:u,1146016,100.00,,
     0.197252315,0,,cache-misses:u,1145952,100.00,,
     0.197252315,1522697,,bus-cycles:u,1146016,100.00,,
     0.197252315,1712970,,instructions:u,1146016,100.00,,
     0.198398342,85817,,branch-misses:u,1145408,100.00,,
     0.198398342,0,,cache-misses:u,1145376,100.00,,
     0.198398342,1527473,,bus-cycles:u,1145376,100.00,,
     0.198398342,1719380,,instructions:u,1145344,100.00,,
     0.199542993,86066,,branch-misses:u,1144384,100.00,,
     0.199542993,0,,cache-misses:u,1144448,100.00,,
     0.199542993,1525685,,bus-cycles:u,1144416,100.00,,
     0.199542993,1716380,,instructions:u,1144384,100.00,,
     0.200689277,85775,,branch-misses:u,1146688,100.00,,
     0.200689277,0,,cache-misses:u,1146688,100.00,,
     0.200689277,1523551,,bus-cycles:u,1146656,100.00,,
     0.200689277,1716350,,instructions:u,1146752,100.00,,
     0.201837737,85332,,branch-misses:u,1147424,100.00,,
     0.201837737,0,,cache-misses:u,1147392,100.00,,
     0.201837737,1529825,,bus-cycles:u,1147456,100.00,,
     0.201837737,1708650,,instructions:u,1147328,100.00,,
     0.202983700,86280,,branch-misses:u,1145824,100.00,,
     0.202983700,0,,cache-misses:u,1145792,100.00,,
     0.202983700,1528563,,bus-cycles:u,1145760,100.00,,
     0.202983700,1724560,,instructions:u,1145824,100.00,,
     0.204128864,85613,,branch-misses:u,1144864,100.00,,
     0.204128864,0,,cache-misses:u,1144960,100.00,,
     0.204128864,1527055,,bus-cycles:u,1144896,100.00,,
     0.204128864,1714740,,instructions:u,1144928,100.00,,
     0.205274603,85839,,branch-misses:u,1146112,100.00,,
     0.205274603,0,,cache-misses:u,1146048,100.00,,
     0.205274603,1522024,,bus-cycles:u,1146112,100.00,,
     0.205274603,1721920,,instructions:u,1146080,100.00,,
     0.206421847,86280,,branch-misses:u,1146304,100.00,,
     0.206421847,0,,cache-misses:u,1146304,100.00,,
     0.206421847,1528771,,bus-cycles:u,1146336,100.00,,
     0.206421847,1726900,,instructions:u,1146368,100.00,,
     0.207567010,86031,,branch-misses:u,1144864,100.00,,
     0.207567010,0,,cache-misses:u,1144896,100.00,,
     0.207567010,1527137,,bus-cycles:u,1144864,100.00,,
     0.207567010,1719598,,instructions:u,1144800,100.00,,
     0.208713806,85631,,branch-misses:u,1147264,100.00,,
     0.208713806,0,,cache-misses:u,1147232,100.00,,
     0.208713806,1524462,,bus-cycles:u,1147200,100.00,,
     0.208713806,1719702,,instructions:u,1147264,100.00,,
     0.209861146,86001,,branch-misses:u,1146848,100.00,,
     0.209861146,0,,cache-misses:u,1147104,100.00,,
     0.209861146,1530805,,bus-cycles:u,1147168,100.00,,
     0.209861146,1729010,,instructions:u,1147040,100.00,,
     0.211007461,85904,,branch-misses:u,1145888,100.00,,
     0.211007461,0,,cache-misses:u,1145600,100.00,,
     0.211007461,1528368,,bus-cycles:u,1145600,100.00,,
     0.211007461,1719630,,instructions:u,1145728,100.00,,
     0.212153201,85877,,branch-misses:u,1145184,100.00,,
     0.212153201,0,,cache-misses:u,1145216,100.00,,
     0.212153201,1527713,,bus-cycles:u,1145184,100.00,,
     0.212153201,1720088,,instructions:u,1145088,100.00,,
     0.213310111,86466,,branch-misses:u,1157568,100.00,,
     0.213310111,0,,cache-misses:u,1157792,100.00,,
     0.213310111,1538728,,bus-cycles:u,1157792,100.00,,
     0.213310111,1732296,,instructions:u,1157984,100.00,,
     0.214458731,86570,,branch-misses:u,1147744,100.00,,
     0.214458731,0,,cache-misses:u,1147776,100.00,,
     0.214458731,1530818,,bus-cycles:u,1147808,100.00,,
     0.214458731,1728677,,instructions:u,1147712,100.00,,
     0.215605079,85865,,branch-misses:u,1146112,100.00,,
     0.215605079,0,,cache-misses:u,1146016,100.00,,
     0.215605079,1529275,,bus-cycles:u,1145952,100.00,,
     0.215605079,1727649,,instructions:u,1145984,100.00,,
     0.216752066,85480,,branch-misses:u,1147072,100.00,,
     0.216752066,0,,cache-misses:u,1146976,100.00,,
     0.216752066,1524704,,bus-cycles:u,1146976,100.00,,
     0.216752066,1708720,,instructions:u,1146944,100.00,,
     0.217899310,86457,,branch-misses:u,1146688,100.00,,
     0.217899310,0,,cache-misses:u,1146624,100.00,,
     0.217899310,1528911,,bus-cycles:u,1146656,100.00,,
     0.217899310,1729920,,instructions:u,1146624,100.00,,
     0.219044857,86364,,branch-misses:u,1145248,100.00,,
     0.219044857,0,,cache-misses:u,1145184,100.00,,
     0.219044857,1527492,,bus-cycles:u,1145216,100.00,,
     0.219044857,1724220,,instructions:u,1145248,100.00,,
     0.220190501,85960,,branch-misses:u,1144928,100.00,,
     0.220190501,0,,cache-misses:u,1144896,100.00,,
     0.220190501,1527421,,bus-cycles:u,1144864,100.00,,
     0.220190501,1720490,,instructions:u,1144768,100.00,,
     0.221336784,85938,,branch-misses:u,1146752,100.00,,
     0.221336784,0,,cache-misses:u,1146880,100.00,,
     0.221336784,1524538,,bus-cycles:u,1146880,100.00,,
     0.221336784,1722060,,instructions:u,1146976,100.00,,
     0.222484348,86146,,branch-misses:u,1146976,100.00,,
     0.222484348,0,,cache-misses:u,1146912,100.00,,
     0.222484348,1529596,,bus-cycles:u,1146880,100.00,,
     0.222484348,1725270,,instructions:u,1146848,100.00,,
     0.223630056,85469,,branch-misses:u,1145152,100.00,,
     0.223630056,0,,cache-misses:u,1145216,100.00,,
     0.223630056,1527141,,bus-cycles:u,1145248,100.00,,
     0.223630056,1712200,,instructions:u,1145184,100.00,,
     0.224776467,85895,,branch-misses:u,1146848,100.00,,
     0.224776467,0,,cache-misses:u,1146688,100.00,,
     0.224776467,1523723,,bus-cycles:u,1146624,100.00,,
     0.224776467,1708710,,instructions:u,1146720,100.00,,
     0.225923071,86083,,branch-misses:u,1145952,100.00,,
     0.225923071,0,,cache-misses:u,1146048,100.00,,
     0.225923071,1529451,,bus-cycles:u,1146144,100.00,,
     0.225923071,1721930,,instructions:u,1146048,100.00,,
     0.227068458,85899,,branch-misses:u,1144736,100.00,,
     0.227068458,0,,cache-misses:u,1144640,100.00,,
     0.227068458,1527273,,bus-cycles:u,1144544,100.00,,
     0.227068458,1719010,,instructions:u,1144608,100.00,,
     0.228213654,86070,,branch-misses:u,1144864,100.00,,
     0.228213654,0,,cache-misses:u,1145024,100.00,,
     0.228213654,1528230,,bus-cycles:u,1145088,100.00,,
     0.228213654,1720120,,instructions:u,1145056,100.00,,
     0.229360097,85144,,branch-misses:u,1146976,100.00,,
     0.229360097,0,,cache-misses:u,1146976,100.00,,
     0.229360097,1525482,,bus-cycles:u,1146912,100.00,,
     0.229360097,1695270,,instructions:u,1146976,100.00,,
     0.230507725,86162,,branch-misses:u,1146592,100.00,,
     0.230507725,0,,cache-misses:u,1146560,100.00,,
     0.230507725,1530406,,bus-cycles:u,1146560,100.00,,
     0.230507725,1724650,,instructions:u,1146560,100.00,,
     0.231652568,86345,,branch-misses:u,1144608,100.00,,
     0.231652568,0,,cache-misses:u,1144608,100.00,,
     0.231652568,1528014,,bus-cycles:u,1144608,100.00,,
     0.231652568,1728590,,instructions:u,1144608,100.00,,
     0.232799140,85826,,branch-misses:u,1147040,100.00,,
     0.232799140,0,,cache-misses:u,1147008,100.00,,
     0.232799140,1523969,,bus-cycles:u,1147008,100.00,,
     0.232799140,1722764,,instructions:u,1146976,100.00,,
     0.233946256,85838,,branch-misses:u,1146080,100.00,,
     0.233946256,0,,cache-misses:u,1146048,100.00,,
     0.233946256,1529245,,bus-cycles:u,1146112,100.00,,
     0.233946256,1723520,,instructions:u,1146112,100.00,,
     0.235103006,86359,,branch-misses:u,1157152,100.00,,
     0.235103006,0,,cache-misses:u,1157472,100.00,,
     0.235103006,1544514,,bus-cycles:u,1157472,100.00,,
     0.235103006,1723796,,instructions:u,1157440,100.00,,
     0.236250089,86511,,branch-misses:u,1146656,100.00,,
     0.236250089,0,,cache-misses:u,1146272,100.00,,
     0.236250089,1528930,,bus-cycles:u,1146208,100.00,,
     0.236250089,1725350,,instructions:u,1146240,100.00,,
     0.237396597,85754,,branch-misses:u,1146432,100.00,,
     0.237396597,0,,cache-misses:u,1146528,100.00,,
     0.237396597,1523467,,bus-cycles:u,1146528,100.00,,
     0.237396597,1715070,,instructions:u,1146560,100.00,,
     0.238543201,86541,,branch-misses:u,1145664,100.00,,
     0.238543201,0,,cache-misses:u,1145664,100.00,,
     0.238543201,1528293,,bus-cycles:u,1145696,100.00,,
     0.238543201,1727318,,instructions:u,1145632,100.00,,
     0.239688332,85883,,branch-misses:u,1144864,100.00,,
     0.239688332,0,,cache-misses:u,1144960,100.00,,
     0.239688332,1527051,,bus-cycles:u,1144960,100.00,,
     0.239688332,1717222,,instructions:u,1144960,100.00,,
     0.240834936,85487,,branch-misses:u,1147072,100.00,,
     0.240834936,0,,cache-misses:u,1146912,100.00,,
     0.240834936,1523878,,bus-cycles:u,1146912,100.00,,
     0.240834936,1710150,,instructions:u,1146912,100.00,,
     0.241981571,86477,,branch-misses:u,1145984,100.00,,
     0.241981571,0,,cache-misses:u,1146016,100.00,,
     0.241981571,1528533,,bus-cycles:u,1146080,100.00,,
     0.241981571,1724820,,instructions:u,1146080,100.00,,
     0.243127983,84900,,branch-misses:u,1145760,100.00,,
     0.243127983,0,,cache-misses:u,1145792,100.00,,
     0.243127983,1528243,,bus-cycles:u,1145664,100.00,,
     0.243127983,1699450,,instructions:u,1145664,100.00,,
     0.244273178,86407,,branch-misses:u,1145056,100.00,,
     0.244273178,0,,cache-misses:u,1145120,100.00,,
     0.244273178,1527735,,bus-cycles:u,1145184,100.00,,
     0.244273178,1724800,,instructions:u,1145184,100.00,,
     0.245419334,85704,,branch-misses:u,1146496,100.00,,
     0.245419334,0,,cache-misses:u,1146368,100.00,,
     0.245419334,1519280,,bus-cycles:u,1146336,100.00,,
     0.245419334,1714790,,instructions:u,1146400,100.00,,
     0.246565745,86077,,branch-misses:u,1145536,100.00,,
     0.246565745,0,,cache-misses:u,1145600,100.00,,
     0.246565745,1528122,,bus-cycles:u,1145664,100.00,,
     0.246565745,1720650,,instructions:u,1145600,100.00,,
     0.247710333,86264,,branch-misses:u,1144192,100.00,,
     0.247710333,0,,cache-misses:u,1144160,100.00,,
     0.247710333,1525886,,bus-cycles:u,1144128,100.00,,
     0.247710333,1721052,,instructions:u,1144096,100.00,,
     0.248856264,85711,,branch-misses:u,1146048,100.00,,
     0.248856264,0,,cache-misses:u,1146080,100.00,,
     0.248856264,1523614,,bus-cycles:u,1146048,100.00,,
     0.248856264,1713232,,instructions:u,1146176,100.00,,
     0.250002612,86051,,branch-misses:u,1145792,100.00,,
     0.250002612,0,,cache-misses:u,1145760,100.00,,
     0.250002612,1528466,,bus-cycles:u,1145856,100.00,,
     0.250002612,1715636,,instructions:u,1145760,100.00,,
     0.251147231,86424,,branch-misses:u,1144320,100.00,,
     0.251147231,0,,cache-misses:u,1144384,100.00,,
     0.251147231,1527411,,bus-cycles:u,1144288,100.00,,
     0.251147231,1724580,,instructions:u,1144352,100.00,,
     0.252292298,86128,,branch-misses:u,1144768,100.00,,
     0.252292298,0,,cache-misses:u,1144768,100.00,,
     0.252292298,1527982,,bus-cycles:u,1144832,100.00,,
     0.252292298,1725180,,instructions:u,1144800,100.00,,
     0.253438390,84965,,branch-misses:u,1146208,100.00,,
     0.253438390,0,,cache-misses:u,1146144,100.00,,
     0.253438390,1522958,,bus-cycles:u,1146112,100.00,,
     0.253438390,1701460,,instructions:u,1146112,100.00,,
     0.254584641,85221,,branch-misses:u,1145600,100.00,,
     0.254584641,0,,cache-misses:u,1145664,100.00,,
     0.254584641,1528009,,bus-cycles:u,1145632,100.00,,
     0.254584641,1711460,,instructions:u,1145664,100.00,,
     0.255744368,87179,,branch-misses:u,1160160,100.00,,
     0.255744368,0,,cache-misses:u,1160448,100.00,,
     0.255744368,1548031,,bus-cycles:u,1160544,100.00,,
     0.255744368,1742070,,instructions:u,1160544,100.00,,
     0.256892348,78221,,branch-misses:u,1148032,100.00,,
     0.256892348,0,,cache-misses:u,1147936,100.00,,
     0.256892348,1385587,,bus-cycles:u,1147808,100.00,,
     0.256892348,1559570,,instructions:u,1147840,100.00,,
     0.258040232,86077,,branch-misses:u,1146592,100.00,,
     0.258040232,0,,cache-misses:u,1146400,100.00,,
     0.258040232,1529035,,bus-cycles:u,1146432,100.00,,
     0.258040232,1724290,,instructions:u,1146400,100.00,,
     0.259185363,85989,,branch-misses:u,1144928,100.00,,
     0.259185363,0,,cache-misses:u,1144800,100.00,,
     0.259185363,1526213,,bus-cycles:u,1144832,100.00,,
     0.259185363,1716080,,instructions:u,1144832,100.00,,
     0.260330462,85931,,branch-misses:u,1144736,100.00,,
     0.260330462,0,,cache-misses:u,1144768,100.00,,
     0.260330462,1525927,,bus-cycles:u,1144736,100.00,,
     0.260330462,1717640,,instructions:u,1144736,100.00,,
     0.261476490,85029,,branch-misses:u,1146464,100.00,,
     0.261476490,0,,cache-misses:u,1146592,100.00,,
     0.261476490,1515468,,bus-cycles:u,1146624,100.00,,
     0.261476490,1711310,,instructions:u,1146560,100.00,,
     0.262623478,86263,,branch-misses:u,1146336,100.00,,
     0.262623478,0,,cache-misses:u,1146272,100.00,,
     0.262623478,1528784,,bus-cycles:u,1146336,100.00,,
     0.262623478,1725120,,instructions:u,1146272,100.00,,
     0.263768897,86129,,branch-misses:u,1144832,100.00,,
     0.263768897,0,,cache-misses:u,1144768,100.00,,
     0.263768897,1526359,,bus-cycles:u,1144704,100.00,,
     0.263768897,1728080,,instructions:u,1144800,100.00,,
     0.264915340,85645,,branch-misses:u,1146880,100.00,,
     0.264915340,0,,cache-misses:u,1147008,100.00,,
     0.264915340,1522623,,bus-cycles:u,1147104,100.00,,
     0.264915340,1712340,,instructions:u,1147200,100.00,,
     0.266062680,85853,,branch-misses:u,1146272,100.00,,
     0.266062680,0,,cache-misses:u,1146144,100.00,,
     0.266062680,1527747,,bus-cycles:u,1146080,100.00,,
     0.266062680,1720510,,instructions:u,1146016,100.00,,
     0.267206819,86270,,branch-misses:u,1144032,100.00,,
     0.267206819,0,,cache-misses:u,1144160,100.00,,
     0.267206819,1525566,,bus-cycles:u,1144096,100.00,,
     0.267206819,1727800,,instructions:u,1144096,100.00,,
     0.268352079,86148,,branch-misses:u,1144832,100.00,,
     0.268352079,0,,cache-misses:u,1144768,100.00,,
     0.268352079,1526101,,bus-cycles:u,1144800,100.00,,
     0.268352079,1722330,,instructions:u,1144736,100.00,,
     0.269498970,86063,,branch-misses:u,1147392,100.00,,
     0.269498970,0,,cache-misses:u,1147456,100.00,,
     0.269498970,1523237,,bus-cycles:u,1147488,100.00,,
     0.269498970,1720560,,instructions:u,1147552,100.00,,
     0.270646022,85986,,branch-misses:u,1146112,100.00,,
     0.270646022,0,,cache-misses:u,1146112,100.00,,
     0.270646022,1527986,,bus-cycles:u,1146048,100.00,,
     0.270646022,1715070,,instructions:u,1146016,100.00,,
     0.271792754,85641,,branch-misses:u,1147424,100.00,,
     0.271792754,0,,cache-misses:u,1147776,100.00,,
     0.271792754,1530324,,bus-cycles:u,1147936,100.00,,
     0.271792754,1717390,,instructions:u,1148032,100.00,,
     0.272944127,85833,,branch-misses:u,1151104,100.00,,
     0.272944127,0,,cache-misses:u,1150816,100.00,,
     0.272944127,1522594,,bus-cycles:u,1150624,100.00,,
     0.272944127,1715980,,instructions:u,1150624,100.00,,
     0.274091402,85891,,branch-misses:u,1146560,100.00,,
     0.274091402,0,,cache-misses:u,1146432,100.00,,
     0.274091402,1528163,,bus-cycles:u,1146496,100.00,,
     0.274091402,1720560,,instructions:u,1146432,100.00,,
     0.275237942,86360,,branch-misses:u,1145824,100.00,,
     0.275237942,0,,cache-misses:u,1145824,100.00,,
     0.275237942,1527851,,bus-cycles:u,1145824,100.00,,
     0.275237942,1732460,,instructions:u,1145888,100.00,,
     0.276396036,87432,,branch-misses:u,1158336,100.00,,
     0.276396036,0,,cache-misses:u,1158752,100.00,,
     0.276396036,1544959,,bus-cycles:u,1158720,100.00,,
     0.276396036,1740710,,instructions:u,1158592,100.00,,
     0.277559444,86632,,branch-misses:u,1163552,100.00,,
     0.277559444,0,,cache-misses:u,1163424,100.00,,
     0.277559444,1545749,,bus-cycles:u,1163488,100.00,,
     0.277559444,1733370,,instructions:u,1163584,100.00,,
     0.278706272,85577,,branch-misses:u,1145600,100.00,,
     0.278706272,0,,cache-misses:u,1145344,100.00,,
     0.278706272,1527584,,bus-cycles:u,1145344,100.00,,
     0.278706272,1716860,,instructions:u,1145312,100.00,,
     0.279850635,85961,,branch-misses:u,1144160,100.00,,
     0.279850635,0,,cache-misses:u,1144160,100.00,,
     0.279850635,1525494,,bus-cycles:u,1144096,100.00,,
     0.279850635,1718660,,instructions:u,1144096,100.00,,
     0.280995958,85747,,branch-misses:u,1145824,100.00,,
     0.280995958,0,,cache-misses:u,1145664,100.00,,
     0.280995958,1519914,,bus-cycles:u,1145696,100.00,,
     0.280995958,1716160,,instructions:u,1145760,100.00,,
     0.282143298,86414,,branch-misses:u,1146304,100.00,,
     0.282143298,0,,cache-misses:u,1146496,100.00,,
     0.282143298,1529251,,bus-cycles:u,1146496,100.00,,
     0.282143298,1728540,,instructions:u,1146400,100.00,,
     0.283288173,85888,,branch-misses:u,1144640,100.00,,
     0.283288173,0,,cache-misses:u,1144640,100.00,,
     0.283288173,1526691,,bus-cycles:u,1144576,100.00,,
     0.283288173,1721820,,instructions:u,1144512,100.00,,
     0.284433656,86000,,branch-misses:u,1145216,100.00,,
     0.284433656,0,,cache-misses:u,1145152,100.00,,
     0.284433656,1526751,,bus-cycles:u,1145280,100.00,,
     0.284433656,1718990,,instructions:u,1145376,100.00,,
     0.285590342,86414,,branch-misses:u,1157088,100.00,,
     0.285590342,0,,cache-misses:u,1157312,100.00,,
     0.285590342,1537001,,bus-cycles:u,1157280,100.00,,
     0.285590342,1729970,,instructions:u,1157312,100.00,,
     0.286736370,85125,,branch-misses:u,1144960,100.00,,
     0.286736370,0,,cache-misses:u,1144800,100.00,,
     0.286736370,1526591,,bus-cycles:u,1144768,100.00,,
     0.286736370,1705818,,instructions:u,1144704,100.00,,
     0.287881277,85925,,branch-misses:u,1144704,100.00,,
     0.287881277,0,,cache-misses:u,1144736,100.00,,
     0.287881277,1526329,,bus-cycles:u,1144672,100.00,,
     0.287881277,1726772,,instructions:u,1144736,100.00,,
     0.289028265,86241,,branch-misses:u,1147360,100.00,,
     0.289028265,0,,cache-misses:u,1147392,100.00,,
     0.289028265,1524874,,bus-cycles:u,1147488,100.00,,
     0.289028265,1719640,,instructions:u,1147456,100.00,,
     0.290175061,86246,,branch-misses:u,1145856,100.00,,
     0.290175061,0,,cache-misses:u,1145824,100.00,,
     0.290175061,1528958,,bus-cycles:u,1145824,100.00,,
     0.290175061,1724530,,instructions:u,1145824,100.00,,
     0.291320096,85991,,branch-misses:u,1144768,100.00,,
     0.291320096,0,,cache-misses:u,1144768,100.00,,
     0.291320096,1527182,,bus-cycles:u,1144736,100.00,,
     0.291320096,1721870,,instructions:u,1144736,100.00,,
     0.292466475,85900,,branch-misses:u,1146816,100.00,,
     0.292466475,0,,cache-misses:u,1146816,100.00,,
     0.292466475,1524802,,bus-cycles:u,1146848,100.00,,
     0.292466475,1714520,,instructions:u,1146816,100.00,,
     0.293613687,86493,,branch-misses:u,1146432,100.00,,
     0.293613687,0,,cache-misses:u,1146304,100.00,,
     0.293613687,1529453,,bus-cycles:u,1146272,100.00,,
     0.293613687,1732690,,instructions:u,1146304,100.00,,
     0.294757890,85765,,branch-misses:u,1143744,100.00,,
     0.294757890,0,,cache-misses:u,1143872,100.00,,
     0.294757890,1525998,,bus-cycles:u,1143936,100.00,,
     0.294757890,1718020,,instructions:u,1143936,100.00,,
     0.295903054,86036,,branch-misses:u,1144832,100.00,,
     0.295903054,0,,cache-misses:u,1144832,100.00,,
     0.295903054,1526211,,bus-cycles:u,1144800,100.00,,
     0.295903054,1718860,,instructions:u,1144704,100.00,,
     0.297049241,86062,,branch-misses:u,1146688,100.00,,
     0.297049241,0,,cache-misses:u,1146752,100.00,,
     0.297049241,1523561,,bus-cycles:u,1146688,100.00,,
     0.297049241,1723680,,instructions:u,1146784,100.00,,
     0.298207431,85960,,branch-misses:u,1157856,100.00,,
     0.298207431,0,,cache-misses:u,1158048,100.00,,
     0.298207431,1543833,,bus-cycles:u,1158016,100.00,,
     0.298207431,1721160,,instructions:u,1158048,100.00,,
     0.299353651,85979,,branch-misses:u,1145632,100.00,,
     0.299353651,0,,cache-misses:u,1145376,100.00,,
     0.299353651,1527407,,bus-cycles:u,1145440,100.00,,
     0.299353651,1719540,,instructions:u,1145344,100.00,,
     0.300500095,85834,,branch-misses:u,1146560,100.00,,
     0.300500095,0,,cache-misses:u,1146624,100.00,,
     0.300500095,1523162,,bus-cycles:u,1146592,100.00,,
     0.300500095,1716170,,instructions:u,1146720,100.00,,
     0.301646698,85847,,branch-misses:u,1145664,100.00,,
     0.301646698,0,,cache-misses:u,1145536,100.00,,
     0.301646698,1527185,,bus-cycles:u,1145600,100.00,,
     0.301646698,1720020,,instructions:u,1145536,100.00,,
     0.302791702,85735,,branch-misses:u,1144800,100.00,,
     0.302791702,0,,cache-misses:u,1144800,100.00,,
     0.302791702,1526429,,bus-cycles:u,1144768,100.00,,
     0.302791702,1715970,,instructions:u,1144768,100.00,,
     0.303936449,86070,,branch-misses:u,1144512,100.00,,
     0.303936449,0,,cache-misses:u,1144576,100.00,,
     0.303936449,1526810,,bus-cycles:u,1144608,100.00,,
     0.303936449,1716720,,instructions:u,1144576,100.00,,
     0.305082764,86006,,branch-misses:u,1146656,100.00,,
     0.305082764,0,,cache-misses:u,1146592,100.00,,
     0.305082764,1523144,,bus-cycles:u,1146528,100.00,,
     0.305082764,1722550,,instructions:u,1146624,100.00,,
     0.306230584,86115,,branch-misses:u,1146784,100.00,,
     0.306230584,0,,cache-misses:u,1146816,100.00,,
     0.306230584,1529701,,bus-cycles:u,1146880,100.00,,
     0.306230584,1723370,,instructions:u,1146784,100.00,,
     0.307376612,86042,,branch-misses:u,1145856,100.00,,
     0.307376612,0,,cache-misses:u,1145856,100.00,,
     0.307376612,1528553,,bus-cycles:u,1145792,100.00,,
     0.307376612,1723440,,instructions:u,1145792,100.00,,
     0.308522575,86144,,branch-misses:u,1146016,100.00,,
     0.308522575,0,,cache-misses:u,1146016,100.00,,
     0.308522575,1523082,,bus-cycles:u,1146112,100.00,,
     0.308522575,1718874,,instructions:u,1146112,100.00,,
     0.309669435,86489,,branch-misses:u,1146176,100.00,,
     0.309669435,0,,cache-misses:u,1146208,100.00,,
     0.309669435,1528579,,bus-cycles:u,1146208,100.00,,
     0.309669435,1722856,,instructions:u,1146144,100.00,,
     0.310814310,85917,,branch-misses:u,1144672,100.00,,
     0.310814310,0,,cache-misses:u,1144640,100.00,,
     0.310814310,1526398,,bus-cycles:u,1144480,100.00,,
     0.310814310,1715400,,instructions:u,1144512,100.00,,
     0.311959345,85328,,branch-misses:u,1144800,100.00,,
     0.311959345,0,,cache-misses:u,1144800,100.00,,
     0.311959345,1526382,,bus-cycles:u,1144896,100.00,,
     0.311959345,1709230,,instructions:u,1144896,100.00,,
     0.313105885,85949,,branch-misses:u,1146592,100.00,,
     0.313105885,0,,cache-misses:u,1146560,100.00,,
     0.313105885,1523724,,bus-cycles:u,1146432,100.00,,
     0.313105885,1718390,,instructions:u,1146464,100.00,,
     0.314252105,85761,,branch-misses:u,1145600,100.00,,
     0.314252105,0,,cache-misses:u,1145568,100.00,,
     0.314252105,1527925,,bus-cycles:u,1145728,100.00,,
     0.314252105,1722870,,instructions:u,1145728,100.00,,
     0.315397364,84945,,branch-misses:u,1144928,100.00,,
     0.315397364,0,,cache-misses:u,1145024,100.00,,
     0.315397364,1527487,,bus-cycles:u,1144960,100.00,,
     0.315397364,1707570,,instructions:u,1144992,100.00,,
     0.316544096,85747,,branch-misses:u,1147136,100.00,,
     0.316544096,0,,cache-misses:u,1147040,100.00,,
     0.316544096,1524895,,bus-cycles:u,1147136,100.00,,
     0.316544096,1716628,,instructions:u,1147136,100.00,,
     0.317691980,85419,,branch-misses:u,1147232,100.00,,
     0.317691980,0,,cache-misses:u,1147296,100.00,,
     0.317691980,1529803,,bus-cycles:u,1147168,100.00,,
     0.317691980,1716762,,instructions:u,1147136,100.00,,
     0.318846265,86746,,branch-misses:u,1154464,100.00,,
     0.318846265,0,,cache-misses:u,1154688,100.00,,
     0.318846265,1540342,,bus-cycles:u,1154752,100.00,,
     0.318846265,1735310,,instructions:u,1154720,100.00,,
     0.319993189,86080,,branch-misses:u,1146336,100.00,,
     0.319993189,0,,cache-misses:u,1146080,100.00,,
     0.319993189,1528054,,bus-cycles:u,1146048,100.00,,
     0.319993189,1713900,,instructions:u,1146112,100.00,,
     0.321139376,85637,,branch-misses:u,1146336,100.00,,
     0.321139376,0,,cache-misses:u,1146368,100.00,,
     0.321139376,1522348,,bus-cycles:u,1146432,100.00,,
     0.321139376,1717860,,instructions:u,1146528,100.00,,
     0.322286748,85959,,branch-misses:u,1146688,100.00,,
     0.322286748,0,,cache-misses:u,1146688,100.00,,
     0.322286748,1528524,,bus-cycles:u,1146688,100.00,,
     0.322286748,1718190,,instructions:u,1146464,100.00,,
     0.323432551,85783,,branch-misses:u,1145184,100.00,,
     0.323432551,0,,cache-misses:u,1145152,100.00,,
     0.323432551,1526687,,bus-cycles:u,1145120,100.00,,
     0.323432551,1723310,,instructions:u,1145216,100.00,,
     0.324579187,85740,,branch-misses:u,1147040,100.00,,
     0.324579187,0,,cache-misses:u,1147104,100.00,,
     0.324579187,1524401,,bus-cycles:u,1147104,100.00,,
     0.324579187,1712128,,instructions:u,1147136,100.00,,
     0.325726559,85275,,branch-misses:u,1146304,100.00,,
     0.325726559,0,,cache-misses:u,1146368,100.00,,
     0.325726559,1528647,,bus-cycles:u,1146432,100.00,,
     0.325726559,1712502,,instructions:u,1146400,100.00,,
     0.326872042,86387,,branch-misses:u,1145280,100.00,,
     0.326872042,0,,cache-misses:u,1145184,100.00,,
     0.326872042,1526338,,bus-cycles:u,1145152,100.00,,
     0.326872042,1723880,,instructions:u,1145152,100.00,,
     0.328017462,85091,,branch-misses:u,1145152,100.00,,
     0.328017462,0,,cache-misses:u,1145120,100.00,,
     0.328017462,1526804,,bus-cycles:u,1145120,100.00,,
     0.328017462,1701808,,instructions:u,1145088,100.00,,
     0.329163329,85946,,branch-misses:u,1146336,100.00,,
     0.329163329,0,,cache-misses:u,1146368,100.00,,
     0.329163329,1523368,,bus-cycles:u,1146368,100.00,,
     0.329163329,1716352,,instructions:u,1146432,100.00,,
     0.330310317,84919,,branch-misses:u,1145984,100.00,,
     0.330310317,0,,cache-misses:u,1145984,100.00,,
     0.330310317,1528693,,bus-cycles:u,1145984,100.00,,
     0.330310317,1702808,,instructions:u,1145952,100.00,,
     0.331455224,86166,,branch-misses:u,1144608,100.00,,
     0.331455224,0,,cache-misses:u,1144672,100.00,,
     0.331455224,1527060,,bus-cycles:u,1144672,100.00,,
     0.331455224,1728522,,instructions:u,1144672,100.00,,
     0.332601348,86169,,branch-misses:u,1146560,100.00,,
     0.332601348,0,,cache-misses:u,1146528,100.00,,
     0.332601348,1522937,,bus-cycles:u,1146464,100.00,,
     0.332601348,1718228,,instructions:u,1146464,100.00,,
     0.333748239,86005,,branch-misses:u,1145920,100.00,,
     0.333748239,0,,cache-misses:u,1145920,100.00,,
     0.333748239,1528328,,bus-cycles:u,1145952,100.00,,
     0.333748239,1716012,,instructions:u,1145984,100.00,,
     0.334893307,85397,,branch-misses:u,1144960,100.00,,
     0.334893307,0,,cache-misses:u,1144896,100.00,,
     0.334893307,1527102,,bus-cycles:u,1144864,100.00,,
     0.334893307,1707570,,instructions:u,1144768,100.00,,
     0.336038502,86136,,branch-misses:u,1144736,100.00,,
     0.336038502,0,,cache-misses:u,1144832,100.00,,
     0.336038502,1527404,,bus-cycles:u,1144864,100.00,,
     0.336038502,1730000,,instructions:u,1144928,100.00,,
     0.337185842,85970,,branch-misses:u,1147808,100.00,,
     0.337185842,0,,cache-misses:u,1147776,100.00,,
     0.337185842,1524865,,bus-cycles:u,1147776,100.00,,
     0.337185842,1723510,,instructions:u,1147808,100.00,,
     0.338332701,86228,,branch-misses:u,1145952,100.00,,
     0.338332701,0,,cache-misses:u,1145920,100.00,,
     0.338332701,1528358,,bus-cycles:u,1145888,100.00,,
     0.338332701,1730770,,instructions:u,1145856,100.00,,
     0.339489259,86830,,branch-misses:u,1156896,100.00,,
     0.339489259,0,,cache-misses:u,1157184,100.00,,
     0.339489259,1543752,,bus-cycles:u,1157280,100.00,,
     0.339489259,1734960,,instructions:u,1157280,100.00,,
     0.340637976,86333,,branch-misses:u,1148608,100.00,,
     0.340637976,0,,cache-misses:u,1148256,100.00,,
     0.340637976,1525559,,bus-cycles:u,1148224,100.00,,
     0.340637976,1725480,,instructions:u,1148320,100.00,,
     0.341785315,85576,,branch-misses:u,1146560,100.00,,
     0.341785315,0,,cache-misses:u,1146528,100.00,,
     0.341785315,1528533,,bus-cycles:u,1146496,100.00,,
     0.341785315,1708480,,instructions:u,1146432,100.00,,
     0.342930991,86462,,branch-misses:u,1145056,100.00,,
     0.342930991,0,,cache-misses:u,1145152,100.00,,
     0.342930991,1527787,,bus-cycles:u,1145216,100.00,,
     0.342930991,1727990,,instructions:u,1145216,100.00,,
     0.344075930,85959,,branch-misses:u,1144672,100.00,,
     0.344075930,0,,cache-misses:u,1144608,100.00,,
     0.344075930,1526481,,bus-cycles:u,1144576,100.00,,
     0.344075930,1727380,,instructions:u,1144576,100.00,,
     0.345222246,85454,,branch-misses:u,1146592,100.00,,
     0.345222246,0,,cache-misses:u,1146528,100.00,,
     0.345222246,1524356,,bus-cycles:u,1146528,100.00,,
     0.345222246,1712210,,instructions:u,1146496,100.00,,
     0.346368881,85991,,branch-misses:u,1145888,100.00,,
     0.346368881,0,,cache-misses:u,1146048,100.00,,
     0.346368881,1529476,,bus-cycles:u,1146048,100.00,,
     0.346368881,1725230,,instructions:u,1146048,100.00,,
     0.347514301,86318,,branch-misses:u,1145088,100.00,,
     0.347514301,0,,cache-misses:u,1144992,100.00,,
     0.347514301,1528263,,bus-cycles:u,1145024,100.00,,
     0.347514301,1730520,,instructions:u,1144960,100.00,,
     0.348661256,85701,,branch-misses:u,1147200,100.00,,
     0.348661256,0,,cache-misses:u,1147264,100.00,,
     0.348661256,1525372,,bus-cycles:u,1147200,100.00,,
     0.348661256,1719700,,instructions:u,1147296,100.00,,
     0.349808724,86135,,branch-misses:u,1147104,100.00,,
     0.349808724,0,,cache-misses:u,1147168,100.00,,
     0.349808724,1530674,,bus-cycles:u,1147168,100.00,,
     0.349808724,1724740,,instructions:u,1147136,100.00,,
     0.350954784,85906,,branch-misses:u,1145504,100.00,,
     0.350954784,0,,cache-misses:u,1145440,100.00,,
     0.350954784,1527250,,bus-cycles:u,1145472,100.00,,
     0.350954784,1716470,,instructions:u,1145504,100.00,,
     0.352100299,86239,,branch-misses:u,1145184,100.00,,
     0.352100299,0,,cache-misses:u,1145120,100.00,,
     0.352100299,1527515,,bus-cycles:u,1145088,100.00,,
     0.352100299,1724070,,instructions:u,1145056,100.00,,
     0.353246295,86033,,branch-misses:u,1146464,100.00,,
     0.353246295,0,,cache-misses:u,1146496,100.00,,
     0.353246295,1525430,,bus-cycles:u,1146528,100.00,,
     0.353246295,1725920,,instructions:u,1146592,100.00,,
     0.354393186,85902,,branch-misses:u,1145984,100.00,,
     0.354393186,0,,cache-misses:u,1146016,100.00,,
     0.354393186,1529156,,bus-cycles:u,1145984,100.00,,
     0.354393186,1722350,,instructions:u,1145856,100.00,,
     0.355538318,86371,,branch-misses:u,1144768,100.00,,
     0.355538318,0,,cache-misses:u,1144736,100.00,,
     0.355538318,1527109,,bus-cycles:u,1144768,100.00,,
     0.355538318,1722020,,instructions:u,1144864,100.00,,
     0.356684217,85656,,branch-misses:u,1145792,100.00,,
     0.356684217,0,,cache-misses:u,1145792,100.00,,
     0.356684217,1523264,,bus-cycles:u,1145792,100.00,,
     0.356684217,1715660,,instructions:u,1145856,100.00,,
     0.357830917,85911,,branch-misses:u,1146304,100.00,,
     0.357830917,0,,cache-misses:u,1146400,100.00,,
     0.357830917,1528922,,bus-cycles:u,1146400,100.00,,
     0.357830917,1718750,,instructions:u,1146272,100.00,,
     0.358976336,85926,,branch-misses:u,1145216,100.00,,
     0.358976336,0,,cache-misses:u,1145120,100.00,,
     0.358976336,1527150,,bus-cycles:u,1145152,100.00,,
     0.358976336,1716050,,instructions:u,1145248,100.00,,
     0.360121883,86325,,branch-misses:u,1145280,100.00,,
     0.360121883,0,,cache-misses:u,1145344,100.00,,
     0.360121883,1527687,,bus-cycles:u,1145248,100.00,,
     0.360121883,1726480,,instructions:u,1145184,100.00,,
     0.361282218,86845,,branch-misses:u,1160832,100.00,,
     0.361282218,0,,cache-misses:u,1161088,100.00,,
     0.361282218,1543940,,bus-cycles:u,1161120,100.00,,
     0.361282218,1734798,,instructions:u,1161152,100.00,,
     0.362430518,86698,,branch-misses:u,1147616,100.00,,
     0.362430518,0,,cache-misses:u,1147232,100.00,,
     0.362430518,1530322,,bus-cycles:u,1147232,100.00,,
     0.362430518,1726352,,instructions:u,1147232,100.00,,
     0.363575682,85937,,branch-misses:u,1144736,100.00,,
     0.363575682,0,,cache-misses:u,1144736,100.00,,
     0.363575682,1526926,,bus-cycles:u,1144704,100.00,,
     0.363575682,1721360,,instructions:u,1144640,100.00,,
     0.364721837,86075,,branch-misses:u,1146016,100.00,,
     0.364721837,0,,cache-misses:u,1146112,100.00,,
     0.364721837,1522621,,bus-cycles:u,1146080,100.00,,
     0.364721837,1714700,,instructions:u,1146080,100.00,,
     0.365868185,86349,,branch-misses:u,1145760,100.00,,
     0.365868185,0,,cache-misses:u,1145600,100.00,,
     0.365868185,1527760,,bus-cycles:u,1145664,100.00,,
     0.365868185,1724916,,instructions:u,1145696,100.00,,
     0.367013220,85988,,branch-misses:u,1144672,100.00,,
     0.367013220,0,,cache-misses:u,1144800,100.00,,
     0.367013220,1526644,,bus-cycles:u,1144800,100.00,,
     0.367013220,1718694,,instructions:u,1144800,100.00,,
     0.368158255,86239,,branch-misses:u,1144832,100.00,,
     0.368158255,0,,cache-misses:u,1144832,100.00,,
     0.368158255,1526370,,bus-cycles:u,1144832,100.00,,
     0.368158255,1719300,,instructions:u,1144832,100.00,,
     0.369304283,85375,,branch-misses:u,1146432,100.00,,
     0.369304283,0,,cache-misses:u,1146528,100.00,,
     0.369304283,1517932,,bus-cycles:u,1146496,100.00,,
     0.369304283,1699450,,instructions:u,1146528,100.00,,
     0.370451239,85782,,branch-misses:u,1146016,100.00,,
     0.370451239,0,,cache-misses:u,1145856,100.00,,
     0.370451239,1529046,,bus-cycles:u,1145888,100.00,,
     0.370451239,1711640,,instructions:u,1145888,100.00,,
     0.371595570,85072,,branch-misses:u,1144064,100.00,,
     0.371595570,0,,cache-misses:u,1144128,100.00,,
     0.371595570,1525665,,bus-cycles:u,1144096,100.00,,
     0.371595570,1700770,,instructions:u,1144000,100.00,,
     0.372742333,85504,,branch-misses:u,1146848,100.00,,
     0.372742333,0,,cache-misses:u,1146912,100.00,,
     0.372742333,1521558,,bus-cycles:u,1146944,100.00,,
     0.372742333,1712120,,instructions:u,1147008,100.00,,
     0.373890985,86824,,branch-misses:u,1148896,100.00,,
     0.373890985,0,,cache-misses:u,1149344,100.00,,
     0.373890985,1533045,,bus-cycles:u,1149504,100.00,,
     0.373890985,1728190,,instructions:u,1149696,100.00,,
     0.375042998,86388,,branch-misses:u,1151456,100.00,,
     0.375042998,0,,cache-misses:u,1151296,100.00,,
     0.375042998,1535671,,bus-cycles:u,1151200,100.00,,
     0.375042998,1732048,,instructions:u,1151072,100.00,,
     0.376189698,86117,,branch-misses:u,1146240,100.00,,
     0.376189698,0,,cache-misses:u,1145920,100.00,,
     0.376189698,1528351,,bus-cycles:u,1145888,100.00,,
     0.376189698,1722442,,instructions:u,1145792,100.00,,
     0.377337102,86011,,branch-misses:u,1147488,100.00,,
     0.377337102,0,,cache-misses:u,1147552,100.00,,
     0.377337102,1524739,,bus-cycles:u,1147520,100.00,,
     0.377337102,1720360,,instructions:u,1147488,100.00,,
     0.378484442,86027,,branch-misses:u,1146688,100.00,,
     0.378484442,0,,cache-misses:u,1146688,100.00,,
     0.378484442,1529934,,bus-cycles:u,1146752,100.00,,
     0.378484442,1721180,,instructions:u,1146912,100.00,,
     0.379630021,86339,,branch-misses:u,1145344,100.00,,
     0.379630021,0,,cache-misses:u,1145312,100.00,,
     0.379630021,1528223,,bus-cycles:u,1145344,100.00,,
     0.379630021,1728840,,instructions:u,1145344,100.00,,
     0.380777649,86041,,branch-misses:u,1147424,100.00,,
     0.380777649,0,,cache-misses:u,1147328,100.00,,
     0.380777649,1525952,,bus-cycles:u,1147360,100.00,,
     0.380777649,1716640,,instructions:u,1147360,100.00,,
     0.381937088,87062,,branch-misses:u,1159328,100.00,,
     0.381937088,0,,cache-misses:u,1159200,100.00,,
     0.381937088,1546613,,bus-cycles:u,1159104,100.00,,
     0.381937088,1737070,,instructions:u,1159008,100.00,,
     0.383083563,85942,,branch-misses:u,1145920,100.00,,
     0.383083563,0,,cache-misses:u,1146048,100.00,,
     0.383083563,1529157,,bus-cycles:u,1146080,100.00,,
     0.383083563,1720090,,instructions:u,1146112,100.00,,
     0.384229303,86034,,branch-misses:u,1145248,100.00,,
     0.384229303,0,,cache-misses:u,1145472,100.00,,
     0.384229303,1528740,,bus-cycles:u,1145440,100.00,,
     0.384229303,1723610,,instructions:u,1145472,100.00,,
     0.385373922,85411,,branch-misses:u,1145184,100.00,,
     0.385373922,0,,cache-misses:u,1145088,100.00,,
     0.385373922,1511197,,bus-cycles:u,1145120,100.00,,
     0.385373922,1705610,,instructions:u,1145088,100.00,,
     0.386524142,86588,,branch-misses:u,1149376,100.00,,
     0.386524142,0,,cache-misses:u,1149440,100.00,,
     0.386524142,1534358,,bus-cycles:u,1149504,100.00,,
     0.386524142,1732110,,instructions:u,1149536,100.00,,
     0.387670746,85175,,branch-misses:u,1145888,100.00,,
     0.387670746,0,,cache-misses:u,1145728,100.00,,
     0.387670746,1528691,,bus-cycles:u,1145664,100.00,,
     0.387670746,1700090,,instructions:u,1145568,100.00,,
     0.388816997,86107,,branch-misses:u,1146848,100.00,,
     0.388816997,0,,cache-misses:u,1146848,100.00,,
     0.388816997,1524849,,bus-cycles:u,1146848,100.00,,
     0.388816997,1723692,,instructions:u,1146976,100.00,,
     0.389964689,85673,,branch-misses:u,1146688,100.00,,
     0.389964689,0,,cache-misses:u,1146720,100.00,,
     0.389964689,1530212,,bus-cycles:u,1146720,100.00,,
     0.389964689,1712508,,instructions:u,1146688,100.00,,
     0.391110429,86287,,branch-misses:u,1145504,100.00,,
     0.391110429,0,,cache-misses:u,1145536,100.00,,
     0.391110429,1528624,,bus-cycles:u,1145536,100.00,,
     0.391110429,1716660,,instructions:u,1145536,100.00,,
     0.392255592,85989,,branch-misses:u,1144864,100.00,,
     0.392255592,0,,cache-misses:u,1144864,100.00,,
     0.392255592,1527459,,bus-cycles:u,1144896,100.00,,
     0.392255592,1716424,,instructions:u,1144928,100.00,,
     0.393402260,85708,,branch-misses:u,1147136,100.00,,
     0.393402260,0,,cache-misses:u,1147136,100.00,,
     0.393402260,1524120,,bus-cycles:u,1147008,100.00,,
     0.393402260,1713596,,instructions:u,1147008,100.00,,
     0.394550464,85588,,branch-misses:u,1147616,100.00,,
     0.394550464,0,,cache-misses:u,1147520,100.00,,
     0.394550464,1530942,,bus-cycles:u,1147680,100.00,,
     0.394550464,1708070,,instructions:u,1147680,100.00,,
     0.395696651,86456,,branch-misses:u,1145792,100.00,,
     0.395696651,0,,cache-misses:u,1145856,100.00,,
     0.395696651,1528389,,bus-cycles:u,1145792,100.00,,
     0.395696651,1723264,,instructions:u,1145600,100.00,,
     0.396843319,85397,,branch-misses:u,1146784,100.00,,
     0.396843319,0,,cache-misses:u,1146912,100.00,,
     0.396843319,1524442,,bus-cycles:u,1146880,100.00,,
     0.396843319,1707556,,instructions:u,1147104,100.00,,
     0.397990403,85971,,branch-misses:u,1146080,100.00,,
     0.397990403,0,,cache-misses:u,1146048,100.00,,
     0.397990403,1529474,,bus-cycles:u,1146144,100.00,,
     0.397990403,1721428,,instructions:u,1146048,100.00,,
     0.399135918,86035,,branch-misses:u,1145280,100.00,,
     0.399135918,0,,cache-misses:u,1145216,100.00,,
     0.399135918,1528250,,bus-cycles:u,1145056,100.00,,
     0.399135918,1723796,,instructions:u,1144992,100.00,,
     0.400281081,85994,,branch-misses:u,1144896,100.00,,
     0.400281081,0,,cache-misses:u,1144896,100.00,,
     0.400281081,1527255,,bus-cycles:u,1144960,100.00,,
     0.400281081,1716026,,instructions:u,1145056,100.00,,
     0.401427973,86006,,branch-misses:u,1147424,100.00,,
     0.401427973,0,,cache-misses:u,1147520,100.00,,
     0.401427973,1524893,,bus-cycles:u,1147680,100.00,,
     0.401427973,1720080,,instructions:u,1147712,100.00,,
     0.402575441,85793,,branch-misses:u,1146400,100.00,,
     0.402575441,0,,cache-misses:u,1146208,100.00,,
     0.402575441,1528534,,bus-cycles:u,1146048,100.00,,
     0.402575441,1709700,,instructions:u,1145984,100.00,,
     0.403730943,86735,,branch-misses:u,1155744,100.00,,
     0.403730943,0,,cache-misses:u,1155936,100.00,,
     0.403730943,1542687,,bus-cycles:u,1155968,100.00,,
     0.403730943,1734131,,instructions:u,1155872,100.00,,
     0.404877706,85521,,branch-misses:u,1146688,100.00,,
     0.404877706,0,,cache-misses:u,1146592,100.00,,
     0.404877706,1524285,,bus-cycles:u,1146528,100.00,,
     0.404877706,1707049,,instructions:u,1146592,100.00,,
     0.406024886,86082,,branch-misses:u,1146592,100.00,,
     0.406024886,0,,cache-misses:u,1146560,100.00,,
     0.406024886,1529787,,bus-cycles:u,1146592,100.00,,
     0.406024886,1719670,,instructions:u,1146624,100.00,,
     0.407170658,85953,,branch-misses:u,1145152,100.00,,
     0.407170658,0,,cache-misses:u,1145152,100.00,,
     0.407170658,1527969,,bus-cycles:u,1145088,100.00,,
     0.407170658,1717351,,instructions:u,1144992,100.00,,
     0.408315981,86070,,branch-misses:u,1145088,100.00,,
     0.408315981,0,,cache-misses:u,1144992,100.00,,
     0.408315981,1527902,,bus-cycles:u,1144992,100.00,,
     0.408315981,1718159,,instructions:u,1145120,100.00,,
     0.409462649,85951,,branch-misses:u,1147040,100.00,,
     0.409462649,0,,cache-misses:u,1147200,100.00,,
     0.409462649,1525036,,bus-cycles:u,1147168,100.00,,
     0.409462649,1709580,,instructions:u,1147136,100.00,,
     0.410609508,86445,,branch-misses:u,1146336,100.00,,
     0.410609508,0,,cache-misses:u,1146176,100.00,,
     0.410609508,1529614,,bus-cycles:u,1146304,100.00,,
     0.410609508,1722180,,instructions:u,1146368,100.00,,
     0.411755408,86026,,branch-misses:u,1145568,100.00,,
     0.411755408,0,,cache-misses:u,1145696,100.00,,
     0.411755408,1528739,,bus-cycles:u,1145632,100.00,,
     0.411755408,1717190,,instructions:u,1145536,100.00,,
     0.412902812,85343,,branch-misses:u,1147456,100.00,,
     0.412902812,0,,cache-misses:u,1147424,100.00,,
     0.412902812,1525371,,bus-cycles:u,1147424,100.00,,
     0.412902812,1703000,,instructions:u,1147456,100.00,,
     0.414050247,86478,,branch-misses:u,1146944,100.00,,
     0.414050247,0,,cache-misses:u,1146976,100.00,,
     0.414050247,1529881,,bus-cycles:u,1147072,100.00,,
     0.414050247,1722720,,instructions:u,1147136,100.00,,
     0.415196435,85618,,branch-misses:u,1145824,100.00,,
     0.415196435,0,,cache-misses:u,1145696,100.00,,
     0.415196435,1528305,,bus-cycles:u,1145568,100.00,,
     0.415196435,1712350,,instructions:u,1145536,100.00,,
     0.416342014,85913,,branch-misses:u,1144928,100.00,,
     0.416342014,0,,cache-misses:u,1145056,100.00,,
     0.416342014,1528300,,bus-cycles:u,1145120,100.00,,
     0.416342014,1721380,,instructions:u,1144960,100.00,,
     0.417488010,86068,,branch-misses:u,1146528,100.00,,
     0.417488010,0,,cache-misses:u,1146464,100.00,,
     0.417488010,1524964,,bus-cycles:u,1146464,100.00,,
     0.417488010,1723150,,instructions:u,1146624,100.00,,
     0.418635286,85981,,branch-misses:u,1146592,100.00,,
     0.418635286,0,,cache-misses:u,1146560,100.00,,
     0.418635286,1529619,,bus-cycles:u,1146592,100.00,,
     0.418635286,1721310,,instructions:u,1146592,100.00,,
     0.419780865,85023,,branch-misses:u,1144992,100.00,,
     0.419780865,0,,cache-misses:u,1144896,100.00,,
     0.419780865,1527752,,bus-cycles:u,1144896,100.00,,
     0.419780865,1700190,,instructions:u,1144896,100.00,,
     0.420927309,86352,,branch-misses:u,1146880,100.00,,
     0.420927309,0,,cache-misses:u,1147008,100.00,,
     0.420927309,1524851,,bus-cycles:u,1146880,100.00,,
     0.420927309,1720510,,instructions:u,1146944,100.00,,
     0.422075353,86218,,branch-misses:u,1147424,100.00,,
     0.422075353,0,,cache-misses:u,1147424,100.00,,
     0.422075353,1531234,,bus-cycles:u,1147552,100.00,,
     0.422075353,1717520,,instructions:u,1147392,100.00,,
     0.423221540,86138,,branch-misses:u,1145824,100.00,,
     0.423221540,0,,cache-misses:u,1145952,100.00,,
     0.423221540,1528876,,bus-cycles:u,1145952,100.00,,
     0.423221540,1720780,,instructions:u,1146016,100.00,,
     0.424379698,87459,,branch-misses:u,1158240,100.00,,
     0.424379698,0,,cache-misses:u,1158432,100.00,,
     0.424379698,1545869,,bus-cycles:u,1158400,100.00,,
     0.424379698,1744040,,instructions:u,1158368,100.00,,
     0.425542690,87020,,branch-misses:u,1162816,100.00,,
     0.425542690,0,,cache-misses:u,1162400,100.00,,
     0.425542690,1545134,,bus-cycles:u,1162368,100.00,,
     0.425542690,1740621,,instructions:u,1162464,100.00,,
     0.426689934,86135,,branch-misses:u,1146208,100.00,,
     0.426689934,0,,cache-misses:u,1146208,100.00,,
     0.426689934,1529323,,bus-cycles:u,1146176,100.00,,
     0.426689934,1721699,,instructions:u,1146144,100.00,,
     0.427834937,86084,,branch-misses:u,1144800,100.00,,
     0.427834937,0,,cache-misses:u,1145024,100.00,,
     0.427834937,1527824,,bus-cycles:u,1145056,100.00,,
     0.427834937,1720830,,instructions:u,1145088,100.00,,
     0.428981285,85659,,branch-misses:u,1146752,100.00,,
     0.428981285,0,,cache-misses:u,1146592,100.00,,
     0.428981285,1523963,,bus-cycles:u,1146624,100.00,,
     0.428981285,1711616,,instructions:u,1146624,100.00,,
     0.430128336,85181,,branch-misses:u,1146176,100.00,,
     0.430128336,0,,cache-misses:u,1146080,100.00,,
     0.430128336,1528758,,bus-cycles:u,1146080,100.00,,
     0.430128336,1703714,,instructions:u,1145920,100.00,,
     0.431273212,85678,,branch-misses:u,1144448,100.00,,
     0.431273212,0,,cache-misses:u,1144544,100.00,,
     0.431273212,1526709,,bus-cycles:u,1144544,100.00,,
     0.431273212,1713110,,instructions:u,1144672,100.00,,
     0.432418919,85315,,branch-misses:u,1145536,100.00,,
     0.432418919,0,,cache-misses:u,1145440,100.00,,
     0.432418919,1528280,,bus-cycles:u,1145408,100.00,,
     0.432418919,1709470,,instructions:u,1145376,100.00,,
     0.433574581,86986,,branch-misses:u,1155776,100.00,,
     0.433574581,0,,cache-misses:u,1155904,100.00,,
     0.433574581,1536778,,bus-cycles:u,1155904,100.00,,
     0.433574581,1737940,,instructions:u,1156000,100.00,,
     0.434720288,85716,,branch-misses:u,1144960,100.00,,
     0.434720288,0,,cache-misses:u,1144864,100.00,,
     0.434720288,1527441,,bus-cycles:u,1144896,100.00,,
     0.434720288,1713930,,instructions:u,1144800,100.00,,
     0.435864747,85876,,branch-misses:u,1144160,100.00,,
     0.435864747,0,,cache-misses:u,1144352,100.00,,
     0.435864747,1526756,,bus-cycles:u,1144352,100.00,,
     0.435864747,1721606,,instructions:u,1144192,100.00,,
     0.437010871,85868,,branch-misses:u,1146688,100.00,,
     0.437010871,0,,cache-misses:u,1146560,100.00,,
     0.437010871,1524372,,bus-cycles:u,1146528,100.00,,
     0.437010871,1725754,,instructions:u,1146752,100.00,,
     0.438157730,85769,,branch-misses:u,1145824,100.00,,
     0.438157730,0,,cache-misses:u,1145920,100.00,,
     0.438157730,1528075,,bus-cycles:u,1145856,100.00,,
     0.438157730,1714310,,instructions:u,1145824,100.00,,
     0.439302670,85480,,branch-misses:u,1144640,100.00,,
     0.439302670,0,,cache-misses:u,1144672,100.00,,
     0.439302670,1526927,,bus-cycles:u,1144800,100.00,,
     0.439302670,1710320,,instructions:u,1144704,100.00,,
     0.440453466,86275,,branch-misses:u,1151328,100.00,,
     0.440453466,0,,cache-misses:u,1151360,100.00,,
     0.440453466,1531849,,bus-cycles:u,1151328,100.00,,
     0.440453466,1728450,,instructions:u,1151456,100.00,,
     0.441601766,86203,,branch-misses:u,1147552,100.00,,
     0.441601766,0,,cache-misses:u,1147360,100.00,,
     0.441601766,1530494,,bus-cycles:u,1147392,100.00,,
     0.441601766,1721520,,instructions:u,1147264,100.00,,
     0.442747186,85886,,branch-misses:u,1144800,100.00,,
     0.442747186,0,,cache-misses:u,1144864,100.00,,
     0.442747186,1526372,,bus-cycles:u,1144768,100.00,,
     0.442747186,1714650,,instructions:u,1144832,100.00,,
     0.443892221,86421,,branch-misses:u,1144832,100.00,,
     0.443892221,0,,cache-misses:u,1144704,100.00,,
     0.443892221,1526969,,bus-cycles:u,1144768,100.00,,
     0.443892221,1725610,,instructions:u,1144768,100.00,,
     0.445050731,86866,,branch-misses:u,1159232,100.00,,
     0.445050731,0,,cache-misses:u,1159648,100.00,,
     0.445050731,1541171,,bus-cycles:u,1159584,100.00,,
     0.445050731,1732710,,instructions:u,1159552,100.00,,
     0.446198423,85704,,branch-misses:u,1146784,100.00,,
     0.446198423,0,,cache-misses:u,1146592,100.00,,
     0.446198423,1530124,,bus-cycles:u,1146560,100.00,,
     0.446198423,1715266,,instructions:u,1146592,100.00,,
     0.447343555,85606,,branch-misses:u,1144544,100.00,,
     0.447343555,0,,cache-misses:u,1144416,100.00,,
     0.447343555,1527075,,bus-cycles:u,1144448,100.00,,
     0.447343555,1705684,,instructions:u,1144416,100.00,,
     0.448488814,85711,,branch-misses:u,1145696,100.00,,
     0.448488814,0,,cache-misses:u,1145632,100.00,,
     0.448488814,1523461,,bus-cycles:u,1145728,100.00,,
     0.448488814,1719904,,instructions:u,1145792,100.00,,
     0.449635674,86126,,branch-misses:u,1146240,100.00,,
     0.449635674,0,,cache-misses:u,1146176,100.00,,
     0.449635674,1529693,,bus-cycles:u,1146176,100.00,,
     0.449635674,1724606,,instructions:u,1146144,100.00,,
     0.450780581,85920,,branch-misses:u,1144288,100.00,,
     0.450780581,0,,cache-misses:u,1144480,100.00,,
     0.450780581,1527021,,bus-cycles:u,1144480,100.00,,
     0.450780581,1714100,,instructions:u,1144480,100.00,,
     0.451924784,85564,,branch-misses:u,1143968,100.00,,
     0.451924784,0,,cache-misses:u,1143936,100.00,,
     0.451924784,1526348,,bus-cycles:u,1143808,100.00,,
     0.451924784,1712930,,instructions:u,1143744,100.00,,
     0.453070523,85808,,branch-misses:u,1145728,100.00,,
     0.453070523,0,,cache-misses:u,1145824,100.00,,
     0.453070523,1523454,,bus-cycles:u,1145888,100.00,,
     0.453070523,1718020,,instructions:u,1145984,100.00,,
     0.454216743,85264,,branch-misses:u,1145664,100.00,,
     0.454216743,0,,cache-misses:u,1145472,100.00,,
     0.454216743,1528345,,bus-cycles:u,1145536,100.00,,
     0.454216743,1702720,,instructions:u,1145440,100.00,,
     0.455361202,86215,,branch-misses:u,1144224,100.00,,
     0.455361202,0,,cache-misses:u,1144224,100.00,,
     0.455361202,1527053,,bus-cycles:u,1144192,100.00,,
     0.455361202,1721670,,instructions:u,1144288,100.00,,
     0.456507262,85016,,branch-misses:u,1146112,100.00,,
     0.456507262,0,,cache-misses:u,1146176,100.00,,
     0.456507262,1524470,,bus-cycles:u,1146272,100.00,,
     0.456507262,1694840,,instructions:u,1146240,100.00,,
     0.457654665,86278,,branch-misses:u,1147104,100.00,,
     0.457654665,0,,cache-misses:u,1147072,100.00,,
     0.457654665,1530328,,bus-cycles:u,1146976,100.00,,
     0.457654665,1728890,,instructions:u,1146976,100.00,,
     0.458799797,86283,,branch-misses:u,1144544,100.00,,
     0.458799797,0,,cache-misses:u,1144640,100.00,,
     0.458799797,1526723,,bus-cycles:u,1144704,100.00,,
     0.458799797,1724120,,instructions:u,1144576,100.00,,
     0.459944416,86316,,branch-misses:u,1144320,100.00,,
     0.459944416,0,,cache-misses:u,1144192,100.00,,
     0.459944416,1525352,,bus-cycles:u,1144000,100.00,,
     0.459944416,1726780,,instructions:u,1144000,100.00,,
     0.461089963,85551,,branch-misses:u,1145632,100.00,,
     0.461089963,0,,cache-misses:u,1145632,100.00,,
     0.461089963,1521973,,bus-cycles:u,1145792,100.00,,
     0.461089963,1703510,,instructions:u,1145952,100.00,,
     0.462237335,85343,,branch-misses:u,1146720,100.00,,
     0.462237335,0,,cache-misses:u,1146912,100.00,,
     0.462237335,1529971,,bus-cycles:u,1146880,100.00,,
     0.462237335,1704960,,instructions:u,1146848,100.00,,
     0.463381666,86164,,branch-misses:u,1144128,100.00,,
     0.463381666,0,,cache-misses:u,1144064,100.00,,
     0.463381666,1526703,,bus-cycles:u,1144096,100.00,,
     0.463381666,1714710,,instructions:u,1144064,100.00,,
     0.464527374,86021,,branch-misses:u,1145728,100.00,,
     0.464527374,0,,cache-misses:u,1145632,100.00,,
     0.464527374,1522641,,bus-cycles:u,1145600,100.00,,
     0.464527374,1717800,,instructions:u,1145696,100.00,,
     0.465674970,86385,,branch-misses:u,1147104,100.00,,
     0.465674970,0,,cache-misses:u,1147072,100.00,,
     0.465674970,1530626,,bus-cycles:u,1147072,100.00,,
     0.465674970,1728040,,instructions:u,1146976,100.00,,
     0.466831367,87165,,branch-misses:u,1156544,100.00,,
     0.466831367,0,,cache-misses:u,1156704,100.00,,
     0.466831367,1543482,,bus-cycles:u,1156704,100.00,,
     0.466831367,1738080,,instructions:u,1156704,100.00,,
     0.467977459,85743,,branch-misses:u,1145632,100.00,,
     0.467977459,0,,cache-misses:u,1145600,100.00,,
     0.467977459,1528593,,bus-cycles:u,1145632,100.00,,
     0.467977459,1706430,,instructions:u,1145728,100.00,,
     0.469124319,85923,,branch-misses:u,1146784,100.00,,
     0.469124319,0,,cache-misses:u,1146688,100.00,,
     0.469124319,1524866,,bus-cycles:u,1146688,100.00,,
     0.469124319,1722310,,instructions:u,1146656,100.00,,
     0.470270922,86283,,branch-misses:u,1145888,100.00,,
     0.470270922,0,,cache-misses:u,1145888,100.00,,
     0.470270922,1528354,,bus-cycles:u,1145888,100.00,,
     0.470270922,1723480,,instructions:u,1145856,100.00,,
     0.471415702,85760,,branch-misses:u,1144416,100.00,,
     0.471415702,0,,cache-misses:u,1144576,100.00,,
     0.471415702,1527023,,bus-cycles:u,1144576,100.00,,
     0.471415702,1725080,,instructions:u,1144576,100.00,,
     0.472561825,85058,,branch-misses:u,1146592,100.00,,
     0.472561825,0,,cache-misses:u,1146464,100.00,,
     0.472561825,1522848,,bus-cycles:u,1146336,100.00,,
     0.472561825,1695651,,instructions:u,1146432,100.00,,
     0.473708845,86374,,branch-misses:u,1146624,100.00,,
     0.473708845,0,,cache-misses:u,1146752,100.00,,
     0.473708845,1529998,,bus-cycles:u,1146784,100.00,,
     0.473708845,1730819,,instructions:u,1146720,100.00,,
     0.474855128,85857,,branch-misses:u,1145760,100.00,,
     0.474855128,0,,cache-misses:u,1145632,100.00,,
     0.474855128,1528114,,bus-cycles:u,1145632,100.00,,
     0.474855128,1723880,,instructions:u,1145568,100.00,,
     0.476001380,85513,,branch-misses:u,1146528,100.00,,
     0.476001380,0,,cache-misses:u,1146848,100.00,,
     0.476001380,1529424,,bus-cycles:u,1146944,100.00,,
     0.476001380,1707030,,instructions:u,1146976,100.00,,
     0.477151024,86319,,branch-misses:u,1149312,100.00,,
     0.477151024,0,,cache-misses:u,1149184,100.00,,
     0.477151024,1527418,,bus-cycles:u,1149184,100.00,,
     0.477151024,1726520,,instructions:u,1149184,100.00,,
     0.478297948,86054,,branch-misses:u,1146272,100.00,,
     0.478297948,0,,cache-misses:u,1146240,100.00,,
     0.478297948,1528724,,bus-cycles:u,1146240,100.00,,
     0.478297948,1720960,,instructions:u,1146272,100.00,,
     0.479443527,85107,,branch-misses:u,1145312,100.00,,
     0.479443527,0,,cache-misses:u,1144992,100.00,,
     0.479443527,1527067,,bus-cycles:u,1144960,100.00,,
     0.479443527,1700030,,instructions:u,1144960,100.00,,
     0.480590099,85041,,branch-misses:u,1146272,100.00,,
     0.480590099,0,,cache-misses:u,1146336,100.00,,
     0.480590099,1523542,,bus-cycles:u,1146368,100.00,,
     0.480590099,1698188,,instructions:u,1146336,100.00,,
     0.481736639,86035,,branch-misses:u,1146208,100.00,,
     0.481736639,0,,cache-misses:u,1146304,100.00,,
     0.481736639,1528770,,bus-cycles:u,1146208,100.00,,
     0.481736639,1724752,,instructions:u,1146208,100.00,,
     0.482881898,85751,,branch-misses:u,1144672,100.00,,
     0.482881898,0,,cache-misses:u,1144640,100.00,,
     0.482881898,1526917,,bus-cycles:u,1144736,100.00,,
     0.482881898,1718050,,instructions:u,1144768,100.00,,
     0.484026645,85648,,branch-misses:u,1144544,100.00,,
     0.484026645,0,,cache-misses:u,1144576,100.00,,
     0.484026645,1526787,,bus-cycles:u,1144512,100.00,,
     0.484026645,1704660,,instructions:u,1144416,100.00,,
     0.485172769,85320,,branch-misses:u,1146496,100.00,,
     0.485172769,0,,cache-misses:u,1146432,100.00,,
     0.485172769,1523721,,bus-cycles:u,1146400,100.00,,
     0.485172769,1709950,,instructions:u,1146496,100.00,,
     0.486319468,85949,,branch-misses:u,1145632,100.00,,
     0.486319468,0,,cache-misses:u,1145760,100.00,,
     0.486319468,1528668,,bus-cycles:u,1145728,100.00,,
     0.486319468,1717060,,instructions:u,1145728,100.00,,
     0.487480635,87289,,branch-misses:u,1161664,100.00,,
     0.487480635,0,,cache-misses:u,1161728,100.00,,
     0.487480635,1550366,,bus-cycles:u,1161792,100.00,,
     0.487480635,1745500,,instructions:u,1161696,100.00,,
     0.488628039,85879,,branch-misses:u,1147264,100.00,,
     0.488628039,0,,cache-misses:u,1147040,100.00,,
     0.488628039,1524995,,bus-cycles:u,1146976,100.00,,
     0.488628039,1717034,,instructions:u,1147040,100.00,,
     0.489774451,85166,,branch-misses:u,1145664,100.00,,
     0.489774451,0,,cache-misses:u,1145728,100.00,,
     0.489774451,1529662,,bus-cycles:u,1145888,100.00,,
     0.489774451,1702776,,instructions:u,1145888,100.00,,
     0.490918878,86410,,branch-misses:u,1143840,100.00,,
     0.490918878,0,,cache-misses:u,1143776,100.00,,
     0.490918878,1526844,,bus-cycles:u,1143584,100.00,,
     0.490918878,1726400,,instructions:u,1143616,100.00,,
     0.492063145,85605,,branch-misses:u,1144000,100.00,,
     0.492063145,0,,cache-misses:u,1144000,100.00,,
     0.492063145,1527541,,bus-cycles:u,1144000,100.00,,
     0.492063145,1717810,,instructions:u,1144000,100.00,,
     0.493209109,84974,,branch-misses:u,1146400,100.00,,
     0.493209109,1,,cache-misses:u,1146656,100.00,,
     0.493209109,1523075,,bus-cycles:u,1146720,100.00,,
     0.493209109,1706470,,instructions:u,1146688,100.00,,
     0.494355424,86297,,branch-misses:u,1145376,100.00,,
     0.494355424,0,,cache-misses:u,1145344,100.00,,
     0.494355424,1529010,,bus-cycles:u,1145472,100.00,,
     0.494355424,1723890,,instructions:u,1145472,100.00,,
     0.495499915,86247,,branch-misses:u,1144128,100.00,,
     0.495499915,0,,cache-misses:u,1144032,100.00,,
     0.495499915,1526781,,bus-cycles:u,1143872,100.00,,
     0.495499915,1728760,,instructions:u,1143776,100.00,,
     0.496644694,85993,,branch-misses:u,1144928,100.00,,
     0.496644694,0,,cache-misses:u,1145056,100.00,,
     0.496644694,1522527,,bus-cycles:u,1145184,100.00,,
     0.496644694,1717530,,instructions:u,1145280,100.00,,
     0.497790690,85992,,branch-misses:u,1145792,100.00,,
     0.497790690,0,,cache-misses:u,1145632,100.00,,
     0.497790690,1528261,,bus-cycles:u,1145504,100.00,,
     0.497790690,1710130,,instructions:u,1145440,100.00,,
     0.498934797,86328,,branch-misses:u,1143392,100.00,,
     0.498934797,0,,cache-misses:u,1143360,100.00,,
     0.498934797,1526109,,bus-cycles:u,1143456,100.00,,
     0.498934797,1726890,,instructions:u,1143520,100.00,,
     0.500078808,85848,,branch-misses:u,1143648,100.00,,
     0.500078808,0,,cache-misses:u,1143744,100.00,,
     0.500078808,1525832,,bus-cycles:u,1143712,100.00,,
     0.500078808,1714000,,instructions:u,1143648,100.00,,
     0.501224355,86016,,branch-misses:u,1145792,100.00,,
     0.501224355,0,,cache-misses:u,1145664,100.00,,
     0.501224355,1524207,,bus-cycles:u,1145696,100.00,,
     0.501224355,1718060,,instructions:u,1145792,100.00,,
     0.502370735,86129,,branch-misses:u,1145696,100.00,,
     0.502370735,0,,cache-misses:u,1145824,100.00,,
     0.502370735,1528902,,bus-cycles:u,1145888,100.00,,
     0.502370735,1728300,,instructions:u,1145920,100.00,,
     0.503515930,86450,,branch-misses:u,1144928,100.00,,
     0.503515930,0,,cache-misses:u,1144928,100.00,,
     0.503515930,1527760,,bus-cycles:u,1144864,100.00,,
     0.503515930,1726420,,instructions:u,1144704,100.00,,
     0.504662150,85847,,branch-misses:u,1146336,100.00,,
     0.504662150,0,,cache-misses:u,1146304,100.00,,
     0.504662150,1523844,,bus-cycles:u,1146208,100.00,,
     0.504662150,1717500,,instructions:u,1146240,100.00,,
     0.505809010,85785,,branch-misses:u,1146560,100.00,,
     0.505809010,0,,cache-misses:u,1146656,100.00,,
     0.505809010,1530024,,bus-cycles:u,1146816,100.00,,
     0.505809010,1723890,,instructions:u,1146944,100.00,,
     0.506954877,85396,,branch-misses:u,1145216,100.00,,
     0.506954877,0,,cache-misses:u,1145120,100.00,,
     0.506954877,1527645,,bus-cycles:u,1144992,100.00,,
     0.506954877,1707190,,instructions:u,1144864,100.00,,
     0.508112075,87265,,branch-misses:u,1157504,100.00,,
     0.508112075,1,,cache-misses:u,1157568,100.00,,
     0.508112075,1544664,,bus-cycles:u,1157664,100.00,,
     0.508112075,1746898,,instructions:u,1157696,100.00,,
     0.509259287,86327,,branch-misses:u,1147136,100.00,,
     0.509259287,0,,cache-misses:u,1147008,100.00,,
     0.509259287,1524518,,bus-cycles:u,1146976,100.00,,
     0.509259287,1720622,,instructions:u,1147072,100.00,,
     0.510405923,85525,,branch-misses:u,1145920,100.00,,
     0.510405923,0,,cache-misses:u,1145984,100.00,,
     0.510405923,1529406,,bus-cycles:u,1146048,100.00,,
     0.510405923,1715710,,instructions:u,1146048,100.00,,
     0.511551950,86093,,branch-misses:u,1146048,100.00,,
     0.511551950,0,,cache-misses:u,1146272,100.00,,
     0.511551950,1528738,,bus-cycles:u,1146240,100.00,,
     0.511551950,1721280,,instructions:u,1146208,100.00,,
     0.512702171,86484,,branch-misses:u,1150624,100.00,,
     0.512702171,0,,cache-misses:u,1150880,100.00,,
     0.512702171,1529749,,bus-cycles:u,1150784,100.00,,
     0.512702171,1728916,,instructions:u,1150880,100.00,,
     0.513854119,86383,,branch-misses:u,1150816,100.00,,
     0.513854119,0,,cache-misses:u,1150368,100.00,,
     0.513854119,1535130,,bus-cycles:u,1150400,100.00,,
     0.513854119,1725374,,instructions:u,1150272,100.00,,
     0.514999987,86101,,branch-misses:u,1145568,100.00,,
     0.514999987,0,,cache-misses:u,1145568,100.00,,
     0.514999987,1528829,,bus-cycles:u,1145504,100.00,,
     0.514999987,1720870,,instructions:u,1145440,100.00,,
     0.516145534,85530,,branch-misses:u,1145024,100.00,,
     0.516145534,0,,cache-misses:u,1144800,100.00,,
     0.516145534,1527912,,bus-cycles:u,1144832,100.00,,
     0.516145534,1709910,,instructions:u,1144864,100.00,,
     0.517291754,86240,,branch-misses:u,1146368,100.00,,
     0.517291754,0,,cache-misses:u,1146528,100.00,,
     0.517291754,1524648,,bus-cycles:u,1146528,100.00,,
     0.517291754,1720970,,instructions:u,1146528,100.00,,
     0.518437877,85128,,branch-misses:u,1145664,100.00,,
     0.518437877,0,,cache-misses:u,1145600,100.00,,
     0.518437877,1529104,,bus-cycles:u,1145568,100.00,,
     0.518437877,1699300,,instructions:u,1145600,100.00,,
     0.519583233,86127,,branch-misses:u,1144768,100.00,,
     0.519583233,0,,cache-misses:u,1144896,100.00,,
     0.519583233,1527381,,bus-cycles:u,1144896,100.00,,
     0.519583233,1717430,,instructions:u,1144864,100.00,,
     0.520728940,85953,,branch-misses:u,1146304,100.00,,
     0.520728940,0,,cache-misses:u,1146240,100.00,,
     0.520728940,1523106,,bus-cycles:u,1146304,100.00,,
     0.520728940,1716560,,instructions:u,1146304,100.00,,
     0.521875640,85433,,branch-misses:u,1145632,100.00,,
     0.521875640,0,,cache-misses:u,1145568,100.00,,
     0.521875640,1527689,,bus-cycles:u,1145600,100.00,,
     0.521875640,1706081,,instructions:u,1145600,100.00,,
     0.523020387,86264,,branch-misses:u,1144480,100.00,,
     0.523020387,0,,cache-misses:u,1144448,100.00,,
     0.523020387,1526304,,bus-cycles:u,1144352,100.00,,
     0.523020387,1722459,,instructions:u,1144384,100.00,,
     0.524165006,85920,,branch-misses:u,1144256,100.00,,
     0.524165006,0,,cache-misses:u,1144352,100.00,,
     0.524165006,1526211,,bus-cycles:u,1144320,100.00,,
     0.524165006,1719980,,instructions:u,1144224,100.00,,
     0.525310330,85931,,branch-misses:u,1145536,100.00,,
     0.525310330,0,,cache-misses:u,1145600,100.00,,
     0.525310330,1522809,,bus-cycles:u,1145728,100.00,,
     0.525310330,1714817,,instructions:u,1145824,100.00,,
     0.526457093,86398,,branch-misses:u,1146112,100.00,,
     0.526457093,0,,cache-misses:u,1146016,100.00,,
     0.526457093,1527969,,bus-cycles:u,1145984,100.00,,
     0.526457093,1728857,,instructions:u,1145888,100.00,,
     0.527602128,86288,,branch-misses:u,1144704,100.00,,
     0.527602128,0,,cache-misses:u,1144736,100.00,,
     0.527602128,1526257,,bus-cycles:u,1144704,100.00,,
     0.527602128,1724926,,instructions:u,1144736,100.00,,
     0.528747516,85866,,branch-misses:u,1145600,100.00,,
     0.528747516,0,,cache-misses:u,1145600,100.00,,
     0.528747516,1522583,,bus-cycles:u,1145536,100.00,,
     0.528747516,1721320,,instructions:u,1145568,100.00,,
     0.529904010,86835,,branch-misses:u,1156416,100.00,,
     0.529904010,0,,cache-misses:u,1156608,100.00,,
     0.529904010,1542905,,bus-cycles:u,1156736,100.00,,
     0.529904010,1747160,,instructions:u,1156704,100.00,,
     0.531050165,86408,,branch-misses:u,1145600,100.00,,
     0.531050165,0,,cache-misses:u,1145376,100.00,,
     0.531050165,1527870,,bus-cycles:u,1145312,100.00,,
     0.531050165,1729500,,instructions:u,1145344,100.00,,
     0.532195073,85893,,branch-misses:u,1144224,100.00,,
     0.532195073,0,,cache-misses:u,1144192,100.00,,
     0.532195073,1526381,,bus-cycles:u,1144160,100.00,,
     0.532195073,1712250,,instructions:u,1144160,100.00,,
     0.533340204,86083,,branch-misses:u,1145600,100.00,,
     0.533340204,0,,cache-misses:u,1145632,100.00,,
     0.533340204,1522651,,bus-cycles:u,1145664,100.00,,
     0.533340204,1722118,,instructions:u,1145600,100.00,,
     0.534486327,85933,,branch-misses:u,1145184,100.00,,
     0.534486327,0,,cache-misses:u,1145184,100.00,,
     0.534486327,1527489,,bus-cycles:u,1145184,100.00,,
     0.534486327,1720522,,instructions:u,1145248,100.00,,
     0.535630755,85780,,branch-misses:u,1144192,100.00,,
     0.535630755,0,,cache-misses:u,1144256,100.00,,
     0.535630755,1526573,,bus-cycles:u,1144224,100.00,,
     0.535630755,1714850,,instructions:u,1144256,100.00,,
     0.536775854,85633,,branch-misses:u,1145504,100.00,,
     0.536775854,0,,cache-misses:u,1145472,100.00,,
     0.536775854,1522652,,bus-cycles:u,1145504,100.00,,
     0.536775854,1719480,,instructions:u,1145440,100.00,,
     0.537921177,86019,,branch-misses:u,1144704,100.00,,
     0.537921177,0,,cache-misses:u,1144800,100.00,,
     0.537921177,1527861,,bus-cycles:u,1144800,100.00,,
     0.537921177,1715690,,instructions:u,1144896,100.00,,
     0.539066020,86324,,branch-misses:u,1144480,100.00,,
     0.539066020,0,,cache-misses:u,1144480,100.00,,
     0.539066020,1527159,,bus-cycles:u,1144448,100.00,,
     0.539066020,1725430,,instructions:u,1144320,100.00,,
     0.540210544,85608,,branch-misses:u,1144032,100.00,,
     0.540210544,0,,cache-misses:u,1143936,100.00,,
     0.540210544,1525922,,bus-cycles:u,1143968,100.00,,
     0.540210544,1713420,,instructions:u,1144000,100.00,,
     0.541354299,85625,,branch-misses:u,1144192,100.00,,
     0.541354299,0,,cache-misses:u,1144224,100.00,,
     0.541354299,1521757,,bus-cycles:u,1144288,100.00,,
     0.541354299,1711760,,instructions:u,1144416,100.00,,
     0.542502182,85501,,branch-misses:u,1146784,100.00,,
     0.542502182,0,,cache-misses:u,1146848,100.00,,
     0.542502182,1529865,,bus-cycles:u,1146752,100.00,,
     0.542502182,1699650,,instructions:u,1146624,100.00,,
     0.543645169,85812,,branch-misses:u,1142720,100.00,,
     0.543645169,0,,cache-misses:u,1142688,100.00,,
     0.543645169,1524613,,bus-cycles:u,1142688,100.00,,
     0.543645169,1719700,,instructions:u,1142752,100.00,,
     0.544790525,86073,,branch-misses:u,1146016,100.00,,
     0.544790525,0,,cache-misses:u,1146016,100.00,,
     0.544790525,1523509,,bus-cycles:u,1146112,100.00,,
     0.544790525,1722790,,instructions:u,1146176,100.00,,
     0.545939753,86780,,branch-misses:u,1148512,100.00,,
     0.545939753,0,,cache-misses:u,1148320,100.00,,
     0.545939753,1532493,,bus-cycles:u,1148256,100.00,,
     0.545939753,1733716,,instructions:u,1148096,100.00,,
     0.547084308,85732,,branch-misses:u,1144192,100.00,,
     0.547084308,0,,cache-misses:u,1144192,100.00,,
     0.547084308,1526657,,bus-cycles:u,1144192,100.00,,
     0.547084308,1718734,,instructions:u,1144192,100.00,,
     0.548228767,85424,,branch-misses:u,1143936,100.00,,
     0.548228767,0,,cache-misses:u,1144032,100.00,,
     0.548228767,1526145,,bus-cycles:u,1144000,100.00,,
     0.548228767,1702560,,instructions:u,1144000,100.00,,
     0.549374218,85762,,branch-misses:u,1145568,100.00,,
     0.549374218,0,,cache-misses:u,1145568,100.00,,
     0.549374218,1523236,,bus-cycles:u,1145600,100.00,,
     0.549374218,1719340,,instructions:u,1145632,100.00,,
     0.550541275,88065,,branch-misses:u,1167168,100.00,,
     0.550541275,0,,cache-misses:u,1167552,100.00,,
     0.550541275,1557950,,bus-cycles:u,1167552,100.00,,
     0.550541275,1763470,,instructions:u,1167488,100.00,,
     0.551688135,86604,,branch-misses:u,1146112,100.00,,
     0.551688135,0,,cache-misses:u,1145728,100.00,,
     0.551688135,1528889,,bus-cycles:u,1145728,100.00,,
     0.551688135,1729190,,instructions:u,1145824,100.00,,
     0.552834578,86090,,branch-misses:u,1146496,100.00,,
     0.552834578,0,,cache-misses:u,1146624,100.00,,
     0.552834578,1524387,,bus-cycles:u,1146688,100.00,,
     0.552834578,1723910,,instructions:u,1146720,100.00,,
     0.553981342,86289,,branch-misses:u,1145856,100.00,,
     0.553981342,0,,cache-misses:u,1145664,100.00,,
     0.553981342,1528488,,bus-cycles:u,1145568,100.00,,
     0.553981342,1729440,,instructions:u,1145536,100.00,,
     0.555125513,85889,,branch-misses:u,1144000,100.00,,
     0.555125513,0,,cache-misses:u,1144000,100.00,,
     0.555125513,1526524,,bus-cycles:u,1144000,100.00,,
     0.555125513,1717210,,instructions:u,1143840,100.00,,
     0.556269812,86060,,branch-misses:u,1143936,100.00,,
     0.556269812,0,,cache-misses:u,1144000,100.00,,
     0.556269812,1525917,,bus-cycles:u,1144064,100.00,,
     0.556269812,1722960,,instructions:u,1144160,100.00,,
     0.557415519,85641,,branch-misses:u,1146144,100.00,,
     0.557415519,0,,cache-misses:u,1146112,100.00,,
     0.557415519,1523855,,bus-cycles:u,1146048,100.00,,
     0.557415519,1713730,,instructions:u,1146080,100.00,,
     0.558561739,85887,,branch-misses:u,1145280,100.00,,
     0.558561739,0,,cache-misses:u,1145408,100.00,,
     0.558561739,1528349,,bus-cycles:u,1145408,100.00,,
     0.558561739,1720220,,instructions:u,1145408,100.00,,
     0.559706518,86298,,branch-misses:u,1144512,100.00,,
     0.559706518,0,,cache-misses:u,1144416,100.00,,
     0.559706518,1526779,,bus-cycles:u,1144416,100.00,,
     0.559706518,1723782,,instructions:u,1144416,100.00,,
     0.560851842,85475,,branch-misses:u,1145728,100.00,,
     0.560851842,0,,cache-misses:u,1145728,100.00,,
     0.560851842,1520390,,bus-cycles:u,1145760,100.00,,
     0.560851842,1717418,,instructions:u,1145792,100.00,,
     0.561997421,86191,,branch-misses:u,1144576,100.00,,
     0.561997421,0,,cache-misses:u,1144576,100.00,,
     0.561997421,1526690,,bus-cycles:u,1144544,100.00,,
     0.561997421,1730100,,instructions:u,1144512,100.00,,
     0.563141464,86203,,branch-misses:u,1144128,100.00,,
     0.563141464,0,,cache-misses:u,1144256,100.00,,
     0.563141464,1526584,,bus-cycles:u,1144256,100.00,,
     0.563141464,1725882,,instructions:u,1144288,100.00,,
     0.564286755,86048,,branch-misses:u,1144608,100.00,,
     0.564286755,0,,cache-misses:u,1144544,100.00,,
     0.564286755,1527178,,bus-cycles:u,1144544,100.00,,
     0.564286755,1719142,,instructions:u,1144480,100.00,,
     0.565432847,85849,,branch-misses:u,1146592,100.00,,
     0.565432847,0,,cache-misses:u,1146592,100.00,,
     0.565432847,1523524,,bus-cycles:u,1146656,100.00,,
     0.565432847,1717506,,instructions:u,1146720,100.00,,
     0.566579483,85292,,branch-misses:u,1145760,100.00,,
     0.566579483,0,,cache-misses:u,1145728,100.00,,
     0.566579483,1528967,,bus-cycles:u,1145728,100.00,,
     0.566579483,1707800,,instructions:u,1145632,100.00,,
     0.567723654,85722,,branch-misses:u,1143904,100.00,,
     0.567723654,0,,cache-misses:u,1143904,100.00,,
     0.567723654,1526074,,bus-cycles:u,1143872,100.00,,
     0.567723654,1717860,,instructions:u,1143872,100.00,,
     0.568868753,85786,,branch-misses:u,1145408,100.00,,
     0.568868753,0,,cache-misses:u,1145376,100.00,,
     0.568868753,1522080,,bus-cycles:u,1145408,100.00,,
     0.568868753,1718920,,instructions:u,1145504,100.00,,
     0.570014812,85964,,branch-misses:u,1145600,100.00,,
     0.570014812,0,,cache-misses:u,1145600,100.00,,
     0.570014812,1528567,,bus-cycles:u,1145600,100.00,,
     0.570014812,1719920,,instructions:u,1145536,100.00,,
     0.571172523,87179,,branch-misses:u,1157568,100.00,,
     0.571172523,0,,cache-misses:u,1157920,100.00,,
     0.571172523,1544848,,bus-cycles:u,1157920,100.00,,
     0.571172523,1754080,,instructions:u,1157984,100.00,,
     0.572318550,86340,,branch-misses:u,1145120,100.00,,
     0.572318550,0,,cache-misses:u,1144800,100.00,,
     0.572318550,1527474,,bus-cycles:u,1144768,100.00,,
     0.572318550,1725400,,instructions:u,1144736,100.00,,
     0.573463809,86087,,branch-misses:u,1145952,100.00,,
     0.573463809,0,,cache-misses:u,1145984,100.00,,
     0.573463809,1522420,,bus-cycles:u,1146016,100.00,,
     0.573463809,1717920,,instructions:u,1146016,100.00,,
     0.574612366,86277,,branch-misses:u,1147808,100.00,,
     0.574612366,0,,cache-misses:u,1147808,100.00,,
     0.574612366,1530613,,bus-cycles:u,1147808,100.00,,
     0.574612366,1722620,,instructions:u,1147776,100.00,,
     0.575758233,86009,,branch-misses:u,1145152,100.00,,
     0.575758233,0,,cache-misses:u,1145056,100.00,,
     0.575758233,1527345,,bus-cycles:u,1144992,100.00,,
     0.575758233,1722590,,instructions:u,1144960,100.00,,
     0.576903492,85437,,branch-misses:u,1145760,100.00,,
     0.576903492,0,,cache-misses:u,1145792,100.00,,
     0.576903492,1516231,,bus-cycles:u,1145792,100.00,,
     0.576903492,1715290,,instructions:u,1145856,100.00,,
     0.578050768,85847,,branch-misses:u,1146240,100.00,,
     0.578050768,0,,cache-misses:u,1146304,100.00,,
     0.578050768,1529563,,bus-cycles:u,1146304,100.00,,
     0.578050768,1721370,,instructions:u,1146336,100.00,,
     0.579195611,86222,,branch-misses:u,1144608,100.00,,
     0.579195611,0,,cache-misses:u,1144512,100.00,,
     0.579195611,1526704,,bus-cycles:u,1144544,100.00,,
     0.579195611,1725790,,instructions:u,1144512,100.00,,
     0.580365516,88289,,branch-misses:u,1170400,100.00,,
     0.580365516,0,,cache-misses:u,1170752,100.00,,
     0.580365516,1562586,,bus-cycles:u,1170848,100.00,,
     0.580365516,1767450,,instructions:u,1170976,100.00,,
     0.581526395,87270,,branch-misses:u,1160800,100.00,,
     0.581526395,0,,cache-misses:u,1160640,100.00,,
     0.581526395,1541402,,bus-cycles:u,1160512,100.00,,
     0.581526395,1738710,,instructions:u,1160512,100.00,,
     0.582673447,85985,,branch-misses:u,1145888,100.00,,
     0.582673447,0,,cache-misses:u,1145792,100.00,,
     0.582673447,1528590,,bus-cycles:u,1145824,100.00,,
     0.582673447,1717680,,instructions:u,1145728,100.00,,
     0.583818386,85909,,branch-misses:u,1144608,100.00,,
     0.583818386,0,,cache-misses:u,1144576,100.00,,
     0.583818386,1526422,,bus-cycles:u,1144576,100.00,,
     0.583818386,1710860,,instructions:u,1144480,100.00,,
     0.584964318,85533,,branch-misses:u,1146272,100.00,,
     0.584964318,0,,cache-misses:u,1146368,100.00,,
     0.584964318,1523075,,bus-cycles:u,1146432,100.00,,
     0.584964318,1716910,,instructions:u,1146528,100.00,,
     0.586111306,85804,,branch-misses:u,1146144,100.00,,
     0.586111306,0,,cache-misses:u,1146016,100.00,,
     0.586111306,1527761,,bus-cycles:u,1145984,100.00,,
     0.586111306,1717010,,instructions:u,1145920,100.00,,
     0.587256053,86227,,branch-misses:u,1144448,100.00,,
     0.587256053,0,,cache-misses:u,1144480,100.00,,
     0.587256053,1526240,,bus-cycles:u,1144416,100.00,,
     0.587256053,1727500,,instructions:u,1144416,100.00,,
     0.588400544,86029,,branch-misses:u,1144320,100.00,,
     0.588400544,0,,cache-misses:u,1144320,100.00,,
     0.588400544,1526764,,bus-cycles:u,1144384,100.00,,
     0.588400544,1712180,,instructions:u,1144384,100.00,,
     0.589556430,86802,,branch-misses:u,1156256,100.00,,
     0.589556430,0,,cache-misses:u,1156256,100.00,,
     0.589556430,1535961,,bus-cycles:u,1156256,100.00,,
     0.589556430,1736240,,instructions:u,1156224,100.00,,
     0.590702457,85986,,branch-misses:u,1145280,100.00,,
     0.590702457,0,,cache-misses:u,1145280,100.00,,
     0.590702457,1526766,,bus-cycles:u,1145216,100.00,,
     0.590702457,1722700,,instructions:u,1145280,100.00,,
     0.591847781,84902,,branch-misses:u,1144864,100.00,,
     0.591847781,0,,cache-misses:u,1144864,100.00,,
     0.591847781,1526217,,bus-cycles:u,1144896,100.00,,
     0.591847781,1696990,,instructions:u,1144896,100.00,,
     0.593003634,86363,,branch-misses:u,1156448,100.00,,
     0.593003634,0,,cache-misses:u,1156512,100.00,,
     0.593003634,1536114,,bus-cycles:u,1156544,100.00,,
     0.593003634,1728370,,instructions:u,1156544,100.00,,
     0.594150366,86042,,branch-misses:u,1145952,100.00,,
     0.594150366,0,,cache-misses:u,1145920,100.00,,
     0.594150366,1528426,,bus-cycles:u,1145920,100.00,,
     0.594150366,1729818,,instructions:u,1145888,100.00,,
     0.595295209,86187,,branch-misses:u,1144544,100.00,,
     0.595295209,0,,cache-misses:u,1144448,100.00,,
     0.595295209,1525636,,bus-cycles:u,1144448,100.00,,
     0.595295209,1726092,,instructions:u,1144416,100.00,,
     0.596439508,86145,,branch-misses:u,1143648,100.00,,
     0.596439508,0,,cache-misses:u,1143680,100.00,,
     0.596439508,1525249,,bus-cycles:u,1143584,100.00,,
     0.596439508,1722110,,instructions:u,1150240,100.00,,
     0.597595010,86687,,branch-misses:u,1155648,100.00,,
     0.597595010,0,,cache-misses:u,1155680,100.00,,
     0.597595010,1536328,,bus-cycles:u,1155712,100.00,,
     0.597595010,1730430,,instructions:u,1149120,100.00,,
     0.598739789,86205,,branch-misses:u,1144064,100.00,,
     0.598739789,0,,cache-misses:u,1144064,100.00,,
     0.598739789,1525294,,bus-cycles:u,1144064,100.00,,
     0.598739789,1728191,,instructions:u,1144032,100.00,,
     0.599884313,85351,,branch-misses:u,1144352,100.00,,
     0.599884313,0,,cache-misses:u,1144416,100.00,,
     0.599884313,1525407,,bus-cycles:u,1144448,100.00,,
     0.599884313,1706339,,instructions:u,1144480,100.00,,
     0.601030052,85425,,branch-misses:u,1146144,100.00,,
     0.601030052,0,,cache-misses:u,1146144,100.00,,
     0.601030052,1521698,,bus-cycles:u,1146112,100.00,,
     0.601030052,1705030,,instructions:u,1146144,100.00,,
     0.602176303,85701,,branch-misses:u,1145248,100.00,,
     0.602176303,0,,cache-misses:u,1145248,100.00,,
     0.602176303,1526635,,bus-cycles:u,1145280,100.00,,
     0.602176303,1714570,,instructions:u,1145216,100.00,,
     0.603321179,84952,,branch-misses:u,1144960,100.00,,
     0.603321179,0,,cache-misses:u,1144960,100.00,,
     0.603321179,1526523,,bus-cycles:u,1144960,100.00,,
     0.603321179,1695940,,instructions:u,1144960,100.00,,
     0.604467334,85944,,branch-misses:u,1146304,100.00,,
     0.604467334,0,,cache-misses:u,1146272,100.00,,
     0.604467334,1521808,,bus-cycles:u,1146304,100.00,,
     0.604467334,1718540,,instructions:u,1146336,100.00,,
     0.605613554,86280,,branch-misses:u,1145632,100.00,,
     0.605613554,0,,cache-misses:u,1145696,100.00,,
     0.605613554,1526419,,bus-cycles:u,1145664,100.00,,
     0.605613554,1723810,,instructions:u,1145696,100.00,,
     0.606760125,86276,,branch-misses:u,1146240,100.00,,
     0.606760125,0,,cache-misses:u,1146080,100.00,,
     0.606760125,1525434,,bus-cycles:u,1146016,100.00,,
     0.606760125,1725870,,instructions:u,1145984,100.00,,
     0.607914411,86604,,branch-misses:u,1156640,100.00,,
     0.607914411,0,,cache-misses:u,1158752,100.00,,
     0.607914411,1542986,,bus-cycles:u,1159808,100.00,,
     0.607914411,1735630,,instructions:u,1161056,100.00,,
     0.609106177,89226,,branch-misses:u,1192480,100.00,,
     0.609106177,0,,cache-misses:u,1191936,100.00,,
     0.609106177,1579638,,bus-cycles:u,1191840,100.00,,
     0.609106177,1777928,,instructions:u,1191840,100.00,,
     0.610291542,88751,,branch-misses:u,1182656,100.00,,
     0.610291542,0,,cache-misses:u,1182016,100.00,,
     0.610291542,1574194,,bus-cycles:u,1181696,100.00,,
     0.610291542,1771042,,instructions:u,1180832,100.00,,
     0.611449700,87271,,branch-misses:u,1157600,100.00,,
     0.611449700,0,,cache-misses:u,1157504,100.00,,
     0.611449700,1542673,,bus-cycles:u,1156992,100.00,,
     0.611449700,1744620,,instructions:u,1156736,100.00,,
     0.612603217,85974,,branch-misses:u,1152768,100.00,,
     0.612603217,0,,cache-misses:u,1152448,100.00,,
     0.612603217,1529829,,bus-cycles:u,1152480,100.00,,
     0.612603217,1725020,,instructions:u,1152416,100.00,,
     0.613775907,88181,,branch-misses:u,1172352,100.00,,
     0.613775907,0,,cache-misses:u,1172320,100.00,,
     0.613775907,1563594,,bus-cycles:u,1172320,100.00,,
     0.613775907,1759440,,instructions:u,1172320,100.00,,
     0.614925423,86403,,branch-misses:u,1148864,100.00,,
     0.614925423,0,,cache-misses:u,1148800,100.00,,
     0.614925423,1532005,,bus-cycles:u,1148704,100.00,,
     0.614925423,1729850,,instructions:u,1148704,100.00,,
     0.616073307,86558,,branch-misses:u,1147328,100.00,,
     0.616073307,0,,cache-misses:u,1147040,100.00,,
     0.616073307,1529804,,bus-cycles:u,1147136,100.00,,
     0.616073307,1731072,,instructions:u,1147136,100.00,,
     0.617219879,85406,,branch-misses:u,1147232,100.00,,
     0.617219879,0,,cache-misses:u,1147648,100.00,,
     0.617219879,1519402,,bus-cycles:u,1147616,100.00,,
     0.617219879,1709548,,instructions:u,1147648,100.00,,
     0.618371828,86666,,branch-misses:u,1151104,100.00,,
     0.618371828,0,,cache-misses:u,1150592,100.00,,
     0.618371828,1533731,,bus-cycles:u,1150592,100.00,,
     0.618371828,1730920,,instructions:u,1150528,100.00,,
     0.619518720,86093,,branch-misses:u,1146176,100.00,,
     0.619518720,0,,cache-misses:u,1146240,100.00,,
     0.619518720,1527888,,bus-cycles:u,1146208,100.00,,
     0.619518720,1719340,,instructions:u,1146240,100.00,,
     0.620665323,85870,,branch-misses:u,1147168,100.00,,
     0.620665323,0,,cache-misses:u,1147488,100.00,,
     0.620665323,1523072,,bus-cycles:u,1147520,100.00,,
     0.620665323,1723720,,instructions:u,1147552,100.00,,
     0.621815608,86721,,branch-misses:u,1149600,100.00,,
     0.621815608,0,,cache-misses:u,1149376,100.00,,
     0.621815608,1532357,,bus-cycles:u,1149312,100.00,,
     0.621815608,1730754,,instructions:u,1149280,100.00,,
     0.622961987,85470,,branch-misses:u,1146016,100.00,,
     0.622961987,0,,cache-misses:u,1145984,100.00,,
     0.622961987,1528047,,bus-cycles:u,1146016,100.00,,
     0.622961987,1708474,,instructions:u,1145984,100.00,,
     0.624108463,86357,,branch-misses:u,1145952,100.00,,
     0.624108463,0,,cache-misses:u,1145792,100.00,,
     0.624108463,1527580,,bus-cycles:u,1145824,100.00,,
     0.624108463,1724392,,instructions:u,1145792,100.00,,
     0.625254618,86058,,branch-misses:u,1146656,100.00,,
     0.625254618,0,,cache-misses:u,1147104,100.00,,
     0.625254618,1522439,,bus-cycles:u,1147104,100.00,,
     0.625254618,1716330,,instructions:u,1147104,100.00,,
     0.626403783,86059,,branch-misses:u,1148480,100.00,,
     0.626403783,0,,cache-misses:u,1148096,100.00,,
     0.626403783,1530539,,bus-cycles:u,1148032,100.00,,
     0.626403783,1727270,,instructions:u,1148000,100.00,,
     0.627550290,86311,,branch-misses:u,1145888,100.00,,
     0.627550290,0,,cache-misses:u,1146176,100.00,,
     0.627550290,1528169,,bus-cycles:u,1146240,100.00,,
     0.627550290,1731510,,instructions:u,1146304,100.00,,
     0.628696734,85199,,branch-misses:u,1146976,100.00,,
     0.628696734,0,,cache-misses:u,1146816,100.00,,
     0.628696734,1522210,,bus-cycles:u,1146784,100.00,,
     0.628696734,1708920,,instructions:u,1146816,100.00,,
     0.629846250,86221,,branch-misses:u,1148800,100.00,,
     0.629846250,0,,cache-misses:u,1148736,100.00,,
     0.629846250,1531728,,bus-cycles:u,1148704,100.00,,
     0.629846250,1727618,,instructions:u,1148640,100.00,,
     0.630993014,86585,,branch-misses:u,1146048,100.00,,
     0.630993014,0,,cache-misses:u,1145984,100.00,,
     0.630993014,1527710,,bus-cycles:u,1146048,100.00,,
     0.630993014,1725992,,instructions:u,1146080,100.00,,
     0.632138977,86408,,branch-misses:u,1145728,100.00,,
     0.632138977,0,,cache-misses:u,1145728,100.00,,
     0.632138977,1527622,,bus-cycles:u,1145760,100.00,,
     0.632138977,1724370,,instructions:u,1145760,100.00,,
     0.633286189,86132,,branch-misses:u,1147648,100.00,,
     0.633286189,0,,cache-misses:u,1147616,100.00,,
     0.633286189,1524331,,bus-cycles:u,1147552,100.00,,
     0.633286189,1717380,,instructions:u,1147616,100.00,,
     0.634435289,86375,,branch-misses:u,1148192,100.00,,
     0.634435289,0,,cache-misses:u,1148160,100.00,,
     0.634435289,1531150,,bus-cycles:u,1148096,100.00,,
     0.634435289,1727840,,instructions:u,1148064,100.00,,
     0.635594472,86116,,branch-misses:u,1159424,100.00,,
     0.635594472,0,,cache-misses:u,1159872,100.00,,
     0.635594472,1546619,,bus-cycles:u,1160032,100.00,,
     0.635594472,1723410,,instructions:u,1160032,100.00,,
     0.636742452,85710,,branch-misses:u,1147872,100.00,,
     0.636742452,0,,cache-misses:u,1147488,100.00,,
     0.636742452,1522610,,bus-cycles:u,1147392,100.00,,
     0.636742452,1716210,,instructions:u,1147392,100.00,,
     0.637889280,86480,,branch-misses:u,1146176,100.00,,
     0.637889280,0,,cache-misses:u,1146208,100.00,,
     0.637889280,1527914,,bus-cycles:u,1146208,100.00,,
     0.637889280,1721660,,instructions:u,1146144,100.00,,
     0.639033899,85857,,branch-misses:u,1144032,100.00,,
     0.639033899,0,,cache-misses:u,1143936,100.00,,
     0.639033899,1525765,,bus-cycles:u,1143872,100.00,,
     0.639033899,1717764,,instructions:u,1143936,100.00,,
     0.640178486,85781,,branch-misses:u,1144256,100.00,,
     0.640178486,0,,cache-misses:u,1144288,100.00,,
     0.640178486,1526054,,bus-cycles:u,1144320,100.00,,
     0.640178486,1719076,,instructions:u,1144224,100.00,,
     0.641324019,86036,,branch-misses:u,1145984,100.00,,
     0.641324019,0,,cache-misses:u,1145984,100.00,,
     0.641324019,1522500,,bus-cycles:u,1146016,100.00,,
     0.641324019,1716380,,instructions:u,1146048,100.00,,
     0.642471053,86492,,branch-misses:u,1146432,100.00,,
     0.642471053,0,,cache-misses:u,1146464,100.00,,
     0.642471053,1528886,,bus-cycles:u,1146304,100.00,,
     0.642471053,1728817,,instructions:u,1146272,100.00,,
     0.643616390,85895,,branch-misses:u,1144768,100.00,,
     0.643616390,0,,cache-misses:u,1144832,100.00,,
     0.643616390,1526599,,bus-cycles:u,1144992,100.00,,
     0.643616390,1723463,,instructions:u,1144960,100.00,,
     0.644762591,85657,,branch-misses:u,1146720,100.00,,
     0.644762591,0,,cache-misses:u,1146688,100.00,,
     0.644762591,1522557,,bus-cycles:u,1146752,100.00,,
     0.644762591,1714560,,instructions:u,1146816,100.00,,
     0.645909273,85765,,branch-misses:u,1146048,100.00,,
     0.645909273,0,,cache-misses:u,1145984,100.00,,
     0.645909273,1527806,,bus-cycles:u,1145920,100.00,,
     0.645909273,1711230,,instructions:u,1145920,100.00,,
     0.647054194,85970,,branch-misses:u,1144672,100.00,,
     0.647054194,0,,cache-misses:u,1144640,100.00,,
     0.647054194,1526257,,bus-cycles:u,1144576,100.00,,
     0.647054194,1718470,,instructions:u,1144576,100.00,,
     0.648199115,85840,,branch-misses:u,1144320,100.00,,
     0.648199115,0,,cache-misses:u,1144416,100.00,,
     0.648199115,1525480,,bus-cycles:u,1144448,100.00,,
     0.648199115,1715940,,instructions:u,1144448,100.00,,
     0.649346053,85825,,branch-misses:u,1147424,100.00,,
     0.649346053,0,,cache-misses:u,1147392,100.00,,
     0.649346053,1524633,,bus-cycles:u,1147424,100.00,,
     0.649346053,1716470,,instructions:u,1147456,100.00,,
     0.650493310,86404,,branch-misses:u,1146592,100.00,,
     0.650493310,0,,cache-misses:u,1146656,100.00,,
     0.650493310,1528575,,bus-cycles:u,1146560,100.00,,
     0.650493310,1726980,,instructions:u,1146592,100.00,,
     0.651638167,84926,,branch-misses:u,1144608,100.00,,
     0.651638167,0,,cache-misses:u,1144544,100.00,,
     0.651638167,1526456,,bus-cycles:u,1144640,100.00,,
     0.651638167,1701020,,instructions:u,1144544,100.00,,
     0.652784017,85991,,branch-misses:u,1146048,100.00,,
     0.652784017,0,,cache-misses:u,1146112,100.00,,
     0.652784017,1523102,,bus-cycles:u,1146080,100.00,,
     0.652784017,1720450,,instructions:u,1146176,100.00,,
     0.653930890,85881,,branch-misses:u,1146208,100.00,,
     0.653930890,0,,cache-misses:u,1146208,100.00,,
     0.653930890,1528268,,bus-cycles:u,1146272,100.00,,
     0.653930890,1717410,,instructions:u,1146240,100.00,,
     0.655076707,84784,,branch-misses:u,1145600,100.00,,
     0.655076707,0,,cache-misses:u,1145536,100.00,,
     0.655076707,1527206,,bus-cycles:u,1145504,100.00,,
     0.655076707,1704694,,instructions:u,1145440,100.00,,
     0.656694435,121466,,branch-misses:u,1619296,100.00,,
     0.656694435,0,,cache-misses:u,1619840,100.00,,
     0.656694435,2158087,,bus-cycles:u,1621248,100.00,,
     0.656694435,2433576,,instructions:u,1621728,100.00,,
     0.657849502,86337,,branch-misses:u,1152928,100.00,,
     0.657849502,0,,cache-misses:u,1152576,100.00,,
     0.657849502,1533970,,bus-cycles:u,1151136,100.00,,
     0.657849502,1725740,,instructions:u,1150720,100.00,,
     0.658995288,86159,,branch-misses:u,1145632,100.00,,
     0.658995288,0,,cache-misses:u,1145536,100.00,,
     0.658995288,1527674,,bus-cycles:u,1145696,100.00,,
     0.658995288,1728920,,instructions:u,1145696,100.00,,
     0.660141553,86318,,branch-misses:u,1145920,100.00,,
     0.660141553,0,,cache-misses:u,1145792,100.00,,
     0.660141553,1526804,,bus-cycles:u,1145632,100.00,,
     0.660141553,1720970,,instructions:u,1145632,100.00,,
     0.661287818,85890,,branch-misses:u,1146272,100.00,,
     0.661287818,0,,cache-misses:u,1146272,100.00,,
     0.661287818,1522262,,bus-cycles:u,1146272,100.00,,
     0.661287818,1714100,,instructions:u,1146272,100.00,,
     0.662434820,86030,,branch-misses:u,1146496,100.00,,
     0.662434820,0,,cache-misses:u,1146400,100.00,,
     0.662434820,1529225,,bus-cycles:u,1146400,100.00,,
     0.662434820,1717920,,instructions:u,1146432,100.00,,
     0.663579453,86274,,branch-misses:u,1144288,100.00,,
     0.663579453,0,,cache-misses:u,1144416,100.00,,
     0.663579453,1526222,,bus-cycles:u,1144384,100.00,,
     0.663579453,1718040,,instructions:u,1144352,100.00,,
     0.664725014,85511,,branch-misses:u,1145792,100.00,,
     0.664725014,0,,cache-misses:u,1145824,100.00,,
     0.664725014,1522070,,bus-cycles:u,1145856,100.00,,
     0.664725014,1711580,,instructions:u,1145792,100.00,,
     0.665871728,85935,,branch-misses:u,1146208,100.00,,
     0.665871728,0,,cache-misses:u,1146432,100.00,,
     0.665871728,1527992,,bus-cycles:u,1146368,100.00,,
     0.665871728,1718978,,instructions:u,1146464,100.00,,
     0.667018697,85617,,branch-misses:u,1146592,100.00,,
     0.667018697,0,,cache-misses:u,1146336,100.00,,
     0.667018697,1528684,,bus-cycles:u,1146432,100.00,,
     0.667018697,1717332,,instructions:u,1146336,100.00,,
     0.668164322,85925,,branch-misses:u,1145408,100.00,,
     0.668164322,0,,cache-misses:u,1145312,100.00,,
     0.668164322,1527838,,bus-cycles:u,1145248,100.00,,
     0.668164322,1717190,,instructions:u,1145280,100.00,,
     0.669310748,86071,,branch-misses:u,1146400,100.00,,
     0.669310748,0,,cache-misses:u,1146528,100.00,,
     0.669310748,1523539,,bus-cycles:u,1146560,100.00,,
     0.669310748,1722200,,instructions:u,1146560,100.00,,
     0.670457717,85934,,branch-misses:u,1146432,100.00,,
     0.670457717,0,,cache-misses:u,1146432,100.00,,
     0.670457717,1529304,,bus-cycles:u,1146400,100.00,,
     0.670457717,1720322,,instructions:u,1146400,100.00,,
     0.671624691,69970,,branch-misses:u,1107456,100.00,,
     0.671624691,80,,cache-misses:u,1104832,100.00,,
     0.671624691,1254098,,bus-cycles:u,1102432,100.00,,
     0.671624691,1392256,,instructions:u,1100000,100.00,,
