     0.001073227,986,,branch-misses:u,554656,100.00,,
     0.001073227,351,,cache-misses:u,559680,100.00,,
     0.001073227,66910,,bus-cycles:u,562656,100.00,,
     0.001073227,36561,,instructions:u,565888,100.00,,
     0.002332631,74696,,branch-misses:u,1255616,100.00,,
     0.002332631,1323,,cache-misses:u,1254880,100.00,,
     0.002332631,1426367,,bus-cycles:u,1254944,100.00,,
     0.002332631,1535622,,instructions:u,1254720,100.00,,
     0.003504053,76383,,branch-misses:u,1168736,100.00,,
     0.003504053,0,,cache-misses:u,1167936,100.00,,
     0.003504053,1365903,,bus-cycles:u,1167648,100.00,,
     0.003504053,1532266,,instructions:u,1167776,100.00,,
     0.004669232,77916,,branch-misses:u,1163872,100.00,,
     0.004669232,0,,cache-misses:u,1163360,100.00,,
     0.004669232,1375713,,bus-cycles:u,1163488,100.00,,
     0.004669232,1549960,,instructions:u,1163264,100.00,,
     0.005825511,80053,,branch-misses:u,1155552,100.00,,
     0.005825511,0,,cache-misses:u,1155456,100.00,,
     0.005825511,1427237,,bus-cycles:u,1155200,100.00,,
     0.005825511,1610980,,instructions:u,1155008,100.00,,
     0.006982013,81323,,branch-misses:u,1157056,100.00,,
     0.006982013,0,,cache-misses:u,1157632,100.00,,
     0.006982013,1445257,,bus-cycles:u,1158048,100.00,,
     0.006982013,1627060,,instructions:u,1158048,100.00,,
     0.008147321,77547,,branch-misses:u,1163936,100.00,,
     0.008147321,0,,cache-misses:u,1163648,100.00,,
     0.008147321,1372455,,bus-cycles:u,1163424,100.00,,
     0.008147321,1546530,,instructions:u,1163488,100.00,,
     0.009305776,77498,,branch-misses:u,1157504,100.00,,
     0.009305776,0,,cache-misses:u,1157184,100.00,,
     0.009305776,1368458,,bus-cycles:u,1157088,100.00,,
     0.009305776,1547020,,instructions:u,1157024,100.00,,
     0.010462599,76955,,branch-misses:u,1156736,100.00,,
     0.010462599,0,,cache-misses:u,1156704,100.00,,
     0.010462599,1364950,,bus-cycles:u,1156704,100.00,,
     0.010462599,1532450,,instructions:u,1156640,100.00,,
     0.011616028,81654,,branch-misses:u,1152256,100.00,,
     0.011616028,0,,cache-misses:u,1152128,100.00,,
     0.011616028,1442186,,bus-cycles:u,1151968,100.00,,
     0.011616028,1628970,,instructions:u,1151968,100.00,,
     0.012766384,81369,,branch-misses:u,1149728,100.00,,
     0.012766384,0,,cache-misses:u,1149760,100.00,,
     0.012766384,1446199,,bus-cycles:u,1149792,100.00,,
     0.012766384,1638820,,instructions:u,1149728,100.00,,
     0.013916803,81610,,branch-misses:u,1149664,100.00,,
     0.013916803,0,,cache-misses:u,1149568,100.00,,
     0.013916803,1445593,,bus-cycles:u,1149600,100.00,,
     0.013916803,1638394,,instructions:u,1149536,100.00,,
     0.015067039,83563,,branch-misses:u,1149824,100.00,,
     0.015067039,0,,cache-misses:u,1149664,100.00,,
     0.015067039,1480666,,bus-cycles:u,1149472,100.00,,
     0.015067039,1670586,,instructions:u,1149376,100.00,,
     0.016214581,85312,,branch-misses:u,1146688,100.00,,
     0.016214581,0,,cache-misses:u,1146720,100.00,,
     0.016214581,1528874,,bus-cycles:u,1146656,100.00,,
     0.016214581,1705900,,instructions:u,1146656,100.00,,
     0.017359337,77071,,branch-misses:u,1144864,100.00,,
     0.017359337,0,,cache-misses:u,1144768,100.00,,
     0.017359337,1361650,,bus-cycles:u,1144800,100.00,,
     0.017359337,1540110,,instructions:u,1144768,100.00,,
     0.018504189,85766,,branch-misses:u,1144192,100.00,,
     0.018504189,1,,cache-misses:u,1144224,100.00,,
     0.018504189,1517169,,bus-cycles:u,1144288,100.00,,
     0.018504189,1719730,,instructions:u,1144288,100.00,,
     0.019650258,86248,,branch-misses:u,1144992,100.00,,
     0.019650258,0,,cache-misses:u,1145088,100.00,,
     0.019650258,1527047,,bus-cycles:u,1145056,100.00,,
     0.019650258,1728430,,instructions:u,1145056,100.00,,
     0.020794886,85268,,branch-misses:u,1144096,100.00,,
     0.020794886,0,,cache-misses:u,1144000,100.00,,
     0.020794886,1525742,,bus-cycles:u,1143968,100.00,,
     0.020794886,1712050,,instructions:u,1143968,100.00,,
     0.021938906,85237,,branch-misses:u,1143392,100.00,,
     0.021938906,1,,cache-misses:u,1143520,100.00,,
     0.021938906,1525639,,bus-cycles:u,1143552,100.00,,
     0.021938906,1703280,,instructions:u,1143552,100.00,,
     0.023109755,87160,,branch-misses:u,1170880,100.00,,
     0.023109755,0,,cache-misses:u,1171264,100.00,,
     0.023109755,1554627,,bus-cycles:u,1171200,100.00,,
     0.023109755,1741370,,instructions:u,1171264,100.00,,
     0.024258257,86269,,branch-misses:u,1147360,100.00,,
     0.024258257,0,,cache-misses:u,1146944,100.00,,
     0.024258257,1530397,,bus-cycles:u,1147008,100.00,,
     0.024258257,1732110,,instructions:u,1146848,100.00,,
     0.025402949,85993,,branch-misses:u,1144064,100.00,,
     0.025402949,0,,cache-misses:u,1144096,100.00,,
     0.025402949,1526549,,bus-cycles:u,1144192,100.00,,
     0.025402949,1718830,,instructions:u,1144288,100.00,,
     0.026549915,85948,,branch-misses:u,1147840,100.00,,
     0.026549915,0,,cache-misses:u,1148224,100.00,,
     0.026549915,1524328,,bus-cycles:u,1148448,100.00,,
     0.026549915,1728780,,instructions:u,1148832,100.00,,
     0.027707413,86934,,branch-misses:u,1155680,100.00,,
     0.027707413,0,,cache-misses:u,1155520,100.00,,
     0.027707413,1540388,,bus-cycles:u,1155040,100.00,,
     0.027707413,1739040,,instructions:u,1154752,100.00,,
     0.028854379,85204,,branch-misses:u,1146304,100.00,,
     0.028854379,0,,cache-misses:u,1146048,100.00,,
     0.028854379,1529409,,bus-cycles:u,1146176,100.00,,
     0.028854379,1711120,,instructions:u,1146240,100.00,,
     0.029999263,85593,,branch-misses:u,1144320,100.00,,
     0.029999263,0,,cache-misses:u,1144352,100.00,,
     0.029999263,1525943,,bus-cycles:u,1144384,100.00,,
     0.029999263,1711980,,instructions:u,1144256,100.00,,
     0.031144499,86157,,branch-misses:u,1145120,100.00,,
     0.031144499,0,,cache-misses:u,1145344,100.00,,
     0.031144499,1521192,,bus-cycles:u,1145376,100.00,,
     0.031144499,1720690,,instructions:u,1145376,100.00,,
     0.032292137,86740,,branch-misses:u,1146592,100.00,,
     0.032292137,0,,cache-misses:u,1146272,100.00,,
     0.032292137,1528873,,bus-cycles:u,1146304,100.00,,
     0.032292137,1730740,,instructions:u,1146208,100.00,,
     0.033436765,86416,,branch-misses:u,1144128,100.00,,
     0.033436765,0,,cache-misses:u,1144096,100.00,,
     0.033436765,1526257,,bus-cycles:u,1144064,100.00,,
     0.033436765,1721080,,instructions:u,1144128,100.00,,
     0.034581233,82615,,branch-misses:u,1144448,100.00,,
     0.034581233,0,,cache-misses:u,1144512,100.00,,
     0.034581233,1470052,,bus-cycles:u,1144480,100.00,,
     0.034581233,1649410,,instructions:u,1144512,100.00,,
     0.035728647,85859,,branch-misses:u,1146304,100.00,,
     0.035728647,0,,cache-misses:u,1146304,100.00,,
     0.035728647,1527789,,bus-cycles:u,1146304,100.00,,
     0.035728647,1719940,,instructions:u,1146240,100.00,,
     0.036874267,84740,,branch-misses:u,1144960,100.00,,
     0.036874267,0,,cache-misses:u,1145024,100.00,,
     0.036874267,1526926,,bus-cycles:u,1145024,100.00,,
     0.036874267,1701120,,instructions:u,1145056,100.00,,
     0.038018831,85628,,branch-misses:u,1144064,100.00,,
     0.038018831,0,,cache-misses:u,1143968,100.00,,
     0.038018831,1525339,,bus-cycles:u,1144000,100.00,,
     0.038018831,1719120,,instructions:u,1144032,100.00,,
     0.039167173,85684,,branch-misses:u,1148512,100.00,,
     0.039167173,0,,cache-misses:u,1148928,100.00,,
     0.039167173,1525342,,bus-cycles:u,1148896,100.00,,
     0.039167173,1717950,,instructions:u,1148928,100.00,,
     0.040320254,86702,,branch-misses:u,1151776,100.00,,
     0.040320254,0,,cache-misses:u,1151456,100.00,,
     0.040320254,1536140,,bus-cycles:u,1151424,100.00,,
     0.040320254,1733340,,instructions:u,1151392,100.00,,
     0.041467155,85155,,branch-misses:u,1146464,100.00,,
     0.041467155,0,,cache-misses:u,1146464,100.00,,
     0.041467155,1528943,,bus-cycles:u,1146496,100.00,,
     0.041467155,1706250,,instructions:u,1146528,100.00,,
     0.042614248,85748,,branch-misses:u,1146816,100.00,,
     0.042614248,0,,cache-misses:u,1146848,100.00,,
     0.042614248,1523506,,bus-cycles:u,1146848,100.00,,
     0.042614248,1717930,,instructions:u,1146784,100.00,,
     0.043777446,87275,,branch-misses:u,1162432,100.00,,
     0.043777446,0,,cache-misses:u,1162816,100.00,,
     0.043777446,1550835,,bus-cycles:u,1162944,100.00,,
     0.043777446,1746940,,instructions:u,1162976,100.00,,
     0.044925660,86614,,branch-misses:u,1147456,100.00,,
     0.044925660,0,,cache-misses:u,1147008,100.00,,
     0.044925660,1530309,,bus-cycles:u,1146912,100.00,,
     0.044925660,1727730,,instructions:u,1146848,100.00,,
     0.046072145,86131,,branch-misses:u,1145920,100.00,,
     0.046072145,0,,cache-misses:u,1145952,100.00,,
     0.046072145,1528583,,bus-cycles:u,1145920,100.00,,
     0.046072145,1718620,,instructions:u,1146016,100.00,,
     0.047235758,87199,,branch-misses:u,1163552,100.00,,
     0.047235758,0,,cache-misses:u,1163520,100.00,,
     0.047235758,1546384,,bus-cycles:u,1163520,100.00,,
     0.047235758,1741130,,instructions:u,1163584,100.00,,
     0.048383268,86161,,branch-misses:u,1146432,100.00,,
     0.048383268,0,,cache-misses:u,1146432,100.00,,
     0.048383268,1529259,,bus-cycles:u,1146464,100.00,,
     0.048383268,1727960,,instructions:u,1146368,100.00,,
     0.049530777,85930,,branch-misses:u,1147040,100.00,,
     0.049530777,0,,cache-misses:u,1147040,100.00,,
     0.049530777,1529747,,bus-cycles:u,1147008,100.00,,
     0.049530777,1722140,,instructions:u,1147008,100.00,,
     0.050679888,85687,,branch-misses:u,1148896,100.00,,
     0.050679888,0,,cache-misses:u,1148928,100.00,,
     0.050679888,1524627,,bus-cycles:u,1148928,100.00,,
     0.050679888,1713430,,instructions:u,1149024,100.00,,
     0.051829606,85686,,branch-misses:u,1148736,100.00,,
     0.051829606,0,,cache-misses:u,1148704,100.00,,
     0.051829606,1532498,,bus-cycles:u,1148768,100.00,,
     0.051829606,1715550,,instructions:u,1148640,100.00,,
     0.052976764,85843,,branch-misses:u,1146560,100.00,,
     0.052976764,0,,cache-misses:u,1146624,100.00,,
     0.052976764,1529869,,bus-cycles:u,1146592,100.00,,
     0.052976764,1725820,,instructions:u,1146688,100.00,,
     0.054123793,75581,,branch-misses:u,1146784,100.00,,
     0.054123793,0,,cache-misses:u,1155616,100.00,,
     0.054123793,1346977,,bus-cycles:u,1155648,100.00,,
     0.054123793,1516171,,instructions:u,1155808,100.00,,
     0.055285486,84335,,branch-misses:u,1161120,100.00,,
     0.055285486,0,,cache-misses:u,1152704,100.00,,
     0.055285486,1494110,,bus-cycles:u,1152736,100.00,,
     0.055285486,1680579,,instructions:u,1152608,100.00,,
     0.056433155,86179,,branch-misses:u,1146752,100.00,,
     0.056433155,0,,cache-misses:u,1146432,100.00,,
     0.056433155,1529258,,bus-cycles:u,1146400,100.00,,
     0.056433155,1719250,,instructions:u,1146272,100.00,,
     0.057580441,86156,,branch-misses:u,1146880,100.00,,
     0.057580441,0,,cache-misses:u,1146784,100.00,,
     0.057580441,1529700,,bus-cycles:u,1146752,100.00,,
     0.057580441,1717680,,instructions:u,1146848,100.00,,
     0.058728463,86033,,branch-misses:u,1147808,100.00,,
     0.058728463,0,,cache-misses:u,1147744,100.00,,
     0.058728463,1525097,,bus-cycles:u,1147776,100.00,,
     0.058728463,1716400,,instructions:u,1147680,100.00,,
     0.059876901,85966,,branch-misses:u,1147488,100.00,,
     0.059876901,0,,cache-misses:u,1147616,100.00,,
     0.059876901,1530353,,bus-cycles:u,1147584,100.00,,
     0.059876901,1723320,,instructions:u,1147648,100.00,,
     0.061023130,85869,,branch-misses:u,1145600,100.00,,
     0.061023130,0,,cache-misses:u,1145504,100.00,,
     0.061023130,1527853,,bus-cycles:u,1145472,100.00,,
     0.061023130,1716960,,instructions:u,1145440,100.00,,
     0.062170639,85639,,branch-misses:u,1147232,100.00,,
     0.062170639,0,,cache-misses:u,1147296,100.00,,
     0.062170639,1522270,,bus-cycles:u,1147360,100.00,,
     0.062170639,1715300,,instructions:u,1147360,100.00,,
     0.063318757,86506,,branch-misses:u,1147296,100.00,,
     0.063318757,0,,cache-misses:u,1147264,100.00,,
     0.063318757,1529733,,bus-cycles:u,1147200,100.00,,
     0.063318757,1726260,,instructions:u,1147232,100.00,,
     0.064465818,85913,,branch-misses:u,1146528,100.00,,
     0.064465818,0,,cache-misses:u,1146496,100.00,,
     0.064465818,1529294,,bus-cycles:u,1146528,100.00,,
     0.064465818,1719696,,instructions:u,1146464,100.00,,
     0.065624245,87368,,branch-misses:u,1158016,100.00,,
     0.065624245,0,,cache-misses:u,1158272,100.00,,
     0.065624245,1544893,,bus-cycles:u,1158240,100.00,,
     0.065624245,1748784,,instructions:u,1158272,100.00,,
     0.066774508,86257,,branch-misses:u,1149920,100.00,,
     0.066774508,0,,cache-misses:u,1149728,100.00,,
     0.066774508,1526020,,bus-cycles:u,1149824,100.00,,
     0.066774508,1723410,,instructions:u,1149856,100.00,,
     0.067923843,86359,,branch-misses:u,1148480,100.00,,
     0.067923843,0,,cache-misses:u,1148448,100.00,,
     0.067923843,1532592,,bus-cycles:u,1148352,100.00,,
     0.067923843,1722560,,instructions:u,1148352,100.00,,
     0.069071865,86541,,branch-misses:u,1147360,100.00,,
     0.069071865,0,,cache-misses:u,1147328,100.00,,
     0.069071865,1531108,,bus-cycles:u,1147328,100.00,,
     0.069071865,1729410,,instructions:u,1147328,100.00,,
     0.070220175,86110,,branch-misses:u,1148064,100.00,,
     0.070220175,0,,cache-misses:u,1148192,100.00,,
     0.070220175,1525908,,bus-cycles:u,1148160,100.00,,
     0.070220175,1719660,,instructions:u,1148160,100.00,,
     0.071369317,86271,,branch-misses:u,1148096,100.00,,
     0.071369317,0,,cache-misses:u,1148000,100.00,,
     0.071369317,1531345,,bus-cycles:u,1148096,100.00,,
     0.071369317,1725012,,instructions:u,1148032,100.00,,
     0.072516154,86084,,branch-misses:u,1146016,100.00,,
     0.072516154,0,,cache-misses:u,1145984,100.00,,
     0.072516154,1528275,,bus-cycles:u,1145888,100.00,,
     0.072516154,1724988,,instructions:u,1145952,100.00,,
     0.073663408,86137,,branch-misses:u,1146976,100.00,,
     0.073663408,0,,cache-misses:u,1147008,100.00,,
     0.073663408,1529094,,bus-cycles:u,1147008,100.00,,
     0.073663408,1722030,,instructions:u,1147040,100.00,,
     0.074811557,85847,,branch-misses:u,1147968,100.00,,
     0.074811557,0,,cache-misses:u,1147968,100.00,,
     0.074811557,1524447,,bus-cycles:u,1148000,100.00,,
     0.074811557,1720840,,instructions:u,1147968,100.00,,
     0.075960988,86283,,branch-misses:u,1148544,100.00,,
     0.075960988,0,,cache-misses:u,1148576,100.00,,
     0.075960988,1531611,,bus-cycles:u,1148640,100.00,,
     0.075960988,1724300,,instructions:u,1148704,100.00,,
     0.077108690,86029,,branch-misses:u,1147168,100.00,,
     0.077108690,0,,cache-misses:u,1147104,100.00,,
     0.077108690,1529318,,bus-cycles:u,1147104,100.00,,
     0.077108690,1719000,,instructions:u,1147008,100.00,,
     0.078257608,86237,,branch-misses:u,1148640,100.00,,
     0.078257608,0,,cache-misses:u,1148608,100.00,,
     0.078257608,1525165,,bus-cycles:u,1148544,100.00,,
     0.078257608,1726380,,instructions:u,1148608,100.00,,
     0.079407038,86353,,branch-misses:u,1148576,100.00,,
     0.079407038,0,,cache-misses:u,1148544,100.00,,
     0.079407038,1532100,,bus-cycles:u,1148544,100.00,,
     0.079407038,1722900,,instructions:u,1148512,100.00,,
     0.080553844,86209,,branch-misses:u,1145888,100.00,,
     0.080553844,0,,cache-misses:u,1146048,100.00,,
     0.080553844,1527871,,bus-cycles:u,1145984,100.00,,
     0.080553844,1729074,,instructions:u,1145984,100.00,,
     0.081701161,86111,,branch-misses:u,1147072,100.00,,
     0.081701161,0,,cache-misses:u,1147008,100.00,,
     0.081701161,1529523,,bus-cycles:u,1147168,100.00,,
     0.081701161,1721886,,instructions:u,1147136,100.00,,
     0.082849663,85664,,branch-misses:u,1148288,100.00,,
     0.082849663,0,,cache-misses:u,1148384,100.00,,
     0.082849663,1524133,,bus-cycles:u,1148256,100.00,,
     0.082849663,1719514,,instructions:u,1148256,100.00,,
     0.083998934,86513,,branch-misses:u,1148384,100.00,,
     0.083998934,0,,cache-misses:u,1148128,100.00,,
     0.083998934,1531698,,bus-cycles:u,1148192,100.00,,
     0.083998934,1726286,,instructions:u,1148160,100.00,,
     0.085146571,86459,,branch-misses:u,1147008,100.00,,
     0.085146571,0,,cache-misses:u,1147104,100.00,,
     0.085146571,1529972,,bus-cycles:u,1147168,100.00,,
     0.085146571,1731209,,instructions:u,1147136,100.00,,
     0.086304550,86667,,branch-misses:u,1157728,100.00,,
     0.086304550,0,,cache-misses:u,1157760,100.00,,
     0.086304550,1538909,,bus-cycles:u,1157760,100.00,,
     0.086304550,1729571,,instructions:u,1157888,100.00,,
     0.087453756,86330,,branch-misses:u,1148416,100.00,,
     0.087453756,0,,cache-misses:u,1148512,100.00,,
     0.087453756,1530510,,bus-cycles:u,1148416,100.00,,
     0.087453756,1721140,,instructions:u,1148352,100.00,,
     0.088602290,86515,,branch-misses:u,1147904,100.00,,
     0.088602290,0,,cache-misses:u,1147840,100.00,,
     0.088602290,1530385,,bus-cycles:u,1147904,100.00,,
     0.088602290,1728570,,instructions:u,1147904,100.00,,
     0.089748968,85911,,branch-misses:u,1146112,100.00,,
     0.089748968,0,,cache-misses:u,1146112,100.00,,
     0.089748968,1528314,,bus-cycles:u,1146080,100.00,,
     0.089748968,1726400,,instructions:u,1146112,100.00,,
     0.090896925,86098,,branch-misses:u,1147776,100.00,,
     0.090896925,0,,cache-misses:u,1147744,100.00,,
     0.090896925,1525155,,bus-cycles:u,1147808,100.00,,
     0.090896925,1718400,,instructions:u,1147840,100.00,,
     0.092043859,85980,,branch-misses:u,1145920,100.00,,
     0.092043859,0,,cache-misses:u,1145888,100.00,,
     0.092043859,1527724,,bus-cycles:u,1145824,100.00,,
     0.092043859,1717220,,instructions:u,1145760,100.00,,
     0.093190408,86197,,branch-misses:u,1145984,100.00,,
     0.093190408,0,,cache-misses:u,1146144,100.00,,
     0.093190408,1528816,,bus-cycles:u,1146144,100.00,,
     0.093190408,1720450,,instructions:u,1146144,100.00,,
     0.094337853,86037,,branch-misses:u,1146976,100.00,,
     0.094337853,0,,cache-misses:u,1146880,100.00,,
     0.094337853,1523859,,bus-cycles:u,1146816,100.00,,
     0.094337853,1722600,,instructions:u,1146848,100.00,,
     0.095485043,85957,,branch-misses:u,1146528,100.00,,
     0.095485043,0,,cache-misses:u,1146432,100.00,,
     0.095485043,1528954,,bus-cycles:u,1146432,100.00,,
     0.095485043,1716030,,instructions:u,1146368,100.00,,
     0.096630247,86482,,branch-misses:u,1144288,100.00,,
     0.096630247,0,,cache-misses:u,1144416,100.00,,
     0.096630247,1526572,,bus-cycles:u,1144416,100.00,,
     0.096630247,1731340,,instructions:u,1144480,100.00,,
     0.097775388,85779,,branch-misses:u,1145024,100.00,,
     0.097775388,0,,cache-misses:u,1145024,100.00,,
     0.097775388,1527608,,bus-cycles:u,1145056,100.00,,
     0.097775388,1713650,,instructions:u,1144928,100.00,,
     0.098922833,86266,,branch-misses:u,1147136,100.00,,
     0.098922833,0,,cache-misses:u,1147168,100.00,,
     0.098922833,1524579,,bus-cycles:u,1147168,100.00,,
     0.098922833,1721480,,instructions:u,1147168,100.00,,
     0.100069927,86303,,branch-misses:u,1146176,100.00,,
     0.100069927,0,,cache-misses:u,1146144,100.00,,
     0.100069927,1528604,,bus-cycles:u,1146144,100.00,,
     0.100069927,1723220,,instructions:u,1146176,100.00,,
     0.101215355,86055,,branch-misses:u,1145024,100.00,,
     0.101215355,0,,cache-misses:u,1144928,100.00,,
     0.101215355,1526353,,bus-cycles:u,1144896,100.00,,
     0.101215355,1720230,,instructions:u,1144928,100.00,,
     0.102362352,85830,,branch-misses:u,1146304,100.00,,
     0.102362352,0,,cache-misses:u,1146272,100.00,,
     0.102362352,1524440,,bus-cycles:u,1146272,100.00,,
     0.102362352,1718980,,instructions:u,1146240,100.00,,
     0.103509446,85790,,branch-misses:u,1146464,100.00,,
     0.103509446,0,,cache-misses:u,1146560,100.00,,
     0.103509446,1529233,,bus-cycles:u,1146592,100.00,,
     0.103509446,1715900,,instructions:u,1146624,100.00,,
     0.104654714,85764,,branch-misses:u,1144672,100.00,,
     0.104654714,0,,cache-misses:u,1144640,100.00,,
     0.104654714,1526442,,bus-cycles:u,1144640,100.00,,
     0.104654714,1717290,,instructions:u,1144608,100.00,,
     0.105800527,85903,,branch-misses:u,1145216,100.00,,
     0.105800527,0,,cache-misses:u,1145184,100.00,,
     0.105800527,1527126,,bus-cycles:u,1145120,100.00,,
     0.105800527,1709730,,instructions:u,1145280,100.00,,
     0.106963436,87384,,branch-misses:u,1162624,100.00,,
     0.106963436,0,,cache-misses:u,1163040,100.00,,
     0.106963436,1547050,,bus-cycles:u,1163072,100.00,,
     0.106963436,1741210,,instructions:u,1162944,100.00,,
     0.108113443,85776,,branch-misses:u,1149280,100.00,,
     0.108113443,0,,cache-misses:u,1148896,100.00,,
     0.108113443,1532725,,bus-cycles:u,1148864,100.00,,
     0.108113443,1711960,,instructions:u,1148800,100.00,,
     0.109260152,86394,,branch-misses:u,1146176,100.00,,
     0.109260152,0,,cache-misses:u,1146176,100.00,,
     0.109260152,1529420,,bus-cycles:u,1146240,100.00,,
     0.109260152,1725450,,instructions:u,1146304,100.00,,
     0.110405773,86043,,branch-misses:u,1145280,100.00,,
     0.110405773,0,,cache-misses:u,1145184,100.00,,
     0.110405773,1521980,,bus-cycles:u,1145152,100.00,,
     0.110405773,1715050,,instructions:u,1145152,100.00,,
     0.111552386,85903,,branch-misses:u,1145728,100.00,,
     0.111552386,0,,cache-misses:u,1145792,100.00,,
     0.111552386,1528510,,bus-cycles:u,1145760,100.00,,
     0.111552386,1720470,,instructions:u,1145728,100.00,,
     0.112698295,86723,,branch-misses:u,1145376,100.00,,
     0.112698295,0,,cache-misses:u,1145312,100.00,,
     0.112698295,1528049,,bus-cycles:u,1145376,100.00,,
     0.112698295,1724050,,instructions:u,1145408,100.00,,
     0.113843627,86445,,branch-misses:u,1144800,100.00,,
     0.113843627,0,,cache-misses:u,1144768,100.00,,
     0.113843627,1526758,,bus-cycles:u,1144736,100.00,,
     0.113843627,1731330,,instructions:u,1144736,100.00,,
     0.114989536,85712,,branch-misses:u,1145760,100.00,,
     0.114989536,0,,cache-misses:u,1145856,100.00,,
     0.114989536,1515609,,bus-cycles:u,1145824,100.00,,
     0.114989536,1711980,,instructions:u,1145824,100.00,,
     0.116136405,86535,,branch-misses:u,1145760,100.00,,
     0.116136405,0,,cache-misses:u,1145728,100.00,,
     0.116136405,1527210,,bus-cycles:u,1145760,100.00,,
     0.116136405,1728680,,instructions:u,1145760,100.00,,
     0.117281930,86300,,branch-misses:u,1144960,100.00,,
     0.117281930,0,,cache-misses:u,1144960,100.00,,
     0.117281930,1526648,,bus-cycles:u,1144960,100.00,,
     0.117281930,1729450,,instructions:u,1144928,100.00,,
     0.118428447,85841,,branch-misses:u,1146496,100.00,,
     0.118428447,1,,cache-misses:u,1146432,100.00,,
     0.118428447,1523292,,bus-cycles:u,1146400,100.00,,
     0.118428447,1723060,,instructions:u,1146464,100.00,,
     0.119575700,80642,,branch-misses:u,1146720,100.00,,
     0.119575700,0,,cache-misses:u,1146848,100.00,,
     0.119575700,1439655,,bus-cycles:u,1146880,100.00,,
     0.119575700,1615190,,instructions:u,1146880,100.00,,
     0.120722410,85472,,branch-misses:u,1145696,100.00,,
     0.120722410,0,,cache-misses:u,1145696,100.00,,
     0.120722410,1528685,,bus-cycles:u,1145696,100.00,,
     0.120722410,1712684,,instructions:u,1145632,100.00,,
     0.121869311,86203,,branch-misses:u,1146336,100.00,,
     0.121869311,0,,cache-misses:u,1146272,100.00,,
     0.121869311,1528882,,bus-cycles:u,1146272,100.00,,
     0.121869311,1722496,,instructions:u,1146336,100.00,,
     0.123016276,85804,,branch-misses:u,1146816,100.00,,
     0.123016276,0,,cache-misses:u,1146816,100.00,,
     0.123016276,1522668,,bus-cycles:u,1146816,100.00,,
     0.123016276,1711000,,instructions:u,1146784,100.00,,
     0.124163305,86350,,branch-misses:u,1145984,100.00,,
     0.124163305,0,,cache-misses:u,1146048,100.00,,
     0.124163305,1528100,,bus-cycles:u,1146048,100.00,,
     0.124163305,1723880,,instructions:u,1145952,100.00,,
     0.125310239,86352,,branch-misses:u,1146400,100.00,,
     0.125310239,0,,cache-misses:u,1146432,100.00,,
     0.125310239,1528033,,bus-cycles:u,1146464,100.00,,
     0.125310239,1723370,,instructions:u,1146528,100.00,,
     0.126457428,85760,,branch-misses:u,1146656,100.00,,
     0.126457428,0,,cache-misses:u,1146560,100.00,,
     0.126457428,1524484,,bus-cycles:u,1146528,100.00,,
     0.126457428,1712680,,instructions:u,1146592,100.00,,
     0.127604554,85673,,branch-misses:u,1146528,100.00,,
     0.127604554,0,,cache-misses:u,1146592,100.00,,
     0.127604554,1529011,,bus-cycles:u,1146528,100.00,,
     0.127604554,1718850,,instructions:u,1146496,100.00,,
     0.128761252,86244,,branch-misses:u,1156256,100.00,,
     0.128761252,0,,cache-misses:u,1156512,100.00,,
     0.128761252,1541728,,bus-cycles:u,1156608,100.00,,
     0.128761252,1732600,,instructions:u,1156576,100.00,,
     0.129910298,86427,,branch-misses:u,1148384,100.00,,
     0.129910298,0,,cache-misses:u,1148032,100.00,,
     0.129910298,1531561,,bus-cycles:u,1148032,100.00,,
     0.129910298,1727120,,instructions:u,1148064,100.00,,
     0.131057199,85767,,branch-misses:u,1146336,100.00,,
     0.131057199,0,,cache-misses:u,1146368,100.00,,
     0.131057199,1524092,,bus-cycles:u,1146400,100.00,,
     0.131057199,1710050,,instructions:u,1146432,100.00,,
     0.132204709,85721,,branch-misses:u,1146848,100.00,,
     0.132204709,0,,cache-misses:u,1146880,100.00,,
     0.132204709,1529853,,bus-cycles:u,1146816,100.00,,
     0.132204709,1717320,,instructions:u,1146784,100.00,,
     0.133351290,86184,,branch-misses:u,1146048,100.00,,
     0.133351290,0,,cache-misses:u,1146016,100.00,,
     0.133351290,1528458,,bus-cycles:u,1146048,100.00,,
     0.133351290,1720940,,instructions:u,1146016,100.00,,
     0.134497935,85507,,branch-misses:u,1146528,100.00,,
     0.134497935,0,,cache-misses:u,1146560,100.00,,
     0.134497935,1524317,,bus-cycles:u,1146496,100.00,,
     0.134497935,1711070,,instructions:u,1146560,100.00,,
     0.135645124,86499,,branch-misses:u,1146240,100.00,,
     0.135645124,0,,cache-misses:u,1146208,100.00,,
     0.135645124,1528845,,bus-cycles:u,1146240,100.00,,
     0.135645124,1732220,,instructions:u,1146176,100.00,,
     0.136791033,86523,,branch-misses:u,1145216,100.00,,
     0.136791033,0,,cache-misses:u,1145312,100.00,,
     0.136791033,1527459,,bus-cycles:u,1145248,100.00,,
     0.136791033,1728580,,instructions:u,1145312,100.00,,
     0.137937166,86465,,branch-misses:u,1145600,100.00,,
     0.137937166,0,,cache-misses:u,1145568,100.00,,
     0.137937166,1528022,,bus-cycles:u,1145664,100.00,,
     0.137937166,1726626,,instructions:u,1145536,100.00,,
     0.139084676,86030,,branch-misses:u,1147328,100.00,,
     0.139084676,0,,cache-misses:u,1147328,100.00,,
     0.139084676,1524898,,bus-cycles:u,1147328,100.00,,
     0.139084676,1716864,,instructions:u,1147424,100.00,,
     0.140232794,85850,,branch-misses:u,1147232,100.00,,
     0.140232794,0,,cache-misses:u,1147168,100.00,,
     0.140232794,1530347,,bus-cycles:u,1147136,100.00,,
     0.140232794,1718790,,instructions:u,1147168,100.00,,
     0.141378991,85803,,branch-misses:u,1145600,100.00,,
     0.141378991,0,,cache-misses:u,1145664,100.00,,
     0.141378991,1527908,,bus-cycles:u,1145664,100.00,,
     0.141378991,1708308,,instructions:u,1145600,100.00,,
     0.142526596,85775,,branch-misses:u,1147136,100.00,,
     0.142526596,0,,cache-misses:u,1147136,100.00,,
     0.142526596,1525256,,bus-cycles:u,1147168,100.00,,
     0.142526596,1707682,,instructions:u,1147200,100.00,,
     0.143674234,86086,,branch-misses:u,1147104,100.00,,
     0.143674234,0,,cache-misses:u,1147104,100.00,,
     0.143674234,1529462,,bus-cycles:u,1147104,100.00,,
     0.143674234,1716620,,instructions:u,1147136,100.00,,
     0.144820847,86202,,branch-misses:u,1146080,100.00,,
     0.144820847,0,,cache-misses:u,1146016,100.00,,
     0.144820847,1528787,,bus-cycles:u,1146048,100.00,,
     0.144820847,1722560,,instructions:u,1146016,100.00,,
     0.145967076,85668,,branch-misses:u,1145632,100.00,,
     0.145967076,0,,cache-misses:u,1145696,100.00,,
     0.145967076,1527783,,bus-cycles:u,1145600,100.00,,
     0.145967076,1716660,,instructions:u,1145632,100.00,,
     0.147114169,85831,,branch-misses:u,1146752,100.00,,
     0.147114169,0,,cache-misses:u,1146848,100.00,,
     0.147114169,1523376,,bus-cycles:u,1146848,100.00,,
     0.147114169,1723410,,instructions:u,1146816,100.00,,
     0.148261839,86159,,branch-misses:u,1146784,100.00,,
     0.148261839,0,,cache-misses:u,1146720,100.00,,
     0.148261839,1529476,,bus-cycles:u,1146752,100.00,,
     0.148261839,1728000,,instructions:u,1146720,100.00,,
     0.149418921,86655,,branch-misses:u,1156736,100.00,,
     0.149418921,0,,cache-misses:u,1156768,100.00,,
     0.149418921,1542698,,bus-cycles:u,1156768,100.00,,
     0.149418921,1728680,,instructions:u,1156864,100.00,,
     0.150566623,85907,,branch-misses:u,1147360,100.00,,
     0.150566623,0,,cache-misses:u,1147232,100.00,,
     0.150566623,1524312,,bus-cycles:u,1147232,100.00,,
     0.150566623,1713400,,instructions:u,1147168,100.00,,
     0.151714773,85714,,branch-misses:u,1147136,100.00,,
     0.151714773,0,,cache-misses:u,1147168,100.00,,
     0.151714773,1529219,,bus-cycles:u,1147232,100.00,,
     0.151714773,1715670,,instructions:u,1147232,100.00,,
     0.152862026,85838,,branch-misses:u,1146688,100.00,,
     0.152862026,0,,cache-misses:u,1146624,100.00,,
     0.152862026,1529803,,bus-cycles:u,1146624,100.00,,
     0.152862026,1715060,,instructions:u,1146624,100.00,,
     0.154008511,86455,,branch-misses:u,1145952,100.00,,
     0.154008511,0,,cache-misses:u,1145984,100.00,,
     0.154008511,1529067,,bus-cycles:u,1145888,100.00,,
     0.154008511,1723756,,instructions:u,1145920,100.00,,
     0.155155477,85895,,branch-misses:u,1146784,100.00,,
     0.155155477,0,,cache-misses:u,1146848,100.00,,
     0.155155477,1524357,,bus-cycles:u,1146912,100.00,,
     0.155155477,1717914,,instructions:u,1146816,100.00,,
     0.156303626,86271,,branch-misses:u,1147200,100.00,,
     0.156303626,0,,cache-misses:u,1147296,100.00,,
     0.156303626,1530468,,bus-cycles:u,1147296,100.00,,
     0.156303626,1723220,,instructions:u,1147360,100.00,,
     0.157450208,86345,,branch-misses:u,1145920,100.00,,
     0.157450208,0,,cache-misses:u,1145856,100.00,,
     0.157450208,1528713,,bus-cycles:u,1145792,100.00,,
     0.157450208,1729090,,instructions:u,1145824,100.00,,
     0.158596501,86234,,branch-misses:u,1146240,100.00,,
     0.158596501,0,,cache-misses:u,1146176,100.00,,
     0.158596501,1523635,,bus-cycles:u,1146240,100.00,,
     0.158596501,1722970,,instructions:u,1146144,100.00,,
     0.159744330,86652,,branch-misses:u,1146784,100.00,,
     0.159744330,0,,cache-misses:u,1146848,100.00,,
     0.159744330,1530169,,bus-cycles:u,1146816,100.00,,
     0.159744330,1732694,,instructions:u,1146880,100.00,,
     0.160889375,85997,,branch-misses:u,1144544,100.00,,
     0.160889375,0,,cache-misses:u,1144544,100.00,,
     0.160889375,1526384,,bus-cycles:u,1144544,100.00,,
     0.160889375,1723906,,instructions:u,1144608,100.00,,
     0.162034739,85560,,branch-misses:u,1144480,100.00,,
     0.162034739,0,,cache-misses:u,1144544,100.00,,
     0.162034739,1526864,,bus-cycles:u,1144576,100.00,,
     0.162034739,1714460,,instructions:u,1144480,100.00,,
     0.163180808,86131,,branch-misses:u,1146208,100.00,,
     0.163180808,0,,cache-misses:u,1146080,100.00,,
     0.163180808,1523696,,bus-cycles:u,1146048,100.00,,
     0.163180808,1718910,,instructions:u,1146112,100.00,,
     0.164327933,86052,,branch-misses:u,1145920,100.00,,
     0.164327933,0,,cache-misses:u,1145952,100.00,,
     0.164327933,1528309,,bus-cycles:u,1145952,100.00,,
     0.164327933,1714980,,instructions:u,1145888,100.00,,
     0.165473874,86415,,branch-misses:u,1145600,100.00,,
     0.165473874,0,,cache-misses:u,1145504,100.00,,
     0.165473874,1528384,,bus-cycles:u,1145504,100.00,,
     0.165473874,1725780,,instructions:u,1145536,100.00,,
     0.166619943,85185,,branch-misses:u,1145568,100.00,,
     0.166619943,0,,cache-misses:u,1145632,100.00,,
     0.166619943,1523092,,bus-cycles:u,1145632,100.00,,
     0.166619943,1711720,,instructions:u,1145696,100.00,,
     0.167766492,85145,,branch-misses:u,1145920,100.00,,
     0.167766492,0,,cache-misses:u,1145920,100.00,,
     0.167766492,1527903,,bus-cycles:u,1145920,100.00,,
     0.167766492,1707330,,instructions:u,1145888,100.00,,
     0.168911568,86192,,branch-misses:u,1144512,100.00,,
     0.168911568,0,,cache-misses:u,1144512,100.00,,
     0.168911568,1526587,,bus-cycles:u,1144544,100.00,,
     0.168911568,1714550,,instructions:u,1144544,100.00,,
     0.170067594,86475,,branch-misses:u,1155616,100.00,,
     0.170067594,0,,cache-misses:u,1156064,100.00,,
     0.170067594,1542178,,bus-cycles:u,1156064,100.00,,
     0.170067594,1728330,,instructions:u,1156032,100.00,,
     0.171228038,87066,,branch-misses:u,1160160,100.00,,
     0.171228038,0,,cache-misses:u,1159808,100.00,,
     0.171228038,1541132,,bus-cycles:u,1159776,100.00,,
     0.171228038,1742920,,instructions:u,1159776,100.00,,
     0.172374875,86388,,branch-misses:u,1145856,100.00,,
     0.172374875,0,,cache-misses:u,1145888,100.00,,
     0.172374875,1527947,,bus-cycles:u,1145888,100.00,,
     0.172374875,1724550,,instructions:u,1145856,100.00,,
     0.173520784,85861,,branch-misses:u,1145312,100.00,,
     0.173520784,0,,cache-misses:u,1145056,100.00,,
     0.173520784,1526939,,bus-cycles:u,1145120,100.00,,
     0.173520784,1715610,,instructions:u,1145184,100.00,,
     0.174667621,85949,,branch-misses:u,1146592,100.00,,
     0.174667621,0,,cache-misses:u,1146656,100.00,,
     0.174667621,1525051,,bus-cycles:u,1146624,100.00,,
     0.174667621,1717460,,instructions:u,1146624,100.00,,
     0.175815035,84864,,branch-misses:u,1146528,100.00,,
     0.175815035,0,,cache-misses:u,1146624,100.00,,
     0.175815035,1529351,,bus-cycles:u,1146528,100.00,,
     0.175815035,1698290,,instructions:u,1146496,100.00,,
     0.176961328,86673,,branch-misses:u,1145792,100.00,,
     0.176961328,0,,cache-misses:u,1145632,100.00,,
     0.176961328,1527423,,bus-cycles:u,1145760,100.00,,
     0.176961328,1727390,,instructions:u,1145760,100.00,,
     0.178107301,85755,,branch-misses:u,1145344,100.00,,
     0.178107301,0,,cache-misses:u,1145440,100.00,,
     0.178107301,1527554,,bus-cycles:u,1145472,100.00,,
     0.178107301,1715621,,instructions:u,1145440,100.00,,
     0.179261950,86017,,branch-misses:u,1154592,100.00,,
     0.179261950,0,,cache-misses:u,1154560,100.00,,
     0.179261950,1530961,,bus-cycles:u,1154528,100.00,,
     0.179261950,1726279,,instructions:u,1154592,100.00,,
     0.180408787,86388,,branch-misses:u,1145760,100.00,,
     0.180408787,0,,cache-misses:u,1145824,100.00,,
     0.180408787,1527128,,bus-cycles:u,1145728,100.00,,
     0.180408787,1725430,,instructions:u,1145760,100.00,,
     0.181555144,86306,,branch-misses:u,1145824,100.00,,
     0.181555144,0,,cache-misses:u,1145792,100.00,,
     0.181555144,1527979,,bus-cycles:u,1145888,100.00,,
     0.181555144,1725774,,instructions:u,1145824,100.00,,
     0.182701533,86039,,branch-misses:u,1146176,100.00,,
     0.182701533,0,,cache-misses:u,1146208,100.00,,
     0.182701533,1523285,,bus-cycles:u,1146176,100.00,,
     0.182701533,1720786,,instructions:u,1146176,100.00,,
     0.183849395,86495,,branch-misses:u,1146912,100.00,,
     0.183849395,0,,cache-misses:u,1146880,100.00,,
     0.183849395,1529911,,bus-cycles:u,1146816,100.00,,
     0.183849395,1729586,,instructions:u,1146816,100.00,,
     0.184995144,86550,,branch-misses:u,1145216,100.00,,
     0.184995144,0,,cache-misses:u,1145312,100.00,,
     0.184995144,1528547,,bus-cycles:u,1145312,100.00,,
     0.184995144,1732280,,instructions:u,1145280,100.00,,
     0.186141565,85857,,branch-misses:u,1146176,100.00,,
     0.186141565,0,,cache-misses:u,1146176,100.00,,
     0.186141565,1524767,,bus-cycles:u,1146272,100.00,,
     0.186141565,1722124,,instructions:u,1146304,100.00,,
     0.187288818,86427,,branch-misses:u,1146368,100.00,,
     0.187288818,0,,cache-misses:u,1146336,100.00,,
     0.187288818,1529276,,bus-cycles:u,1146272,100.00,,
     0.187288818,1724750,,instructions:u,1146304,100.00,,
     0.188434567,86292,,branch-misses:u,1145184,100.00,,
     0.188434567,0,,cache-misses:u,1145184,100.00,,
     0.188434567,1527929,,bus-cycles:u,1145184,100.00,,
     0.188434567,1721060,,instructions:u,1145184,100.00,,
     0.189580219,86308,,branch-misses:u,1145152,100.00,,
     0.189580219,0,,cache-misses:u,1145056,100.00,,
     0.189580219,1527515,,bus-cycles:u,1145088,100.00,,
     0.189580219,1725290,,instructions:u,1144960,100.00,,
     0.190727185,85881,,branch-misses:u,1146720,100.00,,
     0.190727185,0,,cache-misses:u,1146688,100.00,,
     0.190727185,1525442,,bus-cycles:u,1146720,100.00,,
     0.190727185,1721510,,instructions:u,1146816,100.00,,
     0.191883979,85867,,branch-misses:u,1156096,100.00,,
     0.191883979,0,,cache-misses:u,1156544,100.00,,
     0.191883979,1542754,,bus-cycles:u,1156512,100.00,,
     0.191883979,1724550,,instructions:u,1156480,100.00,,
     0.193031328,86169,,branch-misses:u,1146624,100.00,,
     0.193031328,0,,cache-misses:u,1146272,100.00,,
     0.193031328,1528837,,bus-cycles:u,1146240,100.00,,
     0.193031328,1723630,,instructions:u,1146272,100.00,,
     0.194178102,85649,,branch-misses:u,1146112,100.00,,
     0.194178102,0,,cache-misses:u,1146112,100.00,,
     0.194178102,1524887,,bus-cycles:u,1146144,100.00,,
     0.194178102,1706830,,instructions:u,1146144,100.00,,
     0.195324971,85809,,branch-misses:u,1146272,100.00,,
     0.195324971,0,,cache-misses:u,1146144,100.00,,
     0.195324971,1529778,,bus-cycles:u,1146144,100.00,,
     0.195324971,1712130,,instructions:u,1146112,100.00,,
     0.196470271,86266,,branch-misses:u,1144672,100.00,,
     0.196470271,0,,cache-misses:u,1144768,100.00,,
     0.196470271,1528131,,bus-cycles:u,1144800,100.00,,
     0.196470271,1725850,,instructions:u,1144768,100.00,,
     0.197615604,86678,,branch-misses:u,1144928,100.00,,
     0.197615604,0,,cache-misses:u,1144896,100.00,,
     0.197615604,1527980,,bus-cycles:u,1144864,100.00,,
     0.197615604,1729372,,instructions:u,1144832,100.00,,
     0.198761897,86203,,branch-misses:u,1145728,100.00,,
     0.198761897,0,,cache-misses:u,1145760,100.00,,
     0.198761897,1525046,,bus-cycles:u,1145760,100.00,,
     0.198761897,1718598,,instructions:u,1145792,100.00,,
     0.199908542,86467,,branch-misses:u,1146048,100.00,,
     0.199908542,0,,cache-misses:u,1146080,100.00,,
     0.199908542,1529364,,bus-cycles:u,1146080,100.00,,
     0.199908542,1721150,,instructions:u,1146112,100.00,,
     0.201053906,86254,,branch-misses:u,1144672,100.00,,
     0.201053906,0,,cache-misses:u,1144736,100.00,,
     0.201053906,1527715,,bus-cycles:u,1144704,100.00,,
     0.201053906,1717310,,instructions:u,1144704,100.00,,
     0.202201000,85842,,branch-misses:u,1146688,100.00,,
     0.202201000,0,,cache-misses:u,1146592,100.00,,
     0.202201000,1525437,,bus-cycles:u,1146560,100.00,,
     0.202201000,1720960,,instructions:u,1146592,100.00,,
     0.203347581,86388,,branch-misses:u,1145920,100.00,,
     0.203347581,0,,cache-misses:u,1145888,100.00,,
     0.203347581,1528318,,bus-cycles:u,1145920,100.00,,
     0.203347581,1730210,,instructions:u,1145920,100.00,,
     0.204493106,86105,,branch-misses:u,1144896,100.00,,
     0.204493106,0,,cache-misses:u,1144896,100.00,,
     0.204493106,1526643,,bus-cycles:u,1144864,100.00,,
     0.204493106,1719600,,instructions:u,1144864,100.00,,
     0.205638150,85959,,branch-misses:u,1144288,100.00,,
     0.205638150,0,,cache-misses:u,1144288,100.00,,
     0.205638150,1526050,,bus-cycles:u,1144352,100.00,,
     0.205638150,1724090,,instructions:u,1144288,100.00,,
     0.206783835,85821,,branch-misses:u,1145792,100.00,,
     0.206783835,0,,cache-misses:u,1145856,100.00,,
     0.206783835,1523270,,bus-cycles:u,1145888,100.00,,
     0.206783835,1709600,,instructions:u,1145952,100.00,,
     0.207930448,86405,,branch-misses:u,1145696,100.00,,
     0.207930448,0,,cache-misses:u,1145696,100.00,,
     0.207930448,1528262,,bus-cycles:u,1145600,100.00,,
     0.207930448,1730260,,instructions:u,1145536,100.00,,
     0.209075236,86340,,branch-misses:u,1144160,100.00,,
     0.209075236,0,,cache-misses:u,1144128,100.00,,
     0.209075236,1526346,,bus-cycles:u,1144160,100.00,,
     0.209075236,1727040,,instructions:u,1144224,100.00,,
     0.210221689,86231,,branch-misses:u,1145952,100.00,,
     0.210221689,0,,cache-misses:u,1145984,100.00,,
     0.210221689,1524677,,bus-cycles:u,1145984,100.00,,
     0.210221689,1729690,,instructions:u,1146016,100.00,,
     0.211368526,85755,,branch-misses:u,1146304,100.00,,
     0.211368526,0,,cache-misses:u,1146368,100.00,,
     0.211368526,1529797,,bus-cycles:u,1146336,100.00,,
     0.211368526,1718320,,instructions:u,1146336,100.00,,
     0.212525577,86547,,branch-misses:u,1156672,100.00,,
     0.212525577,0,,cache-misses:u,1156896,100.00,,
     0.212525577,1544246,,bus-cycles:u,1156960,100.00,,
     0.212525577,1733760,,instructions:u,1156960,100.00,,
     0.213672606,86212,,branch-misses:u,1146176,100.00,,
     0.213672606,0,,cache-misses:u,1145888,100.00,,
     0.213672606,1528315,,bus-cycles:u,1145856,100.00,,
     0.213672606,1723280,,instructions:u,1145856,100.00,,
     0.214819635,85939,,branch-misses:u,1146784,100.00,,
     0.214819635,0,,cache-misses:u,1146784,100.00,,
     0.214819635,1524228,,bus-cycles:u,1146784,100.00,,
     0.214819635,1718060,,instructions:u,1146752,100.00,,
     0.215967433,86310,,branch-misses:u,1146944,100.00,,
     0.215967433,0,,cache-misses:u,1146912,100.00,,
     0.215967433,1529543,,bus-cycles:u,1147008,100.00,,
     0.215967433,1734130,,instructions:u,1147008,100.00,,
     0.217112957,86295,,branch-misses:u,1144992,100.00,,
     0.217112957,0,,cache-misses:u,1145024,100.00,,
     0.217112957,1526883,,bus-cycles:u,1144928,100.00,,
     0.217112957,1728050,,instructions:u,1144960,100.00,,
     0.218263445,86231,,branch-misses:u,1151520,100.00,,
     0.218263445,0,,cache-misses:u,1152576,100.00,,
     0.218263445,1525543,,bus-cycles:u,1152928,100.00,,
     0.218263445,1724281,,instructions:u,1153152,100.00,,
     0.219437623,86169,,branch-misses:u,1172672,100.00,,
     0.219437623,0,,cache-misses:u,1171904,100.00,,
     0.219437623,1562654,,bus-cycles:u,1171776,100.00,,
     0.219437623,1729017,,instructions:u,1171744,100.00,,
     0.220592977,86719,,branch-misses:u,1154720,100.00,,
     0.220592977,0,,cache-misses:u,1154656,100.00,,
     0.220592977,1539936,,bus-cycles:u,1154720,100.00,,
     0.220592977,1740052,,instructions:u,1154688,100.00,,
     0.221745257,82324,,branch-misses:u,1152000,100.00,,
     0.221745257,0,,cache-misses:u,1151968,100.00,,
     0.221745257,1461011,,bus-cycles:u,1151744,100.00,,
     0.221745257,1648840,,instructions:u,1151680,100.00,,
     0.222897344,86444,,branch-misses:u,1150752,100.00,,
     0.222897344,0,,cache-misses:u,1150752,100.00,,
     0.222897344,1527973,,bus-cycles:u,1150784,100.00,,
     0.222897344,1728770,,instructions:u,1150688,100.00,,
     0.224046103,86111,,branch-misses:u,1148032,100.00,,
     0.224046103,0,,cache-misses:u,1147840,100.00,,
     0.224046103,1531009,,bus-cycles:u,1147840,100.00,,
     0.224046103,1719400,,instructions:u,1147904,100.00,,
     0.225193740,86272,,branch-misses:u,1146976,100.00,,
     0.225193740,0,,cache-misses:u,1147008,100.00,,
     0.225193740,1529887,,bus-cycles:u,1146912,100.00,,
     0.225193740,1721890,,instructions:u,1146816,100.00,,
     0.226341922,85997,,branch-misses:u,1147712,100.00,,
     0.226341922,0,,cache-misses:u,1147744,100.00,,
     0.226341922,1527213,,bus-cycles:u,1147744,100.00,,
     0.226341922,1725030,,instructions:u,1147840,100.00,,
     0.227490808,86706,,branch-misses:u,1148224,100.00,,
     0.227490808,0,,cache-misses:u,1148224,100.00,,
     0.227490808,1532088,,bus-cycles:u,1148288,100.00,,
     0.227490808,1731120,,instructions:u,1148288,100.00,,
     0.228638030,86643,,branch-misses:u,1146688,100.00,,
     0.228638030,0,,cache-misses:u,1146656,100.00,,
     0.228638030,1530080,,bus-cycles:u,1146720,100.00,,
     0.228638030,1734870,,instructions:u,1146720,100.00,,
     0.229784931,86456,,branch-misses:u,1145920,100.00,,
     0.229784931,0,,cache-misses:u,1145856,100.00,,
     0.229784931,1528754,,bus-cycles:u,1145760,100.00,,
     0.229784931,1729632,,instructions:u,1145728,100.00,,
     0.230932505,85760,,branch-misses:u,1147808,100.00,,
     0.230932505,0,,cache-misses:u,1147904,100.00,,
     0.230932505,1526426,,bus-cycles:u,1147936,100.00,,
     0.230932505,1710938,,instructions:u,1148000,100.00,,
     0.232081327,86085,,branch-misses:u,1147808,100.00,,
     0.232081327,0,,cache-misses:u,1147648,100.00,,
     0.232081327,1531173,,bus-cycles:u,1147648,100.00,,
     0.232081327,1727900,,instructions:u,1147584,100.00,,
     0.233228356,86196,,branch-misses:u,1146464,100.00,,
     0.233228356,0,,cache-misses:u,1146432,100.00,,
     0.233228356,1529490,,bus-cycles:u,1146368,100.00,,
     0.233228356,1724240,,instructions:u,1146400,100.00,,
     0.234387648,86997,,branch-misses:u,1159040,100.00,,
     0.234387648,0,,cache-misses:u,1159616,100.00,,
     0.234387648,1542221,,bus-cycles:u,1159776,100.00,,
     0.234387648,1732070,,instructions:u,1159776,100.00,,
     0.235538679,86632,,branch-misses:u,1150208,100.00,,
     0.235538679,0,,cache-misses:u,1149728,100.00,,
     0.235538679,1533943,,bus-cycles:u,1149664,100.00,,
     0.235538679,1731850,,instructions:u,1149632,100.00,,
     0.236685196,86346,,branch-misses:u,1145856,100.00,,
     0.236685196,0,,cache-misses:u,1146144,100.00,,
     0.236685196,1528384,,bus-cycles:u,1146048,100.00,,
     0.236685196,1724100,,instructions:u,1146016,100.00,,
     0.237832514,86028,,branch-misses:u,1146560,100.00,,
     0.237832514,0,,cache-misses:u,1146400,100.00,,
     0.237832514,1529660,,bus-cycles:u,1146560,100.00,,
     0.237832514,1714210,,instructions:u,1146624,100.00,,
     0.238979767,85466,,branch-misses:u,1147328,100.00,,
     0.238979767,0,,cache-misses:u,1147424,100.00,,
     0.238979767,1520917,,bus-cycles:u,1147360,100.00,,
     0.238979767,1709150,,instructions:u,1147392,100.00,,
     0.240130222,86684,,branch-misses:u,1149472,100.00,,
     0.240130222,0,,cache-misses:u,1149280,100.00,,
     0.240130222,1533361,,bus-cycles:u,1149184,100.00,,
     0.240130222,1731450,,instructions:u,1149088,100.00,,
     0.241278788,86043,,branch-misses:u,1147744,100.00,,
     0.241278788,0,,cache-misses:u,1147808,100.00,,
     0.241278788,1531633,,bus-cycles:u,1147808,100.00,,
     0.241278788,1713930,,instructions:u,1147808,100.00,,
     0.242425625,85926,,branch-misses:u,1146560,100.00,,
     0.242425625,0,,cache-misses:u,1146592,100.00,,
     0.242425625,1525260,,bus-cycles:u,1146560,100.00,,
     0.242425625,1719050,,instructions:u,1146560,100.00,,
     0.243573359,86123,,branch-misses:u,1147232,100.00,,
     0.243573359,0,,cache-misses:u,1147136,100.00,,
     0.243573359,1530874,,bus-cycles:u,1147168,100.00,,
     0.243573359,1718660,,instructions:u,1147104,100.00,,
     0.244721349,85921,,branch-misses:u,1147360,100.00,,
     0.244721349,0,,cache-misses:u,1147456,100.00,,
     0.244721349,1531594,,bus-cycles:u,1147488,100.00,,
     0.244721349,1716570,,instructions:u,1147520,100.00,,
     0.245868442,86469,,branch-misses:u,1146496,100.00,,
     0.245868442,0,,cache-misses:u,1146432,100.00,,
     0.245868442,1529443,,bus-cycles:u,1146336,100.00,,
     0.245868442,1732020,,instructions:u,1146336,100.00,,
     0.247016912,85952,,branch-misses:u,1148256,100.00,,
     0.247016912,0,,cache-misses:u,1148320,100.00,,
     0.247016912,1527171,,bus-cycles:u,1148384,100.00,,
     0.247016912,1714238,,instructions:u,1148384,100.00,,
     0.248165766,86302,,branch-misses:u,1148000,100.00,,
     0.248165766,0,,cache-misses:u,1147872,100.00,,
     0.248165766,1531350,,bus-cycles:u,1147872,100.00,,
     0.248165766,1728282,,instructions:u,1147904,100.00,,
     0.249312732,86209,,branch-misses:u,1146048,100.00,,
     0.249312732,0,,cache-misses:u,1146080,100.00,,
     0.249312732,1528545,,bus-cycles:u,1146048,100.00,,
     0.249312732,1721620,,instructions:u,1146016,100.00,,
     0.250461298,86317,,branch-misses:u,1148352,100.00,,
     0.250461298,0,,cache-misses:u,1148256,100.00,,
     0.250461298,1526666,,bus-cycles:u,1148320,100.00,,
     0.250461298,1723940,,instructions:u,1148320,100.00,,
     0.251609192,86592,,branch-misses:u,1147232,100.00,,
     0.251609192,0,,cache-misses:u,1147328,100.00,,
     0.251609192,1530668,,bus-cycles:u,1147264,100.00,,
     0.251609192,1731380,,instructions:u,1147264,100.00,,
     0.252756477,86414,,branch-misses:u,1146752,100.00,,
     0.252756477,0,,cache-misses:u,1146752,100.00,,
     0.252756477,1530135,,bus-cycles:u,1146816,100.00,,
     0.252756477,1733140,,instructions:u,1146784,100.00,,
     0.253903346,84681,,branch-misses:u,1145984,100.00,,
     0.253903346,0,,cache-misses:u,1145888,100.00,,
     0.253903346,1529217,,bus-cycles:u,1145824,100.00,,
     0.253903346,1698740,,instructions:u,1145920,100.00,,
     0.255060365,87186,,branch-misses:u,1157120,100.00,,
     0.255060365,0,,cache-misses:u,1157184,100.00,,
     0.255060365,1538941,,bus-cycles:u,1157184,100.00,,
     0.255060365,1745650,,instructions:u,1157152,100.00,,
     0.256208899,86208,,branch-misses:u,1147648,100.00,,
     0.256208899,0,,cache-misses:u,1147680,100.00,,
     0.256208899,1531426,,bus-cycles:u,1147776,100.00,,
     0.256208899,1730252,,instructions:u,1147744,100.00,,
     0.257356056,86377,,branch-misses:u,1146496,100.00,,
     0.257356056,0,,cache-misses:u,1146464,100.00,,
     0.257356056,1529524,,bus-cycles:u,1146464,100.00,,
     0.257356056,1725338,,instructions:u,1146464,100.00,,
     0.258503694,86336,,branch-misses:u,1147296,100.00,,
     0.258503694,0,,cache-misses:u,1147392,100.00,,
     0.258503694,1526832,,bus-cycles:u,1147360,100.00,,
     0.258503694,1724860,,instructions:u,1147392,100.00,,
     0.259650531,86408,,branch-misses:u,1146176,100.00,,
     0.259650531,0,,cache-misses:u,1146176,100.00,,
     0.259650531,1529370,,bus-cycles:u,1146048,100.00,,
     0.259650531,1738250,,instructions:u,1146016,100.00,,
     0.260798073,86625,,branch-misses:u,1146880,100.00,,
     0.260798073,0,,cache-misses:u,1146816,100.00,,
     0.260798073,1530912,,bus-cycles:u,1146944,100.00,,
     0.260798073,1737700,,instructions:u,1146912,100.00,,
     0.261945006,85837,,branch-misses:u,1146304,100.00,,
     0.261945006,0,,cache-misses:u,1146368,100.00,,
     0.261945006,1529891,,bus-cycles:u,1146336,100.00,,
     0.261945006,1721870,,instructions:u,1146368,100.00,,
     0.263092355,86142,,branch-misses:u,1146944,100.00,,
     0.263092355,0,,cache-misses:u,1146912,100.00,,
     0.263092355,1525952,,bus-cycles:u,1146880,100.00,,
     0.263092355,1728466,,instructions:u,1146912,100.00,,
     0.264240185,86707,,branch-misses:u,1147232,100.00,,
     0.264240185,0,,cache-misses:u,1147232,100.00,,
     0.264240185,1531140,,bus-cycles:u,1147264,100.00,,
     0.264240185,1732654,,instructions:u,1147264,100.00,,
     0.265386638,86377,,branch-misses:u,1145824,100.00,,
     0.265386638,0,,cache-misses:u,1145920,100.00,,
     0.265386638,1529656,,bus-cycles:u,1145952,100.00,,
     0.265386638,1726140,,instructions:u,1145984,100.00,,
     0.266533507,86223,,branch-misses:u,1146464,100.00,,
     0.266533507,0,,cache-misses:u,1146432,100.00,,
     0.266533507,1524578,,bus-cycles:u,1146432,100.00,,
     0.266533507,1731090,,instructions:u,1146432,100.00,,
     0.267681049,85630,,branch-misses:u,1146912,100.00,,
     0.267681049,0,,cache-misses:u,1146880,100.00,,
     0.267681049,1531087,,bus-cycles:u,1146848,100.00,,
     0.267681049,1706730,,instructions:u,1146848,100.00,,
     0.268827790,86181,,branch-misses:u,1145888,100.00,,
     0.268827790,0,,cache-misses:u,1145856,100.00,,
     0.268827790,1529126,,bus-cycles:u,1145888,100.00,,
     0.268827790,1723370,,instructions:u,1145792,100.00,,
     0.269972835,86328,,branch-misses:u,1144352,100.00,,
     0.269972835,0,,cache-misses:u,1144288,100.00,,
     0.269972835,1527687,,bus-cycles:u,1144256,100.00,,
     0.269972835,1723770,,instructions:u,1144320,100.00,,
     0.271119384,86106,,branch-misses:u,1146720,100.00,,
     0.271119384,0,,cache-misses:u,1146848,100.00,,
     0.271119384,1525076,,bus-cycles:u,1146848,100.00,,
     0.271119384,1722356,,instructions:u,1146880,100.00,,
     0.272267085,86393,,branch-misses:u,1146720,100.00,,
     0.272267085,0,,cache-misses:u,1146752,100.00,,
     0.272267085,1531022,,bus-cycles:u,1146720,100.00,,
     0.272267085,1732034,,instructions:u,1146656,100.00,,
     0.273413186,86113,,branch-misses:u,1145312,100.00,,
     0.273413186,0,,cache-misses:u,1145184,100.00,,
     0.273413186,1528315,,bus-cycles:u,1145280,100.00,,
     0.273413186,1730410,,instructions:u,1145280,100.00,,
     0.274560119,86202,,branch-misses:u,1146720,100.00,,
     0.274560119,0,,cache-misses:u,1146816,100.00,,
     0.274560119,1526143,,bus-cycles:u,1146784,100.00,,
     0.274560119,1722970,,instructions:u,1146848,100.00,,
     0.275721332,86895,,branch-misses:u,1160960,100.00,,
     0.275721332,0,,cache-misses:u,1160864,100.00,,
     0.275721332,1548770,,bus-cycles:u,1160896,100.00,,
     0.275721332,1738560,,instructions:u,1160864,100.00,,
     0.276869866,86427,,branch-misses:u,1147584,100.00,,
     0.276869866,0,,cache-misses:u,1147680,100.00,,
     0.276869866,1530859,,bus-cycles:u,1147680,100.00,,
     0.276869866,1731820,,instructions:u,1147712,100.00,,
     0.278016671,86245,,branch-misses:u,1146208,100.00,,
     0.278016671,0,,cache-misses:u,1146304,100.00,,
     0.278016671,1528809,,bus-cycles:u,1146208,100.00,,
     0.278016671,1719790,,instructions:u,1146208,100.00,,
     0.279163989,86424,,branch-misses:u,1147136,100.00,,
     0.279163989,0,,cache-misses:u,1147008,100.00,,
     0.279163989,1525268,,bus-cycles:u,1147072,100.00,,
     0.279163989,1725740,,instructions:u,1147072,100.00,,
     0.280312811,86325,,branch-misses:u,1147872,100.00,,
     0.280312811,0,,cache-misses:u,1147968,100.00,,
     0.280312811,1531316,,bus-cycles:u,1147936,100.00,,
     0.280312811,1732110,,instructions:u,1147872,100.00,,
     0.281458880,86401,,branch-misses:u,1145472,100.00,,
     0.281458880,0,,cache-misses:u,1145344,100.00,,
     0.281458880,1527278,,bus-cycles:u,1145376,100.00,,
     0.281458880,1717570,,instructions:u,1145408,100.00,,
     0.282604404,81825,,branch-misses:u,1115136,100.00,,
     0.282604404,0,,cache-misses:u,1115488,100.00,,
     0.282604404,1456094,,bus-cycles:u,1115584,100.00,,
     0.282604404,1642780,,instructions:u,1115680,100.00,,
     0.283758509,86551,,branch-misses:u,1152160,100.00,,
     0.283758509,0,,cache-misses:u,1151648,100.00,,
     0.283758509,1536465,,bus-cycles:u,1151552,100.00,,
     0.283758509,1732330,,instructions:u,1151456,100.00,,
     0.284905186,85663,,branch-misses:u,1146016,100.00,,
     0.284905186,0,,cache-misses:u,1146176,100.00,,
     0.284905186,1528974,,bus-cycles:u,1146144,100.00,,
     0.284905186,1721700,,instructions:u,1146144,100.00,,
     0.286052344,85639,,branch-misses:u,1146464,100.00,,
     0.286052344,0,,cache-misses:u,1146496,100.00,,
     0.286052344,1528946,,bus-cycles:u,1146528,100.00,,
     0.286052344,1717470,,instructions:u,1146560,100.00,,
     0.287210258,86316,,branch-misses:u,1157824,100.00,,
     0.287210258,0,,cache-misses:u,1157920,100.00,,
     0.287210258,1536166,,bus-cycles:u,1157888,100.00,,
     0.287210258,1726330,,instructions:u,1157824,100.00,,
     0.288358216,85712,,branch-misses:u,1147040,100.00,,
     0.288358216,0,,cache-misses:u,1146912,100.00,,
     0.288358216,1529760,,bus-cycles:u,1146944,100.00,,
     0.288358216,1718970,,instructions:u,1146976,100.00,,
     0.289505534,86499,,branch-misses:u,1146688,100.00,,
     0.289505534,0,,cache-misses:u,1146720,100.00,,
     0.289505534,1529602,,bus-cycles:u,1146688,100.00,,
     0.289505534,1730780,,instructions:u,1146688,100.00,,
     0.290652915,86134,,branch-misses:u,1147264,100.00,,
     0.290652915,0,,cache-misses:u,1147136,100.00,,
     0.290652915,1524575,,bus-cycles:u,1147168,100.00,,
     0.290652915,1722890,,instructions:u,1147136,100.00,,
     0.291800841,86051,,branch-misses:u,1146944,100.00,,
     0.291800841,0,,cache-misses:u,1147104,100.00,,
     0.291800841,1529307,,bus-cycles:u,1147136,100.00,,
     0.291800841,1714800,,instructions:u,1147168,100.00,,
     0.292947070,86015,,branch-misses:u,1145632,100.00,,
     0.292947070,0,,cache-misses:u,1145536,100.00,,
     0.292947070,1527437,,bus-cycles:u,1145472,100.00,,
     0.292947070,1721580,,instructions:u,1145440,100.00,,
     0.294093651,86105,,branch-misses:u,1146016,100.00,,
     0.294093651,0,,cache-misses:u,1146048,100.00,,
     0.294093651,1529041,,bus-cycles:u,1146112,100.00,,
     0.294093651,1724120,,instructions:u,1146144,100.00,,
     0.295249132,86028,,branch-misses:u,1155392,100.00,,
     0.295249132,0,,cache-misses:u,1155712,100.00,,
     0.295249132,1535533,,bus-cycles:u,1155680,100.00,,
     0.295249132,1729570,,instructions:u,1155680,100.00,,
     0.296397506,84719,,branch-misses:u,1147360,100.00,,
     0.296397506,0,,cache-misses:u,1147008,100.00,,
     0.296397506,1530137,,bus-cycles:u,1147008,100.00,,
     0.296397506,1694230,,instructions:u,1146976,100.00,,
     0.297555485,86350,,branch-misses:u,1157568,100.00,,
     0.297555485,0,,cache-misses:u,1157856,100.00,,
     0.297555485,1543644,,bus-cycles:u,1157824,100.00,,
     0.297555485,1735494,,instructions:u,1157888,100.00,,
     0.298705300,85815,,branch-misses:u,1149472,100.00,,
     0.298705300,0,,cache-misses:u,1149344,100.00,,
     0.298705300,1527767,,bus-cycles:u,1149344,100.00,,
     0.298705300,1718866,,instructions:u,1149376,100.00,,
     0.299854922,86588,,branch-misses:u,1148672,100.00,,
     0.299854922,0,,cache-misses:u,1148512,100.00,,
     0.299854922,1532329,,bus-cycles:u,1148512,100.00,,
     0.299854922,1729880,,instructions:u,1148480,100.00,,
     0.301002432,86441,,branch-misses:u,1147008,100.00,,
     0.301002432,0,,cache-misses:u,1147040,100.00,,
     0.301002432,1529587,,bus-cycles:u,1147072,100.00,,
     0.301002432,1730080,,instructions:u,1147040,100.00,,
     0.302150966,86160,,branch-misses:u,1148160,100.00,,
     0.302150966,0,,cache-misses:u,1148128,100.00,,
     0.302150966,1525127,,bus-cycles:u,1148128,100.00,,
     0.302150966,1722270,,instructions:u,1148128,100.00,,
     0.303301197,86638,,branch-misses:u,1149312,100.00,,
     0.303301197,0,,cache-misses:u,1149376,100.00,,
     0.303301197,1532585,,bus-cycles:u,1149376,100.00,,
     0.303301197,1725138,,instructions:u,1149376,100.00,,
     0.304448931,85963,,branch-misses:u,1147200,100.00,,
     0.304448931,0,,cache-misses:u,1147232,100.00,,
     0.304448931,1529838,,bus-cycles:u,1147232,100.00,,
     0.304448931,1718604,,instructions:u,1147264,100.00,,
     0.305597017,86356,,branch-misses:u,1147552,100.00,,
     0.305597017,0,,cache-misses:u,1147552,100.00,,
     0.305597017,1530486,,bus-cycles:u,1147584,100.00,,
     0.305597017,1736478,,instructions:u,1147552,100.00,,
     0.306746319,86034,,branch-misses:u,1148736,100.00,,
     0.306746319,0,,cache-misses:u,1148608,100.00,,
     0.306746319,1526164,,bus-cycles:u,1148608,100.00,,
     0.306746319,1725120,,instructions:u,1148608,100.00,,
     0.307896102,86663,,branch-misses:u,1149280,100.00,,
     0.307896102,0,,cache-misses:u,1149216,100.00,,
     0.307896102,1532662,,bus-cycles:u,1149216,100.00,,
     0.307896102,1735060,,instructions:u,1149184,100.00,,
     0.309044220,86655,,branch-misses:u,1147392,100.00,,
     0.309044220,0,,cache-misses:u,1147616,100.00,,
     0.309044220,1530901,,bus-cycles:u,1147552,100.00,,
     0.309044220,1737070,,instructions:u,1147520,100.00,,
     0.310192754,86038,,branch-misses:u,1148256,100.00,,
     0.310192754,0,,cache-misses:u,1148256,100.00,,
     0.310192754,1526200,,bus-cycles:u,1148288,100.00,,
     0.310192754,1727690,,instructions:u,1148352,100.00,,
     0.311341256,86512,,branch-misses:u,1147680,100.00,,
     0.311341256,0,,cache-misses:u,1147584,100.00,,
     0.311341256,1531002,,bus-cycles:u,1147584,100.00,,
     0.311341256,1728740,,instructions:u,1147584,100.00,,
     0.312489534,86346,,branch-misses:u,1147584,100.00,,
     0.312489534,0,,cache-misses:u,1147584,100.00,,
     0.312489534,1530938,,bus-cycles:u,1147584,100.00,,
     0.312489534,1728230,,instructions:u,1147552,100.00,,
     0.313637011,86162,,branch-misses:u,1147072,100.00,,
     0.313637011,0,,cache-misses:u,1147072,100.00,,
     0.313637011,1530244,,bus-cycles:u,1147008,100.00,,
     0.313637011,1723480,,instructions:u,1147008,100.00,,
     0.314784873,85745,,branch-misses:u,1147648,100.00,,
     0.314784873,0,,cache-misses:u,1147680,100.00,,
     0.314784873,1525548,,bus-cycles:u,1147840,100.00,,
     0.314784873,1711576,,instructions:u,1147744,100.00,,
     0.315934111,86228,,branch-misses:u,1148352,100.00,,
     0.315934111,0,,cache-misses:u,1148256,100.00,,
     0.315934111,1532037,,bus-cycles:u,1148160,100.00,,
     0.315934111,1728824,,instructions:u,1148320,100.00,,
     0.317082037,86699,,branch-misses:u,1147264,100.00,,
     0.317082037,0,,cache-misses:u,1147328,100.00,,
     0.317082037,1530750,,bus-cycles:u,1147264,100.00,,
     0.317082037,1734010,,instructions:u,1147168,100.00,,
     0.318239824,86959,,branch-misses:u,1157536,100.00,,
     0.318239824,0,,cache-misses:u,1157536,100.00,,
     0.318239824,1539724,,bus-cycles:u,1157568,100.00,,
     0.318239824,1732770,,instructions:u,1157664,100.00,,
     0.319389318,86274,,branch-misses:u,1148640,100.00,,
     0.319389318,0,,cache-misses:u,1148736,100.00,,
     0.319389318,1532663,,bus-cycles:u,1148832,100.00,,
     0.319389318,1729540,,instructions:u,1148800,100.00,,
     0.320538397,86295,,branch-misses:u,1148576,100.00,,
     0.320538397,0,,cache-misses:u,1148448,100.00,,
     0.320538397,1532038,,bus-cycles:u,1148448,100.00,,
     0.320538397,1725830,,instructions:u,1148480,100.00,,
     0.321686098,86202,,branch-misses:u,1147136,100.00,,
     0.321686098,0,,cache-misses:u,1147264,100.00,,
     0.321686098,1530233,,bus-cycles:u,1147200,100.00,,
     0.321686098,1723120,,instructions:u,1147168,100.00,,
     0.322835017,86024,,branch-misses:u,1148416,100.00,,
     0.322835017,0,,cache-misses:u,1148288,100.00,,
     0.322835017,1527571,,bus-cycles:u,1148256,100.00,,
     0.322835017,1716910,,instructions:u,1148288,100.00,,
     0.323984063,81703,,branch-misses:u,1149024,100.00,,
     0.323984063,0,,cache-misses:u,1149120,100.00,,
     0.323984063,1451580,,bus-cycles:u,1149184,100.00,,
     0.323984063,1641960,,instructions:u,1149152,100.00,,
     0.325133269,85574,,branch-misses:u,1148096,100.00,,
     0.325133269,0,,cache-misses:u,1148000,100.00,,
     0.325133269,1530314,,bus-cycles:u,1148000,100.00,,
     0.325133269,1711278,,instructions:u,1148000,100.00,,
     0.326282316,85911,,branch-misses:u,1148736,100.00,,
     0.326282316,0,,cache-misses:u,1148800,100.00,,
     0.326282316,1525994,,bus-cycles:u,1148800,100.00,,
     0.326282316,1718692,,instructions:u,1148800,100.00,,
     0.327432098,85895,,branch-misses:u,1148864,100.00,,
     0.327432098,0,,cache-misses:u,1149056,100.00,,
     0.327432098,1532949,,bus-cycles:u,1149024,100.00,,
     0.327432098,1721380,,instructions:u,1149024,100.00,,
     0.328580472,86595,,branch-misses:u,1147744,100.00,,
     0.328580472,0,,cache-misses:u,1147520,100.00,,
     0.328580472,1530548,,bus-cycles:u,1147456,100.00,,
     0.328580472,1726380,,instructions:u,1147488,100.00,,
     0.329727950,85672,,branch-misses:u,1146944,100.00,,
     0.329727950,0,,cache-misses:u,1147008,100.00,,
     0.329727950,1529836,,bus-cycles:u,1147072,100.00,,
     0.329727950,1719100,,instructions:u,1147040,100.00,,
     0.330876132,85843,,branch-misses:u,1147968,100.00,,
     0.330876132,0,,cache-misses:u,1147872,100.00,,
     0.330876132,1526030,,bus-cycles:u,1147936,100.00,,
     0.330876132,1714830,,instructions:u,1147904,100.00,,
     0.332025915,86335,,branch-misses:u,1148832,100.00,,
     0.332025915,0,,cache-misses:u,1148864,100.00,,
     0.332025915,1532403,,bus-cycles:u,1148832,100.00,,
     0.332025915,1726440,,instructions:u,1148896,100.00,,
     0.333173424,86408,,branch-misses:u,1146976,100.00,,
     0.333173424,0,,cache-misses:u,1146976,100.00,,
     0.333173424,1529441,,bus-cycles:u,1146880,100.00,,
     0.333173424,1719070,,instructions:u,1146880,100.00,,
     0.334322727,85587,,branch-misses:u,1148832,100.00,,
     0.334322727,0,,cache-misses:u,1148896,100.00,,
     0.334322727,1527740,,bus-cycles:u,1148960,100.00,,
     0.334322727,1712790,,instructions:u,1148928,100.00,,
     0.335472189,86177,,branch-misses:u,1148736,100.00,,
     0.335472189,0,,cache-misses:u,1148576,100.00,,
     0.335472189,1531095,,bus-cycles:u,1148608,100.00,,
     0.335472189,1729130,,instructions:u,1148608,100.00,,
     0.336620275,85868,,branch-misses:u,1147520,100.00,,
     0.336620275,0,,cache-misses:u,1147616,100.00,,
     0.336620275,1530741,,bus-cycles:u,1147552,100.00,,
     0.336620275,1717270,,instructions:u,1147520,100.00,,
     0.337767496,86183,,branch-misses:u,1146752,100.00,,
     0.337767496,0,,cache-misses:u,1146816,100.00,,
     0.337767496,1530012,,bus-cycles:u,1146880,100.00,,
     0.337767496,1723458,,instructions:u,1146880,100.00,,
     0.338927076,86839,,branch-misses:u,1159584,100.00,,
     0.338927076,0,,cache-misses:u,1159488,100.00,,
     0.338927076,1540510,,bus-cycles:u,1159456,100.00,,
     0.338927076,1736592,,instructions:u,1159552,100.00,,
     0.340078011,86153,,branch-misses:u,1149856,100.00,,
     0.340078011,0,,cache-misses:u,1150080,100.00,,
     0.340078011,1533873,,bus-cycles:u,1150048,100.00,,
     0.340078011,1719761,,instructions:u,1150016,100.00,,
     0.341226129,85646,,branch-misses:u,1147488,100.00,,
     0.341226129,0,,cache-misses:u,1147328,100.00,,
     0.341226129,1530825,,bus-cycles:u,1147392,100.00,,
     0.341226129,1710875,,instructions:u,1147328,100.00,,
     0.342374823,85745,,branch-misses:u,1148448,100.00,,
     0.342374823,0,,cache-misses:u,1148384,100.00,,
     0.342374823,1526649,,bus-cycles:u,1148384,100.00,,
     0.342374823,1720518,,instructions:u,1148384,100.00,,
     0.343524190,86435,,branch-misses:u,1148416,100.00,,
     0.343524190,0,,cache-misses:u,1148608,100.00,,
     0.343524190,1532406,,bus-cycles:u,1148544,100.00,,
     0.343524190,1732156,,instructions:u,1148576,100.00,,
     0.344672051,86552,,branch-misses:u,1147392,100.00,,
     0.344672051,0,,cache-misses:u,1147168,100.00,,
     0.344672051,1530813,,bus-cycles:u,1147232,100.00,,
     0.344672051,1736790,,instructions:u,1147232,100.00,,
     0.345820233,86662,,branch-misses:u,1147680,100.00,,
     0.345820233,0,,cache-misses:u,1147712,100.00,,
     0.345820233,1530866,,bus-cycles:u,1147680,100.00,,
     0.345820233,1735110,,instructions:u,1147712,100.00,,
     0.346968928,85854,,branch-misses:u,1148192,100.00,,
     0.346968928,0,,cache-misses:u,1148256,100.00,,
     0.346968928,1526267,,bus-cycles:u,1148256,100.00,,
     0.346968928,1722000,,instructions:u,1148192,100.00,,
     0.348117622,86631,,branch-misses:u,1147904,100.00,,
     0.348117622,0,,cache-misses:u,1147968,100.00,,
     0.348117622,1531848,,bus-cycles:u,1147968,100.00,,
     0.348117622,1730621,,instructions:u,1148032,100.00,,
     0.349266124,86166,,branch-misses:u,1147968,100.00,,
     0.349266124,0,,cache-misses:u,1147808,100.00,,
     0.349266124,1531483,,bus-cycles:u,1147808,100.00,,
     0.349266124,1730659,,instructions:u,1147808,100.00,,
     0.350414978,86394,,branch-misses:u,1148704,100.00,,
     0.350414978,0,,cache-misses:u,1148736,100.00,,
     0.350414978,1526286,,bus-cycles:u,1148800,100.00,,
     0.350414978,1727260,,instructions:u,1148800,100.00,,
     0.351564312,86629,,branch-misses:u,1148416,100.00,,
     0.351564312,0,,cache-misses:u,1148480,100.00,,
     0.351564312,1533087,,bus-cycles:u,1148352,100.00,,
     0.351564312,1730234,,instructions:u,1148352,100.00,,
     0.352712334,86259,,branch-misses:u,1147488,100.00,,
     0.352712334,0,,cache-misses:u,1147456,100.00,,
     0.352712334,1531644,,bus-cycles:u,1147552,100.00,,
     0.352712334,1714266,,instructions:u,1147488,100.00,,
     0.353860420,86323,,branch-misses:u,1147488,100.00,,
     0.353860420,0,,cache-misses:u,1147456,100.00,,
     0.353860420,1530977,,bus-cycles:u,1147456,100.00,,
     0.353860420,1722570,,instructions:u,1147488,100.00,,
     0.355009018,86197,,branch-misses:u,1148128,100.00,,
     0.355009018,0,,cache-misses:u,1148064,100.00,,
     0.355009018,1528203,,bus-cycles:u,1148096,100.00,,
     0.355009018,1725940,,instructions:u,1148032,100.00,,
     0.356158481,86536,,branch-misses:u,1148800,100.00,,
     0.356158481,0,,cache-misses:u,1148864,100.00,,
     0.356158481,1532999,,bus-cycles:u,1148832,100.00,,
     0.356158481,1733070,,instructions:u,1148960,100.00,,
     0.357306407,86437,,branch-misses:u,1147328,100.00,,
     0.357306407,0,,cache-misses:u,1147456,100.00,,
     0.357306407,1531005,,bus-cycles:u,1147424,100.00,,
     0.357306407,1727360,,instructions:u,1147392,100.00,,
     0.358455069,86349,,branch-misses:u,1148416,100.00,,
     0.358455069,0,,cache-misses:u,1148288,100.00,,
     0.358455069,1526427,,bus-cycles:u,1148320,100.00,,
     0.358455069,1730230,,instructions:u,1148256,100.00,,
     0.359604147,86465,,branch-misses:u,1148288,100.00,,
     0.359604147,0,,cache-misses:u,1148256,100.00,,
     0.359604147,1531733,,bus-cycles:u,1148256,100.00,,
     0.359604147,1735640,,instructions:u,1148288,100.00,,
     0.360764367,87367,,branch-misses:u,1159776,100.00,,
     0.360764367,0,,cache-misses:u,1160224,100.00,,
     0.360764367,1547750,,bus-cycles:u,1160160,100.00,,
     0.360764367,1740564,,instructions:u,1160192,100.00,,
     0.361913765,86526,,branch-misses:u,1148672,100.00,,
     0.361913765,0,,cache-misses:u,1148544,100.00,,
     0.361913765,1532675,,bus-cycles:u,1148608,100.00,,
     0.361913765,1733816,,instructions:u,1148576,100.00,,
     0.363062844,86017,,branch-misses:u,1148832,100.00,,
     0.363062844,0,,cache-misses:u,1148544,100.00,,
     0.363062844,1522565,,bus-cycles:u,1148576,100.00,,
     0.363062844,1718740,,instructions:u,1148544,100.00,,
     0.364212434,86158,,branch-misses:u,1148576,100.00,,
     0.364212434,0,,cache-misses:u,1148672,100.00,,
     0.364212434,1531708,,bus-cycles:u,1148544,100.00,,
     0.364212434,1725300,,instructions:u,1148608,100.00,,
     0.365360744,86094,,branch-misses:u,1147808,100.00,,
     0.365360744,0,,cache-misses:u,1147808,100.00,,
     0.365360744,1530353,,bus-cycles:u,1147904,100.00,,
     0.365360744,1722470,,instructions:u,1147904,100.00,,
     0.366510111,86068,,branch-misses:u,1148800,100.00,,
     0.366510111,0,,cache-misses:u,1148768,100.00,,
     0.366510111,1525439,,bus-cycles:u,1148768,100.00,,
     0.366510111,1726560,,instructions:u,1148800,100.00,,
     0.367659477,86225,,branch-misses:u,1148736,100.00,,
     0.367659477,0,,cache-misses:u,1148704,100.00,,
     0.367659477,1531924,,bus-cycles:u,1148704,100.00,,
     0.367659477,1721900,,instructions:u,1148640,100.00,,
     0.368807627,86125,,branch-misses:u,1147616,100.00,,
     0.368807627,0,,cache-misses:u,1147648,100.00,,
     0.368807627,1530787,,bus-cycles:u,1147648,100.00,,
     0.368807627,1716100,,instructions:u,1147648,100.00,,
     0.369955937,86468,,branch-misses:u,1147744,100.00,,
     0.369955937,0,,cache-misses:u,1147616,100.00,,
     0.369955937,1530414,,bus-cycles:u,1147648,100.00,,
     0.369955937,1728900,,instructions:u,1147680,100.00,,
     0.371105272,86273,,branch-misses:u,1148832,100.00,,
     0.371105272,0,,cache-misses:u,1148960,100.00,,
     0.371105272,1527705,,bus-cycles:u,1148928,100.00,,
     0.371105272,1725150,,instructions:u,1148960,100.00,,
     0.372254126,86218,,branch-misses:u,1148192,100.00,,
     0.372254126,0,,cache-misses:u,1148352,100.00,,
     0.372254126,1531366,,bus-cycles:u,1148384,100.00,,
     0.372254126,1721890,,instructions:u,1148320,100.00,,
     0.373401475,85194,,branch-misses:u,1146400,100.00,,
     0.373401475,0,,cache-misses:u,1146208,100.00,,
     0.373401475,1528311,,bus-cycles:u,1146144,100.00,,
     0.373401475,1694450,,instructions:u,1146176,100.00,,
     0.374547512,85877,,branch-misses:u,1145888,100.00,,
     0.374547512,0,,cache-misses:u,1145920,100.00,,
     0.374547512,1523519,,bus-cycles:u,1146272,100.00,,
     0.374547512,1713140,,instructions:u,1146336,100.00,,
     0.375697487,86303,,branch-misses:u,1149472,100.00,,
     0.375697487,0,,cache-misses:u,1149440,100.00,,
     0.375697487,1533414,,bus-cycles:u,1149088,100.00,,
     0.375697487,1730920,,instructions:u,1149024,100.00,,
     0.376844356,86082,,branch-misses:u,1145824,100.00,,
     0.376844356,0,,cache-misses:u,1145824,100.00,,
     0.376844356,1528381,,bus-cycles:u,1145856,100.00,,
     0.376844356,1713900,,instructions:u,1145760,100.00,,
     0.377990809,86190,,branch-misses:u,1145920,100.00,,
     0.377990809,0,,cache-misses:u,1145856,100.00,,
     0.377990809,1528346,,bus-cycles:u,1145856,100.00,,
     0.377990809,1726570,,instructions:u,1145888,100.00,,
     0.379139599,86235,,branch-misses:u,1149056,100.00,,
     0.379139599,0,,cache-misses:u,1149376,100.00,,
     0.379139599,1528227,,bus-cycles:u,1149472,100.00,,
     0.379139599,1726810,,instructions:u,1149600,100.00,,
     0.380290823,86350,,branch-misses:u,1150304,100.00,,
     0.380290823,0,,cache-misses:u,1150080,100.00,,
     0.380290823,1533542,,bus-cycles:u,1149920,100.00,,
     0.380290823,1727176,,instructions:u,1149824,100.00,,
     0.381449602,87452,,branch-misses:u,1158368,100.00,,
     0.381449602,0,,cache-misses:u,1158304,100.00,,
     0.381449602,1545020,,bus-cycles:u,1158368,100.00,,
     0.381449602,1746914,,instructions:u,1158336,100.00,,
     0.382599513,85997,,branch-misses:u,1149184,100.00,,
     0.382599513,0,,cache-misses:u,1149248,100.00,,
     0.382599513,1527550,,bus-cycles:u,1149184,100.00,,
     0.382599513,1728560,,instructions:u,1149248,100.00,,
     0.383748911,85604,,branch-misses:u,1148768,100.00,,
     0.383748911,0,,cache-misses:u,1148704,100.00,,
     0.383748911,1531903,,bus-cycles:u,1148704,100.00,,
     0.383748911,1710251,,instructions:u,1148640,100.00,,
     0.384896421,86465,,branch-misses:u,1146976,100.00,,
     0.384896421,0,,cache-misses:u,1146976,100.00,,
     0.384896421,1530103,,bus-cycles:u,1147008,100.00,,
     0.384896421,1728849,,instructions:u,1146976,100.00,,
     0.386043706,85523,,branch-misses:u,1146656,100.00,,
     0.386043706,0,,cache-misses:u,1146560,100.00,,
     0.386043706,1529759,,bus-cycles:u,1146560,100.00,,
     0.386043706,1715950,,instructions:u,1146592,100.00,,
     0.387202517,86666,,branch-misses:u,1158688,100.00,,
     0.387202517,0,,cache-misses:u,1158912,100.00,,
     0.387202517,1540278,,bus-cycles:u,1158944,100.00,,
     0.387202517,1734510,,instructions:u,1159008,100.00,,
     0.388351116,85908,,branch-misses:u,1147584,100.00,,
     0.388351116,0,,cache-misses:u,1147392,100.00,,
     0.388351116,1529945,,bus-cycles:u,1147360,100.00,,
     0.388351116,1721334,,instructions:u,1147328,100.00,,
     0.389498817,86167,,branch-misses:u,1147104,100.00,,
     0.389498817,0,,cache-misses:u,1147072,100.00,,
     0.389498817,1529626,,bus-cycles:u,1147104,100.00,,
     0.389498817,1720586,,instructions:u,1147072,100.00,,
     0.390646679,85908,,branch-misses:u,1147680,100.00,,
     0.390646679,0,,cache-misses:u,1147872,100.00,,
     0.390646679,1525796,,bus-cycles:u,1147808,100.00,,
     0.390646679,1713430,,instructions:u,1147840,100.00,,
     0.391795277,86226,,branch-misses:u,1147712,100.00,,
     0.391795277,0,,cache-misses:u,1147648,100.00,,
     0.391795277,1530644,,bus-cycles:u,1147712,100.00,,
     0.391795277,1721310,,instructions:u,1147680,100.00,,
     0.392942691,86068,,branch-misses:u,1146880,100.00,,
     0.392942691,0,,cache-misses:u,1146816,100.00,,
     0.392942691,1528246,,bus-cycles:u,1146848,100.00,,
     0.392942691,1727140,,instructions:u,1146848,100.00,,
     0.394090104,86188,,branch-misses:u,1146496,100.00,,
     0.394090104,0,,cache-misses:u,1146624,100.00,,
     0.394090104,1529115,,bus-cycles:u,1146560,100.00,,
     0.394090104,1720880,,instructions:u,1146560,100.00,,
     0.395244785,86304,,branch-misses:u,1154912,100.00,,
     0.395244785,0,,cache-misses:u,1154752,100.00,,
     0.395244785,1534963,,bus-cycles:u,1154752,100.00,,
     0.395244785,1725110,,instructions:u,1154816,100.00,,
     0.396392743,86301,,branch-misses:u,1146912,100.00,,
     0.396392743,0,,cache-misses:u,1147008,100.00,,
     0.396392743,1530037,,bus-cycles:u,1146976,100.00,,
     0.396392743,1731160,,instructions:u,1146912,100.00,,
     0.397540285,86306,,branch-misses:u,1146976,100.00,,
     0.397540285,0,,cache-misses:u,1146944,100.00,,
     0.397540285,1530014,,bus-cycles:u,1146976,100.00,,
     0.397540285,1727460,,instructions:u,1147008,100.00,,
     0.398688659,86057,,branch-misses:u,1148192,100.00,,
     0.398688659,0,,cache-misses:u,1148256,100.00,,
     0.398688659,1526483,,bus-cycles:u,1148288,100.00,,
     0.398688659,1719810,,instructions:u,1148320,100.00,,
     0.399838121,86432,,branch-misses:u,1148096,100.00,,
     0.399838121,0,,cache-misses:u,1148128,100.00,,
     0.399838121,1531472,,bus-cycles:u,1148096,100.00,,
     0.399838121,1732120,,instructions:u,1148096,100.00,,
     0.400985118,86337,,branch-misses:u,1146848,100.00,,
     0.400985118,0,,cache-misses:u,1146752,100.00,,
     0.400985118,1529632,,bus-cycles:u,1146752,100.00,,
     0.400985118,1730330,,instructions:u,1146688,100.00,,
     0.402136534,86061,,branch-misses:u,1151008,100.00,,
     0.402136534,0,,cache-misses:u,1151136,100.00,,
     0.402136534,1530284,,bus-cycles:u,1151200,100.00,,
     0.402136534,1721600,,instructions:u,1151232,100.00,,
     0.403296818,87348,,branch-misses:u,1159712,100.00,,
     0.403296818,0,,cache-misses:u,1159648,100.00,,
     0.403296818,1546377,,bus-cycles:u,1159520,100.00,,
     0.403296818,1744350,,instructions:u,1159552,100.00,,
     0.404445512,86026,,branch-misses:u,1148096,100.00,,
     0.404445512,0,,cache-misses:u,1148064,100.00,,
     0.404445512,1531200,,bus-cycles:u,1148160,100.00,,
     0.404445512,1725430,,instructions:u,1148128,100.00,,
     0.405593342,86263,,branch-misses:u,1147104,100.00,,
     0.405593342,0,,cache-misses:u,1147104,100.00,,
     0.405593342,1529533,,bus-cycles:u,1147104,100.00,,
     0.405593342,1721380,,instructions:u,1147072,100.00,,
     0.406742004,86120,,branch-misses:u,1148256,100.00,,
     0.406742004,0,,cache-misses:u,1148224,100.00,,
     0.406742004,1524581,,bus-cycles:u,1148256,100.00,,
     0.406742004,1723060,,instructions:u,1148352,100.00,,
     0.407891050,86690,,branch-misses:u,1148288,100.00,,
     0.407891050,0,,cache-misses:u,1148256,100.00,,
     0.407891050,1531878,,bus-cycles:u,1148192,100.00,,
     0.407891050,1730590,,instructions:u,1148128,100.00,,
     0.409039264,86757,,branch-misses:u,1147296,100.00,,
     0.409039264,0,,cache-misses:u,1147328,100.00,,
     0.409039264,1530963,,bus-cycles:u,1147328,100.00,,
     0.409039264,1726400,,instructions:u,1147264,100.00,,
     0.410186518,86182,,branch-misses:u,1147104,100.00,,
     0.410186518,0,,cache-misses:u,1147104,100.00,,
     0.410186518,1525455,,bus-cycles:u,1147168,100.00,,
     0.410186518,1720550,,instructions:u,1147136,100.00,,
     0.411335980,86539,,branch-misses:u,1148896,100.00,,
     0.411335980,0,,cache-misses:u,1148896,100.00,,
     0.411335980,1532294,,bus-cycles:u,1148832,100.00,,
     0.411335980,1728800,,instructions:u,1148928,100.00,,
     0.412484258,86416,,branch-misses:u,1147296,100.00,,
     0.412484258,0,,cache-misses:u,1147424,100.00,,
     0.412484258,1529885,,bus-cycles:u,1147488,100.00,,
     0.412484258,1726150,,instructions:u,1147424,100.00,,
     0.413631447,85983,,branch-misses:u,1147104,100.00,,
     0.413631447,0,,cache-misses:u,1147104,100.00,,
     0.413631447,1529787,,bus-cycles:u,1147136,100.00,,
     0.413631447,1720720,,instructions:u,1147136,100.00,,
     0.414779757,86305,,branch-misses:u,1148032,100.00,,
     0.414779757,0,,cache-misses:u,1147936,100.00,,
     0.414779757,1524938,,bus-cycles:u,1147840,100.00,,
     0.414779757,1721030,,instructions:u,1147936,100.00,,
     0.415928740,86437,,branch-misses:u,1148064,100.00,,
     0.415928740,0,,cache-misses:u,1148032,100.00,,
     0.415928740,1531168,,bus-cycles:u,1148064,100.00,,
     0.415928740,1720670,,instructions:u,1148064,100.00,,
     0.417075993,86523,,branch-misses:u,1146720,100.00,,
     0.417075993,0,,cache-misses:u,1146688,100.00,,
     0.417075993,1529471,,bus-cycles:u,1146688,100.00,,
     0.417075993,1722690,,instructions:u,1146656,100.00,,
     0.418224367,86189,,branch-misses:u,1148064,100.00,,
     0.418224367,0,,cache-misses:u,1148096,100.00,,
     0.418224367,1526129,,bus-cycles:u,1148032,100.00,,
     0.418224367,1723530,,instructions:u,1148064,100.00,,
     0.419373702,86474,,branch-misses:u,1148352,100.00,,
     0.419373702,0,,cache-misses:u,1148512,100.00,,
     0.419373702,1532734,,bus-cycles:u,1148544,100.00,,
     0.419373702,1732270,,instructions:u,1148480,100.00,,
     0.420520699,86435,,branch-misses:u,1146272,100.00,,
     0.420520699,0,,cache-misses:u,1146144,100.00,,
     0.420520699,1529496,,bus-cycles:u,1146176,100.00,,
     0.420520699,1725500,,instructions:u,1146176,100.00,,
     0.421666896,85959,,branch-misses:u,1145984,100.00,,
     0.421666896,0,,cache-misses:u,1146016,100.00,,
     0.421666896,1528778,,bus-cycles:u,1146016,100.00,,
     0.421666896,1716100,,instructions:u,1146016,100.00,,
     0.422814566,85648,,branch-misses:u,1147072,100.00,,
     0.422814566,0,,cache-misses:u,1147008,100.00,,
     0.422814566,1525584,,bus-cycles:u,1147008,100.00,,
     0.422814566,1711180,,instructions:u,1147072,100.00,,
     0.423977379,87393,,branch-misses:u,1162272,100.00,,
     0.423977379,0,,cache-misses:u,1162336,100.00,,
     0.423977379,1549921,,bus-cycles:u,1162336,100.00,,
     0.423977379,1751670,,instructions:u,1162336,100.00,,
     0.425126201,86238,,branch-misses:u,1148160,100.00,,
     0.425126201,0,,cache-misses:u,1148064,100.00,,
     0.425126201,1531038,,bus-cycles:u,1148096,100.00,,
     0.425126201,1720860,,instructions:u,1148096,100.00,,
     0.426274063,86495,,branch-misses:u,1147264,100.00,,
     0.426274063,0,,cache-misses:u,1147392,100.00,,
     0.426274063,1526487,,bus-cycles:u,1147296,100.00,,
     0.426274063,1727680,,instructions:u,1147264,100.00,,
     0.427422341,81919,,branch-misses:u,1148256,100.00,,
     0.427422341,0,,cache-misses:u,1148288,100.00,,
     0.427422341,1457877,,bus-cycles:u,1148384,100.00,,
     0.427422341,1637870,,instructions:u,1148384,100.00,,
     0.428570843,86121,,branch-misses:u,1147424,100.00,,
     0.428570843,0,,cache-misses:u,1147360,100.00,,
     0.428570843,1529828,,bus-cycles:u,1147360,100.00,,
     0.428570843,1728280,,instructions:u,1147360,100.00,,
     0.429718160,85649,,branch-misses:u,1146784,100.00,,
     0.429718160,0,,cache-misses:u,1146784,100.00,,
     0.429718160,1529558,,bus-cycles:u,1146784,100.00,,
     0.429718160,1718490,,instructions:u,1146816,100.00,,
     0.430866726,85814,,branch-misses:u,1148384,100.00,,
     0.430866726,0,,cache-misses:u,1148320,100.00,,
     0.430866726,1526634,,bus-cycles:u,1148288,100.00,,
     0.430866726,1722621,,instructions:u,1148256,100.00,,
     0.432016317,85139,,branch-misses:u,1148544,100.00,,
     0.432016317,0,,cache-misses:u,1148608,100.00,,
     0.432016317,1532495,,bus-cycles:u,1148576,100.00,,
     0.432016317,1705149,,instructions:u,1148608,100.00,,
     0.433164723,86456,,branch-misses:u,1147840,100.00,,
     0.433164723,0,,cache-misses:u,1147904,100.00,,
     0.433164723,1531312,,bus-cycles:u,1147872,100.00,,
     0.433164723,1730520,,instructions:u,1147776,100.00,,
     0.434312809,85746,,branch-misses:u,1147584,100.00,,
     0.434312809,0,,cache-misses:u,1147424,100.00,,
     0.434312809,1525459,,bus-cycles:u,1147456,100.00,,
     0.434312809,1711000,,instructions:u,1147552,100.00,,
     0.435461247,86349,,branch-misses:u,1147456,100.00,,
     0.435461247,0,,cache-misses:u,1147456,100.00,,
     0.435461247,1530568,,bus-cycles:u,1147488,100.00,,
     0.435461247,1733192,,instructions:u,1147424,100.00,,
     0.436607476,85765,,branch-misses:u,1146080,100.00,,
     0.436607476,0,,cache-misses:u,1146176,100.00,,
     0.436607476,1529024,,bus-cycles:u,1146176,100.00,,
     0.436607476,1715158,,instructions:u,1146208,100.00,,
     0.437755177,85799,,branch-misses:u,1147136,100.00,,
     0.437755177,0,,cache-misses:u,1147072,100.00,,
     0.437755177,1529910,,bus-cycles:u,1147136,100.00,,
     0.437755177,1717800,,instructions:u,1147168,100.00,,
     0.438903615,86096,,branch-misses:u,1147968,100.00,,
     0.438903615,0,,cache-misses:u,1147968,100.00,,
     0.438903615,1527212,,bus-cycles:u,1147968,100.00,,
     0.438903615,1715268,,instructions:u,1147936,100.00,,
     0.440051861,86388,,branch-misses:u,1147648,100.00,,
     0.440051861,0,,cache-misses:u,1147744,100.00,,
     0.440051861,1530692,,bus-cycles:u,1147648,100.00,,
     0.440051861,1724762,,instructions:u,1147616,100.00,,
     0.441200043,86329,,branch-misses:u,1147616,100.00,,
     0.441200043,0,,cache-misses:u,1147552,100.00,,
     0.441200043,1530276,,bus-cycles:u,1147584,100.00,,
     0.441200043,1721960,,instructions:u,1147680,100.00,,
     0.442347201,85315,,branch-misses:u,1147104,100.00,,
     0.442347201,0,,cache-misses:u,1147232,100.00,,
     0.442347201,1516184,,bus-cycles:u,1147232,100.00,,
     0.442347201,1699110,,instructions:u,1147200,100.00,,
     0.443498040,86326,,branch-misses:u,1149824,100.00,,
     0.443498040,0,,cache-misses:u,1149792,100.00,,
     0.443498040,1533242,,bus-cycles:u,1149824,100.00,,
     0.443498040,1732740,,instructions:u,1149824,100.00,,
     0.444656019,87150,,branch-misses:u,1157344,100.00,,
     0.444656019,0,,cache-misses:u,1157344,100.00,,
     0.444656019,1543903,,bus-cycles:u,1157312,100.00,,
     0.444656019,1739940,,instructions:u,1157344,100.00,,
     0.445805449,86006,,branch-misses:u,1148832,100.00,,
     0.445805449,0,,cache-misses:u,1148704,100.00,,
     0.445805449,1532091,,bus-cycles:u,1148672,100.00,,
     0.445805449,1717160,,instructions:u,1148608,100.00,,
     0.446954719,86283,,branch-misses:u,1149184,100.00,,
     0.446954719,1,,cache-misses:u,1149312,100.00,,
     0.446954719,1527499,,bus-cycles:u,1149312,100.00,,
     0.446954719,1730020,,instructions:u,1149344,100.00,,
     0.448104118,86570,,branch-misses:u,1148320,100.00,,
     0.448104118,0,,cache-misses:u,1148192,100.00,,
     0.448104118,1532316,,bus-cycles:u,1148224,100.00,,
     0.448104118,1728000,,instructions:u,1148224,100.00,,
     0.449251275,86260,,branch-misses:u,1146592,100.00,,
     0.449251275,1,,cache-misses:u,1146688,100.00,,
     0.449251275,1529084,,bus-cycles:u,1146624,100.00,,
     0.449251275,1728950,,instructions:u,1146624,100.00,,
     0.450399873,86116,,branch-misses:u,1148192,100.00,,
     0.450399873,0,,cache-misses:u,1148192,100.00,,
     0.450399873,1526404,,bus-cycles:u,1148224,100.00,,
     0.450399873,1719000,,instructions:u,1148256,100.00,,
     0.451548920,86613,,branch-misses:u,1148352,100.00,,
     0.451548920,0,,cache-misses:u,1148256,100.00,,
     0.451548920,1531398,,bus-cycles:u,1148288,100.00,,
     0.451548920,1740110,,instructions:u,1148256,100.00,,
     0.452697166,86501,,branch-misses:u,1147680,100.00,,
     0.452697166,0,,cache-misses:u,1147712,100.00,,
     0.452697166,1530415,,bus-cycles:u,1147712,100.00,,
     0.452697166,1729450,,instructions:u,1147680,100.00,,
     0.453844547,86537,,branch-misses:u,1146816,100.00,,
     0.453844547,0,,cache-misses:u,1146848,100.00,,
     0.453844547,1530113,,bus-cycles:u,1146848,100.00,,
     0.453844547,1730970,,instructions:u,1146848,100.00,,
     0.454992857,86284,,branch-misses:u,1148064,100.00,,
     0.454992857,0,,cache-misses:u,1148096,100.00,,
     0.454992857,1526475,,bus-cycles:u,1148128,100.00,,
     0.454992857,1721330,,instructions:u,1148096,100.00,,
     0.456142416,86326,,branch-misses:u,1148640,100.00,,
     0.456142416,0,,cache-misses:u,1148576,100.00,,
     0.456142416,1532258,,bus-cycles:u,1148576,100.00,,
     0.456142416,1729460,,instructions:u,1148608,100.00,,
     0.457290149,86328,,branch-misses:u,1147104,100.00,,
     0.457290149,0,,cache-misses:u,1147168,100.00,,
     0.457290149,1529768,,bus-cycles:u,1147168,100.00,,
     0.457290149,1728201,,instructions:u,1147168,100.00,,
     0.458439132,86013,,branch-misses:u,1148832,100.00,,
     0.458439132,0,,cache-misses:u,1148768,100.00,,
     0.458439132,1525544,,bus-cycles:u,1148768,100.00,,
     0.458439132,1724559,,instructions:u,1148800,100.00,,
     0.459589971,86622,,branch-misses:u,1149952,100.00,,
     0.459589971,0,,cache-misses:u,1150048,100.00,,
     0.459589971,1533152,,bus-cycles:u,1150016,100.00,,
     0.459589971,1736490,,instructions:u,1150016,100.00,,
     0.460738569,86346,,branch-misses:u,1148096,100.00,,
     0.460738569,0,,cache-misses:u,1147968,100.00,,
     0.460738569,1531081,,bus-cycles:u,1148000,100.00,,
     0.460738569,1724480,,instructions:u,1148032,100.00,,
     0.461886687,85448,,branch-misses:u,1147520,100.00,,
     0.461886687,0,,cache-misses:u,1147552,100.00,,
     0.461886687,1530469,,bus-cycles:u,1147584,100.00,,
     0.461886687,1709380,,instructions:u,1147520,100.00,,
     0.463035893,86377,,branch-misses:u,1148992,100.00,,
     0.463035893,0,,cache-misses:u,1149056,100.00,,
     0.463035893,1527504,,bus-cycles:u,1149088,100.00,,
     0.463035893,1723670,,instructions:u,1149056,100.00,,
     0.464184620,86467,,branch-misses:u,1147808,100.00,,
     0.464184620,0,,cache-misses:u,1147680,100.00,,
     0.464184620,1530247,,bus-cycles:u,1147520,100.00,,
     0.464184620,1726990,,instructions:u,1147520,100.00,,
     0.465332449,86641,,branch-misses:u,1147296,100.00,,
     0.465332449,0,,cache-misses:u,1147424,100.00,,
     0.465332449,1530705,,bus-cycles:u,1147488,100.00,,
     0.465332449,1734240,,instructions:u,1147552,100.00,,
     0.466491068,87266,,branch-misses:u,1158368,100.00,,
     0.466491068,0,,cache-misses:u,1158368,100.00,,
     0.466491068,1541235,,bus-cycles:u,1158400,100.00,,
     0.466491068,1742080,,instructions:u,1158400,100.00,,
     0.467641203,86521,,branch-misses:u,1149216,100.00,,
     0.467641203,0,,cache-misses:u,1149120,100.00,,
     0.467641203,1533429,,bus-cycles:u,1149088,100.00,,
     0.467641203,1735490,,instructions:u,1149056,100.00,,
     0.468788713,86167,,branch-misses:u,1146912,100.00,,
     0.468788713,0,,cache-misses:u,1147072,100.00,,
     0.468788713,1530444,,bus-cycles:u,1147040,100.00,,
     0.468788713,1724840,,instructions:u,1147072,100.00,,
     0.469936062,85245,,branch-misses:u,1146784,100.00,,
     0.469936062,0,,cache-misses:u,1146912,100.00,,
     0.469936062,1529557,,bus-cycles:u,1147008,100.00,,
     0.469936062,1713380,,instructions:u,1146976,100.00,,
     0.471083764,85656,,branch-misses:u,1147488,100.00,,
     0.471083764,0,,cache-misses:u,1147392,100.00,,
     0.471083764,1524300,,bus-cycles:u,1147360,100.00,,
     0.471083764,1710612,,instructions:u,1147328,100.00,,
     0.472232842,85790,,branch-misses:u,1148064,100.00,,
     0.472232842,0,,cache-misses:u,1147904,100.00,,
     0.472232842,1531527,,bus-cycles:u,1147872,100.00,,
     0.472232842,1723268,,instructions:u,1147904,100.00,,
     0.473380000,86226,,branch-misses:u,1146656,100.00,,
     0.473380000,0,,cache-misses:u,1146752,100.00,,
     0.473380000,1530212,,bus-cycles:u,1146720,100.00,,
     0.473380000,1724400,,instructions:u,1146784,100.00,,
     0.474527701,85991,,branch-misses:u,1147200,100.00,,
     0.474527701,0,,cache-misses:u,1147136,100.00,,
     0.474527701,1525344,,bus-cycles:u,1147104,100.00,,
     0.474527701,1721620,,instructions:u,1147104,100.00,,
     0.475676556,85865,,branch-misses:u,1148320,100.00,,
     0.475676556,0,,cache-misses:u,1148416,100.00,,
     0.475676556,1532087,,bus-cycles:u,1148544,100.00,,
     0.475676556,1720871,,instructions:u,1148544,100.00,,
     0.476824962,85914,,branch-misses:u,1147424,100.00,,
     0.476824962,0,,cache-misses:u,1147264,100.00,,
     0.476824962,1529993,,bus-cycles:u,1147200,100.00,,
     0.476824962,1713489,,instructions:u,1147136,100.00,,
     0.477972823,86032,,branch-misses:u,1147616,100.00,,
     0.477972823,0,,cache-misses:u,1147680,100.00,,
     0.477972823,1530871,,bus-cycles:u,1147680,100.00,,
     0.477972823,1720640,,instructions:u,1147680,100.00,,
     0.479121197,85527,,branch-misses:u,1147904,100.00,,
     0.479121197,0,,cache-misses:u,1147968,100.00,,
     0.479121197,1525904,,bus-cycles:u,1148000,100.00,,
     0.479121197,1714010,,instructions:u,1148032,100.00,,
     0.480270980,85954,,branch-misses:u,1149152,100.00,,
     0.480270980,0,,cache-misses:u,1149024,100.00,,
     0.480270980,1532822,,bus-cycles:u,1148992,100.00,,
     0.480270980,1719570,,instructions:u,1148928,100.00,,
     0.481418970,85967,,branch-misses:u,1147072,100.00,,
     0.481418970,0,,cache-misses:u,1147296,100.00,,
     0.481418970,1531034,,bus-cycles:u,1147232,100.00,,
     0.481418970,1720000,,instructions:u,1147264,100.00,,
     0.482566800,86242,,branch-misses:u,1147968,100.00,,
     0.482566800,0,,cache-misses:u,1147904,100.00,,
     0.482566800,1526235,,bus-cycles:u,1148000,100.00,,
     0.482566800,1723920,,instructions:u,1148000,100.00,,
     0.483716422,86538,,branch-misses:u,1148672,100.00,,
     0.483716422,0,,cache-misses:u,1148672,100.00,,
     0.483716422,1531959,,bus-cycles:u,1148544,100.00,,
     0.483716422,1737136,,instructions:u,1148576,100.00,,
     0.484864028,86377,,branch-misses:u,1146688,100.00,,
     0.484864028,0,,cache-misses:u,1146656,100.00,,
     0.484864028,1529215,,bus-cycles:u,1146720,100.00,,
     0.484864028,1726554,,instructions:u,1146656,100.00,,
     0.486012306,85954,,branch-misses:u,1148128,100.00,,
     0.486012306,0,,cache-misses:u,1148032,100.00,,
     0.486012306,1532022,,bus-cycles:u,1148064,100.00,,
     0.486012306,1719910,,instructions:u,1148064,100.00,,
     0.487170509,86628,,branch-misses:u,1158336,100.00,,
     0.487170509,0,,cache-misses:u,1158304,100.00,,
     0.487170509,1536544,,bus-cycles:u,1158272,100.00,,
     0.487170509,1732200,,instructions:u,1158272,100.00,,
     0.488320675,86620,,branch-misses:u,1148832,100.00,,
     0.488320675,0,,cache-misses:u,1148864,100.00,,
     0.488320675,1532933,,bus-cycles:u,1148864,100.00,,
     0.488320675,1732700,,instructions:u,1148928,100.00,,
     0.489468761,86307,,branch-misses:u,1147552,100.00,,
     0.489468761,0,,cache-misses:u,1147648,100.00,,
     0.489468761,1530918,,bus-cycles:u,1147648,100.00,,
     0.489468761,1726910,,instructions:u,1147648,100.00,,
     0.490617007,85868,,branch-misses:u,1147744,100.00,,
     0.490617007,0,,cache-misses:u,1147616,100.00,,
     0.490617007,1525627,,bus-cycles:u,1147648,100.00,,
     0.490617007,1715930,,instructions:u,1147680,100.00,,
     0.491765958,86294,,branch-misses:u,1148352,100.00,,
     0.491765958,0,,cache-misses:u,1148416,100.00,,
     0.491765958,1531500,,bus-cycles:u,1148384,100.00,,
     0.491765958,1723470,,instructions:u,1148352,100.00,,
     0.492913499,86294,,branch-misses:u,1146912,100.00,,
     0.492913499,0,,cache-misses:u,1146976,100.00,,
     0.492913499,1529992,,bus-cycles:u,1146880,100.00,,
     0.492913499,1721412,,instructions:u,1146880,100.00,,
     0.494061009,85831,,branch-misses:u,1146944,100.00,,
     0.494061009,0,,cache-misses:u,1146784,100.00,,
     0.494061009,1529121,,bus-cycles:u,1146880,100.00,,
     0.494061009,1714918,,instructions:u,1146848,100.00,,
     0.495224942,86719,,branch-misses:u,1163840,100.00,,
     0.495224942,0,,cache-misses:u,1163968,100.00,,
     0.495224942,1546954,,bus-cycles:u,1163968,100.00,,
     0.495224942,1736430,,instructions:u,1163968,100.00,,
     0.496374277,86312,,branch-misses:u,1148352,100.00,,
     0.496374277,0,,cache-misses:u,1148384,100.00,,
     0.496374277,1531749,,bus-cycles:u,1148352,100.00,,
     0.496374277,1725471,,instructions:u,1148320,100.00,,
     0.497521882,85697,,branch-misses:u,1147008,100.00,,
     0.497521882,0,,cache-misses:u,1146912,100.00,,
     0.497521882,1529708,,bus-cycles:u,1146944,100.00,,
     0.497521882,1721429,,instructions:u,1146976,100.00,,
     0.498670000,85840,,branch-misses:u,1147872,100.00,,
     0.498670000,0,,cache-misses:u,1147904,100.00,,
     0.498670000,1525442,,bus-cycles:u,1147968,100.00,,
     0.498670000,1713080,,instructions:u,1148032,100.00,,
     0.499818695,86080,,branch-misses:u,1147456,100.00,,
     0.499818695,0,,cache-misses:u,1147360,100.00,,
     0.499818695,1531022,,bus-cycles:u,1147264,100.00,,
     0.499818695,1712740,,instructions:u,1147200,100.00,,
     0.500965532,86169,,branch-misses:u,1146240,100.00,,
     0.500965532,0,,cache-misses:u,1146304,100.00,,
     0.500965532,1530310,,bus-cycles:u,1146336,100.00,,
     0.500965532,1724310,,instructions:u,1146304,100.00,,
     0.502112369,86097,,branch-misses:u,1146624,100.00,,
     0.502112369,0,,cache-misses:u,1146624,100.00,,
     0.502112369,1530117,,bus-cycles:u,1146656,100.00,,
     0.502112369,1718000,,instructions:u,1146752,100.00,,
     0.503267050,86516,,branch-misses:u,1154528,100.00,,
     0.503267050,0,,cache-misses:u,1154624,100.00,,
     0.503267050,1535490,,bus-cycles:u,1154624,100.00,,
     0.503267050,1737540,,instructions:u,1154592,100.00,,
     0.504415040,86350,,branch-misses:u,1146944,100.00,,
     0.504415040,0,,cache-misses:u,1146848,100.00,,
     0.504415040,1530502,,bus-cycles:u,1146880,100.00,,
     0.504415040,1728880,,instructions:u,1146816,100.00,,
     0.505562614,86017,,branch-misses:u,1146656,100.00,,
     0.505562614,0,,cache-misses:u,1146752,100.00,,
     0.505562614,1529403,,bus-cycles:u,1146752,100.00,,
     0.505562614,1725970,,instructions:u,1146784,100.00,,
     0.506710763,86103,,branch-misses:u,1148288,100.00,,
     0.506710763,0,,cache-misses:u,1148224,100.00,,
     0.506710763,1526099,,bus-cycles:u,1148128,100.00,,
     0.506710763,1718270,,instructions:u,1148128,100.00,,
     0.507869927,86750,,branch-misses:u,1158464,100.00,,
     0.507869927,0,,cache-misses:u,1158848,100.00,,
     0.507869927,1545553,,bus-cycles:u,1158816,100.00,,
     0.507869927,1734050,,instructions:u,1158816,100.00,,
     0.509018589,85861,,branch-misses:u,1148096,100.00,,
     0.509018589,0,,cache-misses:u,1147680,100.00,,
     0.509018589,1530929,,bus-cycles:u,1147744,100.00,,
     0.509018589,1720280,,instructions:u,1147808,100.00,,
     0.510166323,85963,,branch-misses:u,1147328,100.00,,
     0.510166323,0,,cache-misses:u,1147424,100.00,,
     0.510166323,1525273,,bus-cycles:u,1147392,100.00,,
     0.510166323,1716480,,instructions:u,1147360,100.00,,
     0.511315305,86186,,branch-misses:u,1148064,100.00,,
     0.511315305,0,,cache-misses:u,1148032,100.00,,
     0.511315305,1531280,,bus-cycles:u,1148128,100.00,,
     0.511315305,1716810,,instructions:u,1148064,100.00,,
     0.512462718,86303,,branch-misses:u,1146464,100.00,,
     0.512462718,0,,cache-misses:u,1146400,100.00,,
     0.512462718,1528664,,bus-cycles:u,1146304,100.00,,
     0.512462718,1730130,,instructions:u,1146368,100.00,,
     0.513610644,86048,,branch-misses:u,1147808,100.00,,
     0.513610644,0,,cache-misses:u,1147744,100.00,,
     0.513610644,1531197,,bus-cycles:u,1147840,100.00,,
     0.513610644,1728170,,instructions:u,1147840,100.00,,
     0.514759210,86124,,branch-misses:u,1148000,100.00,,
     0.514759210,0,,cache-misses:u,1148128,100.00,,
     0.514759210,1525746,,bus-cycles:u,1148096,100.00,,
     0.514759210,1715910,,instructions:u,1148096,100.00,,
     0.515907712,85962,,branch-misses:u,1147872,100.00,,
     0.515907712,0,,cache-misses:u,1147808,100.00,,
     0.515907712,1530508,,bus-cycles:u,1147776,100.00,,
     0.515907712,1715160,,instructions:u,1147808,100.00,,
     0.517055126,85882,,branch-misses:u,1146848,100.00,,
     0.517055126,0,,cache-misses:u,1146912,100.00,,
     0.517055126,1529699,,bus-cycles:u,1146976,100.00,,
     0.517055126,1716590,,instructions:u,1146912,100.00,,
     0.518204044,86006,,branch-misses:u,1148416,100.00,,
     0.518204044,0,,cache-misses:u,1148352,100.00,,
     0.518204044,1526238,,bus-cycles:u,1148384,100.00,,
     0.518204044,1723580,,instructions:u,1148672,100.00,,
     0.519353347,86457,,branch-misses:u,1148672,100.00,,
     0.519353347,0,,cache-misses:u,1148704,100.00,,
     0.519353347,1531562,,bus-cycles:u,1148704,100.00,,
     0.519353347,1726520,,instructions:u,1148416,100.00,,
     0.520501048,86542,,branch-misses:u,1146848,100.00,,
     0.520501048,0,,cache-misses:u,1146880,100.00,,
     0.520501048,1529335,,bus-cycles:u,1146880,100.00,,
     0.520501048,1723140,,instructions:u,1146880,100.00,,
     0.521648462,85887,,branch-misses:u,1147136,100.00,,
     0.521648462,0,,cache-misses:u,1147008,100.00,,
     0.521648462,1529864,,bus-cycles:u,1146944,100.00,,
     0.521648462,1720140,,instructions:u,1146944,100.00,,
     0.522797156,85794,,branch-misses:u,1148160,100.00,,
     0.522797156,0,,cache-misses:u,1148128,100.00,,
     0.522797156,1527866,,bus-cycles:u,1148192,100.00,,
     0.522797156,1720290,,instructions:u,1148256,100.00,,
     0.523946714,86693,,branch-misses:u,1149024,100.00,,
     0.523946714,0,,cache-misses:u,1149088,100.00,,
     0.523946714,1532452,,bus-cycles:u,1149088,100.00,,
     0.523946714,1727820,,instructions:u,1149088,100.00,,
     0.525095056,86162,,branch-misses:u,1147680,100.00,,
     0.525095056,0,,cache-misses:u,1147776,100.00,,
     0.525095056,1530477,,bus-cycles:u,1147744,100.00,,
     0.525095056,1725910,,instructions:u,1147616,100.00,,
     0.526244135,84890,,branch-misses:u,1149056,100.00,,
     0.526244135,0,,cache-misses:u,1148960,100.00,,
     0.526244135,1526722,,bus-cycles:u,1148864,100.00,,
     0.526244135,1700650,,instructions:u,1148960,100.00,,
     0.527393437,86795,,branch-misses:u,1148288,100.00,,
     0.527393437,0,,cache-misses:u,1148224,100.00,,
     0.527393437,1531735,,bus-cycles:u,1148288,100.00,,
     0.527393437,1733000,,instructions:u,1148192,100.00,,
     0.528540499,86396,,branch-misses:u,1146464,100.00,,
     0.528540499,0,,cache-misses:u,1146592,100.00,,
     0.528540499,1528435,,bus-cycles:u,1146560,100.00,,
     0.528540499,1738750,,instructions:u,1146624,100.00,,
     0.529698253,86723,,branch-misses:u,1157376,100.00,,
     0.529698253,0,,cache-misses:u,1157632,100.00,,
     0.529698253,1543514,,bus-cycles:u,1157632,100.00,,
     0.529698253,1741930,,instructions:u,1157568,100.00,,
     0.530847556,85930,,branch-misses:u,1148896,100.00,,
     0.530847556,0,,cache-misses:u,1148896,100.00,,
     0.530847556,1526809,,bus-cycles:u,1148960,100.00,,
     0.530847556,1716250,,instructions:u,1149088,100.00,,
     0.531998107,82107,,branch-misses:u,1150016,100.00,,
     0.531998107,0,,cache-misses:u,1149664,100.00,,
     0.531998107,1457524,,bus-cycles:u,1149664,100.00,,
     0.531998107,1642280,,instructions:u,1149664,100.00,,
     0.533146769,86168,,branch-misses:u,1147744,100.00,,
     0.533146769,0,,cache-misses:u,1147776,100.00,,
     0.533146769,1530646,,bus-cycles:u,1147712,100.00,,
     0.533146769,1732850,,instructions:u,1147680,100.00,,
     0.534296744,86146,,branch-misses:u,1149728,100.00,,
     0.534296744,0,,cache-misses:u,1149696,100.00,,
     0.534296744,1527254,,bus-cycles:u,1149696,100.00,,
     0.534296744,1721680,,instructions:u,1149696,100.00,,
     0.535446366,85869,,branch-misses:u,1148736,100.00,,
     0.535446366,0,,cache-misses:u,1148960,100.00,,
     0.535446366,1531585,,bus-cycles:u,1149024,100.00,,
     0.535446366,1724730,,instructions:u,1148960,100.00,,
     0.536595797,86337,,branch-misses:u,1148832,100.00,,
     0.536595797,0,,cache-misses:u,1148736,100.00,,
     0.536595797,1532324,,bus-cycles:u,1148736,100.00,,
     0.536595797,1729540,,instructions:u,1148736,100.00,,
     0.537744267,86396,,branch-misses:u,1147936,100.00,,
     0.537744267,0,,cache-misses:u,1147936,100.00,,
     0.537744267,1530906,,bus-cycles:u,1147872,100.00,,
     0.537744267,1731376,,instructions:u,1147904,100.00,,
     0.538894562,85764,,branch-misses:u,1150144,100.00,,
     0.538894562,0,,cache-misses:u,1150016,100.00,,
     0.538894562,1527346,,bus-cycles:u,1150048,100.00,,
     0.538894562,1716724,,instructions:u,1150112,100.00,,
     0.540044216,85808,,branch-misses:u,1148544,100.00,,
     0.540044216,0,,cache-misses:u,1148608,100.00,,
     0.540044216,1531436,,bus-cycles:u,1148640,100.00,,
     0.540044216,1719596,,instructions:u,1148576,100.00,,
     0.541192494,86564,,branch-misses:u,1147808,100.00,,
     0.541192494,0,,cache-misses:u,1147968,100.00,,
     0.541192494,1530509,,bus-cycles:u,1147936,100.00,,
     0.541192494,1731394,,instructions:u,1147968,100.00,,
     0.542341253,85916,,branch-misses:u,1148512,100.00,,
     0.542341253,0,,cache-misses:u,1148352,100.00,,
     0.542341253,1524581,,bus-cycles:u,1148384,100.00,,
     0.542341253,1718860,,instructions:u,1148384,100.00,,
     0.543490363,86456,,branch-misses:u,1148160,100.00,,
     0.543490363,0,,cache-misses:u,1148320,100.00,,
     0.543490363,1530308,,bus-cycles:u,1148288,100.00,,
     0.543490363,1726180,,instructions:u,1148352,100.00,,
     0.544638257,86227,,branch-misses:u,1147072,100.00,,
     0.544638257,0,,cache-misses:u,1146976,100.00,,
     0.544638257,1528903,,bus-cycles:u,1147008,100.00,,
     0.544638257,1730010,,instructions:u,1146912,100.00,,
     0.545785702,86355,,branch-misses:u,1146944,100.00,,
     0.545785702,0,,cache-misses:u,1146880,100.00,,
     0.545785702,1528484,,bus-cycles:u,1146912,100.00,,
     0.545785702,1725770,,instructions:u,1146880,100.00,,
     0.546934877,86003,,branch-misses:u,1148992,100.00,,
     0.546934877,0,,cache-misses:u,1148960,100.00,,
     0.546934877,1527035,,bus-cycles:u,1148928,100.00,,
     0.546934877,1712568,,instructions:u,1148960,100.00,,
     0.548084691,86259,,branch-misses:u,1148800,100.00,,
     0.548084691,0,,cache-misses:u,1148800,100.00,,
     0.548084691,1531824,,bus-cycles:u,1148800,100.00,,
     0.548084691,1727602,,instructions:u,1148832,100.00,,
     0.549232265,85959,,branch-misses:u,1147328,100.00,,
     0.549232265,0,,cache-misses:u,1147424,100.00,,
     0.549232265,1529437,,bus-cycles:u,1147360,100.00,,
     0.549232265,1715800,,instructions:u,1147360,100.00,,
     0.550392101,87236,,branch-misses:u,1159968,100.00,,
     0.550392101,0,,cache-misses:u,1159904,100.00,,
     0.550392101,1540938,,bus-cycles:u,1159872,100.00,,
     0.550392101,1743120,,instructions:u,1159872,100.00,,
     0.551542972,85821,,branch-misses:u,1149600,100.00,,
     0.551542972,0,,cache-misses:u,1149664,100.00,,
     0.551542972,1532408,,bus-cycles:u,1149696,100.00,,
     0.551542972,1714820,,instructions:u,1149664,100.00,,
     0.552690033,86292,,branch-misses:u,1146464,100.00,,
     0.552690033,0,,cache-misses:u,1146272,100.00,,
     0.552690033,1528238,,bus-cycles:u,1146304,100.00,,
     0.552690033,1724850,,instructions:u,1146272,100.00,,
     0.553837287,86462,,branch-misses:u,1146752,100.00,,
     0.553837287,0,,cache-misses:u,1146944,100.00,,
     0.553837287,1529728,,bus-cycles:u,1146912,100.00,,
     0.553837287,1730410,,instructions:u,1146976,100.00,,
     0.554985725,86059,,branch-misses:u,1148224,100.00,,
     0.554985725,0,,cache-misses:u,1148128,100.00,,
     0.554985725,1523759,,bus-cycles:u,1148160,100.00,,
     0.554985725,1721650,,instructions:u,1148128,100.00,,
     0.556134419,86759,,branch-misses:u,1147744,100.00,,
     0.556134419,0,,cache-misses:u,1147936,100.00,,
     0.556134419,1531226,,bus-cycles:u,1147872,100.00,,
     0.556134419,1732680,,instructions:u,1147872,100.00,,
     0.557282249,85683,,branch-misses:u,1146880,100.00,,
     0.557282249,0,,cache-misses:u,1146656,100.00,,
     0.557282249,1529955,,bus-cycles:u,1146688,100.00,,
     0.557282249,1710750,,instructions:u,1146656,100.00,,
     0.558430783,85996,,branch-misses:u,1148608,100.00,,
     0.558430783,0,,cache-misses:u,1148672,100.00,,
     0.558430783,1526630,,bus-cycles:u,1148672,100.00,,
     0.558430783,1723620,,instructions:u,1148736,100.00,,
     0.559579381,86475,,branch-misses:u,1147712,100.00,,
     0.559579381,0,,cache-misses:u,1147712,100.00,,
     0.559579381,1530085,,bus-cycles:u,1147712,100.00,,
     0.559579381,1730990,,instructions:u,1147648,100.00,,
     0.560726858,86338,,branch-misses:u,1146912,100.00,,
     0.560726858,0,,cache-misses:u,1146880,100.00,,
     0.560726858,1529766,,bus-cycles:u,1146880,100.00,,
     0.560726858,1727790,,instructions:u,1146880,100.00,,
     0.561873760,86018,,branch-misses:u,1146048,100.00,,
     0.561873760,0,,cache-misses:u,1146016,100.00,,
     0.561873760,1528284,,bus-cycles:u,1146016,100.00,,
     0.561873760,1720680,,instructions:u,1146048,100.00,,
     0.563022005,86219,,branch-misses:u,1148160,100.00,,
     0.563022005,0,,cache-misses:u,1148320,100.00,,
     0.563022005,1526784,,bus-cycles:u,1148352,100.00,,
     0.563022005,1722750,,instructions:u,1148352,100.00,,
     0.564171404,86842,,branch-misses:u,1148672,100.00,,
     0.564171404,0,,cache-misses:u,1148608,100.00,,
     0.564171404,1532928,,bus-cycles:u,1148640,100.00,,
     0.564171404,1731210,,instructions:u,1148608,100.00,,
     0.565318818,86501,,branch-misses:u,1146528,100.00,,
     0.565318818,0,,cache-misses:u,1146464,100.00,,
     0.565318818,1529805,,bus-cycles:u,1146368,100.00,,
     0.565318818,1730370,,instructions:u,1146432,100.00,,
     0.566467192,86213,,branch-misses:u,1148544,100.00,,
     0.566467192,0,,cache-misses:u,1148576,100.00,,
     0.566467192,1526563,,bus-cycles:u,1148640,100.00,,
     0.566467192,1727330,,instructions:u,1148640,100.00,,
     0.567616366,86503,,branch-misses:u,1148224,100.00,,
     0.567616366,0,,cache-misses:u,1148352,100.00,,
     0.567616366,1532320,,bus-cycles:u,1148352,100.00,,
     0.567616366,1726130,,instructions:u,1148320,100.00,,
     0.568765316,86014,,branch-misses:u,1148096,100.00,,
     0.568765316,0,,cache-misses:u,1147936,100.00,,
     0.568765316,1531663,,bus-cycles:u,1147872,100.00,,
     0.568765316,1721760,,instructions:u,1147872,100.00,,
     0.569912378,85823,,branch-misses:u,1146400,100.00,,
     0.569912378,0,,cache-misses:u,1146400,100.00,,
     0.569912378,1530281,,bus-cycles:u,1146496,100.00,,
     0.569912378,1723110,,instructions:u,1146496,100.00,,
     0.571070933,86950,,branch-misses:u,1158976,100.00,,
     0.571070933,0,,cache-misses:u,1159008,100.00,,
     0.571070933,1542426,,bus-cycles:u,1158912,100.00,,
     0.571070933,1738080,,instructions:u,1158944,100.00,,
     0.572222060,86043,,branch-misses:u,1149952,100.00,,
     0.572222060,0,,cache-misses:u,1149888,100.00,,
     0.572222060,1535025,,bus-cycles:u,1149952,100.00,,
     0.572222060,1722930,,instructions:u,1149888,100.00,,
     0.573369473,86119,,branch-misses:u,1146848,100.00,,
     0.573369473,0,,cache-misses:u,1147008,100.00,,
     0.573369473,1530144,,bus-cycles:u,1147008,100.00,,
     0.573369473,1725280,,instructions:u,1147008,100.00,,
     0.574518136,85976,,branch-misses:u,1148288,100.00,,
     0.574518136,0,,cache-misses:u,1148128,100.00,,
     0.574518136,1526829,,bus-cycles:u,1148128,100.00,,
     0.574518136,1722600,,instructions:u,1148224,100.00,,
     0.575666670,86457,,branch-misses:u,1147744,100.00,,
     0.575666670,0,,cache-misses:u,1147776,100.00,,
     0.575666670,1531192,,bus-cycles:u,1147808,100.00,,
     0.575666670,1724630,,instructions:u,1147712,100.00,,
     0.576813571,86220,,branch-misses:u,1146304,100.00,,
     0.576813571,0,,cache-misses:u,1146336,100.00,,
     0.576813571,1528359,,bus-cycles:u,1146304,100.00,,
     0.576813571,1724000,,instructions:u,1146336,100.00,,
     0.577960088,85688,,branch-misses:u,1146080,100.00,,
     0.577960088,0,,cache-misses:u,1146048,100.00,,
     0.577960088,1528781,,bus-cycles:u,1146016,100.00,,
     0.577960088,1716630,,instructions:u,1146016,100.00,,
     0.579108110,85733,,branch-misses:u,1147776,100.00,,
     0.579108110,0,,cache-misses:u,1147904,100.00,,
     0.579108110,1525391,,bus-cycles:u,1147968,100.00,,
     0.579108110,1713056,,instructions:u,1147936,100.00,,
     0.580257060,85937,,branch-misses:u,1147968,100.00,,
     0.580257060,0,,cache-misses:u,1147840,100.00,,
     0.580257060,1530676,,bus-cycles:u,1147808,100.00,,
     0.580257060,1716415,,instructions:u,1147840,100.00,,
     0.581404602,86323,,branch-misses:u,1147040,100.00,,
     0.581404602,0,,cache-misses:u,1147072,100.00,,
     0.581404602,1529283,,bus-cycles:u,1147040,100.00,,
     0.581404602,1722359,,instructions:u,1147136,100.00,,
     0.582553424,85748,,branch-misses:u,1148352,100.00,,
     0.582553424,0,,cache-misses:u,1148416,100.00,,
     0.582553424,1526898,,bus-cycles:u,1148416,100.00,,
     0.582553424,1716030,,instructions:u,1148288,100.00,,
     0.583702790,85939,,branch-misses:u,1148672,100.00,,
     0.583702790,0,,cache-misses:u,1148576,100.00,,
     0.583702790,1531889,,bus-cycles:u,1148576,100.00,,
     0.583702790,1716270,,instructions:u,1148608,100.00,,
     0.584849788,85866,,branch-misses:u,1146432,100.00,,
     0.584849788,0,,cache-misses:u,1146432,100.00,,
     0.584849788,1528459,,bus-cycles:u,1146496,100.00,,
     0.584849788,1718400,,instructions:u,1146496,100.00,,
     0.585998706,85979,,branch-misses:u,1148064,100.00,,
     0.585998706,0,,cache-misses:u,1148192,100.00,,
     0.585998706,1531233,,bus-cycles:u,1148160,100.00,,
     0.585998706,1722610,,instructions:u,1148096,100.00,,
     0.587148425,86093,,branch-misses:u,1149440,100.00,,
     0.587148425,0,,cache-misses:u,1149376,100.00,,
     0.587148425,1527494,,bus-cycles:u,1149312,100.00,,
     0.587148425,1723550,,instructions:u,1149408,100.00,,
     0.588297695,86354,,branch-misses:u,1148640,100.00,,
     0.588297695,0,,cache-misses:u,1148576,100.00,,
     0.588297695,1530847,,bus-cycles:u,1148640,100.00,,
     0.588297695,1727250,,instructions:u,1148608,100.00,,
     0.589445397,84768,,branch-misses:u,1146784,100.00,,
     0.589445397,0,,cache-misses:u,1146784,100.00,,
     0.589445397,1528799,,bus-cycles:u,1146752,100.00,,
     0.589445397,1690274,,instructions:u,1146720,100.00,,
     0.590593675,86196,,branch-misses:u,1148416,100.00,,
     0.590593675,0,,cache-misses:u,1148448,100.00,,
     0.590593675,1525678,,bus-cycles:u,1148448,100.00,,
     0.590593675,1722676,,instructions:u,1148480,100.00,,
     0.591743425,86475,,branch-misses:u,1148832,100.00,,
     0.591743425,0,,cache-misses:u,1148832,100.00,,
     0.591743425,1532777,,bus-cycles:u,1148832,100.00,,
     0.591743425,1727951,,instructions:u,1148832,100.00,,
     0.592900924,86596,,branch-misses:u,1157312,100.00,,
     0.592900924,0,,cache-misses:u,1157248,100.00,,
     0.592900924,1544137,,bus-cycles:u,1157280,100.00,,
     0.592900924,1731399,,instructions:u,1157280,100.00,,
     0.594049682,85913,,branch-misses:u,1147840,100.00,,
     0.594049682,0,,cache-misses:u,1147872,100.00,,
     0.594049682,1530924,,bus-cycles:u,1147840,100.00,,
     0.594049682,1721062,,instructions:u,1147840,100.00,,
     0.595209614,86668,,branch-misses:u,1159904,100.00,,
     0.595209614,0,,cache-misses:u,1160000,100.00,,
     0.595209614,1540746,,bus-cycles:u,1160064,100.00,,
     0.595209614,1728428,,instructions:u,1160064,100.00,,
     0.596358916,85228,,branch-misses:u,1148192,100.00,,
     0.596358916,0,,cache-misses:u,1148128,100.00,,
     0.596358916,1531435,,bus-cycles:u,1148032,100.00,,
     0.596358916,1709120,,instructions:u,1147968,100.00,,
     0.597506298,86467,,branch-misses:u,1146880,100.00,,
     0.597506298,0,,cache-misses:u,1146880,100.00,,
     0.597506298,1529640,,bus-cycles:u,1146880,100.00,,
     0.597506298,1727230,,instructions:u,1146944,100.00,,
     0.598655024,85839,,branch-misses:u,1148480,100.00,,
     0.598655024,0,,cache-misses:u,1148512,100.00,,
     0.598655024,1526489,,bus-cycles:u,1148480,100.00,,
     0.598655024,1719700,,instructions:u,1148448,100.00,,
     0.599803622,86143,,branch-misses:u,1147840,100.00,,
     0.599803622,0,,cache-misses:u,1147840,100.00,,
     0.599803622,1530566,,bus-cycles:u,1147904,100.00,,
     0.599803622,1715880,,instructions:u,1147936,100.00,,
     0.600952156,85802,,branch-misses:u,1147456,100.00,,
     0.600952156,0,,cache-misses:u,1147456,100.00,,
     0.600952156,1529758,,bus-cycles:u,1147488,100.00,,
     0.600952156,1716710,,instructions:u,1147456,100.00,,
     0.602100338,86008,,branch-misses:u,1147584,100.00,,
     0.602100338,0,,cache-misses:u,1147520,100.00,,
     0.602100338,1529844,,bus-cycles:u,1147520,100.00,,
     0.602100338,1715470,,instructions:u,1147552,100.00,,
     0.603256172,85563,,branch-misses:u,1156128,100.00,,
     0.603256172,0,,cache-misses:u,1156096,100.00,,
     0.603256172,1524272,,bus-cycles:u,1156096,100.00,,
     0.603256172,1714620,,instructions:u,1156128,100.00,,
     0.604404930,86528,,branch-misses:u,1147424,100.00,,
     0.604404930,0,,cache-misses:u,1147456,100.00,,
     0.604404930,1530216,,bus-cycles:u,1147456,100.00,,
     0.604404930,1726140,,instructions:u,1147392,100.00,,
     0.605553144,85973,,branch-misses:u,1147552,100.00,,
     0.605553144,0,,cache-misses:u,1147616,100.00,,
     0.605553144,1530677,,bus-cycles:u,1147552,100.00,,
     0.605553144,1720670,,instructions:u,1147552,100.00,,
     0.606701102,85966,,branch-misses:u,1148160,100.00,,
     0.606701102,0,,cache-misses:u,1148256,100.00,,
     0.606701102,1525689,,bus-cycles:u,1148320,100.00,,
     0.606701102,1714410,,instructions:u,1148384,100.00,,
     0.607851204,86053,,branch-misses:u,1148768,100.00,,
     0.607851204,0,,cache-misses:u,1148544,100.00,,
     0.607851204,1531796,,bus-cycles:u,1148544,100.00,,
     0.607851204,1715330,,instructions:u,1148512,100.00,,
     0.608998938,85843,,branch-misses:u,1147232,100.00,,
     0.608998938,0,,cache-misses:u,1147296,100.00,,
     0.608998938,1530396,,bus-cycles:u,1147168,100.00,,
     0.608998938,1724400,,instructions:u,1147168,100.00,,
     0.610147600,86244,,branch-misses:u,1148800,100.00,,
     0.610147600,0,,cache-misses:u,1148800,100.00,,
     0.610147600,1524547,,bus-cycles:u,1148928,100.00,,
     0.610147600,1721290,,instructions:u,1148960,100.00,,
     0.611297223,86119,,branch-misses:u,1148320,100.00,,
     0.611297223,0,,cache-misses:u,1148384,100.00,,
     0.611297223,1532119,,bus-cycles:u,1148352,100.00,,
     0.611297223,1724070,,instructions:u,1148320,100.00,,
     0.612444476,86125,,branch-misses:u,1147040,100.00,,
     0.612444476,0,,cache-misses:u,1146976,100.00,,
     0.612444476,1530390,,bus-cycles:u,1147072,100.00,,
     0.612444476,1722290,,instructions:u,1147008,100.00,,
     0.613602135,86938,,branch-misses:u,1157344,100.00,,
     0.613602135,0,,cache-misses:u,1157504,100.00,,
     0.613602135,1543297,,bus-cycles:u,1157440,100.00,,
     0.613602135,1732250,,instructions:u,1157504,100.00,,
     0.614751918,86003,,branch-misses:u,1149056,100.00,,
     0.614751918,0,,cache-misses:u,1148896,100.00,,
     0.614751918,1526591,,bus-cycles:u,1148864,100.00,,
     0.614751918,1722680,,instructions:u,1148896,100.00,,
     0.615901444,86459,,branch-misses:u,1148864,100.00,,
     0.615901444,0,,cache-misses:u,1148864,100.00,,
     0.615901444,1531982,,bus-cycles:u,1148832,100.00,,
     0.615901444,1721910,,instructions:u,1148800,100.00,,
     0.617048473,86083,,branch-misses:u,1146464,100.00,,
     0.617048473,0,,cache-misses:u,1146496,100.00,,
     0.617048473,1529083,,bus-cycles:u,1146432,100.00,,
     0.617048473,1723104,,instructions:u,1146464,100.00,,
     0.618195471,85825,,branch-misses:u,1146464,100.00,,
     0.618195471,0,,cache-misses:u,1146528,100.00,,
     0.618195471,1523856,,bus-cycles:u,1146656,100.00,,
     0.618195471,1713636,,instructions:u,1146656,100.00,,
     0.619344069,86140,,branch-misses:u,1147968,100.00,,
     0.619344069,0,,cache-misses:u,1147840,100.00,,
     0.619344069,1530470,,bus-cycles:u,1147840,100.00,,
     0.619344069,1725310,,instructions:u,1147776,100.00,,
     0.620491450,86090,,branch-misses:u,1146880,100.00,,
     0.620491450,0,,cache-misses:u,1146912,100.00,,
     0.620491450,1529216,,bus-cycles:u,1146880,100.00,,
     0.620491450,1718360,,instructions:u,1146944,100.00,,
     0.621639536,86383,,branch-misses:u,1147456,100.00,,
     0.621639536,0,,cache-misses:u,1147520,100.00,,
     0.621639536,1529847,,bus-cycles:u,1147552,100.00,,
     0.621639536,1732790,,instructions:u,1147488,100.00,,
     0.622788006,85718,,branch-misses:u,1148320,100.00,,
     0.622788006,0,,cache-misses:u,1148192,100.00,,
     0.622788006,1524789,,bus-cycles:u,1148224,100.00,,
     0.622788006,1718550,,instructions:u,1148320,100.00,,
     0.623937053,86435,,branch-misses:u,1148064,100.00,,
     0.623937053,0,,cache-misses:u,1148128,100.00,,
     0.623937053,1530401,,bus-cycles:u,1148064,100.00,,
     0.623937053,1731510,,instructions:u,1147904,100.00,,
     0.625084050,85988,,branch-misses:u,1146592,100.00,,
     0.625084050,0,,cache-misses:u,1146560,100.00,,
     0.625084050,1529416,,bus-cycles:u,1146592,100.00,,
     0.625084050,1723180,,instructions:u,1146656,100.00,,
     0.626231880,85641,,branch-misses:u,1147200,100.00,,
     0.626231880,0,,cache-misses:u,1147264,100.00,,
     0.626231880,1525051,,bus-cycles:u,1147200,100.00,,
     0.626231880,1715360,,instructions:u,1147264,100.00,,
     0.627380350,86190,,branch-misses:u,1147808,100.00,,
     0.627380350,0,,cache-misses:u,1147808,100.00,,
     0.627380350,1530683,,bus-cycles:u,1147872,100.00,,
     0.627380350,1717260,,instructions:u,1147840,100.00,,
     0.628528244,86465,,branch-misses:u,1146976,100.00,,
     0.628528244,0,,cache-misses:u,1147168,100.00,,
     0.628528244,1529878,,bus-cycles:u,1147136,100.00,,
     0.628528244,1728640,,instructions:u,1147136,100.00,,
     0.629675977,86395,,branch-misses:u,1147168,100.00,,
     0.629675977,0,,cache-misses:u,1146976,100.00,,
     0.629675977,1529743,,bus-cycles:u,1147008,100.00,,
     0.629675977,1729300,,instructions:u,1147008,100.00,,
     0.630822846,83242,,branch-misses:u,1147040,100.00,,
     0.630822846,0,,cache-misses:u,1147232,100.00,,
     0.630822846,1478550,,bus-cycles:u,1147200,100.00,,
     0.630822846,1662450,,instructions:u,1153024,100.00,,
     0.631980089,80604,,branch-misses:u,1156960,100.00,,
     0.631980089,0,,cache-misses:u,1156736,100.00,,
     0.631980089,1433385,,bus-cycles:u,1156800,100.00,,
     0.631980089,1610500,,instructions:u,1151008,100.00,,
     0.633128175,85958,,branch-misses:u,1146592,100.00,,
     0.633128175,0,,cache-misses:u,1146848,100.00,,
     0.633128175,1529399,,bus-cycles:u,1146752,100.00,,
     0.633128175,1716920,,instructions:u,1146720,100.00,,
     0.634277477,85118,,branch-misses:u,1149408,100.00,,
     0.634277477,0,,cache-misses:u,1149440,100.00,,
     0.634277477,1525819,,bus-cycles:u,1149440,100.00,,
     0.634277477,1699470,,instructions:u,1149440,100.00,,
     0.635461421,88764,,branch-misses:u,1183424,100.00,,
     0.635461421,0,,cache-misses:u,1183616,100.00,,
     0.635461421,1578848,,bus-cycles:u,1183872,100.00,,
     0.635461421,1780320,,instructions:u,1184000,100.00,,
     0.636611556,85641,,branch-misses:u,1149216,100.00,,
     0.636611556,0,,cache-misses:u,1148736,100.00,,
     0.636611556,1532386,,bus-cycles:u,1148448,100.00,,
     0.636611556,1713220,,instructions:u,1148256,100.00,,
     0.637759097,86450,,branch-misses:u,1146816,100.00,,
     0.637759097,0,,cache-misses:u,1146816,100.00,,
     0.637759097,1530214,,bus-cycles:u,1146880,100.00,,
     0.637759097,1728180,,instructions:u,1146912,100.00,,
     0.638905838,85319,,branch-misses:u,1146656,100.00,,
     0.638905838,0,,cache-misses:u,1146688,100.00,,
     0.638905838,1523577,,bus-cycles:u,1146624,100.00,,
     0.638905838,1711600,,instructions:u,1146624,100.00,,
     0.640053412,86030,,branch-misses:u,1146592,100.00,,
     0.640053412,0,,cache-misses:u,1146624,100.00,,
     0.640053412,1529770,,bus-cycles:u,1146656,100.00,,
     0.640053412,1721350,,instructions:u,1146624,100.00,,
     0.641198168,85354,,branch-misses:u,1144128,100.00,,
     0.641198168,0,,cache-misses:u,1144128,100.00,,
     0.641198168,1526919,,bus-cycles:u,1144096,100.00,,
     0.641198168,1707530,,instructions:u,1144096,100.00,,
     0.642344973,85231,,branch-misses:u,1146432,100.00,,
     0.642344973,0,,cache-misses:u,1146368,100.00,,
     0.642344973,1525020,,bus-cycles:u,1146368,100.00,,
     0.642344973,1708350,,instructions:u,1146400,100.00,,
     0.643493091,86165,,branch-misses:u,1147456,100.00,,
     0.643493091,0,,cache-misses:u,1147424,100.00,,
     0.643493091,1531739,,bus-cycles:u,1147424,100.00,,
     0.643493091,1722950,,instructions:u,1147424,100.00,,
     0.644639608,86135,,branch-misses:u,1145952,100.00,,
     0.644639608,0,,cache-misses:u,1146016,100.00,,
     0.644639608,1530270,,bus-cycles:u,1146112,100.00,,
     0.644639608,1725150,,instructions:u,1146112,100.00,,
     0.645785869,86389,,branch-misses:u,1145696,100.00,,
     0.645785869,0,,cache-misses:u,1145568,100.00,,
     0.645785869,1529169,,bus-cycles:u,1145504,100.00,,
     0.645785869,1728740,,instructions:u,1145472,100.00,,
     0.646933123,86255,,branch-misses:u,1146720,100.00,,
     0.646933123,0,,cache-misses:u,1146880,100.00,,
     0.646933123,1526513,,bus-cycles:u,1146912,100.00,,
     0.646933123,1724130,,instructions:u,1146976,100.00,,
     0.648080632,85618,,branch-misses:u,1146880,100.00,,
     0.648080632,0,,cache-misses:u,1146784,100.00,,
     0.648080632,1530278,,bus-cycles:u,1146752,100.00,,
     0.648080632,1718210,,instructions:u,1146720,100.00,,
     0.649226829,86202,,branch-misses:u,1145632,100.00,,
     0.649226829,0,,cache-misses:u,1145600,100.00,,
     0.649226829,1528723,,bus-cycles:u,1145600,100.00,,
     0.649226829,1721180,,instructions:u,1145600,100.00,,
     0.650375011,85903,,branch-misses:u,1147712,100.00,,
     0.650375011,0,,cache-misses:u,1147840,100.00,,
     0.650375011,1527249,,bus-cycles:u,1147872,100.00,,
     0.650375011,1719040,,instructions:u,1147840,100.00,,
     0.651522553,85922,,branch-misses:u,1146912,100.00,,
     0.651522553,0,,cache-misses:u,1146816,100.00,,
     0.651522553,1530557,,bus-cycles:u,1146816,100.00,,
     0.651522553,1719510,,instructions:u,1146752,100.00,,
     0.652669358,86672,,branch-misses:u,1146208,100.00,,
     0.652669358,0,,cache-misses:u,1146208,100.00,,
     0.652669358,1528805,,bus-cycles:u,1146176,100.00,,
     0.652669358,1727770,,instructions:u,1146208,100.00,,
     0.653815683,85291,,branch-misses:u,1145792,100.00,,
     0.653815683,0,,cache-misses:u,1145824,100.00,,
     0.653815683,1528201,,bus-cycles:u,1145824,100.00,,
     0.653815683,1707760,,instructions:u,1145856,100.00,,
     0.654961880,85928,,branch-misses:u,1145952,100.00,,
     0.654961880,0,,cache-misses:u,1145920,100.00,,
     0.654961880,1522765,,bus-cycles:u,1145952,100.00,,
     0.654961880,1717960,,instructions:u,1145952,100.00,,
     0.656120371,86959,,branch-misses:u,1157824,100.00,,
     0.656120371,0,,cache-misses:u,1157920,100.00,,
     0.656120371,1544093,,bus-cycles:u,1157920,100.00,,
     0.656120371,1739930,,instructions:u,1157984,100.00,,
     0.657268585,85679,,branch-misses:u,1147392,100.00,,
     0.657268585,0,,cache-misses:u,1147360,100.00,,
     0.657268585,1530491,,bus-cycles:u,1147360,100.00,,
     0.657268585,1711250,,instructions:u,1147232,100.00,,
     0.658415070,86202,,branch-misses:u,1146336,100.00,,
     0.658415070,0,,cache-misses:u,1146368,100.00,,
     0.658415070,1524354,,bus-cycles:u,1146368,100.00,,
     0.658415070,1719180,,instructions:u,1146432,100.00,,
     0.659562419,86488,,branch-misses:u,1146400,100.00,,
     0.659562419,0,,cache-misses:u,1146368,100.00,,
     0.659562419,1528559,,bus-cycles:u,1146304,100.00,,
     0.659562419,1728680,,instructions:u,1146336,100.00,,
     0.660707624,85881,,branch-misses:u,1144640,100.00,,
     0.660707624,0,,cache-misses:u,1144576,100.00,,
     0.660707624,1526931,,bus-cycles:u,1144608,100.00,,
     0.660707624,1722860,,instructions:u,1144576,100.00,,
     0.661852892,86446,,branch-misses:u,1144832,100.00,,
     0.661852892,0,,cache-misses:u,1144800,100.00,,
     0.661852892,1527902,,bus-cycles:u,1144832,100.00,,
     0.661852892,1723450,,instructions:u,1144832,100.00,,
     0.662999505,85484,,branch-misses:u,1146016,100.00,,
     0.662999505,0,,cache-misses:u,1146080,100.00,,
     0.662999505,1515991,,bus-cycles:u,1146080,100.00,,
     0.662999505,1709564,,instructions:u,1146048,100.00,,
     0.664148712,86285,,branch-misses:u,1148576,100.00,,
     0.664148712,0,,cache-misses:u,1148576,100.00,,
     0.664148712,1531284,,bus-cycles:u,1148480,100.00,,
     0.664148712,1725486,,instructions:u,1148544,100.00,,
     0.665296157,86141,,branch-misses:u,1146880,100.00,,
     0.665296157,0,,cache-misses:u,1146912,100.00,,
     0.665296157,1527650,,bus-cycles:u,1146944,100.00,,
     0.665296157,1725580,,instructions:u,1146944,100.00,,
     0.666444915,85567,,branch-misses:u,1148736,100.00,,
     0.666444915,0,,cache-misses:u,1148704,100.00,,
     0.666444915,1523933,,bus-cycles:u,1148800,100.00,,
     0.666444915,1711434,,instructions:u,1148832,100.00,,
     0.667594090,86253,,branch-misses:u,1148192,100.00,,
     0.667594090,0,,cache-misses:u,1148096,100.00,,
     0.667594090,1530115,,bus-cycles:u,1148064,100.00,,
     0.667594090,1721538,,instructions:u,1147968,100.00,,
     0.668741728,85824,,branch-misses:u,1146912,100.00,,
     0.668741728,0,,cache-misses:u,1146944,100.00,,
     0.668741728,1530256,,bus-cycles:u,1146944,100.00,,
     0.668741728,1714038,,instructions:u,1147040,100.00,,
     0.669888373,86347,,branch-misses:u,1146112,100.00,,
     0.669888373,0,,cache-misses:u,1146112,100.00,,
     0.669888373,1529060,,bus-cycles:u,1146048,100.00,,
     0.669888373,1728920,,instructions:u,1146016,100.00,,
     0.670224186,10664,,branch-misses:u,294944,100.00,,
     0.670224186,77,,cache-misses:u,292480,100.00,,
     0.670224186,194454,,bus-cycles:u,290112,100.00,,
     0.670224186,203778,,instructions:u,287712,100.00,,
