     0.001074244,955,,branch-misses:u,514048,100.00,,
     0.001074244,321,,cache-misses:u,520128,100.00,,
     0.001074244,48793,,bus-cycles:u,523392,100.00,,
     0.001074244,33837,,instructions:u,526528,100.00,,
     0.002428829,67665,,branch-misses:u,1349152,100.00,,
     0.002428829,1375,,cache-misses:u,1347648,100.00,,
     0.002428829,1312249,,bus-cycles:u,1347584,100.00,,
     0.002428829,1406505,,instructions:u,1347392,100.00,,
     0.003596734,78831,,branch-misses:u,1164672,100.00,,
     0.003596734,1,,cache-misses:u,1163520,100.00,,
     0.003596734,1403808,,bus-cycles:u,1163040,100.00,,
     0.003596734,1583650,,instructions:u,1162816,100.00,,
     0.004761662,82206,,branch-misses:u,1163776,100.00,,
     0.004761662,0,,cache-misses:u,1163328,100.00,,
     0.004761662,1462322,,bus-cycles:u,1163232,100.00,,
     0.004761662,1649330,,instructions:u,1163360,100.00,,
     0.005919196,76765,,branch-misses:u,1157120,100.00,,
     0.005919196,0,,cache-misses:u,1157248,100.00,,
     0.005919196,1365679,,bus-cycles:u,1157568,100.00,,
     0.005919196,1543590,,instructions:u,1157568,100.00,,
     0.007078106,73669,,branch-misses:u,1159776,100.00,,
     0.007078106,0,,cache-misses:u,1160064,100.00,,
     0.007078106,1308217,,bus-cycles:u,1160064,100.00,,
     0.007078106,1475300,,instructions:u,1160128,100.00,,
     0.008242170,77353,,branch-misses:u,1162624,100.00,,
     0.008242170,0,,cache-misses:u,1162496,100.00,,
     0.008242170,1374302,,bus-cycles:u,1162432,100.00,,
     0.008242170,1542560,,instructions:u,1162400,100.00,,
     0.009400152,77148,,branch-misses:u,1157536,100.00,,
     0.009400152,0,,cache-misses:u,1157568,100.00,,
     0.009400152,1368287,,bus-cycles:u,1157504,100.00,,
     0.009400152,1538590,,instructions:u,1157408,100.00,,
     0.010558006,77306,,branch-misses:u,1157440,100.00,,
     0.010558006,0,,cache-misses:u,1157152,100.00,,
     0.010558006,1367965,,bus-cycles:u,1157152,100.00,,
     0.010558006,1545600,,instructions:u,1157024,100.00,,
     0.011714099,78945,,branch-misses:u,1155680,100.00,,
     0.011714099,0,,cache-misses:u,1155680,100.00,,
     0.011714099,1399062,,bus-cycles:u,1155488,100.00,,
     0.011714099,1577460,,instructions:u,1155552,100.00,,
     0.012866832,81775,,branch-misses:u,1152416,100.00,,
     0.012866832,0,,cache-misses:u,1152384,100.00,,
     0.012866832,1448457,,bus-cycles:u,1152352,100.00,,
     0.012866832,1634280,,instructions:u,1152256,100.00,,
     0.014017419,81465,,branch-misses:u,1150048,100.00,,
     0.014017419,0,,cache-misses:u,1150048,100.00,,
     0.014017419,1445890,,bus-cycles:u,1150112,100.00,,
     0.014017419,1635610,,instructions:u,1150176,100.00,,
     0.015166439,81189,,branch-misses:u,1148960,100.00,,
     0.015166439,0,,cache-misses:u,1148928,100.00,,
     0.015166439,1439145,,bus-cycles:u,1148960,100.00,,
     0.015166439,1614560,,instructions:u,1148832,100.00,,
     0.016317795,86005,,branch-misses:u,1150592,100.00,,
     0.016317795,0,,cache-misses:u,1150496,100.00,,
     0.016317795,1531599,,bus-cycles:u,1150272,100.00,,
     0.016317795,1724034,,instructions:u,1150208,100.00,,
     0.017463517,85784,,branch-misses:u,1145376,100.00,,
     0.017463517,0,,cache-misses:u,1145120,100.00,,
     0.017463517,1526389,,bus-cycles:u,1145184,100.00,,
     0.017463517,1722186,,instructions:u,1145184,100.00,,
     0.018608567,85938,,branch-misses:u,1144544,100.00,,
     0.018608567,0,,cache-misses:u,1144576,100.00,,
     0.018608567,1525993,,bus-cycles:u,1144576,100.00,,
     0.018608567,1717160,,instructions:u,1144576,100.00,,
     0.019763540,86623,,branch-misses:u,1155168,100.00,,
     0.019763540,0,,cache-misses:u,1155168,100.00,,
     0.019763540,1533844,,bus-cycles:u,1155136,100.00,,
     0.019763540,1722810,,instructions:u,1155136,100.00,,
     0.020909806,85841,,branch-misses:u,1145536,100.00,,
     0.020909806,0,,cache-misses:u,1145696,100.00,,
     0.020909806,1527929,,bus-cycles:u,1145728,100.00,,
     0.020909806,1726348,,instructions:u,1145664,100.00,,
     0.022056009,86350,,branch-misses:u,1145824,100.00,,
     0.022056009,0,,cache-misses:u,1145664,100.00,,
     0.022056009,1527524,,bus-cycles:u,1145632,100.00,,
     0.022056009,1718952,,instructions:u,1145696,100.00,,
     0.023228779,87753,,branch-misses:u,1173120,100.00,,
     0.023228779,0,,cache-misses:u,1173568,100.00,,
     0.023228779,1557679,,bus-cycles:u,1173472,100.00,,
     0.023228779,1759580,,instructions:u,1173440,100.00,,
     0.024378118,86034,,branch-misses:u,1148224,100.00,,
     0.024378118,0,,cache-misses:u,1147680,100.00,,
     0.024378118,1530360,,bus-cycles:u,1147776,100.00,,
     0.024378118,1722244,,instructions:u,1147776,100.00,,
     0.025524481,86175,,branch-misses:u,1145952,100.00,,
     0.025524481,0,,cache-misses:u,1146016,100.00,,
     0.025524481,1527558,,bus-cycles:u,1146016,100.00,,
     0.025524481,1725196,,instructions:u,1146048,100.00,,
     0.026670363,85602,,branch-misses:u,1145568,100.00,,
     0.026670363,0,,cache-misses:u,1155616,100.00,,
     0.026670363,1534420,,bus-cycles:u,1155648,100.00,,
     0.026670363,1730410,,instructions:u,1155744,100.00,,
     0.027830074,86731,,branch-misses:u,1159616,100.00,,
     0.027830074,0,,cache-misses:u,1149536,100.00,,
     0.027830074,1532598,,bus-cycles:u,1149504,100.00,,
     0.027830074,1726650,,instructions:u,1149408,100.00,,
     0.028977460,85979,,branch-misses:u,1146848,100.00,,
     0.028977460,0,,cache-misses:u,1146816,100.00,,
     0.028977460,1529203,,bus-cycles:u,1146816,100.00,,
     0.028977460,1720480,,instructions:u,1146720,100.00,,
     0.030124623,86238,,branch-misses:u,1146720,100.00,,
     0.030124623,0,,cache-misses:u,1147072,100.00,,
     0.030124623,1529980,,bus-cycles:u,1147104,100.00,,
     0.030124623,1728250,,instructions:u,1147200,100.00,,
     0.031274346,86120,,branch-misses:u,1151072,100.00,,
     0.031274346,0,,cache-misses:u,1151264,100.00,,
     0.031274346,1526918,,bus-cycles:u,1151488,100.00,,
     0.031274346,1720500,,instructions:u,1151648,100.00,,
     0.032435305,87253,,branch-misses:u,1159296,100.00,,
     0.032435305,0,,cache-misses:u,1159168,100.00,,
     0.032435305,1546178,,bus-cycles:u,1158912,100.00,,
     0.032435305,1744400,,instructions:u,1158720,100.00,,
     0.033584132,86318,,branch-misses:u,1148288,100.00,,
     0.033584132,0,,cache-misses:u,1148256,100.00,,
     0.033584132,1532178,,bus-cycles:u,1148288,100.00,,
     0.033584132,1721980,,instructions:u,1148320,100.00,,
     0.034731903,67159,,branch-misses:u,1147936,100.00,,
     0.034731903,0,,cache-misses:u,1147968,100.00,,
     0.034731903,1190815,,bus-cycles:u,1147936,100.00,,
     0.034731903,1337640,,instructions:u,1147872,100.00,,
     0.035882395,86301,,branch-misses:u,1149504,100.00,,
     0.035882395,0,,cache-misses:u,1149344,100.00,,
     0.035882395,1534409,,bus-cycles:u,1149280,100.00,,
     0.035882395,1724240,,instructions:u,1149312,100.00,,
     0.037029782,86385,,branch-misses:u,1147040,100.00,,
     0.037029782,0,,cache-misses:u,1146880,100.00,,
     0.037029782,1530420,,bus-cycles:u,1146880,100.00,,
     0.037029782,1733220,,instructions:u,1146880,100.00,,
     0.038176656,86223,,branch-misses:u,1146528,100.00,,
     0.038176656,0,,cache-misses:u,1146720,100.00,,
     0.038176656,1530203,,bus-cycles:u,1146752,100.00,,
     0.038176656,1733150,,instructions:u,1146656,100.00,,
     0.039323563,85905,,branch-misses:u,1147072,100.00,,
     0.039323563,0,,cache-misses:u,1147104,100.00,,
     0.039323563,1523601,,bus-cycles:u,1147136,100.00,,
     0.039323563,1723910,,instructions:u,1147136,100.00,,
     0.040472518,86126,,branch-misses:u,1148032,100.00,,
     0.040472518,0,,cache-misses:u,1147776,100.00,,
     0.040472518,1531514,,bus-cycles:u,1147744,100.00,,
     0.040472518,1719540,,instructions:u,1147840,100.00,,
     0.041619489,86262,,branch-misses:u,1146688,100.00,,
     0.041619489,0,,cache-misses:u,1146592,100.00,,
     0.041619489,1529194,,bus-cycles:u,1146560,100.00,,
     0.041619489,1718200,,instructions:u,1146528,100.00,,
     0.042765211,85922,,branch-misses:u,1145888,100.00,,
     0.042765211,0,,cache-misses:u,1146144,100.00,,
     0.042765211,1521598,,bus-cycles:u,1146144,100.00,,
     0.042765211,1718210,,instructions:u,1146176,100.00,,
     0.043931291,87630,,branch-misses:u,1165440,100.00,,
     0.043931291,0,,cache-misses:u,1165664,100.00,,
     0.043931291,1554854,,bus-cycles:u,1165728,100.00,,
     0.043931291,1745458,,instructions:u,1165760,100.00,,
     0.045080470,86149,,branch-misses:u,1148704,100.00,,
     0.045080470,0,,cache-misses:u,1148224,100.00,,
     0.045080470,1530985,,bus-cycles:u,1148160,100.00,,
     0.045080470,1720322,,instructions:u,1148096,100.00,,
     0.046227377,86402,,branch-misses:u,1146432,100.00,,
     0.046227377,0,,cache-misses:u,1146560,100.00,,
     0.046227377,1528714,,bus-cycles:u,1146592,100.00,,
     0.046227377,1729270,,instructions:u,1146496,100.00,,
     0.047374060,80319,,branch-misses:u,1109152,100.00,,
     0.047374060,1,,cache-misses:u,1109216,100.00,,
     0.047374060,1428393,,bus-cycles:u,1109280,100.00,,
     0.047374060,1606200,,instructions:u,1109504,100.00,,
     0.048523367,86618,,branch-misses:u,1148416,100.00,,
     0.048523367,0,,cache-misses:u,1148288,100.00,,
     0.048523367,1530961,,bus-cycles:u,1148192,100.00,,
     0.048523367,1729280,,instructions:u,1148128,100.00,,
     0.049671554,86604,,branch-misses:u,1147968,100.00,,
     0.049671554,0,,cache-misses:u,1148000,100.00,,
     0.049671554,1530785,,bus-cycles:u,1148000,100.00,,
     0.049671554,1731376,,instructions:u,1147904,100.00,,
     0.050819389,85618,,branch-misses:u,1147840,100.00,,
     0.050819389,1,,cache-misses:u,1148032,100.00,,
     0.050819389,1521601,,bus-cycles:u,1148064,100.00,,
     0.050819389,1710268,,instructions:u,1148128,100.00,,
     0.051968824,86264,,branch-misses:u,1148480,100.00,,
     0.051968824,0,,cache-misses:u,1148128,100.00,,
     0.051968824,1531142,,bus-cycles:u,1148096,100.00,,
     0.051968824,1723176,,instructions:u,1148096,100.00,,
     0.053115123,86303,,branch-misses:u,1145920,100.00,,
     0.053115123,0,,cache-misses:u,1146176,100.00,,
     0.053115123,1528608,,bus-cycles:u,1146176,100.00,,
     0.053115123,1728700,,instructions:u,1146144,100.00,,
     0.054263662,86117,,branch-misses:u,1148320,100.00,,
     0.054263662,0,,cache-misses:u,1148096,100.00,,
     0.054263662,1531520,,bus-cycles:u,1148096,100.00,,
     0.054263662,1720170,,instructions:u,1148032,100.00,,
     0.055409480,85660,,branch-misses:u,1145760,100.00,,
     0.055409480,0,,cache-misses:u,1145792,100.00,,
     0.055409480,1523158,,bus-cycles:u,1145792,100.00,,
     0.055409480,1716230,,instructions:u,1145888,100.00,,
     0.056558339,86465,,branch-misses:u,1148128,100.00,,
     0.056558339,0,,cache-misses:u,1148096,100.00,,
     0.056558339,1531572,,bus-cycles:u,1148096,100.00,,
     0.056558339,1730360,,instructions:u,1148064,100.00,,
     0.057704541,86116,,branch-misses:u,1145728,100.00,,
     0.057704541,0,,cache-misses:u,1145824,100.00,,
     0.057704541,1528539,,bus-cycles:u,1145824,100.00,,
     0.057704541,1714720,,instructions:u,1145856,100.00,,
     0.058850520,85954,,branch-misses:u,1146048,100.00,,
     0.058850520,1,,cache-misses:u,1146080,100.00,,
     0.058850520,1522121,,bus-cycles:u,1146080,100.00,,
     0.058850520,1717010,,instructions:u,1146080,100.00,,
     0.059998611,86138,,branch-misses:u,1147328,100.00,,
     0.059998611,0,,cache-misses:u,1147264,100.00,,
     0.059998611,1528966,,bus-cycles:u,1147296,100.00,,
     0.059998611,1721250,,instructions:u,1147264,100.00,,
     0.061145165,86382,,branch-misses:u,1146304,100.00,,
     0.061145165,0,,cache-misses:u,1146336,100.00,,
     0.061145165,1527299,,bus-cycles:u,1146304,100.00,,
     0.061145165,1726640,,instructions:u,1146336,100.00,,
     0.062291303,86056,,branch-misses:u,1145856,100.00,,
     0.062291303,0,,cache-misses:u,1145888,100.00,,
     0.062291303,1526855,,bus-cycles:u,1145888,100.00,,
     0.062291303,1717090,,instructions:u,1145824,100.00,,
     0.063438274,85877,,branch-misses:u,1146976,100.00,,
     0.063438274,0,,cache-misses:u,1147072,100.00,,
     0.063438274,1523525,,bus-cycles:u,1147008,100.00,,
     0.063438274,1714270,,instructions:u,1147072,100.00,,
     0.064587229,86166,,branch-misses:u,1148096,100.00,,
     0.064587229,0,,cache-misses:u,1147904,100.00,,
     0.064587229,1531175,,bus-cycles:u,1148000,100.00,,
     0.064587229,1726890,,instructions:u,1147904,100.00,,
     0.065744859,86911,,branch-misses:u,1157664,100.00,,
     0.065744859,0,,cache-misses:u,1157824,100.00,,
     0.065744859,1544187,,bus-cycles:u,1157920,100.00,,
     0.065744859,1738110,,instructions:u,1157952,100.00,,
     0.066894198,85906,,branch-misses:u,1149376,100.00,,
     0.066894198,0,,cache-misses:u,1149760,100.00,,
     0.066894198,1525906,,bus-cycles:u,1149760,100.00,,
     0.066894198,1717560,,instructions:u,1149888,100.00,,
     0.068047955,86811,,branch-misses:u,1152864,100.00,,
     0.068047955,0,,cache-misses:u,1152736,100.00,,
     0.068047955,1537112,,bus-cycles:u,1152640,100.00,,
     0.068047955,1739384,,instructions:u,1152576,100.00,,
     0.069196622,86530,,branch-misses:u,1148352,100.00,,
     0.069196622,0,,cache-misses:u,1148320,100.00,,
     0.069196622,1531495,,bus-cycles:u,1148256,100.00,,
     0.069196622,1730536,,instructions:u,1148256,100.00,,
     0.070344937,86423,,branch-misses:u,1148032,100.00,,
     0.070344937,0,,cache-misses:u,1148096,100.00,,
     0.070344937,1531040,,bus-cycles:u,1148192,100.00,,
     0.070344937,1732382,,instructions:u,1148160,100.00,,
     0.071494341,86210,,branch-misses:u,1149280,100.00,,
     0.071494341,0,,cache-misses:u,1149248,100.00,,
     0.071494341,1526684,,bus-cycles:u,1149184,100.00,,
     0.071494341,1718268,,instructions:u,1149152,100.00,,
     0.072644576,85900,,branch-misses:u,1149504,100.00,,
     0.072644576,0,,cache-misses:u,1149248,100.00,,
     0.072644576,1532310,,bus-cycles:u,1149280,100.00,,
     0.072644576,1719610,,instructions:u,1149312,100.00,,
     0.073791931,86442,,branch-misses:u,1147072,100.00,,
     0.073791931,0,,cache-misses:u,1147232,100.00,,
     0.073791931,1529335,,bus-cycles:u,1147232,100.00,,
     0.073791931,1733430,,instructions:u,1147200,100.00,,
     0.074940246,85934,,branch-misses:u,1148384,100.00,,
     0.074940246,0,,cache-misses:u,1148480,100.00,,
     0.074940246,1526048,,bus-cycles:u,1148416,100.00,,
     0.074940246,1714290,,instructions:u,1148416,100.00,,
     0.076089841,86181,,branch-misses:u,1148832,100.00,,
     0.076089841,0,,cache-misses:u,1148576,100.00,,
     0.076089841,1530864,,bus-cycles:u,1148640,100.00,,
     0.076089841,1727250,,instructions:u,1148640,100.00,,
     0.077236940,86017,,branch-misses:u,1146720,100.00,,
     0.077236940,0,,cache-misses:u,1146720,100.00,,
     0.077236940,1529164,,bus-cycles:u,1146784,100.00,,
     0.077236940,1726608,,instructions:u,1146880,100.00,,
     0.078383686,85937,,branch-misses:u,1146368,100.00,,
     0.078383686,0,,cache-misses:u,1146368,100.00,,
     0.078383686,1528201,,bus-cycles:u,1146336,100.00,,
     0.078383686,1718054,,instructions:u,1146240,100.00,,
     0.079531329,85680,,branch-misses:u,1147680,100.00,,
     0.079531329,0,,cache-misses:u,1147616,100.00,,
     0.079531329,1523879,,bus-cycles:u,1147488,100.00,,
     0.079531329,1719908,,instructions:u,1147552,100.00,,
     0.080679452,86184,,branch-misses:u,1147456,100.00,,
     0.080679452,0,,cache-misses:u,1147520,100.00,,
     0.080679452,1529253,,bus-cycles:u,1147584,100.00,,
     0.080679452,1720450,,instructions:u,1147488,100.00,,
     0.081826487,85336,,branch-misses:u,1146624,100.00,,
     0.081826487,0,,cache-misses:u,1146656,100.00,,
     0.081826487,1528964,,bus-cycles:u,1146688,100.00,,
     0.081826487,1709020,,instructions:u,1146816,100.00,,
     0.082974578,86127,,branch-misses:u,1148160,100.00,,
     0.082974578,0,,cache-misses:u,1148128,100.00,,
     0.082974578,1526321,,bus-cycles:u,1148096,100.00,,
     0.082974578,1730864,,instructions:u,1148000,100.00,,
     0.084123021,86344,,branch-misses:u,1147616,100.00,,
     0.084123021,0,,cache-misses:u,1147680,100.00,,
     0.084123021,1529748,,bus-cycles:u,1147680,100.00,,
     0.084123021,1726006,,instructions:u,1147744,100.00,,
     0.085270023,86591,,branch-misses:u,1146720,100.00,,
     0.085270023,0,,cache-misses:u,1146656,100.00,,
     0.085270023,1528851,,bus-cycles:u,1146720,100.00,,
     0.085270023,1725430,,instructions:u,1146656,100.00,,
     0.086430310,87250,,branch-misses:u,1160160,100.00,,
     0.086430310,0,,cache-misses:u,1160256,100.00,,
     0.086430310,1546708,,bus-cycles:u,1160256,100.00,,
     0.086430310,1745950,,instructions:u,1160288,100.00,,
     0.087581314,86146,,branch-misses:u,1150816,100.00,,
     0.087581314,0,,cache-misses:u,1150592,100.00,,
     0.087581314,1529711,,bus-cycles:u,1150528,100.00,,
     0.087581314,1722876,,instructions:u,1150560,100.00,,
     0.088729949,86154,,branch-misses:u,1148032,100.00,,
     0.088729949,0,,cache-misses:u,1148096,100.00,,
     0.088729949,1530692,,bus-cycles:u,1148096,100.00,,
     0.088729949,1724034,,instructions:u,1148096,100.00,,
     0.089877336,86139,,branch-misses:u,1146976,100.00,,
     0.089877336,0,,cache-misses:u,1146912,100.00,,
     0.089877336,1528842,,bus-cycles:u,1146944,100.00,,
     0.089877336,1727511,,instructions:u,1146880,100.00,,
     0.091025235,86294,,branch-misses:u,1147904,100.00,,
     0.091025235,0,,cache-misses:u,1147872,100.00,,
     0.091025235,1524483,,bus-cycles:u,1147840,100.00,,
     0.091025235,1718779,,instructions:u,1147872,100.00,,
     0.092173678,85871,,branch-misses:u,1147744,100.00,,
     0.092173678,0,,cache-misses:u,1147840,100.00,,
     0.092173678,1530803,,bus-cycles:u,1147840,100.00,,
     0.092173678,1718910,,instructions:u,1147904,100.00,,
     0.093322985,85892,,branch-misses:u,1149024,100.00,,
     0.093322985,0,,cache-misses:u,1149024,100.00,,
     0.093322985,1532087,,bus-cycles:u,1148992,100.00,,
     0.093322985,1720780,,instructions:u,1148960,100.00,,
     0.094470436,85727,,branch-misses:u,1147008,100.00,,
     0.094470436,0,,cache-misses:u,1146976,100.00,,
     0.094470436,1529254,,bus-cycles:u,1147008,100.00,,
     0.094470436,1717150,,instructions:u,1146880,100.00,,
     0.095618783,85303,,branch-misses:u,1148320,100.00,,
     0.095618783,0,,cache-misses:u,1148448,100.00,,
     0.095618783,1526311,,bus-cycles:u,1148448,100.00,,
     0.095618783,1710530,,instructions:u,1148544,100.00,,
     0.096768218,81578,,branch-misses:u,1149088,100.00,,
     0.096768218,0,,cache-misses:u,1148928,100.00,,
     0.096768218,1441178,,bus-cycles:u,1148960,100.00,,
     0.096768218,1626500,,instructions:u,1148832,100.00,,
     0.097916565,84096,,branch-misses:u,1148416,100.00,,
     0.097916565,0,,cache-misses:u,1148576,100.00,,
     0.097916565,1493550,,bus-cycles:u,1148576,100.00,,
     0.097916565,1687830,,instructions:u,1148672,100.00,,
     0.099065424,85948,,branch-misses:u,1148128,100.00,,
     0.099065424,0,,cache-misses:u,1147936,100.00,,
     0.099065424,1523119,,bus-cycles:u,1147904,100.00,,
     0.099065424,1720210,,instructions:u,1147872,100.00,,
     0.100214219,86720,,branch-misses:u,1148096,100.00,,
     0.100214219,0,,cache-misses:u,1148256,100.00,,
     0.100214219,1530718,,bus-cycles:u,1148256,100.00,,
     0.100214219,1734270,,instructions:u,1148288,100.00,,
     0.101361894,85751,,branch-misses:u,1147392,100.00,,
     0.101361894,0,,cache-misses:u,1147296,100.00,,
     0.101361894,1529234,,bus-cycles:u,1147328,100.00,,
     0.101361894,1711341,,instructions:u,1147360,100.00,,
     0.102509249,86476,,branch-misses:u,1147008,100.00,,
     0.102509249,0,,cache-misses:u,1147104,100.00,,
     0.102509249,1529535,,bus-cycles:u,1147168,100.00,,
     0.102509249,1735299,,instructions:u,1147168,100.00,,
     0.103658044,85998,,branch-misses:u,1148768,100.00,,
     0.103658044,0,,cache-misses:u,1148800,100.00,,
     0.103658044,1527620,,bus-cycles:u,1148704,100.00,,
     0.103658044,1725120,,instructions:u,1148704,100.00,,
     0.104807031,86396,,branch-misses:u,1148160,100.00,,
     0.104807031,0,,cache-misses:u,1148000,100.00,,
     0.104807031,1530609,,bus-cycles:u,1147936,100.00,,
     0.104807031,1730120,,instructions:u,1147968,100.00,,
     0.105954258,86080,,branch-misses:u,1146976,100.00,,
     0.105954258,0,,cache-misses:u,1146944,100.00,,
     0.105954258,1528769,,bus-cycles:u,1147040,100.00,,
     0.105954258,1722260,,instructions:u,1147040,100.00,,
     0.107120434,87386,,branch-misses:u,1166240,100.00,,
     0.107120434,1,,cache-misses:u,1166496,100.00,,
     0.107120434,1550600,,bus-cycles:u,1166528,100.00,,
     0.107120434,1748930,,instructions:u,1166592,100.00,,
     0.108271022,86890,,branch-misses:u,1149888,100.00,,
     0.108271022,0,,cache-misses:u,1149792,100.00,,
     0.108271022,1532112,,bus-cycles:u,1149760,100.00,,
     0.108271022,1734610,,instructions:u,1149664,100.00,,
     0.109418473,85703,,branch-misses:u,1147072,100.00,,
     0.109418473,0,,cache-misses:u,1147040,100.00,,
     0.109418473,1528178,,bus-cycles:u,1146976,100.00,,
     0.109418473,1716580,,instructions:u,1147008,100.00,,
     0.110567396,86091,,branch-misses:u,1148672,100.00,,
     0.110567396,0,,cache-misses:u,1148608,100.00,,
     0.110567396,1530745,,bus-cycles:u,1148704,100.00,,
     0.110567396,1729030,,instructions:u,1148640,100.00,,
     0.111716127,84992,,branch-misses:u,1148608,100.00,,
     0.111716127,0,,cache-misses:u,1148640,100.00,,
     0.111716127,1525934,,bus-cycles:u,1148544,100.00,,
     0.111716127,1693670,,instructions:u,1148608,100.00,,
     0.112865499,86342,,branch-misses:u,1148768,100.00,,
     0.112865499,0,,cache-misses:u,1148832,100.00,,
     0.112865499,1530476,,bus-cycles:u,1148928,100.00,,
     0.112865499,1724120,,instructions:u,1148896,100.00,,
     0.114013013,86288,,branch-misses:u,1147104,100.00,,
     0.114013013,0,,cache-misses:u,1147200,100.00,,
     0.114013013,1529232,,bus-cycles:u,1147168,100.00,,
     0.114013013,1726042,,instructions:u,1147136,100.00,,
     0.115161456,86194,,branch-misses:u,1148416,100.00,,
     0.115161456,0,,cache-misses:u,1148384,100.00,,
     0.115161456,1525699,,bus-cycles:u,1148416,100.00,,
     0.115161456,1720918,,instructions:u,1148480,100.00,,
     0.116310092,85959,,branch-misses:u,1148064,100.00,,
     0.116310092,0,,cache-misses:u,1148000,100.00,,
     0.116310092,1530873,,bus-cycles:u,1147968,100.00,,
     0.116310092,1719100,,instructions:u,1147968,100.00,,
     0.117457574,86610,,branch-misses:u,1147040,100.00,,
     0.117457574,0,,cache-misses:u,1147072,100.00,,
     0.117457574,1529388,,bus-cycles:u,1147072,100.00,,
     0.117457574,1724990,,instructions:u,1147008,100.00,,
     0.118604865,86291,,branch-misses:u,1146976,100.00,,
     0.118604865,0,,cache-misses:u,1146976,100.00,,
     0.118604865,1529360,,bus-cycles:u,1146912,100.00,,
     0.118604865,1734130,,instructions:u,1146944,100.00,,
     0.119785990,88131,,branch-misses:u,1181312,100.00,,
     0.119785990,0,,cache-misses:u,1181792,100.00,,
     0.119785990,1571039,,bus-cycles:u,1181920,100.00,,
     0.119785990,1770980,,instructions:u,1182016,100.00,,
     0.120937346,86602,,branch-misses:u,1150432,100.00,,
     0.120937346,0,,cache-misses:u,1150080,100.00,,
     0.120937346,1531919,,bus-cycles:u,1149952,100.00,,
     0.120937346,1724240,,instructions:u,1149856,100.00,,
     0.122085853,86273,,branch-misses:u,1148032,100.00,,
     0.122085853,0,,cache-misses:u,1148160,100.00,,
     0.122085853,1530200,,bus-cycles:u,1148192,100.00,,
     0.122085853,1723040,,instructions:u,1148192,100.00,,
     0.123235160,85971,,branch-misses:u,1149440,100.00,,
     0.123235160,0,,cache-misses:u,1149344,100.00,,
     0.123235160,1526898,,bus-cycles:u,1149312,100.00,,
     0.123235160,1713770,,instructions:u,1149312,100.00,,
     0.124385940,84908,,branch-misses:u,1150016,100.00,,
     0.124385940,0,,cache-misses:u,1149920,100.00,,
     0.124385940,1532631,,bus-cycles:u,1149888,100.00,,
     0.124385940,1696720,,instructions:u,1149888,100.00,,
     0.125533807,85768,,branch-misses:u,1147616,100.00,,
     0.125533807,0,,cache-misses:u,1147808,100.00,,
     0.125533807,1529670,,bus-cycles:u,1147872,100.00,,
     0.125533807,1715706,,instructions:u,1147840,100.00,,
     0.126683498,85239,,branch-misses:u,1149664,100.00,,
     0.126683498,0,,cache-misses:u,1149312,100.00,,
     0.126683498,1518987,,bus-cycles:u,1149344,100.00,,
     0.126683498,1704848,,instructions:u,1149376,100.00,,
     0.127833158,86710,,branch-misses:u,1148928,100.00,,
     0.127833158,0,,cache-misses:u,1148800,100.00,,
     0.127833158,1531335,,bus-cycles:u,1148768,100.00,,
     0.127833158,1734117,,instructions:u,1148768,100.00,,
     0.128993732,87541,,branch-misses:u,1160448,100.00,,
     0.128993732,0,,cache-misses:u,1160992,100.00,,
     0.128993732,1547506,,bus-cycles:u,1161056,100.00,,
     0.128993732,1748649,,instructions:u,1161088,100.00,,
     0.130143392,86582,,branch-misses:u,1149152,100.00,,
     0.130143392,0,,cache-misses:u,1148960,100.00,,
     0.130143392,1531536,,bus-cycles:u,1148928,100.00,,
     0.130143392,1725160,,instructions:u,1148928,100.00,,
     0.131292539,85844,,branch-misses:u,1148768,100.00,,
     0.131292539,0,,cache-misses:u,1148608,100.00,,
     0.131292539,1526262,,bus-cycles:u,1148544,100.00,,
     0.131292539,1717644,,instructions:u,1148544,100.00,,
     0.132441622,85702,,branch-misses:u,1148576,100.00,,
     0.132441622,0,,cache-misses:u,1148512,100.00,,
     0.132441622,1531234,,bus-cycles:u,1148608,100.00,,
     0.132441622,1713846,,instructions:u,1148608,100.00,,
     0.133588753,86281,,branch-misses:u,1146912,100.00,,
     0.133588753,0,,cache-misses:u,1146880,100.00,,
     0.133588753,1528459,,bus-cycles:u,1146816,100.00,,
     0.133588753,1721350,,instructions:u,1146784,100.00,,
     0.134735756,82320,,branch-misses:u,1123840,100.00,,
     0.134735756,0,,cache-misses:u,1124352,100.00,,
     0.134735756,1467462,,bus-cycles:u,1124416,100.00,,
     0.134735756,1652120,,instructions:u,1124480,100.00,,
     0.135889672,86357,,branch-misses:u,1152736,100.00,,
     0.135889672,0,,cache-misses:u,1152544,100.00,,
     0.135889672,1536049,,bus-cycles:u,1152416,100.00,,
     0.135889672,1723110,,instructions:u,1152320,100.00,,
     0.137038339,85869,,branch-misses:u,1148384,100.00,,
     0.137038339,0,,cache-misses:u,1148448,100.00,,
     0.137038339,1531198,,bus-cycles:u,1148576,100.00,,
     0.137038339,1721140,,instructions:u,1148576,100.00,,
     0.138187071,86466,,branch-misses:u,1148224,100.00,,
     0.138187071,0,,cache-misses:u,1147904,100.00,,
     0.138187071,1530394,,bus-cycles:u,1147840,100.00,,
     0.138187071,1733310,,instructions:u,1147936,100.00,,
     0.139335001,85871,,branch-misses:u,1148032,100.00,,
     0.139335001,0,,cache-misses:u,1147904,100.00,,
     0.139335001,1523534,,bus-cycles:u,1147904,100.00,,
     0.139335001,1711020,,instructions:u,1147840,100.00,,
     0.140484277,86494,,branch-misses:u,1148608,100.00,,
     0.140484277,0,,cache-misses:u,1148608,100.00,,
     0.140484277,1530767,,bus-cycles:u,1148576,100.00,,
     0.140484277,1729817,,instructions:u,1148544,100.00,,
     0.141631471,86141,,branch-misses:u,1146752,100.00,,
     0.141631471,0,,cache-misses:u,1146784,100.00,,
     0.141631471,1528444,,bus-cycles:u,1146880,100.00,,
     0.141631471,1725763,,instructions:u,1146848,100.00,,
     0.142779690,85648,,branch-misses:u,1148224,100.00,,
     0.142779690,0,,cache-misses:u,1148288,100.00,,
     0.142779690,1524958,,bus-cycles:u,1148256,100.00,,
     0.142779690,1716740,,instructions:u,1148384,100.00,,
     0.143928294,86246,,branch-misses:u,1147872,100.00,,
     0.143928294,0,,cache-misses:u,1147872,100.00,,
     0.143928294,1530162,,bus-cycles:u,1147840,100.00,,
     0.143928294,1724080,,instructions:u,1147808,100.00,,
     0.145076000,85852,,branch-misses:u,1147392,100.00,,
     0.145076000,0,,cache-misses:u,1147328,100.00,,
     0.145076000,1528891,,bus-cycles:u,1147360,100.00,,
     0.145076000,1714680,,instructions:u,1147296,100.00,,
     0.146223259,85619,,branch-misses:u,1146880,100.00,,
     0.146223259,0,,cache-misses:u,1146848,100.00,,
     0.146223259,1527980,,bus-cycles:u,1146816,100.00,,
     0.146223259,1719572,,instructions:u,1146880,100.00,,
     0.147371766,86090,,branch-misses:u,1148320,100.00,,
     0.147371766,0,,cache-misses:u,1148448,100.00,,
     0.147371766,1526270,,bus-cycles:u,1148480,100.00,,
     0.147371766,1731568,,instructions:u,1148416,100.00,,
     0.148520817,86475,,branch-misses:u,1148608,100.00,,
     0.148520817,0,,cache-misses:u,1148608,100.00,,
     0.148520817,1531898,,bus-cycles:u,1148544,100.00,,
     0.148520817,1735100,,instructions:u,1148640,100.00,,
     0.149680112,86996,,branch-misses:u,1159104,100.00,,
     0.149680112,0,,cache-misses:u,1159424,100.00,,
     0.149680112,1545186,,bus-cycles:u,1159424,100.00,,
     0.149680112,1744850,,instructions:u,1159424,100.00,,
     0.150830027,86155,,branch-misses:u,1149536,100.00,,
     0.150830027,0,,cache-misses:u,1149184,100.00,,
     0.150830027,1526808,,bus-cycles:u,1149216,100.00,,
     0.150830027,1719040,,instructions:u,1149120,100.00,,
     0.151979142,86460,,branch-misses:u,1148736,100.00,,
     0.151979142,0,,cache-misses:u,1149152,100.00,,
     0.151979142,1532079,,bus-cycles:u,1149248,100.00,,
     0.151979142,1731080,,instructions:u,1149344,100.00,,
     0.153130914,86954,,branch-misses:u,1151456,100.00,,
     0.153130914,0,,cache-misses:u,1151328,100.00,,
     0.153130914,1534866,,bus-cycles:u,1151232,100.00,,
     0.153130914,1740052,,instructions:u,1151168,100.00,,
     0.154279646,86301,,branch-misses:u,1148224,100.00,,
     0.154279646,0,,cache-misses:u,1148096,100.00,,
     0.154279646,1530152,,bus-cycles:u,1148160,100.00,,
     0.154279646,1723798,,instructions:u,1148096,100.00,,
     0.155429113,85690,,branch-misses:u,1149472,100.00,,
     0.155429113,0,,cache-misses:u,1149632,100.00,,
     0.155429113,1527386,,bus-cycles:u,1149536,100.00,,
     0.155429113,1717480,,instructions:u,1149600,100.00,,
     0.156578900,86041,,branch-misses:u,1149088,100.00,,
     0.156578900,0,,cache-misses:u,1149024,100.00,,
     0.156578900,1532209,,bus-cycles:u,1149056,100.00,,
     0.156578900,1723260,,instructions:u,1148960,100.00,,
     0.157727151,86199,,branch-misses:u,1147904,100.00,,
     0.157727151,0,,cache-misses:u,1147680,100.00,,
     0.157727151,1530786,,bus-cycles:u,1147776,100.00,,
     0.157727151,1725104,,instructions:u,1147904,100.00,,
     0.158876427,86603,,branch-misses:u,1149120,100.00,,
     0.158876427,0,,cache-misses:u,1149024,100.00,,
     0.158876427,1528120,,bus-cycles:u,1148928,100.00,,
     0.158876427,1726706,,instructions:u,1148864,100.00,,
     0.160025510,86757,,branch-misses:u,1148704,100.00,,
     0.160025510,0,,cache-misses:u,1148736,100.00,,
     0.160025510,1531895,,bus-cycles:u,1148736,100.00,,
     0.160025510,1735170,,instructions:u,1148768,100.00,,
     0.161173665,86227,,branch-misses:u,1147584,100.00,,
     0.161173665,0,,cache-misses:u,1147712,100.00,,
     0.161173665,1530217,,bus-cycles:u,1147680,100.00,,
     0.161173665,1732860,,instructions:u,1147680,100.00,,
     0.162320892,86098,,branch-misses:u,1146848,100.00,,
     0.162320892,0,,cache-misses:u,1146816,100.00,,
     0.162320892,1529484,,bus-cycles:u,1146912,100.00,,
     0.162320892,1724870,,instructions:u,1146880,100.00,,
     0.163469239,86084,,branch-misses:u,1148096,100.00,,
     0.163469239,0,,cache-misses:u,1148096,100.00,,
     0.163469239,1525410,,bus-cycles:u,1148064,100.00,,
     0.163469239,1720260,,instructions:u,1148096,100.00,,
     0.164618450,86571,,branch-misses:u,1148928,100.00,,
     0.164618450,0,,cache-misses:u,1148832,100.00,,
     0.164618450,1531474,,bus-cycles:u,1148768,100.00,,
     0.164618450,1727620,,instructions:u,1148800,100.00,,
     0.165766445,86628,,branch-misses:u,1147488,100.00,,
     0.165766445,0,,cache-misses:u,1147808,100.00,,
     0.165766445,1529596,,bus-cycles:u,1147840,100.00,,
     0.165766445,1731400,,instructions:u,1147840,100.00,,
     0.166915880,86173,,branch-misses:u,1149344,100.00,,
     0.166915880,0,,cache-misses:u,1149056,100.00,,
     0.166915880,1527776,,bus-cycles:u,1149120,100.00,,
     0.166915880,1731060,,instructions:u,1149088,100.00,,
     0.168065316,86758,,branch-misses:u,1148992,100.00,,
     0.168065316,0,,cache-misses:u,1148992,100.00,,
     0.168065316,1531662,,bus-cycles:u,1148960,100.00,,
     0.168065316,1733710,,instructions:u,1148960,100.00,,
     0.169213823,85801,,branch-misses:u,1148160,100.00,,
     0.169213823,0,,cache-misses:u,1148192,100.00,,
     0.169213823,1531241,,bus-cycles:u,1148224,100.00,,
     0.169213823,1716480,,instructions:u,1148192,100.00,,
     0.170374974,86359,,branch-misses:u,1160864,100.00,,
     0.170374974,0,,cache-misses:u,1161184,100.00,,
     0.170374974,1547752,,bus-cycles:u,1161152,100.00,,
     0.170374974,1733362,,instructions:u,1161184,100.00,,
     0.171525209,85893,,branch-misses:u,1150112,100.00,,
     0.171525209,0,,cache-misses:u,1149760,100.00,,
     0.171525209,1527556,,bus-cycles:u,1149728,100.00,,
     0.171525209,1716052,,instructions:u,1149760,100.00,,
     0.172674644,86734,,branch-misses:u,1148704,100.00,,
     0.172674644,0,,cache-misses:u,1148768,100.00,,
     0.172674644,1532087,,bus-cycles:u,1148800,100.00,,
     0.172674644,1738036,,instructions:u,1148800,100.00,,
     0.173822223,86495,,branch-misses:u,1147296,100.00,,
     0.173822223,0,,cache-misses:u,1147200,100.00,,
     0.173822223,1530874,,bus-cycles:u,1147200,100.00,,
     0.173822223,1733480,,instructions:u,1147168,100.00,,
     0.174970154,86205,,branch-misses:u,1147936,100.00,,
     0.174970154,0,,cache-misses:u,1148032,100.00,,
     0.174970154,1525135,,bus-cycles:u,1148128,100.00,,
     0.174970154,1721910,,instructions:u,1148256,100.00,,
     0.176119397,86071,,branch-misses:u,1148480,100.00,,
     0.176119397,0,,cache-misses:u,1148384,100.00,,
     0.176119397,1531704,,bus-cycles:u,1148288,100.00,,
     0.176119397,1719590,,instructions:u,1148128,100.00,,
     0.177266560,86269,,branch-misses:u,1146976,100.00,,
     0.177266560,0,,cache-misses:u,1147264,100.00,,
     0.177266560,1530616,,bus-cycles:u,1147264,100.00,,
     0.177266560,1727180,,instructions:u,1147264,100.00,,
     0.178414395,85861,,branch-misses:u,1147296,100.00,,
     0.178414395,0,,cache-misses:u,1147040,100.00,,
     0.178414395,1529891,,bus-cycles:u,1146976,100.00,,
     0.178414395,1715670,,instructions:u,1146976,100.00,,
     0.179562166,85821,,branch-misses:u,1147552,100.00,,
     0.179562166,0,,cache-misses:u,1147648,100.00,,
     0.179562166,1526262,,bus-cycles:u,1147808,100.00,,
     0.179562166,1717410,,instructions:u,1147712,100.00,,
     0.180710673,86437,,branch-misses:u,1148096,100.00,,
     0.180710673,0,,cache-misses:u,1148032,100.00,,
     0.180710673,1530723,,bus-cycles:u,1147936,100.00,,
     0.180710673,1725270,,instructions:u,1148064,100.00,,
     0.181857836,85759,,branch-misses:u,1146752,100.00,,
     0.181857836,0,,cache-misses:u,1146880,100.00,,
     0.181857836,1529793,,bus-cycles:u,1146880,100.00,,
     0.181857836,1719450,,instructions:u,1146784,100.00,,
     0.183008103,85893,,branch-misses:u,1150336,100.00,,
     0.183008103,0,,cache-misses:u,1150304,100.00,,
     0.183008103,1526763,,bus-cycles:u,1150336,100.00,,
     0.183008103,1718111,,instructions:u,1150464,100.00,,
     0.184156930,86533,,branch-misses:u,1148160,100.00,,
     0.184156930,0,,cache-misses:u,1148160,100.00,,
     0.184156930,1531215,,bus-cycles:u,1148096,100.00,,
     0.184156930,1730875,,instructions:u,1148096,100.00,,
     0.185305918,86720,,branch-misses:u,1148640,100.00,,
     0.185305918,0,,cache-misses:u,1148576,100.00,,
     0.185305918,1531830,,bus-cycles:u,1148544,100.00,,
     0.185305918,1738514,,instructions:u,1148544,100.00,,
     0.186453976,86589,,branch-misses:u,1147712,100.00,,
     0.186453976,0,,cache-misses:u,1147680,100.00,,
     0.186453976,1530098,,bus-cycles:u,1147776,100.00,,
     0.186453976,1733840,,instructions:u,1147776,100.00,,
     0.187602355,86016,,branch-misses:u,1148352,100.00,,
     0.187602355,0,,cache-misses:u,1148256,100.00,,
     0.187602355,1524135,,bus-cycles:u,1148256,100.00,,
     0.187602355,1716510,,instructions:u,1148192,100.00,,
     0.188751567,85824,,branch-misses:u,1148544,100.00,,
     0.188751567,0,,cache-misses:u,1148512,100.00,,
     0.188751567,1531589,,bus-cycles:u,1148512,100.00,,
     0.188751567,1721660,,instructions:u,1148544,100.00,,
     0.189899210,86120,,branch-misses:u,1147264,100.00,,
     0.189899210,0,,cache-misses:u,1147328,100.00,,
     0.189899210,1529894,,bus-cycles:u,1147296,100.00,,
     0.189899210,1717530,,instructions:u,1147264,100.00,,
     0.191047941,85696,,branch-misses:u,1148384,100.00,,
     0.191047941,0,,cache-misses:u,1148384,100.00,,
     0.191047941,1527329,,bus-cycles:u,1148288,100.00,,
     0.191047941,1716880,,instructions:u,1148352,100.00,,
     0.192206371,87175,,branch-misses:u,1158176,100.00,,
     0.192206371,0,,cache-misses:u,1158560,100.00,,
     0.192206371,1544967,,bus-cycles:u,1158656,100.00,,
     0.192206371,1750830,,instructions:u,1158624,100.00,,
     0.193354750,86324,,branch-misses:u,1147904,100.00,,
     0.193354750,0,,cache-misses:u,1147808,100.00,,
     0.193354750,1530086,,bus-cycles:u,1147744,100.00,,
     0.193354750,1730050,,instructions:u,1147744,100.00,,
     0.194502137,86436,,branch-misses:u,1147168,100.00,,
     0.194502137,0,,cache-misses:u,1146880,100.00,,
     0.194502137,1528829,,bus-cycles:u,1146976,100.00,,
     0.194502137,1722610,,instructions:u,1147008,100.00,,
     0.195651124,86247,,branch-misses:u,1148896,100.00,,
     0.195651124,0,,cache-misses:u,1148832,100.00,,
     0.195651124,1527426,,bus-cycles:u,1148832,100.00,,
     0.195651124,1730900,,instructions:u,1148800,100.00,,
     0.196800367,86358,,branch-misses:u,1148608,100.00,,
     0.196800367,0,,cache-misses:u,1148768,100.00,,
     0.196800367,1531644,,bus-cycles:u,1148672,100.00,,
     0.196800367,1725470,,instructions:u,1148704,100.00,,
     0.197947498,86255,,branch-misses:u,1146720,100.00,,
     0.197947498,0,,cache-misses:u,1146720,100.00,,
     0.197947498,1529118,,bus-cycles:u,1146784,100.00,,
     0.197947498,1721970,,instructions:u,1146752,100.00,,
     0.199095269,86108,,branch-misses:u,1147648,100.00,,
     0.199095269,0,,cache-misses:u,1147648,100.00,,
     0.199095269,1524356,,bus-cycles:u,1147616,100.00,,
     0.199095269,1720140,,instructions:u,1147648,100.00,,
     0.200243584,81169,,branch-misses:u,1148192,100.00,,
     0.200243584,0,,cache-misses:u,1148160,100.00,,
     0.200243584,1437868,,bus-cycles:u,1148160,100.00,,
     0.200243584,1626450,,instructions:u,1148160,100.00,,
     0.201390682,86162,,branch-misses:u,1146272,100.00,,
     0.201390682,0,,cache-misses:u,1146144,100.00,,
     0.201390682,1528613,,bus-cycles:u,1146112,100.00,,
     0.201390682,1718630,,instructions:u,1146144,100.00,,
     0.202537077,86235,,branch-misses:u,1146112,100.00,,
     0.202537077,0,,cache-misses:u,1146112,100.00,,
     0.202537077,1528622,,bus-cycles:u,1146144,100.00,,
     0.202537077,1717760,,instructions:u,1146080,100.00,,
     0.203684463,85900,,branch-misses:u,1147328,100.00,,
     0.203684463,0,,cache-misses:u,1147776,100.00,,
     0.203684463,1524027,,bus-cycles:u,1147840,100.00,,
     0.203684463,1717660,,instructions:u,1147840,100.00,,
     0.204833355,85954,,branch-misses:u,1148224,100.00,,
     0.204833355,0,,cache-misses:u,1148224,100.00,,
     0.204833355,1530325,,bus-cycles:u,1148128,100.00,,
     0.204833355,1714240,,instructions:u,1148192,100.00,,
     0.205980837,85707,,branch-misses:u,1147136,100.00,,
     0.205980837,0,,cache-misses:u,1147072,100.00,,
     0.205980837,1529168,,bus-cycles:u,1147104,100.00,,
     0.205980837,1719780,,instructions:u,1147040,100.00,,
     0.207129472,86074,,branch-misses:u,1148672,100.00,,
     0.207129472,0,,cache-misses:u,1148704,100.00,,
     0.207129472,1526374,,bus-cycles:u,1148736,100.00,,
     0.207129472,1721520,,instructions:u,1148736,100.00,,
     0.208279132,86462,,branch-misses:u,1148896,100.00,,
     0.208279132,0,,cache-misses:u,1148832,100.00,,
     0.208279132,1531317,,bus-cycles:u,1148832,100.00,,
     0.208279132,1728370,,instructions:u,1148864,100.00,,
     0.209426647,85762,,branch-misses:u,1147168,100.00,,
     0.209426647,0,,cache-misses:u,1147200,100.00,,
     0.209426647,1529972,,bus-cycles:u,1147168,100.00,,
     0.209426647,1717040,,instructions:u,1147232,100.00,,
     0.210574257,86230,,branch-misses:u,1147264,100.00,,
     0.210574257,0,,cache-misses:u,1147168,100.00,,
     0.210574257,1529287,,bus-cycles:u,1147136,100.00,,
     0.210574257,1726940,,instructions:u,1147040,100.00,,
     0.211721484,85786,,branch-misses:u,1147232,100.00,,
     0.211721484,0,,cache-misses:u,1146976,100.00,,
     0.211721484,1522694,,bus-cycles:u,1147008,100.00,,
     0.211721484,1715810,,instructions:u,1147040,100.00,,
     0.212882091,86967,,branch-misses:u,1160192,100.00,,
     0.212882091,0,,cache-misses:u,1160704,100.00,,
     0.212882091,1548029,,bus-cycles:u,1160768,100.00,,
     0.212882091,1737100,,instructions:u,1160704,100.00,,
     0.214032134,85918,,branch-misses:u,1149632,100.00,,
     0.214032134,0,,cache-misses:u,1149440,100.00,,
     0.214032134,1532583,,bus-cycles:u,1149408,100.00,,
     0.214032134,1727420,,instructions:u,1149408,100.00,,
     0.215180866,85762,,branch-misses:u,1148224,100.00,,
     0.215180866,0,,cache-misses:u,1148160,100.00,,
     0.215180866,1526783,,bus-cycles:u,1148160,100.00,,
     0.215180866,1715650,,instructions:u,1148192,100.00,,
     0.216329565,86020,,branch-misses:u,1148384,100.00,,
     0.216329565,0,,cache-misses:u,1148192,100.00,,
     0.216329565,1530898,,bus-cycles:u,1148192,100.00,,
     0.216329565,1720410,,instructions:u,1148192,100.00,,
     0.217478392,86221,,branch-misses:u,1148480,100.00,,
     0.217478392,0,,cache-misses:u,1148416,100.00,,
     0.217478392,1531176,,bus-cycles:u,1148416,100.00,,
     0.217478392,1715850,,instructions:u,1148384,100.00,,
     0.218626099,84981,,branch-misses:u,1147392,100.00,,
     0.218626099,0,,cache-misses:u,1147488,100.00,,
     0.218626099,1530236,,bus-cycles:u,1147360,100.00,,
     0.218626099,1700890,,instructions:u,1147424,100.00,,
     0.219787634,85636,,branch-misses:u,1161504,100.00,,
     0.219787634,0,,cache-misses:u,1161472,100.00,,
     0.219787634,1544585,,bus-cycles:u,1161568,100.00,,
     0.219787634,1716764,,instructions:u,1161568,100.00,,
     0.220936205,84574,,branch-misses:u,1147808,100.00,,
     0.220936205,0,,cache-misses:u,1147840,100.00,,
     0.220936205,1531278,,bus-cycles:u,1147840,100.00,,
     0.220936205,1701916,,instructions:u,1147776,100.00,,
     0.222083880,86042,,branch-misses:u,1147392,100.00,,
     0.222083880,0,,cache-misses:u,1147360,100.00,,
     0.222083880,1530878,,bus-cycles:u,1147328,100.00,,
     0.222083880,1723050,,instructions:u,1147328,100.00,,
     0.223232002,85912,,branch-misses:u,1148064,100.00,,
     0.223232002,0,,cache-misses:u,1148192,100.00,,
     0.223232002,1525157,,bus-cycles:u,1148224,100.00,,
     0.223232002,1711400,,instructions:u,1148224,100.00,,
     0.224381342,86021,,branch-misses:u,1148704,100.00,,
     0.224381342,0,,cache-misses:u,1148608,100.00,,
     0.224381342,1532041,,bus-cycles:u,1148576,100.00,,
     0.224381342,1716751,,instructions:u,1148576,100.00,,
     0.225529273,86163,,branch-misses:u,1147648,100.00,,
     0.225529273,0,,cache-misses:u,1147552,100.00,,
     0.225529273,1530529,,bus-cycles:u,1147552,100.00,,
     0.225529273,1723359,,instructions:u,1147552,100.00,,
     0.226680245,85786,,branch-misses:u,1150944,100.00,,
     0.226680245,0,,cache-misses:u,1151040,100.00,,
     0.226680245,1529037,,bus-cycles:u,1151104,100.00,,
     0.226680245,1719090,,instructions:u,1151136,100.00,,
     0.227829712,86889,,branch-misses:u,1148672,100.00,,
     0.227829712,0,,cache-misses:u,1148544,100.00,,
     0.227829712,1532167,,bus-cycles:u,1148512,100.00,,
     0.227829712,1733242,,instructions:u,1148480,100.00,,
     0.228977451,84555,,branch-misses:u,1147392,100.00,,
     0.228977451,0,,cache-misses:u,1147488,100.00,,
     0.228977451,1530516,,bus-cycles:u,1147456,100.00,,
     0.228977451,1703418,,instructions:u,1147456,100.00,,
     0.230124389,84723,,branch-misses:u,1146592,100.00,,
     0.230124389,0,,cache-misses:u,1146656,100.00,,
     0.230124389,1529608,,bus-cycles:u,1146752,100.00,,
     0.230124389,1693900,,instructions:u,1146720,100.00,,
     0.231273088,86032,,branch-misses:u,1148640,100.00,,
     0.231273088,0,,cache-misses:u,1148704,100.00,,
     0.231273088,1527420,,bus-cycles:u,1148544,100.00,,
     0.231273088,1718690,,instructions:u,1148608,100.00,,
     0.232421980,84654,,branch-misses:u,1148128,100.00,,
     0.232421980,0,,cache-misses:u,1148032,100.00,,
     0.232421980,1532257,,bus-cycles:u,1148128,100.00,,
     0.232421980,1702210,,instructions:u,1148128,100.00,,
     0.233568630,85730,,branch-misses:u,1146400,100.00,,
     0.233568630,0,,cache-misses:u,1146432,100.00,,
     0.233568630,1529182,,bus-cycles:u,1146496,100.00,,
     0.233568630,1717680,,instructions:u,1146464,100.00,,
     0.234727092,86750,,branch-misses:u,1158304,100.00,,
     0.234727092,0,,cache-misses:u,1158272,100.00,,
     0.234727092,1538698,,bus-cycles:u,1158208,100.00,,
     0.234727092,1737450,,instructions:u,1158272,100.00,,
     0.235875983,85928,,branch-misses:u,1148384,100.00,,
     0.235875983,0,,cache-misses:u,1148320,100.00,,
     0.235875983,1531712,,bus-cycles:u,1148320,100.00,,
     0.235875983,1717630,,instructions:u,1148320,100.00,,
     0.237023818,85913,,branch-misses:u,1147552,100.00,,
     0.237023818,0,,cache-misses:u,1147552,100.00,,
     0.237023818,1530811,,bus-cycles:u,1147552,100.00,,
     0.237023818,1714560,,instructions:u,1147552,100.00,,
     0.238171269,86433,,branch-misses:u,1147104,100.00,,
     0.238171269,0,,cache-misses:u,1147296,100.00,,
     0.238171269,1530467,,bus-cycles:u,1147328,100.00,,
     0.238171269,1730260,,instructions:u,1147328,100.00,,
     0.239319936,86385,,branch-misses:u,1148544,100.00,,
     0.239319936,0,,cache-misses:u,1148288,100.00,,
     0.239319936,1526911,,bus-cycles:u,1148288,100.00,,
     0.239319936,1728822,,instructions:u,1148256,100.00,,
     0.240468923,86502,,branch-misses:u,1148320,100.00,,
     0.240468923,0,,cache-misses:u,1148352,100.00,,
     0.240468923,1532147,,bus-cycles:u,1148384,100.00,,
     0.240468923,1729738,,instructions:u,1148384,100.00,,
     0.241615766,86714,,branch-misses:u,1146432,100.00,,
     0.241615766,0,,cache-misses:u,1146528,100.00,,
     0.241615766,1529798,,bus-cycles:u,1146464,100.00,,
     0.241615766,1730158,,instructions:u,1146496,100.00,,
     0.242764049,86488,,branch-misses:u,1148064,100.00,,
     0.242764049,0,,cache-misses:u,1148000,100.00,,
     0.242764049,1526369,,bus-cycles:u,1147968,100.00,,
     0.242764049,1730322,,instructions:u,1147968,100.00,,
     0.243913068,86554,,branch-misses:u,1149056,100.00,,
     0.243913068,0,,cache-misses:u,1148960,100.00,,
     0.243913068,1533240,,bus-cycles:u,1149024,100.00,,
     0.243913068,1732972,,instructions:u,1148992,100.00,,
     0.245060391,85780,,branch-misses:u,1146592,100.00,,
     0.245060391,0,,cache-misses:u,1146656,100.00,,
     0.245060391,1529441,,bus-cycles:u,1146560,100.00,,
     0.245060391,1717222,,instructions:u,1146560,100.00,,
     0.246207265,86257,,branch-misses:u,1146496,100.00,,
     0.246207265,0,,cache-misses:u,1146592,100.00,,
     0.246207265,1529477,,bus-cycles:u,1146688,100.00,,
     0.246207265,1730666,,instructions:u,1146720,100.00,,
     0.247354652,86466,,branch-misses:u,1147392,100.00,,
     0.247354652,0,,cache-misses:u,1147424,100.00,,
     0.247354652,1525054,,bus-cycles:u,1147392,100.00,,
     0.247354652,1725110,,instructions:u,1147392,100.00,,
     0.248503703,86793,,branch-misses:u,1148352,100.00,,
     0.248503703,0,,cache-misses:u,1148576,100.00,,
     0.248503703,1532396,,bus-cycles:u,1148640,100.00,,
     0.248503703,1735960,,instructions:u,1148544,100.00,,
     0.249651794,85756,,branch-misses:u,1147744,100.00,,
     0.249651794,0,,cache-misses:u,1147456,100.00,,
     0.249651794,1530339,,bus-cycles:u,1147360,100.00,,
     0.249651794,1708650,,instructions:u,1147424,100.00,,
     0.250800333,86263,,branch-misses:u,1148256,100.00,,
     0.250800333,0,,cache-misses:u,1148320,100.00,,
     0.250800333,1528600,,bus-cycles:u,1148448,100.00,,
     0.250800333,1728410,,instructions:u,1148512,100.00,,
     0.251948712,86807,,branch-misses:u,1148032,100.00,,
     0.251948712,0,,cache-misses:u,1148384,100.00,,
     0.251948712,1532012,,bus-cycles:u,1148320,100.00,,
     0.251948712,1734080,,instructions:u,1148288,100.00,,
     0.253097860,86576,,branch-misses:u,1148864,100.00,,
     0.253097860,0,,cache-misses:u,1148672,100.00,,
     0.253097860,1532346,,bus-cycles:u,1148704,100.00,,
     0.253097860,1730330,,instructions:u,1148736,100.00,,
     0.254246047,86289,,branch-misses:u,1147840,100.00,,
     0.254246047,0,,cache-misses:u,1147840,100.00,,
     0.254246047,1530416,,bus-cycles:u,1147808,100.00,,
     0.254246047,1730550,,instructions:u,1147808,100.00,,
     0.255407710,86961,,branch-misses:u,1161824,100.00,,
     0.255407710,0,,cache-misses:u,1161984,100.00,,
     0.255407710,1538927,,bus-cycles:u,1162144,100.00,,
     0.255407710,1736688,,instructions:u,1162080,100.00,,
     0.256558650,86760,,branch-misses:u,1149952,100.00,,
     0.256558650,0,,cache-misses:u,1149888,100.00,,
     0.256558650,1532795,,bus-cycles:u,1149696,100.00,,
     0.256558650,1740242,,instructions:u,1149664,100.00,,
     0.257706004,86298,,branch-misses:u,1147008,100.00,,
     0.257706004,0,,cache-misses:u,1146720,100.00,,
     0.257706004,1528740,,bus-cycles:u,1146784,100.00,,
     0.257706004,1726960,,instructions:u,1146816,100.00,,
     0.258853807,86205,,branch-misses:u,1147520,100.00,,
     0.258853807,0,,cache-misses:u,1147520,100.00,,
     0.258853807,1525044,,bus-cycles:u,1147424,100.00,,
     0.258853807,1723750,,instructions:u,1147488,100.00,,
     0.260002506,86252,,branch-misses:u,1148416,100.00,,
     0.260002506,0,,cache-misses:u,1148288,100.00,,
     0.260002506,1530891,,bus-cycles:u,1148352,100.00,,
     0.260002506,1734160,,instructions:u,1148320,100.00,,
     0.261150245,86481,,branch-misses:u,1147136,100.00,,
     0.261150245,0,,cache-misses:u,1147328,100.00,,
     0.261150245,1529551,,bus-cycles:u,1147328,100.00,,
     0.261150245,1729918,,instructions:u,1147360,100.00,,
     0.262297376,86249,,branch-misses:u,1146848,100.00,,
     0.262297376,0,,cache-misses:u,1146912,100.00,,
     0.262297376,1528788,,bus-cycles:u,1146848,100.00,,
     0.262297376,1726952,,instructions:u,1146784,100.00,,
     0.263445211,86185,,branch-misses:u,1147584,100.00,,
     0.263445211,0,,cache-misses:u,1147584,100.00,,
     0.263445211,1524487,,bus-cycles:u,1147616,100.00,,
     0.263445211,1730160,,instructions:u,1147616,100.00,,
     0.264593782,86670,,branch-misses:u,1148192,100.00,,
     0.264593782,0,,cache-misses:u,1147968,100.00,,
     0.264593782,1529531,,bus-cycles:u,1148032,100.00,,
     0.264593782,1733230,,instructions:u,1148064,100.00,,
     0.265740432,86312,,branch-misses:u,1146304,100.00,,
     0.265740432,0,,cache-misses:u,1146464,100.00,,
     0.265740432,1527975,,bus-cycles:u,1146432,100.00,,
     0.265740432,1723670,,instructions:u,1146368,100.00,,
     0.266888619,86228,,branch-misses:u,1147840,100.00,,
     0.266888619,0,,cache-misses:u,1147744,100.00,,
     0.266888619,1523963,,bus-cycles:u,1147712,100.00,,
     0.266888619,1727910,,instructions:u,1147744,100.00,,
     0.268037350,86744,,branch-misses:u,1148384,100.00,,
     0.268037350,0,,cache-misses:u,1148320,100.00,,
     0.268037350,1530892,,bus-cycles:u,1148352,100.00,,
     0.268037350,1732557,,instructions:u,1148352,100.00,,
     0.269184673,86334,,branch-misses:u,1146976,100.00,,
     0.269184673,0,,cache-misses:u,1147072,100.00,,
     0.269184673,1529343,,bus-cycles:u,1147008,100.00,,
     0.269184673,1726387,,instructions:u,1147008,100.00,,
     0.270331580,86617,,branch-misses:u,1146592,100.00,,
     0.270331580,0,,cache-misses:u,1146624,100.00,,
     0.270331580,1529038,,bus-cycles:u,1146752,100.00,,
     0.270331580,1730496,,instructions:u,1146720,100.00,,
     0.271479639,85995,,branch-misses:u,1148032,100.00,,
     0.271479639,0,,cache-misses:u,1148032,100.00,,
     0.271479639,1524581,,bus-cycles:u,1147968,100.00,,
     0.271479639,1721000,,instructions:u,1147936,100.00,,
     0.272628114,86449,,branch-misses:u,1147712,100.00,,
     0.272628114,0,,cache-misses:u,1147744,100.00,,
     0.272628114,1530817,,bus-cycles:u,1147808,100.00,,
     0.272628114,1729840,,instructions:u,1147840,100.00,,
     0.273775084,85827,,branch-misses:u,1146592,100.00,,
     0.273775084,0,,cache-misses:u,1146592,100.00,,
     0.273775084,1528900,,bus-cycles:u,1146464,100.00,,
     0.273775084,1718390,,instructions:u,1146560,100.00,,
     0.274923079,85664,,branch-misses:u,1147744,100.00,,
     0.274923079,0,,cache-misses:u,1147776,100.00,,
     0.274923079,1525888,,bus-cycles:u,1147840,100.00,,
     0.274923079,1714904,,instructions:u,1147872,100.00,,
     0.276083942,86778,,branch-misses:u,1160576,100.00,,
     0.276083942,0,,cache-misses:u,1160608,100.00,,
     0.276083942,1548082,,bus-cycles:u,1160672,100.00,,
     0.276083942,1738596,,instructions:u,1160544,100.00,,
     0.277232641,86413,,branch-misses:u,1148320,100.00,,
     0.277232641,0,,cache-misses:u,1148160,100.00,,
     0.277232641,1530848,,bus-cycles:u,1148128,100.00,,
     0.277232641,1730610,,instructions:u,1148160,100.00,,
     0.278380508,86495,,branch-misses:u,1147392,100.00,,
     0.278380508,0,,cache-misses:u,1147392,100.00,,
     0.278380508,1529241,,bus-cycles:u,1147296,100.00,,
     0.278380508,1729300,,instructions:u,1147328,100.00,,
     0.279528727,86427,,branch-misses:u,1148000,100.00,,
     0.279528727,0,,cache-misses:u,1147968,100.00,,
     0.279528727,1525836,,bus-cycles:u,1147968,100.00,,
     0.279528727,1723590,,instructions:u,1147936,100.00,,
     0.280677842,85989,,branch-misses:u,1148704,100.00,,
     0.280677842,0,,cache-misses:u,1148800,100.00,,
     0.280677842,1532231,,bus-cycles:u,1148768,100.00,,
     0.280677842,1722470,,instructions:u,1148800,100.00,,
     0.281825229,86244,,branch-misses:u,1147040,100.00,,
     0.281825229,0,,cache-misses:u,1147072,100.00,,
     0.281825229,1528864,,bus-cycles:u,1147136,100.00,,
     0.281825229,1721360,,instructions:u,1147136,100.00,,
     0.282973832,86324,,branch-misses:u,1148352,100.00,,
     0.282973832,0,,cache-misses:u,1148384,100.00,,
     0.282973832,1525217,,bus-cycles:u,1148384,100.00,,
     0.282973832,1727590,,instructions:u,1148384,100.00,,
     0.284122787,86378,,branch-misses:u,1148608,100.00,,
     0.284122787,0,,cache-misses:u,1148640,100.00,,
     0.284122787,1531184,,bus-cycles:u,1148736,100.00,,
     0.284122787,1730864,,instructions:u,1148768,100.00,,
     0.285273023,86514,,branch-misses:u,1149856,100.00,,
     0.285273023,0,,cache-misses:u,1149856,100.00,,
     0.285273023,1532481,,bus-cycles:u,1149792,100.00,,
     0.285273023,1731356,,instructions:u,1149792,100.00,,
     0.286421146,86447,,branch-misses:u,1147744,100.00,,
     0.286421146,0,,cache-misses:u,1147712,100.00,,
     0.286421146,1530325,,bus-cycles:u,1147744,100.00,,
     0.286421146,1733190,,instructions:u,1147744,100.00,,
     0.287570005,86062,,branch-misses:u,1148832,100.00,,
     0.287570005,0,,cache-misses:u,1148800,100.00,,
     0.287570005,1525414,,bus-cycles:u,1148832,100.00,,
     0.287570005,1720340,,instructions:u,1148832,100.00,,
     0.288720689,86617,,branch-misses:u,1150144,100.00,,
     0.288720689,0,,cache-misses:u,1150208,100.00,,
     0.288720689,1533186,,bus-cycles:u,1150240,100.00,,
     0.288720689,1729520,,instructions:u,1150240,100.00,,
     0.289869196,86506,,branch-misses:u,1148032,100.00,,
     0.289869196,0,,cache-misses:u,1148000,100.00,,
     0.289869196,1530030,,bus-cycles:u,1147968,100.00,,
     0.289869196,1729580,,instructions:u,1147968,100.00,,
     0.291018471,86100,,branch-misses:u,1149088,100.00,,
     0.291018471,0,,cache-misses:u,1149216,100.00,,
     0.291018471,1526315,,bus-cycles:u,1149216,100.00,,
     0.291018471,1727630,,instructions:u,1149184,100.00,,
     0.292168002,86888,,branch-misses:u,1149120,100.00,,
     0.292168002,0,,cache-misses:u,1148832,100.00,,
     0.292168002,1531004,,bus-cycles:u,1148800,100.00,,
     0.292168002,1732110,,instructions:u,1148736,100.00,,
     0.293315901,86535,,branch-misses:u,1147424,100.00,,
     0.293315901,0,,cache-misses:u,1147584,100.00,,
     0.293315901,1529278,,bus-cycles:u,1147552,100.00,,
     0.293315901,1735950,,instructions:u,1147584,100.00,,
     0.294463928,85941,,branch-misses:u,1147744,100.00,,
     0.294463928,0,,cache-misses:u,1147648,100.00,,
     0.294463928,1529799,,bus-cycles:u,1147680,100.00,,
     0.294463928,1718140,,instructions:u,1147648,100.00,,
     0.295612787,85974,,branch-misses:u,1148832,100.00,,
     0.295612787,0,,cache-misses:u,1148928,100.00,,
     0.295612787,1526402,,bus-cycles:u,1148960,100.00,,
     0.295612787,1723580,,instructions:u,1148992,100.00,,
     0.296762703,86395,,branch-misses:u,1149280,100.00,,
     0.296762703,0,,cache-misses:u,1149184,100.00,,
     0.296762703,1531749,,bus-cycles:u,1149120,100.00,,
     0.296762703,1723400,,instructions:u,1149152,100.00,,
     0.297921645,86784,,branch-misses:u,1158752,100.00,,
     0.297921645,0,,cache-misses:u,1158816,100.00,,
     0.297921645,1545012,,bus-cycles:u,1158912,100.00,,
     0.297921645,1732930,,instructions:u,1158912,100.00,,
     0.299073225,86379,,branch-misses:u,1151136,100.00,,
     0.299073225,0,,cache-misses:u,1151488,100.00,,
     0.299073225,1530760,,bus-cycles:u,1151360,100.00,,
     0.299073225,1731590,,instructions:u,1151328,100.00,,
     0.300223013,86082,,branch-misses:u,1149472,100.00,,
     0.300223013,0,,cache-misses:u,1149216,100.00,,
     0.300223013,1532191,,bus-cycles:u,1149152,100.00,,
     0.300223013,1724200,,instructions:u,1149216,100.00,,
     0.301371488,86026,,branch-misses:u,1148000,100.00,,
     0.301371488,0,,cache-misses:u,1147904,100.00,,
     0.301371488,1531411,,bus-cycles:u,1147968,100.00,,
     0.301371488,1716998,,instructions:u,1148000,100.00,,
     0.302519707,81113,,branch-misses:u,1148352,100.00,,
     0.302519707,0,,cache-misses:u,1148320,100.00,,
     0.302519707,1449325,,bus-cycles:u,1148352,100.00,,
     0.302519707,1628722,,instructions:u,1148256,100.00,,
     0.303669526,86257,,branch-misses:u,1149440,100.00,,
     0.303669526,0,,cache-misses:u,1149504,100.00,,
     0.303669526,1526749,,bus-cycles:u,1149568,100.00,,
     0.303669526,1724840,,instructions:u,1149600,100.00,,
     0.304820370,86870,,branch-misses:u,1150048,100.00,,
     0.304820370,0,,cache-misses:u,1150048,100.00,,
     0.304820370,1532701,,bus-cycles:u,1149920,100.00,,
     0.304820370,1734410,,instructions:u,1149984,100.00,,
     0.305968461,86402,,branch-misses:u,1147744,100.00,,
     0.305968461,0,,cache-misses:u,1147776,100.00,,
     0.305968461,1530139,,bus-cycles:u,1147872,100.00,,
     0.305968461,1728494,,instructions:u,1147776,100.00,,
     0.307124810,86582,,branch-misses:u,1156480,100.00,,
     0.307124810,0,,cache-misses:u,1156480,100.00,,
     0.307124810,1536243,,bus-cycles:u,1156448,100.00,,
     0.307124810,1741616,,instructions:u,1156480,100.00,,
     0.308275366,86505,,branch-misses:u,1149920,100.00,,
     0.308275366,0,,cache-misses:u,1149824,100.00,,
     0.308275366,1532843,,bus-cycles:u,1149824,100.00,,
     0.308275366,1725120,,instructions:u,1149888,100.00,,
     0.309424417,86462,,branch-misses:u,1148544,100.00,,
     0.309424417,0,,cache-misses:u,1148480,100.00,,
     0.309424417,1531772,,bus-cycles:u,1148512,100.00,,
     0.309424417,1731140,,instructions:u,1148416,100.00,,
     0.310572572,86202,,branch-misses:u,1147904,100.00,,
     0.310572572,0,,cache-misses:u,1147872,100.00,,
     0.310572572,1530288,,bus-cycles:u,1147840,100.00,,
     0.310572572,1727320,,instructions:u,1147904,100.00,,
     0.311720919,86158,,branch-misses:u,1148256,100.00,,
     0.311720919,0,,cache-misses:u,1148352,100.00,,
     0.311720919,1525558,,bus-cycles:u,1148384,100.00,,
     0.311720919,1728820,,instructions:u,1148416,100.00,,
     0.312870579,86404,,branch-misses:u,1148992,100.00,,
     0.312870579,0,,cache-misses:u,1149088,100.00,,
     0.312870579,1531993,,bus-cycles:u,1149056,100.00,,
     0.312870579,1724980,,instructions:u,1148928,100.00,,
     0.314018894,86207,,branch-misses:u,1147904,100.00,,
     0.314018894,0,,cache-misses:u,1147744,100.00,,
     0.314018894,1531092,,bus-cycles:u,1147744,100.00,,
     0.314018894,1729050,,instructions:u,1147840,100.00,,
     0.315168393,86269,,branch-misses:u,1149440,100.00,,
     0.315168393,0,,cache-misses:u,1149472,100.00,,
     0.315168393,1525612,,bus-cycles:u,1149472,100.00,,
     0.315168393,1722910,,instructions:u,1149504,100.00,,
     0.316317924,86290,,branch-misses:u,1148832,100.00,,
     0.316317924,0,,cache-misses:u,1148896,100.00,,
     0.316317924,1531373,,bus-cycles:u,1148896,100.00,,
     0.316317924,1726000,,instructions:u,1148864,100.00,,
     0.317465567,86382,,branch-misses:u,1147328,100.00,,
     0.317465567,0,,cache-misses:u,1147168,100.00,,
     0.317465567,1529348,,bus-cycles:u,1147104,100.00,,
     0.317465567,1725870,,instructions:u,1147104,100.00,,
     0.318632960,87748,,branch-misses:u,1167200,100.00,,
     0.318632960,0,,cache-misses:u,1167712,100.00,,
     0.318632960,1557203,,bus-cycles:u,1167904,100.00,,
     0.318632960,1753988,,instructions:u,1167840,100.00,,
     0.319797280,87280,,branch-misses:u,1164384,100.00,,
     0.319797280,0,,cache-misses:u,1164032,100.00,,
     0.319797280,1546147,,bus-cycles:u,1164032,100.00,,
     0.319797280,1740962,,instructions:u,1164032,100.00,,
     0.320945979,86409,,branch-misses:u,1147744,100.00,,
     0.320945979,0,,cache-misses:u,1147744,100.00,,
     0.320945979,1530476,,bus-cycles:u,1147616,100.00,,
     0.320945979,1721060,,instructions:u,1147712,100.00,,
     0.322093910,86684,,branch-misses:u,1147648,100.00,,
     0.322093910,0,,cache-misses:u,1147552,100.00,,
     0.322093910,1530470,,bus-cycles:u,1147584,100.00,,
     0.322093910,1732430,,instructions:u,1147584,100.00,,
     0.323242193,85972,,branch-misses:u,1148224,100.00,,
     0.323242193,0,,cache-misses:u,1148288,100.00,,
     0.323242193,1527210,,bus-cycles:u,1148352,100.00,,
     0.323242193,1718930,,instructions:u,1148320,100.00,,
     0.324391596,86453,,branch-misses:u,1148704,100.00,,
     0.324391596,0,,cache-misses:u,1148736,100.00,,
     0.324391596,1531948,,bus-cycles:u,1148640,100.00,,
     0.324391596,1731090,,instructions:u,1148576,100.00,,
     0.325539495,86375,,branch-misses:u,1147552,100.00,,
     0.325539495,0,,cache-misses:u,1147520,100.00,,
     0.325539495,1530503,,bus-cycles:u,1147584,100.00,,
     0.325539495,1722820,,instructions:u,1147648,100.00,,
     0.326687682,85901,,branch-misses:u,1148416,100.00,,
     0.326687682,0,,cache-misses:u,1148544,100.00,,
     0.326687682,1526075,,bus-cycles:u,1148448,100.00,,
     0.326687682,1722000,,instructions:u,1148416,100.00,,
     0.327837533,86242,,branch-misses:u,1148992,100.00,,
     0.327837533,0,,cache-misses:u,1148864,100.00,,
     0.327837533,1531125,,bus-cycles:u,1148928,100.00,,
     0.327837533,1723840,,instructions:u,1148960,100.00,,
     0.328985432,85997,,branch-misses:u,1147424,100.00,,
     0.328985432,0,,cache-misses:u,1147520,100.00,,
     0.328985432,1529806,,bus-cycles:u,1147424,100.00,,
     0.328985432,1717288,,instructions:u,1147424,100.00,,
     0.330132787,85845,,branch-misses:u,1147104,100.00,,
     0.330132787,0,,cache-misses:u,1147008,100.00,,
     0.330132787,1529611,,bus-cycles:u,1147104,100.00,,
     0.330132787,1721402,,instructions:u,1147104,100.00,,
     0.331281358,85701,,branch-misses:u,1148672,100.00,,
     0.331281358,0,,cache-misses:u,1148768,100.00,,
     0.331281358,1525549,,bus-cycles:u,1148800,100.00,,
     0.331281358,1716030,,instructions:u,1148832,100.00,,
     0.332430569,85954,,branch-misses:u,1148384,100.00,,
     0.332430569,0,,cache-misses:u,1148384,100.00,,
     0.332430569,1531251,,bus-cycles:u,1148288,100.00,,
     0.332430569,1722310,,instructions:u,1148224,100.00,,
     0.333578244,86609,,branch-misses:u,1147360,100.00,,
     0.333578244,0,,cache-misses:u,1147296,100.00,,
     0.333578244,1530222,,bus-cycles:u,1147360,100.00,,
     0.333578244,1727450,,instructions:u,1147392,100.00,,
     0.334726879,86018,,branch-misses:u,1148288,100.00,,
     0.334726879,0,,cache-misses:u,1148288,100.00,,
     0.334726879,1526339,,bus-cycles:u,1148256,100.00,,
     0.334726879,1719300,,instructions:u,1148256,100.00,,
     0.335875771,86408,,branch-misses:u,1148512,100.00,,
     0.335875771,0,,cache-misses:u,1148544,100.00,,
     0.335875771,1531064,,bus-cycles:u,1148544,100.00,,
     0.335875771,1727608,,instructions:u,1148544,100.00,,
     0.337023477,86550,,branch-misses:u,1147360,100.00,,
     0.337023477,0,,cache-misses:u,1147360,100.00,,
     0.337023477,1529332,,bus-cycles:u,1147360,100.00,,
     0.337023477,1735016,,instructions:u,1147360,100.00,,
     0.338171728,86238,,branch-misses:u,1147968,100.00,,
     0.338171728,0,,cache-misses:u,1147968,100.00,,
     0.338171728,1530315,,bus-cycles:u,1148000,100.00,,
     0.338171728,1725126,,instructions:u,1147968,100.00,,
     0.339333712,86558,,branch-misses:u,1162080,100.00,,
     0.339333712,0,,cache-misses:u,1162240,100.00,,
     0.339333712,1544637,,bus-cycles:u,1162400,100.00,,
     0.339333712,1735720,,instructions:u,1162432,100.00,,
     0.340484523,86382,,branch-misses:u,1150016,100.00,,
     0.340484523,0,,cache-misses:u,1149792,100.00,,
     0.340484523,1532617,,bus-cycles:u,1149600,100.00,,
     0.340484523,1727520,,instructions:u,1149536,100.00,,
     0.341632902,86258,,branch-misses:u,1147840,100.00,,
     0.341632902,0,,cache-misses:u,1147872,100.00,,
     0.341632902,1530320,,bus-cycles:u,1147872,100.00,,
     0.341632902,1726698,,instructions:u,1147840,100.00,,
     0.342781633,85771,,branch-misses:u,1148832,100.00,,
     0.342781633,0,,cache-misses:u,1148704,100.00,,
     0.342781633,1525262,,bus-cycles:u,1148672,100.00,,
     0.342781633,1722722,,instructions:u,1148736,100.00,,
     0.343930365,86527,,branch-misses:u,1148096,100.00,,
     0.343930365,0,,cache-misses:u,1148160,100.00,,
     0.343930365,1530872,,bus-cycles:u,1148160,100.00,,
     0.343930365,1730300,,instructions:u,1148128,100.00,,
     0.345078199,86189,,branch-misses:u,1147392,100.00,,
     0.345078199,0,,cache-misses:u,1147424,100.00,,
     0.345078199,1530672,,bus-cycles:u,1147520,100.00,,
     0.345078199,1728380,,instructions:u,1147520,100.00,,
     0.346225714,85895,,branch-misses:u,1147200,100.00,,
     0.346225714,0,,cache-misses:u,1147136,100.00,,
     0.346225714,1529789,,bus-cycles:u,1147072,100.00,,
     0.346225714,1720800,,instructions:u,1147040,100.00,,
     0.347373645,86059,,branch-misses:u,1147648,100.00,,
     0.347373645,0,,cache-misses:u,1147584,100.00,,
     0.347373645,1526368,,bus-cycles:u,1147520,100.00,,
     0.347373645,1721410,,instructions:u,1147584,100.00,,
     0.348522760,85607,,branch-misses:u,1148672,100.00,,
     0.348522760,0,,cache-misses:u,1148832,100.00,,
     0.348522760,1531431,,bus-cycles:u,1148864,100.00,,
     0.348522760,1710230,,instructions:u,1148768,100.00,,
     0.349670531,86155,,branch-misses:u,1147424,100.00,,
     0.349670531,0,,cache-misses:u,1147456,100.00,,
     0.349670531,1529869,,bus-cycles:u,1147456,100.00,,
     0.349670531,1724141,,instructions:u,1147456,100.00,,
     0.350819614,86293,,branch-misses:u,1149184,100.00,,
     0.350819614,0,,cache-misses:u,1149120,100.00,,
     0.350819614,1527693,,bus-cycles:u,1149120,100.00,,
     0.350819614,1726279,,instructions:u,1149248,100.00,,
     0.351968602,86389,,branch-misses:u,1148288,100.00,,
     0.351968602,0,,cache-misses:u,1148288,100.00,,
     0.351968602,1531349,,bus-cycles:u,1148352,100.00,,
     0.351968602,1722710,,instructions:u,1148288,100.00,,
     0.353116661,86214,,branch-misses:u,1147680,100.00,,
     0.353116661,0,,cache-misses:u,1147744,100.00,,
     0.353116661,1530434,,bus-cycles:u,1147744,100.00,,
     0.353116661,1722700,,instructions:u,1147648,100.00,,
     0.354265232,86730,,branch-misses:u,1148192,100.00,,
     0.354265232,0,,cache-misses:u,1148128,100.00,,
     0.354265232,1530965,,bus-cycles:u,1148032,100.00,,
     0.354265232,1728940,,instructions:u,1148096,100.00,,
     0.355414667,86337,,branch-misses:u,1149120,100.00,,
     0.355414667,0,,cache-misses:u,1149056,100.00,,
     0.355414667,1527301,,bus-cycles:u,1149056,100.00,,
     0.355414667,1726560,,instructions:u,1149088,100.00,,
     0.356563878,86632,,branch-misses:u,1148832,100.00,,
     0.356563878,0,,cache-misses:u,1148896,100.00,,
     0.356563878,1532158,,bus-cycles:u,1148896,100.00,,
     0.356563878,1741270,,instructions:u,1148896,100.00,,
     0.357712097,86368,,branch-misses:u,1147776,100.00,,
     0.357712097,0,,cache-misses:u,1147712,100.00,,
     0.357712097,1530525,,bus-cycles:u,1147744,100.00,,
     0.357712097,1726280,,instructions:u,1147744,100.00,,
     0.358861597,86253,,branch-misses:u,1149280,100.00,,
     0.358861597,0,,cache-misses:u,1149216,100.00,,
     0.358861597,1527912,,bus-cycles:u,1149216,100.00,,
     0.358861597,1726570,,instructions:u,1149216,100.00,,
     0.360012120,86427,,branch-misses:u,1150208,100.00,,
     0.360012120,0,,cache-misses:u,1150240,100.00,,
     0.360012120,1532646,,bus-cycles:u,1150272,100.00,,
     0.360012120,1725820,,instructions:u,1150272,100.00,,
     0.361170839,86376,,branch-misses:u,1158592,100.00,,
     0.361170839,0,,cache-misses:u,1158816,100.00,,
     0.361170839,1544871,,bus-cycles:u,1158816,100.00,,
     0.361170839,1730080,,instructions:u,1158816,100.00,,
     0.362320114,86405,,branch-misses:u,1148704,100.00,,
     0.362320114,0,,cache-misses:u,1148512,100.00,,
     0.362320114,1530652,,bus-cycles:u,1148480,100.00,,
     0.362320114,1722610,,instructions:u,1148480,100.00,,
     0.363469101,86087,,branch-misses:u,1148736,100.00,,
     0.363469101,0,,cache-misses:u,1148736,100.00,,
     0.363469101,1525870,,bus-cycles:u,1148736,100.00,,
     0.363469101,1721861,,instructions:u,1148736,100.00,,
     0.364618504,86326,,branch-misses:u,1148960,100.00,,
     0.364618504,0,,cache-misses:u,1148928,100.00,,
     0.364618504,1530879,,bus-cycles:u,1148960,100.00,,
     0.364618504,1732195,,instructions:u,1148960,100.00,,
     0.365766435,86221,,branch-misses:u,1147456,100.00,,
     0.365766435,0,,cache-misses:u,1147552,100.00,,
     0.365766435,1529149,,bus-cycles:u,1147520,100.00,,
     0.365766435,1721154,,instructions:u,1147488,100.00,,
     0.366914782,86047,,branch-misses:u,1148416,100.00,,
     0.366914782,0,,cache-misses:u,1148384,100.00,,
     0.366914782,1524588,,bus-cycles:u,1148352,100.00,,
     0.366914782,1719060,,instructions:u,1148384,100.00,,
     0.368064314,86810,,branch-misses:u,1148928,100.00,,
     0.368064314,0,,cache-misses:u,1148896,100.00,,
     0.368064314,1531750,,bus-cycles:u,1148896,100.00,,
     0.368064314,1732930,,instructions:u,1148896,100.00,,
     0.369211924,86749,,branch-misses:u,1147296,100.00,,
     0.369211924,0,,cache-misses:u,1147328,100.00,,
     0.369211924,1529820,,bus-cycles:u,1147392,100.00,,
     0.369211924,1731430,,instructions:u,1147392,100.00,,
     0.370359919,85672,,branch-misses:u,1147680,100.00,,
     0.370359919,0,,cache-misses:u,1147744,100.00,,
     0.370359919,1529848,,bus-cycles:u,1147680,100.00,,
     0.370359919,1707530,,instructions:u,1147712,100.00,,
     0.371508394,85615,,branch-misses:u,1148480,100.00,,
     0.371508394,0,,cache-misses:u,1148416,100.00,,
     0.371508394,1523769,,bus-cycles:u,1148480,100.00,,
     0.371508394,1714172,,instructions:u,1148416,100.00,,
     0.372658214,86526,,branch-misses:u,1148960,100.00,,
     0.372658214,0,,cache-misses:u,1149056,100.00,,
     0.372658214,1532326,,bus-cycles:u,1149088,100.00,,
     0.372658214,1726014,,instructions:u,1149152,100.00,,
     0.373806529,85871,,branch-misses:u,1148032,100.00,,
     0.373806529,0,,cache-misses:u,1147840,100.00,,
     0.373806529,1530671,,bus-cycles:u,1147680,100.00,,
     0.373806529,1715876,,instructions:u,1147648,100.00,,
     0.374955676,86042,,branch-misses:u,1148800,100.00,,
     0.374955676,0,,cache-misses:u,1148832,100.00,,
     0.374955676,1526529,,bus-cycles:u,1148928,100.00,,
     0.374955676,1718968,,instructions:u,1148928,100.00,,
     0.376105368,85949,,branch-misses:u,1149280,100.00,,
     0.376105368,0,,cache-misses:u,1149312,100.00,,
     0.376105368,1532792,,bus-cycles:u,1149344,100.00,,
     0.376105368,1721330,,instructions:u,1149344,100.00,,
     0.377253427,86040,,branch-misses:u,1147776,100.00,,
     0.377253427,0,,cache-misses:u,1147648,100.00,,
     0.377253427,1530206,,bus-cycles:u,1147616,100.00,,
     0.377253427,1718700,,instructions:u,1147584,100.00,,
     0.378401902,86887,,branch-misses:u,1148064,100.00,,
     0.378401902,0,,cache-misses:u,1148288,100.00,,
     0.378401902,1530818,,bus-cycles:u,1148224,100.00,,
     0.378401902,1731040,,instructions:u,1148256,100.00,,
     0.379550729,85775,,branch-misses:u,1148864,100.00,,
     0.379550729,0,,cache-misses:u,1148736,100.00,,
     0.379550729,1523431,,bus-cycles:u,1148832,100.00,,
     0.379550729,1710450,,instructions:u,1148800,100.00,,
     0.380700644,86069,,branch-misses:u,1149248,100.00,,
     0.380700644,0,,cache-misses:u,1149408,100.00,,
     0.380700644,1533209,,bus-cycles:u,1149504,100.00,,
     0.380700644,1722610,,instructions:u,1149600,100.00,,
     0.381863076,86078,,branch-misses:u,1162112,100.00,,
     0.381863076,0,,cache-misses:u,1162432,100.00,,
     0.381863076,1550812,,bus-cycles:u,1162304,100.00,,
     0.381863076,1723360,,instructions:u,1162272,100.00,,
     0.383013183,85712,,branch-misses:u,1150016,100.00,,
     0.383013183,0,,cache-misses:u,1149664,100.00,,
     0.383013183,1527669,,bus-cycles:u,1149664,100.00,,
     0.383013183,1714590,,instructions:u,1149664,100.00,,
     0.384162875,86429,,branch-misses:u,1149024,100.00,,
     0.384162875,0,,cache-misses:u,1148896,100.00,,
     0.384162875,1532332,,bus-cycles:u,1148864,100.00,,
     0.384162875,1725088,,instructions:u,1148832,100.00,,
     0.385310613,86250,,branch-misses:u,1147360,100.00,,
     0.385310613,0,,cache-misses:u,1147392,100.00,,
     0.385310613,1530822,,bus-cycles:u,1147424,100.00,,
     0.385310613,1726802,,instructions:u,1147456,100.00,,
     0.386458736,86533,,branch-misses:u,1147840,100.00,,
     0.386458736,0,,cache-misses:u,1147712,100.00,,
     0.386458736,1530681,,bus-cycles:u,1147616,100.00,,
     0.386458736,1732950,,instructions:u,1147616,100.00,,
     0.387607371,86319,,branch-misses:u,1148288,100.00,,
     0.387607371,0,,cache-misses:u,1148416,100.00,,
     0.387607371,1528428,,bus-cycles:u,1148512,100.00,,
     0.387607371,1726510,,instructions:u,1148480,100.00,,
     0.388756775,86534,,branch-misses:u,1149056,100.00,,
     0.388756775,0,,cache-misses:u,1148992,100.00,,
     0.388756775,1532958,,bus-cycles:u,1149056,100.00,,
     0.388756775,1736900,,instructions:u,1149024,100.00,,
     0.389904258,86275,,branch-misses:u,1147040,100.00,,
     0.389904258,0,,cache-misses:u,1147104,100.00,,
     0.389904258,1529830,,bus-cycles:u,1147040,100.00,,
     0.389904258,1723200,,instructions:u,1147040,100.00,,
     0.391052861,86219,,branch-misses:u,1148480,100.00,,
     0.391052861,0,,cache-misses:u,1148576,100.00,,
     0.391052861,1526535,,bus-cycles:u,1148640,100.00,,
     0.391052861,1719840,,instructions:u,1148608,100.00,,
     0.392201816,86284,,branch-misses:u,1148448,100.00,,
     0.392201816,0,,cache-misses:u,1148384,100.00,,
     0.392201816,1531212,,bus-cycles:u,1148320,100.00,,
     0.392201816,1730650,,instructions:u,1148384,100.00,,
     0.393349395,85728,,branch-misses:u,1147168,100.00,,
     0.393349395,0,,cache-misses:u,1147232,100.00,,
     0.393349395,1529313,,bus-cycles:u,1147200,100.00,,
     0.393349395,1716770,,instructions:u,1147168,100.00,,
     0.394496781,86011,,branch-misses:u,1147072,100.00,,
     0.394496781,0,,cache-misses:u,1147008,100.00,,
     0.394496781,1529315,,bus-cycles:u,1147040,100.00,,
     0.394496781,1718040,,instructions:u,1147104,100.00,,
     0.395644680,85505,,branch-misses:u,1147648,100.00,,
     0.395644680,0,,cache-misses:u,1147712,100.00,,
     0.395644680,1524350,,bus-cycles:u,1147680,100.00,,
     0.395644680,1714460,,instructions:u,1147680,100.00,,
     0.396793187,86337,,branch-misses:u,1148128,100.00,,
     0.396793187,0,,cache-misses:u,1148096,100.00,,
     0.396793187,1531513,,bus-cycles:u,1148064,100.00,,
     0.396793187,1724590,,instructions:u,1148096,100.00,,
     0.397940702,85198,,branch-misses:u,1147232,100.00,,
     0.397940702,0,,cache-misses:u,1147104,100.00,,
     0.397940702,1529584,,bus-cycles:u,1147200,100.00,,
     0.397940702,1702981,,instructions:u,1147168,100.00,,
     0.399089401,85749,,branch-misses:u,1148416,100.00,,
     0.399089401,0,,cache-misses:u,1148480,100.00,,
     0.399089401,1527080,,bus-cycles:u,1148480,100.00,,
     0.399089401,1714839,,instructions:u,1148416,100.00,,
     0.400238228,85906,,branch-misses:u,1148480,100.00,,
     0.400238228,0,,cache-misses:u,1148416,100.00,,
     0.400238228,1531575,,bus-cycles:u,1148384,100.00,,
     0.400238228,1717370,,instructions:u,1148416,100.00,,
     0.401385583,85699,,branch-misses:u,1146848,100.00,,
     0.401385583,0,,cache-misses:u,1146912,100.00,,
     0.401385583,1529512,,bus-cycles:u,1146944,100.00,,
     0.401385583,1707760,,instructions:u,1146944,100.00,,
     0.402533418,86346,,branch-misses:u,1147520,100.00,,
     0.402533418,0,,cache-misses:u,1147552,100.00,,
     0.402533418,1531136,,bus-cycles:u,1147520,100.00,,
     0.402533418,1730990,,instructions:u,1147552,100.00,,
     0.403691752,87344,,branch-misses:u,1158336,100.00,,
     0.403691752,0,,cache-misses:u,1158464,100.00,,
     0.403691752,1539963,,bus-cycles:u,1158464,100.00,,
     0.403691752,1742620,,instructions:u,1158464,100.00,,
     0.404843460,82466,,branch-misses:u,1151552,100.00,,
     0.404843460,0,,cache-misses:u,1151456,100.00,,
     0.404843460,1454764,,bus-cycles:u,1151424,100.00,,
     0.404843460,1645480,,instructions:u,1151392,100.00,,
     0.405993055,86792,,branch-misses:u,1148800,100.00,,
     0.405993055,0,,cache-misses:u,1148672,100.00,,
     0.405993055,1532241,,bus-cycles:u,1148736,100.00,,
     0.405993055,1735160,,instructions:u,1148736,100.00,,
     0.407141915,86025,,branch-misses:u,1148736,100.00,,
     0.407141915,0,,cache-misses:u,1148832,100.00,,
     0.407141915,1526588,,bus-cycles:u,1148832,100.00,,
     0.407141915,1721730,,instructions:u,1148800,100.00,,
     0.408291446,86790,,branch-misses:u,1148928,100.00,,
     0.408291446,0,,cache-misses:u,1148800,100.00,,
     0.408291446,1532927,,bus-cycles:u,1148800,100.00,,
     0.408291446,1730190,,instructions:u,1148800,100.00,,
     0.409438865,86498,,branch-misses:u,1147008,100.00,,
     0.409438865,0,,cache-misses:u,1147136,100.00,,
     0.409438865,1530101,,bus-cycles:u,1147136,100.00,,
     0.409438865,1716990,,instructions:u,1147072,100.00,,
     0.410586476,85900,,branch-misses:u,1147168,100.00,,
     0.410586476,0,,cache-misses:u,1147136,100.00,,
     0.410586476,1529760,,bus-cycles:u,1147104,100.00,,
     0.410586476,1721810,,instructions:u,1147168,100.00,,
     0.411748747,87229,,branch-misses:u,1162464,100.00,,
     0.411748747,0,,cache-misses:u,1162624,100.00,,
     0.411748747,1546025,,bus-cycles:u,1162592,100.00,,
     0.411748747,1740740,,instructions:u,1162656,100.00,,
     0.412899238,86524,,branch-misses:u,1149728,100.00,,
     0.412899238,0,,cache-misses:u,1149536,100.00,,
     0.412899238,1532847,,bus-cycles:u,1149600,100.00,,
     0.412899238,1731340,,instructions:u,1149568,100.00,,
     0.414047713,86009,,branch-misses:u,1148000,100.00,,
     0.414047713,0,,cache-misses:u,1148064,100.00,,
     0.414047713,1530689,,bus-cycles:u,1148032,100.00,,
     0.414047713,1719440,,instructions:u,1148032,100.00,,
     0.415196541,85945,,branch-misses:u,1148928,100.00,,
     0.415196541,0,,cache-misses:u,1148992,100.00,,
     0.415196541,1526693,,bus-cycles:u,1148992,100.00,,
     0.415196541,1721990,,instructions:u,1148992,100.00,,
     0.416346744,86018,,branch-misses:u,1149504,100.00,,
     0.416346744,0,,cache-misses:u,1149504,100.00,,
     0.416346744,1532745,,bus-cycles:u,1149440,100.00,,
     0.416346744,1723610,,instructions:u,1149440,100.00,,
     0.417494355,86270,,branch-misses:u,1147328,100.00,,
     0.417494355,0,,cache-misses:u,1147264,100.00,,
     0.417494355,1530046,,bus-cycles:u,1147456,100.00,,
     0.417494355,1723860,,instructions:u,1147456,100.00,,
     0.418642734,86367,,branch-misses:u,1147936,100.00,,
     0.418642734,0,,cache-misses:u,1148000,100.00,,
     0.418642734,1530326,,bus-cycles:u,1147872,100.00,,
     0.418642734,1728858,,instructions:u,1147904,100.00,,
     0.419803533,86975,,branch-misses:u,1160544,100.00,,
     0.419803533,0,,cache-misses:u,1160544,100.00,,
     0.419803533,1543535,,bus-cycles:u,1160608,100.00,,
     0.419803533,1739742,,instructions:u,1160608,100.00,,
     0.420952616,86546,,branch-misses:u,1148704,100.00,,
     0.420952616,0,,cache-misses:u,1148640,100.00,,
     0.420952616,1531554,,bus-cycles:u,1148608,100.00,,
     0.420952616,1727440,,instructions:u,1148608,100.00,,
     0.422100963,86448,,branch-misses:u,1147904,100.00,,
     0.422100963,0,,cache-misses:u,1147872,100.00,,
     0.422100963,1530891,,bus-cycles:u,1147872,100.00,,
     0.422100963,1728800,,instructions:u,1147840,100.00,,
     0.423249982,86424,,branch-misses:u,1149024,100.00,,
     0.423249982,0,,cache-misses:u,1149088,100.00,,
     0.423249982,1527175,,bus-cycles:u,1149056,100.00,,
     0.423249982,1723710,,instructions:u,1149088,100.00,,
     0.424415583,87508,,branch-misses:u,1165024,100.00,,
     0.424415583,0,,cache-misses:u,1165312,100.00,,
     0.424415583,1554062,,bus-cycles:u,1165248,100.00,,
     0.424415583,1746440,,instructions:u,1165216,100.00,,
     0.425564986,86596,,branch-misses:u,1148928,100.00,,
     0.425564986,0,,cache-misses:u,1148544,100.00,,
     0.425564986,1531805,,bus-cycles:u,1148640,100.00,,
     0.425564986,1726840,,instructions:u,1148640,100.00,,
     0.426713813,86516,,branch-misses:u,1148640,100.00,,
     0.426713813,0,,cache-misses:u,1148672,100.00,,
     0.426713813,1528025,,bus-cycles:u,1148672,100.00,,
     0.426713813,1733580,,instructions:u,1148672,100.00,,
     0.427863120,85808,,branch-misses:u,1148864,100.00,,
     0.427863120,0,,cache-misses:u,1148992,100.00,,
     0.427863120,1532481,,bus-cycles:u,1149056,100.00,,
     0.427863120,1720100,,instructions:u,1149088,100.00,,
     0.429012524,86324,,branch-misses:u,1148960,100.00,,
     0.429012524,0,,cache-misses:u,1148992,100.00,,
     0.429012524,1531793,,bus-cycles:u,1148896,100.00,,
     0.429012524,1733760,,instructions:u,1148832,100.00,,
     0.430160327,86217,,branch-misses:u,1147616,100.00,,
     0.430160327,0,,cache-misses:u,1147392,100.00,,
     0.430160327,1530099,,bus-cycles:u,1147392,100.00,,
     0.430160327,1725126,,instructions:u,1147424,100.00,,
     0.431308642,85636,,branch-misses:u,1148256,100.00,,
     0.431308642,0,,cache-misses:u,1148352,100.00,,
     0.431308642,1526194,,bus-cycles:u,1148416,100.00,,
     0.431308642,1724554,,instructions:u,1148480,100.00,,
     0.432457917,86335,,branch-misses:u,1148544,100.00,,
     0.432457917,0,,cache-misses:u,1148448,100.00,,
     0.432457917,1531488,,bus-cycles:u,1148384,100.00,,
     0.432457917,1725870,,instructions:u,1148384,100.00,,
     0.433605400,86607,,branch-misses:u,1147104,100.00,,
     0.433605400,0,,cache-misses:u,1147040,100.00,,
     0.433605400,1529751,,bus-cycles:u,1147040,100.00,,
     0.433605400,1731580,,instructions:u,1147008,100.00,,
     0.434754323,85920,,branch-misses:u,1148832,100.00,,
     0.434754323,0,,cache-misses:u,1148960,100.00,,
     0.434754323,1526996,,bus-cycles:u,1148960,100.00,,
     0.434754323,1718200,,instructions:u,1148928,100.00,,
     0.435903470,86263,,branch-misses:u,1148640,100.00,,
     0.435903470,0,,cache-misses:u,1148736,100.00,,
     0.435903470,1532060,,bus-cycles:u,1148736,100.00,,
     0.435903470,1727400,,instructions:u,1148736,100.00,,
     0.437051145,86403,,branch-misses:u,1147232,100.00,,
     0.437051145,0,,cache-misses:u,1147200,100.00,,
     0.437051145,1529848,,bus-cycles:u,1147232,100.00,,
     0.437051145,1722489,,instructions:u,1147264,100.00,,
     0.438199172,85932,,branch-misses:u,1147712,100.00,,
     0.438199172,0,,cache-misses:u,1147744,100.00,,
     0.438199172,1530396,,bus-cycles:u,1147744,100.00,,
     0.438199172,1716841,,instructions:u,1147712,100.00,,
     0.439347391,85758,,branch-misses:u,1147840,100.00,,
     0.439347391,0,,cache-misses:u,1147840,100.00,,
     0.439347391,1524484,,bus-cycles:u,1147872,100.00,,
     0.439347391,1711730,,instructions:u,1147808,100.00,,
     0.440496634,86525,,branch-misses:u,1148992,100.00,,
     0.440496634,0,,cache-misses:u,1148992,100.00,,
     0.440496634,1532593,,bus-cycles:u,1148864,100.00,,
     0.440496634,1732570,,instructions:u,1148960,100.00,,
     0.441644181,85855,,branch-misses:u,1147040,100.00,,
     0.441644181,0,,cache-misses:u,1146880,100.00,,
     0.441644181,1529470,,bus-cycles:u,1146944,100.00,,
     0.441644181,1716200,,instructions:u,1146944,100.00,,
     0.442792464,85970,,branch-misses:u,1148000,100.00,,
     0.442792464,0,,cache-misses:u,1148224,100.00,,
     0.442792464,1527448,,bus-cycles:u,1148224,100.00,,
     0.442792464,1725810,,instructions:u,1148160,100.00,,
     0.443941611,86118,,branch-misses:u,1148800,100.00,,
     0.443941611,0,,cache-misses:u,1148704,100.00,,
     0.443941611,1532215,,bus-cycles:u,1148800,100.00,,
     0.443941611,1719400,,instructions:u,1148832,100.00,,
     0.445101226,86787,,branch-misses:u,1159456,100.00,,
     0.445101226,0,,cache-misses:u,1159712,100.00,,
     0.445101226,1545664,,bus-cycles:u,1159680,100.00,,
     0.445101226,1732110,,instructions:u,1159680,100.00,,
     0.446249605,86222,,branch-misses:u,1147808,100.00,,
     0.446249605,0,,cache-misses:u,1147808,100.00,,
     0.446249605,1531155,,bus-cycles:u,1147744,100.00,,
     0.446249605,1732050,,instructions:u,1147712,100.00,,
     0.447399808,85132,,branch-misses:u,1150240,100.00,,
     0.447399808,0,,cache-misses:u,1150112,100.00,,
     0.447399808,1528016,,bus-cycles:u,1150144,100.00,,
     0.447399808,1705130,,instructions:u,1150240,100.00,,
     0.448549340,85480,,branch-misses:u,1148864,100.00,,
     0.448549340,0,,cache-misses:u,1148672,100.00,,
     0.448549340,1531666,,bus-cycles:u,1148608,100.00,,
     0.448549340,1705730,,instructions:u,1148544,100.00,,
     0.449695702,85764,,branch-misses:u,1145952,100.00,,
     0.449695702,0,,cache-misses:u,1145952,100.00,,
     0.449695702,1528558,,bus-cycles:u,1145984,100.00,,
     0.449695702,1720210,,instructions:u,1145984,100.00,,
     0.450841264,85593,,branch-misses:u,1145248,100.00,,
     0.450841264,0,,cache-misses:u,1145376,100.00,,
     0.450841264,1521773,,bus-cycles:u,1145440,100.00,,
     0.450841264,1707040,,instructions:u,1145504,100.00,,
     0.451990924,86548,,branch-misses:u,1149312,100.00,,
     0.451990924,0,,cache-misses:u,1149600,100.00,,
     0.451990924,1533069,,bus-cycles:u,1149536,100.00,,
     0.451990924,1739400,,instructions:u,1149472,100.00,,
     0.453138310,86263,,branch-misses:u,1146944,100.00,,
     0.453138310,0,,cache-misses:u,1146624,100.00,,
     0.453138310,1529788,,bus-cycles:u,1146624,100.00,,
     0.453138310,1723430,,instructions:u,1146624,100.00,,
     0.454284929,86263,,branch-misses:u,1146336,100.00,,
     0.454284929,0,,cache-misses:u,1146112,100.00,,
     0.454284929,1529170,,bus-cycles:u,1146112,100.00,,
     0.454284929,1728730,,instructions:u,1146144,100.00,,
     0.455433372,86053,,branch-misses:u,1148800,100.00,,
     0.455433372,0,,cache-misses:u,1149312,100.00,,
     0.455433372,1527470,,bus-cycles:u,1149344,100.00,,
     0.455433372,1718380,,instructions:u,1149344,100.00,,
     0.456585464,86333,,branch-misses:u,1151168,100.00,,
     0.456585464,0,,cache-misses:u,1150976,100.00,,
     0.456585464,1534625,,bus-cycles:u,1150912,100.00,,
     0.456585464,1723230,,instructions:u,1150880,100.00,,
     0.457734003,84804,,branch-misses:u,1148192,100.00,,
     0.457734003,0,,cache-misses:u,1148224,100.00,,
     0.457734003,1531496,,bus-cycles:u,1148256,100.00,,
     0.457734003,1692090,,instructions:u,1148224,100.00,,
     0.458883246,86093,,branch-misses:u,1148896,100.00,,
     0.458883246,0,,cache-misses:u,1148672,100.00,,
     0.458883246,1527519,,bus-cycles:u,1148672,100.00,,
     0.458883246,1720140,,instructions:u,1148704,100.00,,
     0.460033130,85548,,branch-misses:u,1149472,100.00,,
     0.460033130,0,,cache-misses:u,1149856,100.00,,
     0.460033130,1533001,,bus-cycles:u,1149888,100.00,,
     0.460033130,1718730,,instructions:u,1149888,100.00,,
     0.461181733,86088,,branch-misses:u,1148288,100.00,,
     0.461181733,0,,cache-misses:u,1148224,100.00,,
     0.461181733,1530896,,bus-cycles:u,1148288,100.00,,
     0.461181733,1716080,,instructions:u,1148256,100.00,,
     0.462330048,86068,,branch-misses:u,1147936,100.00,,
     0.462330048,0,,cache-misses:u,1147968,100.00,,
     0.462330048,1530417,,bus-cycles:u,1147840,100.00,,
     0.462330048,1718550,,instructions:u,1147872,100.00,,
     0.463479163,86053,,branch-misses:u,1149152,100.00,,
     0.463479163,0,,cache-misses:u,1149152,100.00,,
     0.463479163,1526646,,bus-cycles:u,1149248,100.00,,
     0.463479163,1716630,,instructions:u,1149280,100.00,,
     0.464629399,86329,,branch-misses:u,1149504,100.00,,
     0.464629399,0,,cache-misses:u,1149472,100.00,,
     0.464629399,1533058,,bus-cycles:u,1149440,100.00,,
     0.464629399,1729580,,instructions:u,1149376,100.00,,
     0.465777458,86364,,branch-misses:u,1147776,100.00,,
     0.465777458,0,,cache-misses:u,1147520,100.00,,
     0.465777458,1530436,,bus-cycles:u,1147456,100.00,,
     0.465777458,1728790,,instructions:u,1147456,100.00,,
     0.466937456,86676,,branch-misses:u,1160160,100.00,,
     0.466937456,0,,cache-misses:u,1160512,100.00,,
     0.466937456,1542635,,bus-cycles:u,1160608,100.00,,
     0.466937456,1732930,,instructions:u,1160608,100.00,,
     0.468088460,86349,,branch-misses:u,1150080,100.00,,
     0.468088460,0,,cache-misses:u,1149888,100.00,,
     0.468088460,1533735,,bus-cycles:u,1149824,100.00,,
     0.468088460,1731370,,instructions:u,1149856,100.00,,
     0.469236231,85797,,branch-misses:u,1147488,100.00,,
     0.469236231,0,,cache-misses:u,1147552,100.00,,
     0.469236231,1531106,,bus-cycles:u,1147520,100.00,,
     0.469236231,1719000,,instructions:u,1147520,100.00,,
     0.470384002,85987,,branch-misses:u,1147328,100.00,,
     0.470384002,0,,cache-misses:u,1146976,100.00,,
     0.470384002,1530020,,bus-cycles:u,1147008,100.00,,
     0.470384002,1718720,,instructions:u,1147008,100.00,,
     0.471532829,86090,,branch-misses:u,1148544,100.00,,
     0.471532829,0,,cache-misses:u,1148672,100.00,,
     0.471532829,1528081,,bus-cycles:u,1148640,100.00,,
     0.471532829,1722690,,instructions:u,1148608,100.00,,
     0.472681944,84893,,branch-misses:u,1148704,100.00,,
     0.472681944,0,,cache-misses:u,1148960,100.00,,
     0.472681944,1532775,,bus-cycles:u,1149024,100.00,,
     0.472681944,1702630,,instructions:u,1149024,100.00,,
     0.473829555,86434,,branch-misses:u,1147168,100.00,,
     0.473829555,0,,cache-misses:u,1147104,100.00,,
     0.473829555,1530217,,bus-cycles:u,1147040,100.00,,
     0.473829555,1728630,,instructions:u,1147040,100.00,,
     0.474977870,86522,,branch-misses:u,1148064,100.00,,
     0.474977870,0,,cache-misses:u,1147872,100.00,,
     0.474977870,1526314,,bus-cycles:u,1147904,100.00,,
     0.474977870,1726300,,instructions:u,1147936,100.00,,
     0.476126601,86328,,branch-misses:u,1148352,100.00,,
     0.476126601,0,,cache-misses:u,1148224,100.00,,
     0.476126601,1531824,,bus-cycles:u,1148192,100.00,,
     0.476126601,1727020,,instructions:u,1148192,100.00,,
     0.477273668,86339,,branch-misses:u,1146816,100.00,,
     0.477273668,0,,cache-misses:u,1146784,100.00,,
     0.477273668,1529116,,bus-cycles:u,1146784,100.00,,
     0.477273668,1726490,,instructions:u,1146784,100.00,,
     0.478420927,86660,,branch-misses:u,1146816,100.00,,
     0.478420927,0,,cache-misses:u,1147168,100.00,,
     0.478420927,1530263,,bus-cycles:u,1147200,100.00,,
     0.478420927,1732250,,instructions:u,1147200,100.00,,
     0.479569082,86396,,branch-misses:u,1148160,100.00,,
     0.479569082,0,,cache-misses:u,1148160,100.00,,
     0.479569082,1526296,,bus-cycles:u,1148128,100.00,,
     0.479569082,1729350,,instructions:u,1148160,100.00,,
     0.480718933,87000,,branch-misses:u,1149280,100.00,,
     0.480718933,0,,cache-misses:u,1149280,100.00,,
     0.480718933,1533749,,bus-cycles:u,1149248,100.00,,
     0.480718933,1734160,,instructions:u,1149248,100.00,,
     0.481866416,86360,,branch-misses:u,1147008,100.00,,
     0.481866416,0,,cache-misses:u,1146816,100.00,,
     0.481866416,1529535,,bus-cycles:u,1146880,100.00,,
     0.481866416,1726730,,instructions:u,1146816,100.00,,
     0.483015179,86562,,branch-misses:u,1148608,100.00,,
     0.483015179,0,,cache-misses:u,1148672,100.00,,
     0.483015179,1527732,,bus-cycles:u,1148672,100.00,,
     0.483015179,1725130,,instructions:u,1148704,100.00,,
     0.484164070,86391,,branch-misses:u,1148512,100.00,,
     0.484164070,0,,cache-misses:u,1148448,100.00,,
     0.484164070,1532231,,bus-cycles:u,1148512,100.00,,
     0.484164070,1732980,,instructions:u,1148544,100.00,,
     0.485314146,85274,,branch-misses:u,1149728,100.00,,
     0.485314146,0,,cache-misses:u,1149984,100.00,,
     0.485314146,1533213,,bus-cycles:u,1149984,100.00,,
     0.485314146,1703680,,instructions:u,1149952,100.00,,
     0.486462941,86158,,branch-misses:u,1148384,100.00,,
     0.486462941,0,,cache-misses:u,1148384,100.00,,
     0.486462941,1531154,,bus-cycles:u,1148384,100.00,,
     0.486462941,1718320,,instructions:u,1148384,100.00,,
     0.487623484,86767,,branch-misses:u,1160672,100.00,,
     0.487623484,0,,cache-misses:u,1160704,100.00,,
     0.487623484,1542341,,bus-cycles:u,1160672,100.00,,
     0.487623484,1727570,,instructions:u,1160672,100.00,,
     0.488775096,86495,,branch-misses:u,1150784,100.00,,
     0.488775096,0,,cache-misses:u,1150848,100.00,,
     0.488775096,1535417,,bus-cycles:u,1150848,100.00,,
     0.488775096,1731050,,instructions:u,1150912,100.00,,
     0.489923731,86237,,branch-misses:u,1148256,100.00,,
     0.489923731,0,,cache-misses:u,1148128,100.00,,
     0.489923731,1531989,,bus-cycles:u,1148096,100.00,,
     0.489923731,1726164,,instructions:u,1148064,100.00,,
     0.491073134,86493,,branch-misses:u,1149120,100.00,,
     0.491073134,0,,cache-misses:u,1148864,100.00,,
     0.491073134,1527912,,bus-cycles:u,1148864,100.00,,
     0.491073134,1733542,,instructions:u,1148800,100.00,,
     0.492223274,86517,,branch-misses:u,1149696,100.00,,
     0.492223274,0,,cache-misses:u,1149664,100.00,,
     0.492223274,1534281,,bus-cycles:u,1149664,100.00,,
     0.492223274,1728484,,instructions:u,1149728,100.00,,
     0.493371108,86545,,branch-misses:u,1147488,100.00,,
     0.493371108,0,,cache-misses:u,1147552,100.00,,
     0.493371108,1531240,,bus-cycles:u,1147616,100.00,,
     0.493371108,1726400,,instructions:u,1147552,100.00,,
     0.494518719,86292,,branch-misses:u,1147264,100.00,,
     0.494518719,0,,cache-misses:u,1147328,100.00,,
     0.494518719,1530907,,bus-cycles:u,1147200,100.00,,
     0.494518719,1725281,,instructions:u,1147200,100.00,,
     0.495668379,85317,,branch-misses:u,1149376,100.00,,
     0.495668379,0,,cache-misses:u,1149408,100.00,,
     0.495668379,1529778,,bus-cycles:u,1149472,100.00,,
     0.495668379,1706689,,instructions:u,1149472,100.00,,
     0.496818518,86816,,branch-misses:u,1149760,100.00,,
     0.496818518,0,,cache-misses:u,1149664,100.00,,
     0.496818518,1534394,,bus-cycles:u,1149696,100.00,,
     0.496818518,1736150,,instructions:u,1149664,100.00,,
     0.497966289,86355,,branch-misses:u,1147456,100.00,,
     0.497966289,0,,cache-misses:u,1147424,100.00,,
     0.497966289,1530742,,bus-cycles:u,1147392,100.00,,
     0.497966289,1724410,,instructions:u,1147488,100.00,,
     0.499114988,86143,,branch-misses:u,1148608,100.00,,
     0.499114988,0,,cache-misses:u,1148640,100.00,,
     0.499114988,1527495,,bus-cycles:u,1148576,100.00,,
     0.499114988,1720150,,instructions:u,1148544,100.00,,
     0.500264135,86661,,branch-misses:u,1148544,100.00,,
     0.500264135,0,,cache-misses:u,1148512,100.00,,
     0.500264135,1533236,,bus-cycles:u,1148576,100.00,,
     0.500264135,1733240,,instructions:u,1148576,100.00,,
     0.501412226,86426,,branch-misses:u,1147680,100.00,,
     0.501412226,0,,cache-misses:u,1147712,100.00,,
     0.501412226,1531240,,bus-cycles:u,1147680,100.00,,
     0.501412226,1736060,,instructions:u,1147648,100.00,,
     0.502560381,86477,,branch-misses:u,1147936,100.00,,
     0.502560381,0,,cache-misses:u,1147840,100.00,,
     0.502560381,1531225,,bus-cycles:u,1147872,100.00,,
     0.502560381,1728550,,instructions:u,1147936,100.00,,
     0.503709273,86332,,branch-misses:u,1148896,100.00,,
     0.503709273,0,,cache-misses:u,1149056,100.00,,
     0.503709273,1523917,,bus-cycles:u,1149056,100.00,,
     0.503709273,1726580,,instructions:u,1148960,100.00,,
     0.504859636,85970,,branch-misses:u,1149600,100.00,,
     0.504859636,0,,cache-misses:u,1149568,100.00,,
     0.504859636,1533643,,bus-cycles:u,1149536,100.00,,
     0.504859636,1722150,,instructions:u,1149568,100.00,,
     0.506007951,85881,,branch-misses:u,1147904,100.00,,
     0.506007951,0,,cache-misses:u,1147808,100.00,,
     0.506007951,1531633,,bus-cycles:u,1147840,100.00,,
     0.506007951,1722060,,instructions:u,1147808,100.00,,
     0.507157387,80789,,branch-misses:u,1149536,100.00,,
     0.507157387,0,,cache-misses:u,1149472,100.00,,
     0.507157387,1448968,,bus-cycles:u,1149472,100.00,,
     0.507157387,1617960,,instructions:u,1149504,100.00,,
     0.508318153,87561,,branch-misses:u,1160128,100.00,,
     0.508318153,0,,cache-misses:u,1160544,100.00,,
     0.508318153,1548207,,bus-cycles:u,1160576,100.00,,
     0.508318153,1757010,,instructions:u,1160576,100.00,,
     0.509467781,86892,,branch-misses:u,1149248,100.00,,
     0.509467781,0,,cache-misses:u,1148800,100.00,,
     0.509467781,1532799,,bus-cycles:u,1148800,100.00,,
     0.509467781,1736960,,instructions:u,1148800,100.00,,
     0.510614719,86292,,branch-misses:u,1146432,100.00,,
     0.510614719,0,,cache-misses:u,1146496,100.00,,
     0.510614719,1529262,,bus-cycles:u,1146400,100.00,,
     0.510614719,1727850,,instructions:u,1146432,100.00,,
     0.511773533,87180,,branch-misses:u,1158688,100.00,,
     0.511773533,0,,cache-misses:u,1158816,100.00,,
     0.511773533,1540658,,bus-cycles:u,1158848,100.00,,
     0.511773533,1737540,,instructions:u,1158880,100.00,,
     0.512922841,86532,,branch-misses:u,1148832,100.00,,
     0.512922841,0,,cache-misses:u,1148640,100.00,,
     0.512922841,1532753,,bus-cycles:u,1148640,100.00,,
     0.512922841,1731800,,instructions:u,1148640,100.00,,
     0.514070228,86845,,branch-misses:u,1146944,100.00,,
     0.514070228,0,,cache-misses:u,1147136,100.00,,
     0.514070228,1531162,,bus-cycles:u,1147104,100.00,,
     0.514070228,1731610,,instructions:u,1147104,100.00,,
     0.515218479,86132,,branch-misses:u,1148288,100.00,,
     0.515218479,0,,cache-misses:u,1148256,100.00,,
     0.515218479,1526381,,bus-cycles:u,1148256,100.00,,
     0.515218479,1721640,,instructions:u,1148320,100.00,,
     0.516367626,86637,,branch-misses:u,1148448,100.00,,
     0.516367626,0,,cache-misses:u,1148512,100.00,,
     0.516367626,1532801,,bus-cycles:u,1148544,100.00,,
     0.516367626,1728540,,instructions:u,1148448,100.00,,
     0.517514980,86395,,branch-misses:u,1147008,100.00,,
     0.517514980,0,,cache-misses:u,1146752,100.00,,
     0.517514980,1530856,,bus-cycles:u,1146816,100.00,,
     0.517514980,1721050,,instructions:u,1146784,100.00,,
     0.518661759,86465,,branch-misses:u,1146400,100.00,,
     0.518661759,0,,cache-misses:u,1146400,100.00,,
     0.518661759,1530547,,bus-cycles:u,1146368,100.00,,
     0.518661759,1726340,,instructions:u,1146432,100.00,,
     0.519816604,86358,,branch-misses:u,1155072,100.00,,
     0.519816604,1,,cache-misses:u,1155264,100.00,,
     0.519816604,1536431,,bus-cycles:u,1155232,100.00,,
     0.519816604,1728850,,instructions:u,1155264,100.00,,
     0.520964119,85956,,branch-misses:u,1146688,100.00,,
     0.520964119,0,,cache-misses:u,1146656,100.00,,
     0.520964119,1530909,,bus-cycles:u,1146752,100.00,,
     0.520964119,1719890,,instructions:u,1146720,100.00,,
     0.522111185,86223,,branch-misses:u,1146720,100.00,,
     0.522111185,0,,cache-misses:u,1146752,100.00,,
     0.522111185,1530200,,bus-cycles:u,1146688,100.00,,
     0.522111185,1728694,,instructions:u,1146656,100.00,,
     0.523259917,85927,,branch-misses:u,1148736,100.00,,
     0.523259917,0,,cache-misses:u,1148832,100.00,,
     0.523259917,1526334,,bus-cycles:u,1148896,100.00,,
     0.523259917,1714596,,instructions:u,1148960,100.00,,
     0.524408968,85307,,branch-misses:u,1148320,100.00,,
     0.524408968,0,,cache-misses:u,1148480,100.00,,
     0.524408968,1532291,,bus-cycles:u,1148448,100.00,,
     0.524408968,1708092,,instructions:u,1148416,100.00,,
     0.525556707,85417,,branch-misses:u,1147456,100.00,,
     0.525556707,0,,cache-misses:u,1147168,100.00,,
     0.525556707,1531415,,bus-cycles:u,1147104,100.00,,
     0.525556707,1703882,,instructions:u,1147136,100.00,,
     0.526704894,85317,,branch-misses:u,1147904,100.00,,
     0.526704894,0,,cache-misses:u,1147936,100.00,,
     0.526704894,1528678,,bus-cycles:u,1148032,100.00,,
     0.526704894,1706822,,instructions:u,1147936,100.00,,
     0.527853913,86441,,branch-misses:u,1148576,100.00,,
     0.527853913,0,,cache-misses:u,1148576,100.00,,
     0.527853913,1532885,,bus-cycles:u,1148576,100.00,,
     0.527853913,1728114,,instructions:u,1148576,100.00,,
     0.529001684,86178,,branch-misses:u,1147360,100.00,,
     0.529001684,0,,cache-misses:u,1147392,100.00,,
     0.529001684,1531726,,bus-cycles:u,1147328,100.00,,
     0.529001684,1729622,,instructions:u,1147328,100.00,,
     0.530159538,87229,,branch-misses:u,1157664,100.00,,
     0.530159538,0,,cache-misses:u,1157600,100.00,,
     0.530159538,1545435,,bus-cycles:u,1157568,100.00,,
     0.530159538,1746648,,instructions:u,1157632,100.00,,
     0.531309037,86387,,branch-misses:u,1149376,100.00,,
     0.531309037,0,,cache-misses:u,1149408,100.00,,
     0.531309037,1529105,,bus-cycles:u,1149504,100.00,,
     0.531309037,1723250,,instructions:u,1149440,100.00,,
     0.532459753,86617,,branch-misses:u,1149952,100.00,,
     0.532459753,0,,cache-misses:u,1149952,100.00,,
     0.532459753,1535562,,bus-cycles:u,1149920,100.00,,
     0.532459753,1728640,,instructions:u,1149920,100.00,,
     0.533607684,86284,,branch-misses:u,1147712,100.00,,
     0.533607684,0,,cache-misses:u,1147712,100.00,,
     0.533607684,1532006,,bus-cycles:u,1147680,100.00,,
     0.533607684,1727920,,instructions:u,1147744,100.00,,
     0.534756799,86550,,branch-misses:u,1149056,100.00,,
     0.534756799,0,,cache-misses:u,1148960,100.00,,
     0.534756799,1527549,,bus-cycles:u,1148992,100.00,,
     0.534756799,1730890,,instructions:u,1148992,100.00,,
     0.535906714,86444,,branch-misses:u,1149120,100.00,,
     0.535906714,0,,cache-misses:u,1149184,100.00,,
     0.535906714,1533791,,bus-cycles:u,1149184,100.00,,
     0.535906714,1735130,,instructions:u,1149184,100.00,,
     0.537054869,86301,,branch-misses:u,1147808,100.00,,
     0.537054869,0,,cache-misses:u,1147840,100.00,,
     0.537054869,1532145,,bus-cycles:u,1147808,100.00,,
     0.537054869,1728304,,instructions:u,1147808,100.00,,
     0.538203056,86105,,branch-misses:u,1147872,100.00,,
     0.538203056,0,,cache-misses:u,1147936,100.00,,
     0.538203056,1531929,,bus-cycles:u,1147904,100.00,,
     0.538203056,1722336,,instructions:u,1147904,100.00,,
     0.539352268,86687,,branch-misses:u,1148896,100.00,,
     0.539352268,0,,cache-misses:u,1148864,100.00,,
     0.539352268,1528693,,bus-cycles:u,1148960,100.00,,
     0.539352268,1730830,,instructions:u,1148960,100.00,,
     0.540501991,85717,,branch-misses:u,1149248,100.00,,
     0.540501991,0,,cache-misses:u,1149184,100.00,,
     0.540501991,1533972,,bus-cycles:u,1149184,100.00,,
     0.540501991,1719980,,instructions:u,1149152,100.00,,
     0.541649474,86061,,branch-misses:u,1147328,100.00,,
     0.541649474,0,,cache-misses:u,1147328,100.00,,
     0.541649474,1531539,,bus-cycles:u,1147296,100.00,,
     0.541649474,1716880,,instructions:u,1147296,100.00,,
     0.542798685,86450,,branch-misses:u,1148864,100.00,,
     0.542798685,0,,cache-misses:u,1148864,100.00,,
     0.542798685,1529664,,bus-cycles:u,1148832,100.00,,
     0.542798685,1732650,,instructions:u,1148768,100.00,,
     0.543946872,86370,,branch-misses:u,1147744,100.00,,
     0.543946872,0,,cache-misses:u,1147680,100.00,,
     0.543946872,1532513,,bus-cycles:u,1147680,100.00,,
     0.543946872,1734580,,instructions:u,1147776,100.00,,
     0.545094419,86318,,branch-misses:u,1147232,100.00,,
     0.545094419,0,,cache-misses:u,1147264,100.00,,
     0.545094419,1531637,,bus-cycles:u,1147264,100.00,,
     0.545094419,1734090,,instructions:u,1147296,100.00,,
     0.546242574,86560,,branch-misses:u,1147840,100.00,,
     0.546242574,0,,cache-misses:u,1147872,100.00,,
     0.546242574,1532442,,bus-cycles:u,1147840,100.00,,
     0.546242574,1730058,,instructions:u,1147808,100.00,,
     0.547391657,86068,,branch-misses:u,1149056,100.00,,
     0.547391657,0,,cache-misses:u,1149088,100.00,,
     0.547391657,1528073,,bus-cycles:u,1149120,100.00,,
     0.547391657,1715762,,instructions:u,1149088,100.00,,
     0.548541412,86420,,branch-misses:u,1149088,100.00,,
     0.548541412,0,,cache-misses:u,1148960,100.00,,
     0.548541412,1532550,,bus-cycles:u,1148928,100.00,,
     0.548541412,1730530,,instructions:u,1148896,100.00,,
     0.549689055,85978,,branch-misses:u,1147296,100.00,,
     0.549689055,0,,cache-misses:u,1147360,100.00,,
     0.549689055,1531178,,bus-cycles:u,1147424,100.00,,
     0.549689055,1716150,,instructions:u,1147456,100.00,,
     0.550850238,87245,,branch-misses:u,1161120,100.00,,
     0.550850238,0,,cache-misses:u,1161184,100.00,,
     0.550850238,1543553,,bus-cycles:u,1161184,100.00,,
     0.550850238,1742410,,instructions:u,1161184,100.00,,
     0.551999641,85723,,branch-misses:u,1148896,100.00,,
     0.551999641,0,,cache-misses:u,1148800,100.00,,
     0.551999641,1532584,,bus-cycles:u,1148736,100.00,,
     0.551999641,1723350,,instructions:u,1148800,100.00,,
     0.553148533,86653,,branch-misses:u,1148320,100.00,,
     0.553148533,0,,cache-misses:u,1148320,100.00,,
     0.553148533,1532339,,bus-cycles:u,1148384,100.00,,
     0.553148533,1732920,,instructions:u,1148288,100.00,,
     0.554296336,86376,,branch-misses:u,1147520,100.00,,
     0.554296336,0,,cache-misses:u,1147552,100.00,,
     0.554296336,1531216,,bus-cycles:u,1147552,100.00,,
     0.554296336,1730130,,instructions:u,1147552,100.00,,
     0.555445867,86138,,branch-misses:u,1149536,100.00,,
     0.555445867,0,,cache-misses:u,1149632,100.00,,
     0.555445867,1527437,,bus-cycles:u,1149568,100.00,,
     0.555445867,1719874,,instructions:u,1149632,100.00,,
     0.556595462,85894,,branch-misses:u,1148896,100.00,,
     0.556595462,0,,cache-misses:u,1148832,100.00,,
     0.556595462,1532415,,bus-cycles:u,1148864,100.00,,
     0.556595462,1723986,,instructions:u,1148800,100.00,,
     0.557743297,86547,,branch-misses:u,1147456,100.00,,
     0.557743297,0,,cache-misses:u,1147360,100.00,,
     0.557743297,1530885,,bus-cycles:u,1147360,100.00,,
     0.557743297,1724750,,instructions:u,1147424,100.00,,
     0.558891612,85820,,branch-misses:u,1148448,100.00,,
     0.558891612,0,,cache-misses:u,1148480,100.00,,
     0.558891612,1523082,,bus-cycles:u,1148416,100.00,,
     0.558891612,1719234,,instructions:u,1148384,100.00,,
     0.560041816,86864,,branch-misses:u,1149472,100.00,,
     0.560041816,0,,cache-misses:u,1149568,100.00,,
     0.560041816,1533949,,bus-cycles:u,1149600,100.00,,
     0.560041816,1739126,,instructions:u,1149664,100.00,,
     0.561190003,86873,,branch-misses:u,1147808,100.00,,
     0.561190003,0,,cache-misses:u,1147776,100.00,,
     0.561190003,1532023,,bus-cycles:u,1147808,100.00,,
     0.561190003,1733430,,instructions:u,1147744,100.00,,
     0.562337357,86049,,branch-misses:u,1147008,100.00,,
     0.562337357,0,,cache-misses:u,1147040,100.00,,
     0.562337357,1530555,,bus-cycles:u,1147040,100.00,,
     0.562337357,1715700,,instructions:u,1147040,100.00,,
     0.563486153,86333,,branch-misses:u,1148832,100.00,,
     0.563486153,0,,cache-misses:u,1148704,100.00,,
     0.563486153,1527878,,bus-cycles:u,1148768,100.00,,
     0.563486153,1724760,,instructions:u,1148768,100.00,,
     0.564634916,85837,,branch-misses:u,1147968,100.00,,
     0.564634916,0,,cache-misses:u,1148096,100.00,,
     0.564634916,1532178,,bus-cycles:u,1148000,100.00,,
     0.564634916,1714140,,instructions:u,1148000,100.00,,
     0.565782399,86127,,branch-misses:u,1147168,100.00,,
     0.565782399,0,,cache-misses:u,1147168,100.00,,
     0.565782399,1530424,,bus-cycles:u,1147232,100.00,,
     0.565782399,1717840,,instructions:u,1147200,100.00,,
     0.566931162,86060,,branch-misses:u,1148480,100.00,,
     0.566931162,0,,cache-misses:u,1148480,100.00,,
     0.566931162,1527294,,bus-cycles:u,1148480,100.00,,
     0.566931162,1725536,,instructions:u,1148512,100.00,,
     0.568080053,86578,,branch-misses:u,1148448,100.00,,
     0.568080053,0,,cache-misses:u,1148544,100.00,,
     0.568080053,1532343,,bus-cycles:u,1148544,100.00,,
     0.568080053,1733724,,instructions:u,1148544,100.00,,
     0.569228528,86633,,branch-misses:u,1148096,100.00,,
     0.569228528,0,,cache-misses:u,1148192,100.00,,
     0.569228528,1532086,,bus-cycles:u,1148160,100.00,,
     0.569228528,1739360,,instructions:u,1148160,100.00,,
     0.570376203,86388,,branch-misses:u,1147392,100.00,,
     0.570376203,0,,cache-misses:u,1147200,100.00,,
     0.570376203,1531450,,bus-cycles:u,1147168,100.00,,
     0.570376203,1733200,,instructions:u,1147232,100.00,,
     0.571535369,87130,,branch-misses:u,1159424,100.00,,
     0.571535369,0,,cache-misses:u,1159456,100.00,,
     0.571535369,1542537,,bus-cycles:u,1159552,100.00,,
     0.571535369,1743880,,instructions:u,1159488,100.00,,
     0.572686789,86035,,branch-misses:u,1150496,100.00,,
     0.572686789,0,,cache-misses:u,1150560,100.00,,
     0.572686789,1535741,,bus-cycles:u,1150496,100.00,,
     0.572686789,1719690,,instructions:u,1150528,100.00,,
     0.573835488,86501,,branch-misses:u,1148256,100.00,,
     0.573835488,0,,cache-misses:u,1148128,100.00,,
     0.573835488,1532361,,bus-cycles:u,1148160,100.00,,
     0.573835488,1728300,,instructions:u,1148160,100.00,,
     0.574984859,84878,,branch-misses:u,1149440,100.00,,
     0.574984859,0,,cache-misses:u,1149408,100.00,,
     0.574984859,1527990,,bus-cycles:u,1149440,100.00,,
     0.574984859,1700890,,instructions:u,1149472,100.00,,
     0.576134231,86298,,branch-misses:u,1148736,100.00,,
     0.576134231,0,,cache-misses:u,1148704,100.00,,
     0.576134231,1532997,,bus-cycles:u,1148672,100.00,,
     0.576134231,1731040,,instructions:u,1148608,100.00,,
     0.577282162,85988,,branch-misses:u,1147552,100.00,,
     0.577282162,0,,cache-misses:u,1147648,100.00,,
     0.577282162,1531634,,bus-cycles:u,1147680,100.00,,
     0.577282162,1717010,,instructions:u,1147648,100.00,,
     0.578430093,85201,,branch-misses:u,1147488,100.00,,
     0.578430093,0,,cache-misses:u,1147424,100.00,,
     0.578430093,1531036,,bus-cycles:u,1147328,100.00,,
     0.578430093,1718990,,instructions:u,1147392,100.00,,
     0.579579176,86084,,branch-misses:u,1149056,100.00,,
     0.579579176,0,,cache-misses:u,1149152,100.00,,
     0.579579176,1526124,,bus-cycles:u,1149248,100.00,,
     0.579579176,1719720,,instructions:u,1149216,100.00,,
     0.580728483,86370,,branch-misses:u,1148672,100.00,,
     0.580728483,0,,cache-misses:u,1148608,100.00,,
     0.580728483,1532472,,bus-cycles:u,1148608,100.00,,
     0.580728483,1727894,,instructions:u,1148608,100.00,,
     0.581876542,86857,,branch-misses:u,1147648,100.00,,
     0.581876542,0,,cache-misses:u,1147680,100.00,,
     0.581876542,1531347,,bus-cycles:u,1147680,100.00,,
     0.581876542,1730956,,instructions:u,1147648,100.00,,
     0.583025305,86139,,branch-misses:u,1148576,100.00,,
     0.583025305,0,,cache-misses:u,1148544,100.00,,
     0.583025305,1526476,,bus-cycles:u,1148544,100.00,,
     0.583025305,1717050,,instructions:u,1148608,100.00,,
     0.584174484,86573,,branch-misses:u,1148768,100.00,,
     0.584174484,0,,cache-misses:u,1148736,100.00,,
     0.584174484,1531930,,bus-cycles:u,1148640,100.00,,
     0.584174484,1726550,,instructions:u,1148608,100.00,,
     0.585322896,86434,,branch-misses:u,1147968,100.00,,
     0.585322896,0,,cache-misses:u,1147968,100.00,,
     0.585322896,1531548,,bus-cycles:u,1148000,100.00,,
     0.585322896,1722940,,instructions:u,1148000,100.00,,
     0.586471018,86837,,branch-misses:u,1147872,100.00,,
     0.586471018,0,,cache-misses:u,1147968,100.00,,
     0.586471018,1531294,,bus-cycles:u,1147968,100.00,,
     0.586471018,1733390,,instructions:u,1147968,100.00,,
     0.587620166,86494,,branch-misses:u,1149216,100.00,,
     0.587620166,0,,cache-misses:u,1149152,100.00,,
     0.587620166,1527361,,bus-cycles:u,1149152,100.00,,
     0.587620166,1729900,,instructions:u,1149184,100.00,,
     0.588769729,86576,,branch-misses:u,1148992,100.00,,
     0.588769729,0,,cache-misses:u,1149056,100.00,,
     0.588769729,1532311,,bus-cycles:u,1149056,100.00,,
     0.588769729,1738360,,instructions:u,1149024,100.00,,
     0.589917692,86477,,branch-misses:u,1147488,100.00,,
     0.589917692,0,,cache-misses:u,1147360,100.00,,
     0.589917692,1531165,,bus-cycles:u,1147392,100.00,,
     0.589917692,1728560,,instructions:u,1147360,100.00,,
     0.591066039,86329,,branch-misses:u,1148032,100.00,,
     0.591066039,0,,cache-misses:u,1148096,100.00,,
     0.591066039,1526993,,bus-cycles:u,1148064,100.00,,
     0.591066039,1725840,,instructions:u,1148096,100.00,,
     0.592216307,86534,,branch-misses:u,1149888,100.00,,
     0.592216307,0,,cache-misses:u,1149952,100.00,,
     0.592216307,1534873,,bus-cycles:u,1149984,100.00,,
     0.592216307,1735290,,instructions:u,1150048,100.00,,
     0.593375985,86920,,branch-misses:u,1159392,100.00,,
     0.593375985,0,,cache-misses:u,1159584,100.00,,
     0.593375985,1547590,,bus-cycles:u,1159648,100.00,,
     0.593375985,1733240,,instructions:u,1159648,100.00,,
     0.594524396,86219,,branch-misses:u,1147968,100.00,,
     0.594524396,0,,cache-misses:u,1147744,100.00,,
     0.594524396,1531598,,bus-cycles:u,1147712,100.00,,
     0.594524396,1729730,,instructions:u,1147648,100.00,,
     0.595672743,85936,,branch-misses:u,1148352,100.00,,
     0.595672743,0,,cache-misses:u,1148416,100.00,,
     0.595672743,1525487,,bus-cycles:u,1148320,100.00,,
     0.595672743,1717330,,instructions:u,1148384,100.00,,
     0.596823011,86396,,branch-misses:u,1149600,100.00,,
     0.596823011,0,,cache-misses:u,1149536,100.00,,
     0.596823011,1533807,,bus-cycles:u,1149632,100.00,,
     0.596823011,1726430,,instructions:u,1149568,100.00,,
     0.597970910,86671,,branch-misses:u,1147552,100.00,,
     0.597970910,0,,cache-misses:u,1147488,100.00,,
     0.597970910,1530858,,bus-cycles:u,1147392,100.00,,
     0.597970910,1729940,,instructions:u,1147360,100.00,,
     0.599119673,86101,,branch-misses:u,1148672,100.00,,
     0.599119673,0,,cache-misses:u,1148704,100.00,,
     0.599119673,1526658,,bus-cycles:u,1148704,100.00,,
     0.599119673,1719570,,instructions:u,1148768,100.00,,
     0.600268308,86686,,branch-misses:u,1148032,100.00,,
     0.600268308,0,,cache-misses:u,1148096,100.00,,
     0.600268308,1531166,,bus-cycles:u,1148096,100.00,,
     0.600268308,1735080,,instructions:u,1148032,100.00,,
     0.601416911,86847,,branch-misses:u,1148160,100.00,,
     0.601416911,0,,cache-misses:u,1148160,100.00,,
     0.601416911,1531964,,bus-cycles:u,1148160,100.00,,
     0.601416911,1733150,,instructions:u,1148192,100.00,,
     0.602563850,86642,,branch-misses:u,1146592,100.00,,
     0.602563850,0,,cache-misses:u,1146656,100.00,,
     0.602563850,1530332,,bus-cycles:u,1146656,100.00,,
     0.602563850,1736880,,instructions:u,1146624,100.00,,
     0.603712517,86566,,branch-misses:u,1148384,100.00,,
     0.603712517,0,,cache-misses:u,1148256,100.00,,
     0.603712517,1527152,,bus-cycles:u,1148288,100.00,,
     0.603712517,1726570,,instructions:u,1148384,100.00,,
     0.604861248,86392,,branch-misses:u,1148320,100.00,,
     0.604861248,0,,cache-misses:u,1148384,100.00,,
     0.604861248,1532081,,bus-cycles:u,1148448,100.00,,
     0.604861248,1725540,,instructions:u,1148384,100.00,,
     0.606008763,86740,,branch-misses:u,1147168,100.00,,
     0.606008763,0,,cache-misses:u,1147104,100.00,,
     0.606008763,1530090,,bus-cycles:u,1147040,100.00,,
     0.606008763,1731710,,instructions:u,1147008,100.00,,
     0.607156501,85757,,branch-misses:u,1147680,100.00,,
     0.607156501,0,,cache-misses:u,1147488,100.00,,
     0.607156501,1524924,,bus-cycles:u,1147584,100.00,,
     0.607156501,1711840,,instructions:u,1147616,100.00,,
     0.608303984,86626,,branch-misses:u,1146912,100.00,,
     0.608303984,0,,cache-misses:u,1147136,100.00,,
     0.608303984,1530763,,bus-cycles:u,1146976,100.00,,
     0.608303984,1728240,,instructions:u,1146976,100.00,,
     0.609450891,81983,,branch-misses:u,1146976,100.00,,
     0.609450891,0,,cache-misses:u,1147008,100.00,,
     0.609450891,1452762,,bus-cycles:u,1147072,100.00,,
     0.609450891,1643980,,instructions:u,1147072,100.00,,
     0.610599046,86315,,branch-misses:u,1147328,100.00,,
     0.610599046,0,,cache-misses:u,1147424,100.00,,
     0.610599046,1531285,,bus-cycles:u,1147392,100.00,,
     0.610599046,1725849,,instructions:u,1147360,100.00,,
     0.611758020,86920,,branch-misses:u,1158976,100.00,,
     0.611758020,0,,cache-misses:u,1159008,100.00,,
     0.611758020,1540603,,bus-cycles:u,1159104,100.00,,
     0.611758020,1742391,,instructions:u,1159232,100.00,,
     0.612906303,86605,,branch-misses:u,1147552,100.00,,
     0.612906303,0,,cache-misses:u,1147392,100.00,,
     0.612906303,1530680,,bus-cycles:u,1147360,100.00,,
     0.612906303,1724420,,instructions:u,1147264,100.00,,
     0.614066558,87779,,branch-misses:u,1160128,100.00,,
     0.614066558,0,,cache-misses:u,1160128,100.00,,
     0.614066558,1548198,,bus-cycles:u,1160096,100.00,,
     0.614066558,1752050,,instructions:u,1160000,100.00,,
     0.615216249,86262,,branch-misses:u,1149600,100.00,,
     0.615216249,0,,cache-misses:u,1149632,100.00,,
     0.615216249,1528317,,bus-cycles:u,1149632,100.00,,
     0.615216249,1722880,,instructions:u,1149696,100.00,,
     0.616366229,86236,,branch-misses:u,1149312,100.00,,
     0.616366229,0,,cache-misses:u,1149216,100.00,,
     0.616366229,1533579,,bus-cycles:u,1149248,100.00,,
     0.616366229,1720720,,instructions:u,1149312,100.00,,
     0.617514832,86716,,branch-misses:u,1148192,100.00,,
     0.617514832,0,,cache-misses:u,1148512,100.00,,
     0.617514832,1532285,,bus-cycles:u,1148512,100.00,,
     0.617514832,1739640,,instructions:u,1148480,100.00,,
     0.618663787,86350,,branch-misses:u,1148672,100.00,,
     0.618663787,0,,cache-misses:u,1148608,100.00,,
     0.618663787,1532612,,bus-cycles:u,1148576,100.00,,
     0.618663787,1728720,,instructions:u,1153536,100.00,,
     0.619820296,86878,,branch-misses:u,1156192,100.00,,
     0.619820296,0,,cache-misses:u,1156256,100.00,,
     0.619820296,1537139,,bus-cycles:u,1156288,100.00,,
     0.619820296,1744990,,instructions:u,1151328,100.00,,
     0.620969027,86784,,branch-misses:u,1148320,100.00,,
     0.620969027,0,,cache-misses:u,1148224,100.00,,
     0.620969027,1531751,,bus-cycles:u,1148160,100.00,,
     0.620969027,1729470,,instructions:u,1148224,100.00,,
     0.622117214,86608,,branch-misses:u,1147712,100.00,,
     0.622117214,0,,cache-misses:u,1147488,100.00,,
     0.622117214,1530962,,bus-cycles:u,1147488,100.00,,
     0.622117214,1732110,,instructions:u,1147424,100.00,,
     0.623265273,86358,,branch-misses:u,1148160,100.00,,
     0.623265273,0,,cache-misses:u,1148128,100.00,,
     0.623265273,1525342,,bus-cycles:u,1148160,100.00,,
     0.623265273,1723960,,instructions:u,1148192,100.00,,
     0.624414069,86840,,branch-misses:u,1148064,100.00,,
     0.624414069,0,,cache-misses:u,1148192,100.00,,
     0.624414069,1531342,,bus-cycles:u,1148224,100.00,,
     0.624414069,1732080,,instructions:u,1148192,100.00,,
     0.625562128,86672,,branch-misses:u,1147744,100.00,,
     0.625562128,0,,cache-misses:u,1147904,100.00,,
     0.625562128,1530717,,bus-cycles:u,1147904,100.00,,
     0.625562128,1733550,,instructions:u,1147872,100.00,,
     0.626710987,85846,,branch-misses:u,1148832,100.00,,
     0.626710987,0,,cache-misses:u,1148640,100.00,,
     0.626710987,1523343,,bus-cycles:u,1148608,100.00,,
     0.626710987,1716410,,instructions:u,1148640,100.00,,
     0.627860902,85580,,branch-misses:u,1149280,100.00,,
     0.627860902,0,,cache-misses:u,1149280,100.00,,
     0.627860902,1532409,,bus-cycles:u,1149376,100.00,,
     0.627860902,1709440,,instructions:u,1149312,100.00,,
     0.629008641,86227,,branch-misses:u,1147264,100.00,,
     0.629008641,0,,cache-misses:u,1147136,100.00,,
     0.629008641,1529198,,bus-cycles:u,1147072,100.00,,
     0.629008641,1727430,,instructions:u,1147136,100.00,,
     0.630156252,86243,,branch-misses:u,1147296,100.00,,
     0.630156252,0,,cache-misses:u,1147392,100.00,,
     0.630156252,1529351,,bus-cycles:u,1147328,100.00,,
     0.630156252,1718980,,instructions:u,1147328,100.00,,
     0.631304311,85814,,branch-misses:u,1148096,100.00,,
     0.631304311,0,,cache-misses:u,1148416,100.00,,
     0.631304311,1524078,,bus-cycles:u,1148448,100.00,,
     0.631304311,1714910,,instructions:u,1148448,100.00,,
     0.632453714,85884,,branch-misses:u,1148736,100.00,,
     0.632453714,0,,cache-misses:u,1148544,100.00,,
     0.632453714,1530545,,bus-cycles:u,1148544,100.00,,
     0.632453714,1717810,,instructions:u,1148512,100.00,,
     0.633601709,86090,,branch-misses:u,1147616,100.00,,
     0.633601709,0,,cache-misses:u,1147744,100.00,,
     0.633601709,1530111,,bus-cycles:u,1147776,100.00,,
     0.633601709,1725380,,instructions:u,1147808,100.00,,
     0.634750568,86019,,branch-misses:u,1148864,100.00,,
     0.634750568,0,,cache-misses:u,1148896,100.00,,
     0.634750568,1525942,,bus-cycles:u,1148928,100.00,,
     0.634750568,1722370,,instructions:u,1148960,100.00,,
     0.635910343,86755,,branch-misses:u,1159168,100.00,,
     0.635910343,0,,cache-misses:u,1159008,100.00,,
     0.635910343,1545364,,bus-cycles:u,1158976,100.00,,
     0.635910343,1734780,,instructions:u,1158944,100.00,,
     0.637059586,85657,,branch-misses:u,1148832,100.00,,
     0.637059586,0,,cache-misses:u,1148832,100.00,,
     0.637059586,1530939,,bus-cycles:u,1148800,100.00,,
     0.637059586,1716550,,instructions:u,1148800,100.00,,
     0.638207613,86562,,branch-misses:u,1147712,100.00,,
     0.638207613,0,,cache-misses:u,1147744,100.00,,
     0.638207613,1530023,,bus-cycles:u,1147776,100.00,,
     0.638207613,1725580,,instructions:u,1147744,100.00,,
     0.639357112,85484,,branch-misses:u,1149408,100.00,,
     0.639357112,0,,cache-misses:u,1149408,100.00,,
     0.639357112,1525924,,bus-cycles:u,1149376,100.00,,
     0.639357112,1713054,,instructions:u,1149408,100.00,,
     0.640506708,86437,,branch-misses:u,1148960,100.00,,
     0.640506708,0,,cache-misses:u,1149024,100.00,,
     0.640506708,1531733,,bus-cycles:u,1149056,100.00,,
     0.640506708,1728198,,instructions:u,1149088,100.00,,
     0.641654286,85929,,branch-misses:u,1147264,100.00,,
     0.641654286,0,,cache-misses:u,1146944,100.00,,
     0.641654286,1528819,,bus-cycles:u,1146912,100.00,,
     0.641654286,1710568,,instructions:u,1146912,100.00,,
     0.642802633,85411,,branch-misses:u,1148000,100.00,,
     0.642802633,0,,cache-misses:u,1148192,100.00,,
     0.642802633,1524636,,bus-cycles:u,1148096,100.00,,
     0.642802633,1716350,,instructions:u,1148128,100.00,,
     0.643951525,85838,,branch-misses:u,1148544,100.00,,
     0.643951525,0,,cache-misses:u,1148736,100.00,,
     0.643951525,1532785,,bus-cycles:u,1148864,100.00,,
     0.643951525,1721660,,instructions:u,1148800,100.00,,
     0.645099295,86451,,branch-misses:u,1147328,100.00,,
     0.645099295,0,,cache-misses:u,1146976,100.00,,
     0.645099295,1530153,,bus-cycles:u,1146912,100.00,,
     0.645099295,1722360,,instructions:u,1146976,100.00,,
     0.646246650,85926,,branch-misses:u,1147040,100.00,,
     0.646246650,0,,cache-misses:u,1147392,100.00,,
     0.646246650,1531020,,bus-cycles:u,1147456,100.00,,
     0.646246650,1717930,,instructions:u,1147392,100.00,,
     0.647395541,86027,,branch-misses:u,1148576,100.00,,
     0.647395541,0,,cache-misses:u,1148608,100.00,,
     0.647395541,1528085,,bus-cycles:u,1148576,100.00,,
     0.647395541,1718160,,instructions:u,1148576,100.00,,
     0.648544561,86305,,branch-misses:u,1148640,100.00,,
     0.648544561,0,,cache-misses:u,1148448,100.00,,
     0.648544561,1532843,,bus-cycles:u,1148448,100.00,,
     0.648544561,1732460,,instructions:u,1148416,100.00,,
     0.649692684,86456,,branch-misses:u,1147808,100.00,,
     0.649692684,0,,cache-misses:u,1147744,100.00,,
     0.649692684,1531961,,bus-cycles:u,1147840,100.00,,
     0.649692684,1728150,,instructions:u,1147904,100.00,,
     0.650842023,85912,,branch-misses:u,1149280,100.00,,
     0.650842023,0,,cache-misses:u,1149344,100.00,,
     0.650842023,1527646,,bus-cycles:u,1149248,100.00,,
     0.650842023,1721810,,instructions:u,1149248,100.00,,
     0.651990498,86139,,branch-misses:u,1147904,100.00,,
     0.651990498,0,,cache-misses:u,1147808,100.00,,
     0.651990498,1531797,,bus-cycles:u,1147840,100.00,,
     0.651990498,1719230,,instructions:u,1147872,100.00,,
     0.653139357,86128,,branch-misses:u,1148384,100.00,,
     0.653139357,0,,cache-misses:u,1148288,100.00,,
     0.653139357,1532406,,bus-cycles:u,1148256,100.00,,
     0.653139357,1721300,,instructions:u,1148192,100.00,,
     0.654287032,86343,,branch-misses:u,1147392,100.00,,
     0.654287032,0,,cache-misses:u,1147456,100.00,,
     0.654287032,1531556,,bus-cycles:u,1147456,100.00,,
     0.654287032,1729290,,instructions:u,1147488,100.00,,
     0.655435827,85721,,branch-misses:u,1148896,100.00,,
     0.655435827,0,,cache-misses:u,1148896,100.00,,
     0.655435827,1526479,,bus-cycles:u,1148896,100.00,,
     0.655435827,1710850,,instructions:u,1148896,100.00,,
     0.656899373,110123,,branch-misses:u,1463520,100.00,,
     0.656899373,0,,cache-misses:u,1464064,100.00,,
     0.656899373,1955272,,bus-cycles:u,1464480,100.00,,
     0.656899373,2202790,,instructions:u,1464928,100.00,,
     0.658053386,86666,,branch-misses:u,1152896,100.00,,
     0.658053386,0,,cache-misses:u,1152480,100.00,,
     0.658053386,1536720,,bus-cycles:u,1152096,100.00,,
     0.658053386,1730730,,instructions:u,1151616,100.00,,
     0.659203366,86020,,branch-misses:u,1149920,100.00,,
     0.659203366,0,,cache-misses:u,1150112,100.00,,
     0.659203366,1527235,,bus-cycles:u,1150112,100.00,,
     0.659203366,1719120,,instructions:u,1150176,100.00,,
     0.660353537,85948,,branch-misses:u,1149472,100.00,,
     0.660353537,0,,cache-misses:u,1149440,100.00,,
     0.660353537,1533948,,bus-cycles:u,1149472,100.00,,
     0.660353537,1721208,,instructions:u,1149376,100.00,,
     0.661501852,86107,,branch-misses:u,1147936,100.00,,
     0.661501852,0,,cache-misses:u,1147552,100.00,,
     0.661501852,1530847,,bus-cycles:u,1147520,100.00,,
     0.661501852,1719172,,instructions:u,1147552,100.00,,
     0.662649047,86059,,branch-misses:u,1147136,100.00,,
     0.662649047,0,,cache-misses:u,1147360,100.00,,
     0.662649047,1530999,,bus-cycles:u,1147328,100.00,,
     0.662649047,1718621,,instructions:u,1147296,100.00,,
     0.663808373,85669,,branch-misses:u,1158784,100.00,,
     0.663808373,0,,cache-misses:u,1158720,100.00,,
     0.663808373,1541679,,bus-cycles:u,1158688,100.00,,
     0.663808373,1713799,,instructions:u,1158720,100.00,,
     0.664957136,86045,,branch-misses:u,1148384,100.00,,
     0.664957136,0,,cache-misses:u,1148192,100.00,,
     0.664957136,1532242,,bus-cycles:u,1148256,100.00,,
     0.664957136,1718794,,instructions:u,1148192,100.00,,
     0.666105355,85767,,branch-misses:u,1147840,100.00,,
     0.666105355,0,,cache-misses:u,1147904,100.00,,
     0.666105355,1532264,,bus-cycles:u,1147904,100.00,,
     0.666105355,1722946,,instructions:u,1147936,100.00,,
     0.667254086,85770,,branch-misses:u,1148736,100.00,,
     0.667254086,0,,cache-misses:u,1148736,100.00,,
     0.667254086,1527032,,bus-cycles:u,1148672,100.00,,
     0.667254086,1720540,,instructions:u,1148672,100.00,,
     0.668403522,86181,,branch-misses:u,1148800,100.00,,
     0.668403522,0,,cache-misses:u,1148832,100.00,,
     0.668403522,1533503,,bus-cycles:u,1148864,100.00,,
     0.668403522,1721470,,instructions:u,1148928,100.00,,
     0.669551677,86077,,branch-misses:u,1147744,100.00,,
     0.669551677,0,,cache-misses:u,1147680,100.00,,
     0.669551677,1531845,,bus-cycles:u,1147712,100.00,,
     0.669551677,1721180,,instructions:u,1147712,100.00,,
     0.670106308,27588,,branch-misses:u,499648,100.00,,
     0.670106308,72,,cache-misses:u,497120,100.00,,
     0.670106308,499075,,bus-cycles:u,494656,100.00,,
     0.670106308,540128,,instructions:u,492192,100.00,,
