     0.001073805,843,,branch-misses:u,517120,100.00,,
     0.001073805,310,,cache-misses:u,523328,100.00,,
     0.001073805,48546,,bus-cycles:u,527040,100.00,,
     0.001073805,34089,,instructions:u,531200,100.00,,
     0.002404018,67267,,branch-misses:u,1325440,100.00,,
     0.002404018,1369,,cache-misses:u,1322880,100.00,,
     0.002404018,1289687,,bus-cycles:u,1322240,100.00,,
     0.002404018,1392160,,instructions:u,1321088,100.00,,
     0.003568990,79723,,branch-misses:u,1162240,100.00,,
     0.003568990,1,,cache-misses:u,1161920,100.00,,
     0.003568990,1410780,,bus-cycles:u,1161376,100.00,,
     0.003568990,1595760,,instructions:u,1161152,100.00,,
     0.004726535,81693,,branch-misses:u,1156288,100.00,,
     0.004726535,0,,cache-misses:u,1155968,100.00,,
     0.004726535,1453213,,bus-cycles:u,1156064,100.00,,
     0.004726535,1634490,,instructions:u,1155904,100.00,,
     0.005879023,81984,,branch-misses:u,1151968,100.00,,
     0.005879023,0,,cache-misses:u,1151872,100.00,,
     0.005879023,1448287,,bus-cycles:u,1151904,100.00,,
     0.005879023,1637956,,instructions:u,1151968,100.00,,
     0.007033432,76944,,branch-misses:u,1155616,100.00,,
     0.007033432,0,,cache-misses:u,1156032,100.00,,
     0.007033432,1364542,,bus-cycles:u,1156448,100.00,,
     0.007033432,1545674,,instructions:u,1156672,100.00,,
     0.008201925,78050,,branch-misses:u,1166944,100.00,,
     0.008201925,0,,cache-misses:u,1166720,100.00,,
     0.008201925,1378949,,bus-cycles:u,1166464,100.00,,
     0.008201925,1559040,,instructions:u,1166336,100.00,,
     0.009359502,76946,,branch-misses:u,1156928,100.00,,
     0.009359502,0,,cache-misses:u,1156928,100.00,,
     0.009359502,1367358,,bus-cycles:u,1156864,100.00,,
     0.009359502,1539530,,instructions:u,1156800,100.00,,
     0.010516056,77219,,branch-misses:u,1156160,100.00,,
     0.010516056,0,,cache-misses:u,1155904,100.00,,
     0.010516056,1366371,,bus-cycles:u,1155968,100.00,,
     0.010516056,1547750,,instructions:u,1156000,100.00,,
     0.011671392,79165,,branch-misses:u,1155680,100.00,,
     0.011671392,0,,cache-misses:u,1155616,100.00,,
     0.011671392,1409260,,bus-cycles:u,1155392,100.00,,
     0.011671392,1585124,,instructions:u,1155232,100.00,,
     0.012825129,81583,,branch-misses:u,1152320,100.00,,
     0.012825129,0,,cache-misses:u,1152320,100.00,,
     0.012825129,1448925,,bus-cycles:u,1152256,100.00,,
     0.012825129,1630726,,instructions:u,1152160,100.00,,
     0.013975792,81747,,branch-misses:u,1150368,100.00,,
     0.013975792,0,,cache-misses:u,1150400,100.00,,
     0.013975792,1446667,,bus-cycles:u,1150464,100.00,,
     0.013975792,1639930,,instructions:u,1150624,100.00,,
     0.015125591,81315,,branch-misses:u,1149920,100.00,,
     0.015125591,0,,cache-misses:u,1149888,100.00,,
     0.015125591,1443036,,bus-cycles:u,1149792,100.00,,
     0.015125591,1633520,,instructions:u,1149600,100.00,,
     0.016273501,86371,,branch-misses:u,1146816,100.00,,
     0.016273501,0,,cache-misses:u,1146656,100.00,,
     0.016273501,1528398,,bus-cycles:u,1146592,100.00,,
     0.016273501,1727360,,instructions:u,1146624,100.00,,
     0.017418850,86062,,branch-misses:u,1145120,100.00,,
     0.017418850,0,,cache-misses:u,1145184,100.00,,
     0.017418850,1526953,,bus-cycles:u,1145184,100.00,,
     0.017418850,1717470,,instructions:u,1145120,100.00,,
     0.018563272,85894,,branch-misses:u,1143808,100.00,,
     0.018563272,0,,cache-misses:u,1143808,100.00,,
     0.018563272,1524673,,bus-cycles:u,1143872,100.00,,
     0.018563272,1716431,,instructions:u,1143872,100.00,,
     0.019708173,85926,,branch-misses:u,1145216,100.00,,
     0.019708173,0,,cache-misses:u,1145184,100.00,,
     0.019708173,1519470,,bus-cycles:u,1145152,100.00,,
     0.019708173,1719779,,instructions:u,1145184,100.00,,
     0.020855187,86389,,branch-misses:u,1145920,100.00,,
     0.020855187,0,,cache-misses:u,1145888,100.00,,
     0.020855187,1528301,,bus-cycles:u,1145920,100.00,,
     0.020855187,1730260,,instructions:u,1145856,100.00,,
     0.021998968,85703,,branch-misses:u,1143392,100.00,,
     0.021998968,0,,cache-misses:u,1143488,100.00,,
     0.021998968,1525296,,bus-cycles:u,1143392,100.00,,
     0.021998968,1720630,,instructions:u,1143424,100.00,,
     0.023164612,87383,,branch-misses:u,1167232,100.00,,
     0.023164612,0,,cache-misses:u,1167488,100.00,,
     0.023164612,1549953,,bus-cycles:u,1168384,100.00,,
     0.023164612,1750560,,instructions:u,1168704,100.00,,
     0.024319533,86595,,branch-misses:u,1152576,100.00,,
     0.024319533,0,,cache-misses:u,1152224,100.00,,
     0.024319533,1534965,,bus-cycles:u,1151424,100.00,,
     0.024319533,1726980,,instructions:u,1151136,100.00,,
     0.025464210,85852,,branch-misses:u,1144416,100.00,,
     0.025464210,0,,cache-misses:u,1144416,100.00,,
     0.025464210,1525401,,bus-cycles:u,1144352,100.00,,
     0.025464210,1718440,,instructions:u,1144192,100.00,,
     0.026608471,85826,,branch-misses:u,1143808,100.00,,
     0.026608471,0,,cache-misses:u,1143680,100.00,,
     0.026608471,1523939,,bus-cycles:u,1143680,100.00,,
     0.026608471,1716730,,instructions:u,1143840,100.00,,
     0.027765632,86104,,branch-misses:u,1157152,100.00,,
     0.027765632,0,,cache-misses:u,1157312,100.00,,
     0.027765632,1536078,,bus-cycles:u,1157312,100.00,,
     0.027765632,1720570,,instructions:u,1157344,100.00,,
     0.028914087,86120,,branch-misses:u,1147712,100.00,,
     0.028914087,0,,cache-misses:u,1147744,100.00,,
     0.028914087,1528797,,bus-cycles:u,1147712,100.00,,
     0.028914087,1722320,,instructions:u,1147712,100.00,,
     0.030060140,85982,,branch-misses:u,1145632,100.00,,
     0.030060140,0,,cache-misses:u,1145568,100.00,,
     0.030060140,1526047,,bus-cycles:u,1145568,100.00,,
     0.030060140,1725860,,instructions:u,1145568,100.00,,
     0.031208915,83244,,branch-misses:u,1149984,100.00,,
     0.031208915,1,,cache-misses:u,1150464,100.00,,
     0.031208915,1476977,,bus-cycles:u,1150848,100.00,,
     0.031208915,1664890,,instructions:u,1150880,100.00,,
     0.032364700,86494,,branch-misses:u,1153920,100.00,,
     0.032364700,0,,cache-misses:u,1153440,100.00,,
     0.032364700,1536660,,bus-cycles:u,1153056,100.00,,
     0.032364700,1726710,,instructions:u,1153024,100.00,,
     0.033511522,85958,,branch-misses:u,1146368,100.00,,
     0.033511522,0,,cache-misses:u,1146432,100.00,,
     0.033511522,1527878,,bus-cycles:u,1146592,100.00,,
     0.033511522,1716210,,instructions:u,1146464,100.00,,
     0.034657768,86409,,branch-misses:u,1145824,100.00,,
     0.034657768,0,,cache-misses:u,1145792,100.00,,
     0.034657768,1527760,,bus-cycles:u,1145728,100.00,,
     0.034657768,1723990,,instructions:u,1145856,100.00,,
     0.035813136,86361,,branch-misses:u,1155456,100.00,,
     0.035813136,0,,cache-misses:u,1155520,100.00,,
     0.035813136,1534530,,bus-cycles:u,1155488,100.00,,
     0.035813136,1724540,,instructions:u,1155552,100.00,,
     0.036960502,86379,,branch-misses:u,1146496,100.00,,
     0.036960502,0,,cache-misses:u,1146464,100.00,,
     0.036960502,1528453,,bus-cycles:u,1146464,100.00,,
     0.036960502,1727800,,instructions:u,1146368,100.00,,
     0.038106108,85966,,branch-misses:u,1145248,100.00,,
     0.038106108,0,,cache-misses:u,1145184,100.00,,
     0.038106108,1526808,,bus-cycles:u,1145184,100.00,,
     0.038106108,1720220,,instructions:u,1145152,100.00,,
     0.039253186,85513,,branch-misses:u,1147040,100.00,,
     0.039253186,0,,cache-misses:u,1147072,100.00,,
     0.039253186,1522921,,bus-cycles:u,1147040,100.00,,
     0.039253186,1711230,,instructions:u,1147136,100.00,,
     0.040400104,86452,,branch-misses:u,1146272,100.00,,
     0.040400104,0,,cache-misses:u,1146304,100.00,,
     0.040400104,1527715,,bus-cycles:u,1146304,100.00,,
     0.040400104,1724670,,instructions:u,1146272,100.00,,
     0.041546190,85834,,branch-misses:u,1145536,100.00,,
     0.041546190,0,,cache-misses:u,1145536,100.00,,
     0.041546190,1527855,,bus-cycles:u,1145504,100.00,,
     0.041546190,1718050,,instructions:u,1145440,100.00,,
     0.042691827,86182,,branch-misses:u,1145280,100.00,,
     0.042691827,0,,cache-misses:u,1152992,100.00,,
     0.042691827,1532457,,bus-cycles:u,1153440,100.00,,
     0.042691827,1730180,,instructions:u,1153408,100.00,,
     0.043864002,87856,,branch-misses:u,1172128,100.00,,
     0.043864002,0,,cache-misses:u,1164544,100.00,,
     0.043864002,1552052,,bus-cycles:u,1164192,100.00,,
     0.043864002,1750940,,instructions:u,1164256,100.00,,
     0.045011560,86425,,branch-misses:u,1146880,100.00,,
     0.045011560,0,,cache-misses:u,1146848,100.00,,
     0.045011560,1529019,,bus-cycles:u,1146784,100.00,,
     0.045011560,1731210,,instructions:u,1146816,100.00,,
     0.046158062,85798,,branch-misses:u,1146112,100.00,,
     0.046158062,0,,cache-misses:u,1146016,100.00,,
     0.046158062,1528088,,bus-cycles:u,1145984,100.00,,
     0.046158062,1720230,,instructions:u,1145984,100.00,,
     0.047305044,85914,,branch-misses:u,1147008,100.00,,
     0.047305044,0,,cache-misses:u,1147072,100.00,,
     0.047305044,1522637,,bus-cycles:u,1147104,100.00,,
     0.047305044,1718800,,instructions:u,1147136,100.00,,
     0.048452378,86044,,branch-misses:u,1146528,100.00,,
     0.048452378,0,,cache-misses:u,1146368,100.00,,
     0.048452378,1527876,,bus-cycles:u,1146400,100.00,,
     0.048452378,1721920,,instructions:u,1146336,100.00,,
     0.049598271,86268,,branch-misses:u,1145536,100.00,,
     0.049598271,0,,cache-misses:u,1145632,100.00,,
     0.049598271,1526969,,bus-cycles:u,1145632,100.00,,
     0.049598271,1725430,,instructions:u,1145664,100.00,,
     0.050745125,85934,,branch-misses:u,1146752,100.00,,
     0.050745125,0,,cache-misses:u,1146688,100.00,,
     0.050745125,1522567,,bus-cycles:u,1146720,100.00,,
     0.050745125,1715100,,instructions:u,1146720,100.00,,
     0.051892395,86056,,branch-misses:u,1146560,100.00,,
     0.051892395,0,,cache-misses:u,1146528,100.00,,
     0.051892395,1528326,,bus-cycles:u,1146528,100.00,,
     0.051892395,1724036,,instructions:u,1146464,100.00,,
     0.053038225,86096,,branch-misses:u,1145408,100.00,,
     0.053038225,0,,cache-misses:u,1145504,100.00,,
     0.053038225,1526270,,bus-cycles:u,1145472,100.00,,
     0.053038225,1727754,,instructions:u,1145504,100.00,,
     0.054184054,85887,,branch-misses:u,1145440,100.00,,
     0.054184054,0,,cache-misses:u,1145408,100.00,,
     0.054184054,1527467,,bus-cycles:u,1145408,100.00,,
     0.054184054,1716550,,instructions:u,1145408,100.00,,
     0.055331228,85934,,branch-misses:u,1147104,100.00,,
     0.055331228,0,,cache-misses:u,1147200,100.00,,
     0.055331228,1523063,,bus-cycles:u,1147136,100.00,,
     0.055331228,1715940,,instructions:u,1147200,100.00,,
     0.056479139,86416,,branch-misses:u,1147232,100.00,,
     0.056479139,0,,cache-misses:u,1147104,100.00,,
     0.056479139,1528427,,bus-cycles:u,1147168,100.00,,
     0.056479139,1731570,,instructions:u,1147072,100.00,,
     0.057624904,86027,,branch-misses:u,1145408,100.00,,
     0.057624904,0,,cache-misses:u,1145440,100.00,,
     0.057624904,1527032,,bus-cycles:u,1145472,100.00,,
     0.057624904,1719320,,instructions:u,1145472,100.00,,
     0.058771438,86164,,branch-misses:u,1146144,100.00,,
     0.058771438,0,,cache-misses:u,1146144,100.00,,
     0.058771438,1522674,,bus-cycles:u,1146112,100.00,,
     0.058771438,1720340,,instructions:u,1146144,100.00,,
     0.059919989,86216,,branch-misses:u,1149216,100.00,,
     0.059919989,0,,cache-misses:u,1149504,100.00,,
     0.059919989,1532725,,bus-cycles:u,1149632,100.00,,
     0.059919989,1720820,,instructions:u,1149760,100.00,,
     0.061076542,86717,,branch-misses:u,1155232,100.00,,
     0.061076542,0,,cache-misses:u,1155072,100.00,,
     0.061076542,1539789,,bus-cycles:u,1154944,100.00,,
     0.061076542,1734110,,instructions:u,1154880,100.00,,
     0.062225380,86276,,branch-misses:u,1148704,100.00,,
     0.062225380,0,,cache-misses:u,1148960,100.00,,
     0.062225380,1532094,,bus-cycles:u,1149056,100.00,,
     0.062225380,1724010,,instructions:u,1149024,100.00,,
     0.063377612,86481,,branch-misses:u,1151840,100.00,,
     0.063377612,0,,cache-misses:u,1151456,100.00,,
     0.063377612,1529868,,bus-cycles:u,1151328,100.00,,
     0.063377612,1718040,,instructions:u,1151424,100.00,,
     0.064526099,86464,,branch-misses:u,1147584,100.00,,
     0.064526099,0,,cache-misses:u,1147648,100.00,,
     0.064526099,1529338,,bus-cycles:u,1147648,100.00,,
     0.064526099,1730590,,instructions:u,1147552,100.00,,
     0.065685661,87368,,branch-misses:u,1159424,100.00,,
     0.065685661,0,,cache-misses:u,1159648,100.00,,
     0.065685661,1545612,,bus-cycles:u,1159648,100.00,,
     0.065685661,1747820,,instructions:u,1159616,100.00,,
     0.066833347,85637,,branch-misses:u,1147488,100.00,,
     0.066833347,0,,cache-misses:u,1147200,100.00,,
     0.066833347,1523141,,bus-cycles:u,1147200,100.00,,
     0.066833347,1718690,,instructions:u,1147296,100.00,,
     0.067981513,86261,,branch-misses:u,1147392,100.00,,
     0.067981513,0,,cache-misses:u,1147552,100.00,,
     0.067981513,1530015,,bus-cycles:u,1147616,100.00,,
     0.067981513,1718650,,instructions:u,1147552,100.00,,
     0.069127759,86060,,branch-misses:u,1145856,100.00,,
     0.069127759,0,,cache-misses:u,1145792,100.00,,
     0.069127759,1528332,,bus-cycles:u,1145824,100.00,,
     0.069127759,1722180,,instructions:u,1145728,100.00,,
     0.070273525,86092,,branch-misses:u,1145312,100.00,,
     0.070273525,0,,cache-misses:u,1145216,100.00,,
     0.070273525,1527053,,bus-cycles:u,1145152,100.00,,
     0.070273525,1716360,,instructions:u,1145184,100.00,,
     0.071419994,85132,,branch-misses:u,1146496,100.00,,
     0.071419994,0,,cache-misses:u,1146528,100.00,,
     0.071419994,1523055,,bus-cycles:u,1146496,100.00,,
     0.071419994,1704680,,instructions:u,1146592,100.00,,
     0.072566816,86291,,branch-misses:u,1146016,100.00,,
     0.072566816,0,,cache-misses:u,1145952,100.00,,
     0.072566816,1527789,,bus-cycles:u,1145952,100.00,,
     0.072566816,1726890,,instructions:u,1145952,100.00,,
     0.073712742,85883,,branch-misses:u,1145632,100.00,,
     0.073712742,0,,cache-misses:u,1145664,100.00,,
     0.073712742,1528119,,bus-cycles:u,1145696,100.00,,
     0.073712742,1719320,,instructions:u,1145664,100.00,,
     0.074858219,85062,,branch-misses:u,1145792,100.00,,
     0.074858219,0,,cache-misses:u,1146176,100.00,,
     0.074858219,1509026,,bus-cycles:u,1146240,100.00,,
     0.074858219,1696460,,instructions:u,1146272,100.00,,
     0.076009683,85351,,branch-misses:u,1150464,100.00,,
     0.076009683,0,,cache-misses:u,1150048,100.00,,
     0.076009683,1533084,,bus-cycles:u,1149952,100.00,,
     0.076009683,1703650,,instructions:u,1149888,100.00,,
     0.077156025,85767,,branch-misses:u,1145856,100.00,,
     0.077156025,0,,cache-misses:u,1145824,100.00,,
     0.077156025,1527776,,bus-cycles:u,1145920,100.00,,
     0.077156025,1719840,,instructions:u,1145920,100.00,,
     0.078302398,85866,,branch-misses:u,1145920,100.00,,
     0.078302398,0,,cache-misses:u,1145952,100.00,,
     0.078302398,1528354,,bus-cycles:u,1145824,100.00,,
     0.078302398,1720950,,instructions:u,1145856,100.00,,
     0.079449508,85264,,branch-misses:u,1147200,100.00,,
     0.079449508,0,,cache-misses:u,1147264,100.00,,
     0.079449508,1523919,,bus-cycles:u,1147296,100.00,,
     0.079449508,1707000,,instructions:u,1147264,100.00,,
     0.080597035,85381,,branch-misses:u,1146624,100.00,,
     0.080597035,0,,cache-misses:u,1146464,100.00,,
     0.080597035,1528949,,bus-cycles:u,1146528,100.00,,
     0.080597035,1713010,,instructions:u,1146432,100.00,,
     0.081742960,85856,,branch-misses:u,1145664,100.00,,
     0.081742960,0,,cache-misses:u,1145824,100.00,,
     0.081742960,1527908,,bus-cycles:u,1145792,100.00,,
     0.081742960,1724370,,instructions:u,1145920,100.00,,
     0.082890134,85749,,branch-misses:u,1147104,100.00,,
     0.082890134,0,,cache-misses:u,1147072,100.00,,
     0.082890134,1524081,,bus-cycles:u,1147072,100.00,,
     0.082890134,1717150,,instructions:u,1147104,100.00,,
     0.084038365,85455,,branch-misses:u,1147296,100.00,,
     0.084038365,0,,cache-misses:u,1147200,100.00,,
     0.084038365,1530149,,bus-cycles:u,1147168,100.00,,
     0.084038365,1709270,,instructions:u,1147136,100.00,,
     0.085183778,86229,,branch-misses:u,1145184,100.00,,
     0.085183778,0,,cache-misses:u,1145344,100.00,,
     0.085183778,1527523,,bus-cycles:u,1145344,100.00,,
     0.085183778,1729710,,instructions:u,1145376,100.00,,
     0.086342540,86690,,branch-misses:u,1158528,100.00,,
     0.086342540,0,,cache-misses:u,1158592,100.00,,
     0.086342540,1545185,,bus-cycles:u,1158720,100.00,,
     0.086342540,1734290,,instructions:u,1158720,100.00,,
     0.087490706,85766,,branch-misses:u,1148064,100.00,,
     0.087490706,0,,cache-misses:u,1148000,100.00,,
     0.087490706,1524735,,bus-cycles:u,1147904,100.00,,
     0.087490706,1713190,,instructions:u,1147808,100.00,,
     0.088638937,85969,,branch-misses:u,1147328,100.00,,
     0.088638937,0,,cache-misses:u,1147296,100.00,,
     0.088638937,1529296,,bus-cycles:u,1147296,100.00,,
     0.088638937,1720510,,instructions:u,1147360,100.00,,
     0.089785150,85952,,branch-misses:u,1145856,100.00,,
     0.089785150,0,,cache-misses:u,1145792,100.00,,
     0.089785150,1527595,,bus-cycles:u,1145760,100.00,,
     0.089785150,1715670,,instructions:u,1145664,100.00,,
     0.090932196,86009,,branch-misses:u,1147136,100.00,,
     0.090932196,0,,cache-misses:u,1147200,100.00,,
     0.090932196,1524150,,bus-cycles:u,1147328,100.00,,
     0.090932196,1718330,,instructions:u,1147424,100.00,,
     0.092079851,86382,,branch-misses:u,1146880,100.00,,
     0.092079851,0,,cache-misses:u,1146944,100.00,,
     0.092079851,1528892,,bus-cycles:u,1146848,100.00,,
     0.092079851,1729390,,instructions:u,1146784,100.00,,
     0.093226544,85160,,branch-misses:u,1146272,100.00,,
     0.093226544,0,,cache-misses:u,1146176,100.00,,
     0.093226544,1527787,,bus-cycles:u,1146144,100.00,,
     0.093226544,1699404,,instructions:u,1146144,100.00,,
     0.094371990,86120,,branch-misses:u,1145024,100.00,,
     0.094371990,0,,cache-misses:u,1145088,100.00,,
     0.094371990,1527204,,bus-cycles:u,1145120,100.00,,
     0.094371990,1724487,,instructions:u,1145184,100.00,,
     0.095520092,85870,,branch-misses:u,1147776,100.00,,
     0.095520092,0,,cache-misses:u,1147648,100.00,,
     0.095520092,1524210,,bus-cycles:u,1147648,100.00,,
     0.095520092,1717819,,instructions:u,1147680,100.00,,
     0.096667971,86171,,branch-misses:u,1147456,100.00,,
     0.096667971,0,,cache-misses:u,1147552,100.00,,
     0.096667971,1530325,,bus-cycles:u,1147552,100.00,,
     0.096667971,1722750,,instructions:u,1147552,100.00,,
     0.097814088,85919,,branch-misses:u,1145600,100.00,,
     0.097814088,0,,cache-misses:u,1145568,100.00,,
     0.097814088,1526547,,bus-cycles:u,1145536,100.00,,
     0.097814088,1720510,,instructions:u,1145504,100.00,,
     0.098961454,85485,,branch-misses:u,1147552,100.00,,
     0.098961454,0,,cache-misses:u,1147584,100.00,,
     0.098961454,1523194,,bus-cycles:u,1147648,100.00,,
     0.098961454,1718270,,instructions:u,1147680,100.00,,
     0.100109877,86114,,branch-misses:u,1147488,100.00,,
     0.100109877,0,,cache-misses:u,1147360,100.00,,
     0.100109877,1529310,,bus-cycles:u,1147328,100.00,,
     0.100109877,1722240,,instructions:u,1147360,100.00,,
     0.101255962,85875,,branch-misses:u,1145824,100.00,,
     0.101255962,0,,cache-misses:u,1145856,100.00,,
     0.101255962,1527876,,bus-cycles:u,1145856,100.00,,
     0.101255962,1716490,,instructions:u,1145792,100.00,,
     0.102404289,86345,,branch-misses:u,1148384,100.00,,
     0.102404289,0,,cache-misses:u,1148992,100.00,,
     0.102404289,1532302,,bus-cycles:u,1149344,100.00,,
     0.102404289,1722370,,instructions:u,1149504,100.00,,
     0.103567340,87005,,branch-misses:u,1162944,100.00,,
     0.103567340,0,,cache-misses:u,1162624,100.00,,
     0.103567340,1544307,,bus-cycles:u,1162336,100.00,,
     0.103567340,1740190,,instructions:u,1162240,100.00,,
     0.104716851,86226,,branch-misses:u,1148384,100.00,,
     0.104716851,0,,cache-misses:u,1148704,100.00,,
     0.104716851,1531444,,bus-cycles:u,1148640,100.00,,
     0.104716851,1725230,,instructions:u,1148512,100.00,,
     0.105863161,86532,,branch-misses:u,1145856,100.00,,
     0.105863161,0,,cache-misses:u,1145248,100.00,,
     0.105863161,1527498,,bus-cycles:u,1145248,100.00,,
     0.105863161,1727730,,instructions:u,1145280,100.00,,
     0.107027717,87313,,branch-misses:u,1164608,100.00,,
     0.107027717,0,,cache-misses:u,1164800,100.00,,
     0.107027717,1547736,,bus-cycles:u,1164896,100.00,,
     0.107027717,1741870,,instructions:u,1165024,100.00,,
     0.108176331,86615,,branch-misses:u,1147872,100.00,,
     0.108176331,0,,cache-misses:u,1147872,100.00,,
     0.108176331,1530971,,bus-cycles:u,1147808,100.00,,
     0.108176331,1731930,,instructions:u,1147744,100.00,,
     0.109324626,86211,,branch-misses:u,1147872,100.00,,
     0.109324626,0,,cache-misses:u,1147744,100.00,,
     0.109324626,1530760,,bus-cycles:u,1147776,100.00,,
     0.109324626,1725150,,instructions:u,1147680,100.00,,
     0.110470487,86375,,branch-misses:u,1145408,100.00,,
     0.110470487,0,,cache-misses:u,1145472,100.00,,
     0.110470487,1527260,,bus-cycles:u,1145376,100.00,,
     0.110470487,1729480,,instructions:u,1145472,100.00,,
     0.111617981,86355,,branch-misses:u,1147808,100.00,,
     0.111617981,0,,cache-misses:u,1147680,100.00,,
     0.111617981,1524462,,bus-cycles:u,1147712,100.00,,
     0.111617981,1722600,,instructions:u,1147712,100.00,,
     0.112766436,86068,,branch-misses:u,1147296,100.00,,
     0.112766436,0,,cache-misses:u,1147360,100.00,,
     0.112766436,1530061,,bus-cycles:u,1147392,100.00,,
     0.112766436,1720320,,instructions:u,1147264,100.00,,
     0.113912009,86327,,branch-misses:u,1145216,100.00,,
     0.113912009,0,,cache-misses:u,1145312,100.00,,
     0.113912009,1527913,,bus-cycles:u,1145216,100.00,,
     0.113912009,1726970,,instructions:u,1145248,100.00,,
     0.115059279,85951,,branch-misses:u,1147264,100.00,,
     0.115059279,0,,cache-misses:u,1147264,100.00,,
     0.115059279,1524794,,bus-cycles:u,1147296,100.00,,
     0.115059279,1721190,,instructions:u,1147456,100.00,,
     0.116207254,86075,,branch-misses:u,1147232,100.00,,
     0.116207254,0,,cache-misses:u,1147072,100.00,,
     0.116207254,1530281,,bus-cycles:u,1147072,100.00,,
     0.116207254,1725440,,instructions:u,1146976,100.00,,
     0.117353275,86380,,branch-misses:u,1145760,100.00,,
     0.117353275,0,,cache-misses:u,1145824,100.00,,
     0.117353275,1528845,,bus-cycles:u,1145824,100.00,,
     0.117353275,1732624,,instructions:u,1145792,100.00,,
     0.118499393,86019,,branch-misses:u,1145632,100.00,,
     0.118499393,0,,cache-misses:u,1145760,100.00,,
     0.118499393,1528436,,bus-cycles:u,1145824,100.00,,
     0.118499393,1722986,,instructions:u,1145856,100.00,,
     0.119646503,86163,,branch-misses:u,1147072,100.00,,
     0.119646503,0,,cache-misses:u,1146944,100.00,,
     0.119646503,1524439,,bus-cycles:u,1146912,100.00,,
     0.119646503,1722520,,instructions:u,1146912,100.00,,
     0.120793837,86130,,branch-misses:u,1146560,100.00,,
     0.120793837,0,,cache-misses:u,1146560,100.00,,
     0.120793837,1528353,,bus-cycles:u,1146592,100.00,,
     0.120793837,1719100,,instructions:u,1146624,100.00,,
     0.121940211,86456,,branch-misses:u,1146016,100.00,,
     0.121940211,0,,cache-misses:u,1146016,100.00,,
     0.121940211,1527947,,bus-cycles:u,1146016,100.00,,
     0.121940211,1727180,,instructions:u,1145984,100.00,,
     0.123087705,85410,,branch-misses:u,1147296,100.00,,
     0.123087705,2,,cache-misses:u,1147264,100.00,,
     0.123087705,1516674,,bus-cycles:u,1147232,100.00,,
     0.123087705,1704960,,instructions:u,1147232,100.00,,
     0.124235775,86039,,branch-misses:u,1147424,100.00,,
     0.124235775,0,,cache-misses:u,1147392,100.00,,
     0.124235775,1530191,,bus-cycles:u,1147392,100.00,,
     0.124235775,1718490,,instructions:u,1147360,100.00,,
     0.125381093,86148,,branch-misses:u,1145056,100.00,,
     0.125381093,0,,cache-misses:u,1145088,100.00,,
     0.125381093,1527293,,bus-cycles:u,1145088,100.00,,
     0.125381093,1723970,,instructions:u,1145088,100.00,,
     0.126527274,86537,,branch-misses:u,1145632,100.00,,
     0.126527274,0,,cache-misses:u,1145696,100.00,,
     0.126527274,1527765,,bus-cycles:u,1145728,100.00,,
     0.126527274,1721500,,instructions:u,1145664,100.00,,
     0.127675217,85833,,branch-misses:u,1147968,100.00,,
     0.127675217,0,,cache-misses:u,1147872,100.00,,
     0.127675217,1524748,,bus-cycles:u,1147840,100.00,,
     0.127675217,1718890,,instructions:u,1147936,100.00,,
     0.128834907,87375,,branch-misses:u,1159104,100.00,,
     0.128834907,0,,cache-misses:u,1159296,100.00,,
     0.128834907,1546102,,bus-cycles:u,1159360,100.00,,
     0.128834907,1751270,,instructions:u,1159296,100.00,,
     0.129981377,86493,,branch-misses:u,1145984,100.00,,
     0.129981377,0,,cache-misses:u,1145856,100.00,,
     0.129981377,1527979,,bus-cycles:u,1145824,100.00,,
     0.129981377,1723250,,instructions:u,1145856,100.00,,
     0.131128967,85783,,branch-misses:u,1147520,100.00,,
     0.131128967,0,,cache-misses:u,1147520,100.00,,
     0.131128967,1525383,,bus-cycles:u,1147424,100.00,,
     0.131128967,1714950,,instructions:u,1147488,100.00,,
     0.132277005,86455,,branch-misses:u,1147264,100.00,,
     0.132277005,0,,cache-misses:u,1147168,100.00,,
     0.132277005,1530238,,bus-cycles:u,1147232,100.00,,
     0.132277005,1729672,,instructions:u,1147232,100.00,,
     0.133423635,85976,,branch-misses:u,1146304,100.00,,
     0.133423635,0,,cache-misses:u,1146304,100.00,,
     0.133423635,1528721,,bus-cycles:u,1146336,100.00,,
     0.133423635,1717969,,instructions:u,1146336,100.00,,
     0.134569625,86424,,branch-misses:u,1145504,100.00,,
     0.134569625,0,,cache-misses:u,1145504,100.00,,
     0.134569625,1527397,,bus-cycles:u,1145472,100.00,,
     0.134569625,1723469,,instructions:u,1145408,100.00,,
     0.135719744,85838,,branch-misses:u,1150080,100.00,,
     0.135719744,0,,cache-misses:u,1150240,100.00,,
     0.135719744,1527974,,bus-cycles:u,1150272,100.00,,
     0.135719744,1719910,,instructions:u,1150272,100.00,,
     0.136867366,85088,,branch-misses:u,1146944,100.00,,
     0.136867366,0,,cache-misses:u,1146784,100.00,,
     0.136867366,1529553,,bus-cycles:u,1146784,100.00,,
     0.136867366,1700360,,instructions:u,1146848,100.00,,
     0.138014092,86248,,branch-misses:u,1146304,100.00,,
     0.138014092,0,,cache-misses:u,1146336,100.00,,
     0.138014092,1529016,,bus-cycles:u,1146304,100.00,,
     0.138014092,1732370,,instructions:u,1146240,100.00,,
     0.139161682,85922,,branch-misses:u,1147488,100.00,,
     0.139161682,0,,cache-misses:u,1147456,100.00,,
     0.139161682,1525196,,bus-cycles:u,1147424,100.00,,
     0.139161682,1718570,,instructions:u,1147424,100.00,,
     0.140309240,86479,,branch-misses:u,1146944,100.00,,
     0.140309240,0,,cache-misses:u,1147040,100.00,,
     0.140309240,1530579,,bus-cycles:u,1147104,100.00,,
     0.140309240,1729950,,instructions:u,1147104,100.00,,
     0.141456062,86020,,branch-misses:u,1146272,100.00,,
     0.141456062,0,,cache-misses:u,1146272,100.00,,
     0.141456062,1528915,,bus-cycles:u,1146176,100.00,,
     0.141456062,1718140,,instructions:u,1146176,100.00,,
     0.142602724,86436,,branch-misses:u,1146336,100.00,,
     0.142602724,0,,cache-misses:u,1146304,100.00,,
     0.142602724,1529018,,bus-cycles:u,1146432,100.00,,
     0.142602724,1731660,,instructions:u,1146432,100.00,,
     0.143750058,86243,,branch-misses:u,1147360,100.00,,
     0.143750058,0,,cache-misses:u,1147392,100.00,,
     0.143750058,1523761,,bus-cycles:u,1147328,100.00,,
     0.143750058,1724440,,instructions:u,1147360,100.00,,
     0.144897680,86471,,branch-misses:u,1146880,100.00,,
     0.144897680,0,,cache-misses:u,1146880,100.00,,
     0.144897680,1529086,,bus-cycles:u,1146880,100.00,,
     0.144897680,1727030,,instructions:u,1146880,100.00,,
     0.146043958,86355,,branch-misses:u,1145920,100.00,,
     0.146043958,0,,cache-misses:u,1145952,100.00,,
     0.146043958,1527544,,bus-cycles:u,1146016,100.00,,
     0.146043958,1730760,,instructions:u,1145952,100.00,,
     0.147191388,85601,,branch-misses:u,1147296,100.00,,
     0.147191388,0,,cache-misses:u,1147232,100.00,,
     0.147191388,1523916,,bus-cycles:u,1147168,100.00,,
     0.147191388,1720340,,instructions:u,1147264,100.00,,
     0.148338818,85975,,branch-misses:u,1146816,100.00,,
     0.148338818,0,,cache-misses:u,1146784,100.00,,
     0.148338818,1528746,,bus-cycles:u,1146752,100.00,,
     0.148338818,1719550,,instructions:u,1146720,100.00,,
     0.149496972,86239,,branch-misses:u,1157952,100.00,,
     0.149496972,0,,cache-misses:u,1158112,100.00,,
     0.149496972,1544764,,bus-cycles:u,1158176,100.00,,
     0.149496972,1726680,,instructions:u,1158176,100.00,,
     0.150643314,85275,,branch-misses:u,1145696,100.00,,
     0.150643314,0,,cache-misses:u,1145600,100.00,,
     0.150643314,1527976,,bus-cycles:u,1145568,100.00,,
     0.150643314,1703850,,instructions:u,1145600,100.00,,
     0.151802652,86687,,branch-misses:u,1159296,100.00,,
     0.151802652,0,,cache-misses:u,1159392,100.00,,
     0.151802652,1540493,,bus-cycles:u,1159392,100.00,,
     0.151802652,1734010,,instructions:u,1159424,100.00,,
     0.152950562,86018,,branch-misses:u,1147104,100.00,,
     0.152950562,0,,cache-misses:u,1147008,100.00,,
     0.152950562,1529614,,bus-cycles:u,1147072,100.00,,
     0.152950562,1721190,,instructions:u,1147008,100.00,,
     0.154096872,86065,,branch-misses:u,1146080,100.00,,
     0.154096872,0,,cache-misses:u,1146240,100.00,,
     0.154096872,1528803,,bus-cycles:u,1146144,100.00,,
     0.154096872,1719932,,instructions:u,1146144,100.00,,
     0.155244654,86276,,branch-misses:u,1147584,100.00,,
     0.155244654,0,,cache-misses:u,1147424,100.00,,
     0.155244654,1525589,,bus-cycles:u,1147424,100.00,,
     0.155244654,1719808,,instructions:u,1147456,100.00,,
     0.156392724,86250,,branch-misses:u,1147296,100.00,,
     0.156392724,0,,cache-misses:u,1147328,100.00,,
     0.156392724,1530362,,bus-cycles:u,1147360,100.00,,
     0.156392724,1730240,,instructions:u,1147296,100.00,,
     0.157539034,86204,,branch-misses:u,1146016,100.00,,
     0.157539034,0,,cache-misses:u,1145984,100.00,,
     0.157539034,1528086,,bus-cycles:u,1145888,100.00,,
     0.157539034,1726820,,instructions:u,1145888,100.00,,
     0.158685952,86003,,branch-misses:u,1146496,100.00,,
     0.158685952,0,,cache-misses:u,1146464,100.00,,
     0.158685952,1528839,,bus-cycles:u,1146592,100.00,,
     0.158685952,1726110,,instructions:u,1146496,100.00,,
     0.159839848,86307,,branch-misses:u,1153920,100.00,,
     0.159839848,0,,cache-misses:u,1154048,100.00,,
     0.159839848,1533374,,bus-cycles:u,1154080,100.00,,
     0.159839848,1729730,,instructions:u,1154208,100.00,,
     0.160985966,86012,,branch-misses:u,1145280,100.00,,
     0.160985966,0,,cache-misses:u,1145248,100.00,,
     0.160985966,1527505,,bus-cycles:u,1145184,100.00,,
     0.160985966,1716680,,instructions:u,1145184,100.00,,
     0.162132436,86088,,branch-misses:u,1146048,100.00,,
     0.162132436,0,,cache-misses:u,1146048,100.00,,
     0.162132436,1527770,,bus-cycles:u,1146048,100.00,,
     0.162132436,1718930,,instructions:u,1146048,100.00,,
     0.163280058,85936,,branch-misses:u,1147712,100.00,,
     0.163280058,0,,cache-misses:u,1147616,100.00,,
     0.163280058,1525436,,bus-cycles:u,1147616,100.00,,
     0.163280058,1717780,,instructions:u,1147680,100.00,,
     0.164429281,86495,,branch-misses:u,1148896,100.00,,
     0.164429281,0,,cache-misses:u,1149376,100.00,,
     0.164429281,1532898,,bus-cycles:u,1149440,100.00,,
     0.164429281,1733900,,instructions:u,1149408,100.00,,
     0.165584234,85781,,branch-misses:u,1154304,100.00,,
     0.165584234,0,,cache-misses:u,1154016,100.00,,
     0.165584234,1539075,,bus-cycles:u,1153984,100.00,,
     0.165584234,1712820,,instructions:u,1153888,100.00,,
     0.166733136,85924,,branch-misses:u,1148352,100.00,,
     0.166733136,0,,cache-misses:u,1148384,100.00,,
     0.166733136,1527418,,bus-cycles:u,1148480,100.00,,
     0.166733136,1721590,,instructions:u,1148544,100.00,,
     0.167882391,86179,,branch-misses:u,1148864,100.00,,
     0.167882391,0,,cache-misses:u,1148672,100.00,,
     0.167882391,1531816,,bus-cycles:u,1148544,100.00,,
     0.167882391,1720778,,instructions:u,1148512,100.00,,
     0.169028541,86388,,branch-misses:u,1145664,100.00,,
     0.169028541,0,,cache-misses:u,1145664,100.00,,
     0.169028541,1528090,,bus-cycles:u,1145600,100.00,,
     0.169028541,1725252,,instructions:u,1145536,100.00,,
     0.170187174,86882,,branch-misses:u,1158304,100.00,,
     0.170187174,0,,cache-misses:u,1158368,100.00,,
     0.170187174,1544845,,bus-cycles:u,1158464,100.00,,
     0.170187174,1741750,,instructions:u,1158624,100.00,,
     0.171334701,85638,,branch-misses:u,1147200,100.00,,
     0.171334701,0,,cache-misses:u,1147200,100.00,,
     0.171334701,1525240,,bus-cycles:u,1147168,100.00,,
     0.171334701,1723210,,instructions:u,1147136,100.00,,
     0.172481875,86047,,branch-misses:u,1146688,100.00,,
     0.172481875,0,,cache-misses:u,1146560,100.00,,
     0.172481875,1528579,,bus-cycles:u,1146560,100.00,,
     0.172481875,1718140,,instructions:u,1146560,100.00,,
     0.173627224,84934,,branch-misses:u,1144928,100.00,,
     0.173627224,0,,cache-misses:u,1144992,100.00,,
     0.173627224,1526568,,bus-cycles:u,1145056,100.00,,
     0.173627224,1701490,,instructions:u,1145024,100.00,,
     0.174774558,85860,,branch-misses:u,1147328,100.00,,
     0.174774558,0,,cache-misses:u,1147328,100.00,,
     0.174774558,1524442,,bus-cycles:u,1147296,100.00,,
     0.174774558,1717720,,instructions:u,1147296,100.00,,
     0.175922660,86501,,branch-misses:u,1147488,100.00,,
     0.175922660,0,,cache-misses:u,1147488,100.00,,
     0.175922660,1528942,,bus-cycles:u,1147424,100.00,,
     0.175922660,1729630,,instructions:u,1147392,100.00,,
     0.177069066,86497,,branch-misses:u,1145952,100.00,,
     0.177069066,0,,cache-misses:u,1145984,100.00,,
     0.177069066,1528161,,bus-cycles:u,1145952,100.00,,
     0.177069066,1726981,,instructions:u,1145920,100.00,,
     0.178215184,86428,,branch-misses:u,1145632,100.00,,
     0.178215184,0,,cache-misses:u,1145504,100.00,,
     0.178215184,1528187,,bus-cycles:u,1145568,100.00,,
     0.178215184,1723189,,instructions:u,1145600,100.00,,
     0.179363222,85571,,branch-misses:u,1148064,100.00,,
     0.179363222,0,,cache-misses:u,1148128,100.00,,
     0.179363222,1526552,,bus-cycles:u,1148160,100.00,,
     0.179363222,1712080,,instructions:u,1148224,100.00,,
     0.180510588,86440,,branch-misses:u,1146464,100.00,,
     0.180510588,0,,cache-misses:u,1146464,100.00,,
     0.180510588,1529125,,bus-cycles:u,1146432,100.00,,
     0.180510588,1728710,,instructions:u,1146400,100.00,,
     0.181656610,86049,,branch-misses:u,1145792,100.00,,
     0.181656610,0,,cache-misses:u,1145824,100.00,,
     0.181656610,1528583,,bus-cycles:u,1145856,100.00,,
     0.181656610,1721070,,instructions:u,1145920,100.00,,
     0.182805449,86202,,branch-misses:u,1148704,100.00,,
     0.182805449,0,,cache-misses:u,1148704,100.00,,
     0.182805449,1524488,,bus-cycles:u,1148672,100.00,,
     0.182805449,1724750,,instructions:u,1148544,100.00,,
     0.183952943,85945,,branch-misses:u,1146688,100.00,,
     0.183952943,0,,cache-misses:u,1146688,100.00,,
     0.183952943,1528780,,bus-cycles:u,1146624,100.00,,
     0.183952943,1723970,,instructions:u,1146624,100.00,,
     0.185098324,86096,,branch-misses:u,1145056,100.00,,
     0.185098324,0,,cache-misses:u,1145152,100.00,,
     0.185098324,1526788,,bus-cycles:u,1145216,100.00,,
     0.185098324,1724310,,instructions:u,1145344,100.00,,
     0.186244186,86188,,branch-misses:u,1145472,100.00,,
     0.186244186,0,,cache-misses:u,1145376,100.00,,
     0.186244186,1528239,,bus-cycles:u,1145376,100.00,,
     0.186244186,1728886,,instructions:u,1145280,100.00,,
     0.187391680,85891,,branch-misses:u,1147552,100.00,,
     0.187391680,0,,cache-misses:u,1147648,100.00,,
     0.187391680,1525915,,bus-cycles:u,1147648,100.00,,
     0.187391680,1715964,,instructions:u,1147808,100.00,,
     0.188539622,86351,,branch-misses:u,1147200,100.00,,
     0.188539622,0,,cache-misses:u,1147104,100.00,,
     0.188539622,1529660,,bus-cycles:u,1147168,100.00,,
     0.188539622,1725884,,instructions:u,1147008,100.00,,
     0.189685708,86127,,branch-misses:u,1145728,100.00,,
     0.189685708,0,,cache-misses:u,1145728,100.00,,
     0.189685708,1527852,,bus-cycles:u,1145664,100.00,,
     0.189685708,1724556,,instructions:u,1145728,100.00,,
     0.190833650,85816,,branch-misses:u,1147904,100.00,,
     0.190833650,0,,cache-misses:u,1148000,100.00,,
     0.190833650,1525829,,bus-cycles:u,1147968,100.00,,
     0.190833650,1718370,,instructions:u,1148032,100.00,,
     0.192018757,88839,,branch-misses:u,1184576,100.00,,
     0.192018757,0,,cache-misses:u,1184960,100.00,,
     0.192018757,1580863,,bus-cycles:u,1184992,100.00,,
     0.192018757,1778990,,instructions:u,1184896,100.00,,
     0.193167980,85804,,branch-misses:u,1148736,100.00,,
     0.193167980,0,,cache-misses:u,1148160,100.00,,
     0.193167980,1530626,,bus-cycles:u,1148160,100.00,,
     0.193167980,1719540,,instructions:u,1148128,100.00,,
     0.194315122,85919,,branch-misses:u,1146560,100.00,,
     0.194315122,0,,cache-misses:u,1146592,100.00,,
     0.194315122,1528003,,bus-cycles:u,1146624,100.00,,
     0.194315122,1722420,,instructions:u,1146624,100.00,,
     0.195462680,85959,,branch-misses:u,1147616,100.00,,
     0.195462680,0,,cache-misses:u,1147552,100.00,,
     0.195462680,1526107,,bus-cycles:u,1147552,100.00,,
     0.195462680,1718560,,instructions:u,1147584,100.00,,
     0.196610718,86194,,branch-misses:u,1147264,100.00,,
     0.196610718,0,,cache-misses:u,1147488,100.00,,
     0.196610718,1530837,,bus-cycles:u,1147488,100.00,,
     0.196610718,1722750,,instructions:u,1147456,100.00,,
     0.197757988,86019,,branch-misses:u,1146880,100.00,,
     0.197757988,0,,cache-misses:u,1146880,100.00,,
     0.197757988,1529017,,bus-cycles:u,1146816,100.00,,
     0.197757988,1723600,,instructions:u,1146848,100.00,,
     0.198906347,86219,,branch-misses:u,1148256,100.00,,
     0.198906347,0,,cache-misses:u,1148096,100.00,,
     0.198906347,1524749,,bus-cycles:u,1148128,100.00,,
     0.198906347,1722928,,instructions:u,1148192,100.00,,
     0.200054865,86750,,branch-misses:u,1147840,100.00,,
     0.200054865,0,,cache-misses:u,1148032,100.00,,
     0.200054865,1531365,,bus-cycles:u,1148000,100.00,,
     0.200054865,1729832,,instructions:u,1147904,100.00,,
     0.201201367,86331,,branch-misses:u,1146144,100.00,,
     0.201201367,0,,cache-misses:u,1145984,100.00,,
     0.201201367,1528801,,bus-cycles:u,1145984,100.00,,
     0.201201367,1727410,,instructions:u,1146048,100.00,,
     0.202347997,86348,,branch-misses:u,1146080,100.00,,
     0.202347997,0,,cache-misses:u,1146080,100.00,,
     0.202347997,1529012,,bus-cycles:u,1146112,100.00,,
     0.202347997,1726910,,instructions:u,1146048,100.00,,
     0.203496323,85858,,branch-misses:u,1148416,100.00,,
     0.203496323,0,,cache-misses:u,1148384,100.00,,
     0.203496323,1525906,,bus-cycles:u,1148384,100.00,,
     0.203496323,1718450,,instructions:u,1148416,100.00,,
     0.204644394,85934,,branch-misses:u,1147200,100.00,,
     0.204644394,0,,cache-misses:u,1147168,100.00,,
     0.204644394,1530196,,bus-cycles:u,1147136,100.00,,
     0.204644394,1722500,,instructions:u,1147104,100.00,,
     0.205790255,86497,,branch-misses:u,1145600,100.00,,
     0.205790255,0,,cache-misses:u,1145664,100.00,,
     0.205790255,1528621,,bus-cycles:u,1145664,100.00,,
     0.205790255,1725470,,instructions:u,1145728,100.00,,
     0.206938998,86093,,branch-misses:u,1148672,100.00,,
     0.206938998,0,,cache-misses:u,1148736,100.00,,
     0.206938998,1523341,,bus-cycles:u,1148800,100.00,,
     0.206938998,1725860,,instructions:u,1148896,100.00,,
     0.208086684,86097,,branch-misses:u,1146912,100.00,,
     0.208086684,0,,cache-misses:u,1146784,100.00,,
     0.208086684,1530422,,bus-cycles:u,1146816,100.00,,
     0.208086684,1724480,,instructions:u,1146720,100.00,,
     0.209233218,85959,,branch-misses:u,1146080,100.00,,
     0.209233218,0,,cache-misses:u,1146304,100.00,,
     0.209233218,1529636,,bus-cycles:u,1146208,100.00,,
     0.209233218,1714890,,instructions:u,1146144,100.00,,
     0.210379880,86105,,branch-misses:u,1146240,100.00,,
     0.210379880,0,,cache-misses:u,1146048,100.00,,
     0.210379880,1529119,,bus-cycles:u,1146112,100.00,,
     0.210379880,1723300,,instructions:u,1146144,100.00,,
     0.211527214,86024,,branch-misses:u,1147360,100.00,,
     0.211527214,0,,cache-misses:u,1147456,100.00,,
     0.211527214,1524796,,bus-cycles:u,1147424,100.00,,
     0.211527214,1720150,,instructions:u,1147424,100.00,,
     0.212686776,87334,,branch-misses:u,1158976,100.00,,
     0.212686776,0,,cache-misses:u,1159040,100.00,,
     0.212686776,1546480,,bus-cycles:u,1159008,100.00,,
     0.212686776,1746340,,instructions:u,1159040,100.00,,
     0.213834494,86230,,branch-misses:u,1147264,100.00,,
     0.213834494,0,,cache-misses:u,1147232,100.00,,
     0.213834494,1530769,,bus-cycles:u,1147264,100.00,,
     0.213834494,1731960,,instructions:u,1147264,100.00,,
     0.214982629,85108,,branch-misses:u,1147776,100.00,,
     0.214982629,0,,cache-misses:u,1147680,100.00,,
     0.214982629,1527811,,bus-cycles:u,1147680,100.00,,
     0.214982629,1704288,,instructions:u,1147680,100.00,,
     0.216129707,85746,,branch-misses:u,1146592,100.00,,
     0.216129707,0,,cache-misses:u,1146656,100.00,,
     0.216129707,1529933,,bus-cycles:u,1146656,100.00,,
     0.216129707,1715913,,instructions:u,1146592,100.00,,
     0.217275472,86107,,branch-misses:u,1145216,100.00,,
     0.217275472,0,,cache-misses:u,1145216,100.00,,
     0.217275472,1527957,,bus-cycles:u,1145248,100.00,,
     0.217275472,1721799,,instructions:u,1145248,100.00,,
     0.218420309,85910,,branch-misses:u,1144544,100.00,,
     0.218420309,0,,cache-misses:u,1144512,100.00,,
     0.218420309,1527411,,bus-cycles:u,1144480,100.00,,
     0.218420309,1716470,,instructions:u,1144448,100.00,,
     0.219567868,85868,,branch-misses:u,1147616,100.00,,
     0.219567868,0,,cache-misses:u,1147712,100.00,,
     0.219567868,1526749,,bus-cycles:u,1147680,100.00,,
     0.219567868,1719748,,instructions:u,1147776,100.00,,
     0.220716066,86101,,branch-misses:u,1147456,100.00,,
     0.220716066,0,,cache-misses:u,1147328,100.00,,
     0.220716066,1531266,,bus-cycles:u,1147392,100.00,,
     0.220716066,1731972,,instructions:u,1147392,100.00,,
     0.221862280,85015,,branch-misses:u,1145856,100.00,,
     0.221862280,0,,cache-misses:u,1145888,100.00,,
     0.221862280,1529188,,bus-cycles:u,1145952,100.00,,
     0.221862280,1703960,,instructions:u,1145920,100.00,,
     0.223010894,86373,,branch-misses:u,1148352,100.00,,
     0.223010894,0,,cache-misses:u,1148320,100.00,,
     0.223010894,1528835,,bus-cycles:u,1148256,100.00,,
     0.223010894,1726920,,instructions:u,1148352,100.00,,
     0.224158420,85921,,branch-misses:u,1147008,100.00,,
     0.224158420,0,,cache-misses:u,1147328,100.00,,
     0.224158420,1530822,,bus-cycles:u,1147264,100.00,,
     0.224158420,1723100,,instructions:u,1147136,100.00,,
     0.225306747,85364,,branch-misses:u,1147872,100.00,,
     0.225306747,0,,cache-misses:u,1147584,100.00,,
     0.225306747,1531467,,bus-cycles:u,1147616,100.00,,
     0.225306747,1710440,,instructions:u,1147680,100.00,,
     0.226453697,85994,,branch-misses:u,1146560,100.00,,
     0.226453697,0,,cache-misses:u,1146624,100.00,,
     0.226453697,1530286,,bus-cycles:u,1146624,100.00,,
     0.226453697,1727840,,instructions:u,1146656,100.00,,
     0.227602599,85831,,branch-misses:u,1148928,100.00,,
     0.227602599,0,,cache-misses:u,1148864,100.00,,
     0.227602599,1528602,,bus-cycles:u,1148864,100.00,,
     0.227602599,1719830,,instructions:u,1148864,100.00,,
     0.228751278,86525,,branch-misses:u,1147872,100.00,,
     0.228751278,0,,cache-misses:u,1147904,100.00,,
     0.228751278,1532348,,bus-cycles:u,1148000,100.00,,
     0.228751278,1734160,,instructions:u,1147904,100.00,,
     0.229898004,86059,,branch-misses:u,1146432,100.00,,
     0.229898004,0,,cache-misses:u,1146368,100.00,,
     0.229898004,1530020,,bus-cycles:u,1146336,100.00,,
     0.229898004,1721820,,instructions:u,1146368,100.00,,
     0.231046010,85867,,branch-misses:u,1147904,100.00,,
     0.231046010,0,,cache-misses:u,1147936,100.00,,
     0.231046010,1525383,,bus-cycles:u,1147840,100.00,,
     0.231046010,1717880,,instructions:u,1147808,100.00,,
     0.232194080,86450,,branch-misses:u,1147168,100.00,,
     0.232194080,0,,cache-misses:u,1147168,100.00,,
     0.232194080,1530727,,bus-cycles:u,1147232,100.00,,
     0.232194080,1730200,,instructions:u,1147264,100.00,,
     0.233340678,86105,,branch-misses:u,1146432,100.00,,
     0.233340678,0,,cache-misses:u,1146400,100.00,,
     0.233340678,1529476,,bus-cycles:u,1146400,100.00,,
     0.233340678,1724700,,instructions:u,1146368,100.00,,
     0.234497327,87135,,branch-misses:u,1156384,100.00,,
     0.234497327,0,,cache-misses:u,1156544,100.00,,
     0.234497327,1542986,,bus-cycles:u,1156544,100.00,,
     0.234497327,1740018,,instructions:u,1156576,100.00,,
     0.235645334,82619,,branch-misses:u,1124512,100.00,,
     0.235645334,0,,cache-misses:u,1124544,100.00,,
     0.235645334,1467069,,bus-cycles:u,1124352,100.00,,
     0.235645334,1655362,,instructions:u,1124416,100.00,,
     0.236793628,86234,,branch-misses:u,1147392,100.00,,
     0.236793628,0,,cache-misses:u,1147296,100.00,,
     0.236793628,1531357,,bus-cycles:u,1147456,100.00,,
     0.236793628,1727150,,instructions:u,1147392,100.00,,
     0.237941666,86566,,branch-misses:u,1147680,100.00,,
     0.237941666,0,,cache-misses:u,1147616,100.00,,
     0.237941666,1531361,,bus-cycles:u,1147712,100.00,,
     0.237941666,1732660,,instructions:u,1147680,100.00,,
     0.239090537,86126,,branch-misses:u,1148832,100.00,,
     0.239090537,0,,cache-misses:u,1148864,100.00,,
     0.239090537,1526106,,bus-cycles:u,1148768,100.00,,
     0.239090537,1725180,,instructions:u,1148800,100.00,,
     0.240238223,86415,,branch-misses:u,1146720,100.00,,
     0.240238223,0,,cache-misses:u,1146688,100.00,,
     0.240238223,1529590,,bus-cycles:u,1146752,100.00,,
     0.240238223,1727852,,instructions:u,1146752,100.00,,
     0.241383573,85751,,branch-misses:u,1144960,100.00,,
     0.241383573,0,,cache-misses:u,1144960,100.00,,
     0.241383573,1527666,,bus-cycles:u,1144864,100.00,,
     0.241383573,1710608,,instructions:u,1144864,100.00,,
     0.242530042,86030,,branch-misses:u,1146272,100.00,,
     0.242530042,0,,cache-misses:u,1146272,100.00,,
     0.242530042,1528900,,bus-cycles:u,1146272,100.00,,
     0.242530042,1724000,,instructions:u,1146208,100.00,,
     0.243677889,86006,,branch-misses:u,1147808,100.00,,
     0.243677889,0,,cache-misses:u,1147840,100.00,,
     0.243677889,1525062,,bus-cycles:u,1147872,100.00,,
     0.243677889,1725594,,instructions:u,1147936,100.00,,
     0.244826503,85963,,branch-misses:u,1147808,100.00,,
     0.244826503,0,,cache-misses:u,1147840,100.00,,
     0.244826503,1530738,,bus-cycles:u,1147840,100.00,,
     0.244826503,1722026,,instructions:u,1147904,100.00,,
     0.245973453,86388,,branch-misses:u,1146528,100.00,,
     0.245973453,0,,cache-misses:u,1146464,100.00,,
     0.245973453,1528679,,bus-cycles:u,1146496,100.00,,
     0.245973453,1723690,,instructions:u,1146464,100.00,,
     0.247121492,85840,,branch-misses:u,1148064,100.00,,
     0.247121492,0,,cache-misses:u,1148096,100.00,,
     0.247121492,1520830,,bus-cycles:u,1148128,100.00,,
     0.247121492,1711390,,instructions:u,1148064,100.00,,
     0.248269562,86444,,branch-misses:u,1147296,100.00,,
     0.248269562,0,,cache-misses:u,1147296,100.00,,
     0.248269562,1530109,,bus-cycles:u,1147200,100.00,,
     0.248269562,1730920,,instructions:u,1147296,100.00,,
     0.249416416,86250,,branch-misses:u,1146528,100.00,,
     0.249416416,0,,cache-misses:u,1146432,100.00,,
     0.249416416,1529438,,bus-cycles:u,1146400,100.00,,
     0.249416416,1721740,,instructions:u,1146336,100.00,,
     0.250562405,86310,,branch-misses:u,1145504,100.00,,
     0.250562405,0,,cache-misses:u,1145568,100.00,,
     0.250562405,1528608,,bus-cycles:u,1145632,100.00,,
     0.250562405,1728680,,instructions:u,1145600,100.00,,
     0.251710380,86029,,branch-misses:u,1147680,100.00,,
     0.251710380,0,,cache-misses:u,1147712,100.00,,
     0.251710380,1526460,,bus-cycles:u,1147680,100.00,,
     0.251710380,1717830,,instructions:u,1147712,100.00,,
     0.252858610,86345,,branch-misses:u,1147776,100.00,,
     0.252858610,0,,cache-misses:u,1147712,100.00,,
     0.252858610,1532091,,bus-cycles:u,1147808,100.00,,
     0.252858610,1733410,,instructions:u,1147712,100.00,,
     0.254004504,86306,,branch-misses:u,1145536,100.00,,
     0.254004504,0,,cache-misses:u,1145504,100.00,,
     0.254004504,1528597,,bus-cycles:u,1145472,100.00,,
     0.254004504,1727440,,instructions:u,1145568,100.00,,
     0.255162369,86633,,branch-misses:u,1158048,100.00,,
     0.255162369,0,,cache-misses:u,1158208,100.00,,
     0.255162369,1539583,,bus-cycles:u,1158240,100.00,,
     0.255162369,1731170,,instructions:u,1158304,100.00,,
     0.256311784,86246,,branch-misses:u,1148416,100.00,,
     0.256311784,0,,cache-misses:u,1148384,100.00,,
     0.256311784,1532258,,bus-cycles:u,1148352,100.00,,
     0.256311784,1729360,,instructions:u,1148352,100.00,,
     0.257459406,85805,,branch-misses:u,1147168,100.00,,
     0.257459406,0,,cache-misses:u,1147200,100.00,,
     0.257459406,1530721,,bus-cycles:u,1147232,100.00,,
     0.257459406,1722950,,instructions:u,1147168,100.00,,
     0.258605812,85547,,branch-misses:u,1146048,100.00,,
     0.258605812,0,,cache-misses:u,1146016,100.00,,
     0.258605812,1528181,,bus-cycles:u,1145888,100.00,,
     0.258605812,1715420,,instructions:u,1145984,100.00,,
     0.259753658,85978,,branch-misses:u,1147904,100.00,,
     0.259753658,0,,cache-misses:u,1147936,100.00,,
     0.259753658,1524762,,bus-cycles:u,1148064,100.00,,
     0.259753658,1726900,,instructions:u,1148000,100.00,,
     0.260905570,86044,,branch-misses:u,1151008,100.00,,
     0.260905570,0,,cache-misses:u,1150848,100.00,,
     0.260905570,1534276,,bus-cycles:u,1150784,100.00,,
     0.260905570,1721110,,instructions:u,1150784,100.00,,
     0.262051880,86078,,branch-misses:u,1145920,100.00,,
     0.262051880,0,,cache-misses:u,1146048,100.00,,
     0.262051880,1527894,,bus-cycles:u,1146080,100.00,,
     0.262051880,1722390,,instructions:u,1146112,100.00,,
     0.263200398,85752,,branch-misses:u,1148480,100.00,,
     0.263200398,0,,cache-misses:u,1148544,100.00,,
     0.263200398,1524839,,bus-cycles:u,1148480,100.00,,
     0.263200398,1719370,,instructions:u,1148416,100.00,,
     0.264348885,86134,,branch-misses:u,1147744,100.00,,
     0.264348885,0,,cache-misses:u,1147616,100.00,,
     0.264348885,1529799,,bus-cycles:u,1147680,100.00,,
     0.264348885,1724090,,instructions:u,1147712,100.00,,
     0.265495290,86365,,branch-misses:u,1146016,100.00,,
     0.265495290,0,,cache-misses:u,1146048,100.00,,
     0.265495290,1528343,,bus-cycles:u,1146016,100.00,,
     0.265495290,1725820,,instructions:u,1146016,100.00,,
     0.266642977,86132,,branch-misses:u,1147712,100.00,,
     0.266642977,0,,cache-misses:u,1147776,100.00,,
     0.266642977,1531148,,bus-cycles:u,1147840,100.00,,
     0.266642977,1721960,,instructions:u,1147968,100.00,,
     0.267840024,89468,,branch-misses:u,1196896,100.00,,
     0.267840024,0,,cache-misses:u,1197152,100.00,,
     0.267840024,1590708,,bus-cycles:u,1197184,100.00,,
     0.267840024,1785990,,instructions:u,1197024,100.00,,
     0.268990719,86592,,branch-misses:u,1149824,100.00,,
     0.268990719,0,,cache-misses:u,1149408,100.00,,
     0.268990719,1532846,,bus-cycles:u,1149344,100.00,,
     0.268990719,1730430,,instructions:u,1149312,100.00,,
     0.270137189,85661,,branch-misses:u,1145920,100.00,,
     0.270137189,0,,cache-misses:u,1145984,100.00,,
     0.270137189,1528358,,bus-cycles:u,1145952,100.00,,
     0.270137189,1723010,,instructions:u,1145984,100.00,,
     0.271285323,86012,,branch-misses:u,1148032,100.00,,
     0.271285323,0,,cache-misses:u,1147936,100.00,,
     0.271285323,1525456,,bus-cycles:u,1147936,100.00,,
     0.271285323,1717460,,instructions:u,1147968,100.00,,
     0.272432689,86459,,branch-misses:u,1146752,100.00,,
     0.272432689,0,,cache-misses:u,1146816,100.00,,
     0.272432689,1529447,,bus-cycles:u,1146816,100.00,,
     0.272432689,1729930,,instructions:u,1146752,100.00,,
     0.273578583,85935,,branch-misses:u,1145408,100.00,,
     0.273578583,0,,cache-misses:u,1145504,100.00,,
     0.273578583,1527777,,bus-cycles:u,1145504,100.00,,
     0.273578583,1725350,,instructions:u,1145536,100.00,,
     0.274726013,84953,,branch-misses:u,1147136,100.00,,
     0.274726013,0,,cache-misses:u,1147040,100.00,,
     0.274726013,1524457,,bus-cycles:u,1147040,100.00,,
     0.274726013,1698470,,instructions:u,1147040,100.00,,
     0.275886087,87452,,branch-misses:u,1159648,100.00,,
     0.275886087,0,,cache-misses:u,1159776,100.00,,
     0.275886087,1546867,,bus-cycles:u,1159808,100.00,,
     0.275886087,1748800,,instructions:u,1159776,100.00,,
     0.277032525,85836,,branch-misses:u,1145856,100.00,,
     0.277032525,0,,cache-misses:u,1145760,100.00,,
     0.277032525,1528354,,bus-cycles:u,1145792,100.00,,
     0.277032525,1720340,,instructions:u,1145920,100.00,,
     0.278176946,85421,,branch-misses:u,1144224,100.00,,
     0.278176946,0,,cache-misses:u,1144224,100.00,,
     0.278176946,1525825,,bus-cycles:u,1144128,100.00,,
     0.278176946,1702350,,instructions:u,1143968,100.00,,
     0.279323736,85688,,branch-misses:u,1146400,100.00,,
     0.279323736,0,,cache-misses:u,1146400,100.00,,
     0.279323736,1524519,,bus-cycles:u,1146432,100.00,,
     0.279323736,1716828,,instructions:u,1146496,100.00,,
     0.280471614,85099,,branch-misses:u,1147488,100.00,,
     0.280471614,0,,cache-misses:u,1147424,100.00,,
     0.280471614,1530484,,bus-cycles:u,1147424,100.00,,
     0.280471614,1699022,,instructions:u,1147424,100.00,,
     0.281617796,86227,,branch-misses:u,1145728,100.00,,
     0.281617796,0,,cache-misses:u,1145792,100.00,,
     0.281617796,1528650,,bus-cycles:u,1145792,100.00,,
     0.281617796,1726720,,instructions:u,1145760,100.00,,
     0.282764522,86222,,branch-misses:u,1146432,100.00,,
     0.282764522,0,,cache-misses:u,1146496,100.00,,
     0.282764522,1524726,,bus-cycles:u,1146496,100.00,,
     0.282764522,1721370,,instructions:u,1146528,100.00,,
     0.283911056,86050,,branch-misses:u,1146048,100.00,,
     0.283911056,0,,cache-misses:u,1145824,100.00,,
     0.283911056,1529012,,bus-cycles:u,1145824,100.00,,
     0.283911056,1725308,,instructions:u,1145856,100.00,,
     0.285056757,85471,,branch-misses:u,1145376,100.00,,
     0.285056757,0,,cache-misses:u,1145408,100.00,,
     0.285056757,1527912,,bus-cycles:u,1145376,100.00,,
     0.285056757,1716952,,instructions:u,1145312,100.00,,
     0.286202427,86359,,branch-misses:u,1145312,100.00,,
     0.286202427,0,,cache-misses:u,1145376,100.00,,
     0.286202427,1527953,,bus-cycles:u,1145504,100.00,,
     0.286202427,1728490,,instructions:u,1145472,100.00,,
     0.287350081,85700,,branch-misses:u,1147328,100.00,,
     0.287350081,0,,cache-misses:u,1147328,100.00,,
     0.287350081,1525134,,bus-cycles:u,1147264,100.00,,
     0.287350081,1714366,,instructions:u,1147328,100.00,,
     0.288497447,86119,,branch-misses:u,1146944,100.00,,
     0.288497447,0,,cache-misses:u,1146944,100.00,,
     0.288497447,1530063,,bus-cycles:u,1146944,100.00,,
     0.288497447,1717514,,instructions:u,1146944,100.00,,
     0.289643245,85469,,branch-misses:u,1145376,100.00,,
     0.289643245,0,,cache-misses:u,1145312,100.00,,
     0.289643245,1527530,,bus-cycles:u,1145312,100.00,,
     0.289643245,1710220,,instructions:u,1145312,100.00,,
     0.290790579,85937,,branch-misses:u,1147328,100.00,,
     0.290790579,0,,cache-misses:u,1147392,100.00,,
     0.290790579,1523470,,bus-cycles:u,1147392,100.00,,
     0.290790579,1718270,,instructions:u,1147392,100.00,,
     0.291938585,86004,,branch-misses:u,1147232,100.00,,
     0.291938585,0,,cache-misses:u,1147264,100.00,,
     0.291938585,1529505,,bus-cycles:u,1147264,100.00,,
     0.291938585,1721850,,instructions:u,1147296,100.00,,
     0.293084543,86188,,branch-misses:u,1145536,100.00,,
     0.293084543,0,,cache-misses:u,1145472,100.00,,
     0.293084543,1528027,,bus-cycles:u,1145504,100.00,,
     0.293084543,1724750,,instructions:u,1145472,100.00,,
     0.294230884,85879,,branch-misses:u,1145952,100.00,,
     0.294230884,0,,cache-misses:u,1146016,100.00,,
     0.294230884,1528418,,bus-cycles:u,1146016,100.00,,
     0.294230884,1721930,,instructions:u,1146016,100.00,,
     0.295378186,85664,,branch-misses:u,1147264,100.00,,
     0.295378186,0,,cache-misses:u,1147200,100.00,,
     0.295378186,1523697,,bus-cycles:u,1147104,100.00,,
     0.295378186,1719760,,instructions:u,1147104,100.00,,
     0.296525424,86141,,branch-misses:u,1146528,100.00,,
     0.296525424,0,,cache-misses:u,1146560,100.00,,
     0.296525424,1529067,,bus-cycles:u,1146624,100.00,,
     0.296525424,1722870,,instructions:u,1146656,100.00,,
     0.297681850,86569,,branch-misses:u,1156096,100.00,,
     0.297681850,0,,cache-misses:u,1156320,100.00,,
     0.297681850,1541214,,bus-cycles:u,1156288,100.00,,
     0.297681850,1733080,,instructions:u,1156256,100.00,,
     0.298831008,85988,,branch-misses:u,1148672,100.00,,
     0.298831008,0,,cache-misses:u,1148448,100.00,,
     0.298831008,1526146,,bus-cycles:u,1148480,100.00,,
     0.298831008,1715640,,instructions:u,1148448,100.00,,
     0.299978310,86062,,branch-misses:u,1146944,100.00,,
     0.299978310,0,,cache-misses:u,1146944,100.00,,
     0.299978310,1529542,,bus-cycles:u,1146944,100.00,,
     0.299978310,1726450,,instructions:u,1147008,100.00,,
     0.301125516,86449,,branch-misses:u,1146784,100.00,,
     0.301125516,0,,cache-misses:u,1146720,100.00,,
     0.301125516,1529431,,bus-cycles:u,1146720,100.00,,
     0.301125516,1726910,,instructions:u,1146688,100.00,,
     0.302271986,86374,,branch-misses:u,1146176,100.00,,
     0.302271986,0,,cache-misses:u,1146272,100.00,,
     0.302271986,1528889,,bus-cycles:u,1146240,100.00,,
     0.302271986,1729070,,instructions:u,1146176,100.00,,
     0.303419512,86020,,branch-misses:u,1147488,100.00,,
     0.303419512,0,,cache-misses:u,1147552,100.00,,
     0.303419512,1524982,,bus-cycles:u,1147584,100.00,,
     0.303419512,1718090,,instructions:u,1147648,100.00,,
     0.304567455,86317,,branch-misses:u,1147072,100.00,,
     0.304567455,0,,cache-misses:u,1146976,100.00,,
     0.304567455,1529733,,bus-cycles:u,1146912,100.00,,
     0.304567455,1731510,,instructions:u,1146848,100.00,,
     0.305713156,86482,,branch-misses:u,1145312,100.00,,
     0.305713156,0,,cache-misses:u,1145184,100.00,,
     0.305713156,1527613,,bus-cycles:u,1145248,100.00,,
     0.305713156,1727401,,instructions:u,1145344,100.00,,
     0.306860074,85579,,branch-misses:u,1146560,100.00,,
     0.306860074,0,,cache-misses:u,1146752,100.00,,
     0.306860074,1523514,,bus-cycles:u,1146688,100.00,,
     0.306860074,1718799,,instructions:u,1146656,100.00,,
     0.308007280,86223,,branch-misses:u,1146752,100.00,,
     0.308007280,0,,cache-misses:u,1146688,100.00,,
     0.308007280,1528902,,bus-cycles:u,1146752,100.00,,
     0.308007280,1720380,,instructions:u,1146752,100.00,,
     0.309153686,85331,,branch-misses:u,1146112,100.00,,
     0.309153686,0,,cache-misses:u,1146080,100.00,,
     0.309153686,1528316,,bus-cycles:u,1146016,100.00,,
     0.309153686,1705430,,instructions:u,1145952,100.00,,
     0.310299740,86000,,branch-misses:u,1145568,100.00,,
     0.310299740,0,,cache-misses:u,1145632,100.00,,
     0.310299740,1528285,,bus-cycles:u,1145632,100.00,,
     0.310299740,1723650,,instructions:u,1145696,100.00,,
     0.311447426,85711,,branch-misses:u,1147648,100.00,,
     0.311447426,0,,cache-misses:u,1147616,100.00,,
     0.311447426,1525243,,bus-cycles:u,1147712,100.00,,
     0.311447426,1716390,,instructions:u,1147744,100.00,,
     0.312594088,86381,,branch-misses:u,1145920,100.00,,
     0.312594088,0,,cache-misses:u,1145920,100.00,,
     0.312594088,1528812,,bus-cycles:u,1145856,100.00,,
     0.312594088,1727120,,instructions:u,1145824,100.00,,
     0.313739853,85939,,branch-misses:u,1145440,100.00,,
     0.313739853,0,,cache-misses:u,1145408,100.00,,
     0.313739853,1528159,,bus-cycles:u,1145440,100.00,,
     0.313739853,1716730,,instructions:u,1145440,100.00,,
     0.314887219,85947,,branch-misses:u,1147264,100.00,,
     0.314887219,0,,cache-misses:u,1147264,100.00,,
     0.314887219,1524685,,bus-cycles:u,1147264,100.00,,
     0.314887219,1718540,,instructions:u,1147232,100.00,,
     0.316034649,85729,,branch-misses:u,1146752,100.00,,
     0.316034649,0,,cache-misses:u,1146784,100.00,,
     0.316034649,1529917,,bus-cycles:u,1146752,100.00,,
     0.316034649,1714410,,instructions:u,1146752,100.00,,
     0.317180703,86256,,branch-misses:u,1145664,100.00,,
     0.317180703,0,,cache-misses:u,1145632,100.00,,
     0.317180703,1528641,,bus-cycles:u,1145664,100.00,,
     0.317180703,1726900,,instructions:u,1145632,100.00,,
     0.318338121,87116,,branch-misses:u,1157184,100.00,,
     0.318338121,0,,cache-misses:u,1157440,100.00,,
     0.318338121,1544197,,bus-cycles:u,1157408,100.00,,
     0.318338121,1733510,,instructions:u,1157440,100.00,,
     0.319485487,85806,,branch-misses:u,1146880,100.00,,
     0.319485487,0,,cache-misses:u,1146848,100.00,,
     0.319485487,1525064,,bus-cycles:u,1146880,100.00,,
     0.319485487,1719320,,instructions:u,1146880,100.00,,
     0.320632917,86468,,branch-misses:u,1147040,100.00,,
     0.320632917,0,,cache-misses:u,1146944,100.00,,
     0.320632917,1529967,,bus-cycles:u,1146944,100.00,,
     0.320632917,1725654,,instructions:u,1146944,100.00,,
     0.321779323,86457,,branch-misses:u,1145984,100.00,,
     0.321779323,0,,cache-misses:u,1145888,100.00,,
     0.321779323,1528498,,bus-cycles:u,1145824,100.00,,
     0.321779323,1727856,,instructions:u,1145856,100.00,,
     0.322927393,86204,,branch-misses:u,1147936,100.00,,
     0.322927393,0,,cache-misses:u,1148064,100.00,,
     0.322927393,1525970,,bus-cycles:u,1148096,100.00,,
     0.322927393,1713210,,instructions:u,1148096,100.00,,
     0.324075079,86370,,branch-misses:u,1146976,100.00,,
     0.324075079,0,,cache-misses:u,1146848,100.00,,
     0.324075079,1529923,,bus-cycles:u,1146880,100.00,,
     0.324075079,1730570,,instructions:u,1146848,100.00,,
     0.325221357,85767,,branch-misses:u,1145920,100.00,,
     0.325221357,0,,cache-misses:u,1145920,100.00,,
     0.325221357,1528753,,bus-cycles:u,1145824,100.00,,
     0.325221357,1723110,,instructions:u,1145856,100.00,,
     0.326367378,85940,,branch-misses:u,1145728,100.00,,
     0.326367378,0,,cache-misses:u,1145696,100.00,,
     0.326367378,1528460,,bus-cycles:u,1145760,100.00,,
     0.326367378,1725570,,instructions:u,1145760,100.00,,
     0.327513944,86098,,branch-misses:u,1146272,100.00,,
     0.327513944,0,,cache-misses:u,1146432,100.00,,
     0.327513944,1523979,,bus-cycles:u,1146368,100.00,,
     0.327513944,1719700,,instructions:u,1146400,100.00,,
     0.328661246,86307,,branch-misses:u,1146688,100.00,,
     0.328661246,0,,cache-misses:u,1146656,100.00,,
     0.328661246,1528539,,bus-cycles:u,1146752,100.00,,
     0.328661246,1724620,,instructions:u,1146720,100.00,,
     0.329807844,85882,,branch-misses:u,1146208,100.00,,
     0.329807844,0,,cache-misses:u,1146080,100.00,,
     0.329807844,1528372,,bus-cycles:u,1146016,100.00,,
     0.329807844,1722920,,instructions:u,1146048,100.00,,
     0.330954762,86137,,branch-misses:u,1146848,100.00,,
     0.330954762,0,,cache-misses:u,1146848,100.00,,
     0.330954762,1523946,,bus-cycles:u,1146912,100.00,,
     0.330954762,1718080,,instructions:u,1146848,100.00,,
     0.332101808,85923,,branch-misses:u,1146400,100.00,,
     0.332101808,0,,cache-misses:u,1146496,100.00,,
     0.332101808,1529124,,bus-cycles:u,1146464,100.00,,
     0.332101808,1721910,,instructions:u,1146656,100.00,,
     0.333248694,86022,,branch-misses:u,1146464,100.00,,
     0.333248694,0,,cache-misses:u,1146464,100.00,,
     0.333248694,1529354,,bus-cycles:u,1146432,100.00,,
     0.333248694,1722780,,instructions:u,1146400,100.00,,
     0.334394876,86357,,branch-misses:u,1145664,100.00,,
     0.334394876,0,,cache-misses:u,1145632,100.00,,
     0.334394876,1527829,,bus-cycles:u,1145664,100.00,,
     0.334394876,1728410,,instructions:u,1145536,100.00,,
     0.335541922,85623,,branch-misses:u,1147104,100.00,,
     0.335541922,0,,cache-misses:u,1147136,100.00,,
     0.335541922,1524854,,bus-cycles:u,1147136,100.00,,
     0.335541922,1719790,,instructions:u,1147072,100.00,,
     0.336688616,86298,,branch-misses:u,1145920,100.00,,
     0.336688616,0,,cache-misses:u,1145984,100.00,,
     0.336688616,1528499,,bus-cycles:u,1145984,100.00,,
     0.336688616,1730320,,instructions:u,1146016,100.00,,
     0.337834509,84984,,branch-misses:u,1145504,100.00,,
     0.337834509,0,,cache-misses:u,1145408,100.00,,
     0.337834509,1527444,,bus-cycles:u,1145440,100.00,,
     0.337834509,1701730,,instructions:u,1145408,100.00,,
     0.338993623,86642,,branch-misses:u,1159360,100.00,,
     0.338993623,0,,cache-misses:u,1159552,100.00,,
     0.338993623,1540766,,bus-cycles:u,1159648,100.00,,
     0.338993623,1735930,,instructions:u,1159776,100.00,,
     0.340143038,86394,,branch-misses:u,1148352,100.00,,
     0.340143038,0,,cache-misses:u,1148256,100.00,,
     0.340143038,1531398,,bus-cycles:u,1148256,100.00,,
     0.340143038,1731540,,instructions:u,1148256,100.00,,
     0.341289188,85468,,branch-misses:u,1145856,100.00,,
     0.341289188,0,,cache-misses:u,1145856,100.00,,
     0.341289188,1528239,,bus-cycles:u,1145728,100.00,,
     0.341289188,1712270,,instructions:u,1145664,100.00,,
     0.342434921,85846,,branch-misses:u,1145344,100.00,,
     0.342434921,0,,cache-misses:u,1145376,100.00,,
     0.342434921,1527990,,bus-cycles:u,1145344,100.00,,
     0.342434921,1717940,,instructions:u,1145312,100.00,,
     0.343582447,85878,,branch-misses:u,1147456,100.00,,
     0.343582447,0,,cache-misses:u,1147296,100.00,,
     0.343582447,1525242,,bus-cycles:u,1147296,100.00,,
     0.343582447,1715890,,instructions:u,1147328,100.00,,
     0.344729077,84964,,branch-misses:u,1145856,100.00,,
     0.344729077,0,,cache-misses:u,1145984,100.00,,
     0.344729077,1529177,,bus-cycles:u,1145984,100.00,,
     0.344729077,1710160,,instructions:u,1146016,100.00,,
     0.345875067,85407,,branch-misses:u,1145632,100.00,,
     0.345875067,0,,cache-misses:u,1145600,100.00,,
     0.345875067,1528291,,bus-cycles:u,1145632,100.00,,
     0.345875067,1712190,,instructions:u,1145664,100.00,,
     0.347022497,86163,,branch-misses:u,1147360,100.00,,
     0.347022497,0,,cache-misses:u,1147328,100.00,,
     0.347022497,1524942,,bus-cycles:u,1147392,100.00,,
     0.347022497,1726340,,instructions:u,1147328,100.00,,
     0.348169863,86109,,branch-misses:u,1146592,100.00,,
     0.348169863,0,,cache-misses:u,1146624,100.00,,
     0.348169863,1530207,,bus-cycles:u,1146560,100.00,,
     0.348169863,1719180,,instructions:u,1146592,100.00,,
     0.349315917,85951,,branch-misses:u,1145728,100.00,,
     0.349315917,0,,cache-misses:u,1145664,100.00,,
     0.349315917,1527764,,bus-cycles:u,1145632,100.00,,
     0.349315917,1714880,,instructions:u,1145440,100.00,,
     0.350461650,86517,,branch-misses:u,1145280,100.00,,
     0.350461650,0,,cache-misses:u,1145312,100.00,,
     0.350461650,1527396,,bus-cycles:u,1145376,100.00,,
     0.350461650,1725762,,instructions:u,1145536,100.00,,
     0.351610233,86521,,branch-misses:u,1148640,100.00,,
     0.351610233,0,,cache-misses:u,1148704,100.00,,
     0.351610233,1525729,,bus-cycles:u,1148608,100.00,,
     0.351610233,1716016,,instructions:u,1148608,100.00,,
     0.352757471,86329,,branch-misses:u,1146432,100.00,,
     0.352757471,0,,cache-misses:u,1146272,100.00,,
     0.352757471,1528895,,bus-cycles:u,1146304,100.00,,
     0.352757471,1729822,,instructions:u,1146304,100.00,,
     0.353903909,86117,,branch-misses:u,1146016,100.00,,
     0.353903909,0,,cache-misses:u,1146080,100.00,,
     0.353903909,1528665,,bus-cycles:u,1146144,100.00,,
     0.353903909,1721860,,instructions:u,1145984,100.00,,
     0.355050923,85681,,branch-misses:u,1146976,100.00,,
     0.355050923,0,,cache-misses:u,1146944,100.00,,
     0.355050923,1523944,,bus-cycles:u,1146912,100.00,,
     0.355050923,1718750,,instructions:u,1147072,100.00,,
     0.356199473,85360,,branch-misses:u,1147808,100.00,,
     0.356199473,0,,cache-misses:u,1147872,100.00,,
     0.356199473,1530909,,bus-cycles:u,1147872,100.00,,
     0.356199473,1710730,,instructions:u,1147904,100.00,,
     0.357345367,86126,,branch-misses:u,1145632,100.00,,
     0.357345367,0,,cache-misses:u,1145632,100.00,,
     0.357345367,1527102,,bus-cycles:u,1145632,100.00,,
     0.357345367,1716906,,instructions:u,1145600,100.00,,
     0.358491709,86548,,branch-misses:u,1145856,100.00,,
     0.358491709,0,,cache-misses:u,1145824,100.00,,
     0.358491709,1528493,,bus-cycles:u,1145856,100.00,,
     0.358491709,1728153,,instructions:u,1145760,100.00,,
     0.359638883,85284,,branch-misses:u,1147200,100.00,,
     0.359638883,0,,cache-misses:u,1147328,100.00,,
     0.359638883,1525494,,bus-cycles:u,1147392,100.00,,
     0.359638883,1700161,,instructions:u,1147520,100.00,,
     0.360797292,86914,,branch-misses:u,1157920,100.00,,
     0.360797292,0,,cache-misses:u,1158016,100.00,,
     0.360797292,1545108,,bus-cycles:u,1158080,100.00,,
     0.360797292,1743280,,instructions:u,1158080,100.00,,
     0.361945427,86600,,branch-misses:u,1147456,100.00,,
     0.361945427,0,,cache-misses:u,1147360,100.00,,
     0.361945427,1530377,,bus-cycles:u,1147232,100.00,,
     0.361945427,1728150,,instructions:u,1147328,100.00,,
     0.363092409,86119,,branch-misses:u,1147072,100.00,,
     0.363092409,0,,cache-misses:u,1146976,100.00,,
     0.363092409,1525024,,bus-cycles:u,1147008,100.00,,
     0.363092409,1724480,,instructions:u,1146912,100.00,,
     0.364239615,86200,,branch-misses:u,1146400,100.00,,
     0.364239615,0,,cache-misses:u,1146464,100.00,,
     0.364239615,1529553,,bus-cycles:u,1146368,100.00,,
     0.364239615,1721740,,instructions:u,1146400,100.00,,
     0.365387365,86090,,branch-misses:u,1147328,100.00,,
     0.365387365,0,,cache-misses:u,1147392,100.00,,
     0.365387365,1531312,,bus-cycles:u,1147488,100.00,,
     0.365387365,1725312,,instructions:u,1147360,100.00,,
     0.366533291,86400,,branch-misses:u,1145472,100.00,,
     0.366533291,0,,cache-misses:u,1145504,100.00,,
     0.366533291,1528529,,bus-cycles:u,1145472,100.00,,
     0.366533291,1729878,,instructions:u,1145568,100.00,,
     0.367681617,85947,,branch-misses:u,1148352,100.00,,
     0.367681617,0,,cache-misses:u,1148256,100.00,,
     0.367681617,1525874,,bus-cycles:u,1148288,100.00,,
     0.367681617,1719210,,instructions:u,1148352,100.00,,
     0.368828663,86529,,branch-misses:u,1146304,100.00,,
     0.368828663,0,,cache-misses:u,1146368,100.00,,
     0.368828663,1528982,,bus-cycles:u,1146368,100.00,,
     0.368828663,1724370,,instructions:u,1146304,100.00,,
     0.369975613,85963,,branch-misses:u,1147040,100.00,,
     0.369975613,0,,cache-misses:u,1147136,100.00,,
     0.369975613,1530633,,bus-cycles:u,1147264,100.00,,
     0.369975613,1721250,,instructions:u,1147392,100.00,,
     0.371131334,86393,,branch-misses:u,1155456,100.00,,
     0.371131334,0,,cache-misses:u,1155264,100.00,,
     0.371131334,1531616,,bus-cycles:u,1155136,100.00,,
     0.371131334,1734770,,instructions:u,1155008,100.00,,
     0.372280012,86371,,branch-misses:u,1147712,100.00,,
     0.372280012,0,,cache-misses:u,1147712,100.00,,
     0.372280012,1531422,,bus-cycles:u,1147776,100.00,,
     0.372280012,1721170,,instructions:u,1147744,100.00,,
     0.373426258,86209,,branch-misses:u,1145856,100.00,,
     0.373426258,0,,cache-misses:u,1145856,100.00,,
     0.373426258,1528516,,bus-cycles:u,1145824,100.00,,
     0.373426258,1729660,,instructions:u,1145888,100.00,,
     0.374572248,86304,,branch-misses:u,1145504,100.00,,
     0.374572248,0,,cache-misses:u,1145408,100.00,,
     0.374572248,1528318,,bus-cycles:u,1145280,100.00,,
     0.374572248,1724614,,instructions:u,1145248,100.00,,
     0.375719422,85044,,branch-misses:u,1147328,100.00,,
     0.375719422,0,,cache-misses:u,1147392,100.00,,
     0.375719422,1525499,,bus-cycles:u,1147456,100.00,,
     0.375719422,1697038,,instructions:u,1147456,100.00,,
     0.376867012,86276,,branch-misses:u,1146752,100.00,,
     0.376867012,0,,cache-misses:u,1146944,100.00,,
     0.376867012,1530073,,bus-cycles:u,1146944,100.00,,
     0.376867012,1720748,,instructions:u,1146944,100.00,,
     0.378013930,85833,,branch-misses:u,1146528,100.00,,
     0.378013930,0,,cache-misses:u,1146400,100.00,,
     0.378013930,1528542,,bus-cycles:u,1146496,100.00,,
     0.378013930,1721560,,instructions:u,1146496,100.00,,
     0.379161360,86264,,branch-misses:u,1147328,100.00,,
     0.379161360,0,,cache-misses:u,1147328,100.00,,
     0.379161360,1524357,,bus-cycles:u,1147168,100.00,,
     0.379161360,1721000,,instructions:u,1147200,100.00,,
     0.380309206,86045,,branch-misses:u,1147168,100.00,,
     0.380309206,0,,cache-misses:u,1147232,100.00,,
     0.380309206,1529809,,bus-cycles:u,1147392,100.00,,
     0.380309206,1726270,,instructions:u,1147296,100.00,,
     0.381467264,86410,,branch-misses:u,1157888,100.00,,
     0.381467264,0,,cache-misses:u,1157888,100.00,,
     0.381467264,1544424,,bus-cycles:u,1157792,100.00,,
     0.381467264,1723680,,instructions:u,1157856,100.00,,
     0.382615014,86413,,branch-misses:u,1147168,100.00,,
     0.382615014,0,,cache-misses:u,1147136,100.00,,
     0.382615014,1529371,,bus-cycles:u,1147168,100.00,,
     0.382615014,1731160,,instructions:u,1147200,100.00,,
     0.383774544,86869,,branch-misses:u,1159104,100.00,,
     0.383774544,0,,cache-misses:u,1159168,100.00,,
     0.383774544,1540067,,bus-cycles:u,1159136,100.00,,
     0.383774544,1731030,,instructions:u,1159104,100.00,,
     0.384920662,86098,,branch-misses:u,1145664,100.00,,
     0.384920662,0,,cache-misses:u,1145440,100.00,,
     0.384920662,1527906,,bus-cycles:u,1145472,100.00,,
     0.384920662,1720880,,instructions:u,1145472,100.00,,
     0.386067068,85986,,branch-misses:u,1146112,100.00,,
     0.386067068,0,,cache-misses:u,1146176,100.00,,
     0.386067068,1529264,,bus-cycles:u,1146208,100.00,,
     0.386067068,1719730,,instructions:u,1146208,100.00,,
     0.387214722,86337,,branch-misses:u,1147616,100.00,,
     0.387214722,0,,cache-misses:u,1147648,100.00,,
     0.387214722,1525330,,bus-cycles:u,1147616,100.00,,
     0.387214722,1718640,,instructions:u,1147584,100.00,,
     0.388362184,85174,,branch-misses:u,1146752,100.00,,
     0.388362184,0,,cache-misses:u,1146720,100.00,,
     0.388362184,1529925,,bus-cycles:u,1146816,100.00,,
     0.388362184,1709450,,instructions:u,1146816,100.00,,
     0.389508462,86525,,branch-misses:u,1145792,100.00,,
     0.389508462,0,,cache-misses:u,1145920,100.00,,
     0.389508462,1529003,,bus-cycles:u,1145824,100.00,,
     0.389508462,1722720,,instructions:u,1145856,100.00,,
     0.390654260,86521,,branch-misses:u,1145440,100.00,,
     0.390654260,0,,cache-misses:u,1145344,100.00,,
     0.390654260,1528130,,bus-cycles:u,1145408,100.00,,
     0.390654260,1727640,,instructions:u,1145376,100.00,,
     0.391809116,86295,,branch-misses:u,1154688,100.00,,
     0.391809116,0,,cache-misses:u,1154688,100.00,,
     0.391809116,1534621,,bus-cycles:u,1154560,100.00,,
     0.391809116,1728310,,instructions:u,1154592,100.00,,
     0.392955394,86264,,branch-misses:u,1145600,100.00,,
     0.392955394,0,,cache-misses:u,1145632,100.00,,
     0.392955394,1527980,,bus-cycles:u,1145728,100.00,,
     0.392955394,1729690,,instructions:u,1145792,100.00,,
     0.394101191,86213,,branch-misses:u,1145568,100.00,,
     0.394101191,0,,cache-misses:u,1145504,100.00,,
     0.394101191,1527550,,bus-cycles:u,1145472,100.00,,
     0.394101191,1716000,,instructions:u,1145408,100.00,,
     0.395249262,85926,,branch-misses:u,1147936,100.00,,
     0.395249262,0,,cache-misses:u,1148096,100.00,,
     0.395249262,1525748,,bus-cycles:u,1148096,100.00,,
     0.395249262,1716490,,instructions:u,1148064,100.00,,
     0.396396020,86101,,branch-misses:u,1146016,100.00,,
     0.396396020,0,,cache-misses:u,1145856,100.00,,
     0.396396020,1528875,,bus-cycles:u,1145856,100.00,,
     0.396396020,1722150,,instructions:u,1145856,100.00,,
     0.397541785,84993,,branch-misses:u,1145344,100.00,,
     0.397541785,0,,cache-misses:u,1145408,100.00,,
     0.397541785,1527849,,bus-cycles:u,1145408,100.00,,
     0.397541785,1700850,,instructions:u,1145376,100.00,,
     0.398687615,86485,,branch-misses:u,1145440,100.00,,
     0.398687615,0,,cache-misses:u,1145344,100.00,,
     0.398687615,1527433,,bus-cycles:u,1145344,100.00,,
     0.398687615,1725980,,instructions:u,1152672,100.00,,
     0.399845961,85784,,branch-misses:u,1157984,100.00,,
     0.399845961,0,,cache-misses:u,1158016,100.00,,
     0.399845961,1538581,,bus-cycles:u,1158016,100.00,,
     0.399845961,1712180,,instructions:u,1150752,100.00,,
     0.400992174,86357,,branch-misses:u,1145824,100.00,,
     0.400992174,0,,cache-misses:u,1145984,100.00,,
     0.400992174,1527883,,bus-cycles:u,1145984,100.00,,
     0.400992174,1728650,,instructions:u,1145952,100.00,,
     0.402138100,86263,,branch-misses:u,1145600,100.00,,
     0.402138100,0,,cache-misses:u,1145568,100.00,,
     0.402138100,1528101,,bus-cycles:u,1145536,100.00,,
     0.402138100,1723770,,instructions:u,1145600,100.00,,
     0.403298558,86774,,branch-misses:u,1160608,100.00,,
     0.403298558,0,,cache-misses:u,1160608,100.00,,
     0.403298558,1542692,,bus-cycles:u,1160672,100.00,,
     0.403298558,1735210,,instructions:u,1160608,100.00,,
     0.404446021,86186,,branch-misses:u,1146464,100.00,,
     0.404446021,0,,cache-misses:u,1146496,100.00,,
     0.404446021,1528784,,bus-cycles:u,1146496,100.00,,
     0.404446021,1719750,,instructions:u,1146496,100.00,,
     0.405592266,86015,,branch-misses:u,1145888,100.00,,
     0.405592266,0,,cache-misses:u,1145856,100.00,,
     0.405592266,1528074,,bus-cycles:u,1145856,100.00,,
     0.405592266,1715920,,instructions:u,1145856,100.00,,
     0.406740177,86108,,branch-misses:u,1147808,100.00,,
     0.406740177,0,,cache-misses:u,1147680,100.00,,
     0.406740177,1526023,,bus-cycles:u,1147680,100.00,,
     0.406740177,1721370,,instructions:u,1147712,100.00,,
     0.407888343,86546,,branch-misses:u,1147392,100.00,,
     0.407888343,0,,cache-misses:u,1147424,100.00,,
     0.407888343,1530384,,bus-cycles:u,1147360,100.00,,
     0.407888343,1724420,,instructions:u,1147392,100.00,,
     0.409034749,86421,,branch-misses:u,1146048,100.00,,
     0.409034749,0,,cache-misses:u,1146112,100.00,,
     0.409034749,1527897,,bus-cycles:u,1146112,100.00,,
     0.409034749,1726450,,instructions:u,1146112,100.00,,
     0.410181603,86040,,branch-misses:u,1146464,100.00,,
     0.410181603,0,,cache-misses:u,1146464,100.00,,
     0.410181603,1528912,,bus-cycles:u,1146496,100.00,,
     0.410181603,1722748,,instructions:u,1146464,100.00,,
     0.411329961,86028,,branch-misses:u,1148320,100.00,,
     0.411329961,0,,cache-misses:u,1148288,100.00,,
     0.411329961,1526000,,bus-cycles:u,1148288,100.00,,
     0.411329961,1716862,,instructions:u,1148288,100.00,,
     0.412477455,85993,,branch-misses:u,1146944,100.00,,
     0.412477455,0,,cache-misses:u,1146976,100.00,,
     0.412477455,1529434,,bus-cycles:u,1146976,100.00,,
     0.412477455,1718890,,instructions:u,1147008,100.00,,
     0.413624341,86098,,branch-misses:u,1146336,100.00,,
     0.413624341,0,,cache-misses:u,1146304,100.00,,
     0.413624341,1529538,,bus-cycles:u,1146304,100.00,,
     0.413624341,1716840,,instructions:u,1146272,100.00,,
     0.414771611,85690,,branch-misses:u,1147200,100.00,,
     0.414771611,0,,cache-misses:u,1147168,100.00,,
     0.414771611,1525053,,bus-cycles:u,1147072,100.00,,
     0.414771611,1712860,,instructions:u,1147072,100.00,,
     0.415919297,86093,,branch-misses:u,1146880,100.00,,
     0.415919297,0,,cache-misses:u,1146848,100.00,,
     0.415919297,1529944,,bus-cycles:u,1146912,100.00,,
     0.415919297,1720450,,instructions:u,1146912,100.00,,
     0.417065159,86364,,branch-misses:u,1145568,100.00,,
     0.417065159,0,,cache-misses:u,1145504,100.00,,
     0.417065159,1527522,,bus-cycles:u,1145536,100.00,,
     0.417065159,1725740,,instructions:u,1145568,100.00,,
     0.418211117,85926,,branch-misses:u,1145632,100.00,,
     0.418211117,0,,cache-misses:u,1145664,100.00,,
     0.418211117,1528965,,bus-cycles:u,1145696,100.00,,
     0.418211117,1722914,,instructions:u,1145728,100.00,,
     0.419359059,85570,,branch-misses:u,1147744,100.00,,
     0.419359059,0,,cache-misses:u,1147712,100.00,,
     0.419359059,1525702,,bus-cycles:u,1147616,100.00,,
     0.419359059,1707796,,instructions:u,1147424,100.00,,
     0.420505817,86450,,branch-misses:u,1146080,100.00,,
     0.420505817,0,,cache-misses:u,1146080,100.00,,
     0.420505817,1529192,,bus-cycles:u,1146048,100.00,,
     0.420505817,1725380,,instructions:u,1146176,100.00,,
     0.421652127,85982,,branch-misses:u,1145952,100.00,,
     0.421652127,0,,cache-misses:u,1145920,100.00,,
     0.421652127,1529239,,bus-cycles:u,1145952,100.00,,
     0.421652127,1721590,,instructions:u,1145888,100.00,,
     0.422799077,85948,,branch-misses:u,1146976,100.00,,
     0.422799077,0,,cache-misses:u,1147008,100.00,,
     0.422799077,1524266,,bus-cycles:u,1147072,100.00,,
     0.422799077,1717720,,instructions:u,1147104,100.00,,
     0.423960912,87167,,branch-misses:u,1161184,100.00,,
     0.423960912,0,,cache-misses:u,1161376,100.00,,
     0.423960912,1549308,,bus-cycles:u,1161312,100.00,,
     0.423960912,1746350,,instructions:u,1161312,100.00,,
     0.425107445,86009,,branch-misses:u,1145952,100.00,,
     0.425107445,0,,cache-misses:u,1145888,100.00,,
     0.425107445,1528548,,bus-cycles:u,1145920,100.00,,
     0.425107445,1716696,,instructions:u,1145856,100.00,,
     0.426253179,86277,,branch-misses:u,1145312,100.00,,
     0.426253179,0,,cache-misses:u,1145184,100.00,,
     0.426253179,1528016,,bus-cycles:u,1145184,100.00,,
     0.426253179,1715784,,instructions:u,1145248,100.00,,
     0.427399745,86084,,branch-misses:u,1146496,100.00,,
     0.427399745,0,,cache-misses:u,1146528,100.00,,
     0.427399745,1524038,,bus-cycles:u,1146464,100.00,,
     0.427399745,1717010,,instructions:u,1146464,100.00,,
     0.428546535,86286,,branch-misses:u,1146176,100.00,,
     0.428546535,0,,cache-misses:u,1146208,100.00,,
     0.428546535,1528608,,bus-cycles:u,1146208,100.00,,
     0.428546535,1730320,,instructions:u,1146208,100.00,,
     0.429692844,86249,,branch-misses:u,1145824,100.00,,
     0.429692844,0,,cache-misses:u,1145888,100.00,,
     0.429692844,1528113,,bus-cycles:u,1145920,100.00,,
     0.429692844,1726480,,instructions:u,1145888,100.00,,
     0.430840595,85648,,branch-misses:u,1147456,100.00,,
     0.430840595,0,,cache-misses:u,1147392,100.00,,
     0.430840595,1525138,,bus-cycles:u,1147392,100.00,,
     0.430840595,1720298,,instructions:u,1147424,100.00,,
     0.431989529,86654,,branch-misses:u,1148480,100.00,,
     0.431989529,0,,cache-misses:u,1148416,100.00,,
     0.431989529,1532267,,bus-cycles:u,1148448,100.00,,
     0.431989529,1729902,,instructions:u,1148416,100.00,,
     0.433136159,85767,,branch-misses:u,1146208,100.00,,
     0.433136159,0,,cache-misses:u,1146304,100.00,,
     0.433136159,1528947,,bus-cycles:u,1146272,100.00,,
     0.433136159,1718010,,instructions:u,1146272,100.00,,
     0.434282309,85241,,branch-misses:u,1145792,100.00,,
     0.434282309,0,,cache-misses:u,1145696,100.00,,
     0.434282309,1528171,,bus-cycles:u,1145696,100.00,,
     0.434282309,1710190,,instructions:u,1145696,100.00,,
     0.435429387,85929,,branch-misses:u,1146976,100.00,,
     0.435429387,0,,cache-misses:u,1146912,100.00,,
     0.435429387,1524170,,bus-cycles:u,1146912,100.00,,
     0.435429387,1719130,,instructions:u,1146816,100.00,,
     0.436576721,85388,,branch-misses:u,1146656,100.00,,
     0.436576721,0,,cache-misses:u,1146784,100.00,,
     0.436576721,1529824,,bus-cycles:u,1146720,100.00,,
     0.436576721,1709480,,instructions:u,1146816,100.00,,
     0.437723351,86041,,branch-misses:u,1146240,100.00,,
     0.437723351,0,,cache-misses:u,1146208,100.00,,
     0.437723351,1529457,,bus-cycles:u,1146304,100.00,,
     0.437723351,1721600,,instructions:u,1146240,100.00,,
     0.438870973,86166,,branch-misses:u,1147200,100.00,,
     0.438870973,0,,cache-misses:u,1147360,100.00,,
     0.438870973,1524617,,bus-cycles:u,1147328,100.00,,
     0.438870973,1719471,,instructions:u,1147424,100.00,,
     0.440019267,86234,,branch-misses:u,1147936,100.00,,
     0.440019267,0,,cache-misses:u,1147744,100.00,,
     0.440019267,1530533,,bus-cycles:u,1147744,100.00,,
     0.440019267,1721279,,instructions:u,1147776,100.00,,
     0.441165929,86339,,branch-misses:u,1146272,100.00,,
     0.441165929,0,,cache-misses:u,1146432,100.00,,
     0.441165929,1529298,,bus-cycles:u,1146496,100.00,,
     0.441165929,1724580,,instructions:u,1146432,100.00,,
     0.442312783,86262,,branch-misses:u,1146432,100.00,,
     0.442312783,0,,cache-misses:u,1146368,100.00,,
     0.442312783,1528800,,bus-cycles:u,1146304,100.00,,
     0.442312783,1725760,,instructions:u,1146304,100.00,,
     0.443461173,85830,,branch-misses:u,1148128,100.00,,
     0.443461173,0,,cache-misses:u,1148128,100.00,,
     0.443461173,1525388,,bus-cycles:u,1148064,100.00,,
     0.443461173,1712690,,instructions:u,1148128,100.00,,
     0.444620800,86989,,branch-misses:u,1159328,100.00,,
     0.444620800,0,,cache-misses:u,1159296,100.00,,
     0.444620800,1545576,,bus-cycles:u,1159392,100.00,,
     0.444620800,1737700,,instructions:u,1159360,100.00,,
     0.445767141,86330,,branch-misses:u,1145792,100.00,,
     0.445767141,0,,cache-misses:u,1145728,100.00,,
     0.445767141,1528009,,bus-cycles:u,1145728,100.00,,
     0.445767141,1721780,,instructions:u,1145696,100.00,,
     0.446914187,85810,,branch-misses:u,1146944,100.00,,
     0.446914187,0,,cache-misses:u,1147040,100.00,,
     0.446914187,1524675,,bus-cycles:u,1147040,100.00,,
     0.446914187,1712200,,instructions:u,1147008,100.00,,
     0.448061329,86499,,branch-misses:u,1146464,100.00,,
     0.448061329,0,,cache-misses:u,1146368,100.00,,
     0.448061329,1528933,,bus-cycles:u,1146368,100.00,,
     0.448061329,1722510,,instructions:u,1146432,100.00,,
     0.449207927,86354,,branch-misses:u,1146112,100.00,,
     0.449207927,0,,cache-misses:u,1146144,100.00,,
     0.449207927,1529216,,bus-cycles:u,1146080,100.00,,
     0.449207927,1727750,,instructions:u,1146016,100.00,,
     0.450353661,86156,,branch-misses:u,1145376,100.00,,
     0.450353661,0,,cache-misses:u,1145280,100.00,,
     0.450353661,1527603,,bus-cycles:u,1145312,100.00,,
     0.450353661,1714526,,instructions:u,1145344,100.00,,
     0.451501155,85551,,branch-misses:u,1147200,100.00,,
     0.451501155,0,,cache-misses:u,1147328,100.00,,
     0.451501155,1525172,,bus-cycles:u,1147264,100.00,,
     0.451501155,1716054,,instructions:u,1147360,100.00,,
     0.452648169,85927,,branch-misses:u,1146496,100.00,,
     0.452648169,0,,cache-misses:u,1146496,100.00,,
     0.452648169,1529366,,bus-cycles:u,1146592,100.00,,
     0.452648169,1722140,,instructions:u,1146528,100.00,,
     0.453794383,86079,,branch-misses:u,1145888,100.00,,
     0.453794383,0,,cache-misses:u,1145952,100.00,,
     0.453794383,1528220,,bus-cycles:u,1145984,100.00,,
     0.453794383,1718830,,instructions:u,1145984,100.00,,
     0.454942933,86435,,branch-misses:u,1148256,100.00,,
     0.454942933,0,,cache-misses:u,1148256,100.00,,
     0.454942933,1526294,,bus-cycles:u,1148256,100.00,,
     0.454942933,1721250,,instructions:u,1148288,100.00,,
     0.456090587,86450,,branch-misses:u,1147232,100.00,,
     0.456090587,0,,cache-misses:u,1147328,100.00,,
     0.456090587,1530224,,bus-cycles:u,1147232,100.00,,
     0.456090587,1727620,,instructions:u,1147200,100.00,,
     0.457237633,86463,,branch-misses:u,1146592,100.00,,
     0.457237633,0,,cache-misses:u,1146496,100.00,,
     0.457237633,1528946,,bus-cycles:u,1146592,100.00,,
     0.457237633,1730250,,instructions:u,1146560,100.00,,
     0.458383815,86279,,branch-misses:u,1145728,100.00,,
     0.458383815,0,,cache-misses:u,1145632,100.00,,
     0.458383815,1528300,,bus-cycles:u,1145600,100.00,,
     0.458383815,1728160,,instructions:u,1145600,100.00,,
     0.459531309,86269,,branch-misses:u,1147392,100.00,,
     0.459531309,0,,cache-misses:u,1147392,100.00,,
     0.459531309,1525436,,bus-cycles:u,1147328,100.00,,
     0.459531309,1726020,,instructions:u,1147328,100.00,,
     0.460678227,85972,,branch-misses:u,1146304,100.00,,
     0.460678227,0,,cache-misses:u,1146336,100.00,,
     0.460678227,1529249,,bus-cycles:u,1146336,100.00,,
     0.460678227,1720470,,instructions:u,1146464,100.00,,
     0.461823865,86124,,branch-misses:u,1145216,100.00,,
     0.461823865,0,,cache-misses:u,1145152,100.00,,
     0.461823865,1527795,,bus-cycles:u,1145216,100.00,,
     0.461823865,1726450,,instructions:u,1145024,100.00,,
     0.462971615,85934,,branch-misses:u,1147488,100.00,,
     0.462971615,0,,cache-misses:u,1147488,100.00,,
     0.462971615,1525847,,bus-cycles:u,1147488,100.00,,
     0.462971615,1717830,,instructions:u,1147584,100.00,,
     0.464119077,86199,,branch-misses:u,1147072,100.00,,
     0.464119077,0,,cache-misses:u,1147200,100.00,,
     0.464119077,1530701,,bus-cycles:u,1147168,100.00,,
     0.464119077,1725540,,instructions:u,1147168,100.00,,
     0.465266539,86433,,branch-misses:u,1146976,100.00,,
     0.465266539,0,,cache-misses:u,1147008,100.00,,
     0.465266539,1530184,,bus-cycles:u,1147040,100.00,,
     0.465266539,1718360,,instructions:u,1147040,100.00,,
     0.466422900,87329,,branch-misses:u,1156192,100.00,,
     0.466422900,0,,cache-misses:u,1156224,100.00,,
     0.466422900,1542635,,bus-cycles:u,1156224,100.00,,
     0.466422900,1739840,,instructions:u,1156224,100.00,,
     0.467572059,85822,,branch-misses:u,1148928,100.00,,
     0.467572059,0,,cache-misses:u,1148736,100.00,,
     0.467572059,1527345,,bus-cycles:u,1148672,100.00,,
     0.467572059,1711660,,instructions:u,1148640,100.00,,
     0.468719169,86428,,branch-misses:u,1146304,100.00,,
     0.468719169,0,,cache-misses:u,1146400,100.00,,
     0.468719169,1529661,,bus-cycles:u,1146432,100.00,,
     0.468719169,1728230,,instructions:u,1146464,100.00,,
     0.469865287,86318,,branch-misses:u,1145696,100.00,,
     0.469865287,0,,cache-misses:u,1145632,100.00,,
     0.469865287,1529081,,bus-cycles:u,1145760,100.00,,
     0.469865287,1731020,,instructions:u,1145760,100.00,,
     0.471012429,86045,,branch-misses:u,1146880,100.00,,
     0.471012429,0,,cache-misses:u,1146912,100.00,,
     0.471012429,1524449,,bus-cycles:u,1146784,100.00,,
     0.471012429,1722050,,instructions:u,1146816,100.00,,
     0.472161843,86520,,branch-misses:u,1149312,100.00,,
     0.472161843,0,,cache-misses:u,1149760,100.00,,
     0.472161843,1534099,,bus-cycles:u,1149856,100.00,,
     0.472161843,1733800,,instructions:u,1149888,100.00,,
     0.473313371,86481,,branch-misses:u,1150880,100.00,,
     0.473313371,0,,cache-misses:u,1150528,100.00,,
     0.473313371,1535578,,bus-cycles:u,1150464,100.00,,
     0.473313371,1731690,,instructions:u,1150400,100.00,,
     0.474460961,86023,,branch-misses:u,1147136,100.00,,
     0.474460961,0,,cache-misses:u,1147136,100.00,,
     0.474460961,1530874,,bus-cycles:u,1147136,100.00,,
     0.474460961,1717950,,instructions:u,1147200,100.00,,
     0.475608615,85509,,branch-misses:u,1147264,100.00,,
     0.475608615,0,,cache-misses:u,1147136,100.00,,
     0.475608615,1525415,,bus-cycles:u,1147104,100.00,,
     0.475608615,1712310,,instructions:u,1147040,100.00,,
     0.476755725,86077,,branch-misses:u,1146624,100.00,,
     0.476755725,0,,cache-misses:u,1146656,100.00,,
     0.476755725,1529565,,bus-cycles:u,1146656,100.00,,
     0.476755725,1715190,,instructions:u,1146624,100.00,,
     0.477901715,85099,,branch-misses:u,1145728,100.00,,
     0.477901715,0,,cache-misses:u,1145760,100.00,,
     0.477901715,1527458,,bus-cycles:u,1145728,100.00,,
     0.477901715,1702760,,instructions:u,1145792,100.00,,
     0.479049113,85974,,branch-misses:u,1146976,100.00,,
     0.479049113,0,,cache-misses:u,1146880,100.00,,
     0.479049113,1523899,,bus-cycles:u,1146944,100.00,,
     0.479049113,1712520,,instructions:u,1146944,100.00,,
     0.480196255,86146,,branch-misses:u,1146720,100.00,,
     0.480196255,0,,cache-misses:u,1146752,100.00,,
     0.480196255,1529813,,bus-cycles:u,1146720,100.00,,
     0.480196255,1723640,,instructions:u,1146688,100.00,,
     0.481341957,85874,,branch-misses:u,1145440,100.00,,
     0.481341957,0,,cache-misses:u,1145440,100.00,,
     0.481341957,1527649,,bus-cycles:u,1145440,100.00,,
     0.481341957,1718850,,instructions:u,1145440,100.00,,
     0.482487754,86423,,branch-misses:u,1145248,100.00,,
     0.482487754,0,,cache-misses:u,1145248,100.00,,
     0.482487754,1526927,,bus-cycles:u,1145248,100.00,,
     0.482487754,1725010,,instructions:u,1145216,100.00,,
     0.483635056,85760,,branch-misses:u,1147424,100.00,,
     0.483635056,0,,cache-misses:u,1147456,100.00,,
     0.483635056,1523785,,bus-cycles:u,1147392,100.00,,
     0.483635056,1714040,,instructions:u,1147424,100.00,,
     0.484782198,85873,,branch-misses:u,1146368,100.00,,
     0.484782198,0,,cache-misses:u,1146432,100.00,,
     0.484782198,1528273,,bus-cycles:u,1146496,100.00,,
     0.484782198,1718040,,instructions:u,1146432,100.00,,
     0.485927964,86254,,branch-misses:u,1145312,100.00,,
     0.485927964,0,,cache-misses:u,1145312,100.00,,
     0.485927964,1527565,,bus-cycles:u,1145344,100.00,,
     0.485927964,1723150,,instructions:u,1145344,100.00,,
     0.487086438,86409,,branch-misses:u,1158624,100.00,,
     0.487086438,0,,cache-misses:u,1158656,100.00,,
     0.487086438,1539007,,bus-cycles:u,1158688,100.00,,
     0.487086438,1731250,,instructions:u,1158720,100.00,,
     0.488235116,85769,,branch-misses:u,1147808,100.00,,
     0.488235116,0,,cache-misses:u,1147648,100.00,,
     0.488235116,1530498,,bus-cycles:u,1147488,100.00,,
     0.488235116,1714940,,instructions:u,1147488,100.00,,
     0.489380786,85848,,branch-misses:u,1145184,100.00,,
     0.489380786,0,,cache-misses:u,1145184,100.00,,
     0.489380786,1527847,,bus-cycles:u,1145312,100.00,,
     0.489380786,1715450,,instructions:u,1145344,100.00,,
     0.490525911,86049,,branch-misses:u,1144672,100.00,,
     0.490525911,0,,cache-misses:u,1144672,100.00,,
     0.490525911,1526357,,bus-cycles:u,1144672,100.00,,
     0.490525911,1727930,,instructions:u,1144640,100.00,,
     0.491672509,85908,,branch-misses:u,1146816,100.00,,
     0.491672509,0,,cache-misses:u,1146784,100.00,,
     0.491672509,1524238,,bus-cycles:u,1146752,100.00,,
     0.491672509,1716130,,instructions:u,1146720,100.00,,
     0.492819651,86710,,branch-misses:u,1146240,100.00,,
     0.492819651,0,,cache-misses:u,1146368,100.00,,
     0.492819651,1529894,,bus-cycles:u,1146336,100.00,,
     0.492819651,1725760,,instructions:u,1146464,100.00,,
     0.493965449,85397,,branch-misses:u,1145536,100.00,,
     0.493965449,0,,cache-misses:u,1145568,100.00,,
     0.493965449,1528888,,bus-cycles:u,1145600,100.00,,
     0.493965449,1705530,,instructions:u,1145568,100.00,,
     0.495113039,85688,,branch-misses:u,1147360,100.00,,
     0.495113039,0,,cache-misses:u,1147264,100.00,,
     0.495113039,1520897,,bus-cycles:u,1147264,100.00,,
     0.495113039,1710910,,instructions:u,1147104,100.00,,
     0.496260469,86173,,branch-misses:u,1146912,100.00,,
     0.496260469,0,,cache-misses:u,1146944,100.00,,
     0.496260469,1530364,,bus-cycles:u,1146848,100.00,,
     0.496260469,1721860,,instructions:u,1146976,100.00,,
     0.497407547,86444,,branch-misses:u,1146528,100.00,,
     0.497407547,0,,cache-misses:u,1146432,100.00,,
     0.497407547,1529184,,bus-cycles:u,1146496,100.00,,
     0.497407547,1724970,,instructions:u,1146496,100.00,,
     0.498553985,86582,,branch-misses:u,1146080,100.00,,
     0.498553985,0,,cache-misses:u,1146144,100.00,,
     0.498553985,1528881,,bus-cycles:u,1146144,100.00,,
     0.498553985,1726860,,instructions:u,1146048,100.00,,
     0.499702023,86252,,branch-misses:u,1147968,100.00,,
     0.499702023,0,,cache-misses:u,1147904,100.00,,
     0.499702023,1525535,,bus-cycles:u,1147968,100.00,,
     0.499702023,1719162,,instructions:u,1148032,100.00,,
     0.500850285,85925,,branch-misses:u,1147520,100.00,,
     0.500850285,0,,cache-misses:u,1147616,100.00,,
     0.500850285,1531313,,bus-cycles:u,1147584,100.00,,
     0.500850285,1725248,,instructions:u,1147616,100.00,,
     0.501997363,86631,,branch-misses:u,1146592,100.00,,
     0.501997363,0,,cache-misses:u,1146720,100.00,,
     0.501997363,1530237,,bus-cycles:u,1146720,100.00,,
     0.501997363,1724990,,instructions:u,1146688,100.00,,
     0.503145370,86155,,branch-misses:u,1147744,100.00,,
     0.503145370,0,,cache-misses:u,1147552,100.00,,
     0.503145370,1525820,,bus-cycles:u,1147520,100.00,,
     0.503145370,1719750,,instructions:u,1147552,100.00,,
     0.504292864,85226,,branch-misses:u,1147040,100.00,,
     0.504292864,0,,cache-misses:u,1147008,100.00,,
     0.504292864,1530248,,bus-cycles:u,1147072,100.00,,
     0.504292864,1701790,,instructions:u,1147104,100.00,,
     0.505438981,85536,,branch-misses:u,1145760,100.00,,
     0.505438981,0,,cache-misses:u,1145824,100.00,,
     0.505438981,1528115,,bus-cycles:u,1145760,100.00,,
     0.505438981,1717550,,instructions:u,1145696,100.00,,
     0.506584843,85945,,branch-misses:u,1145408,100.00,,
     0.506584843,0,,cache-misses:u,1145408,100.00,,
     0.506584843,1527572,,bus-cycles:u,1145408,100.00,,
     0.506584843,1718700,,instructions:u,1145408,100.00,,
     0.507745526,87162,,branch-misses:u,1160960,100.00,,
     0.507745526,0,,cache-misses:u,1161120,100.00,,
     0.507745526,1542900,,bus-cycles:u,1161152,100.00,,
     0.507745526,1744270,,instructions:u,1161184,100.00,,
     0.508894524,86442,,branch-misses:u,1148000,100.00,,
     0.508894524,0,,cache-misses:u,1147872,100.00,,
     0.508894524,1532006,,bus-cycles:u,1147936,100.00,,
     0.508894524,1729420,,instructions:u,1148000,100.00,,
     0.510040642,86228,,branch-misses:u,1145728,100.00,,
     0.510040642,0,,cache-misses:u,1145792,100.00,,
     0.510040642,1528520,,bus-cycles:u,1145664,100.00,,
     0.510040642,1717520,,instructions:u,1145600,100.00,,
     0.511187208,85924,,branch-misses:u,1146496,100.00,,
     0.511187208,0,,cache-misses:u,1146368,100.00,,
     0.511187208,1524736,,bus-cycles:u,1146400,100.00,,
     0.511187208,1713750,,instructions:u,1146304,100.00,,
     0.512334606,86281,,branch-misses:u,1146656,100.00,,
     0.512334606,0,,cache-misses:u,1146752,100.00,,
     0.512334606,1529593,,bus-cycles:u,1146784,100.00,,
     0.512334606,1728500,,instructions:u,1146880,100.00,,
     0.513480147,86176,,branch-misses:u,1145120,100.00,,
     0.513480147,0,,cache-misses:u,1145056,100.00,,
     0.513480147,1527069,,bus-cycles:u,1145024,100.00,,
     0.513480147,1724420,,instructions:u,1145088,100.00,,
     0.514625433,86246,,branch-misses:u,1144992,100.00,,
     0.514625433,0,,cache-misses:u,1144960,100.00,,
     0.514625433,1527091,,bus-cycles:u,1145088,100.00,,
     0.514625433,1727220,,instructions:u,1145056,100.00,,
     0.515783619,86638,,branch-misses:u,1158112,100.00,,
     0.515783619,0,,cache-misses:u,1158112,100.00,,
     0.515783619,1537969,,bus-cycles:u,1158048,100.00,,
     0.515783619,1729882,,instructions:u,1157920,100.00,,
     0.516930440,86532,,branch-misses:u,1146048,100.00,,
     0.516930440,0,,cache-misses:u,1146048,100.00,,
     0.516930440,1529126,,bus-cycles:u,1145984,100.00,,
     0.516930440,1724548,,instructions:u,1146048,100.00,,
     0.518076270,86213,,branch-misses:u,1145376,100.00,,
     0.518076270,0,,cache-misses:u,1145440,100.00,,
     0.518076270,1527658,,bus-cycles:u,1145504,100.00,,
     0.518076270,1724600,,instructions:u,1145568,100.00,,
     0.519222484,85806,,branch-misses:u,1146304,100.00,,
     0.519222484,0,,cache-misses:u,1146368,100.00,,
     0.519222484,1523258,,bus-cycles:u,1146336,100.00,,
     0.519222484,1719040,,instructions:u,1146304,100.00,,
     0.520369466,86502,,branch-misses:u,1146112,100.00,,
     0.520369466,0,,cache-misses:u,1145920,100.00,,
     0.520369466,1528121,,bus-cycles:u,1145952,100.00,,
     0.520369466,1726930,,instructions:u,1145920,100.00,,
     0.521514847,85905,,branch-misses:u,1145024,100.00,,
     0.521514847,0,,cache-misses:u,1145120,100.00,,
     0.521514847,1526753,,bus-cycles:u,1145152,100.00,,
     0.521514847,1721070,,instructions:u,1145120,100.00,,
     0.522660741,86124,,branch-misses:u,1145472,100.00,,
     0.522660741,0,,cache-misses:u,1145504,100.00,,
     0.522660741,1526699,,bus-cycles:u,1145408,100.00,,
     0.522660741,1715881,,instructions:u,1145440,100.00,,
     0.523815533,83800,,branch-misses:u,1154752,100.00,,
     0.523815533,0,,cache-misses:u,1154752,100.00,,
     0.523815533,1489125,,bus-cycles:u,1154688,100.00,,
     0.523815533,1679009,,instructions:u,1154720,100.00,,
     0.524961875,85906,,branch-misses:u,1145632,100.00,,
     0.524961875,0,,cache-misses:u,1145632,100.00,,
     0.524961875,1527357,,bus-cycles:u,1145696,100.00,,
     0.524961875,1714760,,instructions:u,1145664,100.00,,
     0.526107737,86551,,branch-misses:u,1145120,100.00,,
     0.526107737,0,,cache-misses:u,1145056,100.00,,
     0.526107737,1527052,,bus-cycles:u,1145024,100.00,,
     0.526107737,1723220,,instructions:u,1144992,100.00,,
     0.527254911,85609,,branch-misses:u,1147456,100.00,,
     0.527254911,0,,cache-misses:u,1147488,100.00,,
     0.527254911,1524281,,bus-cycles:u,1147552,100.00,,
     0.527254911,1711570,,instructions:u,1147584,100.00,,
     0.528402149,86036,,branch-misses:u,1146496,100.00,,
     0.528402149,0,,cache-misses:u,1146528,100.00,,
     0.528402149,1528750,,bus-cycles:u,1146496,100.00,,
     0.528402149,1732450,,instructions:u,1146496,100.00,,
     0.529558414,87086,,branch-misses:u,1156064,100.00,,
     0.529558414,0,,cache-misses:u,1156128,100.00,,
     0.529558414,1541908,,bus-cycles:u,1156160,100.00,,
     0.529558414,1747744,,instructions:u,1156192,100.00,,
     0.530709205,86347,,branch-misses:u,1150304,100.00,,
     0.530709205,0,,cache-misses:u,1150336,100.00,,
     0.530709205,1530831,,bus-cycles:u,1150464,100.00,,
     0.530709205,1730456,,instructions:u,1150528,100.00,,
     0.531855739,86128,,branch-misses:u,1146080,100.00,,
     0.531855739,0,,cache-misses:u,1146048,100.00,,
     0.531855739,1528624,,bus-cycles:u,1145920,100.00,,
     0.531855739,1733280,,instructions:u,1145856,100.00,,
     0.533000832,86186,,branch-misses:u,1144736,100.00,,
     0.533000832,0,,cache-misses:u,1144608,100.00,,
     0.533000832,1526322,,bus-cycles:u,1144544,100.00,,
     0.533000832,1727400,,instructions:u,1144448,100.00,,
     0.534146566,86143,,branch-misses:u,1145248,100.00,,
     0.534146566,0,,cache-misses:u,1145312,100.00,,
     0.534146566,1527598,,bus-cycles:u,1145376,100.00,,
     0.534146566,1732530,,instructions:u,1145472,100.00,,
     0.535293740,85578,,branch-misses:u,1146976,100.00,,
     0.535293740,0,,cache-misses:u,1146944,100.00,,
     0.535293740,1522107,,bus-cycles:u,1146976,100.00,,
     0.535293740,1714250,,instructions:u,1147008,100.00,,
     0.536440658,86517,,branch-misses:u,1146336,100.00,,
     0.536440658,0,,cache-misses:u,1146432,100.00,,
     0.536440658,1528528,,bus-cycles:u,1146336,100.00,,
     0.536440658,1729460,,instructions:u,1146240,100.00,,
     0.537585623,85170,,branch-misses:u,1144608,100.00,,
     0.537585623,0,,cache-misses:u,1144512,100.00,,
     0.537585623,1525432,,bus-cycles:u,1144576,100.00,,
     0.537585623,1707810,,instructions:u,1144640,100.00,,
     0.538732957,85972,,branch-misses:u,1147040,100.00,,
     0.538732957,0,,cache-misses:u,1146912,100.00,,
     0.538732957,1522545,,bus-cycles:u,1146912,100.00,,
     0.538732957,1711960,,instructions:u,1146880,100.00,,
     0.539879555,85692,,branch-misses:u,1146176,100.00,,
     0.539879555,0,,cache-misses:u,1146240,100.00,,
     0.539879555,1528421,,bus-cycles:u,1146240,100.00,,
     0.539879555,1724030,,instructions:u,1146240,100.00,,
     0.541025064,85916,,branch-misses:u,1145120,100.00,,
     0.541025064,0,,cache-misses:u,1145152,100.00,,
     0.541025064,1526993,,bus-cycles:u,1145152,100.00,,
     0.541025064,1717210,,instructions:u,1145120,100.00,,
     0.542171054,86109,,branch-misses:u,1145632,100.00,,
     0.542171054,0,,cache-misses:u,1145696,100.00,,
     0.542171054,1528541,,bus-cycles:u,1145696,100.00,,
     0.542171054,1720830,,instructions:u,1145696,100.00,,
     0.543318868,85947,,branch-misses:u,1147680,100.00,,
     0.543318868,0,,cache-misses:u,1147680,100.00,,
     0.543318868,1524002,,bus-cycles:u,1147616,100.00,,
     0.543318868,1719340,,instructions:u,1147680,100.00,,
     0.544465786,86232,,branch-misses:u,1146176,100.00,,
     0.544465786,0,,cache-misses:u,1146144,100.00,,
     0.544465786,1528824,,bus-cycles:u,1146176,100.00,,
     0.544465786,1726490,,instructions:u,1146176,100.00,,
     0.545611808,85906,,branch-misses:u,1145664,100.00,,
     0.545611808,0,,cache-misses:u,1145728,100.00,,
     0.545611808,1528240,,bus-cycles:u,1145696,100.00,,
     0.545611808,1721580,,instructions:u,1145728,100.00,,
     0.546759430,85452,,branch-misses:u,1147552,100.00,,
     0.546759430,0,,cache-misses:u,1147456,100.00,,
     0.546759430,1524597,,bus-cycles:u,1147488,100.00,,
     0.546759430,1703050,,instructions:u,1147424,100.00,,
     0.547906828,86379,,branch-misses:u,1146656,100.00,,
     0.547906828,0,,cache-misses:u,1146720,100.00,,
     0.547906828,1529028,,bus-cycles:u,1146720,100.00,,
     0.547906828,1728664,,instructions:u,1146752,100.00,,
     0.549053010,86037,,branch-misses:u,1145856,100.00,,
     0.549053010,0,,cache-misses:u,1145856,100.00,,
     0.549053010,1527794,,bus-cycles:u,1145888,100.00,,
     0.549053010,1720796,,instructions:u,1145824,100.00,,
     0.550210139,86769,,branch-misses:u,1156864,100.00,,
     0.550210139,0,,cache-misses:u,1157024,100.00,,
     0.550210139,1542604,,bus-cycles:u,1157024,100.00,,
     0.550210139,1736650,,instructions:u,1157088,100.00,,
     0.551357793,85991,,branch-misses:u,1147552,100.00,,
     0.551357793,0,,cache-misses:u,1147264,100.00,,
     0.551357793,1524224,,bus-cycles:u,1147232,100.00,,
     0.551357793,1718516,,instructions:u,1147200,100.00,,
     0.552505704,86338,,branch-misses:u,1147136,100.00,,
     0.552505704,0,,cache-misses:u,1147264,100.00,,
     0.552505704,1530323,,bus-cycles:u,1147328,100.00,,
     0.552505704,1727414,,instructions:u,1147328,100.00,,
     0.553652045,86055,,branch-misses:u,1145856,100.00,,
     0.553652045,0,,cache-misses:u,1145792,100.00,,
     0.553652045,1528210,,bus-cycles:u,1145696,100.00,,
     0.553652045,1721430,,instructions:u,1145696,100.00,,
     0.554799091,85528,,branch-misses:u,1147008,100.00,,
     0.554799091,0,,cache-misses:u,1147008,100.00,,
     0.554799091,1523879,,bus-cycles:u,1147072,100.00,,
     0.554799091,1708880,,instructions:u,1147136,100.00,,
     0.555946650,86093,,branch-misses:u,1146912,100.00,,
     0.555946650,0,,cache-misses:u,1146976,100.00,,
     0.555946650,1529782,,bus-cycles:u,1146912,100.00,,
     0.555946650,1721260,,instructions:u,1146848,100.00,,
     0.557094016,86595,,branch-misses:u,1147008,100.00,,
     0.557094016,0,,cache-misses:u,1146976,100.00,,
     0.557094016,1530167,,bus-cycles:u,1146976,100.00,,
     0.557094016,1728860,,instructions:u,1146976,100.00,,
     0.558240261,85657,,branch-misses:u,1145728,100.00,,
     0.558240261,0,,cache-misses:u,1145728,100.00,,
     0.558240261,1528613,,bus-cycles:u,1145760,100.00,,
     0.558240261,1726460,,instructions:u,1145792,100.00,,
     0.559387692,85856,,branch-misses:u,1147520,100.00,,
     0.559387692,0,,cache-misses:u,1147456,100.00,,
     0.559387692,1522558,,bus-cycles:u,1147520,100.00,,
     0.559387692,1720760,,instructions:u,1147424,100.00,,
     0.560535186,86115,,branch-misses:u,1146528,100.00,,
     0.560535186,0,,cache-misses:u,1146560,100.00,,
     0.560535186,1529381,,bus-cycles:u,1146688,100.00,,
     0.560535186,1715470,,instructions:u,1146784,100.00,,
     0.561680343,85977,,branch-misses:u,1144960,100.00,,
     0.561680343,0,,cache-misses:u,1145024,100.00,,
     0.561680343,1527236,,bus-cycles:u,1144928,100.00,,
     0.561680343,1721050,,instructions:u,1144832,100.00,,
     0.562827421,85753,,branch-misses:u,1146720,100.00,,
     0.562827421,0,,cache-misses:u,1146720,100.00,,
     0.562827421,1523722,,bus-cycles:u,1146656,100.00,,
     0.562827421,1719260,,instructions:u,1146624,100.00,,
     0.563974275,86040,,branch-misses:u,1146432,100.00,,
     0.563974275,0,,cache-misses:u,1146400,100.00,,
     0.563974275,1529329,,bus-cycles:u,1146432,100.00,,
     0.563974275,1715900,,instructions:u,1146496,100.00,,
     0.565120169,85887,,branch-misses:u,1145504,100.00,,
     0.565120169,0,,cache-misses:u,1145568,100.00,,
     0.565120169,1528237,,bus-cycles:u,1145504,100.00,,
     0.565120169,1719360,,instructions:u,1145600,100.00,,
     0.566265966,85878,,branch-misses:u,1145280,100.00,,
     0.566265966,0,,cache-misses:u,1145088,100.00,,
     0.566265966,1528163,,bus-cycles:u,1145120,100.00,,
     0.566265966,1720420,,instructions:u,1145056,100.00,,
     0.567412116,85643,,branch-misses:u,1146176,100.00,,
     0.567412116,0,,cache-misses:u,1146304,100.00,,
     0.567412116,1523472,,bus-cycles:u,1146304,100.00,,
     0.567412116,1714440,,instructions:u,1146272,100.00,,
     0.568559674,86378,,branch-misses:u,1146816,100.00,,
     0.568559674,0,,cache-misses:u,1146848,100.00,,
     0.568559674,1530172,,bus-cycles:u,1146848,100.00,,
     0.568559674,1730138,,instructions:u,1146880,100.00,,
     0.569705279,85975,,branch-misses:u,1144896,100.00,,
     0.569705279,0,,cache-misses:u,1144832,100.00,,
     0.569705279,1527133,,bus-cycles:u,1144800,100.00,,
     0.569705279,1721904,,instructions:u,1144960,100.00,,
     0.570863689,86191,,branch-misses:u,1158464,100.00,,
     0.570863689,0,,cache-misses:u,1158624,100.00,,
     0.570863689,1540407,,bus-cycles:u,1158688,100.00,,
     0.570863689,1723638,,instructions:u,1158496,100.00,,
     0.572011472,86345,,branch-misses:u,1147360,100.00,,
     0.572011472,0,,cache-misses:u,1147168,100.00,,
     0.572011472,1530403,,bus-cycles:u,1147136,100.00,,
     0.572011472,1727330,,instructions:u,1147168,100.00,,
     0.573156533,86335,,branch-misses:u,1144448,100.00,,
     0.573156533,0,,cache-misses:u,1144512,100.00,,
     0.573156533,1527518,,bus-cycles:u,1144512,100.00,,
     0.573156533,1725450,,instructions:u,1144544,100.00,,
     0.574302939,85977,,branch-misses:u,1146400,100.00,,
     0.574302939,0,,cache-misses:u,1146560,100.00,,
     0.574302939,1529161,,bus-cycles:u,1146688,100.00,,
     0.574302939,1720534,,instructions:u,1146752,100.00,,
     0.575454434,85600,,branch-misses:u,1151264,100.00,,
     0.575454434,0,,cache-misses:u,1151296,100.00,,
     0.575454434,1530176,,bus-cycles:u,1151200,100.00,,
     0.575454434,1714406,,instructions:u,1151104,100.00,,
     0.576602889,86314,,branch-misses:u,1147744,100.00,,
     0.576602889,0,,cache-misses:u,1147680,100.00,,
     0.576602889,1531707,,bus-cycles:u,1147712,100.00,,
     0.576602889,1724150,,instructions:u,1147648,100.00,,
     0.577749710,85998,,branch-misses:u,1146432,100.00,,
     0.577749710,0,,cache-misses:u,1146368,100.00,,
     0.577749710,1530056,,bus-cycles:u,1146368,100.00,,
     0.577749710,1721360,,instructions:u,1146528,100.00,,
     0.578897429,85757,,branch-misses:u,1147680,100.00,,
     0.578897429,0,,cache-misses:u,1147680,100.00,,
     0.578897429,1524806,,bus-cycles:u,1147616,100.00,,
     0.578897429,1708820,,instructions:u,1147520,100.00,,
     0.580044091,85932,,branch-misses:u,1145792,100.00,,
     0.580044091,0,,cache-misses:u,1145696,100.00,,
     0.580044091,1528679,,bus-cycles:u,1145728,100.00,,
     0.580044091,1719820,,instructions:u,1145664,100.00,,
     0.581188768,85844,,branch-misses:u,1144288,100.00,,
     0.581188768,0,,cache-misses:u,1144320,100.00,,
     0.581188768,1527072,,bus-cycles:u,1144224,100.00,,
     0.581188768,1712450,,instructions:u,1144352,100.00,,
     0.582333541,85901,,branch-misses:u,1144384,100.00,,
     0.582333541,0,,cache-misses:u,1144384,100.00,,
     0.582333541,1526830,,bus-cycles:u,1144480,100.00,,
     0.582333541,1718140,,instructions:u,1144448,100.00,,
     0.583478090,85883,,branch-misses:u,1144640,100.00,,
     0.583478090,0,,cache-misses:u,1144640,100.00,,
     0.583478090,1521308,,bus-cycles:u,1144640,100.00,,
     0.583478090,1715260,,instructions:u,1144640,100.00,,
     0.584626577,85648,,branch-misses:u,1147680,100.00,,
     0.584626577,0,,cache-misses:u,1147648,100.00,,
     0.584626577,1530537,,bus-cycles:u,1147680,100.00,,
     0.584626577,1716690,,instructions:u,1147584,100.00,,
     0.585770806,86087,,branch-misses:u,1143648,100.00,,
     0.585770806,0,,cache-misses:u,1143648,100.00,,
     0.585770806,1525379,,bus-cycles:u,1143616,100.00,,
     0.585770806,1723570,,instructions:u,1143776,100.00,,
     0.586915067,86003,,branch-misses:u,1144480,100.00,,
     0.586915067,0,,cache-misses:u,1144704,100.00,,
     0.586915067,1521483,,bus-cycles:u,1144704,100.00,,
     0.586915067,1718720,,instructions:u,1144672,100.00,,
     0.588063617,86460,,branch-misses:u,1147680,100.00,,
     0.588063617,0,,cache-misses:u,1147520,100.00,,
     0.588063617,1531048,,bus-cycles:u,1147488,100.00,,
     0.588063617,1728290,,instructions:u,1147456,100.00,,
     0.589210471,85132,,branch-misses:u,1146656,100.00,,
     0.589210471,0,,cache-misses:u,1146656,100.00,,
     0.589210471,1530162,,bus-cycles:u,1146656,100.00,,
     0.589210471,1706520,,instructions:u,1146656,100.00,,
     0.590356333,85772,,branch-misses:u,1145408,100.00,,
     0.590356333,0,,cache-misses:u,1145376,100.00,,
     0.590356333,1527987,,bus-cycles:u,1145344,100.00,,
     0.590356333,1710178,,instructions:u,1145344,100.00,,
     0.591503891,85397,,branch-misses:u,1147424,100.00,,
     0.591503891,0,,cache-misses:u,1147552,100.00,,
     0.591503891,1525680,,bus-cycles:u,1147552,100.00,,
     0.591503891,1710682,,instructions:u,1147584,100.00,,
     0.592662781,86971,,branch-misses:u,1158368,100.00,,
     0.592662781,0,,cache-misses:u,1158432,100.00,,
     0.592662781,1545956,,bus-cycles:u,1158432,100.00,,
     0.592662781,1742650,,instructions:u,1158400,100.00,,
     0.593809891,86390,,branch-misses:u,1146528,100.00,,
     0.593809891,0,,cache-misses:u,1146304,100.00,,
     0.593809891,1528481,,bus-cycles:u,1146336,100.00,,
     0.593809891,1726070,,instructions:u,1146336,100.00,,
     0.594955912,86040,,branch-misses:u,1145664,100.00,,
     0.594955912,0,,cache-misses:u,1145824,100.00,,
     0.594955912,1523779,,bus-cycles:u,1145792,100.00,,
     0.594955912,1721070,,instructions:u,1145792,100.00,,
     0.596103054,86487,,branch-misses:u,1146656,100.00,,
     0.596103054,0,,cache-misses:u,1146560,100.00,,
     0.596103054,1529718,,bus-cycles:u,1146656,100.00,,
     0.596103054,1723710,,instructions:u,1146592,100.00,,
     0.597248884,86271,,branch-misses:u,1145440,100.00,,
     0.597248884,0,,cache-misses:u,1145440,100.00,,
     0.597248884,1528337,,bus-cycles:u,1145376,100.00,,
     0.597248884,1725690,,instructions:u,1145408,100.00,,
     0.598394618,85870,,branch-misses:u,1145312,100.00,,
     0.598394618,0,,cache-misses:u,1145408,100.00,,
     0.598394618,1527136,,bus-cycles:u,1145376,100.00,,
     0.598394618,1714810,,instructions:u,1145344,100.00,,
     0.599542784,86133,,branch-misses:u,1148224,100.00,,
     0.599542784,0,,cache-misses:u,1148096,100.00,,
     0.599542784,1525042,,bus-cycles:u,1148128,100.00,,
     0.599542784,1726882,,instructions:u,1148320,100.00,,
     0.600689766,85858,,branch-misses:u,1146208,100.00,,
     0.600689766,0,,cache-misses:u,1146240,100.00,,
     0.600689766,1527538,,bus-cycles:u,1146304,100.00,,
     0.600689766,1723202,,instructions:u,1146144,100.00,,
     0.601835371,86352,,branch-misses:u,1145184,100.00,,
     0.601835371,0,,cache-misses:u,1145248,100.00,,
     0.601835371,1527412,,bus-cycles:u,1145152,100.00,,
     0.601835371,1725136,,instructions:u,1145152,100.00,,
     0.602982289,85971,,branch-misses:u,1146848,100.00,,
     0.602982289,0,,cache-misses:u,1146880,100.00,,
     0.602982289,1523617,,bus-cycles:u,1146880,100.00,,
     0.602982289,1724310,,instructions:u,1146880,100.00,,
     0.604130008,86371,,branch-misses:u,1146976,100.00,,
     0.604130008,0,,cache-misses:u,1146976,100.00,,
     0.604130008,1529214,,bus-cycles:u,1147008,100.00,,
     0.604130008,1724020,,instructions:u,1147008,100.00,,
     0.605275805,86293,,branch-misses:u,1145408,100.00,,
     0.605275805,0,,cache-misses:u,1145312,100.00,,
     0.605275805,1527555,,bus-cycles:u,1145312,100.00,,
     0.605275805,1724030,,instructions:u,1145344,100.00,,
     0.606422531,86128,,branch-misses:u,1146432,100.00,,
     0.606422531,0,,cache-misses:u,1146464,100.00,,
     0.606422531,1529020,,bus-cycles:u,1146464,100.00,,
     0.606422531,1719828,,instructions:u,1146464,100.00,,
     0.607570057,85678,,branch-misses:u,1147200,100.00,,
     0.607570057,0,,cache-misses:u,1147264,100.00,,
     0.607570057,1524807,,bus-cycles:u,1147200,100.00,,
     0.607570057,1714922,,instructions:u,1147200,100.00,,
     0.608717359,84892,,branch-misses:u,1146848,100.00,,
     0.608717359,0,,cache-misses:u,1146752,100.00,,
     0.608717359,1529308,,bus-cycles:u,1146848,100.00,,
     0.608717359,1699920,,instructions:u,1146816,100.00,,
     0.609863413,86223,,branch-misses:u,1145664,100.00,,
     0.609863413,0,,cache-misses:u,1145664,100.00,,
     0.609863413,1528199,,bus-cycles:u,1145760,100.00,,
     0.609863413,1716960,,instructions:u,1145824,100.00,,
     0.611011771,85217,,branch-misses:u,1148064,100.00,,
     0.611011771,0,,cache-misses:u,1148064,100.00,,
     0.611011771,1526772,,bus-cycles:u,1147936,100.00,,
     0.611011771,1706260,,instructions:u,1148000,100.00,,
     0.612159554,86344,,branch-misses:u,1147264,100.00,,
     0.612159554,0,,cache-misses:u,1147296,100.00,,
     0.612159554,1530791,,bus-cycles:u,1147296,100.00,,
     0.612159554,1723724,,instructions:u,1147232,100.00,,
     0.613316875,86054,,branch-misses:u,1157056,100.00,,
     0.613316875,0,,cache-misses:u,1157184,100.00,,
     0.613316875,1543409,,bus-cycles:u,1157248,100.00,,
     0.613316875,1726546,,instructions:u,1157280,100.00,,
     0.614464177,86032,,branch-misses:u,1146912,100.00,,
     0.614464177,0,,cache-misses:u,1146816,100.00,,
     0.614464177,1529279,,bus-cycles:u,1146816,100.00,,
     0.614464177,1717010,,instructions:u,1146688,100.00,,
     0.615611447,86078,,branch-misses:u,1147104,100.00,,
     0.615611447,0,,cache-misses:u,1147136,100.00,,
     0.615611447,1524089,,bus-cycles:u,1147104,100.00,,
     0.615611447,1720210,,instructions:u,1147136,100.00,,
     0.616759197,86077,,branch-misses:u,1147008,100.00,,
     0.616759197,0,,cache-misses:u,1146912,100.00,,
     0.616759197,1529603,,bus-cycles:u,1146848,100.00,,
     0.616759197,1728610,,instructions:u,1146848,100.00,,
     0.617905251,85982,,branch-misses:u,1145824,100.00,,
     0.617905251,0,,cache-misses:u,1145824,100.00,,
     0.617905251,1528813,,bus-cycles:u,1145856,100.00,,
     0.617905251,1721670,,instructions:u,1145920,100.00,,
     0.619052617,85832,,branch-misses:u,1147200,100.00,,
     0.619052617,0,,cache-misses:u,1147296,100.00,,
     0.619052617,1522338,,bus-cycles:u,1147232,100.00,,
     0.619052617,1716251,,instructions:u,1147232,100.00,,
     0.620201296,86582,,branch-misses:u,1148000,100.00,,
     0.620201296,0,,cache-misses:u,1147872,100.00,,
     0.620201296,1531482,,bus-cycles:u,1147968,100.00,,
     0.620201296,1722579,,instructions:u,1147840,100.00,,
     0.621348534,86546,,branch-misses:u,1146784,100.00,,
     0.621348534,0,,cache-misses:u,1146912,100.00,,
     0.621348534,1530351,,bus-cycles:u,1146880,100.00,,
     0.621348534,1729100,,instructions:u,1146976,100.00,,
     0.622494139,86338,,branch-misses:u,1145280,100.00,,
     0.622494139,0,,cache-misses:u,1145216,100.00,,
     0.622494139,1527966,,bus-cycles:u,1145248,100.00,,
     0.622494139,1731820,,instructions:u,1145248,100.00,,
     0.623641505,85598,,branch-misses:u,1147296,100.00,,
     0.623641505,0,,cache-misses:u,1147264,100.00,,
     0.623641505,1524378,,bus-cycles:u,1147264,100.00,,
     0.623641505,1707690,,instructions:u,1147264,100.00,,
     0.624789256,85836,,branch-misses:u,1147040,100.00,,
     0.624789256,0,,cache-misses:u,1147104,100.00,,
     0.624789256,1529927,,bus-cycles:u,1147136,100.00,,
     0.624789256,1724760,,instructions:u,1147200,100.00,,
     0.625935757,85508,,branch-misses:u,1146144,100.00,,
     0.625935757,0,,cache-misses:u,1146144,100.00,,
     0.625935757,1529316,,bus-cycles:u,1146016,100.00,,
     0.625935757,1707390,,instructions:u,1145920,100.00,,
     0.627082483,85721,,branch-misses:u,1146688,100.00,,
     0.627082483,0,,cache-misses:u,1146688,100.00,,
     0.627082483,1523492,,bus-cycles:u,1146720,100.00,,
     0.627082483,1712580,,instructions:u,1146752,100.00,,
     0.628230009,86021,,branch-misses:u,1146688,100.00,,
     0.628230009,0,,cache-misses:u,1146560,100.00,,
     0.628230009,1529315,,bus-cycles:u,1146624,100.00,,
     0.628230009,1727330,,instructions:u,1146560,100.00,,
     0.629375679,86174,,branch-misses:u,1145312,100.00,,
     0.629375679,0,,cache-misses:u,1145280,100.00,,
     0.629375679,1528164,,bus-cycles:u,1145248,100.00,,
     0.629375679,1718660,,instructions:u,1145312,100.00,,
     0.630521348,85842,,branch-misses:u,1145216,100.00,,
     0.630521348,0,,cache-misses:u,1145376,100.00,,
     0.630521348,1528096,,bus-cycles:u,1145344,100.00,,
     0.630521348,1724462,,instructions:u,1145344,100.00,,
     0.631667338,85896,,branch-misses:u,1146016,100.00,,
     0.631667338,0,,cache-misses:u,1145984,100.00,,
     0.631667338,1523316,,bus-cycles:u,1145952,100.00,,
     0.631667338,1717968,,instructions:u,1145952,100.00,,
     0.632814576,86174,,branch-misses:u,1146400,100.00,,
     0.632814576,0,,cache-misses:u,1146464,100.00,,
     0.632814576,1529655,,bus-cycles:u,1146592,100.00,,
     0.632814576,1727320,,instructions:u,1146528,100.00,,
     0.633959990,85360,,branch-misses:u,1145056,100.00,,
     0.633959990,0,,cache-misses:u,1144928,100.00,,
     0.633959990,1527219,,bus-cycles:u,1144864,100.00,,
     0.633959990,1700870,,instructions:u,1144960,100.00,,
     0.635116895,86674,,branch-misses:u,1157088,100.00,,
     0.635116895,0,,cache-misses:u,1157152,100.00,,
     0.635116895,1538098,,bus-cycles:u,1157152,100.00,,
     0.635116895,1732260,,instructions:u,1157088,100.00,,
     0.636264741,86545,,branch-misses:u,1146880,100.00,,
     0.636264741,0,,cache-misses:u,1146880,100.00,,
     0.636264741,1529774,,bus-cycles:u,1146912,100.00,,
     0.636264741,1730940,,instructions:u,1146912,100.00,,
     0.637410123,86274,,branch-misses:u,1144960,100.00,,
     0.637410123,0,,cache-misses:u,1144928,100.00,,
     0.637410123,1527276,,bus-cycles:u,1144928,100.00,,
     0.637410123,1730648,,instructions:u,1144960,100.00,,
     0.638555632,86358,,branch-misses:u,1145216,100.00,,
     0.638555632,0,,cache-misses:u,1145216,100.00,,
     0.638555632,1527391,,bus-cycles:u,1145216,100.00,,
     0.638555632,1729942,,instructions:u,1145216,100.00,,
     0.639702646,86019,,branch-misses:u,1146912,100.00,,
     0.639702646,0,,cache-misses:u,1146944,100.00,,
     0.639702646,1523995,,bus-cycles:u,1146880,100.00,,
     0.639702646,1714040,,instructions:u,1146848,100.00,,
     0.640849084,86438,,branch-misses:u,1145760,100.00,,
     0.640849084,0,,cache-misses:u,1145728,100.00,,
     0.640849084,1528545,,bus-cycles:u,1145728,100.00,,
     0.640849084,1727530,,instructions:u,1145728,100.00,,
     0.641994241,86376,,branch-misses:u,1144704,100.00,,
     0.641994241,0,,cache-misses:u,1144640,100.00,,
     0.641994241,1526654,,bus-cycles:u,1144672,100.00,,
     0.641994241,1729250,,instructions:u,1144672,100.00,,
     0.643141159,85664,,branch-misses:u,1146624,100.00,,
     0.643141159,0,,cache-misses:u,1146656,100.00,,
     0.643141159,1523859,,bus-cycles:u,1146592,100.00,,
     0.643141159,1718640,,instructions:u,1146624,100.00,,
     0.644287981,85398,,branch-misses:u,1146336,100.00,,
     0.644287981,0,,cache-misses:u,1146400,100.00,,
     0.644287981,1528448,,bus-cycles:u,1146464,100.00,,
     0.644287981,1702060,,instructions:u,1146496,100.00,,
     0.645433586,86449,,branch-misses:u,1145184,100.00,,
     0.645433586,0,,cache-misses:u,1145120,100.00,,
     0.645433586,1527140,,bus-cycles:u,1145152,100.00,,
     0.645433586,1725440,,instructions:u,1145152,100.00,,
     0.646578584,86407,,branch-misses:u,1144704,100.00,,
     0.646578584,0,,cache-misses:u,1144672,100.00,,
     0.646578584,1526374,,bus-cycles:u,1144672,100.00,,
     0.646578584,1725890,,instructions:u,1144608,100.00,,
     0.647725246,85857,,branch-misses:u,1146560,100.00,,
     0.647725246,0,,cache-misses:u,1146592,100.00,,
     0.647725246,1523804,,bus-cycles:u,1146560,100.00,,
     0.647725246,1719810,,instructions:u,1146624,100.00,,
     0.648872196,86219,,branch-misses:u,1146176,100.00,,
     0.648872196,0,,cache-misses:u,1146176,100.00,,
     0.648872196,1528801,,bus-cycles:u,1146176,100.00,,
     0.648872196,1719120,,instructions:u,1146112,100.00,,
     0.650017481,86204,,branch-misses:u,1144896,100.00,,
     0.650017481,0,,cache-misses:u,1144768,100.00,,
     0.650017481,1526887,,bus-cycles:u,1144768,100.00,,
     0.650017481,1722650,,instructions:u,1144672,100.00,,
     0.651163439,85819,,branch-misses:u,1145888,100.00,,
     0.651163439,0,,cache-misses:u,1146144,100.00,,
     0.651163439,1523736,,bus-cycles:u,1146144,100.00,,
     0.651163439,1714820,,instructions:u,1146208,100.00,,
     0.652309620,86165,,branch-misses:u,1145504,100.00,,
     0.652309620,0,,cache-misses:u,1145376,100.00,,
     0.652309620,1527962,,bus-cycles:u,1145408,100.00,,
     0.652309620,1727390,,instructions:u,1145376,100.00,,
     0.653455322,85846,,branch-misses:u,1145280,100.00,,
     0.653455322,0,,cache-misses:u,1145312,100.00,,
     0.653455322,1527610,,bus-cycles:u,1145312,100.00,,
     0.653455322,1721630,,instructions:u,1145408,100.00,,
     0.654600895,85591,,branch-misses:u,1145248,100.00,,
     0.654600895,0,,cache-misses:u,1145280,100.00,,
     0.654600895,1527325,,bus-cycles:u,1145216,100.00,,
     0.654600895,1705190,,instructions:u,1145184,100.00,,
     0.656096604,112420,,branch-misses:u,1496512,100.00,,
     0.656096604,0,,cache-misses:u,1497120,100.00,,
     0.656096604,1994513,,bus-cycles:u,1498240,100.00,,
     0.656096604,2252520,,instructions:u,1498656,100.00,,
     0.657249092,86325,,branch-misses:u,1150880,100.00,,
     0.657249092,0,,cache-misses:u,1150336,100.00,,
     0.657249092,1533372,,bus-cycles:u,1149248,100.00,,
     0.657249092,1724160,,instructions:u,1148832,100.00,,
     0.658395657,86583,,branch-misses:u,1146080,100.00,,
     0.658395657,0,,cache-misses:u,1146048,100.00,,
     0.658395657,1529688,,bus-cycles:u,1146048,100.00,,
     0.658395657,1724400,,instructions:u,1146016,100.00,,
     0.659543024,86192,,branch-misses:u,1147328,100.00,,
     0.659543024,0,,cache-misses:u,1147296,100.00,,
     0.659543024,1524410,,bus-cycles:u,1147264,100.00,,
     0.659543024,1715950,,instructions:u,1147264,100.00,,
     0.660690774,86064,,branch-misses:u,1146912,100.00,,
     0.660690774,0,,cache-misses:u,1146944,100.00,,
     0.660690774,1529694,,bus-cycles:u,1146976,100.00,,
     0.660690774,1722540,,instructions:u,1146912,100.00,,
     0.661836475,85704,,branch-misses:u,1145280,100.00,,
     0.661836475,0,,cache-misses:u,1145216,100.00,,
     0.661836475,1527620,,bus-cycles:u,1145184,100.00,,
     0.661836475,1707801,,instructions:u,1145312,100.00,,
     0.662983329,85518,,branch-misses:u,1146720,100.00,,
     0.662983329,0,,cache-misses:u,1146560,100.00,,
     0.662983329,1523014,,bus-cycles:u,1146592,100.00,,
     0.662983329,1713467,,instructions:u,1146464,100.00,,
     0.664130183,86159,,branch-misses:u,1146464,100.00,,
     0.664130183,0,,cache-misses:u,1146688,100.00,,
     0.664130183,1528794,,bus-cycles:u,1146656,100.00,,
     0.664130183,1721332,,instructions:u,1146720,100.00,,
     0.665276237,86035,,branch-misses:u,1145536,100.00,,
     0.665276237,0,,cache-misses:u,1145472,100.00,,
     0.665276237,1527727,,bus-cycles:u,1145504,100.00,,
     0.665276237,1730040,,instructions:u,1145568,100.00,,
     0.666421906,85988,,branch-misses:u,1145248,100.00,,
     0.666421906,0,,cache-misses:u,1145344,100.00,,
     0.666421906,1526978,,bus-cycles:u,1145312,100.00,,
     0.666421906,1718630,,instructions:u,1145344,100.00,,
     0.667568888,85979,,branch-misses:u,1146720,100.00,,
     0.667568888,0,,cache-misses:u,1146720,100.00,,
     0.667568888,1523977,,bus-cycles:u,1146816,100.00,,
     0.667568888,1712490,,instructions:u,1146688,100.00,,
     0.668715294,85055,,branch-misses:u,1145888,100.00,,
     0.668715294,0,,cache-misses:u,1145760,100.00,,
     0.668715294,1527425,,bus-cycles:u,1145760,100.00,,
     0.668715294,1699534,,instructions:u,1145792,100.00,,
     0.669695371,59624,,branch-misses:u,924448,100.00,,
     0.669695371,60,,cache-misses:u,921824,100.00,,
     0.669695371,1066572,,bus-cycles:u,919296,100.00,,
     0.669695371,1184534,,instructions:u,916864,100.00,,
