     0.001074127,1099,,branch-misses:u,555712,100.00,,
     0.001074127,388,,cache-misses:u,561504,100.00,,
     0.001074127,58919,,bus-cycles:u,564384,100.00,,
     0.001074127,36850,,instructions:u,567584,100.00,,
     0.002409287,85531,,branch-misses:u,1326208,100.00,,
     0.002409287,1277,,cache-misses:u,1320416,100.00,,
     0.002409287,1599951,,bus-cycles:u,1317536,100.00,,
     0.002409287,1748919,,instructions:u,1314336,100.00,,
     0.003568889,57774,,branch-misses:u,860352,100.00,,
     0.003568889,2,,cache-misses:u,864064,100.00,,
     0.003568889,1032992,,bus-cycles:u,867008,100.00,,
     0.003568889,1164520,,instructions:u,869952,100.00,,
     0.004740079,81368,,branch-misses:u,1165600,100.00,,
     0.004740079,1,,cache-misses:u,1161888,100.00,,
     0.004740079,1457594,,bus-cycles:u,1158944,100.00,,
     0.004740079,1616310,,instructions:u,1156000,100.00,,
     0.005891229,62706,,branch-misses:u,950080,100.00,,
     0.005891229,1,,cache-misses:u,953216,100.00,,
     0.005891229,1118097,,bus-cycles:u,956096,100.00,,
     0.005891229,1261740,,instructions:u,959168,100.00,,
     0.007054191,77262,,branch-misses:u,1161824,100.00,,
     0.007054191,0,,cache-misses:u,1162176,100.00,,
     0.007054191,1373467,,bus-cycles:u,1162208,100.00,,
     0.007054191,1548110,,instructions:u,1162144,100.00,,
     0.008215650,76555,,branch-misses:u,1161600,100.00,,
     0.008215650,0,,cache-misses:u,1161120,100.00,,
     0.008215650,1358632,,bus-cycles:u,1161088,100.00,,
     0.008215650,1530750,,instructions:u,1161024,100.00,,
     0.009377428,77264,,branch-misses:u,1160800,100.00,,
     0.009377428,0,,cache-misses:u,1160736,100.00,,
     0.009377428,1371986,,bus-cycles:u,1160768,100.00,,
     0.009377428,1538850,,instructions:u,1160800,100.00,,
     0.010535173,77189,,branch-misses:u,1157312,100.00,,
     0.010535173,0,,cache-misses:u,1157312,100.00,,
     0.010535173,1367567,,bus-cycles:u,1157184,100.00,,
     0.010535173,1551290,,instructions:u,1157120,100.00,,
     0.011693109,68228,,branch-misses:u,1041536,100.00,,
     0.011693109,1,,cache-misses:u,1041472,100.00,,
     0.011693109,1217080,,bus-cycles:u,1041408,100.00,,
     0.011693109,1362940,,instructions:u,1041376,100.00,,
     0.012849862,79924,,branch-misses:u,1146560,100.00,,
     0.012849862,1,,cache-misses:u,1146784,100.00,,
     0.012849862,1429348,,bus-cycles:u,1146784,100.00,,
     0.012849862,1596514,,instructions:u,1146624,100.00,,
     0.014002933,81034,,branch-misses:u,1152192,100.00,,
     0.014002933,0,,cache-misses:u,1151808,100.00,,
     0.014002933,1447713,,bus-cycles:u,1151744,100.00,,
     0.014002933,1622076,,instructions:u,1151712,100.00,,
     0.015155043,81190,,branch-misses:u,1151488,100.00,,
     0.015155043,0,,cache-misses:u,1151552,100.00,,
     0.015155043,1447357,,bus-cycles:u,1151584,100.00,,
     0.015155043,1626000,,instructions:u,1151584,100.00,,
     0.016306097,73330,,branch-misses:u,1036736,100.00,,
     0.016306097,1,,cache-misses:u,1036864,100.00,,
     0.016306097,1303056,,bus-cycles:u,1036544,100.00,,
     0.016306097,1463030,,instructions:u,1036352,100.00,,
     0.017455006,86028,,branch-misses:u,1147936,100.00,,
     0.017455006,0,,cache-misses:u,1147616,100.00,,
     0.017455006,1529761,,bus-cycles:u,1147680,100.00,,
     0.017455006,1718690,,instructions:u,1147680,100.00,,
     0.018601066,86255,,branch-misses:u,1145536,100.00,,
     0.018601066,0,,cache-misses:u,1145504,100.00,,
     0.018601066,1527297,,bus-cycles:u,1145504,100.00,,
     0.018601066,1726270,,instructions:u,1145472,100.00,,
     0.019748823,85553,,branch-misses:u,1148928,100.00,,
     0.019748823,0,,cache-misses:u,1149376,100.00,,
     0.019748823,1520686,,bus-cycles:u,1149728,100.00,,
     0.019748823,1710310,,instructions:u,1150080,100.00,,
     0.020907848,86670,,branch-misses:u,1157056,100.00,,
     0.020907848,0,,cache-misses:u,1156928,100.00,,
     0.020907848,1542137,,bus-cycles:u,1156640,100.00,,
     0.020907848,1729760,,instructions:u,1156320,100.00,,
     0.022054804,86019,,branch-misses:u,1146464,100.00,,
     0.022054804,0,,cache-misses:u,1146400,100.00,,
     0.022054804,1528826,,bus-cycles:u,1146272,100.00,,
     0.022054804,1723010,,instructions:u,1146240,100.00,,
     0.023225034,87792,,branch-misses:u,1170048,100.00,,
     0.023225034,0,,cache-misses:u,1170080,100.00,,
     0.023225034,1561376,,bus-cycles:u,1170432,100.00,,
     0.023225034,1759630,,instructions:u,1170496,100.00,,
     0.024372919,85512,,branch-misses:u,1148032,100.00,,
     0.024372919,0,,cache-misses:u,1147776,100.00,,
     0.024372919,1517087,,bus-cycles:u,1147552,100.00,,
     0.024372919,1708176,,instructions:u,1147520,100.00,,
     0.025521828,85906,,branch-misses:u,1147584,100.00,,
     0.025521828,0,,cache-misses:u,1147520,100.00,,
     0.025521828,1530119,,bus-cycles:u,1147712,100.00,,
     0.025521828,1723084,,instructions:u,1147680,100.00,,
     0.026667696,85824,,branch-misses:u,1145280,100.00,,
     0.026667696,0,,cache-misses:u,1145280,100.00,,
     0.026667696,1526752,,bus-cycles:u,1144960,100.00,,
     0.026667696,1717990,,instructions:u,1144928,100.00,,
     0.027812315,85387,,branch-misses:u,1144544,100.00,,
     0.027812315,0,,cache-misses:u,1144640,100.00,,
     0.027812315,1518720,,bus-cycles:u,1145088,100.00,,
     0.027812315,1707760,,instructions:u,1145088,100.00,,
     0.028960872,86159,,branch-misses:u,1147840,100.00,,
     0.028960872,0,,cache-misses:u,1147840,100.00,,
     0.028960872,1530200,,bus-cycles:u,1147456,100.00,,
     0.028960872,1725360,,instructions:u,1147456,100.00,,
     0.030106932,86210,,branch-misses:u,1145568,100.00,,
     0.030106932,0,,cache-misses:u,1145600,100.00,,
     0.030106932,1527581,,bus-cycles:u,1145600,100.00,,
     0.030106932,1727680,,instructions:u,1145664,100.00,,
     0.031252640,86328,,branch-misses:u,1145184,100.00,,
     0.031252640,0,,cache-misses:u,1145056,100.00,,
     0.031252640,1526685,,bus-cycles:u,1145120,100.00,,
     0.031252640,1729530,,instructions:u,1145088,100.00,,
     0.032397964,85805,,branch-misses:u,1145184,100.00,,
     0.032397964,0,,cache-misses:u,1145184,100.00,,
     0.032397964,1521178,,bus-cycles:u,1145088,100.00,,
     0.032397964,1721850,,instructions:u,1145056,100.00,,
     0.033544664,85983,,branch-misses:u,1145856,100.00,,
     0.033544664,0,,cache-misses:u,1145856,100.00,,
     0.033544664,1528017,,bus-cycles:u,1145888,100.00,,
     0.033544664,1716260,,instructions:u,1145920,100.00,,
     0.034689156,85800,,branch-misses:u,1144064,100.00,,
     0.034689156,0,,cache-misses:u,1144128,100.00,,
     0.034689156,1524826,,bus-cycles:u,1144032,100.00,,
     0.034689156,1719290,,instructions:u,1144128,100.00,,
     0.035833583,83033,,branch-misses:u,1144480,100.00,,
     0.035833583,1,,cache-misses:u,1144384,100.00,,
     0.035833583,1472626,,bus-cycles:u,1144544,100.00,,
     0.035833583,1665240,,instructions:u,1144448,100.00,,
     0.036980507,86218,,branch-misses:u,1145984,100.00,,
     0.036980507,0,,cache-misses:u,1146016,100.00,,
     0.036980507,1528228,,bus-cycles:u,1145984,100.00,,
     0.036980507,1715701,,instructions:u,1146016,100.00,,
     0.038125831,85917,,branch-misses:u,1144800,100.00,,
     0.038125831,0,,cache-misses:u,1144896,100.00,,
     0.038125831,1526866,,bus-cycles:u,1144864,100.00,,
     0.038125831,1721579,,instructions:u,1144768,100.00,,
     0.039271027,86041,,branch-misses:u,1144800,100.00,,
     0.039271027,0,,cache-misses:u,1144704,100.00,,
     0.039271027,1526350,,bus-cycles:u,1144640,100.00,,
     0.039271027,1724160,,instructions:u,1144640,100.00,,
     0.040712917,108280,,branch-misses:u,1442624,100.00,,
     0.040712917,0,,cache-misses:u,1443232,100.00,,
     0.040712917,1918763,,bus-cycles:u,1443648,100.00,,
     0.040712917,2166030,,instructions:u,1444000,100.00,,
     0.041867909,85860,,branch-misses:u,1153376,100.00,,
     0.041867909,0,,cache-misses:u,1152928,100.00,,
     0.041867909,1536879,,bus-cycles:u,1152544,100.00,,
     0.041867909,1718354,,instructions:u,1152320,100.00,,
     0.043017138,86248,,branch-misses:u,1148736,100.00,,
     0.043017138,0,,cache-misses:u,1148544,100.00,,
     0.043017138,1532425,,bus-cycles:u,1148576,100.00,,
     0.043017138,1725396,,instructions:u,1148608,100.00,,
     0.044179589,87247,,branch-misses:u,1162752,100.00,,
     0.044179589,0,,cache-misses:u,1163296,100.00,,
     0.044179589,1545049,,bus-cycles:u,1163584,100.00,,
     0.044179589,1744030,,instructions:u,1163552,100.00,,
     0.045333428,86823,,branch-misses:u,1152608,100.00,,
     0.045333428,0,,cache-misses:u,1152320,100.00,,
     0.045333428,1537301,,bus-cycles:u,1152352,100.00,,
     0.045333428,1739880,,instructions:u,1152288,100.00,,
     0.046482881,86075,,branch-misses:u,1149056,100.00,,
     0.046482881,0,,cache-misses:u,1148864,100.00,,
     0.046482881,1531891,,bus-cycles:u,1148544,100.00,,
     0.046482881,1723340,,instructions:u,1148480,100.00,,
     0.047630446,85825,,branch-misses:u,1147424,100.00,,
     0.047630446,0,,cache-misses:u,1147840,100.00,,
     0.047630446,1523206,,bus-cycles:u,1147872,100.00,,
     0.047630446,1719790,,instructions:u,1148000,100.00,,
     0.048781692,86216,,branch-misses:u,1150496,100.00,,
     0.048781692,0,,cache-misses:u,1150048,100.00,,
     0.048781692,1533825,,bus-cycles:u,1150112,100.00,,
     0.048781692,1724350,,instructions:u,1150112,100.00,,
     0.049929289,85194,,branch-misses:u,1146976,100.00,,
     0.049929289,0,,cache-misses:u,1147008,100.00,,
     0.049929289,1529924,,bus-cycles:u,1146944,100.00,,
     0.049929289,1707510,,instructions:u,1146784,100.00,,
     0.051076917,86538,,branch-misses:u,1147264,100.00,,
     0.051076917,0,,cache-misses:u,1147328,100.00,,
     0.051076917,1529887,,bus-cycles:u,1147328,100.00,,
     0.051076917,1732030,,instructions:u,1147424,100.00,,
     0.052224354,85298,,branch-misses:u,1147264,100.00,,
     0.052224354,0,,cache-misses:u,1147488,100.00,,
     0.052224354,1523842,,bus-cycles:u,1147488,100.00,,
     0.052224354,1708190,,instructions:u,1147552,100.00,,
     0.053374704,86907,,branch-misses:u,1149472,100.00,,
     0.053374704,0,,cache-misses:u,1149248,100.00,,
     0.053374704,1532204,,bus-cycles:u,1149248,100.00,,
     0.053374704,1729690,,instructions:u,1149152,100.00,,
     0.054521404,86567,,branch-misses:u,1146208,100.00,,
     0.054521404,0,,cache-misses:u,1146176,100.00,,
     0.054521404,1528441,,bus-cycles:u,1146176,100.00,,
     0.054521404,1726970,,instructions:u,1146240,100.00,,
     0.055667560,85277,,branch-misses:u,1146496,100.00,,
     0.055667560,0,,cache-misses:u,1146848,100.00,,
     0.055667560,1523610,,bus-cycles:u,1146848,100.00,,
     0.055667560,1704890,,instructions:u,1146880,100.00,,
     0.056820151,86422,,branch-misses:u,1151456,100.00,,
     0.056820151,0,,cache-misses:u,1151040,100.00,,
     0.056820151,1535484,,bus-cycles:u,1150944,100.00,,
     0.056820151,1729560,,instructions:u,1150944,100.00,,
     0.057967267,86678,,branch-misses:u,1146592,100.00,,
     0.057967267,0,,cache-misses:u,1146752,100.00,,
     0.057967267,1529627,,bus-cycles:u,1146816,100.00,,
     0.057967267,1731460,,instructions:u,1146752,100.00,,
     0.059114576,86423,,branch-misses:u,1146944,100.00,,
     0.059114576,0,,cache-misses:u,1146816,100.00,,
     0.059114576,1530405,,bus-cycles:u,1146848,100.00,,
     0.059114576,1727890,,instructions:u,1146816,100.00,,
     0.060262268,85845,,branch-misses:u,1147424,100.00,,
     0.060262268,0,,cache-misses:u,1147520,100.00,,
     0.060262268,1525421,,bus-cycles:u,1147488,100.00,,
     0.060262268,1716120,,instructions:u,1147616,100.00,,
     0.061412362,86513,,branch-misses:u,1149440,100.00,,
     0.061412362,0,,cache-misses:u,1149376,100.00,,
     0.061412362,1533920,,bus-cycles:u,1149632,100.00,,
     0.061412362,1732420,,instructions:u,1149600,100.00,,
     0.062559991,86261,,branch-misses:u,1147008,100.00,,
     0.062559991,0,,cache-misses:u,1146976,100.00,,
     0.062559991,1529862,,bus-cycles:u,1146720,100.00,,
     0.062559991,1722360,,instructions:u,1146752,100.00,,
     0.063706467,85833,,branch-misses:u,1146432,100.00,,
     0.063706467,0,,cache-misses:u,1146528,100.00,,
     0.063706467,1524131,,bus-cycles:u,1146752,100.00,,
     0.063706467,1720790,,instructions:u,1146688,100.00,,
     0.064856624,86191,,branch-misses:u,1149440,100.00,,
     0.064856624,0,,cache-misses:u,1149472,100.00,,
     0.064856624,1533678,,bus-cycles:u,1149472,100.00,,
     0.064856624,1724190,,instructions:u,1149504,100.00,,
     0.066021316,87747,,branch-misses:u,1164384,100.00,,
     0.066021316,0,,cache-misses:u,1164384,100.00,,
     0.066021316,1553307,,bus-cycles:u,1164480,100.00,,
     0.066021316,1751430,,instructions:u,1164416,100.00,,
     0.067169777,86742,,branch-misses:u,1147744,100.00,,
     0.067169777,0,,cache-misses:u,1147648,100.00,,
     0.067169777,1530447,,bus-cycles:u,1147328,100.00,,
     0.067169777,1734170,,instructions:u,1147392,100.00,,
     0.068316189,86096,,branch-misses:u,1146496,100.00,,
     0.068316189,0,,cache-misses:u,1146528,100.00,,
     0.068316189,1522856,,bus-cycles:u,1146528,100.00,,
     0.068316189,1722030,,instructions:u,1146528,100.00,,
     0.069466507,86722,,branch-misses:u,1149312,100.00,,
     0.069466507,0,,cache-misses:u,1149376,100.00,,
     0.069466507,1533341,,bus-cycles:u,1149344,100.00,,
     0.069466507,1739420,,instructions:u,1149344,100.00,,
     0.070614231,85815,,branch-misses:u,1147264,100.00,,
     0.070614231,0,,cache-misses:u,1147232,100.00,,
     0.070614231,1530985,,bus-cycles:u,1147296,100.00,,
     0.070614231,1718140,,instructions:u,1147232,100.00,,
     0.071762596,86073,,branch-misses:u,1148256,100.00,,
     0.071762596,0,,cache-misses:u,1148224,100.00,,
     0.071762596,1526664,,bus-cycles:u,1148224,100.00,,
     0.071762596,1719120,,instructions:u,1148256,100.00,,
     0.072911313,85900,,branch-misses:u,1147904,100.00,,
     0.072911313,0,,cache-misses:u,1147872,100.00,,
     0.072911313,1531771,,bus-cycles:u,1147936,100.00,,
     0.072911313,1718070,,instructions:u,1147904,100.00,,
     0.074057597,86134,,branch-misses:u,1145792,100.00,,
     0.074057597,0,,cache-misses:u,1145728,100.00,,
     0.074057597,1529177,,bus-cycles:u,1145664,100.00,,
     0.074057597,1726204,,instructions:u,1145696,100.00,,
     0.075204202,86044,,branch-misses:u,1146112,100.00,,
     0.075204202,0,,cache-misses:u,1146304,100.00,,
     0.075204202,1530264,,bus-cycles:u,1146272,100.00,,
     0.075204202,1716866,,instructions:u,1146304,100.00,,
     0.076352791,83732,,branch-misses:u,1132352,100.00,,
     0.076352791,0,,cache-misses:u,1132384,100.00,,
     0.076352791,1483030,,bus-cycles:u,1132672,100.00,,
     0.076352791,1671620,,instructions:u,1132672,100.00,,
     0.077502500,85833,,branch-misses:u,1148576,100.00,,
     0.077502500,0,,cache-misses:u,1148448,100.00,,
     0.077502500,1532027,,bus-cycles:u,1148192,100.00,,
     0.077502500,1719060,,instructions:u,1148096,100.00,,
     0.078649296,85850,,branch-misses:u,1146272,100.00,,
     0.078649296,0,,cache-misses:u,1146240,100.00,,
     0.078649296,1528633,,bus-cycles:u,1146272,100.00,,
     0.078649296,1712496,,instructions:u,1146304,100.00,,
     0.079797885,85325,,branch-misses:u,1148352,100.00,,
     0.079797885,1,,cache-misses:u,1148352,100.00,,
     0.079797885,1524514,,bus-cycles:u,1148256,100.00,,
     0.079797885,1707804,,instructions:u,1148256,100.00,,
     0.080946603,86414,,branch-misses:u,1147776,100.00,,
     0.080946603,0,,cache-misses:u,1147808,100.00,,
     0.080946603,1531006,,bus-cycles:u,1147840,100.00,,
     0.080946603,1729470,,instructions:u,1147840,100.00,,
     0.082093047,86123,,branch-misses:u,1146112,100.00,,
     0.082093047,0,,cache-misses:u,1146112,100.00,,
     0.082093047,1529250,,bus-cycles:u,1146176,100.00,,
     0.082093047,1722710,,instructions:u,1146144,100.00,,
     0.083239459,86187,,branch-misses:u,1145952,100.00,,
     0.083239459,0,,cache-misses:u,1145920,100.00,,
     0.083239459,1528872,,bus-cycles:u,1145824,100.00,,
     0.083239459,1727090,,instructions:u,1145888,100.00,,
     0.084387216,86150,,branch-misses:u,1147360,100.00,,
     0.084387216,0,,cache-misses:u,1147296,100.00,,
     0.084387216,1526188,,bus-cycles:u,1147328,100.00,,
     0.084387216,1728810,,instructions:u,1147328,100.00,,
     0.085534972,86347,,branch-misses:u,1147232,100.00,,
     0.085534972,0,,cache-misses:u,1147232,100.00,,
     0.085534972,1530072,,bus-cycles:u,1147200,100.00,,
     0.085534972,1727050,,instructions:u,1147200,100.00,,
     0.086693805,87014,,branch-misses:u,1158560,100.00,,
     0.086693805,0,,cache-misses:u,1158720,100.00,,
     0.086693805,1545164,,bus-cycles:u,1158976,100.00,,
     0.086693805,1749896,,instructions:u,1158944,100.00,,
     0.087842907,86162,,branch-misses:u,1148896,100.00,,
     0.087842907,0,,cache-misses:u,1148736,100.00,,
     0.087842907,1526125,,bus-cycles:u,1148544,100.00,,
     0.087842907,1721434,,instructions:u,1148608,100.00,,
     0.088990983,86691,,branch-misses:u,1147168,100.00,,
     0.088990983,0,,cache-misses:u,1147264,100.00,,
     0.088990983,1530043,,bus-cycles:u,1147168,100.00,,
     0.088990983,1734060,,instructions:u,1147168,100.00,,
     0.090137524,86099,,branch-misses:u,1146080,100.00,,
     0.090137524,0,,cache-misses:u,1146080,100.00,,
     0.090137524,1527982,,bus-cycles:u,1146112,100.00,,
     0.090137524,1725940,,instructions:u,1146144,100.00,,
     0.091283584,85994,,branch-misses:u,1145696,100.00,,
     0.091283584,0,,cache-misses:u,1145696,100.00,,
     0.091283584,1528105,,bus-cycles:u,1145728,100.00,,
     0.091283584,1715220,,instructions:u,1145568,100.00,,
     0.092442193,86782,,branch-misses:u,1158400,100.00,,
     0.092442193,0,,cache-misses:u,1158368,100.00,,
     0.092442193,1537737,,bus-cycles:u,1158368,100.00,,
     0.092442193,1741300,,instructions:u,1158464,100.00,,
     0.093589341,85715,,branch-misses:u,1146304,100.00,,
     0.093589341,0,,cache-misses:u,1146176,100.00,,
     0.093589341,1528092,,bus-cycles:u,1146144,100.00,,
     0.093589341,1716400,,instructions:u,1146144,100.00,,
     0.094734697,86206,,branch-misses:u,1144960,100.00,,
     0.094734697,0,,cache-misses:u,1145024,100.00,,
     0.094734697,1527409,,bus-cycles:u,1145024,100.00,,
     0.094734697,1726460,,instructions:u,1145024,100.00,,
     0.095882165,85656,,branch-misses:u,1147328,100.00,,
     0.095882165,0,,cache-misses:u,1147424,100.00,,
     0.095882165,1525742,,bus-cycles:u,1147456,100.00,,
     0.095882165,1715610,,instructions:u,1147456,100.00,,
     0.097030114,86212,,branch-misses:u,1147168,100.00,,
     0.097030114,0,,cache-misses:u,1147040,100.00,,
     0.097030114,1530133,,bus-cycles:u,1147072,100.00,,
     0.097030114,1728840,,instructions:u,1147008,100.00,,
     0.098176206,86248,,branch-misses:u,1145600,100.00,,
     0.098176206,0,,cache-misses:u,1145696,100.00,,
     0.098176206,1527993,,bus-cycles:u,1145600,100.00,,
     0.098176206,1724480,,instructions:u,1145632,100.00,,
     0.099322266,85149,,branch-misses:u,1145600,100.00,,
     0.099322266,0,,cache-misses:u,1145600,100.00,,
     0.099322266,1528225,,bus-cycles:u,1145600,100.00,,
     0.099322266,1701770,,instructions:u,1145632,100.00,,
     0.100476586,86628,,branch-misses:u,1154880,100.00,,
     0.100476586,0,,cache-misses:u,1154944,100.00,,
     0.100476586,1534180,,bus-cycles:u,1154976,100.00,,
     0.100476586,1727336,,instructions:u,1154976,100.00,,
     0.101624470,86020,,branch-misses:u,1146432,100.00,,
     0.101624470,0,,cache-misses:u,1146432,100.00,,
     0.101624470,1529021,,bus-cycles:u,1146496,100.00,,
     0.101624470,1715444,,instructions:u,1146496,100.00,,
     0.102771843,85729,,branch-misses:u,1146912,100.00,,
     0.102771843,0,,cache-misses:u,1146848,100.00,,
     0.102771843,1529850,,bus-cycles:u,1146784,100.00,,
     0.102771843,1717810,,instructions:u,1146752,100.00,,
     0.103918895,85381,,branch-misses:u,1146816,100.00,,
     0.103918895,0,,cache-misses:u,1146816,100.00,,
     0.103918895,1522743,,bus-cycles:u,1146816,100.00,,
     0.103918895,1712630,,instructions:u,1146816,100.00,,
     0.105067100,86397,,branch-misses:u,1147552,100.00,,
     0.105067100,0,,cache-misses:u,1147552,100.00,,
     0.105067100,1530435,,bus-cycles:u,1147584,100.00,,
     0.105067100,1724700,,instructions:u,1147616,100.00,,
     0.106213416,85889,,branch-misses:u,1145792,100.00,,
     0.106213416,0,,cache-misses:u,1145792,100.00,,
     0.106213416,1527671,,bus-cycles:u,1145760,100.00,,
     0.106213416,1716470,,instructions:u,1145792,100.00,,
     0.107373082,86624,,branch-misses:u,1159488,100.00,,
     0.107373082,0,,cache-misses:u,1159520,100.00,,
     0.107373082,1542587,,bus-cycles:u,1159680,100.00,,
     0.107373082,1728170,,instructions:u,1159680,100.00,,
     0.108521447,85961,,branch-misses:u,1147648,100.00,,
     0.108521447,0,,cache-misses:u,1147584,100.00,,
     0.108521447,1530117,,bus-cycles:u,1147456,100.00,,
     0.108521447,1721420,,instructions:u,1147424,100.00,,
     0.109666002,85327,,branch-misses:u,1144064,100.00,,
     0.109666002,0,,cache-misses:u,1144032,100.00,,
     0.109666002,1525926,,bus-cycles:u,1144032,100.00,,
     0.109666002,1711800,,instructions:u,1143968,100.00,,
     0.110810653,85582,,branch-misses:u,1144320,100.00,,
     0.110810653,0,,cache-misses:u,1144352,100.00,,
     0.110810653,1526086,,bus-cycles:u,1144320,100.00,,
     0.110810653,1711800,,instructions:u,1144384,100.00,,
     0.111955625,85442,,branch-misses:u,1144480,100.00,,
     0.111955625,0,,cache-misses:u,1144512,100.00,,
     0.111955625,1522708,,bus-cycles:u,1144480,100.00,,
     0.111955625,1709380,,instructions:u,1144480,100.00,,
     0.113103734,85960,,branch-misses:u,1147488,100.00,,
     0.113103734,0,,cache-misses:u,1147424,100.00,,
     0.113103734,1529385,,bus-cycles:u,1147520,100.00,,
     0.113103734,1709770,,instructions:u,1147520,100.00,,
     0.114249026,84912,,branch-misses:u,1144896,100.00,,
     0.114249026,0,,cache-misses:u,1145216,100.00,,
     0.114249026,1526639,,bus-cycles:u,1145120,100.00,,
     0.114249026,1704370,,instructions:u,1145120,100.00,,
     0.115368803,83561,,branch-misses:u,1119744,100.00,,
     0.115368803,0,,cache-misses:u,1119520,100.00,,
     0.115368803,1487641,,bus-cycles:u,1119648,100.00,,
     0.115368803,1668530,,instructions:u,1119744,100.00,,
     0.116518961,85931,,branch-misses:u,1149472,100.00,,
     0.116518961,0,,cache-misses:u,1149440,100.00,,
     0.116518961,1532083,,bus-cycles:u,1149312,100.00,,
     0.116518961,1718710,,instructions:u,1149280,100.00,,
     0.117666525,85825,,branch-misses:u,1147040,100.00,,
     0.117666525,0,,cache-misses:u,1146944,100.00,,
     0.117666525,1528888,,bus-cycles:u,1147040,100.00,,
     0.117666525,1719080,,instructions:u,1147008,100.00,,
     0.118814250,85795,,branch-misses:u,1147104,100.00,,
     0.118814250,0,,cache-misses:u,1147136,100.00,,
     0.118814250,1529736,,bus-cycles:u,1147104,100.00,,
     0.118814250,1710370,,instructions:u,1147136,100.00,,
     0.119961783,85803,,branch-misses:u,1147424,100.00,,
     0.119961783,0,,cache-misses:u,1147488,100.00,,
     0.119961783,1525673,,bus-cycles:u,1147456,100.00,,
     0.119961783,1718180,,instructions:u,1147360,100.00,,
     0.121109699,86297,,branch-misses:u,1147264,100.00,,
     0.121109699,0,,cache-misses:u,1147168,100.00,,
     0.121109699,1530685,,bus-cycles:u,1147232,100.00,,
     0.121109699,1726890,,instructions:u,1147264,100.00,,
     0.122256944,85935,,branch-misses:u,1146656,100.00,,
     0.122256944,0,,cache-misses:u,1146816,100.00,,
     0.122256944,1529396,,bus-cycles:u,1146752,100.00,,
     0.122256944,1714710,,instructions:u,1146784,100.00,,
     0.123405885,85364,,branch-misses:u,1148928,100.00,,
     0.123405885,0,,cache-misses:u,1148832,100.00,,
     0.123405885,1521504,,bus-cycles:u,1148832,100.00,,
     0.123405885,1705210,,instructions:u,1148768,100.00,,
     0.124553674,86051,,branch-misses:u,1146880,100.00,,
     0.124553674,0,,cache-misses:u,1146880,100.00,,
     0.124553674,1529105,,bus-cycles:u,1146944,100.00,,
     0.124553674,1721440,,instructions:u,1146976,100.00,,
     0.125699958,85986,,branch-misses:u,1145920,100.00,,
     0.125699958,0,,cache-misses:u,1145920,100.00,,
     0.125699958,1528687,,bus-cycles:u,1145888,100.00,,
     0.125699958,1720930,,instructions:u,1145888,100.00,,
     0.126847939,86038,,branch-misses:u,1147392,100.00,,
     0.126847939,0,,cache-misses:u,1147360,100.00,,
     0.126847939,1529971,,bus-cycles:u,1147360,100.00,,
     0.126847939,1715760,,instructions:u,1147360,100.00,,
     0.127995727,85998,,branch-misses:u,1147744,100.00,,
     0.127995727,0,,cache-misses:u,1147808,100.00,,
     0.127995727,1525268,,bus-cycles:u,1147776,100.00,,
     0.127995727,1712330,,instructions:u,1147776,100.00,,
     0.129152864,85816,,branch-misses:u,1156608,100.00,,
     0.129152864,0,,cache-misses:u,1156736,100.00,,
     0.129152864,1542564,,bus-cycles:u,1156800,100.00,,
     0.129152864,1725200,,instructions:u,1156864,100.00,,
     0.130300300,85711,,branch-misses:u,1146784,100.00,,
     0.130300300,0,,cache-misses:u,1146720,100.00,,
     0.130300300,1528821,,bus-cycles:u,1146688,100.00,,
     0.130300300,1715090,,instructions:u,1146656,100.00,,
     0.131447961,85822,,branch-misses:u,1147200,100.00,,
     0.131447961,0,,cache-misses:u,1147072,100.00,,
     0.131447961,1524724,,bus-cycles:u,1147104,100.00,,
     0.131447961,1710930,,instructions:u,1147072,100.00,,
     0.132595205,85781,,branch-misses:u,1146784,100.00,,
     0.132595205,0,,cache-misses:u,1146752,100.00,,
     0.132595205,1528449,,bus-cycles:u,1146720,100.00,,
     0.132595205,1718930,,instructions:u,1146720,100.00,,
     0.133742514,85948,,branch-misses:u,1146816,100.00,,
     0.133742514,0,,cache-misses:u,1146848,100.00,,
     0.133742514,1528988,,bus-cycles:u,1146848,100.00,,
     0.133742514,1717750,,instructions:u,1146816,100.00,,
     0.134888382,86223,,branch-misses:u,1145280,100.00,,
     0.134888382,0,,cache-misses:u,1145344,100.00,,
     0.134888382,1527388,,bus-cycles:u,1145344,100.00,,
     0.134888382,1727560,,instructions:u,1145344,100.00,,
     0.136036299,85826,,branch-misses:u,1147872,100.00,,
     0.136036299,0,,cache-misses:u,1147872,100.00,,
     0.136036299,1525872,,bus-cycles:u,1147840,100.00,,
     0.136036299,1711590,,instructions:u,1147904,100.00,,
     0.137183351,86613,,branch-misses:u,1146272,100.00,,
     0.137183351,0,,cache-misses:u,1146304,100.00,,
     0.137183351,1528824,,bus-cycles:u,1146336,100.00,,
     0.137183351,1728270,,instructions:u,1146272,100.00,,
     0.138329731,85727,,branch-misses:u,1145920,100.00,,
     0.138329731,0,,cache-misses:u,1145856,100.00,,
     0.138329731,1527586,,bus-cycles:u,1145856,100.00,,
     0.138329731,1723362,,instructions:u,1145888,100.00,,
     0.139476944,85671,,branch-misses:u,1147072,100.00,,
     0.139476944,0,,cache-misses:u,1147040,100.00,,
     0.139476944,1523491,,bus-cycles:u,1147008,100.00,,
     0.139476944,1714298,,instructions:u,1147040,100.00,,
     0.140624412,86256,,branch-misses:u,1146656,100.00,,
     0.140624412,0,,cache-misses:u,1146688,100.00,,
     0.140624412,1529108,,bus-cycles:u,1146688,100.00,,
     0.140624412,1724920,,instructions:u,1146624,100.00,,
     0.141770344,86095,,branch-misses:u,1145472,100.00,,
     0.141770344,0,,cache-misses:u,1145440,100.00,,
     0.141770344,1527291,,bus-cycles:u,1145440,100.00,,
     0.141770344,1724480,,instructions:u,1145472,100.00,,
     0.142916340,86059,,branch-misses:u,1145536,100.00,,
     0.142916340,0,,cache-misses:u,1145536,100.00,,
     0.142916340,1527918,,bus-cycles:u,1145568,100.00,,
     0.142916340,1718650,,instructions:u,1145536,100.00,,
     0.144063585,85891,,branch-misses:u,1146880,100.00,,
     0.144063585,0,,cache-misses:u,1146848,100.00,,
     0.144063585,1525103,,bus-cycles:u,1146816,100.00,,
     0.144063585,1718690,,instructions:u,1146816,100.00,,
     0.145210637,86410,,branch-misses:u,1146496,100.00,,
     0.145210637,0,,cache-misses:u,1146592,100.00,,
     0.145210637,1529419,,bus-cycles:u,1146624,100.00,,
     0.145210637,1727290,,instructions:u,1146592,100.00,,
     0.146356057,85935,,branch-misses:u,1144992,100.00,,
     0.146356057,0,,cache-misses:u,1144928,100.00,,
     0.146356057,1527868,,bus-cycles:u,1144896,100.00,,
     0.146356057,1722340,,instructions:u,1144960,100.00,,
     0.147503141,85826,,branch-misses:u,1146624,100.00,,
     0.147503141,0,,cache-misses:u,1146624,100.00,,
     0.147503141,1525664,,bus-cycles:u,1146624,100.00,,
     0.147503141,1721706,,instructions:u,1146656,100.00,,
     0.148649937,86021,,branch-misses:u,1146336,100.00,,
     0.148649937,0,,cache-misses:u,1146272,100.00,,
     0.148649937,1529428,,bus-cycles:u,1146304,100.00,,
     0.148649937,1723274,,instructions:u,1146240,100.00,,
     0.149807714,86808,,branch-misses:u,1157408,100.00,,
     0.149807714,0,,cache-misses:u,1157792,100.00,,
     0.149807714,1544901,,bus-cycles:u,1157824,100.00,,
     0.149807714,1736370,,instructions:u,1157888,100.00,,
     0.150955983,86166,,branch-misses:u,1147712,100.00,,
     0.150955983,0,,cache-misses:u,1147520,100.00,,
     0.150955983,1530960,,bus-cycles:u,1147584,100.00,,
     0.150955983,1725140,,instructions:u,1147584,100.00,,
     0.152103388,85695,,branch-misses:u,1147264,100.00,,
     0.152103388,0,,cache-misses:u,1147200,100.00,,
     0.152103388,1523789,,bus-cycles:u,1147104,100.00,,
     0.152103388,1712240,,instructions:u,1147136,100.00,,
     0.153250920,85916,,branch-misses:u,1146784,100.00,,
     0.153250920,0,,cache-misses:u,1146816,100.00,,
     0.153250920,1530114,,bus-cycles:u,1146848,100.00,,
     0.153250920,1723720,,instructions:u,1146848,100.00,,
     0.154397140,86412,,branch-misses:u,1145760,100.00,,
     0.154397140,0,,cache-misses:u,1145728,100.00,,
     0.154397140,1528100,,bus-cycles:u,1145728,100.00,,
     0.154397140,1726540,,instructions:u,1145760,100.00,,
     0.155544161,86011,,branch-misses:u,1146880,100.00,,
     0.155544161,0,,cache-misses:u,1146976,100.00,,
     0.155544161,1524099,,bus-cycles:u,1146976,100.00,,
     0.155544161,1719700,,instructions:u,1146944,100.00,,
     0.156692077,85064,,branch-misses:u,1147072,100.00,,
     0.156692077,0,,cache-misses:u,1147008,100.00,,
     0.156692077,1530114,,bus-cycles:u,1147136,100.00,,
     0.156692077,1695164,,instructions:u,1147104,100.00,,
     0.157838490,86360,,branch-misses:u,1146048,100.00,,
     0.157838490,0,,cache-misses:u,1146080,100.00,,
     0.157838490,1528316,,bus-cycles:u,1145888,100.00,,
     0.157838490,1722436,,instructions:u,1145952,100.00,,
     0.158984902,86221,,branch-misses:u,1145888,100.00,,
     0.158984902,0,,cache-misses:u,1145888,100.00,,
     0.158984902,1527826,,bus-cycles:u,1146016,100.00,,
     0.158984902,1723510,,instructions:u,1145984,100.00,,
     0.160133395,85860,,branch-misses:u,1148032,100.00,,
     0.160133395,0,,cache-misses:u,1148064,100.00,,
     0.160133395,1526592,,bus-cycles:u,1148096,100.00,,
     0.160133395,1719350,,instructions:u,1148096,100.00,,
     0.161281728,85885,,branch-misses:u,1147808,100.00,,
     0.161281728,0,,cache-misses:u,1147776,100.00,,
     0.161281728,1529841,,bus-cycles:u,1147552,100.00,,
     0.161281728,1722976,,instructions:u,1147520,100.00,,
     0.162427948,84964,,branch-misses:u,1145824,100.00,,
     0.162427948,0,,cache-misses:u,1145888,100.00,,
     0.162427948,1527935,,bus-cycles:u,1146016,100.00,,
     0.162427948,1702224,,instructions:u,1146080,100.00,,
     0.163575544,85464,,branch-misses:u,1147456,100.00,,
     0.163575544,0,,cache-misses:u,1147360,100.00,,
     0.163575544,1524128,,bus-cycles:u,1147392,100.00,,
     0.163575544,1711730,,instructions:u,1147328,100.00,,
     0.164724037,86584,,branch-misses:u,1147744,100.00,,
     0.164724037,0,,cache-misses:u,1147904,100.00,,
     0.164724037,1531026,,bus-cycles:u,1147936,100.00,,
     0.164724037,1732740,,instructions:u,1148000,100.00,,
     0.165872050,85946,,branch-misses:u,1147456,100.00,,
     0.165872050,0,,cache-misses:u,1147200,100.00,,
     0.165872050,1529714,,bus-cycles:u,1147040,100.00,,
     0.165872050,1716001,,instructions:u,1147104,100.00,,
     0.167018782,86015,,branch-misses:u,1146368,100.00,,
     0.167018782,0,,cache-misses:u,1146464,100.00,,
     0.167018782,1528920,,bus-cycles:u,1146624,100.00,,
     0.167018782,1723695,,instructions:u,1146528,100.00,,
     0.168167467,85640,,branch-misses:u,1148512,100.00,,
     0.168167467,0,,cache-misses:u,1148480,100.00,,
     0.168167467,1526224,,bus-cycles:u,1148352,100.00,,
     0.168167467,1718344,,instructions:u,1148352,100.00,,
     0.169314936,85988,,branch-misses:u,1146592,100.00,,
     0.169314936,0,,cache-misses:u,1146752,100.00,,
     0.169314936,1528826,,bus-cycles:u,1146880,100.00,,
     0.169314936,1715620,,instructions:u,1146912,100.00,,
     0.170473897,87526,,branch-misses:u,1158720,100.00,,
     0.170473897,0,,cache-misses:u,1158912,100.00,,
     0.170473897,1544795,,bus-cycles:u,1158912,100.00,,
     0.170473897,1750500,,instructions:u,1158912,100.00,,
     0.171621142,85859,,branch-misses:u,1147008,100.00,,
     0.171621142,1,,cache-misses:u,1146976,100.00,,
     0.171621142,1520798,,bus-cycles:u,1146880,100.00,,
     0.171621142,1720920,,instructions:u,1146880,100.00,,
     0.172770115,86429,,branch-misses:u,1148160,100.00,,
     0.172770115,0,,cache-misses:u,1148064,100.00,,
     0.172770115,1530865,,bus-cycles:u,1148160,100.00,,
     0.172770115,1728621,,instructions:u,1148096,100.00,,
     0.173916143,85371,,branch-misses:u,1145504,100.00,,
     0.173916143,0,,cache-misses:u,1145280,100.00,,
     0.173916143,1527549,,bus-cycles:u,1145120,100.00,,
     0.173916143,1705969,,instructions:u,1145216,100.00,,
     0.175061915,84870,,branch-misses:u,1145248,100.00,,
     0.175061915,0,,cache-misses:u,1145280,100.00,,
     0.175061915,1526744,,bus-cycles:u,1145440,100.00,,
     0.175061915,1699240,,instructions:u,1145408,100.00,,
     0.176208295,86254,,branch-misses:u,1146528,100.00,,
     0.176208295,0,,cache-misses:u,1146816,100.00,,
     0.176208295,1522344,,bus-cycles:u,1146720,100.00,,
     0.176208295,1723504,,instructions:u,1146624,100.00,,
     0.177359093,86868,,branch-misses:u,1149856,100.00,,
     0.177359093,0,,cache-misses:u,1149568,100.00,,
     0.177359093,1533143,,bus-cycles:u,1149664,100.00,,
     0.177359093,1736036,,instructions:u,1149760,100.00,,
     0.178506337,85694,,branch-misses:u,1146720,100.00,,
     0.178506337,0,,cache-misses:u,1146688,100.00,,
     0.178506337,1528360,,bus-cycles:u,1146592,100.00,,
     0.178506337,1716350,,instructions:u,1146624,100.00,,
     0.179654094,86068,,branch-misses:u,1147392,100.00,,
     0.179654094,0,,cache-misses:u,1147456,100.00,,
     0.179654094,1523128,,bus-cycles:u,1147552,100.00,,
     0.179654094,1721270,,instructions:u,1147520,100.00,,
     0.180802907,86643,,branch-misses:u,1148256,100.00,,
     0.180802907,0,,cache-misses:u,1148224,100.00,,
     0.180802907,1531445,,bus-cycles:u,1148224,100.00,,
     0.180802907,1731180,,instructions:u,1148192,100.00,,
     0.181949479,86125,,branch-misses:u,1146112,100.00,,
     0.181949479,0,,cache-misses:u,1146144,100.00,,
     0.181949479,1528352,,bus-cycles:u,1146176,100.00,,
     0.181949479,1723680,,instructions:u,1146112,100.00,,
     0.183096276,86442,,branch-misses:u,1146304,100.00,,
     0.183096276,0,,cache-misses:u,1146336,100.00,,
     0.183096276,1528788,,bus-cycles:u,1146272,100.00,,
     0.183096276,1735204,,instructions:u,1146336,100.00,,
     0.184244865,86269,,branch-misses:u,1148256,100.00,,
     0.184244865,0,,cache-misses:u,1148256,100.00,,
     0.184244865,1527478,,bus-cycles:u,1148256,100.00,,
     0.184244865,1725788,,instructions:u,1148288,100.00,,
     0.185392653,86610,,branch-misses:u,1147296,100.00,,
     0.185392653,0,,cache-misses:u,1147264,100.00,,
     0.185392653,1529992,,bus-cycles:u,1147264,100.00,,
     0.185392653,1736298,,instructions:u,1147200,100.00,,
     0.186539642,86038,,branch-misses:u,1146464,100.00,,
     0.186539642,0,,cache-misses:u,1146336,100.00,,
     0.186539642,1528786,,bus-cycles:u,1146240,100.00,,
     0.186539642,1725840,,instructions:u,1146304,100.00,,
     0.187686982,86177,,branch-misses:u,1147328,100.00,,
     0.187686982,0,,cache-misses:u,1147424,100.00,,
     0.187686982,1522863,,bus-cycles:u,1147424,100.00,,
     0.187686982,1721020,,instructions:u,1147392,100.00,,
     0.188835539,85877,,branch-misses:u,1147648,100.00,,
     0.188835539,0,,cache-misses:u,1147744,100.00,,
     0.188835539,1531035,,bus-cycles:u,1147808,100.00,,
     0.188835539,1717030,,instructions:u,1147840,100.00,,
     0.189982079,85766,,branch-misses:u,1146144,100.00,,
     0.189982079,0,,cache-misses:u,1146016,100.00,,
     0.189982079,1528044,,bus-cycles:u,1145984,100.00,,
     0.189982079,1714880,,instructions:u,1145920,100.00,,
     0.191128524,85556,,branch-misses:u,1145952,100.00,,
     0.191128524,0,,cache-misses:u,1146048,100.00,,
     0.191128524,1527390,,bus-cycles:u,1146080,100.00,,
     0.191128524,1720310,,instructions:u,1146080,100.00,,
     0.192287933,86402,,branch-misses:u,1159424,100.00,,
     0.192287933,0,,cache-misses:u,1159360,100.00,,
     0.192287933,1539031,,bus-cycles:u,1159296,100.00,,
     0.192287933,1729390,,instructions:u,1159296,100.00,,
     0.193436266,86037,,branch-misses:u,1147456,100.00,,
     0.193436266,0,,cache-misses:u,1147456,100.00,,
     0.193436266,1529207,,bus-cycles:u,1147520,100.00,,
     0.193436266,1715830,,instructions:u,1147456,100.00,,
     0.194582678,85579,,branch-misses:u,1145856,100.00,,
     0.194582678,0,,cache-misses:u,1145984,100.00,,
     0.194582678,1527433,,bus-cycles:u,1146048,100.00,,
     0.194582678,1713390,,instructions:u,1146176,100.00,,
     0.195730595,85965,,branch-misses:u,1147808,100.00,,
     0.195730595,0,,cache-misses:u,1147776,100.00,,
     0.195730595,1524860,,bus-cycles:u,1147744,100.00,,
     0.195730595,1717510,,instructions:u,1147680,100.00,,
     0.196878672,86104,,branch-misses:u,1147328,100.00,,
     0.196878672,0,,cache-misses:u,1147168,100.00,,
     0.196878672,1529903,,bus-cycles:u,1147136,100.00,,
     0.196878672,1724860,,instructions:u,1147200,100.00,,
     0.198026652,86114,,branch-misses:u,1147616,100.00,,
     0.198026652,0,,cache-misses:u,1147520,100.00,,
     0.198026652,1530366,,bus-cycles:u,1147584,100.00,,
     0.198026652,1725890,,instructions:u,1147552,100.00,,
     0.199173449,86038,,branch-misses:u,1146176,100.00,,
     0.199173449,0,,cache-misses:u,1146336,100.00,,
     0.199173449,1528995,,bus-cycles:u,1146304,100.00,,
     0.199173449,1713930,,instructions:u,1146336,100.00,,
     0.200321333,86281,,branch-misses:u,1147840,100.00,,
     0.200321333,0,,cache-misses:u,1147904,100.00,,
     0.200321333,1524991,,bus-cycles:u,1148032,100.00,,
     0.200321333,1727320,,instructions:u,1147968,100.00,,
     0.201470243,86433,,branch-misses:u,1148096,100.00,,
     0.201470243,0,,cache-misses:u,1148000,100.00,,
     0.201470243,1530824,,bus-cycles:u,1147840,100.00,,
     0.201470243,1726640,,instructions:u,1147968,100.00,,
     0.202616655,86278,,branch-misses:u,1145952,100.00,,
     0.202616655,0,,cache-misses:u,1145952,100.00,,
     0.202616655,1528035,,bus-cycles:u,1145856,100.00,,
     0.202616655,1724740,,instructions:u,1145728,100.00,,
     0.203763643,86147,,branch-misses:u,1146816,100.00,,
     0.203763643,0,,cache-misses:u,1146848,100.00,,
     0.203763643,1524453,,bus-cycles:u,1146976,100.00,,
     0.203763643,1725530,,instructions:u,1147040,100.00,,
     0.204911240,86553,,branch-misses:u,1146784,100.00,,
     0.204911240,0,,cache-misses:u,1146784,100.00,,
     0.204911240,1528976,,bus-cycles:u,1146784,100.00,,
     0.204911240,1733450,,instructions:u,1146784,100.00,,
     0.206057940,86528,,branch-misses:u,1146368,100.00,,
     0.206057940,0,,cache-misses:u,1146240,100.00,,
     0.206057940,1527981,,bus-cycles:u,1146208,100.00,,
     0.206057940,1727640,,instructions:u,1146176,100.00,,
     0.207204608,86123,,branch-misses:u,1146112,100.00,,
     0.207204608,0,,cache-misses:u,1146144,100.00,,
     0.207204608,1528153,,bus-cycles:u,1146144,100.00,,
     0.207204608,1722740,,instructions:u,1146176,100.00,,
     0.208353069,86431,,branch-misses:u,1148160,100.00,,
     0.208353069,0,,cache-misses:u,1148256,100.00,,
     0.208353069,1526897,,bus-cycles:u,1148320,100.00,,
     0.208353069,1729240,,instructions:u,1148288,100.00,,
     0.209501466,86192,,branch-misses:u,1147776,100.00,,
     0.209501466,0,,cache-misses:u,1147776,100.00,,
     0.209501466,1530790,,bus-cycles:u,1147584,100.00,,
     0.209501466,1727950,,instructions:u,1147616,100.00,,
     0.210649287,85512,,branch-misses:u,1147424,100.00,,
     0.210649287,0,,cache-misses:u,1147360,100.00,,
     0.210649287,1529752,,bus-cycles:u,1147552,100.00,,
     0.210649287,1710920,,instructions:u,1147552,100.00,,
     0.211797268,86134,,branch-misses:u,1147808,100.00,,
     0.211797268,0,,cache-misses:u,1147872,100.00,,
     0.211797268,1524437,,bus-cycles:u,1147840,100.00,,
     0.211797268,1724740,,instructions:u,1147808,100.00,,
     0.212959782,87558,,branch-misses:u,1161856,100.00,,
     0.212959782,0,,cache-misses:u,1161856,100.00,,
     0.212959782,1549625,,bus-cycles:u,1161856,100.00,,
     0.212959782,1747639,,instructions:u,1161888,100.00,,
     0.214106515,86356,,branch-misses:u,1146176,100.00,,
     0.214106515,0,,cache-misses:u,1146176,100.00,,
     0.214106515,1528788,,bus-cycles:u,1146080,100.00,,
     0.214106515,1737681,,instructions:u,1146048,100.00,,
     0.215253439,86635,,branch-misses:u,1146432,100.00,,
     0.215253439,0,,cache-misses:u,1146368,100.00,,
     0.215253439,1529214,,bus-cycles:u,1146368,100.00,,
     0.215253439,1733330,,instructions:u,1146304,100.00,,
     0.216400683,85413,,branch-misses:u,1146848,100.00,,
     0.216400683,0,,cache-misses:u,1146880,100.00,,
     0.216400683,1524367,,bus-cycles:u,1147008,100.00,,
     0.216400683,1709200,,instructions:u,1147104,100.00,,
     0.217548408,86383,,branch-misses:u,1147232,100.00,,
     0.217548408,0,,cache-misses:u,1147328,100.00,,
     0.217548408,1529941,,bus-cycles:u,1147360,100.00,,
     0.217548408,1728064,,instructions:u,1147296,100.00,,
     0.218695941,85857,,branch-misses:u,1147200,100.00,,
     0.218695941,0,,cache-misses:u,1147040,100.00,,
     0.218695941,1529146,,bus-cycles:u,1146976,100.00,,
     0.218695941,1721446,,instructions:u,1147008,100.00,,
     0.219844626,85602,,branch-misses:u,1148480,100.00,,
     0.219844626,0,,cache-misses:u,1148608,100.00,,
     0.219844626,1525883,,bus-cycles:u,1148640,100.00,,
     0.219844626,1716070,,instructions:u,1148672,100.00,,
     0.220992863,85592,,branch-misses:u,1147296,100.00,,
     0.220992863,0,,cache-misses:u,1147328,100.00,,
     0.220992863,1529231,,bus-cycles:u,1147168,100.00,,
     0.220992863,1719540,,instructions:u,1147136,100.00,,
     0.222139563,86069,,branch-misses:u,1146304,100.00,,
     0.222139563,0,,cache-misses:u,1146304,100.00,,
     0.222139563,1528312,,bus-cycles:u,1146464,100.00,,
     0.222139563,1725360,,instructions:u,1146464,100.00,,
     0.223286903,86226,,branch-misses:u,1146816,100.00,,
     0.223286903,0,,cache-misses:u,1146784,100.00,,
     0.223286903,1527630,,bus-cycles:u,1146784,100.00,,
     0.223286903,1717940,,instructions:u,1146784,100.00,,
     0.224445961,87134,,branch-misses:u,1159104,100.00,,
     0.224445961,0,,cache-misses:u,1159040,100.00,,
     0.224445961,1540713,,bus-cycles:u,1158880,100.00,,
     0.224445961,1734590,,instructions:u,1158912,100.00,,
     0.225593525,86202,,branch-misses:u,1146624,100.00,,
     0.225593525,0,,cache-misses:u,1146688,100.00,,
     0.225593525,1528350,,bus-cycles:u,1146816,100.00,,
     0.225593525,1723040,,instructions:u,1146752,100.00,,
     0.226740610,85581,,branch-misses:u,1146560,100.00,,
     0.226740610,0,,cache-misses:u,1146592,100.00,,
     0.226740610,1528353,,bus-cycles:u,1146624,100.00,,
     0.226740610,1717750,,instructions:u,1146592,100.00,,
     0.227888655,85883,,branch-misses:u,1148096,100.00,,
     0.227888655,0,,cache-misses:u,1148000,100.00,,
     0.227888655,1524482,,bus-cycles:u,1148000,100.00,,
     0.227888655,1716950,,instructions:u,1148000,100.00,,
     0.229035995,86132,,branch-misses:u,1146432,100.00,,
     0.229035995,0,,cache-misses:u,1146432,100.00,,
     0.229035995,1528025,,bus-cycles:u,1146272,100.00,,
     0.229035995,1727640,,instructions:u,1146272,100.00,,
     0.230181479,86433,,branch-misses:u,1145024,100.00,,
     0.230181479,0,,cache-misses:u,1144960,100.00,,
     0.230181479,1527492,,bus-cycles:u,1145120,100.00,,
     0.230181479,1722660,,instructions:u,1145184,100.00,,
     0.231327283,85927,,branch-misses:u,1145376,100.00,,
     0.231327283,0,,cache-misses:u,1145440,100.00,,
     0.231327283,1527649,,bus-cycles:u,1145440,100.00,,
     0.231327283,1714130,,instructions:u,1145408,100.00,,
     0.232484931,86154,,branch-misses:u,1157216,100.00,,
     0.232484931,0,,cache-misses:u,1157152,100.00,,
     0.232484931,1539098,,bus-cycles:u,1157184,100.00,,
     0.232484931,1726224,,instructions:u,1157152,100.00,,
     0.233630927,86071,,branch-misses:u,1145504,100.00,,
     0.233630927,0,,cache-misses:u,1145536,100.00,,
     0.233630927,1527163,,bus-cycles:u,1145440,100.00,,
     0.233630927,1724044,,instructions:u,1145504,100.00,,
     0.234786783,86599,,branch-misses:u,1155552,100.00,,
     0.234786783,1,,cache-misses:u,1155648,100.00,,
     0.234786783,1541233,,bus-cycles:u,1155744,100.00,,
     0.234786783,1725752,,instructions:u,1155680,100.00,,
     0.235932491,85504,,branch-misses:u,1145536,100.00,,
     0.235932491,0,,cache-misses:u,1145920,100.00,,
     0.235932491,1523578,,bus-cycles:u,1145856,100.00,,
     0.235932491,1713820,,instructions:u,1145920,100.00,,
     0.237083289,86561,,branch-misses:u,1149952,100.00,,
     0.237083289,0,,cache-misses:u,1149536,100.00,,
     0.237083289,1534029,,bus-cycles:u,1149504,100.00,,
     0.237083289,1728680,,instructions:u,1149376,100.00,,
     0.238229797,86003,,branch-misses:u,1145888,100.00,,
     0.238229797,0,,cache-misses:u,1145824,100.00,,
     0.238229797,1528968,,bus-cycles:u,1145760,100.00,,
     0.238229797,1727420,,instructions:u,1145824,100.00,,
     0.239377682,86191,,branch-misses:u,1147936,100.00,,
     0.239377682,0,,cache-misses:u,1148096,100.00,,
     0.239377682,1525980,,bus-cycles:u,1148192,100.00,,
     0.239377682,1724780,,instructions:u,1148256,100.00,,
     0.240526527,85874,,branch-misses:u,1147968,100.00,,
     0.240526527,0,,cache-misses:u,1147872,100.00,,
     0.240526527,1532001,,bus-cycles:u,1147776,100.00,,
     0.240526527,1711270,,instructions:u,1147776,100.00,,
     0.241674220,86321,,branch-misses:u,1147328,100.00,,
     0.241674220,0,,cache-misses:u,1147264,100.00,,
     0.241674220,1531380,,bus-cycles:u,1147328,100.00,,
     0.241674220,1723128,,instructions:u,1147328,100.00,,
     0.242821528,86240,,branch-misses:u,1146752,100.00,,
     0.242821528,0,,cache-misses:u,1146688,100.00,,
     0.242821528,1530150,,bus-cycles:u,1146720,100.00,,
     0.242821528,1724842,,instructions:u,1146688,100.00,,
     0.243969669,85814,,branch-misses:u,1148128,100.00,,
     0.243969669,0,,cache-misses:u,1148128,100.00,,
     0.243969669,1525845,,bus-cycles:u,1147968,100.00,,
     0.243969669,1718390,,instructions:u,1148032,100.00,,
     0.245118002,86534,,branch-misses:u,1147552,100.00,,
     0.245118002,0,,cache-misses:u,1147648,100.00,,
     0.245118002,1530911,,bus-cycles:u,1147776,100.00,,
     0.245118002,1724782,,instructions:u,1147744,100.00,,
     0.246264830,85657,,branch-misses:u,1146016,100.00,,
     0.246264830,0,,cache-misses:u,1145952,100.00,,
     0.246264830,1528154,,bus-cycles:u,1145888,100.00,,
     0.246264830,1711628,,instructions:u,1145856,100.00,,
     0.247411467,85842,,branch-misses:u,1146816,100.00,,
     0.247411467,0,,cache-misses:u,1146848,100.00,,
     0.247411467,1520271,,bus-cycles:u,1146912,100.00,,
     0.247411467,1715870,,instructions:u,1146944,100.00,,
     0.248559896,85908,,branch-misses:u,1147552,100.00,,
     0.248559896,0,,cache-misses:u,1147712,100.00,,
     0.248559896,1530892,,bus-cycles:u,1147712,100.00,,
     0.248559896,1715850,,instructions:u,1147680,100.00,,
     0.249706372,86385,,branch-misses:u,1145984,100.00,,
     0.249706372,0,,cache-misses:u,1145920,100.00,,
     0.249706372,1528731,,bus-cycles:u,1145920,100.00,,
     0.249706372,1728300,,instructions:u,1145888,100.00,,
     0.250852656,85878,,branch-misses:u,1145888,100.00,,
     0.250852656,0,,cache-misses:u,1145792,100.00,,
     0.250852656,1529265,,bus-cycles:u,1145824,100.00,,
     0.250852656,1712990,,instructions:u,1145856,100.00,,
     0.252000285,85965,,branch-misses:u,1147552,100.00,,
     0.252000285,0,,cache-misses:u,1147584,100.00,,
     0.252000285,1525753,,bus-cycles:u,1147616,100.00,,
     0.252000285,1711940,,instructions:u,1147584,100.00,,
     0.253148361,86125,,branch-misses:u,1147232,100.00,,
     0.253148361,0,,cache-misses:u,1147296,100.00,,
     0.253148361,1530531,,bus-cycles:u,1147232,100.00,,
     0.253148361,1729421,,instructions:u,1147264,100.00,,
     0.254295382,85941,,branch-misses:u,1146464,100.00,,
     0.254295382,0,,cache-misses:u,1146464,100.00,,
     0.254295382,1529034,,bus-cycles:u,1146400,100.00,,
     0.254295382,1716779,,instructions:u,1146400,100.00,,
     0.255461834,87847,,branch-misses:u,1166336,100.00,,
     0.255461834,0,,cache-misses:u,1166560,100.00,,
     0.255461834,1551862,,bus-cycles:u,1166624,100.00,,
     0.255461834,1759520,,instructions:u,1166688,100.00,,
     0.256610967,85901,,branch-misses:u,1148384,100.00,,
     0.256610967,0,,cache-misses:u,1148192,100.00,,
     0.256610967,1532298,,bus-cycles:u,1148256,100.00,,
     0.256610967,1721280,,instructions:u,1148288,100.00,,
     0.257757187,85921,,branch-misses:u,1145792,100.00,,
     0.257757187,0,,cache-misses:u,1145792,100.00,,
     0.257757187,1528652,,bus-cycles:u,1145792,100.00,,
     0.257757187,1716630,,instructions:u,1145728,100.00,,
     0.258903952,86366,,branch-misses:u,1146272,100.00,,
     0.258903952,0,,cache-misses:u,1146208,100.00,,
     0.258903952,1528513,,bus-cycles:u,1146208,100.00,,
     0.258903952,1724552,,instructions:u,1146208,100.00,,
     0.260051068,86044,,branch-misses:u,1146688,100.00,,
     0.260051068,0,,cache-misses:u,1146816,100.00,,
     0.260051068,1524084,,bus-cycles:u,1146784,100.00,,
     0.260051068,1722958,,instructions:u,1146816,100.00,,
     0.261198889,86515,,branch-misses:u,1147424,100.00,,
     0.261198889,0,,cache-misses:u,1147296,100.00,,
     0.261198889,1530476,,bus-cycles:u,1147296,100.00,,
     0.261198889,1730391,,instructions:u,1147264,100.00,,
     0.262345077,86141,,branch-misses:u,1145632,100.00,,
     0.262345077,0,,cache-misses:u,1145632,100.00,,
     0.262345077,1527464,,bus-cycles:u,1145568,100.00,,
     0.262345077,1724589,,instructions:u,1145568,100.00,,
     0.263491809,86289,,branch-misses:u,1146304,100.00,,
     0.263491809,0,,cache-misses:u,1146304,100.00,,
     0.263491809,1522948,,bus-cycles:u,1146272,100.00,,
     0.263491809,1725480,,instructions:u,1146240,100.00,,
     0.264639406,86602,,branch-misses:u,1147168,100.00,,
     0.264639406,0,,cache-misses:u,1147264,100.00,,
     0.264639406,1529928,,bus-cycles:u,1147392,100.00,,
     0.264639406,1725690,,instructions:u,1147232,100.00,,
     0.265785594,86492,,branch-misses:u,1145600,100.00,,
     0.265785594,0,,cache-misses:u,1145536,100.00,,
     0.265785594,1527724,,bus-cycles:u,1145568,100.00,,
     0.265785594,1726240,,instructions:u,1145696,100.00,,
     0.266930949,86464,,branch-misses:u,1144960,100.00,,
     0.266930949,0,,cache-misses:u,1144896,100.00,,
     0.266930949,1527375,,bus-cycles:u,1144736,100.00,,
     0.266930949,1724226,,instructions:u,1144800,100.00,,
     0.268078194,86017,,branch-misses:u,1146976,100.00,,
     0.268078194,0,,cache-misses:u,1147008,100.00,,
     0.268078194,1524330,,bus-cycles:u,1147072,100.00,,
     0.268078194,1717524,,instructions:u,1147072,100.00,,
     0.269225182,86506,,branch-misses:u,1146432,100.00,,
     0.269225182,0,,cache-misses:u,1146720,100.00,,
     0.269225182,1530026,,bus-cycles:u,1146720,100.00,,
     0.269225182,1736030,,instructions:u,1146752,100.00,,
     0.270373163,85606,,branch-misses:u,1147424,100.00,,
     0.270373163,0,,cache-misses:u,1147168,100.00,,
     0.270373163,1530695,,bus-cycles:u,1147200,100.00,,
     0.270373163,1710680,,instructions:u,1147136,100.00,,
     0.271519959,86208,,branch-misses:u,1146656,100.00,,
     0.271519959,0,,cache-misses:u,1146656,100.00,,
     0.271519959,1523607,,bus-cycles:u,1146528,100.00,,
     0.271519959,1728770,,instructions:u,1146560,100.00,,
     0.272667268,86299,,branch-misses:u,1146464,100.00,,
     0.272667268,0,,cache-misses:u,1146464,100.00,,
     0.272667268,1529598,,bus-cycles:u,1146848,100.00,,
     0.272667268,1734640,,instructions:u,1146848,100.00,,
     0.273813616,86208,,branch-misses:u,1145952,100.00,,
     0.273813616,0,,cache-misses:u,1145984,100.00,,
     0.273813616,1528492,,bus-cycles:u,1145664,100.00,,
     0.273813616,1728660,,instructions:u,1145632,100.00,,
     0.274959900,85959,,branch-misses:u,1145824,100.00,,
     0.274959900,0,,cache-misses:u,1145792,100.00,,
     0.274959900,1527742,,bus-cycles:u,1145728,100.00,,
     0.274959900,1726160,,instructions:u,1145792,100.00,,
     0.276117933,86776,,branch-misses:u,1158080,100.00,,
     0.276117933,0,,cache-misses:u,1158368,100.00,,
     0.276117933,1538612,,bus-cycles:u,1158464,100.00,,
     0.276117933,1734310,,instructions:u,1158464,100.00,,
     0.277267354,86857,,branch-misses:u,1148448,100.00,,
     0.277267354,0,,cache-misses:u,1148128,100.00,,
     0.277267354,1530987,,bus-cycles:u,1148032,100.00,,
     0.277267354,1730380,,instructions:u,1148032,100.00,,
     0.278413862,86564,,branch-misses:u,1146016,100.00,,
     0.278413862,0,,cache-misses:u,1146080,100.00,,
     0.278413862,1528913,,bus-cycles:u,1146240,100.00,,
     0.278413862,1734220,,instructions:u,1146080,100.00,,
     0.279561523,85986,,branch-misses:u,1147488,100.00,,
     0.279561523,0,,cache-misses:u,1147456,100.00,,
     0.279561523,1526042,,bus-cycles:u,1147456,100.00,,
     0.279561523,1718990,,instructions:u,1147584,100.00,,
     0.280709888,86540,,branch-misses:u,1147584,100.00,,
     0.280709888,0,,cache-misses:u,1147552,100.00,,
     0.280709888,1530711,,bus-cycles:u,1147392,100.00,,
     0.280709888,1731120,,instructions:u,1147392,100.00,,
     0.281856524,86695,,branch-misses:u,1146240,100.00,,
     0.281856524,0,,cache-misses:u,1146240,100.00,,
     0.281856524,1529286,,bus-cycles:u,1146400,100.00,,
     0.281856524,1730060,,instructions:u,1146400,100.00,,
     0.283003481,86201,,branch-misses:u,1146400,100.00,,
     0.283003481,0,,cache-misses:u,1146336,100.00,,
     0.283003481,1529993,,bus-cycles:u,1146592,100.00,,
     0.283003481,1723140,,instructions:u,1146624,100.00,,
     0.284151333,85736,,branch-misses:u,1147776,100.00,,
     0.284151333,0,,cache-misses:u,1147904,100.00,,
     0.284151333,1525344,,bus-cycles:u,1147872,100.00,,
     0.284151333,1717532,,instructions:u,1147872,100.00,,
     0.285299506,85911,,branch-misses:u,1147392,100.00,,
     0.285299506,0,,cache-misses:u,1147328,100.00,,
     0.285299506,1530486,,bus-cycles:u,1147072,100.00,,
     0.285299506,1721518,,instructions:u,1147040,100.00,,
     0.286446046,86284,,branch-misses:u,1146080,100.00,,
     0.286446046,0,,cache-misses:u,1146144,100.00,,
     0.286446046,1529486,,bus-cycles:u,1146176,100.00,,
     0.286446046,1727860,,instructions:u,1146240,100.00,,
     0.287593803,85903,,branch-misses:u,1147392,100.00,,
     0.287593803,0,,cache-misses:u,1147328,100.00,,
     0.287593803,1525043,,bus-cycles:u,1147648,100.00,,
     0.287593803,1715280,,instructions:u,1147616,100.00,,
     0.288741304,86054,,branch-misses:u,1146944,100.00,,
     0.288741304,0,,cache-misses:u,1147008,100.00,,
     0.288741304,1529641,,bus-cycles:u,1146496,100.00,,
     0.288741304,1717560,,instructions:u,1146464,100.00,,
     0.289886723,86105,,branch-misses:u,1144896,100.00,,
     0.289886723,0,,cache-misses:u,1144864,100.00,,
     0.289886723,1527221,,bus-cycles:u,1145056,100.00,,
     0.289886723,1721890,,instructions:u,1145088,100.00,,
     0.291032015,85762,,branch-misses:u,1144832,100.00,,
     0.291032015,0,,cache-misses:u,1144704,100.00,,
     0.291032015,1526544,,bus-cycles:u,1144640,100.00,,
     0.291032015,1714910,,instructions:u,1144640,100.00,,
     0.292177723,86219,,branch-misses:u,1145568,100.00,,
     0.292177723,0,,cache-misses:u,1145856,100.00,,
     0.292177723,1524690,,bus-cycles:u,1145824,100.00,,
     0.292177723,1724580,,instructions:u,1145792,100.00,,
     0.293328937,86788,,branch-misses:u,1150752,100.00,,
     0.293328937,0,,cache-misses:u,1150560,100.00,,
     0.293328937,1535813,,bus-cycles:u,1150560,100.00,,
     0.293328937,1739320,,instructions:u,1150560,100.00,,
     0.294476502,86577,,branch-misses:u,1146880,100.00,,
     0.294476502,0,,cache-misses:u,1146944,100.00,,
     0.294476502,1530269,,bus-cycles:u,1147008,100.00,,
     0.294476502,1731360,,instructions:u,1147008,100.00,,
     0.295624418,86078,,branch-misses:u,1147840,100.00,,
     0.295624418,0,,cache-misses:u,1147840,100.00,,
     0.295624418,1525976,,bus-cycles:u,1147712,100.00,,
     0.295624418,1721540,,instructions:u,1147680,100.00,,
     0.296772399,86360,,branch-misses:u,1147136,100.00,,
     0.296772399,0,,cache-misses:u,1147104,100.00,,
     0.296772399,1530918,,bus-cycles:u,1147168,100.00,,
     0.296772399,1729250,,instructions:u,1147232,100.00,,
     0.297931008,87381,,branch-misses:u,1158240,100.00,,
     0.297931008,0,,cache-misses:u,1158176,100.00,,
     0.297931008,1545054,,bus-cycles:u,1158176,100.00,,
     0.297931008,1740090,,instructions:u,1158208,100.00,,
     0.299078125,86443,,branch-misses:u,1146560,100.00,,
     0.299078125,0,,cache-misses:u,1146624,100.00,,
     0.299078125,1530250,,bus-cycles:u,1146688,100.00,,
     0.299078125,1728460,,instructions:u,1146656,100.00,,
     0.300225753,86199,,branch-misses:u,1147136,100.00,,
     0.300225753,0,,cache-misses:u,1147232,100.00,,
     0.300225753,1526702,,bus-cycles:u,1147072,100.00,,
     0.300225753,1717980,,instructions:u,1147072,100.00,,
     0.301372870,86484,,branch-misses:u,1146816,100.00,,
     0.301372870,0,,cache-misses:u,1146848,100.00,,
     0.301372870,1530357,,bus-cycles:u,1147136,100.00,,
     0.301372870,1724760,,instructions:u,1147104,100.00,,
     0.302520819,86561,,branch-misses:u,1147264,100.00,,
     0.302520819,0,,cache-misses:u,1147072,100.00,,
     0.302520819,1529403,,bus-cycles:u,1146976,100.00,,
     0.302520819,1733200,,instructions:u,1146912,100.00,,
     0.303668735,85946,,branch-misses:u,1147872,100.00,,
     0.303668735,0,,cache-misses:u,1148192,100.00,,
     0.303668735,1524869,,bus-cycles:u,1148064,100.00,,
     0.303668735,1721680,,instructions:u,1148128,100.00,,
     0.304816332,86432,,branch-misses:u,1146784,100.00,,
     0.304816332,0,,cache-misses:u,1146528,100.00,,
     0.304816332,1529009,,bus-cycles:u,1146656,100.00,,
     0.304816332,1723940,,instructions:u,1146656,100.00,,
     0.305962328,86228,,branch-misses:u,1145536,100.00,,
     0.305962328,0,,cache-misses:u,1145632,100.00,,
     0.305962328,1528086,,bus-cycles:u,1145632,100.00,,
     0.305962328,1727130,,instructions:u,1145664,100.00,,
     0.307109220,86509,,branch-misses:u,1146400,100.00,,
     0.307109220,0,,cache-misses:u,1146304,100.00,,
     0.307109220,1528543,,bus-cycles:u,1146272,100.00,,
     0.307109220,1735800,,instructions:u,1146240,100.00,,
     0.308256625,86217,,branch-misses:u,1147040,100.00,,
     0.308256625,0,,cache-misses:u,1147136,100.00,,
     0.308256625,1523859,,bus-cycles:u,1147104,100.00,,
     0.308256625,1719190,,instructions:u,1147136,100.00,,
     0.309403933,86660,,branch-misses:u,1146688,100.00,,
     0.309403933,0,,cache-misses:u,1146528,100.00,,
     0.309403933,1529166,,bus-cycles:u,1146560,100.00,,
     0.309403933,1730530,,instructions:u,1146560,100.00,,
     0.310549257,86335,,branch-misses:u,1144896,100.00,,
     0.310549257,0,,cache-misses:u,1144832,100.00,,
     0.310549257,1526776,,bus-cycles:u,1144704,100.00,,
     0.310549257,1732710,,instructions:u,1144704,100.00,,
     0.311695989,85986,,branch-misses:u,1146592,100.00,,
     0.311695989,0,,cache-misses:u,1146720,100.00,,
     0.311695989,1523602,,bus-cycles:u,1146816,100.00,,
     0.311695989,1716290,,instructions:u,1146752,100.00,,
     0.312843234,86588,,branch-misses:u,1146656,100.00,,
     0.312843234,0,,cache-misses:u,1146688,100.00,,
     0.312843234,1529295,,bus-cycles:u,1146752,100.00,,
     0.312843234,1736141,,instructions:u,1146720,100.00,,
     0.313990254,86169,,branch-misses:u,1146464,100.00,,
     0.313990254,0,,cache-misses:u,1146304,100.00,,
     0.313990254,1528411,,bus-cycles:u,1146144,100.00,,
     0.313990254,1724949,,instructions:u,1146176,100.00,,
     0.315136378,86169,,branch-misses:u,1145728,100.00,,
     0.315136378,0,,cache-misses:u,1145856,100.00,,
     0.315136378,1528055,,bus-cycles:u,1146016,100.00,,
     0.315136378,1720676,,instructions:u,1146016,100.00,,
     0.316284167,86125,,branch-misses:u,1147360,100.00,,
     0.316284167,0,,cache-misses:u,1147424,100.00,,
     0.316284167,1524688,,bus-cycles:u,1147424,100.00,,
     0.316284167,1724584,,instructions:u,1147488,100.00,,
     0.317431507,86677,,branch-misses:u,1146688,100.00,,
     0.317431507,0,,cache-misses:u,1146624,100.00,,
     0.317431507,1529806,,bus-cycles:u,1146624,100.00,,
     0.317431507,1732882,,instructions:u,1146560,100.00,,
     0.318587267,87061,,branch-misses:u,1155584,100.00,,
     0.318587267,0,,cache-misses:u,1155584,100.00,,
     0.318587267,1540838,,bus-cycles:u,1155744,100.00,,
     0.318587267,1739189,,instructions:u,1155712,100.00,,
     0.319735952,85812,,branch-misses:u,1148512,100.00,,
     0.319735952,0,,cache-misses:u,1148480,100.00,,
     0.319735952,1524832,,bus-cycles:u,1148192,100.00,,
     0.319735952,1715939,,instructions:u,1148256,100.00,,
     0.320883293,86183,,branch-misses:u,1146464,100.00,,
     0.320883293,0,,cache-misses:u,1146496,100.00,,
     0.320883293,1528304,,bus-cycles:u,1146432,100.00,,
     0.320883293,1722320,,instructions:u,1146272,100.00,,
     0.322029129,86063,,branch-misses:u,1145344,100.00,,
     0.322029129,0,,cache-misses:u,1145376,100.00,,
     0.322029129,1527691,,bus-cycles:u,1145504,100.00,,
     0.322029129,1721030,,instructions:u,1145632,100.00,,
     0.323175157,86220,,branch-misses:u,1145600,100.00,,
     0.323175157,0,,cache-misses:u,1145536,100.00,,
     0.323175157,1526984,,bus-cycles:u,1145568,100.00,,
     0.323175157,1719540,,instructions:u,1145568,100.00,,
     0.324322241,85470,,branch-misses:u,1146656,100.00,,
     0.324322241,0,,cache-misses:u,1146656,100.00,,
     0.324322241,1523906,,bus-cycles:u,1146656,100.00,,
     0.324322241,1710250,,instructions:u,1146688,100.00,,
     0.325469134,85930,,branch-misses:u,1146304,100.00,,
     0.325469134,0,,cache-misses:u,1146304,100.00,,
     0.325469134,1528640,,bus-cycles:u,1146304,100.00,,
     0.325469134,1715320,,instructions:u,1146176,100.00,,
     0.326615034,85750,,branch-misses:u,1145472,100.00,,
     0.326615034,0,,cache-misses:u,1145568,100.00,,
     0.326615034,1527309,,bus-cycles:u,1145536,100.00,,
     0.326615034,1719200,,instructions:u,1145600,100.00,,
     0.327761126,85694,,branch-misses:u,1146016,100.00,,
     0.327761126,0,,cache-misses:u,1146112,100.00,,
     0.327761126,1523971,,bus-cycles:u,1146016,100.00,,
     0.327761126,1712530,,instructions:u,1146112,100.00,,
     0.328910547,86531,,branch-misses:u,1148800,100.00,,
     0.328910547,0,,cache-misses:u,1148896,100.00,,
     0.328910547,1532328,,bus-cycles:u,1149024,100.00,,
     0.328910547,1730910,,instructions:u,1149024,100.00,,
     0.330057823,85695,,branch-misses:u,1146592,100.00,,
     0.330057823,0,,cache-misses:u,1146336,100.00,,
     0.330057823,1528546,,bus-cycles:u,1146368,100.00,,
     0.330057823,1723990,,instructions:u,1146336,100.00,,
     0.331204716,85235,,branch-misses:u,1146304,100.00,,
     0.331204716,1,,cache-misses:u,1146272,100.00,,
     0.331204716,1528955,,bus-cycles:u,1146272,100.00,,
     0.331204716,1704210,,instructions:u,1146304,100.00,,
     0.332351608,86064,,branch-misses:u,1146976,100.00,,
     0.332351608,0,,cache-misses:u,1147072,100.00,,
     0.332351608,1524601,,bus-cycles:u,1147008,100.00,,
     0.332351608,1722990,,instructions:u,1147008,100.00,,
     0.333500293,86159,,branch-misses:u,1147808,100.00,,
     0.333500293,0,,cache-misses:u,1147776,100.00,,
     0.333500293,1530939,,bus-cycles:u,1147808,100.00,,
     0.333500293,1718000,,instructions:u,1147872,100.00,,
     0.334648850,86027,,branch-misses:u,1148128,100.00,,
     0.334648850,0,,cache-misses:u,1148000,100.00,,
     0.334648850,1531748,,bus-cycles:u,1147936,100.00,,
     0.334648850,1715620,,instructions:u,1147712,100.00,,
     0.335796639,85795,,branch-misses:u,1147584,100.00,,
     0.335796639,0,,cache-misses:u,1147616,100.00,,
     0.335796639,1525058,,bus-cycles:u,1147552,100.00,,
     0.335796639,1716900,,instructions:u,1147680,100.00,,
     0.336944876,85302,,branch-misses:u,1147488,100.00,,
     0.336944876,0,,cache-misses:u,1147520,100.00,,
     0.336944876,1530454,,bus-cycles:u,1147648,100.00,,
     0.336944876,1708310,,instructions:u,1147584,100.00,,
     0.338091544,86269,,branch-misses:u,1146240,100.00,,
     0.338091544,0,,cache-misses:u,1146240,100.00,,
     0.338091544,1529139,,bus-cycles:u,1146112,100.00,,
     0.338091544,1725780,,instructions:u,1146144,100.00,,
     0.339249385,87176,,branch-misses:u,1157472,100.00,,
     0.339249385,0,,cache-misses:u,1157696,100.00,,
     0.339249385,1544938,,bus-cycles:u,1157728,100.00,,
     0.339249385,1748050,,instructions:u,1157728,100.00,,
     0.340399734,86112,,branch-misses:u,1150176,100.00,,
     0.340399734,0,,cache-misses:u,1150016,100.00,,
     0.340399734,1528343,,bus-cycles:u,1150112,100.00,,
     0.340399734,1723200,,instructions:u,1150144,100.00,,
     0.341549316,86481,,branch-misses:u,1148800,100.00,,
     0.341549316,0,,cache-misses:u,1148672,100.00,,
     0.341549316,1532133,,bus-cycles:u,1148672,100.00,,
     0.341549316,1731350,,instructions:u,1148672,100.00,,
     0.342695024,86351,,branch-misses:u,1145056,100.00,,
     0.342695024,0,,cache-misses:u,1145216,100.00,,
     0.342695024,1527763,,bus-cycles:u,1145152,100.00,,
     0.342695024,1729530,,instructions:u,1145152,100.00,,
     0.343842268,86218,,branch-misses:u,1146912,100.00,,
     0.343842268,0,,cache-misses:u,1146752,100.00,,
     0.343842268,1524985,,bus-cycles:u,1146720,100.00,,
     0.343842268,1723770,,instructions:u,1146720,100.00,,
     0.344988392,86498,,branch-misses:u,1145600,100.00,,
     0.344988392,0,,cache-misses:u,1145664,100.00,,
     0.344988392,1529234,,bus-cycles:u,1145728,100.00,,
     0.344988392,1736330,,instructions:u,1145728,100.00,,
     0.346134196,86380,,branch-misses:u,1145280,100.00,,
     0.346134196,0,,cache-misses:u,1145216,100.00,,
     0.346134196,1528454,,bus-cycles:u,1145216,100.00,,
     0.346134196,1725290,,instructions:u,1145216,100.00,,
     0.347280160,86260,,branch-misses:u,1145568,100.00,,
     0.347280160,0,,cache-misses:u,1145504,100.00,,
     0.347280160,1528375,,bus-cycles:u,1145408,100.00,,
     0.347280160,1727910,,instructions:u,1145312,100.00,,
     0.348435600,86816,,branch-misses:u,1155296,100.00,,
     0.348435600,0,,cache-misses:u,1155392,100.00,,
     0.348435600,1537282,,bus-cycles:u,1155424,100.00,,
     0.348435600,1741920,,instructions:u,1155520,100.00,,
     0.349580700,86512,,branch-misses:u,1144320,100.00,,
     0.349580700,0,,cache-misses:u,1144288,100.00,,
     0.349580700,1526610,,bus-cycles:u,1144320,100.00,,
     0.349580700,1729980,,instructions:u,1144256,100.00,,
     0.350725703,85656,,branch-misses:u,1144512,100.00,,
     0.350725703,0,,cache-misses:u,1144512,100.00,,
     0.350725703,1526657,,bus-cycles:u,1144480,100.00,,
     0.350725703,1712650,,instructions:u,1144544,100.00,,
     0.351872019,85700,,branch-misses:u,1146496,100.00,,
     0.351872019,0,,cache-misses:u,1146880,100.00,,
     0.351872019,1524359,,bus-cycles:u,1146976,100.00,,
     0.351872019,1711300,,instructions:u,1146976,100.00,,
     0.353023682,86057,,branch-misses:u,1150688,100.00,,
     0.353023682,0,,cache-misses:u,1150368,100.00,,
     0.353023682,1533882,,bus-cycles:u,1150304,100.00,,
     0.353023682,1715610,,instructions:u,1150304,100.00,,
     0.354171470,85983,,branch-misses:u,1147296,100.00,,
     0.354171470,0,,cache-misses:u,1147328,100.00,,
     0.354171470,1529577,,bus-cycles:u,1147360,100.00,,
     0.354171470,1716850,,instructions:u,1147360,100.00,,
     0.355318939,86014,,branch-misses:u,1147040,100.00,,
     0.355318939,0,,cache-misses:u,1147040,100.00,,
     0.355318939,1529556,,bus-cycles:u,1146912,100.00,,
     0.355318939,1716230,,instructions:u,1146912,100.00,,
     0.356475499,86665,,branch-misses:u,1156480,100.00,,
     0.356475499,0,,cache-misses:u,1156384,100.00,,
     0.356475499,1536961,,bus-cycles:u,1156800,100.00,,
     0.356475499,1735050,,instructions:u,1156864,100.00,,
     0.357623928,86281,,branch-misses:u,1147552,100.00,,
     0.357623928,0,,cache-misses:u,1147520,100.00,,
     0.357623928,1530087,,bus-cycles:u,1147168,100.00,,
     0.357623928,1721670,,instructions:u,1147136,100.00,,
     0.358771236,85651,,branch-misses:u,1146752,100.00,,
     0.358771236,0,,cache-misses:u,1146912,100.00,,
     0.358771236,1529555,,bus-cycles:u,1147040,100.00,,
     0.358771236,1714070,,instructions:u,1147008,100.00,,
     0.359919217,85750,,branch-misses:u,1148000,100.00,,
     0.359919217,0,,cache-misses:u,1147904,100.00,,
     0.359919217,1524761,,bus-cycles:u,1147776,100.00,,
     0.359919217,1718290,,instructions:u,1147744,100.00,,
     0.361078819,87383,,branch-misses:u,1158848,100.00,,
     0.361078819,0,,cache-misses:u,1159168,100.00,,
     0.361078819,1545697,,bus-cycles:u,1159232,100.00,,
     0.361078819,1738900,,instructions:u,1159296,100.00,,
     0.362226511,86385,,branch-misses:u,1147232,100.00,,
     0.362226511,0,,cache-misses:u,1146944,100.00,,
     0.362226511,1529865,,bus-cycles:u,1147040,100.00,,
     0.362226511,1729700,,instructions:u,1146976,100.00,,
     0.363375325,86088,,branch-misses:u,1148352,100.00,,
     0.363375325,0,,cache-misses:u,1148224,100.00,,
     0.363375325,1527567,,bus-cycles:u,1148096,100.00,,
     0.363375325,1722664,,instructions:u,1148128,100.00,,
     0.364522985,86316,,branch-misses:u,1147200,100.00,,
     0.364522985,0,,cache-misses:u,1147360,100.00,,
     0.364522985,1530945,,bus-cycles:u,1147456,100.00,,
     0.364522985,1727986,,instructions:u,1147488,100.00,,
     0.365670582,85846,,branch-misses:u,1146976,100.00,,
     0.365670582,0,,cache-misses:u,1146944,100.00,,
     0.365670582,1529041,,bus-cycles:u,1146944,100.00,,
     0.365670582,1712930,,instructions:u,1146944,100.00,,
     0.366817986,86148,,branch-misses:u,1146976,100.00,,
     0.366817986,0,,cache-misses:u,1147008,100.00,,
     0.366817986,1529996,,bus-cycles:u,1146912,100.00,,
     0.366817986,1730100,,instructions:u,1146912,100.00,,
     0.367965359,85784,,branch-misses:u,1147264,100.00,,
     0.367965359,0,,cache-misses:u,1147232,100.00,,
     0.367965359,1525357,,bus-cycles:u,1147264,100.00,,
     0.367965359,1708630,,instructions:u,1147296,100.00,,
     0.369113404,86012,,branch-misses:u,1147296,100.00,,
     0.369113404,0,,cache-misses:u,1147328,100.00,,
     0.369113404,1531057,,bus-cycles:u,1147424,100.00,,
     0.369113404,1722410,,instructions:u,1147392,100.00,,
     0.370260904,86253,,branch-misses:u,1146976,100.00,,
     0.370260904,0,,cache-misses:u,1147104,100.00,,
     0.370260904,1530108,,bus-cycles:u,1147104,100.00,,
     0.370260904,1721060,,instructions:u,1147040,100.00,,
     0.371409877,85966,,branch-misses:u,1148960,100.00,,
     0.371409877,0,,cache-misses:u,1148928,100.00,,
     0.371409877,1525755,,bus-cycles:u,1148832,100.00,,
     0.371409877,1723090,,instructions:u,1148864,100.00,,
     0.372558370,86514,,branch-misses:u,1147616,100.00,,
     0.372558370,0,,cache-misses:u,1147648,100.00,,
     0.372558370,1531463,,bus-cycles:u,1147744,100.00,,
     0.372558370,1733644,,instructions:u,1147776,100.00,,
     0.373705519,86016,,branch-misses:u,1146688,100.00,,
     0.373705519,0,,cache-misses:u,1146592,100.00,,
     0.373705519,1530106,,bus-cycles:u,1146528,100.00,,
     0.373705519,1716436,,instructions:u,1146528,100.00,,
     0.374852763,84969,,branch-misses:u,1146752,100.00,,
     0.374852763,0,,cache-misses:u,1146688,100.00,,
     0.374852763,1530108,,bus-cycles:u,1146560,100.00,,
     0.374852763,1699880,,instructions:u,1146592,100.00,,
     0.376001128,85790,,branch-misses:u,1148064,100.00,,
     0.376001128,0,,cache-misses:u,1148224,100.00,,
     0.376001128,1525306,,bus-cycles:u,1148384,100.00,,
     0.376001128,1722450,,instructions:u,1148288,100.00,,
     0.377150454,86771,,branch-misses:u,1148640,100.00,,
     0.377150454,0,,cache-misses:u,1148608,100.00,,
     0.377150454,1531900,,bus-cycles:u,1148576,100.00,,
     0.377150454,1728930,,instructions:u,1148640,100.00,,
     0.378298018,86401,,branch-misses:u,1147200,100.00,,
     0.378298018,0,,cache-misses:u,1147168,100.00,,
     0.378298018,1529662,,bus-cycles:u,1147040,100.00,,
     0.378298018,1725320,,instructions:u,1147040,100.00,,
     0.379446735,86117,,branch-misses:u,1148256,100.00,,
     0.379446735,0,,cache-misses:u,1148320,100.00,,
     0.379446735,1527295,,bus-cycles:u,1148480,100.00,,
     0.379446735,1722710,,instructions:u,1148512,100.00,,
     0.380595036,85485,,branch-misses:u,1147808,100.00,,
     0.380595036,0,,cache-misses:u,1147744,100.00,,
     0.380595036,1531142,,bus-cycles:u,1147744,100.00,,
     0.380595036,1712400,,instructions:u,1147680,100.00,,
     0.381757903,87854,,branch-misses:u,1162656,100.00,,
     0.381757903,0,,cache-misses:u,1162720,100.00,,
     0.381757903,1551622,,bus-cycles:u,1162848,100.00,,
     0.381757903,1760150,,instructions:u,1162944,100.00,,
     0.382907356,86407,,branch-misses:u,1148800,100.00,,
     0.382907356,0,,cache-misses:u,1148800,100.00,,
     0.382907356,1532689,,bus-cycles:u,1148864,100.00,,
     0.382907356,1733900,,instructions:u,1148800,100.00,,
     0.384056265,86158,,branch-misses:u,1148448,100.00,,
     0.384056265,0,,cache-misses:u,1148288,100.00,,
     0.384056265,1527678,,bus-cycles:u,1148064,100.00,,
     0.384056265,1724150,,instructions:u,1148096,100.00,,
     0.385205111,86180,,branch-misses:u,1148256,100.00,,
     0.385205111,0,,cache-misses:u,1148320,100.00,,
     0.385205111,1531775,,bus-cycles:u,1148320,100.00,,
     0.385205111,1717550,,instructions:u,1148288,100.00,,
     0.386351875,86505,,branch-misses:u,1146336,100.00,,
     0.386351875,0,,cache-misses:u,1146304,100.00,,
     0.386351875,1528923,,bus-cycles:u,1146304,100.00,,
     0.386351875,1726850,,instructions:u,1146304,100.00,,
     0.387499920,85777,,branch-misses:u,1147648,100.00,,
     0.387499920,0,,cache-misses:u,1147744,100.00,,
     0.387499920,1527470,,bus-cycles:u,1147744,100.00,,
     0.387499920,1716410,,instructions:u,1147680,100.00,,
     0.388647900,85983,,branch-misses:u,1147424,100.00,,
     0.388647900,0,,cache-misses:u,1147392,100.00,,
     0.388647900,1530314,,bus-cycles:u,1147392,100.00,,
     0.388647900,1716880,,instructions:u,1147520,100.00,,
     0.389794505,86274,,branch-misses:u,1146176,100.00,,
     0.389794505,0,,cache-misses:u,1146016,100.00,,
     0.389794505,1528683,,bus-cycles:u,1146048,100.00,,
     0.389794505,1723750,,instructions:u,1145952,100.00,,
     0.390941557,86141,,branch-misses:u,1146624,100.00,,
     0.390941557,0,,cache-misses:u,1146720,100.00,,
     0.390941557,1528895,,bus-cycles:u,1146720,100.00,,
     0.390941557,1721860,,instructions:u,1146624,100.00,,
     0.392089378,85608,,branch-misses:u,1147680,100.00,,
     0.392089378,0,,cache-misses:u,1147680,100.00,,
     0.392089378,1526540,,bus-cycles:u,1147680,100.00,,
     0.392089378,1713530,,instructions:u,1147744,100.00,,
     0.393236750,86374,,branch-misses:u,1146560,100.00,,
     0.393236750,0,,cache-misses:u,1146624,100.00,,
     0.393236750,1529971,,bus-cycles:u,1146656,100.00,,
     0.393236750,1738620,,instructions:u,1146688,100.00,,
     0.394383643,85932,,branch-misses:u,1146464,100.00,,
     0.394383643,0,,cache-misses:u,1146464,100.00,,
     0.394383643,1529432,,bus-cycles:u,1146400,100.00,,
     0.394383643,1712280,,instructions:u,1146368,100.00,,
     0.395532040,86097,,branch-misses:u,1148032,100.00,,
     0.395532040,0,,cache-misses:u,1147936,100.00,,
     0.395532040,1527270,,bus-cycles:u,1147936,100.00,,
     0.395532040,1721920,,instructions:u,1148032,100.00,,
     0.396681077,85948,,branch-misses:u,1148448,100.00,,
     0.396681077,0,,cache-misses:u,1148512,100.00,,
     0.396681077,1531918,,bus-cycles:u,1148512,100.00,,
     0.396681077,1720280,,instructions:u,1148480,100.00,,
     0.397828193,86242,,branch-misses:u,1146688,100.00,,
     0.397828193,0,,cache-misses:u,1146688,100.00,,
     0.397828193,1529599,,bus-cycles:u,1146720,100.00,,
     0.397828193,1728170,,instructions:u,1146784,100.00,,
     0.398975406,85824,,branch-misses:u,1146752,100.00,,
     0.398975406,0,,cache-misses:u,1146752,100.00,,
     0.398975406,1529002,,bus-cycles:u,1146592,100.00,,
     0.398975406,1718670,,instructions:u,1146560,100.00,,
     0.400123835,85760,,branch-misses:u,1148096,100.00,,
     0.400123835,0,,cache-misses:u,1148096,100.00,,
     0.400123835,1527299,,bus-cycles:u,1148256,100.00,,
     0.400123835,1717030,,instructions:u,1148096,100.00,,
     0.401271976,86164,,branch-misses:u,1147616,100.00,,
     0.401271976,0,,cache-misses:u,1147552,100.00,,
     0.401271976,1530881,,bus-cycles:u,1147520,100.00,,
     0.401271976,1714230,,instructions:u,1147648,100.00,,
     0.402419284,85861,,branch-misses:u,1146784,100.00,,
     0.402419284,0,,cache-misses:u,1146848,100.00,,
     0.402419284,1529800,,bus-cycles:u,1146848,100.00,,
     0.402419284,1719900,,instructions:u,1146816,100.00,,
     0.403577925,86907,,branch-misses:u,1158368,100.00,,
     0.403577925,0,,cache-misses:u,1158336,100.00,,
     0.403577925,1541468,,bus-cycles:u,1158336,100.00,,
     0.403577925,1735420,,instructions:u,1158336,100.00,,
     0.404725714,86193,,branch-misses:u,1147040,100.00,,
     0.404725714,0,,cache-misses:u,1147040,100.00,,
     0.404725714,1530133,,bus-cycles:u,1147008,100.00,,
     0.404725714,1724470,,instructions:u,1147040,100.00,,
     0.405870941,86388,,branch-misses:u,1144704,100.00,,
     0.405870941,0,,cache-misses:u,1144704,100.00,,
     0.405870941,1527303,,bus-cycles:u,1144736,100.00,,
     0.405870941,1720788,,instructions:u,1144672,100.00,,
     0.407015273,85641,,branch-misses:u,1143936,100.00,,
     0.407015273,0,,cache-misses:u,1143904,100.00,,
     0.407015273,1525938,,bus-cycles:u,1143840,100.00,,
     0.407015273,1713802,,instructions:u,1143904,100.00,,
     0.408160148,85795,,branch-misses:u,1144576,100.00,,
     0.408160148,0,,cache-misses:u,1144544,100.00,,
     0.408160148,1523328,,bus-cycles:u,1144832,100.00,,
     0.408160148,1712560,,instructions:u,1144800,100.00,,
     0.409308929,85685,,branch-misses:u,1148320,100.00,,
     0.409308929,0,,cache-misses:u,1148448,100.00,,
     0.409308929,1532100,,bus-cycles:u,1148256,100.00,,
     0.409308929,1707470,,instructions:u,1148256,100.00,,
     0.410454349,85700,,branch-misses:u,1144832,100.00,,
     0.410454349,0,,cache-misses:u,1144640,100.00,,
     0.410454349,1527482,,bus-cycles:u,1144672,100.00,,
     0.410454349,1712420,,instructions:u,1144672,100.00,,
     0.411599545,85534,,branch-misses:u,1145024,100.00,,
     0.411599545,0,,cache-misses:u,1145376,100.00,,
     0.411599545,1523640,,bus-cycles:u,1145376,100.00,,
     0.411599545,1708920,,instructions:u,1145312,100.00,,
     0.412749350,85946,,branch-misses:u,1149184,100.00,,
     0.412749350,0,,cache-misses:u,1148928,100.00,,
     0.412749350,1532613,,bus-cycles:u,1148800,100.00,,
     0.412749350,1720690,,instructions:u,1148832,100.00,,
     0.413896947,85862,,branch-misses:u,1147104,100.00,,
     0.413896947,0,,cache-misses:u,1147072,100.00,,
     0.413896947,1530433,,bus-cycles:u,1147040,100.00,,
     0.413896947,1716490,,instructions:u,1147104,100.00,,
     0.415043679,85602,,branch-misses:u,1146304,100.00,,
     0.415043679,0,,cache-misses:u,1146336,100.00,,
     0.415043679,1529149,,bus-cycles:u,1146304,100.00,,
     0.415043679,1717540,,instructions:u,1146240,100.00,,
     0.416192748,85755,,branch-misses:u,1148608,100.00,,
     0.416192748,0,,cache-misses:u,1148640,100.00,,
     0.416192748,1528588,,bus-cycles:u,1148800,100.00,,
     0.416192748,1715270,,instructions:u,1148832,100.00,,
     0.417340537,86156,,branch-misses:u,1147264,100.00,,
     0.417340537,0,,cache-misses:u,1147264,100.00,,
     0.417340537,1530107,,bus-cycles:u,1147232,100.00,,
     0.417340537,1725820,,instructions:u,1147200,100.00,,
     0.418487718,86008,,branch-misses:u,1146784,100.00,,
     0.418487718,0,,cache-misses:u,1146720,100.00,,
     0.418487718,1529407,,bus-cycles:u,1146752,100.00,,
     0.418487718,1716270,,instructions:u,1146720,100.00,,
     0.419636307,85864,,branch-misses:u,1148160,100.00,,
     0.419636307,0,,cache-misses:u,1148192,100.00,,
     0.419636307,1527841,,bus-cycles:u,1148160,100.00,,
     0.419636307,1716544,,instructions:u,1148096,100.00,,
     0.420784864,86520,,branch-misses:u,1148064,100.00,,
     0.420784864,0,,cache-misses:u,1148448,100.00,,
     0.420784864,1531045,,bus-cycles:u,1148448,100.00,,
     0.420784864,1722044,,instructions:u,1148512,100.00,,
     0.421933677,85831,,branch-misses:u,1148320,100.00,,
     0.421933677,0,,cache-misses:u,1147904,100.00,,
     0.421933677,1530874,,bus-cycles:u,1147840,100.00,,
     0.421933677,1715672,,instructions:u,1147840,100.00,,
     0.423080441,86309,,branch-misses:u,1146240,100.00,,
     0.423080441,0,,cache-misses:u,1146272,100.00,,
     0.423080441,1529365,,bus-cycles:u,1146368,100.00,,
     0.423080441,1723710,,instructions:u,1146400,100.00,,
     0.424239979,86617,,branch-misses:u,1159712,100.00,,
     0.424239979,0,,cache-misses:u,1159808,100.00,,
     0.424239979,1543032,,bus-cycles:u,1159680,100.00,,
     0.424239979,1735370,,instructions:u,1159616,100.00,,
     0.425388888,86209,,branch-misses:u,1148032,100.00,,
     0.425388888,0,,cache-misses:u,1148128,100.00,,
     0.425388888,1532493,,bus-cycles:u,1148224,100.00,,
     0.425388888,1717640,,instructions:u,1148288,100.00,,
     0.426535876,85984,,branch-misses:u,1146336,100.00,,
     0.426535876,0,,cache-misses:u,1146144,100.00,,
     0.426535876,1528303,,bus-cycles:u,1146016,100.00,,
     0.426535876,1715000,,instructions:u,1146016,100.00,,
     0.427683281,85805,,branch-misses:u,1147296,100.00,,
     0.427683281,0,,cache-misses:u,1147264,100.00,,
     0.427683281,1523494,,bus-cycles:u,1147264,100.00,,
     0.427683281,1717280,,instructions:u,1147328,100.00,,
     0.428831165,85707,,branch-misses:u,1147072,100.00,,
     0.428831165,0,,cache-misses:u,1147008,100.00,,
     0.428831165,1530323,,bus-cycles:u,1147040,100.00,,
     0.428831165,1718810,,instructions:u,1147008,100.00,,
     0.429977834,85933,,branch-misses:u,1146240,100.00,,
     0.429977834,0,,cache-misses:u,1146176,100.00,,
     0.429977834,1529030,,bus-cycles:u,1146112,100.00,,
     0.429977834,1727290,,instructions:u,1146080,100.00,,
     0.431123926,85731,,branch-misses:u,1145632,100.00,,
     0.431123926,0,,cache-misses:u,1145792,100.00,,
     0.431123926,1528316,,bus-cycles:u,1145824,100.00,,
     0.431123926,1715570,,instructions:u,1145856,100.00,,
     0.432271170,85994,,branch-misses:u,1146816,100.00,,
     0.432271170,0,,cache-misses:u,1146848,100.00,,
     0.432271170,1525678,,bus-cycles:u,1146944,100.00,,
     0.432271170,1722330,,instructions:u,1146944,100.00,,
     0.433418959,85702,,branch-misses:u,1147200,100.00,,
     0.433418959,0,,cache-misses:u,1147136,100.00,,
     0.433418959,1529355,,bus-cycles:u,1147136,100.00,,
     0.433418959,1716908,,instructions:u,1147136,100.00,,
     0.434565467,86103,,branch-misses:u,1146016,100.00,,
     0.434565467,0,,cache-misses:u,1146080,100.00,,
     0.434565467,1527681,,bus-cycles:u,1146144,100.00,,
     0.434565467,1721432,,instructions:u,1146080,100.00,,
     0.435713928,86012,,branch-misses:u,1148032,100.00,,
     0.435713928,0,,cache-misses:u,1147904,100.00,,
     0.435713928,1526445,,bus-cycles:u,1147808,100.00,,
     0.435713928,1724830,,instructions:u,1147840,100.00,,
     0.436861108,85550,,branch-misses:u,1146752,100.00,,
     0.436861108,0,,cache-misses:u,1146784,100.00,,
     0.436861108,1529172,,bus-cycles:u,1146848,100.00,,
     0.436861108,1719810,,instructions:u,1146880,100.00,,
     0.438007841,85886,,branch-misses:u,1146304,100.00,,
     0.438007841,0,,cache-misses:u,1146400,100.00,,
     0.438007841,1528502,,bus-cycles:u,1146304,100.00,,
     0.438007841,1718560,,instructions:u,1146272,100.00,,
     0.439154093,86226,,branch-misses:u,1145760,100.00,,
     0.439154093,0,,cache-misses:u,1145568,100.00,,
     0.439154093,1527818,,bus-cycles:u,1145664,100.00,,
     0.439154093,1717340,,instructions:u,1145600,100.00,,
     0.440300825,85202,,branch-misses:u,1146336,100.00,,
     0.440300825,0,,cache-misses:u,1146560,100.00,,
     0.440300825,1523809,,bus-cycles:u,1146560,100.00,,
     0.440300825,1700404,,instructions:u,1146656,100.00,,
     0.441448966,86446,,branch-misses:u,1147648,100.00,,
     0.441448966,0,,cache-misses:u,1147584,100.00,,
     0.441448966,1530298,,bus-cycles:u,1147616,100.00,,
     0.441448966,1724256,,instructions:u,1147584,100.00,,
     0.442595410,85909,,branch-misses:u,1146016,100.00,,
     0.442595410,0,,cache-misses:u,1145984,100.00,,
     0.442595410,1528691,,bus-cycles:u,1146016,100.00,,
     0.442595410,1718150,,instructions:u,1146016,100.00,,
     0.443743359,86194,,branch-misses:u,1147456,100.00,,
     0.443743359,0,,cache-misses:u,1147328,100.00,,
     0.443743359,1527069,,bus-cycles:u,1147296,100.00,,
     0.443743359,1715520,,instructions:u,1147296,100.00,,
     0.444904273,87321,,branch-misses:u,1160800,100.00,,
     0.444904273,0,,cache-misses:u,1161184,100.00,,
     0.444904273,1548732,,bus-cycles:u,1161152,100.00,,
     0.444904273,1741480,,instructions:u,1161152,100.00,,
     0.446052350,86171,,branch-misses:u,1147296,100.00,,
     0.446052350,0,,cache-misses:u,1147168,100.00,,
     0.446052350,1530476,,bus-cycles:u,1147232,100.00,,
     0.446052350,1725690,,instructions:u,1147264,100.00,,
     0.447199626,86323,,branch-misses:u,1146816,100.00,,
     0.447199626,0,,cache-misses:u,1146752,100.00,,
     0.447199626,1529260,,bus-cycles:u,1146720,100.00,,
     0.447199626,1723830,,instructions:u,1146720,100.00,,
     0.448347959,85787,,branch-misses:u,1147968,100.00,,
     0.448347959,0,,cache-misses:u,1147968,100.00,,
     0.448347959,1526800,,bus-cycles:u,1148000,100.00,,
     0.448347959,1710410,,instructions:u,1147968,100.00,,
     0.449495556,86069,,branch-misses:u,1147008,100.00,,
     0.449495556,0,,cache-misses:u,1146976,100.00,,
     0.449495556,1529540,,bus-cycles:u,1146944,100.00,,
     0.449495556,1726260,,instructions:u,1146944,100.00,,
     0.450642160,85975,,branch-misses:u,1146144,100.00,,
     0.450642160,0,,cache-misses:u,1146240,100.00,,
     0.450642160,1529410,,bus-cycles:u,1146272,100.00,,
     0.450642160,1715640,,instructions:u,1146240,100.00,,
     0.451789372,85935,,branch-misses:u,1147008,100.00,,
     0.451789372,0,,cache-misses:u,1146880,100.00,,
     0.451789372,1523638,,bus-cycles:u,1146784,100.00,,
     0.451789372,1721110,,instructions:u,1146784,100.00,,
     0.452937065,86330,,branch-misses:u,1146976,100.00,,
     0.452937065,0,,cache-misses:u,1147328,100.00,,
     0.452937065,1530992,,bus-cycles:u,1147264,100.00,,
     0.452937065,1728891,,instructions:u,1147296,100.00,,
     0.454084309,86342,,branch-misses:u,1146752,100.00,,
     0.454084309,0,,cache-misses:u,1146496,100.00,,
     0.454084309,1530110,,bus-cycles:u,1146624,100.00,,
     0.454084309,1725549,,instructions:u,1146560,100.00,,
     0.455230177,85983,,branch-misses:u,1145312,100.00,,
     0.455230177,0,,cache-misses:u,1145376,100.00,,
     0.455230177,1528649,,bus-cycles:u,1145344,100.00,,
     0.455230177,1710850,,instructions:u,1145440,100.00,,
     0.456377550,86190,,branch-misses:u,1147104,100.00,,
     0.456377550,0,,cache-misses:u,1147008,100.00,,
     0.456377550,1526811,,bus-cycles:u,1147008,100.00,,
     0.456377550,1718570,,instructions:u,1147008,100.00,,
     0.457524826,86338,,branch-misses:u,1146752,100.00,,
     0.457524826,0,,cache-misses:u,1146848,100.00,,
     0.457524826,1530097,,bus-cycles:u,1146752,100.00,,
     0.457524826,1726450,,instructions:u,1146720,100.00,,
     0.458671271,86103,,branch-misses:u,1145920,100.00,,
     0.458671271,0,,cache-misses:u,1145824,100.00,,
     0.458671271,1528834,,bus-cycles:u,1145920,100.00,,
     0.458671271,1723094,,instructions:u,1145792,100.00,,
     0.459819411,85654,,branch-misses:u,1147776,100.00,,
     0.459819411,0,,cache-misses:u,1147808,100.00,,
     0.459819411,1525264,,bus-cycles:u,1147776,100.00,,
     0.459819411,1708716,,instructions:u,1147904,100.00,,
     0.460966592,86234,,branch-misses:u,1146752,100.00,,
     0.460966592,0,,cache-misses:u,1146720,100.00,,
     0.460966592,1529826,,bus-cycles:u,1146624,100.00,,
     0.460966592,1730086,,instructions:u,1146656,100.00,,
     0.462113260,85720,,branch-misses:u,1146144,100.00,,
     0.462113260,0,,cache-misses:u,1146176,100.00,,
     0.462113260,1529907,,bus-cycles:u,1146304,100.00,,
     0.462113260,1719824,,instructions:u,1146176,100.00,,
     0.463259544,86192,,branch-misses:u,1145856,100.00,,
     0.463259544,0,,cache-misses:u,1145792,100.00,,
     0.463259544,1529413,,bus-cycles:u,1145824,100.00,,
     0.463259544,1721560,,instructions:u,1145888,100.00,,
     0.464406309,85464,,branch-misses:u,1146240,100.00,,
     0.464406309,0,,cache-misses:u,1146336,100.00,,
     0.464406309,1524105,,bus-cycles:u,1146336,100.00,,
     0.464406309,1708860,,instructions:u,1146432,100.00,,
     0.465552369,85739,,branch-misses:u,1145632,100.00,,
     0.465552369,0,,cache-misses:u,1145568,100.00,,
     0.465552369,1528278,,bus-cycles:u,1145536,100.00,,
     0.465552369,1715840,,instructions:u,1145344,100.00,,
     0.466707648,86758,,branch-misses:u,1154944,100.00,,
     0.466707648,0,,cache-misses:u,1154912,100.00,,
     0.466707648,1540964,,bus-cycles:u,1154816,100.00,,
     0.466707648,1733590,,instructions:u,1154976,100.00,,
     0.467853676,85921,,branch-misses:u,1145568,100.00,,
     0.467853676,0,,cache-misses:u,1145856,100.00,,
     0.467853676,1524647,,bus-cycles:u,1146176,100.00,,
     0.467853676,1715760,,instructions:u,1146176,100.00,,
     0.469001849,85858,,branch-misses:u,1147488,100.00,,
     0.469001849,0,,cache-misses:u,1147264,100.00,,
     0.469001849,1530584,,bus-cycles:u,1147200,100.00,,
     0.469001849,1716890,,instructions:u,1147168,100.00,,
     0.470147557,85660,,branch-misses:u,1145312,100.00,,
     0.470147557,0,,cache-misses:u,1145152,100.00,,
     0.470147557,1527368,,bus-cycles:u,1144928,100.00,,
     0.470147557,1715470,,instructions:u,1145024,100.00,,
     0.471292433,86176,,branch-misses:u,1144384,100.00,,
     0.471292433,0,,cache-misses:u,1144384,100.00,,
     0.471292433,1526376,,bus-cycles:u,1144288,100.00,,
     0.471292433,1719120,,instructions:u,1144192,100.00,,
     0.472458180,86934,,branch-misses:u,1165792,100.00,,
     0.472458180,0,,cache-misses:u,1166048,100.00,,
     0.472458180,1550858,,bus-cycles:u,1166528,100.00,,
     0.472458180,1741210,,instructions:u,1166496,100.00,,
     0.473607890,86096,,branch-misses:u,1148800,100.00,,
     0.473607890,0,,cache-misses:u,1148672,100.00,,
     0.473607890,1531860,,bus-cycles:u,1148352,100.00,,
     0.473607890,1717590,,instructions:u,1148256,100.00,,
     0.474755390,85821,,branch-misses:u,1147008,100.00,,
     0.474755390,0,,cache-misses:u,1147168,100.00,,
     0.474755390,1530518,,bus-cycles:u,1147200,100.00,,
     0.474755390,1718611,,instructions:u,1147392,100.00,,
     0.475903723,86436,,branch-misses:u,1148288,100.00,,
     0.475903723,0,,cache-misses:u,1148064,100.00,,
     0.475903723,1526063,,bus-cycles:u,1148224,100.00,,
     0.475903723,1720879,,instructions:u,1148256,100.00,,
     0.477052921,86404,,branch-misses:u,1148480,100.00,,
     0.477052921,0,,cache-misses:u,1148544,100.00,,
     0.477052921,1532616,,bus-cycles:u,1148224,100.00,,
     0.477052921,1726836,,instructions:u,1148128,100.00,,
     0.478200485,85813,,branch-misses:u,1146976,100.00,,
     0.478200485,0,,cache-misses:u,1146848,100.00,,
     0.478200485,1530247,,bus-cycles:u,1147008,100.00,,
     0.478200485,1717012,,instructions:u,1146976,100.00,,
     0.479347186,85754,,branch-misses:u,1146176,100.00,,
     0.479347186,0,,cache-misses:u,1146304,100.00,,
     0.479347186,1533321,,bus-cycles:u,1152576,100.00,,
     0.479347186,1719332,,instructions:u,1153152,100.00,,
     0.480505026,86397,,branch-misses:u,1157536,100.00,,
     0.480505026,0,,cache-misses:u,1157472,100.00,,
     0.480505026,1535192,,bus-cycles:u,1151168,100.00,,
     0.480505026,1721830,,instructions:u,1150496,100.00,,
     0.481652399,86105,,branch-misses:u,1146880,100.00,,
     0.481652399,0,,cache-misses:u,1146944,100.00,,
     0.481652399,1529718,,bus-cycles:u,1146976,100.00,,
     0.481652399,1728550,,instructions:u,1147136,100.00,,
     0.482800156,85964,,branch-misses:u,1147136,100.00,,
     0.482800156,0,,cache-misses:u,1147040,100.00,,
     0.482800156,1529569,,bus-cycles:u,1146976,100.00,,
     0.482800156,1711720,,instructions:u,1146976,100.00,,
     0.483948616,85592,,branch-misses:u,1148512,100.00,,
     0.483948616,0,,cache-misses:u,1148704,100.00,,
     0.483948616,1526451,,bus-cycles:u,1148608,100.00,,
     0.483948616,1714830,,instructions:u,1148544,100.00,,
     0.485097174,86053,,branch-misses:u,1147744,100.00,,
     0.485097174,0,,cache-misses:u,1147520,100.00,,
     0.485097174,1531301,,bus-cycles:u,1147744,100.00,,
     0.485097174,1720510,,instructions:u,1147840,100.00,,
     0.486244610,85766,,branch-misses:u,1146912,100.00,,
     0.486244610,0,,cache-misses:u,1147168,100.00,,
     0.486244610,1530433,,bus-cycles:u,1147104,100.00,,
     0.486244610,1719710,,instructions:u,1147072,100.00,,
     0.487405524,87159,,branch-misses:u,1160704,100.00,,
     0.487405524,0,,cache-misses:u,1160608,100.00,,
     0.487405524,1543314,,bus-cycles:u,1160800,100.00,,
     0.487405524,1741820,,instructions:u,1160832,100.00,,
     0.488555714,86628,,branch-misses:u,1149536,100.00,,
     0.488555714,0,,cache-misses:u,1149504,100.00,,
     0.488555714,1532805,,bus-cycles:u,1149344,100.00,,
     0.488555714,1726920,,instructions:u,1149280,100.00,,
     0.489703438,85928,,branch-misses:u,1147232,100.00,,
     0.489703438,0,,cache-misses:u,1147328,100.00,,
     0.489703438,1530536,,bus-cycles:u,1147168,100.00,,
     0.489703438,1722260,,instructions:u,1147136,100.00,,
     0.490850747,86184,,branch-misses:u,1146944,100.00,,
     0.490850747,0,,cache-misses:u,1146848,100.00,,
     0.490850747,1529753,,bus-cycles:u,1146976,100.00,,
     0.490850747,1729900,,instructions:u,1147008,100.00,,
     0.491997927,85132,,branch-misses:u,1147008,100.00,,
     0.491997927,0,,cache-misses:u,1147040,100.00,,
     0.491997927,1524270,,bus-cycles:u,1147008,100.00,,
     0.491997927,1712840,,instructions:u,1147008,100.00,,
     0.493146452,86085,,branch-misses:u,1147648,100.00,,
     0.493146452,0,,cache-misses:u,1147648,100.00,,
     0.493146452,1530739,,bus-cycles:u,1147680,100.00,,
     0.493146452,1711570,,instructions:u,1147680,100.00,,
     0.494293569,85415,,branch-misses:u,1146624,100.00,,
     0.494293569,0,,cache-misses:u,1146464,100.00,,
     0.494293569,1529270,,bus-cycles:u,1146464,100.00,,
     0.494293569,1701290,,instructions:u,1146432,100.00,,
     0.495442030,85701,,branch-misses:u,1148448,100.00,,
     0.495442030,0,,cache-misses:u,1148640,100.00,,
     0.495442030,1525275,,bus-cycles:u,1148672,100.00,,
     0.495442030,1709624,,instructions:u,1148704,100.00,,
     0.496590331,86131,,branch-misses:u,1147456,100.00,,
     0.496590331,0,,cache-misses:u,1147392,100.00,,
     0.496590331,1530357,,bus-cycles:u,1147328,100.00,,
     0.496590331,1713426,,instructions:u,1147296,100.00,,
     0.497737287,85655,,branch-misses:u,1146496,100.00,,
     0.497737287,0,,cache-misses:u,1146464,100.00,,
     0.497737287,1528841,,bus-cycles:u,1146432,100.00,,
     0.497737287,1719860,,instructions:u,1146496,100.00,,
     0.498884179,86425,,branch-misses:u,1146400,100.00,,
     0.498884179,0,,cache-misses:u,1146432,100.00,,
     0.498884179,1529179,,bus-cycles:u,1146528,100.00,,
     0.498884179,1725390,,instructions:u,1146560,100.00,,
     0.500032192,85617,,branch-misses:u,1147648,100.00,,
     0.500032192,0,,cache-misses:u,1147616,100.00,,
     0.500032192,1525183,,bus-cycles:u,1147552,100.00,,
     0.500032192,1708480,,instructions:u,1147552,100.00,,
     0.501179853,85834,,branch-misses:u,1147104,100.00,,
     0.501179853,0,,cache-misses:u,1147136,100.00,,
     0.501179853,1530097,,bus-cycles:u,1147072,100.00,,
     0.501179853,1714720,,instructions:u,1147008,100.00,,
     0.502326681,85773,,branch-misses:u,1146368,100.00,,
     0.502326681,0,,cache-misses:u,1146240,100.00,,
     0.502326681,1528785,,bus-cycles:u,1146176,100.00,,
     0.502326681,1715490,,instructions:u,1146208,100.00,,
     0.503474598,85650,,branch-misses:u,1147456,100.00,,
     0.503474598,0,,cache-misses:u,1147552,100.00,,
     0.503474598,1524864,,bus-cycles:u,1147680,100.00,,
     0.503474598,1708110,,instructions:u,1147680,100.00,,
     0.504623283,85869,,branch-misses:u,1148320,100.00,,
     0.504623283,0,,cache-misses:u,1148320,100.00,,
     0.504623283,1531069,,bus-cycles:u,1148320,100.00,,
     0.504623283,1718520,,instructions:u,1148288,100.00,,
     0.505770207,86232,,branch-misses:u,1146336,100.00,,
     0.505770207,0,,cache-misses:u,1146368,100.00,,
     0.505770207,1528231,,bus-cycles:u,1146368,100.00,,
     0.505770207,1722290,,instructions:u,1146368,100.00,,
     0.506917228,85691,,branch-misses:u,1146656,100.00,,
     0.506917228,0,,cache-misses:u,1146656,100.00,,
     0.506917228,1529346,,bus-cycles:u,1146688,100.00,,
     0.506917228,1719200,,instructions:u,1146688,100.00,,
     0.508077149,87039,,branch-misses:u,1159616,100.00,,
     0.508077149,0,,cache-misses:u,1159584,100.00,,
     0.508077149,1542533,,bus-cycles:u,1159488,100.00,,
     0.508077149,1728540,,instructions:u,1159488,100.00,,
     0.509226026,85938,,branch-misses:u,1148256,100.00,,
     0.509226026,0,,cache-misses:u,1148288,100.00,,
     0.509226026,1531935,,bus-cycles:u,1148384,100.00,,
     0.509226026,1716060,,instructions:u,1148416,100.00,,
     0.510373431,86371,,branch-misses:u,1147008,100.00,,
     0.510373431,0,,cache-misses:u,1147040,100.00,,
     0.510373431,1529656,,bus-cycles:u,1147008,100.00,,
     0.510373431,1728010,,instructions:u,1147072,100.00,,
     0.511521700,86037,,branch-misses:u,1147712,100.00,,
     0.511521700,0,,cache-misses:u,1147648,100.00,,
     0.511521700,1524878,,bus-cycles:u,1147648,100.00,,
     0.511521700,1717940,,instructions:u,1147552,100.00,,
     0.512669136,86007,,branch-misses:u,1146912,100.00,,
     0.512669136,0,,cache-misses:u,1146944,100.00,,
     0.512669136,1530206,,bus-cycles:u,1147008,100.00,,
     0.512669136,1720430,,instructions:u,1147008,100.00,,
     0.513816061,86365,,branch-misses:u,1146496,100.00,,
     0.513816061,0,,cache-misses:u,1146560,100.00,,
     0.513816061,1528866,,bus-cycles:u,1146592,100.00,,
     0.513816061,1726950,,instructions:u,1146560,100.00,,
     0.514962601,86405,,branch-misses:u,1146144,100.00,,
     0.514962601,0,,cache-misses:u,1146176,100.00,,
     0.514962601,1528934,,bus-cycles:u,1146144,100.00,,
     0.514962601,1719380,,instructions:u,1146208,100.00,,
     0.516110102,86005,,branch-misses:u,1147360,100.00,,
     0.516110102,0,,cache-misses:u,1147296,100.00,,
     0.516110102,1525806,,bus-cycles:u,1147264,100.00,,
     0.516110102,1717750,,instructions:u,1147264,100.00,,
     0.517257698,86277,,branch-misses:u,1146720,100.00,,
     0.517257698,0,,cache-misses:u,1146688,100.00,,
     0.517257698,1529437,,bus-cycles:u,1146688,100.00,,
     0.517257698,1723320,,instructions:u,1146688,100.00,,
     0.518403374,85727,,branch-misses:u,1145216,100.00,,
     0.518403374,0,,cache-misses:u,1145216,100.00,,
     0.518403374,1527730,,bus-cycles:u,1145056,100.00,,
     0.518403374,1711700,,instructions:u,1144960,100.00,,
     0.519548410,85584,,branch-misses:u,1144992,100.00,,
     0.519548410,0,,cache-misses:u,1145376,100.00,,
     0.519548410,1523954,,bus-cycles:u,1145472,100.00,,
     0.519548410,1715080,,instructions:u,1145568,100.00,,
     0.520701480,86772,,branch-misses:u,1152704,100.00,,
     0.520701480,0,,cache-misses:u,1152928,100.00,,
     0.520701480,1538008,,bus-cycles:u,1153024,100.00,,
     0.520701480,1737930,,instructions:u,1153088,100.00,,
     0.521856312,87093,,branch-misses:u,1154048,100.00,,
     0.521856312,0,,cache-misses:u,1153600,100.00,,
     0.521856312,1539196,,bus-cycles:u,1153632,100.00,,
     0.521856312,1739288,,instructions:u,1153440,100.00,,
     0.523004965,85891,,branch-misses:u,1148000,100.00,,
     0.523004965,0,,cache-misses:u,1147872,100.00,,
     0.523004965,1531583,,bus-cycles:u,1147648,100.00,,
     0.523004965,1719692,,instructions:u,1147776,100.00,,
     0.524153202,86126,,branch-misses:u,1148128,100.00,,
     0.524153202,0,,cache-misses:u,1148064,100.00,,
     0.524153202,1525091,,bus-cycles:u,1148064,100.00,,
     0.524153202,1722264,,instructions:u,1148128,100.00,,
     0.525300702,86354,,branch-misses:u,1146688,100.00,,
     0.525300702,0,,cache-misses:u,1146720,100.00,,
     0.525300702,1530789,,bus-cycles:u,1146816,100.00,,
     0.525300702,1733536,,instructions:u,1146784,100.00,,
     0.526446442,86172,,branch-misses:u,1145280,100.00,,
     0.526446442,0,,cache-misses:u,1145248,100.00,,
     0.526446442,1528493,,bus-cycles:u,1145216,100.00,,
     0.526446442,1720790,,instructions:u,1145216,100.00,,
     0.527591926,86045,,branch-misses:u,1145088,100.00,,
     0.527591926,0,,cache-misses:u,1145088,100.00,,
     0.527591926,1523818,,bus-cycles:u,1145088,100.00,,
     0.527591926,1717760,,instructions:u,1145056,100.00,,
     0.528739299,85311,,branch-misses:u,1146816,100.00,,
     0.528739299,0,,cache-misses:u,1146752,100.00,,
     0.528739299,1530287,,bus-cycles:u,1146816,100.00,,
     0.528739299,1713590,,instructions:u,1146848,100.00,,
     0.529895603,86870,,branch-misses:u,1155968,100.00,,
     0.529895603,0,,cache-misses:u,1156160,100.00,,
     0.529895603,1541960,,bus-cycles:u,1156160,100.00,,
     0.529895603,1742520,,instructions:u,1156128,100.00,,
     0.531041503,85165,,branch-misses:u,1145344,100.00,,
     0.531041503,0,,cache-misses:u,1145088,100.00,,
     0.531041503,1527408,,bus-cycles:u,1144992,100.00,,
     0.531041503,1708806,,instructions:u,1145152,100.00,,
     0.532187275,86093,,branch-misses:u,1145504,100.00,,
     0.532187275,0,,cache-misses:u,1145920,100.00,,
     0.532187275,1524250,,bus-cycles:u,1146016,100.00,,
     0.532187275,1720874,,instructions:u,1145824,100.00,,
     0.533336888,85944,,branch-misses:u,1149056,100.00,,
     0.533336888,0,,cache-misses:u,1148736,100.00,,
     0.533336888,1532866,,bus-cycles:u,1148640,100.00,,
     0.533336888,1721574,,instructions:u,1148672,100.00,,
     0.534484069,85791,,branch-misses:u,1146688,100.00,,
     0.534484069,0,,cache-misses:u,1146720,100.00,,
     0.534484069,1530580,,bus-cycles:u,1146752,100.00,,
     0.534484069,1718006,,instructions:u,1146784,100.00,,
     0.535632049,85092,,branch-misses:u,1147808,100.00,,
     0.535632049,0,,cache-misses:u,1147904,100.00,,
     0.535632049,1526237,,bus-cycles:u,1147968,100.00,,
     0.535632049,1706690,,instructions:u,1147968,100.00,,
     0.536780862,86671,,branch-misses:u,1148096,100.00,,
     0.536780862,0,,cache-misses:u,1148000,100.00,,
     0.536780862,1532355,,bus-cycles:u,1148000,100.00,,
     0.536780862,1728710,,instructions:u,1147968,100.00,,
     0.537928587,86026,,branch-misses:u,1147264,100.00,,
     0.537928587,0,,cache-misses:u,1147232,100.00,,
     0.537928587,1531321,,bus-cycles:u,1147264,100.00,,
     0.537928587,1721760,,instructions:u,1147296,100.00,,
     0.539075928,86460,,branch-misses:u,1146880,100.00,,
     0.539075928,0,,cache-misses:u,1147008,100.00,,
     0.539075928,1530776,,bus-cycles:u,1147008,100.00,,
     0.539075928,1730210,,instructions:u,1146976,100.00,,
     0.540225605,85631,,branch-misses:u,1149504,100.00,,
     0.540225605,0,,cache-misses:u,1149408,100.00,,
     0.540225605,1527794,,bus-cycles:u,1149248,100.00,,
     0.540225605,1716954,,instructions:u,1149248,100.00,,
     0.541374418,86458,,branch-misses:u,1147968,100.00,,
     0.541374418,0,,cache-misses:u,1148000,100.00,,
     0.541374418,1531795,,bus-cycles:u,1148128,100.00,,
     0.541374418,1722666,,instructions:u,1148096,100.00,,
     0.542521919,85777,,branch-misses:u,1147040,100.00,,
     0.542521919,0,,cache-misses:u,1147040,100.00,,
     0.542521919,1530998,,bus-cycles:u,1147104,100.00,,
     0.542521919,1723380,,instructions:u,1147104,100.00,,
     0.543671436,85790,,branch-misses:u,1149152,100.00,,
     0.543671436,0,,cache-misses:u,1149024,100.00,,
     0.543671436,1529679,,bus-cycles:u,1148928,100.00,,
     0.543671436,1719120,,instructions:u,1148928,100.00,,
     0.544820217,86354,,branch-misses:u,1148160,100.00,,
     0.544820217,0,,cache-misses:u,1148256,100.00,,
     0.544820217,1532547,,bus-cycles:u,1148320,100.00,,
     0.544820217,1725360,,instructions:u,1148320,100.00,,
     0.545967526,86139,,branch-misses:u,1146880,100.00,,
     0.545967526,0,,cache-misses:u,1146912,100.00,,
     0.545967526,1530637,,bus-cycles:u,1146912,100.00,,
     0.545967526,1727670,,instructions:u,1146912,100.00,,
     0.547114898,86283,,branch-misses:u,1146944,100.00,,
     0.547114898,0,,cache-misses:u,1146944,100.00,,
     0.547114898,1530180,,bus-cycles:u,1146912,100.00,,
     0.547114898,1721320,,instructions:u,1146944,100.00,,
     0.548263103,85613,,branch-misses:u,1148128,100.00,,
     0.548263103,0,,cache-misses:u,1148096,100.00,,
     0.548263103,1525973,,bus-cycles:u,1148128,100.00,,
     0.548263103,1721020,,instructions:u,1148096,100.00,,
     0.549411884,86135,,branch-misses:u,1147968,100.00,,
     0.549411884,0,,cache-misses:u,1148032,100.00,,
     0.549411884,1532260,,bus-cycles:u,1148032,100.00,,
     0.549411884,1713990,,instructions:u,1148096,100.00,,
     0.550570525,87012,,branch-misses:u,1158368,100.00,,
     0.550570525,0,,cache-misses:u,1158304,100.00,,
     0.550570525,1546366,,bus-cycles:u,1158272,100.00,,
     0.550570525,1735760,,instructions:u,1158304,100.00,,
     0.551720747,86081,,branch-misses:u,1149728,100.00,,
     0.551720747,0,,cache-misses:u,1149920,100.00,,
     0.551720747,1530476,,bus-cycles:u,1149920,100.00,,
     0.551720747,1722404,,instructions:u,1149920,100.00,,
     0.552870905,86089,,branch-misses:u,1149440,100.00,,
     0.552870905,0,,cache-misses:u,1149344,100.00,,
     0.552870905,1532925,,bus-cycles:u,1149376,100.00,,
     0.552870905,1718986,,instructions:u,1149472,100.00,,
     0.554017701,85744,,branch-misses:u,1146496,100.00,,
     0.554017701,0,,cache-misses:u,1146496,100.00,,
     0.554017701,1529111,,bus-cycles:u,1146496,100.00,,
     0.554017701,1715942,,instructions:u,1146368,100.00,,
     0.555174645,86557,,branch-misses:u,1159840,100.00,,
     0.555174645,0,,cache-misses:u,1161280,100.00,,
     0.555174645,1548471,,bus-cycles:u,1162464,100.00,,
     0.555174645,1740668,,instructions:u,1163200,100.00,,
     0.556371702,89342,,branch-misses:u,1195712,100.00,,
     0.556371702,0,,cache-misses:u,1195680,100.00,,
     0.556371702,1585434,,bus-cycles:u,1195648,100.00,,
     0.556371702,1792041,,instructions:u,1195584,100.00,,
     0.557567190,89742,,branch-misses:u,1193664,100.00,,
     0.557567190,0,,cache-misses:u,1192928,100.00,,
     0.557567190,1589792,,bus-cycles:u,1192160,100.00,,
     0.557567190,1797659,,instructions:u,1191776,100.00,,
     0.558726375,86814,,branch-misses:u,1158496,100.00,,
     0.558726375,0,,cache-misses:u,1158304,100.00,,
     0.558726375,1545125,,bus-cycles:u,1157952,100.00,,
     0.558726375,1736076,,instructions:u,1157632,100.00,,
     0.559878389,85950,,branch-misses:u,1151232,100.00,,
     0.559878389,0,,cache-misses:u,1151136,100.00,,
     0.559878389,1529289,,bus-cycles:u,1151392,100.00,,
     0.559878389,1725254,,instructions:u,1151392,100.00,,
     0.561031268,86161,,branch-misses:u,1151840,100.00,,
     0.561031268,0,,cache-misses:u,1151520,100.00,,
     0.561031268,1536258,,bus-cycles:u,1151296,100.00,,
     0.561031268,1724460,,instructions:u,1151328,100.00,,
     0.562179601,85812,,branch-misses:u,1147776,100.00,,
     0.562179601,0,,cache-misses:u,1147712,100.00,,
     0.562179601,1531448,,bus-cycles:u,1147648,100.00,,
     0.562179601,1719150,,instructions:u,1147648,100.00,,
     0.563326974,85802,,branch-misses:u,1146880,100.00,,
     0.563326974,0,,cache-misses:u,1146880,100.00,,
     0.563326974,1529833,,bus-cycles:u,1146848,100.00,,
     0.563326974,1717030,,instructions:u,1146880,100.00,,
     0.564489392,87048,,branch-misses:u,1162592,100.00,,
     0.564489392,0,,cache-misses:u,1162624,100.00,,
     0.564489392,1543128,,bus-cycles:u,1162624,100.00,,
     0.564489392,1733820,,instructions:u,1162560,100.00,,
     0.565637885,86014,,branch-misses:u,1147456,100.00,,
     0.565637885,0,,cache-misses:u,1147328,100.00,,
     0.565637885,1530846,,bus-cycles:u,1147200,100.00,,
     0.565637885,1714550,,instructions:u,1147232,100.00,,
     0.566784906,86093,,branch-misses:u,1146624,100.00,,
     0.566784906,0,,cache-misses:u,1146688,100.00,,
     0.566784906,1530363,,bus-cycles:u,1146720,100.00,,
     0.566784906,1725280,,instructions:u,1146592,100.00,,
     0.567932118,84826,,branch-misses:u,1147040,100.00,,
     0.567932118,0,,cache-misses:u,1147136,100.00,,
     0.567932118,1523444,,bus-cycles:u,1147232,100.00,,
     0.567932118,1700350,,instructions:u,1147392,100.00,,
     0.569082212,86028,,branch-misses:u,1149344,100.00,,
     0.569082212,0,,cache-misses:u,1149216,100.00,,
     0.569082212,1533107,,bus-cycles:u,1149248,100.00,,
     0.569082212,1724850,,instructions:u,1149248,100.00,,
     0.570230320,86259,,branch-misses:u,1147552,100.00,,
     0.570230320,0,,cache-misses:u,1147584,100.00,,
     0.570230320,1530443,,bus-cycles:u,1147552,100.00,,
     0.570230320,1728350,,instructions:u,1147552,100.00,,
     0.571404296,87920,,branch-misses:u,1174016,100.00,,
     0.571404296,0,,cache-misses:u,1174048,100.00,,
     0.571404296,1560287,,bus-cycles:u,1174304,100.00,,
     0.571404296,1759560,,instructions:u,1174304,100.00,,
     0.572556662,86576,,branch-misses:u,1151392,100.00,,
     0.572556662,0,,cache-misses:u,1151328,100.00,,
     0.572556662,1535285,,bus-cycles:u,1151072,100.00,,
     0.572556662,1732070,,instructions:u,1150912,100.00,,
     0.573705123,85853,,branch-misses:u,1147936,100.00,,
     0.573705123,0,,cache-misses:u,1147968,100.00,,
     0.573705123,1531787,,bus-cycles:u,1147968,100.00,,
     0.573705123,1720260,,instructions:u,1148128,100.00,,
     0.574853008,85882,,branch-misses:u,1147520,100.00,,
     0.574853008,0,,cache-misses:u,1147456,100.00,,
     0.574853008,1530542,,bus-cycles:u,1147488,100.00,,
     0.574853008,1716610,,instructions:u,1147360,100.00,,
     0.576001917,85641,,branch-misses:u,1148640,100.00,,
     0.576001917,0,,cache-misses:u,1148736,100.00,,
     0.576001917,1524654,,bus-cycles:u,1148640,100.00,,
     0.576001917,1719910,,instructions:u,1148736,100.00,,
     0.577150666,85847,,branch-misses:u,1147968,100.00,,
     0.577150666,0,,cache-misses:u,1147872,100.00,,
     0.577150666,1531758,,bus-cycles:u,1148000,100.00,,
     0.577150666,1720140,,instructions:u,1148000,100.00,,
     0.578297494,85886,,branch-misses:u,1146400,100.00,,
     0.578297494,0,,cache-misses:u,1146432,100.00,,
     0.578297494,1529163,,bus-cycles:u,1146240,100.00,,
     0.578297494,1719298,,instructions:u,1146240,100.00,,
     0.579444611,85537,,branch-misses:u,1147072,100.00,,
     0.579444611,0,,cache-misses:u,1147424,100.00,,
     0.579444611,1523942,,bus-cycles:u,1147456,100.00,,
     0.579444611,1710572,,instructions:u,1147488,100.00,,
     0.580594961,86560,,branch-misses:u,1149568,100.00,,
     0.580594961,0,,cache-misses:u,1149120,100.00,,
     0.580594961,1533391,,bus-cycles:u,1149216,100.00,,
     0.580594961,1729410,,instructions:u,1149184,100.00,,
     0.581742301,85984,,branch-misses:u,1146784,100.00,,
     0.581742301,0,,cache-misses:u,1146912,100.00,,
     0.581742301,1529776,,bus-cycles:u,1146944,100.00,,
     0.581742301,1718680,,instructions:u,1146944,100.00,,
     0.582889162,85823,,branch-misses:u,1146400,100.00,,
     0.582889162,0,,cache-misses:u,1146368,100.00,,
     0.582889162,1529466,,bus-cycles:u,1146400,100.00,,
     0.582889162,1714020,,instructions:u,1146400,100.00,,
     0.584037430,85905,,branch-misses:u,1148288,100.00,,
     0.584037430,0,,cache-misses:u,1148256,100.00,,
     0.584037430,1526292,,bus-cycles:u,1148224,100.00,,
     0.584037430,1720540,,instructions:u,1148256,100.00,,
     0.585186660,86351,,branch-misses:u,1148224,100.00,,
     0.585186660,0,,cache-misses:u,1148256,100.00,,
     0.585186660,1531363,,bus-cycles:u,1148096,100.00,,
     0.585186660,1728070,,instructions:u,1148064,100.00,,
     0.586332143,85869,,branch-misses:u,1144992,100.00,,
     0.586332143,0,,cache-misses:u,1145024,100.00,,
     0.586332143,1527135,,bus-cycles:u,1145184,100.00,,
     0.586332143,1710300,,instructions:u,1145216,100.00,,
     0.587477691,85368,,branch-misses:u,1145632,100.00,,
     0.587477691,0,,cache-misses:u,1145472,100.00,,
     0.587477691,1520531,,bus-cycles:u,1145376,100.00,,
     0.587477691,1704230,,instructions:u,1145344,100.00,,
     0.588626953,86011,,branch-misses:u,1148224,100.00,,
     0.588626953,0,,cache-misses:u,1148384,100.00,,
     0.588626953,1532199,,bus-cycles:u,1148448,100.00,,
     0.588626953,1718210,,instructions:u,1148480,100.00,,
     0.589772820,86148,,branch-misses:u,1145440,100.00,,
     0.589772820,0,,cache-misses:u,1145408,100.00,,
     0.589772820,1527298,,bus-cycles:u,1145440,100.00,,
     0.589772820,1724130,,instructions:u,1145376,100.00,,
     0.590918176,85471,,branch-misses:u,1144896,100.00,,
     0.590918176,0,,cache-misses:u,1144928,100.00,,
     0.590918176,1526961,,bus-cycles:u,1144928,100.00,,
     0.590918176,1704450,,instructions:u,1144896,100.00,,
     0.592064460,85783,,branch-misses:u,1146624,100.00,,
     0.592064460,0,,cache-misses:u,1146624,100.00,,
     0.592064460,1523944,,bus-cycles:u,1146656,100.00,,
     0.592064460,1719490,,instructions:u,1146752,100.00,,
     0.593226111,86747,,branch-misses:u,1160736,100.00,,
     0.593226111,0,,cache-misses:u,1161184,100.00,,
     0.593226111,1549592,,bus-cycles:u,1161216,100.00,,
     0.593226111,1741820,,instructions:u,1161184,100.00,,
     0.594374540,84817,,branch-misses:u,1147712,100.00,,
     0.594374540,0,,cache-misses:u,1147264,100.00,,
     0.594374540,1530521,,bus-cycles:u,1147232,100.00,,
     0.594374540,1692370,,instructions:u,1147200,100.00,,
     0.595521528,86002,,branch-misses:u,1147136,100.00,,
     0.595521528,0,,cache-misses:u,1147328,100.00,,
     0.595521528,1523934,,bus-cycles:u,1147264,100.00,,
     0.595521528,1716660,,instructions:u,1147264,100.00,,
     0.596671878,86475,,branch-misses:u,1149280,100.00,,
     0.596671878,0,,cache-misses:u,1149056,100.00,,
     0.596671878,1532437,,bus-cycles:u,1149056,100.00,,
     0.596671878,1727100,,instructions:u,1148896,100.00,,
     0.597818290,85709,,branch-misses:u,1146080,100.00,,
     0.597818290,0,,cache-misses:u,1145888,100.00,,
     0.597818290,1528510,,bus-cycles:u,1145856,100.00,,
     0.597818290,1716760,,instructions:u,1145888,100.00,,
     0.598964606,86139,,branch-misses:u,1145664,100.00,,
     0.598964606,0,,cache-misses:u,1145728,100.00,,
     0.598964606,1528365,,bus-cycles:u,1145728,100.00,,
     0.598964606,1719460,,instructions:u,1145824,100.00,,
     0.600110730,85803,,branch-misses:u,1146176,100.00,,
     0.600110730,0,,cache-misses:u,1146496,100.00,,
     0.600110730,1524765,,bus-cycles:u,1146496,100.00,,
     0.600110730,1711140,,instructions:u,1146432,100.00,,
     0.601260856,86065,,branch-misses:u,1149280,100.00,,
     0.601260856,0,,cache-misses:u,1148960,100.00,,
     0.601260856,1533320,,bus-cycles:u,1148992,100.00,,
     0.601260856,1718910,,instructions:u,1148992,100.00,,
     0.602407236,86096,,branch-misses:u,1145888,100.00,,
     0.602407236,0,,cache-misses:u,1145920,100.00,,
     0.602407236,1528889,,bus-cycles:u,1145824,100.00,,
     0.602407236,1727890,,instructions:u,1145824,100.00,,
     0.603553328,85543,,branch-misses:u,1146080,100.00,,
     0.603553328,0,,cache-misses:u,1146112,100.00,,
     0.603553328,1523095,,bus-cycles:u,1146112,100.00,,
     0.603553328,1706670,,instructions:u,1146112,100.00,,
     0.604703645,86139,,branch-misses:u,1149472,100.00,,
     0.604703645,0,,cache-misses:u,1149376,100.00,,
     0.604703645,1533850,,bus-cycles:u,1149280,100.00,,
     0.604703645,1723730,,instructions:u,1149344,100.00,,
     0.605850314,86438,,branch-misses:u,1146208,100.00,,
     0.605850314,0,,cache-misses:u,1146112,100.00,,
     0.605850314,1529348,,bus-cycles:u,1146272,100.00,,
     0.605850314,1727658,,instructions:u,1146208,100.00,,
     0.606996470,85364,,branch-misses:u,1145600,100.00,,
     0.606996470,0,,cache-misses:u,1145760,100.00,,
     0.606996470,1528298,,bus-cycles:u,1145632,100.00,,
     0.606996470,1700032,,instructions:u,1145664,100.00,,
     0.608142978,85961,,branch-misses:u,1146624,100.00,,
     0.608142978,0,,cache-misses:u,1147008,100.00,,
     0.608142978,1523327,,bus-cycles:u,1147104,100.00,,
     0.608142978,1717400,,instructions:u,1147136,100.00,,
     0.609293424,85995,,branch-misses:u,1149472,100.00,,
     0.609293424,0,,cache-misses:u,1149088,100.00,,
     0.609293424,1532811,,bus-cycles:u,1149056,100.00,,
     0.609293424,1721560,,instructions:u,1149024,100.00,,
     0.610439516,86319,,branch-misses:u,1145600,100.00,,
     0.610439516,0,,cache-misses:u,1145568,100.00,,
     0.610439516,1528658,,bus-cycles:u,1145632,100.00,,
     0.610439516,1722700,,instructions:u,1145536,100.00,,
     0.611585544,85487,,branch-misses:u,1146080,100.00,,
     0.611585544,0,,cache-misses:u,1146464,100.00,,
     0.611585544,1523051,,bus-cycles:u,1146432,100.00,,
     0.611585544,1706830,,instructions:u,1146528,100.00,,
     0.612735925,85678,,branch-misses:u,1149440,100.00,,
     0.612735925,0,,cache-misses:u,1149120,100.00,,
     0.612735925,1532308,,bus-cycles:u,1148960,100.00,,
     0.612735925,1712840,,instructions:u,1148992,100.00,,
     0.613894310,87192,,branch-misses:u,1158048,100.00,,
     0.613894310,0,,cache-misses:u,1158208,100.00,,
     0.613894310,1545065,,bus-cycles:u,1158336,100.00,,
     0.613894310,1742950,,instructions:u,1158304,100.00,,
     0.615041235,85789,,branch-misses:u,1146400,100.00,,
     0.615041235,0,,cache-misses:u,1146144,100.00,,
     0.615041235,1529300,,bus-cycles:u,1146176,100.00,,
     0.615041235,1719440,,instructions:u,1146176,100.00,,
     0.616186270,85800,,branch-misses:u,1144896,100.00,,
     0.616186270,0,,cache-misses:u,1145248,100.00,,
     0.616186270,1521396,,bus-cycles:u,1145312,100.00,,
     0.616186270,1707010,,instructions:u,1145344,100.00,,
     0.617335244,86318,,branch-misses:u,1148224,100.00,,
     0.617335244,0,,cache-misses:u,1148064,100.00,,
     0.617335244,1531864,,bus-cycles:u,1148032,100.00,,
     0.617335244,1727640,,instructions:u,1148032,100.00,,
     0.618481528,85795,,branch-misses:u,1145600,100.00,,
     0.618481528,0,,cache-misses:u,1145600,100.00,,
     0.618481528,1528222,,bus-cycles:u,1145536,100.00,,
     0.618481528,1712600,,instructions:u,1145472,100.00,,
     0.619628100,85670,,branch-misses:u,1146880,100.00,,
     0.619628100,0,,cache-misses:u,1147104,100.00,,
     0.619628100,1521368,,bus-cycles:u,1147104,100.00,,
     0.619628100,1714416,,instructions:u,1147168,100.00,,
     0.620778802,86944,,branch-misses:u,1149632,100.00,,
     0.620778802,0,,cache-misses:u,1149664,100.00,,
     0.620778802,1534429,,bus-cycles:u,1149664,100.00,,
     0.620778802,1732104,,instructions:u,1149664,100.00,,
     0.621927519,86616,,branch-misses:u,1148160,100.00,,
     0.621927519,0,,cache-misses:u,1147808,100.00,,
     0.621927519,1531739,,bus-cycles:u,1147808,100.00,,
     0.621927519,1733010,,instructions:u,1147808,100.00,,
     0.623073611,86382,,branch-misses:u,1145664,100.00,,
     0.623073611,0,,cache-misses:u,1145664,100.00,,
     0.623073611,1528653,,bus-cycles:u,1145728,100.00,,
     0.623073611,1730640,,instructions:u,1145696,100.00,,
     0.624220855,86286,,branch-misses:u,1147136,100.00,,
     0.624220855,0,,cache-misses:u,1147104,100.00,,
     0.624220855,1524825,,bus-cycles:u,1147104,100.00,,
     0.624220855,1726974,,instructions:u,1147072,100.00,,
     0.625368964,86712,,branch-misses:u,1147296,100.00,,
     0.625368964,0,,cache-misses:u,1147392,100.00,,
     0.625368964,1531169,,bus-cycles:u,1147360,100.00,,
     0.625368964,1736136,,instructions:u,1147392,100.00,,
     0.626515280,86433,,branch-misses:u,1145984,100.00,,
     0.626515280,0,,cache-misses:u,1145888,100.00,,
     0.626515280,1528790,,bus-cycles:u,1145920,100.00,,
     0.626515280,1729100,,instructions:u,1145952,100.00,,
     0.627663005,86135,,branch-misses:u,1147200,100.00,,
     0.627663005,0,,cache-misses:u,1147232,100.00,,
     0.627663005,1526943,,bus-cycles:u,1147232,100.00,,
     0.627663005,1721880,,instructions:u,1147232,100.00,,
     0.628810730,85877,,branch-misses:u,1147232,100.00,,
     0.628810730,0,,cache-misses:u,1147200,100.00,,
     0.628810730,1530801,,bus-cycles:u,1147232,100.00,,
     0.628810730,1721430,,instructions:u,1147200,100.00,,
     0.629956982,86463,,branch-misses:u,1145696,100.00,,
     0.629956982,0,,cache-misses:u,1145792,100.00,,
     0.629956982,1528752,,bus-cycles:u,1145696,100.00,,
     0.629956982,1728370,,instructions:u,1145632,100.00,,
     0.631102562,86408,,branch-misses:u,1145120,100.00,,
     0.631102562,0,,cache-misses:u,1144960,100.00,,
     0.631102562,1528330,,bus-cycles:u,1145056,100.00,,
     0.631102562,1728620,,instructions:u,1145152,100.00,,
     0.632250606,86163,,branch-misses:u,1147680,100.00,,
     0.632250606,0,,cache-misses:u,1147936,100.00,,
     0.632250606,1526741,,bus-cycles:u,1147872,100.00,,
     0.632250606,1723240,,instructions:u,1147840,100.00,,
     0.633398267,85923,,branch-misses:u,1147168,100.00,,
     0.633398267,0,,cache-misses:u,1147360,100.00,,
     0.633398267,1530997,,bus-cycles:u,1147360,100.00,,
     0.633398267,1724750,,instructions:u,1147360,100.00,,
     0.634544647,86307,,branch-misses:u,1145920,100.00,,
     0.634544647,0,,cache-misses:u,1145568,100.00,,
     0.634544647,1528376,,bus-cycles:u,1145472,100.00,,
     0.634544647,1725290,,instructions:u,1145504,100.00,,
     0.635705401,87187,,branch-misses:u,1160864,100.00,,
     0.635705401,0,,cache-misses:u,1161024,100.00,,
     0.635705401,1543334,,bus-cycles:u,1161216,100.00,,
     0.635705401,1740990,,instructions:u,1161120,100.00,,
     0.636855943,86461,,branch-misses:u,1149504,100.00,,
     0.636855943,0,,cache-misses:u,1149280,100.00,,
     0.636855943,1533227,,bus-cycles:u,1149280,100.00,,
     0.636855943,1727220,,instructions:u,1149216,100.00,,
     0.638003539,86469,,branch-misses:u,1147136,100.00,,
     0.638003539,0,,cache-misses:u,1147232,100.00,,
     0.638003539,1530872,,bus-cycles:u,1147104,100.00,,
     0.638003539,1740200,,instructions:u,1147200,100.00,,
     0.639151072,86243,,branch-misses:u,1147008,100.00,,
     0.639151072,0,,cache-misses:u,1146912,100.00,,
     0.639151072,1530708,,bus-cycles:u,1146880,100.00,,
     0.639151072,1733520,,instructions:u,1146880,100.00,,
     0.640299277,86163,,branch-misses:u,1147936,100.00,,
     0.640299277,0,,cache-misses:u,1147968,100.00,,
     0.640299277,1526741,,bus-cycles:u,1148032,100.00,,
     0.640299277,1726640,,instructions:u,1148032,100.00,,
     0.641447610,86611,,branch-misses:u,1147680,100.00,,
     0.641447610,0,,cache-misses:u,1147744,100.00,,
     0.641447610,1531428,,bus-cycles:u,1147712,100.00,,
     0.641447610,1731490,,instructions:u,1147744,100.00,,
     0.642594790,86368,,branch-misses:u,1146752,100.00,,
     0.642594790,0,,cache-misses:u,1146656,100.00,,
     0.642594790,1529728,,bus-cycles:u,1146720,100.00,,
     0.642594790,1734300,,instructions:u,1146656,100.00,,
     0.643743091,85931,,branch-misses:u,1147840,100.00,,
     0.643743091,0,,cache-misses:u,1148000,100.00,,
     0.643743091,1527442,,bus-cycles:u,1147968,100.00,,
     0.643743091,1725410,,instructions:u,1147968,100.00,,
     0.644890496,86590,,branch-misses:u,1146880,100.00,,
     0.644890496,0,,cache-misses:u,1146688,100.00,,
     0.644890496,1530247,,bus-cycles:u,1146688,100.00,,
     0.644890496,1730440,,instructions:u,1146720,100.00,,
     0.646036332,86333,,branch-misses:u,1145376,100.00,,
     0.646036332,0,,cache-misses:u,1145440,100.00,,
     0.646036332,1528694,,bus-cycles:u,1145376,100.00,,
     0.646036332,1731960,,instructions:u,1145408,100.00,,
     0.647181911,86269,,branch-misses:u,1145088,100.00,,
     0.647181911,0,,cache-misses:u,1145056,100.00,,
     0.647181911,1527676,,bus-cycles:u,1145152,100.00,,
     0.647181911,1717710,,instructions:u,1145088,100.00,,
     0.648328452,86167,,branch-misses:u,1146304,100.00,,
     0.648328452,0,,cache-misses:u,1146624,100.00,,
     0.648328452,1524981,,bus-cycles:u,1146656,100.00,,
     0.648328452,1726770,,instructions:u,1146752,100.00,,
     0.649479025,86928,,branch-misses:u,1150080,100.00,,
     0.649479025,0,,cache-misses:u,1149920,100.00,,
     0.649479025,1534694,,bus-cycles:u,1149888,100.00,,
     0.649479025,1730830,,instructions:u,1149824,100.00,,
     0.650626718,86202,,branch-misses:u,1147104,100.00,,
     0.650626718,0,,cache-misses:u,1147104,100.00,,
     0.650626718,1530246,,bus-cycles:u,1147104,100.00,,
     0.650626718,1725170,,instructions:u,1147104,100.00,,
     0.651774795,86434,,branch-misses:u,1148032,100.00,,
     0.651774795,0,,cache-misses:u,1147872,100.00,,
     0.651774795,1525534,,bus-cycles:u,1147840,100.00,,
     0.651774795,1725400,,instructions:u,1147808,100.00,,
     0.652923352,86456,,branch-misses:u,1147776,100.00,,
     0.652923352,0,,cache-misses:u,1147840,100.00,,
     0.652923352,1531657,,bus-cycles:u,1147840,100.00,,
     0.652923352,1730470,,instructions:u,1147904,100.00,,
     0.654071365,85951,,branch-misses:u,1147520,100.00,,
     0.654071365,0,,cache-misses:u,1147488,100.00,,
     0.654071365,1531709,,bus-cycles:u,1147488,100.00,,
     0.654071365,1729870,,instructions:u,1147520,100.00,,
     0.655218961,86559,,branch-misses:u,1147136,100.00,,
     0.655218961,0,,cache-misses:u,1147136,100.00,,
     0.655218961,1530659,,bus-cycles:u,1147168,100.00,,
     0.655218961,1730220,,instructions:u,1147072,100.00,,
     0.656584950,102772,,branch-misses:u,1366592,100.00,,
     0.656584950,1,,cache-misses:u,1367264,100.00,,
     0.656584950,1819987,,bus-cycles:u,1367648,100.00,,
     0.656584950,2057420,,instructions:u,1368000,100.00,,
     0.657737604,86559,,branch-misses:u,1151136,100.00,,
     0.657737604,0,,cache-misses:u,1150496,100.00,,
     0.657737604,1534916,,bus-cycles:u,1150144,100.00,,
     0.657737604,1728560,,instructions:u,1149888,100.00,,
     0.658886257,86737,,branch-misses:u,1148096,100.00,,
     0.658886257,0,,cache-misses:u,1148160,100.00,,
     0.658886257,1531952,,bus-cycles:u,1148128,100.00,,
     0.658886257,1730670,,instructions:u,1148000,100.00,,
     0.660035775,86254,,branch-misses:u,1149312,100.00,,
     0.660035775,0,,cache-misses:u,1149312,100.00,,
     0.660035775,1527200,,bus-cycles:u,1149312,100.00,,
     0.660035775,1722690,,instructions:u,1149440,100.00,,
     0.661184428,86659,,branch-misses:u,1147968,100.00,,
     0.661184428,0,,cache-misses:u,1147840,100.00,,
     0.661184428,1531502,,bus-cycles:u,1147776,100.00,,
     0.661184428,1730130,,instructions:u,1147712,100.00,,
     0.662331576,86710,,branch-misses:u,1146592,100.00,,
     0.662331576,0,,cache-misses:u,1146720,100.00,,
     0.662331576,1530287,,bus-cycles:u,1146784,100.00,,
     0.662331576,1724710,,instructions:u,1146752,100.00,,
     0.663479877,86096,,branch-misses:u,1147840,100.00,,
     0.663479877,0,,cache-misses:u,1147840,100.00,,
     0.663479877,1526562,,bus-cycles:u,1147776,100.00,,
     0.663479877,1718655,,instructions:u,1147840,100.00,,
     0.664628050,86965,,branch-misses:u,1147744,100.00,,
     0.664628050,0,,cache-misses:u,1147616,100.00,,
     0.664628050,1531243,,bus-cycles:u,1147584,100.00,,
     0.664628050,1737966,,instructions:u,1147584,100.00,,
     0.665774718,86275,,branch-misses:u,1146240,100.00,,
     0.665774718,0,,cache-misses:u,1146368,100.00,,
     0.665774718,1529465,,bus-cycles:u,1146432,100.00,,
     0.665774718,1725651,,instructions:u,1146400,100.00,,
     0.666921899,86049,,branch-misses:u,1146720,100.00,,
     0.666921899,0,,cache-misses:u,1146592,100.00,,
     0.666921899,1529956,,bus-cycles:u,1146624,100.00,,
     0.666921899,1721128,,instructions:u,1146592,100.00,,
     0.668070328,86491,,branch-misses:u,1148352,100.00,,
     0.668070328,0,,cache-misses:u,1148352,100.00,,
     0.668070328,1526390,,bus-cycles:u,1148320,100.00,,
     0.668070328,1721120,,instructions:u,1148352,100.00,,
     0.669218597,86361,,branch-misses:u,1147424,100.00,,
     0.669218597,0,,cache-misses:u,1147552,100.00,,
     0.669218597,1530652,,bus-cycles:u,1147552,100.00,,
     0.669218597,1728640,,instructions:u,1147552,100.00,,
     0.670365585,79968,,branch-misses:u,1146944,100.00,,
     0.670365585,78,,cache-misses:u,1146912,100.00,,
     0.670365585,1433844,,bus-cycles:u,1146784,100.00,,
     0.670365585,1591118,,instructions:u,1146784,100.00,,
