     0.001070416,1154,,branch-misses:u,580064,100.00,,
     0.001070416,373,,cache-misses:u,585184,100.00,,
     0.001070416,69826,,bus-cycles:u,588992,100.00,,
     0.001070416,37058,,instructions:u,591616,100.00,,
     0.002347365,81557,,branch-misses:u,1270752,100.00,,
     0.002347365,1352,,cache-misses:u,1265632,100.00,,
     0.002347365,1530958,,bus-cycles:u,1261824,100.00,,
     0.002347365,1662981,,instructions:u,1259200,100.00,,
     0.003505856,61960,,branch-misses:u,946272,100.00,,
     0.003505856,1,,cache-misses:u,950016,100.00,,
     0.003505856,1102525,,bus-cycles:u,952832,100.00,,
     0.003505856,1246290,,instructions:u,955680,100.00,,
     0.004668061,82067,,branch-misses:u,1160032,100.00,,
     0.004668061,1,,cache-misses:u,1159456,100.00,,
     0.004668061,1457671,,bus-cycles:u,1159424,100.00,,
     0.004668061,1642380,,instructions:u,1159328,100.00,,
     0.005827448,81961,,branch-misses:u,1156096,100.00,,
     0.005827448,0,,cache-misses:u,1152928,100.00,,
     0.005827448,1446733,,bus-cycles:u,1150144,100.00,,
     0.005827448,1629200,,instructions:u,1147392,100.00,,
     0.006977903,67513,,branch-misses:u,1017024,100.00,,
     0.006977903,1,,cache-misses:u,1020352,100.00,,
     0.006977903,1199001,,bus-cycles:u,1023328,100.00,,
     0.006977903,1356590,,instructions:u,1026144,100.00,,
     0.008150641,77449,,branch-misses:u,1171968,100.00,,
     0.008150641,1,,cache-misses:u,1172128,100.00,,
     0.008150641,1375740,,bus-cycles:u,1171904,100.00,,
     0.008150641,1545150,,instructions:u,1171936,100.00,,
     0.009311117,77189,,branch-misses:u,1159392,100.00,,
     0.009311117,0,,cache-misses:u,1158944,100.00,,
     0.009311117,1370368,,bus-cycles:u,1158976,100.00,,
     0.009311117,1543370,,instructions:u,1158976,100.00,,
     0.010469288,76913,,branch-misses:u,1157472,100.00,,
     0.010469288,0,,cache-misses:u,1157344,100.00,,
     0.010469288,1368582,,bus-cycles:u,1157376,100.00,,
     0.010469288,1540340,,instructions:u,1157344,100.00,,
     0.011624962,70326,,branch-misses:u,1054048,100.00,,
     0.011624962,1,,cache-misses:u,1051136,100.00,,
     0.011624962,1240045,,bus-cycles:u,1048320,100.00,,
     0.011624962,1398580,,instructions:u,1045504,100.00,,
     0.012770486,80994,,branch-misses:u,1140768,100.00,,
     0.012770486,1,,cache-misses:u,1143936,100.00,,
     0.012770486,1439237,,bus-cycles:u,1146688,100.00,,
     0.012770486,1632614,,instructions:u,1149344,100.00,,
     0.013922862,81505,,branch-misses:u,1151040,100.00,,
     0.013922862,0,,cache-misses:u,1150592,100.00,,
     0.013922862,1447005,,bus-cycles:u,1150400,100.00,,
     0.013922862,1625346,,instructions:u,1150368,100.00,,
     0.015415662,97672,,branch-misses:u,1395328,100.00,,
     0.015415662,1,,cache-misses:u,1395968,100.00,,
     0.015415662,1736783,,bus-cycles:u,1396352,100.00,,
     0.015415662,1959326,,instructions:u,1396704,100.00,,
     0.016577547,86830,,branch-misses:u,1159680,100.00,,
     0.016577547,0,,cache-misses:u,1159232,100.00,,
     0.016577547,1540933,,bus-cycles:u,1158784,100.00,,
     0.016577547,1733814,,instructions:u,1158272,100.00,,
     0.017724960,85060,,branch-misses:u,1146720,100.00,,
     0.017724960,1,,cache-misses:u,1146656,100.00,,
     0.017724960,1529442,,bus-cycles:u,1146656,100.00,,
     0.017724960,1708080,,instructions:u,1146656,100.00,,
     0.018870997,86488,,branch-misses:u,1145376,100.00,,
     0.018870997,0,,cache-misses:u,1145056,100.00,,
     0.018870997,1527632,,bus-cycles:u,1145024,100.00,,
     0.018870997,1723930,,instructions:u,1144928,100.00,,
     0.020015657,84956,,branch-misses:u,1144608,100.00,,
     0.020015657,0,,cache-misses:u,1144608,100.00,,
     0.020015657,1514655,,bus-cycles:u,1144608,100.00,,
     0.020015657,1696680,,instructions:u,1144704,100.00,,
     0.021163071,85756,,branch-misses:u,1146400,100.00,,
     0.021163071,0,,cache-misses:u,1146496,100.00,,
     0.021163071,1529269,,bus-cycles:u,1146496,100.00,,
     0.021163071,1718050,,instructions:u,1146464,100.00,,
     0.022308307,86416,,branch-misses:u,1144608,100.00,,
     0.022308307,0,,cache-misses:u,1144512,100.00,,
     0.022308307,1526750,,bus-cycles:u,1144544,100.00,,
     0.022308307,1721302,,instructions:u,1144544,100.00,,
     0.023480789,84649,,branch-misses:u,1173280,100.00,,
     0.023480789,0,,cache-misses:u,1173792,100.00,,
     0.023480789,1506658,,bus-cycles:u,1173728,100.00,,
     0.023480789,1702368,,instructions:u,1174080,100.00,,
     0.024637807,86105,,branch-misses:u,1155296,100.00,,
     0.024637807,0,,cache-misses:u,1155136,100.00,,
     0.024637807,1540324,,bus-cycles:u,1155136,100.00,,
     0.024637807,1722830,,instructions:u,1154784,100.00,,
     0.025786437,86479,,branch-misses:u,1148000,100.00,,
     0.025786437,0,,cache-misses:u,1148064,100.00,,
     0.025786437,1531369,,bus-cycles:u,1148032,100.00,,
     0.025786437,1727730,,instructions:u,1148032,100.00,,
     0.026934267,85169,,branch-misses:u,1147296,100.00,,
     0.026934267,0,,cache-misses:u,1147232,100.00,,
     0.026934267,1530221,,bus-cycles:u,1147264,100.00,,
     0.026934267,1707610,,instructions:u,1147328,100.00,,
     0.028082353,85808,,branch-misses:u,1148224,100.00,,
     0.028082353,0,,cache-misses:u,1148384,100.00,,
     0.028082353,1524283,,bus-cycles:u,1148416,100.00,,
     0.028082353,1715020,,instructions:u,1148416,100.00,,
     0.029234313,86062,,branch-misses:u,1150688,100.00,,
     0.029234313,0,,cache-misses:u,1150464,100.00,,
     0.029234313,1534405,,bus-cycles:u,1150400,100.00,,
     0.029234313,1724770,,instructions:u,1150368,100.00,,
     0.030382559,85912,,branch-misses:u,1147520,100.00,,
     0.030382559,0,,cache-misses:u,1147392,100.00,,
     0.030382559,1530158,,bus-cycles:u,1147456,100.00,,
     0.030382559,1723660,,instructions:u,1147424,100.00,,
     0.031529300,85828,,branch-misses:u,1146752,100.00,,
     0.031529300,0,,cache-misses:u,1146944,100.00,,
     0.031529300,1523425,,bus-cycles:u,1146912,100.00,,
     0.031529300,1718970,,instructions:u,1146912,100.00,,
     0.032680395,86054,,branch-misses:u,1150368,100.00,,
     0.032680395,0,,cache-misses:u,1150112,100.00,,
     0.032680395,1534295,,bus-cycles:u,1150144,100.00,,
     0.032680395,1718120,,instructions:u,1150144,100.00,,
     0.033828513,86114,,branch-misses:u,1147328,100.00,,
     0.033828513,0,,cache-misses:u,1147264,100.00,,
     0.033828513,1530025,,bus-cycles:u,1147232,100.00,,
     0.033828513,1719270,,instructions:u,1147168,100.00,,
     0.034975702,86326,,branch-misses:u,1146560,100.00,,
     0.034975702,0,,cache-misses:u,1146464,100.00,,
     0.034975702,1529148,,bus-cycles:u,1146464,100.00,,
     0.034975702,1724970,,instructions:u,1146528,100.00,,
     0.036133009,87070,,branch-misses:u,1157280,100.00,,
     0.036133009,0,,cache-misses:u,1157408,100.00,,
     0.036133009,1538210,,bus-cycles:u,1157472,100.00,,
     0.036133009,1738821,,instructions:u,1157376,100.00,,
     0.037282792,86057,,branch-misses:u,1148672,100.00,,
     0.037282792,0,,cache-misses:u,1148608,100.00,,
     0.037282792,1531822,,bus-cycles:u,1148576,100.00,,
     0.037282792,1730389,,instructions:u,1148640,100.00,,
     0.038429757,85903,,branch-misses:u,1146368,100.00,,
     0.038429757,0,,cache-misses:u,1146528,100.00,,
     0.038429757,1529446,,bus-cycles:u,1146560,100.00,,
     0.038429757,1722590,,instructions:u,1146624,100.00,,
     0.039577170,85315,,branch-misses:u,1147360,100.00,,
     0.039577170,0,,cache-misses:u,1147616,100.00,,
     0.039577170,1523946,,bus-cycles:u,1147552,100.00,,
     0.039577170,1711850,,instructions:u,1147520,100.00,,
     0.040728458,86873,,branch-misses:u,1150112,100.00,,
     0.040728458,0,,cache-misses:u,1149760,100.00,,
     0.040728458,1534040,,bus-cycles:u,1149728,100.00,,
     0.040728458,1732790,,instructions:u,1149760,100.00,,
     0.041875775,85953,,branch-misses:u,1146784,100.00,,
     0.041875775,0,,cache-misses:u,1146848,100.00,,
     0.041875775,1530010,,bus-cycles:u,1146912,100.00,,
     0.041875775,1720550,,instructions:u,1146848,100.00,,
     0.043023413,86029,,branch-misses:u,1147104,100.00,,
     0.043023413,0,,cache-misses:u,1147008,100.00,,
     0.043023413,1530039,,bus-cycles:u,1146976,100.00,,
     0.043023413,1719330,,instructions:u,1147040,100.00,,
     0.044197111,88163,,branch-misses:u,1173856,100.00,,
     0.044197111,0,,cache-misses:u,1174176,100.00,,
     0.044197111,1560378,,bus-cycles:u,1174176,100.00,,
     0.044197111,1761920,,instructions:u,1174144,100.00,,
     0.045346606,86281,,branch-misses:u,1148320,100.00,,
     0.045346606,0,,cache-misses:u,1148000,100.00,,
     0.045346606,1531284,,bus-cycles:u,1148000,100.00,,
     0.045346606,1723610,,instructions:u,1147968,100.00,,
     0.046494468,85876,,branch-misses:u,1147232,100.00,,
     0.046494468,0,,cache-misses:u,1147200,100.00,,
     0.046494468,1530453,,bus-cycles:u,1147264,100.00,,
     0.046494468,1725300,,instructions:u,1147264,100.00,,
     0.047642425,86114,,branch-misses:u,1147712,100.00,,
     0.047642425,0,,cache-misses:u,1147712,100.00,,
     0.047642425,1526330,,bus-cycles:u,1147712,100.00,,
     0.047642425,1720600,,instructions:u,1147680,100.00,,
     0.048790767,86057,,branch-misses:u,1147424,100.00,,
     0.048790767,0,,cache-misses:u,1147392,100.00,,
     0.048790767,1530798,,bus-cycles:u,1147328,100.00,,
     0.048790767,1727306,,instructions:u,1147328,100.00,,
     0.049937253,86252,,branch-misses:u,1145888,100.00,,
     0.049937253,0,,cache-misses:u,1145984,100.00,,
     0.049937253,1529810,,bus-cycles:u,1145952,100.00,,
     0.049937253,1727204,,instructions:u,1146016,100.00,,
     0.051084314,86029,,branch-misses:u,1146976,100.00,,
     0.051084314,0,,cache-misses:u,1146944,100.00,,
     0.051084314,1525139,,bus-cycles:u,1147040,100.00,,
     0.051084314,1722280,,instructions:u,1146976,100.00,,
     0.052232848,86283,,branch-misses:u,1147520,100.00,,
     0.052232848,0,,cache-misses:u,1147712,100.00,,
     0.052232848,1530733,,bus-cycles:u,1147616,100.00,,
     0.052232848,1730540,,instructions:u,1147648,100.00,,
     0.053380165,86140,,branch-misses:u,1146848,100.00,,
     0.053380165,0,,cache-misses:u,1146624,100.00,,
     0.053380165,1529905,,bus-cycles:u,1146656,100.00,,
     0.053380165,1724760,,instructions:u,1146688,100.00,,
     0.054526779,85347,,branch-misses:u,1145920,100.00,,
     0.054526779,0,,cache-misses:u,1145952,100.00,,
     0.054526779,1528585,,bus-cycles:u,1145920,100.00,,
     0.054526779,1698860,,instructions:u,1145888,100.00,,
     0.055674608,85858,,branch-misses:u,1147648,100.00,,
     0.055674608,0,,cache-misses:u,1147648,100.00,,
     0.055674608,1523610,,bus-cycles:u,1147680,100.00,,
     0.055674608,1718720,,instructions:u,1147744,100.00,,
     0.056823110,86301,,branch-misses:u,1147584,100.00,,
     0.056823110,0,,cache-misses:u,1147552,100.00,,
     0.056823110,1531290,,bus-cycles:u,1147552,100.00,,
     0.056823110,1733270,,instructions:u,1147520,100.00,,
     0.057969179,86130,,branch-misses:u,1145440,100.00,,
     0.057969179,0,,cache-misses:u,1145568,100.00,,
     0.057969179,1528065,,bus-cycles:u,1145472,100.00,,
     0.057969179,1718760,,instructions:u,1145440,100.00,,
     0.059116561,85831,,branch-misses:u,1147296,100.00,,
     0.059116561,0,,cache-misses:u,1147200,100.00,,
     0.059116561,1525106,,bus-cycles:u,1147200,100.00,,
     0.059116561,1713600,,instructions:u,1147200,100.00,,
     0.060263814,86050,,branch-misses:u,1146272,100.00,,
     0.060263814,0,,cache-misses:u,1146208,100.00,,
     0.060263814,1529032,,bus-cycles:u,1146336,100.00,,
     0.060263814,1722320,,instructions:u,1146368,100.00,,
     0.061408923,85900,,branch-misses:u,1144480,100.00,,
     0.061408923,0,,cache-misses:u,1144512,100.00,,
     0.061408923,1526248,,bus-cycles:u,1144512,100.00,,
     0.061408923,1716801,,instructions:u,1144480,100.00,,
     0.062553647,85592,,branch-misses:u,1144128,100.00,,
     0.062553647,0,,cache-misses:u,1144160,100.00,,
     0.062553647,1526375,,bus-cycles:u,1144096,100.00,,
     0.062553647,1716339,,instructions:u,1144160,100.00,,
     0.063698755,85947,,branch-misses:u,1144800,100.00,,
     0.063698755,0,,cache-misses:u,1144864,100.00,,
     0.063698755,1523209,,bus-cycles:u,1144896,100.00,,
     0.063698755,1721730,,instructions:u,1144832,100.00,,
     0.064847834,86382,,branch-misses:u,1148256,100.00,,
     0.064847834,0,,cache-misses:u,1148192,100.00,,
     0.064847834,1531942,,bus-cycles:u,1148192,100.00,,
     0.064847834,1735610,,instructions:u,1148224,100.00,,
     0.066004147,86064,,branch-misses:u,1156064,100.00,,
     0.066004147,0,,cache-misses:u,1156448,100.00,,
     0.066004147,1542938,,bus-cycles:u,1156448,100.00,,
     0.066004147,1715960,,instructions:u,1156416,100.00,,
     0.067150857,85758,,branch-misses:u,1146592,100.00,,
     0.067150857,0,,cache-misses:u,1146528,100.00,,
     0.067150857,1523992,,bus-cycles:u,1146528,100.00,,
     0.067150857,1719710,,instructions:u,1146560,100.00,,
     0.068303425,86434,,branch-misses:u,1151328,100.00,,
     0.068303425,0,,cache-misses:u,1151392,100.00,,
     0.068303425,1536245,,bus-cycles:u,1151392,100.00,,
     0.068303425,1724000,,instructions:u,1151360,100.00,,
     0.069451767,86690,,branch-misses:u,1147808,100.00,,
     0.069451767,0,,cache-misses:u,1147424,100.00,,
     0.069451767,1530900,,bus-cycles:u,1147424,100.00,,
     0.069451767,1731010,,instructions:u,1147488,100.00,,
     0.070600205,86416,,branch-misses:u,1147840,100.00,,
     0.070600205,0,,cache-misses:u,1147936,100.00,,
     0.070600205,1531007,,bus-cycles:u,1147936,100.00,,
     0.070600205,1719500,,instructions:u,1147904,100.00,,
     0.071748387,86228,,branch-misses:u,1148032,100.00,,
     0.071748387,0,,cache-misses:u,1147904,100.00,,
     0.071748387,1525910,,bus-cycles:u,1147904,100.00,,
     0.071748387,1727200,,instructions:u,1147872,100.00,,
     0.072897401,85985,,branch-misses:u,1148032,100.00,,
     0.072897401,0,,cache-misses:u,1148192,100.00,,
     0.072897401,1531980,,bus-cycles:u,1148192,100.00,,
     0.072897401,1726010,,instructions:u,1148288,100.00,,
     0.074045103,86112,,branch-misses:u,1147040,100.00,,
     0.074045103,0,,cache-misses:u,1146848,100.00,,
     0.074045103,1529703,,bus-cycles:u,1146848,100.00,,
     0.074045103,1725950,,instructions:u,1146784,100.00,,
     0.075193733,85921,,branch-misses:u,1148544,100.00,,
     0.075193733,0,,cache-misses:u,1148640,100.00,,
     0.075193733,1526573,,bus-cycles:u,1148640,100.00,,
     0.075193733,1719480,,instructions:u,1148576,100.00,,
     0.076342683,86196,,branch-misses:u,1148096,100.00,,
     0.076342683,0,,cache-misses:u,1148096,100.00,,
     0.076342683,1531259,,bus-cycles:u,1148096,100.00,,
     0.076342683,1725030,,instructions:u,1148128,100.00,,
     0.077491121,86546,,branch-misses:u,1147808,100.00,,
     0.077491121,0,,cache-misses:u,1147808,100.00,,
     0.077491121,1530898,,bus-cycles:u,1147840,100.00,,
     0.077491121,1730352,,instructions:u,1147872,100.00,,
     0.078638374,85902,,branch-misses:u,1146624,100.00,,
     0.078638374,0,,cache-misses:u,1146720,100.00,,
     0.078638374,1529495,,bus-cycles:u,1146720,100.00,,
     0.078638374,1724008,,instructions:u,1146720,100.00,,
     0.079786364,85998,,branch-misses:u,1147872,100.00,,
     0.079786364,0,,cache-misses:u,1147872,100.00,,
     0.079786364,1525726,,bus-cycles:u,1147840,100.00,,
     0.079786364,1722490,,instructions:u,1147872,100.00,,
     0.080934770,86091,,branch-misses:u,1147488,100.00,,
     0.080934770,0,,cache-misses:u,1147360,100.00,,
     0.080934770,1529814,,bus-cycles:u,1147296,100.00,,
     0.080934770,1720140,,instructions:u,1147168,100.00,,
     0.082081640,85833,,branch-misses:u,1146304,100.00,,
     0.082081640,0,,cache-misses:u,1146240,100.00,,
     0.082081640,1528437,,bus-cycles:u,1146368,100.00,,
     0.082081640,1722190,,instructions:u,1146496,100.00,,
     0.083229789,86030,,branch-misses:u,1147616,100.00,,
     0.083229789,0,,cache-misses:u,1147712,100.00,,
     0.083229789,1525667,,bus-cycles:u,1147616,100.00,,
     0.083229789,1724660,,instructions:u,1147648,100.00,,
     0.084377939,86220,,branch-misses:u,1147456,100.00,,
     0.084377939,0,,cache-misses:u,1147424,100.00,,
     0.084377939,1530411,,bus-cycles:u,1147488,100.00,,
     0.084377939,1723002,,instructions:u,1147392,100.00,,
     0.085525289,86259,,branch-misses:u,1146784,100.00,,
     0.085525289,0,,cache-misses:u,1146784,100.00,,
     0.085525289,1528652,,bus-cycles:u,1146688,100.00,,
     0.085525289,1724778,,instructions:u,1146720,100.00,,
     0.086689767,87836,,branch-misses:u,1164064,100.00,,
     0.086689767,0,,cache-misses:u,1164096,100.00,,
     0.086689767,1552623,,bus-cycles:u,1164224,100.00,,
     0.086689767,1760400,,instructions:u,1164192,100.00,,
     0.087838621,85937,,branch-misses:u,1148544,100.00,,
     0.087838621,0,,cache-misses:u,1148576,100.00,,
     0.087838621,1525968,,bus-cycles:u,1148544,100.00,,
     0.087838621,1724040,,instructions:u,1148640,100.00,,
     0.088987283,86376,,branch-misses:u,1147744,100.00,,
     0.088987283,0,,cache-misses:u,1147872,100.00,,
     0.088987283,1530819,,bus-cycles:u,1147840,100.00,,
     0.088987283,1731628,,instructions:u,1147744,100.00,,
     0.090134473,85873,,branch-misses:u,1146528,100.00,,
     0.090134473,0,,cache-misses:u,1146464,100.00,,
     0.090134473,1528838,,bus-cycles:u,1146432,100.00,,
     0.090134473,1714682,,instructions:u,1146432,100.00,,
     0.091281630,85368,,branch-misses:u,1146912,100.00,,
     0.091281630,0,,cache-misses:u,1146752,100.00,,
     0.091281630,1524584,,bus-cycles:u,1146784,100.00,,
     0.091281630,1711970,,instructions:u,1146848,100.00,,
     0.092429492,86438,,branch-misses:u,1146944,100.00,,
     0.092429492,0,,cache-misses:u,1147136,100.00,,
     0.092429492,1529362,,bus-cycles:u,1147104,100.00,,
     0.092429492,1733090,,instructions:u,1147104,100.00,,
     0.093575945,86430,,branch-misses:u,1145952,100.00,,
     0.093575945,0,,cache-misses:u,1145856,100.00,,
     0.093575945,1528203,,bus-cycles:u,1145888,100.00,,
     0.093575945,1728204,,instructions:u,1145888,100.00,,
     0.094722110,84872,,branch-misses:u,1145696,100.00,,
     0.094722110,0,,cache-misses:u,1145728,100.00,,
     0.094722110,1528001,,bus-cycles:u,1145728,100.00,,
     0.094722110,1701466,,instructions:u,1145696,100.00,,
     0.095869651,86270,,branch-misses:u,1146976,100.00,,
     0.095869651,0,,cache-misses:u,1146880,100.00,,
     0.095869651,1524450,,bus-cycles:u,1146848,100.00,,
     0.095869651,1721350,,instructions:u,1146848,100.00,,
     0.097017193,86634,,branch-misses:u,1146880,100.00,,
     0.097017193,0,,cache-misses:u,1146944,100.00,,
     0.097017193,1529364,,bus-cycles:u,1146944,100.00,,
     0.097017193,1733840,,instructions:u,1146912,100.00,,
     0.098163550,86192,,branch-misses:u,1145728,100.00,,
     0.098163550,0,,cache-misses:u,1145632,100.00,,
     0.098163550,1528476,,bus-cycles:u,1145632,100.00,,
     0.098163550,1723420,,instructions:u,1145664,100.00,,
     0.099310675,86110,,branch-misses:u,1146944,100.00,,
     0.099310675,0,,cache-misses:u,1146912,100.00,,
     0.099310675,1524178,,bus-cycles:u,1146976,100.00,,
     0.099310675,1715720,,instructions:u,1146912,100.00,,
     0.100458057,86620,,branch-misses:u,1146496,100.00,,
     0.100458057,0,,cache-misses:u,1146592,100.00,,
     0.100458057,1529500,,bus-cycles:u,1146560,100.00,,
     0.100458057,1732350,,instructions:u,1146560,100.00,,
     0.101604702,86198,,branch-misses:u,1146048,100.00,,
     0.101604702,0,,cache-misses:u,1145984,100.00,,
     0.101604702,1528385,,bus-cycles:u,1145984,100.00,,
     0.101604702,1725990,,instructions:u,1145952,100.00,,
     0.102751507,85829,,branch-misses:u,1146304,100.00,,
     0.102751507,0,,cache-misses:u,1146528,100.00,,
     0.102751507,1528638,,bus-cycles:u,1146464,100.00,,
     0.102751507,1716910,,instructions:u,1146560,100.00,,
     0.103899657,86225,,branch-misses:u,1148000,100.00,,
     0.103899657,0,,cache-misses:u,1147872,100.00,,
     0.103899657,1525472,,bus-cycles:u,1147936,100.00,,
     0.103899657,1724354,,instructions:u,1147872,100.00,,
     0.105047807,86393,,branch-misses:u,1147232,100.00,,
     0.105047807,0,,cache-misses:u,1147136,100.00,,
     0.105047807,1530369,,bus-cycles:u,1147136,100.00,,
     0.105047807,1721786,,instructions:u,1147168,100.00,,
     0.106194228,86118,,branch-misses:u,1145888,100.00,,
     0.106194228,0,,cache-misses:u,1146016,100.00,,
     0.106194228,1528381,,bus-cycles:u,1146016,100.00,,
     0.106194228,1722840,,instructions:u,1146016,100.00,,
     0.107351534,86942,,branch-misses:u,1156928,100.00,,
     0.107351534,0,,cache-misses:u,1156960,100.00,,
     0.107351534,1537375,,bus-cycles:u,1156960,100.00,,
     0.107351534,1737640,,instructions:u,1157088,100.00,,
     0.108500004,86248,,branch-misses:u,1147776,100.00,,
     0.108500004,0,,cache-misses:u,1147968,100.00,,
     0.108500004,1530550,,bus-cycles:u,1147904,100.00,,
     0.108500004,1724470,,instructions:u,1147808,100.00,,
     0.109648474,86217,,branch-misses:u,1147744,100.00,,
     0.109648474,0,,cache-misses:u,1147616,100.00,,
     0.109648474,1530623,,bus-cycles:u,1147840,100.00,,
     0.109648474,1726900,,instructions:u,1147840,100.00,,
     0.110795568,86478,,branch-misses:u,1146432,100.00,,
     0.110795568,0,,cache-misses:u,1146240,100.00,,
     0.110795568,1528026,,bus-cycles:u,1146080,100.00,,
     0.110795568,1728260,,instructions:u,1146048,100.00,,
     0.111943077,85949,,branch-misses:u,1147232,100.00,,
     0.111943077,0,,cache-misses:u,1147328,100.00,,
     0.111943077,1524233,,bus-cycles:u,1147328,100.00,,
     0.111943077,1713818,,instructions:u,1147360,100.00,,
     0.113091547,86426,,branch-misses:u,1147680,100.00,,
     0.113091547,0,,cache-misses:u,1147584,100.00,,
     0.113091547,1530135,,bus-cycles:u,1147584,100.00,,
     0.113091547,1721722,,instructions:u,1147456,100.00,,
     0.114237648,86082,,branch-misses:u,1145504,100.00,,
     0.114237648,0,,cache-misses:u,1145504,100.00,,
     0.114237648,1527675,,bus-cycles:u,1145472,100.00,,
     0.114237648,1720270,,instructions:u,1145568,100.00,,
     0.115384742,85580,,branch-misses:u,1146944,100.00,,
     0.115384742,0,,cache-misses:u,1146880,100.00,,
     0.115384742,1523940,,bus-cycles:u,1146976,100.00,,
     0.115384742,1716090,,instructions:u,1147008,100.00,,
     0.116532411,86296,,branch-misses:u,1146720,100.00,,
     0.116532411,0,,cache-misses:u,1146752,100.00,,
     0.116532411,1528975,,bus-cycles:u,1146624,100.00,,
     0.116532411,1724120,,instructions:u,1146624,100.00,,
     0.117678736,86205,,branch-misses:u,1145632,100.00,,
     0.117678736,0,,cache-misses:u,1145664,100.00,,
     0.117678736,1527747,,bus-cycles:u,1145728,100.00,,
     0.117678736,1728990,,instructions:u,1145664,100.00,,
     0.118825029,85629,,branch-misses:u,1145824,100.00,,
     0.118825029,0,,cache-misses:u,1145824,100.00,,
     0.118825029,1528115,,bus-cycles:u,1145856,100.00,,
     0.118825029,1710190,,instructions:u,1145888,100.00,,
     0.119972187,85241,,branch-misses:u,1147008,100.00,,
     0.119972187,0,,cache-misses:u,1146944,100.00,,
     0.119972187,1518683,,bus-cycles:u,1146912,100.00,,
     0.119972187,1711254,,instructions:u,1146976,100.00,,
     0.121120977,86214,,branch-misses:u,1147808,100.00,,
     0.121120977,0,,cache-misses:u,1147840,100.00,,
     0.121120977,1531197,,bus-cycles:u,1147872,100.00,,
     0.121120977,1722066,,instructions:u,1147840,100.00,,
     0.122267238,86096,,branch-misses:u,1145760,100.00,,
     0.122267238,0,,cache-misses:u,1145792,100.00,,
     0.122267238,1528389,,bus-cycles:u,1145792,100.00,,
     0.122267238,1722702,,instructions:u,1145760,100.00,,
     0.123414075,85659,,branch-misses:u,1146336,100.00,,
     0.123414075,0,,cache-misses:u,1146272,100.00,,
     0.123414075,1523695,,bus-cycles:u,1146272,100.00,,
     0.123414075,1715928,,instructions:u,1146368,100.00,,
     0.124561617,86246,,branch-misses:u,1146944,100.00,,
     0.124561617,0,,cache-misses:u,1147040,100.00,,
     0.124561617,1530298,,bus-cycles:u,1147008,100.00,,
     0.124561617,1729420,,instructions:u,1146912,100.00,,
     0.125708294,85987,,branch-misses:u,1146048,100.00,,
     0.125708294,0,,cache-misses:u,1146048,100.00,,
     0.125708294,1529027,,bus-cycles:u,1146016,100.00,,
     0.125708294,1719570,,instructions:u,1145984,100.00,,
     0.126854267,86091,,branch-misses:u,1145440,100.00,,
     0.126854267,0,,cache-misses:u,1145472,100.00,,
     0.126854267,1528518,,bus-cycles:u,1145472,100.00,,
     0.126854267,1718200,,instructions:u,1145536,100.00,,
     0.128001616,86066,,branch-misses:u,1146816,100.00,,
     0.128001616,0,,cache-misses:u,1146720,100.00,,
     0.128001616,1525147,,bus-cycles:u,1146720,100.00,,
     0.128001616,1724090,,instructions:u,1146720,100.00,,
     0.129159563,86742,,branch-misses:u,1157632,100.00,,
     0.129159563,0,,cache-misses:u,1157792,100.00,,
     0.129159563,1545330,,bus-cycles:u,1157952,100.00,,
     0.129159563,1741600,,instructions:u,1158048,100.00,,
     0.130307777,86174,,branch-misses:u,1147424,100.00,,
     0.130307777,0,,cache-misses:u,1147424,100.00,,
     0.130307777,1531174,,bus-cycles:u,1147296,100.00,,
     0.130307777,1718500,,instructions:u,1147200,100.00,,
     0.131455318,85732,,branch-misses:u,1147264,100.00,,
     0.131455318,0,,cache-misses:u,1147264,100.00,,
     0.131455318,1525684,,bus-cycles:u,1147296,100.00,,
     0.131455318,1716580,,instructions:u,1147264,100.00,,
     0.132603596,85034,,branch-misses:u,1147424,100.00,,
     0.132603596,0,,cache-misses:u,1147328,100.00,,
     0.132603596,1530748,,bus-cycles:u,1147296,100.00,,
     0.132603596,1706260,,instructions:u,1147296,100.00,,
     0.133750369,85722,,branch-misses:u,1146272,100.00,,
     0.133750369,0,,cache-misses:u,1146208,100.00,,
     0.133750369,1528854,,bus-cycles:u,1146240,100.00,,
     0.133750369,1712452,,instructions:u,1146240,100.00,,
     0.134897047,85545,,branch-misses:u,1146080,100.00,,
     0.134897047,0,,cache-misses:u,1146144,100.00,,
     0.134897047,1528355,,bus-cycles:u,1146080,100.00,,
     0.134897047,1714648,,instructions:u,1146016,100.00,,
     0.136044780,85795,,branch-misses:u,1147424,100.00,,
     0.136044780,0,,cache-misses:u,1147552,100.00,,
     0.136044780,1525133,,bus-cycles:u,1147552,100.00,,
     0.136044780,1719390,,instructions:u,1147648,100.00,,
     0.137192962,85929,,branch-misses:u,1147296,100.00,,
     0.137192962,0,,cache-misses:u,1147072,100.00,,
     0.137192962,1529776,,bus-cycles:u,1147104,100.00,,
     0.137192962,1718610,,instructions:u,1147072,100.00,,
     0.138339031,86300,,branch-misses:u,1145536,100.00,,
     0.138339031,0,,cache-misses:u,1145696,100.00,,
     0.138339031,1527751,,bus-cycles:u,1145728,100.00,,
     0.138339031,1724508,,instructions:u,1145728,100.00,,
     0.139486381,85940,,branch-misses:u,1147104,100.00,,
     0.139486381,0,,cache-misses:u,1147040,100.00,,
     0.139486381,1525471,,bus-cycles:u,1147008,100.00,,
     0.139486381,1715682,,instructions:u,1147136,100.00,,
     0.140634498,86126,,branch-misses:u,1147456,100.00,,
     0.140634498,0,,cache-misses:u,1147744,100.00,,
     0.140634498,1532420,,bus-cycles:u,1147744,100.00,,
     0.140634498,1721440,,instructions:u,1147648,100.00,,
     0.141782840,86614,,branch-misses:u,1147584,100.00,,
     0.141782840,0,,cache-misses:u,1147296,100.00,,
     0.141782840,1531089,,bus-cycles:u,1147296,100.00,,
     0.141782840,1733110,,instructions:u,1147296,100.00,,
     0.142929486,86101,,branch-misses:u,1146016,100.00,,
     0.142929486,0,,cache-misses:u,1146016,100.00,,
     0.142929486,1529534,,bus-cycles:u,1145952,100.00,,
     0.142929486,1716070,,instructions:u,1145984,100.00,,
     0.144076995,86065,,branch-misses:u,1147264,100.00,,
     0.144076995,0,,cache-misses:u,1147360,100.00,,
     0.144076995,1525943,,bus-cycles:u,1147520,100.00,,
     0.144076995,1721560,,instructions:u,1147456,100.00,,
     0.145225337,86330,,branch-misses:u,1147488,100.00,,
     0.145225337,0,,cache-misses:u,1147456,100.00,,
     0.145225337,1531144,,bus-cycles:u,1147296,100.00,,
     0.145225337,1720010,,instructions:u,1147264,100.00,,
     0.146372430,86139,,branch-misses:u,1146496,100.00,,
     0.146372430,0,,cache-misses:u,1146368,100.00,,
     0.146372430,1529860,,bus-cycles:u,1146432,100.00,,
     0.146372430,1728214,,instructions:u,1146464,100.00,,
     0.147520324,85894,,branch-misses:u,1147616,100.00,,
     0.147520324,0,,cache-misses:u,1147744,100.00,,
     0.147520324,1524489,,bus-cycles:u,1147712,100.00,,
     0.147520324,1724806,,instructions:u,1147744,100.00,,
     0.148669114,85570,,branch-misses:u,1147904,100.00,,
     0.148669114,0,,cache-misses:u,1147968,100.00,,
     0.148669114,1531483,,bus-cycles:u,1147968,100.00,,
     0.148669114,1713900,,instructions:u,1148000,100.00,,
     0.149827445,87340,,branch-misses:u,1157920,100.00,,
     0.149827445,0,,cache-misses:u,1157920,100.00,,
     0.149827445,1544159,,bus-cycles:u,1157984,100.00,,
     0.149827445,1746890,,instructions:u,1157952,100.00,,
     0.150975723,86678,,branch-misses:u,1147552,100.00,,
     0.150975723,0,,cache-misses:u,1147360,100.00,,
     0.150975723,1529797,,bus-cycles:u,1147328,100.00,,
     0.150975723,1726240,,instructions:u,1147296,100.00,,
     0.152132069,86426,,branch-misses:u,1156160,100.00,,
     0.152132069,0,,cache-misses:u,1156320,100.00,,
     0.152132069,1536326,,bus-cycles:u,1156352,100.00,,
     0.152132069,1735202,,instructions:u,1156352,100.00,,
     0.153282012,86128,,branch-misses:u,1149024,100.00,,
     0.153282012,0,,cache-misses:u,1148896,100.00,,
     0.153282012,1532425,,bus-cycles:u,1148832,100.00,,
     0.153282012,1716488,,instructions:u,1148800,100.00,,
     0.154429265,86246,,branch-misses:u,1146752,100.00,,
     0.154429265,0,,cache-misses:u,1146720,100.00,,
     0.154429265,1529405,,bus-cycles:u,1146688,100.00,,
     0.154429265,1719670,,instructions:u,1146752,100.00,,
     0.155576871,85488,,branch-misses:u,1147200,100.00,,
     0.155576871,0,,cache-misses:u,1147232,100.00,,
     0.155576871,1524664,,bus-cycles:u,1147296,100.00,,
     0.155576871,1714760,,instructions:u,1147264,100.00,,
     0.156724701,86109,,branch-misses:u,1147072,100.00,,
     0.156724701,0,,cache-misses:u,1147040,100.00,,
     0.156724701,1529913,,bus-cycles:u,1147072,100.00,,
     0.156724701,1723340,,instructions:u,1147104,100.00,,
     0.157869937,84831,,branch-misses:u,1144544,100.00,,
     0.157869937,0,,cache-misses:u,1144512,100.00,,
     0.157869937,1526235,,bus-cycles:u,1144512,100.00,,
     0.157869937,1689180,,instructions:u,1144448,100.00,,
     0.159015302,85750,,branch-misses:u,1144832,100.00,,
     0.159015302,0,,cache-misses:u,1144864,100.00,,
     0.159015302,1527044,,bus-cycles:u,1144800,100.00,,
     0.159015302,1711200,,instructions:u,1144768,100.00,,
     0.160170751,86618,,branch-misses:u,1154976,100.00,,
     0.160170751,0,,cache-misses:u,1155168,100.00,,
     0.160170751,1536840,,bus-cycles:u,1155200,100.00,,
     0.160170751,1731430,,instructions:u,1155264,100.00,,
     0.161316436,86071,,branch-misses:u,1144928,100.00,,
     0.161316436,0,,cache-misses:u,1144736,100.00,,
     0.161316436,1526404,,bus-cycles:u,1144736,100.00,,
     0.161316436,1720240,,instructions:u,1144736,100.00,,
     0.162462089,85643,,branch-misses:u,1145152,100.00,,
     0.162462089,0,,cache-misses:u,1145152,100.00,,
     0.162462089,1527531,,bus-cycles:u,1145088,100.00,,
     0.162462089,1711200,,instructions:u,1145088,100.00,,
     0.163607677,85813,,branch-misses:u,1145856,100.00,,
     0.163607677,0,,cache-misses:u,1146400,100.00,,
     0.163607677,1523359,,bus-cycles:u,1146464,100.00,,
     0.163607677,1720350,,instructions:u,1146528,100.00,,
     0.164764215,87027,,branch-misses:u,1155296,100.00,,
     0.164764215,0,,cache-misses:u,1154816,100.00,,
     0.164764215,1540703,,bus-cycles:u,1154784,100.00,,
     0.164764215,1736170,,instructions:u,1154784,100.00,,
     0.165912013,86414,,branch-misses:u,1147168,100.00,,
     0.165912013,0,,cache-misses:u,1147200,100.00,,
     0.165912013,1529796,,bus-cycles:u,1147136,100.00,,
     0.165912013,1728560,,instructions:u,1147040,100.00,,
     0.167059362,86019,,branch-misses:u,1146816,100.00,,
     0.167059362,0,,cache-misses:u,1151136,100.00,,
     0.167059362,1530384,,bus-cycles:u,1151200,100.00,,
     0.167059362,1734290,,instructions:u,1151296,100.00,,
     0.168215100,86984,,branch-misses:u,1155104,100.00,,
     0.168215100,0,,cache-misses:u,1150656,100.00,,
     0.168215100,1534902,,bus-cycles:u,1150688,100.00,,
     0.168215100,1739380,,instructions:u,1150656,100.00,,
     0.169361585,86653,,branch-misses:u,1145888,100.00,,
     0.169361585,0,,cache-misses:u,1145952,100.00,,
     0.169361585,1528624,,bus-cycles:u,1145920,100.00,,
     0.169361585,1728700,,instructions:u,1145888,100.00,,
     0.170519788,86497,,branch-misses:u,1157824,100.00,,
     0.170519788,0,,cache-misses:u,1157888,100.00,,
     0.170519788,1544189,,bus-cycles:u,1157920,100.00,,
     0.170519788,1727110,,instructions:u,1158016,100.00,,
     0.171669251,85858,,branch-misses:u,1149120,100.00,,
     0.171669251,0,,cache-misses:u,1149024,100.00,,
     0.171669251,1527293,,bus-cycles:u,1149024,100.00,,
     0.171669251,1719450,,instructions:u,1148928,100.00,,
     0.172817945,86076,,branch-misses:u,1147744,100.00,,
     0.172817945,0,,cache-misses:u,1147712,100.00,,
     0.172817945,1529731,,bus-cycles:u,1147680,100.00,,
     0.172817945,1731030,,instructions:u,1147680,100.00,,
     0.173964750,86352,,branch-misses:u,1146240,100.00,,
     0.173964750,0,,cache-misses:u,1146304,100.00,,
     0.173964750,1528162,,bus-cycles:u,1146336,100.00,,
     0.173964750,1723540,,instructions:u,1146336,100.00,,
     0.175113092,86110,,branch-misses:u,1148192,100.00,,
     0.175113092,0,,cache-misses:u,1148160,100.00,,
     0.175113092,1525216,,bus-cycles:u,1148128,100.00,,
     0.175113092,1721930,,instructions:u,1148160,100.00,,
     0.176261178,86632,,branch-misses:u,1147104,100.00,,
     0.176261178,0,,cache-misses:u,1147104,100.00,,
     0.176261178,1529876,,bus-cycles:u,1147136,100.00,,
     0.176261178,1733147,,instructions:u,1147104,100.00,,
     0.177408047,85756,,branch-misses:u,1146272,100.00,,
     0.177408047,0,,cache-misses:u,1146272,100.00,,
     0.177408047,1528941,,bus-cycles:u,1146240,100.00,,
     0.177408047,1715173,,instructions:u,1146272,100.00,,
     0.178555204,85829,,branch-misses:u,1146656,100.00,,
     0.178555204,0,,cache-misses:u,1146720,100.00,,
     0.178555204,1529436,,bus-cycles:u,1146784,100.00,,
     0.178555204,1713320,,instructions:u,1146720,100.00,,
     0.179702906,85803,,branch-misses:u,1147552,100.00,,
     0.179702906,0,,cache-misses:u,1147520,100.00,,
     0.179702906,1522992,,bus-cycles:u,1147520,100.00,,
     0.179702906,1716620,,instructions:u,1147584,100.00,,
     0.180851504,86590,,branch-misses:u,1147616,100.00,,
     0.180851504,0,,cache-misses:u,1147648,100.00,,
     0.180851504,1530718,,bus-cycles:u,1147584,100.00,,
     0.180851504,1725650,,instructions:u,1147552,100.00,,
     0.181998534,85824,,branch-misses:u,1146432,100.00,,
     0.181998534,0,,cache-misses:u,1146432,100.00,,
     0.181998534,1528380,,bus-cycles:u,1146432,100.00,,
     0.181998534,1714810,,instructions:u,1146432,100.00,,
     0.183146427,85828,,branch-misses:u,1147360,100.00,,
     0.183146427,0,,cache-misses:u,1147424,100.00,,
     0.183146427,1525183,,bus-cycles:u,1147424,100.00,,
     0.183146427,1730700,,instructions:u,1147456,100.00,,
     0.184294417,85672,,branch-misses:u,1147424,100.00,,
     0.184294417,0,,cache-misses:u,1147424,100.00,,
     0.184294417,1529879,,bus-cycles:u,1147456,100.00,,
     0.184294417,1717690,,instructions:u,1147488,100.00,,
     0.185441510,85674,,branch-misses:u,1146528,100.00,,
     0.185441510,0,,cache-misses:u,1146528,100.00,,
     0.185441510,1528708,,bus-cycles:u,1146496,100.00,,
     0.185441510,1717950,,instructions:u,1146464,100.00,,
     0.186588508,86333,,branch-misses:u,1146400,100.00,,
     0.186588508,0,,cache-misses:u,1146400,100.00,,
     0.186588508,1528251,,bus-cycles:u,1146400,100.00,,
     0.186588508,1729730,,instructions:u,1146400,100.00,,
     0.187736113,86092,,branch-misses:u,1147168,100.00,,
     0.187736113,0,,cache-misses:u,1147008,100.00,,
     0.187736113,1523873,,bus-cycles:u,1147040,100.00,,
     0.187736113,1721670,,instructions:u,1147040,100.00,,
     0.188882951,86093,,branch-misses:u,1146176,100.00,,
     0.188882951,0,,cache-misses:u,1146208,100.00,,
     0.188882951,1528407,,bus-cycles:u,1146304,100.00,,
     0.188882951,1724970,,instructions:u,1146304,100.00,,
     0.190029724,86494,,branch-misses:u,1146176,100.00,,
     0.190029724,0,,cache-misses:u,1146304,100.00,,
     0.190029724,1528666,,bus-cycles:u,1146208,100.00,,
     0.190029724,1731950,,instructions:u,1146176,100.00,,
     0.191176785,85916,,branch-misses:u,1146816,100.00,,
     0.191176785,0,,cache-misses:u,1146688,100.00,,
     0.191176785,1523702,,bus-cycles:u,1146656,100.00,,
     0.191176785,1718250,,instructions:u,1146656,100.00,,
     0.192335692,87143,,branch-misses:u,1158240,100.00,,
     0.192335692,0,,cache-misses:u,1158336,100.00,,
     0.192335692,1544643,,bus-cycles:u,1158336,100.00,,
     0.192335692,1746320,,instructions:u,1158336,100.00,,
     0.193483266,86184,,branch-misses:u,1146912,100.00,,
     0.193483266,0,,cache-misses:u,1146944,100.00,,
     0.193483266,1530138,,bus-cycles:u,1146976,100.00,,
     0.193483266,1726260,,instructions:u,1146944,100.00,,
     0.194630647,86587,,branch-misses:u,1146720,100.00,,
     0.194630647,0,,cache-misses:u,1146624,100.00,,
     0.194630647,1530321,,bus-cycles:u,1146592,100.00,,
     0.194630647,1731020,,instructions:u,1146656,100.00,,
     0.195778701,86451,,branch-misses:u,1147872,100.00,,
     0.195778701,0,,cache-misses:u,1147872,100.00,,
     0.195778701,1526349,,bus-cycles:u,1147904,100.00,,
     0.195778701,1723060,,instructions:u,1147904,100.00,,
     0.196927620,86491,,branch-misses:u,1147968,100.00,,
     0.196927620,0,,cache-misses:u,1148064,100.00,,
     0.196927620,1531898,,bus-cycles:u,1148032,100.00,,
     0.196927620,1729330,,instructions:u,1148000,100.00,,
     0.198075609,86130,,branch-misses:u,1147392,100.00,,
     0.198075609,0,,cache-misses:u,1147296,100.00,,
     0.198075609,1531363,,bus-cycles:u,1147264,100.00,,
     0.198075609,1726930,,instructions:u,1147328,100.00,,
     0.199223503,86065,,branch-misses:u,1147616,100.00,,
     0.199223503,0,,cache-misses:u,1147616,100.00,,
     0.199223503,1526290,,bus-cycles:u,1147712,100.00,,
     0.199223503,1719300,,instructions:u,1147712,100.00,,
     0.200372293,86295,,branch-misses:u,1148064,100.00,,
     0.200372293,0,,cache-misses:u,1148352,100.00,,
     0.200372293,1532447,,bus-cycles:u,1148416,100.00,,
     0.200372293,1727310,,instructions:u,1148384,100.00,,
     0.201520635,86489,,branch-misses:u,1147712,100.00,,
     0.201520635,0,,cache-misses:u,1147424,100.00,,
     0.201520635,1531254,,bus-cycles:u,1147360,100.00,,
     0.201520635,1719880,,instructions:u,1147360,100.00,,
     0.202667825,86372,,branch-misses:u,1146560,100.00,,
     0.202667825,0,,cache-misses:u,1146560,100.00,,
     0.202667825,1530182,,bus-cycles:u,1146560,100.00,,
     0.202667825,1734210,,instructions:u,1146528,100.00,,
     0.203815622,86188,,branch-misses:u,1147712,100.00,,
     0.203815622,0,,cache-misses:u,1147776,100.00,,
     0.203815622,1526528,,bus-cycles:u,1147712,100.00,,
     0.203815622,1723380,,instructions:u,1147776,100.00,,
     0.204964669,86388,,branch-misses:u,1148160,100.00,,
     0.204964669,0,,cache-misses:u,1148128,100.00,,
     0.204964669,1532785,,bus-cycles:u,1148160,100.00,,
     0.204964669,1736490,,instructions:u,1148160,100.00,,
     0.206111922,86505,,branch-misses:u,1146656,100.00,,
     0.206111922,0,,cache-misses:u,1146656,100.00,,
     0.206111922,1530719,,bus-cycles:u,1146656,100.00,,
     0.206111922,1727680,,instructions:u,1146624,100.00,,
     0.207259912,86161,,branch-misses:u,1147680,100.00,,
     0.207259912,0,,cache-misses:u,1147584,100.00,,
     0.207259912,1526723,,bus-cycles:u,1147584,100.00,,
     0.207259912,1727060,,instructions:u,1147584,100.00,,
     0.208408510,86733,,branch-misses:u,1147808,100.00,,
     0.208408510,0,,cache-misses:u,1147904,100.00,,
     0.208408510,1531934,,bus-cycles:u,1147936,100.00,,
     0.208408510,1736100,,instructions:u,1147904,100.00,,
     0.209554963,86123,,branch-misses:u,1145760,100.00,,
     0.209554963,0,,cache-misses:u,1145664,100.00,,
     0.209554963,1528708,,bus-cycles:u,1145664,100.00,,
     0.209554963,1723850,,instructions:u,1145728,100.00,,
     0.210701832,86454,,branch-misses:u,1146304,100.00,,
     0.210701832,0,,cache-misses:u,1146464,100.00,,
     0.210701832,1529052,,bus-cycles:u,1146464,100.00,,
     0.210701832,1731220,,instructions:u,1146432,100.00,,
     0.211849502,86165,,branch-misses:u,1147424,100.00,,
     0.211849502,0,,cache-misses:u,1147264,100.00,,
     0.211849502,1525093,,bus-cycles:u,1147232,100.00,,
     0.211849502,1724550,,instructions:u,1147264,100.00,,
     0.213008473,86888,,branch-misses:u,1158240,100.00,,
     0.213008473,0,,cache-misses:u,1158624,100.00,,
     0.213008473,1545716,,bus-cycles:u,1158688,100.00,,
     0.213008473,1738000,,instructions:u,1158720,100.00,,
     0.214156047,86090,,branch-misses:u,1146784,100.00,,
     0.214156047,0,,cache-misses:u,1146528,100.00,,
     0.214156047,1529279,,bus-cycles:u,1146496,100.00,,
     0.214156047,1734152,,instructions:u,1146464,100.00,,
     0.215303108,86168,,branch-misses:u,1146944,100.00,,
     0.215303108,0,,cache-misses:u,1146880,100.00,,
     0.215303108,1524225,,bus-cycles:u,1146944,100.00,,
     0.215303108,1719028,,instructions:u,1146944,100.00,,
     0.216451354,86002,,branch-misses:u,1147264,100.00,,
     0.216451354,0,,cache-misses:u,1147264,100.00,,
     0.216451354,1529917,,bus-cycles:u,1147136,100.00,,
     0.216451354,1718100,,instructions:u,1147200,100.00,,
     0.217597583,86267,,branch-misses:u,1145728,100.00,,
     0.217597583,0,,cache-misses:u,1145728,100.00,,
     0.217597583,1528944,,bus-cycles:u,1145824,100.00,,
     0.217597583,1730000,,instructions:u,1145760,100.00,,
     0.218744132,86514,,branch-misses:u,1146080,100.00,,
     0.218744132,0,,cache-misses:u,1146080,100.00,,
     0.218744132,1529261,,bus-cycles:u,1146048,100.00,,
     0.218744132,1728310,,instructions:u,1146016,100.00,,
     0.219891642,85697,,branch-misses:u,1147200,100.00,,
     0.219891642,0,,cache-misses:u,1147232,100.00,,
     0.219891642,1525121,,bus-cycles:u,1147200,100.00,,
     0.219891642,1718520,,instructions:u,1147232,100.00,,
     0.221039440,86122,,branch-misses:u,1146848,100.00,,
     0.221039440,0,,cache-misses:u,1146816,100.00,,
     0.221039440,1530270,,bus-cycles:u,1146816,100.00,,
     0.221039440,1733040,,instructions:u,1146784,100.00,,
     0.222185220,85925,,branch-misses:u,1145280,100.00,,
     0.222185220,0,,cache-misses:u,1145312,100.00,,
     0.222185220,1527742,,bus-cycles:u,1145376,100.00,,
     0.222185220,1719800,,instructions:u,1145376,100.00,,
     0.223331737,85693,,branch-misses:u,1146176,100.00,,
     0.223331737,0,,cache-misses:u,1146112,100.00,,
     0.223331737,1523264,,bus-cycles:u,1146048,100.00,,
     0.223331737,1701810,,instructions:u,1145984,100.00,,
     0.224479375,86390,,branch-misses:u,1146720,100.00,,
     0.224479375,0,,cache-misses:u,1146720,100.00,,
     0.224479375,1529708,,bus-cycles:u,1146688,100.00,,
     0.224479375,1728720,,instructions:u,1146752,100.00,,
     0.225625028,86026,,branch-misses:u,1145248,100.00,,
     0.225625028,0,,cache-misses:u,1145312,100.00,,
     0.225625028,1528518,,bus-cycles:u,1145376,100.00,,
     0.225625028,1721270,,instructions:u,1145312,100.00,,
     0.226770552,86081,,branch-misses:u,1144864,100.00,,
     0.226770552,0,,cache-misses:u,1145056,100.00,,
     0.226770552,1527599,,bus-cycles:u,1145024,100.00,,
     0.226770552,1728751,,instructions:u,1145152,100.00,,
     0.227917710,86225,,branch-misses:u,1146880,100.00,,
     0.227917710,0,,cache-misses:u,1146592,100.00,,
     0.227917710,1523870,,bus-cycles:u,1146592,100.00,,
     0.227917710,1729199,,instructions:u,1146464,100.00,,
     0.229065828,85932,,branch-misses:u,1147264,100.00,,
     0.229065828,0,,cache-misses:u,1147296,100.00,,
     0.229065828,1530642,,bus-cycles:u,1147296,100.00,,
     0.229065828,1711200,,instructions:u,1147360,100.00,,
     0.230211480,86227,,branch-misses:u,1145056,100.00,,
     0.230211480,0,,cache-misses:u,1145120,100.00,,
     0.230211480,1527491,,bus-cycles:u,1145088,100.00,,
     0.230211480,1725540,,instructions:u,1145088,100.00,,
     0.231358285,85488,,branch-misses:u,1146560,100.00,,
     0.231358285,0,,cache-misses:u,1146496,100.00,,
     0.231358285,1524200,,bus-cycles:u,1146528,100.00,,
     0.231358285,1709220,,instructions:u,1146496,100.00,,
     0.232505123,85653,,branch-misses:u,1146016,100.00,,
     0.232505123,0,,cache-misses:u,1146048,100.00,,
     0.232505123,1528766,,bus-cycles:u,1146048,100.00,,
     0.232505123,1721900,,instructions:u,1146048,100.00,,
     0.233651672,85221,,branch-misses:u,1145824,100.00,,
     0.233651672,0,,cache-misses:u,1145888,100.00,,
     0.233651672,1529160,,bus-cycles:u,1145920,100.00,,
     0.233651672,1702380,,instructions:u,1145952,100.00,,
     0.234813396,87624,,branch-misses:u,1161344,100.00,,
     0.234813396,0,,cache-misses:u,1161504,100.00,,
     0.234813396,1549772,,bus-cycles:u,1161536,100.00,,
     0.234813396,1743030,,instructions:u,1161600,100.00,,
     0.235962763,86153,,branch-misses:u,1149088,100.00,,
     0.235962763,0,,cache-misses:u,1148896,100.00,,
     0.235962763,1527660,,bus-cycles:u,1148864,100.00,,
     0.235962763,1721720,,instructions:u,1148800,100.00,,
     0.237111393,86101,,branch-misses:u,1147744,100.00,,
     0.237111393,0,,cache-misses:u,1147744,100.00,,
     0.237111393,1530176,,bus-cycles:u,1147744,100.00,,
     0.237111393,1722500,,instructions:u,1147712,100.00,,
     0.238258518,86084,,branch-misses:u,1146432,100.00,,
     0.238258518,0,,cache-misses:u,1146400,100.00,,
     0.238258518,1529061,,bus-cycles:u,1146336,100.00,,
     0.238258518,1728480,,instructions:u,1146304,100.00,,
     0.239405644,85634,,branch-misses:u,1146656,100.00,,
     0.239405644,0,,cache-misses:u,1146720,100.00,,
     0.239405644,1524751,,bus-cycles:u,1146656,100.00,,
     0.239405644,1711460,,instructions:u,1146720,100.00,,
     0.240553826,86150,,branch-misses:u,1147648,100.00,,
     0.240553826,0,,cache-misses:u,1147520,100.00,,
     0.240553826,1531074,,bus-cycles:u,1147488,100.00,,
     0.240553826,1718090,,instructions:u,1147488,100.00,,
     0.241700471,85766,,branch-misses:u,1145984,100.00,,
     0.241700471,0,,cache-misses:u,1146048,100.00,,
     0.241700471,1529423,,bus-cycles:u,1146144,100.00,,
     0.241700471,1717070,,instructions:u,1146176,100.00,,
     0.242847148,86232,,branch-misses:u,1146176,100.00,,
     0.242847148,0,,cache-misses:u,1146208,100.00,,
     0.242847148,1529452,,bus-cycles:u,1146304,100.00,,
     0.242847148,1725526,,instructions:u,1146336,100.00,,
     0.243994818,85937,,branch-misses:u,1147456,100.00,,
     0.243994818,0,,cache-misses:u,1147392,100.00,,
     0.243994818,1523191,,bus-cycles:u,1147296,100.00,,
     0.243994818,1712494,,instructions:u,1147200,100.00,,
     0.245142711,86171,,branch-misses:u,1146944,100.00,,
     0.245142711,0,,cache-misses:u,1146976,100.00,,
     0.245142711,1530575,,bus-cycles:u,1146976,100.00,,
     0.245142711,1728130,,instructions:u,1147072,100.00,,
     0.246289132,86661,,branch-misses:u,1145792,100.00,,
     0.246289132,0,,cache-misses:u,1145760,100.00,,
     0.246289132,1528871,,bus-cycles:u,1145824,100.00,,
     0.246289132,1732320,,instructions:u,1145728,100.00,,
     0.247436738,84730,,branch-misses:u,1147456,100.00,,
     0.247436738,0,,cache-misses:u,1147424,100.00,,
     0.247436738,1525095,,bus-cycles:u,1147424,100.00,,
     0.247436738,1699344,,instructions:u,1147456,100.00,,
     0.248585304,86789,,branch-misses:u,1147616,100.00,,
     0.248585304,0,,cache-misses:u,1147712,100.00,,
     0.248585304,1530800,,bus-cycles:u,1147712,100.00,,
     0.248585304,1733246,,instructions:u,1147680,100.00,,
     0.249731949,86103,,branch-misses:u,1146048,100.00,,
     0.249731949,0,,cache-misses:u,1146112,100.00,,
     0.249731949,1528322,,bus-cycles:u,1146048,100.00,,
     0.249731949,1725640,,instructions:u,1146080,100.00,,
     0.250878594,86493,,branch-misses:u,1146112,100.00,,
     0.250878594,0,,cache-misses:u,1146016,100.00,,
     0.250878594,1527837,,bus-cycles:u,1146080,100.00,,
     0.250878594,1730160,,instructions:u,1146080,100.00,,
     0.252025656,85840,,branch-misses:u,1146816,100.00,,
     0.252025656,0,,cache-misses:u,1146848,100.00,,
     0.252025656,1523976,,bus-cycles:u,1146816,100.00,,
     0.252025656,1713468,,instructions:u,1146848,100.00,,
     0.253172909,86224,,branch-misses:u,1146240,100.00,,
     0.253172909,0,,cache-misses:u,1146240,100.00,,
     0.253172909,1528458,,bus-cycles:u,1146240,100.00,,
     0.253172909,1722852,,instructions:u,1146208,100.00,,
     0.254317761,86044,,branch-misses:u,1144352,100.00,,
     0.254317761,0,,cache-misses:u,1144352,100.00,,
     0.254317761,1526362,,bus-cycles:u,1144384,100.00,,
     0.254317761,1719441,,instructions:u,1144384,100.00,,
     0.255471834,86368,,branch-misses:u,1154112,100.00,,
     0.255471834,0,,cache-misses:u,1154432,100.00,,
     0.255471834,1534786,,bus-cycles:u,1154336,100.00,,
     0.255471834,1726729,,instructions:u,1154336,100.00,,
     0.256620977,86415,,branch-misses:u,1148096,100.00,,
     0.256620977,0,,cache-misses:u,1147776,100.00,,
     0.256620977,1531461,,bus-cycles:u,1147872,100.00,,
     0.256620977,1731274,,instructions:u,1147808,100.00,,
     0.257766501,85239,,branch-misses:u,1144832,100.00,,
     0.257766501,0,,cache-misses:u,1144800,100.00,,
     0.257766501,1527447,,bus-cycles:u,1144768,100.00,,
     0.257766501,1707836,,instructions:u,1144864,100.00,,
     0.258911321,85757,,branch-misses:u,1144288,100.00,,
     0.258911321,0,,cache-misses:u,1144224,100.00,,
     0.258911321,1526215,,bus-cycles:u,1144256,100.00,,
     0.258911321,1714230,,instructions:u,1144224,100.00,,
     0.260056622,85177,,branch-misses:u,1145216,100.00,,
     0.260056622,0,,cache-misses:u,1145632,100.00,,
     0.260056622,1522760,,bus-cycles:u,1145600,100.00,,
     0.260056622,1715410,,instructions:u,1145632,100.00,,
     0.261207525,86425,,branch-misses:u,1149984,100.00,,
     0.261207525,0,,cache-misses:u,1149600,100.00,,
     0.261207525,1533593,,bus-cycles:u,1149632,100.00,,
     0.261207525,1727950,,instructions:u,1149600,100.00,,
     0.262354458,85750,,branch-misses:u,1146400,100.00,,
     0.262354458,0,,cache-misses:u,1146432,100.00,,
     0.262354458,1529134,,bus-cycles:u,1146368,100.00,,
     0.262354458,1716720,,instructions:u,1146336,100.00,,
     0.263501552,85799,,branch-misses:u,1146464,100.00,,
     0.263501552,0,,cache-misses:u,1146464,100.00,,
     0.263501552,1525545,,bus-cycles:u,1146528,100.00,,
     0.263501552,1723550,,instructions:u,1146528,100.00,,
     0.264650214,86495,,branch-misses:u,1148160,100.00,,
     0.264650214,0,,cache-misses:u,1148224,100.00,,
     0.264650214,1531363,,bus-cycles:u,1148160,100.00,,
     0.264650214,1732180,,instructions:u,1148160,100.00,,
     0.265797339,86661,,branch-misses:u,1146432,100.00,,
     0.265797339,0,,cache-misses:u,1146336,100.00,,
     0.265797339,1529223,,bus-cycles:u,1146368,100.00,,
     0.265797339,1724340,,instructions:u,1146368,100.00,,
     0.266943568,86423,,branch-misses:u,1145696,100.00,,
     0.266943568,0,,cache-misses:u,1145728,100.00,,
     0.266943568,1528193,,bus-cycles:u,1145760,100.00,,
     0.266943568,1732710,,instructions:u,1145792,100.00,,
     0.268090790,85665,,branch-misses:u,1147008,100.00,,
     0.268090790,0,,cache-misses:u,1146944,100.00,,
     0.268090790,1524109,,bus-cycles:u,1146880,100.00,,
     0.268090790,1712170,,instructions:u,1146848,100.00,,
     0.269237915,84786,,branch-misses:u,1146336,100.00,,
     0.269237915,0,,cache-misses:u,1146432,100.00,,
     0.269237915,1529452,,bus-cycles:u,1146432,100.00,,
     0.269237915,1697354,,instructions:u,1146464,100.00,,
     0.270384208,86155,,branch-misses:u,1145568,100.00,,
     0.270384208,0,,cache-misses:u,1145536,100.00,,
     0.270384208,1527780,,bus-cycles:u,1145632,100.00,,
     0.270384208,1719826,,instructions:u,1145664,100.00,,
     0.271531141,85963,,branch-misses:u,1146688,100.00,,
     0.271531141,0,,cache-misses:u,1146752,100.00,,
     0.271531141,1524408,,bus-cycles:u,1146752,100.00,,
     0.271531141,1721794,,instructions:u,1146656,100.00,,
     0.272678459,85153,,branch-misses:u,1146496,100.00,,
     0.272678459,0,,cache-misses:u,1146464,100.00,,
     0.272678459,1529411,,bus-cycles:u,1146368,100.00,,
     0.272678459,1710886,,instructions:u,1146464,100.00,,
     0.273825072,86415,,branch-misses:u,1146016,100.00,,
     0.273825072,0,,cache-misses:u,1146016,100.00,,
     0.273825072,1528895,,bus-cycles:u,1146080,100.00,,
     0.273825072,1726080,,instructions:u,1146048,100.00,,
     0.274971237,86129,,branch-misses:u,1145536,100.00,,
     0.274971237,0,,cache-misses:u,1145504,100.00,,
     0.274971237,1528178,,bus-cycles:u,1145472,100.00,,
     0.274971237,1720150,,instructions:u,1145504,100.00,,
     0.276139493,87662,,branch-misses:u,1168256,100.00,,
     0.276139493,0,,cache-misses:u,1168352,100.00,,
     0.276139493,1553493,,bus-cycles:u,1168320,100.00,,
     0.276139493,1745900,,instructions:u,1168256,100.00,,
     0.277288475,86005,,branch-misses:u,1148032,100.00,,
     0.277288475,0,,cache-misses:u,1147904,100.00,,
     0.277288475,1531972,,bus-cycles:u,1147936,100.00,,
     0.277288475,1721684,,instructions:u,1147904,100.00,,
     0.278435889,86426,,branch-misses:u,1146752,100.00,,
     0.278435889,0,,cache-misses:u,1146784,100.00,,
     0.278435889,1529953,,bus-cycles:u,1146816,100.00,,
     0.278435889,1716646,,instructions:u,1146944,100.00,,
     0.279584327,85538,,branch-misses:u,1148128,100.00,,
     0.279584327,0,,cache-misses:u,1148128,100.00,,
     0.279584327,1525857,,bus-cycles:u,1148128,100.00,,
     0.279584327,1711470,,instructions:u,1148032,100.00,,
     0.280732540,85794,,branch-misses:u,1147424,100.00,,
     0.280732540,0,,cache-misses:u,1147456,100.00,,
     0.280732540,1530284,,bus-cycles:u,1147392,100.00,,
     0.280732540,1719410,,instructions:u,1147392,100.00,,
     0.281879186,86622,,branch-misses:u,1146144,100.00,,
     0.281879186,0,,cache-misses:u,1146080,100.00,,
     0.281879186,1529037,,bus-cycles:u,1146144,100.00,,
     0.281879186,1733500,,instructions:u,1146176,100.00,,
     0.283026151,86471,,branch-misses:u,1146304,100.00,,
     0.283026151,0,,cache-misses:u,1146432,100.00,,
     0.283026151,1529950,,bus-cycles:u,1146400,100.00,,
     0.283026151,1726150,,instructions:u,1146368,100.00,,
     0.284180832,86814,,branch-misses:u,1154336,100.00,,
     0.284180832,0,,cache-misses:u,1154272,100.00,,
     0.284180832,1535212,,bus-cycles:u,1154304,100.00,,
     0.284180832,1736590,,instructions:u,1154336,100.00,,
     0.285326421,86460,,branch-misses:u,1144800,100.00,,
     0.285326421,0,,cache-misses:u,1144800,100.00,,
     0.285326421,1527758,,bus-cycles:u,1144704,100.00,,
     0.285326421,1733130,,instructions:u,1144704,100.00,,
     0.286471113,86254,,branch-misses:u,1144064,100.00,,
     0.286471113,0,,cache-misses:u,1143968,100.00,,
     0.286471113,1527264,,bus-cycles:u,1144032,100.00,,
     0.286471113,1723690,,instructions:u,1144032,100.00,,
     0.287615549,85735,,branch-misses:u,1144224,100.00,,
     0.287615549,0,,cache-misses:u,1144288,100.00,,
     0.287615549,1520811,,bus-cycles:u,1144384,100.00,,
     0.287615549,1716418,,instructions:u,1144416,100.00,,
     0.288765620,86288,,branch-misses:u,1149216,100.00,,
     0.288765620,0,,cache-misses:u,1149344,100.00,,
     0.288765620,1533219,,bus-cycles:u,1149248,100.00,,
     0.288765620,1735082,,instructions:u,1149216,100.00,,
     0.289911368,85864,,branch-misses:u,1145024,100.00,,
     0.289911368,0,,cache-misses:u,1144864,100.00,,
     0.289911368,1527552,,bus-cycles:u,1144832,100.00,,
     0.289911368,1709724,,instructions:u,1144864,100.00,,
     0.291056669,85544,,branch-misses:u,1144768,100.00,,
     0.291056669,0,,cache-misses:u,1144768,100.00,,
     0.291056669,1540024,,bus-cycles:u,1158144,100.00,,
     0.291056669,1729886,,instructions:u,1158112,100.00,,
     0.292220507,87255,,branch-misses:u,1163456,100.00,,
     0.292220507,0,,cache-misses:u,1163424,100.00,,
     0.292220507,1534601,,bus-cycles:u,1150080,100.00,,
     0.292220507,1726430,,instructions:u,1150048,100.00,,
     0.293366960,85971,,branch-misses:u,1145728,100.00,,
     0.293366960,0,,cache-misses:u,1145760,100.00,,
     0.293366960,1529014,,bus-cycles:u,1145760,100.00,,
     0.293366960,1712150,,instructions:u,1145792,100.00,,
     0.294512484,85714,,branch-misses:u,1145088,100.00,,
     0.294512484,0,,cache-misses:u,1145088,100.00,,
     0.294512484,1528975,,bus-cycles:u,1145152,100.00,,
     0.294512484,1718690,,instructions:u,1145120,100.00,,
     0.295659930,86227,,branch-misses:u,1147104,100.00,,
     0.295659930,0,,cache-misses:u,1147104,100.00,,
     0.295659930,1525059,,bus-cycles:u,1147008,100.00,,
     0.295659930,1721550,,instructions:u,1147072,100.00,,
     0.296807503,86438,,branch-misses:u,1146688,100.00,,
     0.296807503,0,,cache-misses:u,1146816,100.00,,
     0.296807503,1530386,,bus-cycles:u,1146848,100.00,,
     0.296807503,1727750,,instructions:u,1146752,100.00,,
     0.297964810,86606,,branch-misses:u,1156864,100.00,,
     0.297964810,0,,cache-misses:u,1156928,100.00,,
     0.297964810,1544088,,bus-cycles:u,1156832,100.00,,
     0.297964810,1732020,,instructions:u,1156928,100.00,,
     0.299112928,86023,,branch-misses:u,1147776,100.00,,
     0.299112928,0,,cache-misses:u,1147648,100.00,,
     0.299112928,1526122,,bus-cycles:u,1147712,100.00,,
     0.299112928,1720540,,instructions:u,1147648,100.00,,
     0.300260341,86433,,branch-misses:u,1146464,100.00,,
     0.300260341,0,,cache-misses:u,1146400,100.00,,
     0.300260341,1530077,,bus-cycles:u,1146432,100.00,,
     0.300260341,1727672,,instructions:u,1146464,100.00,,
     0.301406122,85727,,branch-misses:u,1145312,100.00,,
     0.301406122,0,,cache-misses:u,1145472,100.00,,
     0.301406122,1528832,,bus-cycles:u,1145440,100.00,,
     0.301406122,1720978,,instructions:u,1145472,100.00,,
     0.302552543,85879,,branch-misses:u,1145728,100.00,,
     0.302552543,0,,cache-misses:u,1145536,100.00,,
     0.302552543,1528656,,bus-cycles:u,1145536,100.00,,
     0.302552543,1712770,,instructions:u,1145440,100.00,,
     0.303699540,85681,,branch-misses:u,1146720,100.00,,
     0.303699540,0,,cache-misses:u,1146880,100.00,,
     0.303699540,1524961,,bus-cycles:u,1146848,100.00,,
     0.303699540,1714840,,instructions:u,1146912,100.00,,
     0.304847082,85879,,branch-misses:u,1146752,100.00,,
     0.304847082,0,,cache-misses:u,1146592,100.00,,
     0.304847082,1530215,,bus-cycles:u,1146592,100.00,,
     0.304847082,1716380,,instructions:u,1146560,100.00,,
     0.305992799,85752,,branch-misses:u,1145120,100.00,,
     0.305992799,0,,cache-misses:u,1145216,100.00,,
     0.305992799,1527688,,bus-cycles:u,1145248,100.00,,
     0.305992799,1714190,,instructions:u,1145248,100.00,,
     0.307139956,85818,,branch-misses:u,1146720,100.00,,
     0.307139956,0,,cache-misses:u,1146656,100.00,,
     0.307139956,1523691,,bus-cycles:u,1146624,100.00,,
     0.307139956,1716580,,instructions:u,1146656,100.00,,
     0.308287305,85564,,branch-misses:u,1146656,100.00,,
     0.308287305,0,,cache-misses:u,1146624,100.00,,
     0.308287305,1529886,,bus-cycles:u,1146688,100.00,,
     0.308287305,1707880,,instructions:u,1146656,100.00,,
     0.309433502,86279,,branch-misses:u,1145792,100.00,,
     0.309433502,0,,cache-misses:u,1145824,100.00,,
     0.309433502,1528989,,bus-cycles:u,1145888,100.00,,
     0.309433502,1725040,,instructions:u,1145984,100.00,,
     0.310580436,86149,,branch-misses:u,1146368,100.00,,
     0.310580436,0,,cache-misses:u,1146368,100.00,,
     0.310580436,1529428,,bus-cycles:u,1146336,100.00,,
     0.310580436,1727350,,instructions:u,1146304,100.00,,
     0.311727497,85536,,branch-misses:u,1146432,100.00,,
     0.311727497,0,,cache-misses:u,1146464,100.00,,
     0.311727497,1523574,,bus-cycles:u,1146432,100.00,,
     0.311727497,1714720,,instructions:u,1146464,100.00,,
     0.312875295,86258,,branch-misses:u,1147232,100.00,,
     0.312875295,1,,cache-misses:u,1147296,100.00,,
     0.312875295,1530098,,bus-cycles:u,1147392,100.00,,
     0.312875295,1723160,,instructions:u,1147328,100.00,,
     0.314021716,85768,,branch-misses:u,1145920,100.00,,
     0.314021716,0,,cache-misses:u,1145952,100.00,,
     0.314021716,1528799,,bus-cycles:u,1145856,100.00,,
     0.314021716,1714070,,instructions:u,1145888,100.00,,
     0.315170023,86004,,branch-misses:u,1148128,100.00,,
     0.315170023,0,,cache-misses:u,1148064,100.00,,
     0.315170023,1527045,,bus-cycles:u,1148128,100.00,,
     0.315170023,1725960,,instructions:u,1148128,100.00,,
     0.316318402,85800,,branch-misses:u,1147392,100.00,,
     0.316318402,0,,cache-misses:u,1147392,100.00,,
     0.316318402,1530686,,bus-cycles:u,1147328,100.00,,
     0.316318402,1717710,,instructions:u,1147328,100.00,,
     0.317465083,86159,,branch-misses:u,1146080,100.00,,
     0.317465083,0,,cache-misses:u,1146144,100.00,,
     0.317465083,1528990,,bus-cycles:u,1146112,100.00,,
     0.317465083,1721950,,instructions:u,1146112,100.00,,
     0.318623226,86903,,branch-misses:u,1157920,100.00,,
     0.318623226,0,,cache-misses:u,1157920,100.00,,
     0.318623226,1545102,,bus-cycles:u,1157952,100.00,,
     0.318623226,1731160,,instructions:u,1157952,100.00,,
     0.319771605,85503,,branch-misses:u,1147904,100.00,,
     0.319771605,0,,cache-misses:u,1147808,100.00,,
     0.319771605,1525284,,bus-cycles:u,1147776,100.00,,
     0.319771605,1713192,,instructions:u,1147776,100.00,,
     0.320919919,85824,,branch-misses:u,1147424,100.00,,
     0.320919919,0,,cache-misses:u,1147424,100.00,,
     0.320919919,1530525,,bus-cycles:u,1147360,100.00,,
     0.320919919,1715418,,instructions:u,1147328,100.00,,
     0.322066665,86628,,branch-misses:u,1146208,100.00,,
     0.322066665,0,,cache-misses:u,1146208,100.00,,
     0.322066665,1529169,,bus-cycles:u,1146336,100.00,,
     0.322066665,1732400,,instructions:u,1146368,100.00,,
     0.323214275,86347,,branch-misses:u,1147392,100.00,,
     0.323214275,0,,cache-misses:u,1147328,100.00,,
     0.323214275,1524113,,bus-cycles:u,1147264,100.00,,
     0.323214275,1724230,,instructions:u,1147264,100.00,,
     0.324362718,86331,,branch-misses:u,1147712,100.00,,
     0.324362718,0,,cache-misses:u,1147808,100.00,,
     0.324362718,1530727,,bus-cycles:u,1147840,100.00,,
     0.324362718,1730550,,instructions:u,1147904,100.00,,
     0.325510296,86246,,branch-misses:u,1146944,100.00,,
     0.325510296,0,,cache-misses:u,1147008,100.00,,
     0.325510296,1529619,,bus-cycles:u,1147008,100.00,,
     0.325510296,1730100,,instructions:u,1146944,100.00,,
     0.326657041,85457,,branch-misses:u,1146176,100.00,,
     0.326657041,0,,cache-misses:u,1146048,100.00,,
     0.326657041,1529311,,bus-cycles:u,1146016,100.00,,
     0.326657041,1714840,,instructions:u,1146048,100.00,,
     0.327804940,85834,,branch-misses:u,1147648,100.00,,
     0.327804940,0,,cache-misses:u,1147712,100.00,,
     0.327804940,1525415,,bus-cycles:u,1147744,100.00,,
     0.327804940,1716090,,instructions:u,1147680,100.00,,
     0.328953670,86595,,branch-misses:u,1147936,100.00,,
     0.328953670,0,,cache-misses:u,1147936,100.00,,
     0.328953670,1532318,,bus-cycles:u,1148000,100.00,,
     0.328953670,1728700,,instructions:u,1148032,100.00,,
     0.330100672,86166,,branch-misses:u,1146496,100.00,,
     0.330100672,0,,cache-misses:u,1146528,100.00,,
     0.330100672,1530220,,bus-cycles:u,1146496,100.00,,
     0.330100672,1726680,,instructions:u,1146496,100.00,,
     0.331248282,85432,,branch-misses:u,1147392,100.00,,
     0.331248282,0,,cache-misses:u,1147456,100.00,,
     0.331248282,1524873,,bus-cycles:u,1147424,100.00,,
     0.331248282,1709790,,instructions:u,1147392,100.00,,
     0.332396437,86270,,branch-misses:u,1147264,100.00,,
     0.332396437,0,,cache-misses:u,1147168,100.00,,
     0.332396437,1530559,,bus-cycles:u,1147136,100.00,,
     0.332396437,1724970,,instructions:u,1147200,100.00,,
     0.333543150,86141,,branch-misses:u,1146176,100.00,,
     0.333543150,0,,cache-misses:u,1146144,100.00,,
     0.333543150,1528595,,bus-cycles:u,1146144,100.00,,
     0.333543150,1725150,,instructions:u,1146144,100.00,,
     0.334689448,86190,,branch-misses:u,1145792,100.00,,
     0.334689448,0,,cache-misses:u,1145920,100.00,,
     0.334689448,1529034,,bus-cycles:u,1145984,100.00,,
     0.334689448,1722890,,instructions:u,1145920,100.00,,
     0.335837858,85920,,branch-misses:u,1147840,100.00,,
     0.335837858,0,,cache-misses:u,1147680,100.00,,
     0.335837858,1525747,,bus-cycles:u,1147680,100.00,,
     0.335837858,1726390,,instructions:u,1147744,100.00,,
     0.336986141,85985,,branch-misses:u,1147648,100.00,,
     0.336986141,0,,cache-misses:u,1147648,100.00,,
     0.336986141,1531194,,bus-cycles:u,1147648,100.00,,
     0.336986141,1717260,,instructions:u,1147584,100.00,,
     0.338132438,86633,,branch-misses:u,1145888,100.00,,
     0.338132438,0,,cache-misses:u,1145888,100.00,,
     0.338132438,1529448,,bus-cycles:u,1145824,100.00,,
     0.338132438,1730990,,instructions:u,1145824,100.00,,
     0.339289909,86935,,branch-misses:u,1157376,100.00,,
     0.339289909,0,,cache-misses:u,1157472,100.00,,
     0.339289909,1538997,,bus-cycles:u,1157472,100.00,,
     0.339289909,1736180,,instructions:u,1157504,100.00,,
     0.340439568,86483,,branch-misses:u,1148672,100.00,,
     0.340439568,0,,cache-misses:u,1148704,100.00,,
     0.340439568,1532242,,bus-cycles:u,1148736,100.00,,
     0.340439568,1728840,,instructions:u,1148704,100.00,,
     0.341587082,86425,,branch-misses:u,1146944,100.00,,
     0.341587082,0,,cache-misses:u,1146848,100.00,,
     0.341587082,1529521,,bus-cycles:u,1146880,100.00,,
     0.341587082,1725420,,instructions:u,1146880,100.00,,
     0.342734212,86221,,branch-misses:u,1146624,100.00,,
     0.342734212,0,,cache-misses:u,1146816,100.00,,
     0.342734212,1529730,,bus-cycles:u,1146752,100.00,,
     0.342734212,1728780,,instructions:u,1146784,100.00,,
     0.343881918,86118,,branch-misses:u,1147520,100.00,,
     0.343881918,0,,cache-misses:u,1147328,100.00,,
     0.343881918,1524302,,bus-cycles:u,1147392,100.00,,
     0.343881918,1723530,,instructions:u,1147328,100.00,,
     0.345030777,86365,,branch-misses:u,1147968,100.00,,
     0.345030777,0,,cache-misses:u,1148064,100.00,,
     0.345030777,1531041,,bus-cycles:u,1148096,100.00,,
     0.345030777,1731820,,instructions:u,1148096,100.00,,
     0.346177779,85838,,branch-misses:u,1146528,100.00,,
     0.346177779,0,,cache-misses:u,1146400,100.00,,
     0.346177779,1528178,,bus-cycles:u,1146400,100.00,,
     0.346177779,1718050,,instructions:u,1146464,100.00,,
     0.347326765,86245,,branch-misses:u,1148448,100.00,,
     0.347326765,0,,cache-misses:u,1148512,100.00,,
     0.347326765,1528044,,bus-cycles:u,1148448,100.00,,
     0.347326765,1725190,,instructions:u,1148480,100.00,,
     0.348474504,85032,,branch-misses:u,1147200,100.00,,
     0.348474504,0,,cache-misses:u,1147200,100.00,,
     0.348474504,1530321,,bus-cycles:u,1147232,100.00,,
     0.348474504,1696500,,instructions:u,1147168,100.00,,
     0.349620929,86015,,branch-misses:u,1145792,100.00,,
     0.349620929,0,,cache-misses:u,1145760,100.00,,
     0.349620929,1528635,,bus-cycles:u,1145760,100.00,,
     0.349620929,1724520,,instructions:u,1145792,100.00,,
     0.350767643,86089,,branch-misses:u,1146176,100.00,,
     0.350767643,0,,cache-misses:u,1146240,100.00,,
     0.350767643,1529273,,bus-cycles:u,1146208,100.00,,
     0.350767643,1723030,,instructions:u,1146240,100.00,,
     0.351914709,85836,,branch-misses:u,1146848,100.00,,
     0.351914709,0,,cache-misses:u,1146784,100.00,,
     0.351914709,1524000,,bus-cycles:u,1146784,100.00,,
     0.351914709,1716890,,instructions:u,1146720,100.00,,
     0.353062959,86390,,branch-misses:u,1147424,100.00,,
     0.353062959,0,,cache-misses:u,1147456,100.00,,
     0.353062959,1531093,,bus-cycles:u,1147456,100.00,,
     0.353062959,1725950,,instructions:u,1147456,100.00,,
     0.354209609,86222,,branch-misses:u,1146048,100.00,,
     0.354209609,0,,cache-misses:u,1146208,100.00,,
     0.354209609,1529423,,bus-cycles:u,1146240,100.00,,
     0.354209609,1720724,,instructions:u,1146304,100.00,,
     0.355357283,85989,,branch-misses:u,1147488,100.00,,
     0.355357283,0,,cache-misses:u,1147328,100.00,,
     0.355357283,1524981,,bus-cycles:u,1147328,100.00,,
     0.355357283,1716706,,instructions:u,1147328,100.00,,
     0.356505085,85808,,branch-misses:u,1147072,100.00,,
     0.356505085,0,,cache-misses:u,1147200,100.00,,
     0.356505085,1529739,,bus-cycles:u,1147136,100.00,,
     0.356505085,1716076,,instructions:u,1147104,100.00,,
     0.357653432,85787,,branch-misses:u,1147808,100.00,,
     0.357653432,0,,cache-misses:u,1147712,100.00,,
     0.357653432,1530780,,bus-cycles:u,1147872,100.00,,
     0.357653432,1719184,,instructions:u,1147872,100.00,,
     0.358800177,86236,,branch-misses:u,1145984,100.00,,
     0.358800177,0,,cache-misses:u,1146016,100.00,,
     0.358800177,1528298,,bus-cycles:u,1145920,100.00,,
     0.358800177,1725420,,instructions:u,1145856,100.00,,
     0.359947179,85577,,branch-misses:u,1146848,100.00,,
     0.359947179,0,,cache-misses:u,1146752,100.00,,
     0.359947179,1524078,,bus-cycles:u,1146656,100.00,,
     0.359947179,1710380,,instructions:u,1146688,100.00,,
     0.361106187,87069,,branch-misses:u,1158304,100.00,,
     0.361106187,0,,cache-misses:u,1158368,100.00,,
     0.361106187,1545208,,bus-cycles:u,1158432,100.00,,
     0.361106187,1746940,,instructions:u,1158496,100.00,,
     0.362254117,85867,,branch-misses:u,1147328,100.00,,
     0.362254117,0,,cache-misses:u,1147264,100.00,,
     0.362254117,1530285,,bus-cycles:u,1147328,100.00,,
     0.362254117,1714994,,instructions:u,1147296,100.00,,
     0.363402527,86051,,branch-misses:u,1147936,100.00,,
     0.363402527,0,,cache-misses:u,1147936,100.00,,
     0.363402527,1526447,,bus-cycles:u,1147904,100.00,,
     0.363402527,1726506,,instructions:u,1147904,100.00,,
     0.364550714,86216,,branch-misses:u,1147520,100.00,,
     0.364550714,0,,cache-misses:u,1147584,100.00,,
     0.364550714,1531273,,bus-cycles:u,1147552,100.00,,
     0.364550714,1726950,,instructions:u,1147552,100.00,,
     0.365697780,85822,,branch-misses:u,1146592,100.00,,
     0.365697780,0,,cache-misses:u,1146560,100.00,,
     0.365697780,1529338,,bus-cycles:u,1146592,100.00,,
     0.365697780,1718700,,instructions:u,1146528,100.00,,
     0.366844365,84743,,branch-misses:u,1145984,100.00,,
     0.366844365,0,,cache-misses:u,1145952,100.00,,
     0.366844365,1528799,,bus-cycles:u,1145952,100.00,,
     0.366844365,1697620,,instructions:u,1145984,100.00,,
     0.367992328,85978,,branch-misses:u,1147840,100.00,,
     0.367992328,0,,cache-misses:u,1147808,100.00,,
     0.367992328,1522077,,bus-cycles:u,1147744,100.00,,
     0.367992328,1718140,,instructions:u,1147744,100.00,,
     0.369140642,85995,,branch-misses:u,1147296,100.00,,
     0.369140642,0,,cache-misses:u,1147392,100.00,,
     0.369140642,1531116,,bus-cycles:u,1147424,100.00,,
     0.369140642,1714448,,instructions:u,1147456,100.00,,
     0.370287804,86019,,branch-misses:u,1146688,100.00,,
     0.370287804,0,,cache-misses:u,1146624,100.00,,
     0.370287804,1528725,,bus-cycles:u,1146624,100.00,,
     0.370287804,1722782,,instructions:u,1146624,100.00,,
     0.371435222,85737,,branch-misses:u,1146976,100.00,,
     0.371435222,0,,cache-misses:u,1146976,100.00,,
     0.371435222,1525333,,bus-cycles:u,1147072,100.00,,
     0.371435222,1717310,,instructions:u,1147040,100.00,,
     0.372583408,85994,,branch-misses:u,1147616,100.00,,
     0.372583408,0,,cache-misses:u,1147584,100.00,,
     0.372583408,1530932,,bus-cycles:u,1147456,100.00,,
     0.372583408,1721120,,instructions:u,1147488,100.00,,
     0.373730346,85689,,branch-misses:u,1146336,100.00,,
     0.373730346,0,,cache-misses:u,1146432,100.00,,
     0.373730346,1528945,,bus-cycles:u,1146464,100.00,,
     0.373730346,1716270,,instructions:u,1146400,100.00,,
     0.374876676,85910,,branch-misses:u,1145760,100.00,,
     0.374876676,0,,cache-misses:u,1145696,100.00,,
     0.374876676,1527835,,bus-cycles:u,1145664,100.00,,
     0.374876676,1713060,,instructions:u,1145728,100.00,,
     0.376026175,86312,,branch-misses:u,1148992,100.00,,
     0.376026175,0,,cache-misses:u,1149120,100.00,,
     0.376026175,1528722,,bus-cycles:u,1149248,100.00,,
     0.376026175,1731330,,instructions:u,1149248,100.00,,
     0.377174745,86393,,branch-misses:u,1148032,100.00,,
     0.377174745,0,,cache-misses:u,1148000,100.00,,
     0.377174745,1530894,,bus-cycles:u,1147968,100.00,,
     0.377174745,1721690,,instructions:u,1147936,100.00,,
     0.378321491,86399,,branch-misses:u,1146240,100.00,,
     0.378321491,0,,cache-misses:u,1146240,100.00,,
     0.378321491,1529258,,bus-cycles:u,1146144,100.00,,
     0.378321491,1730439,,instructions:u,1146176,100.00,,
     0.379469069,86136,,branch-misses:u,1147360,100.00,,
     0.379469069,0,,cache-misses:u,1147264,100.00,,
     0.379469069,1524686,,bus-cycles:u,1147296,100.00,,
     0.379469069,1717755,,instructions:u,1147296,100.00,,
     0.380617543,86063,,branch-misses:u,1147648,100.00,,
     0.380617543,0,,cache-misses:u,1147616,100.00,,
     0.380617543,1530888,,bus-cycles:u,1147648,100.00,,
     0.380617543,1718466,,instructions:u,1147648,100.00,,
     0.381776071,86730,,branch-misses:u,1158144,100.00,,
     0.381776071,0,,cache-misses:u,1158240,100.00,,
     0.381776071,1544495,,bus-cycles:u,1158176,100.00,,
     0.381776071,1730470,,instructions:u,1158112,100.00,,
     0.382923873,86306,,branch-misses:u,1147136,100.00,,
     0.382923873,0,,cache-misses:u,1147072,100.00,,
     0.382923873,1530779,,bus-cycles:u,1147168,100.00,,
     0.382923873,1727370,,instructions:u,1147232,100.00,,
     0.384072636,84753,,branch-misses:u,1148160,100.00,,
     0.384072636,0,,cache-misses:u,1148160,100.00,,
     0.384072636,1526223,,bus-cycles:u,1148128,100.00,,
     0.384072636,1693470,,instructions:u,1148128,100.00,,
     0.385220950,86236,,branch-misses:u,1147712,100.00,,
     0.385220950,0,,cache-misses:u,1147744,100.00,,
     0.385220950,1530841,,bus-cycles:u,1147776,100.00,,
     0.385220950,1724320,,instructions:u,1147712,100.00,,
     0.386367792,85729,,branch-misses:u,1146432,100.00,,
     0.386367792,0,,cache-misses:u,1146432,100.00,,
     0.386367792,1529121,,bus-cycles:u,1146368,100.00,,
     0.386367792,1717330,,instructions:u,1146432,100.00,,
     0.387516042,86029,,branch-misses:u,1147936,100.00,,
     0.387516042,0,,cache-misses:u,1147936,100.00,,
     0.387516042,1525557,,bus-cycles:u,1147904,100.00,,
     0.387516042,1717790,,instructions:u,1147936,100.00,,
     0.388663940,86498,,branch-misses:u,1147008,100.00,,
     0.388663940,0,,cache-misses:u,1147072,100.00,,
     0.388663940,1529789,,bus-cycles:u,1147168,100.00,,
     0.388663940,1728970,,instructions:u,1147104,100.00,,
     0.389811615,86502,,branch-misses:u,1147232,100.00,,
     0.389811615,0,,cache-misses:u,1147296,100.00,,
     0.389811615,1529931,,bus-cycles:u,1147200,100.00,,
     0.389811615,1729398,,instructions:u,1147200,100.00,,
     0.390959161,86526,,branch-misses:u,1147040,100.00,,
     0.390959161,0,,cache-misses:u,1146880,100.00,,
     0.390959161,1529417,,bus-cycles:u,1146912,100.00,,
     0.390959161,1728612,,instructions:u,1146944,100.00,,
     0.392107155,86105,,branch-misses:u,1147584,100.00,,
     0.392107155,0,,cache-misses:u,1147584,100.00,,
     0.392107155,1525952,,bus-cycles:u,1147584,100.00,,
     0.392107155,1724270,,instructions:u,1147552,100.00,,
     0.393255117,86548,,branch-misses:u,1147328,100.00,,
     0.393255117,0,,cache-misses:u,1147360,100.00,,
     0.393255117,1531302,,bus-cycles:u,1147328,100.00,,
     0.393255117,1734530,,instructions:u,1147328,100.00,,
     0.394401927,86164,,branch-misses:u,1146208,100.00,,
     0.394401927,0,,cache-misses:u,1146176,100.00,,
     0.394401927,1529401,,bus-cycles:u,1146208,100.00,,
     0.394401927,1719850,,instructions:u,1146240,100.00,,
     0.395549761,86004,,branch-misses:u,1147328,100.00,,
     0.395549761,0,,cache-misses:u,1147328,100.00,,
     0.395549761,1525175,,bus-cycles:u,1147200,100.00,,
     0.395549761,1720380,,instructions:u,1147104,100.00,,
     0.396697307,86264,,branch-misses:u,1147072,100.00,,
     0.396697307,0,,cache-misses:u,1147072,100.00,,
     0.396697307,1530872,,bus-cycles:u,1147200,100.00,,
     0.396697307,1733010,,instructions:u,1147200,100.00,,
     0.397843637,85770,,branch-misses:u,1145632,100.00,,
     0.397843637,0,,cache-misses:u,1145632,100.00,,
     0.397843637,1529154,,bus-cycles:u,1145664,100.00,,
     0.397843637,1717860,,instructions:u,1145728,100.00,,
     0.398990062,86199,,branch-misses:u,1145856,100.00,,
     0.398990062,0,,cache-misses:u,1145888,100.00,,
     0.398990062,1529034,,bus-cycles:u,1145888,100.00,,
     0.398990062,1720396,,instructions:u,1145888,100.00,,
     0.400148590,86724,,branch-misses:u,1158368,100.00,,
     0.400148590,0,,cache-misses:u,1158400,100.00,,
     0.400148590,1540141,,bus-cycles:u,1158400,100.00,,
     0.400148590,1737074,,instructions:u,1158400,100.00,,
     0.401295783,86061,,branch-misses:u,1146272,100.00,,
     0.401295783,0,,cache-misses:u,1146240,100.00,,
     0.401295783,1529417,,bus-cycles:u,1146272,100.00,,
     0.401295783,1725461,,instructions:u,1146304,100.00,,
     0.402442561,84599,,branch-misses:u,1146304,100.00,,
     0.402442561,0,,cache-misses:u,1146336,100.00,,
     0.402442561,1529375,,bus-cycles:u,1146304,100.00,,
     0.402442561,1697429,,instructions:u,1146304,100.00,,
     0.403603554,86623,,branch-misses:u,1161024,100.00,,
     0.403603554,0,,cache-misses:u,1161056,100.00,,
     0.403603554,1542787,,bus-cycles:u,1160992,100.00,,
     0.403603554,1727300,,instructions:u,1161056,100.00,,
     0.404752508,86330,,branch-misses:u,1147840,100.00,,
     0.404752508,0,,cache-misses:u,1147712,100.00,,
     0.404752508,1531075,,bus-cycles:u,1147680,100.00,,
     0.404752508,1723054,,instructions:u,1147584,100.00,,
     0.405899190,85763,,branch-misses:u,1146080,100.00,,
     0.405899190,0,,cache-misses:u,1146144,100.00,,
     0.405899190,1529465,,bus-cycles:u,1146208,100.00,,
     0.405899190,1712616,,instructions:u,1146176,100.00,,
     0.407045584,85771,,branch-misses:u,1145856,100.00,,
     0.407045584,0,,cache-misses:u,1145824,100.00,,
     0.407045584,1528582,,bus-cycles:u,1145792,100.00,,
     0.407045584,1714150,,instructions:u,1145824,100.00,,
     0.408200269,86366,,branch-misses:u,1154496,100.00,,
     0.408200269,0,,cache-misses:u,1154528,100.00,,
     0.408200269,1534603,,bus-cycles:u,1154560,100.00,,
     0.408200269,1721620,,instructions:u,1154624,100.00,,
     0.409347207,85774,,branch-misses:u,1146080,100.00,,
     0.409347207,0,,cache-misses:u,1146080,100.00,,
     0.409347207,1529113,,bus-cycles:u,1146112,100.00,,
     0.409347207,1713210,,instructions:u,1146080,100.00,,
     0.410493248,86138,,branch-misses:u,1145472,100.00,,
     0.410493248,0,,cache-misses:u,1145504,100.00,,
     0.410493248,1528947,,bus-cycles:u,1145504,100.00,,
     0.410493248,1726920,,instructions:u,1145440,100.00,,
     0.411640218,85715,,branch-misses:u,1146752,100.00,,
     0.411640218,0,,cache-misses:u,1146656,100.00,,
     0.411640218,1524282,,bus-cycles:u,1146688,100.00,,
     0.411640218,1715650,,instructions:u,1146752,100.00,,
     0.412788692,85853,,branch-misses:u,1147712,100.00,,
     0.412788692,0,,cache-misses:u,1147680,100.00,,
     0.412788692,1530944,,bus-cycles:u,1147648,100.00,,
     0.412788692,1717106,,instructions:u,1147616,100.00,,
     0.413935086,86166,,branch-misses:u,1145792,100.00,,
     0.413935086,0,,cache-misses:u,1145792,100.00,,
     0.413935086,1528531,,bus-cycles:u,1145792,100.00,,
     0.413935086,1724054,,instructions:u,1145792,100.00,,
     0.415082216,85950,,branch-misses:u,1146560,100.00,,
     0.415082216,0,,cache-misses:u,1146752,100.00,,
     0.415082216,1524937,,bus-cycles:u,1146720,100.00,,
     0.415082216,1726380,,instructions:u,1146752,100.00,,
     0.416229794,85861,,branch-misses:u,1147136,100.00,,
     0.416229794,0,,cache-misses:u,1147040,100.00,,
     0.416229794,1530033,,bus-cycles:u,1147136,100.00,,
     0.416229794,1713474,,instructions:u,1147040,100.00,,
     0.417375643,85834,,branch-misses:u,1145248,100.00,,
     0.417375643,0,,cache-misses:u,1145184,100.00,,
     0.417375643,1528084,,bus-cycles:u,1145088,100.00,,
     0.417375643,1713296,,instructions:u,1145152,100.00,,
     0.418521461,85820,,branch-misses:u,1145312,100.00,,
     0.418521461,0,,cache-misses:u,1145344,100.00,,
     0.418521461,1528067,,bus-cycles:u,1145408,100.00,,
     0.418521461,1718560,,instructions:u,1145440,100.00,,
     0.419668430,86014,,branch-misses:u,1146720,100.00,,
     0.419668430,0,,cache-misses:u,1146720,100.00,,
     0.419668430,1523657,,bus-cycles:u,1146624,100.00,,
     0.419668430,1711306,,instructions:u,1146656,100.00,,
     0.420815944,86370,,branch-misses:u,1146720,100.00,,
     0.420815944,0,,cache-misses:u,1146688,100.00,,
     0.420815944,1529676,,bus-cycles:u,1146752,100.00,,
     0.420815944,1723050,,instructions:u,1146656,100.00,,
     0.421962402,86626,,branch-misses:u,1145824,100.00,,
     0.421962402,0,,cache-misses:u,1145856,100.00,,
     0.421962402,1528732,,bus-cycles:u,1145824,100.00,,
     0.421962402,1729704,,instructions:u,1145888,100.00,,
     0.423109756,86219,,branch-misses:u,1146880,100.00,,
     0.423109756,0,,cache-misses:u,1147008,100.00,,
     0.423109756,1525219,,bus-cycles:u,1146976,100.00,,
     0.423109756,1726200,,instructions:u,1146976,100.00,,
     0.424270684,87800,,branch-misses:u,1160480,100.00,,
     0.424270684,0,,cache-misses:u,1160512,100.00,,
     0.424270684,1548138,,bus-cycles:u,1160544,100.00,,
     0.424270684,1752310,,instructions:u,1160608,100.00,,
     0.425418839,86357,,branch-misses:u,1147520,100.00,,
     0.425418839,0,,cache-misses:u,1147360,100.00,,
     0.425418839,1531209,,bus-cycles:u,1147392,100.00,,
     0.425418839,1724420,,instructions:u,1147296,100.00,,
     0.426565616,86698,,branch-misses:u,1146272,100.00,,
     0.426565616,0,,cache-misses:u,1146432,100.00,,
     0.426565616,1530018,,bus-cycles:u,1146432,100.00,,
     0.426565616,1732140,,instructions:u,1146496,100.00,,
     0.427713547,85090,,branch-misses:u,1147584,100.00,,
     0.427713547,0,,cache-misses:u,1147584,100.00,,
     0.427713547,1525819,,bus-cycles:u,1147584,100.00,,
     0.427713547,1703430,,instructions:u,1147584,100.00,,
     0.428862021,85939,,branch-misses:u,1147808,100.00,,
     0.428862021,0,,cache-misses:u,1147744,100.00,,
     0.428862021,1531505,,bus-cycles:u,1147680,100.00,,
     0.428862021,1722880,,instructions:u,1147648,100.00,,
     0.430008831,86087,,branch-misses:u,1146208,100.00,,
     0.430008831,0,,cache-misses:u,1146272,100.00,,
     0.430008831,1529705,,bus-cycles:u,1146272,100.00,,
     0.430008831,1725131,,instructions:u,1146304,100.00,,
     0.431156953,85571,,branch-misses:u,1147904,100.00,,
     0.431156953,0,,cache-misses:u,1147776,100.00,,
     0.431156953,1526041,,bus-cycles:u,1147776,100.00,,
     0.431156953,1715559,,instructions:u,1147776,100.00,,
     0.432305908,85921,,branch-misses:u,1148096,100.00,,
     0.432305908,0,,cache-misses:u,1148192,100.00,,
     0.432305908,1532088,,bus-cycles:u,1148288,100.00,,
     0.432305908,1717680,,instructions:u,1148192,100.00,,
     0.433453006,85916,,branch-misses:u,1146496,100.00,,
     0.433453006,0,,cache-misses:u,1146432,100.00,,
     0.433453006,1529178,,bus-cycles:u,1146368,100.00,,
     0.433453006,1717326,,instructions:u,1146432,100.00,,
     0.434599720,85826,,branch-misses:u,1146304,100.00,,
     0.434599720,0,,cache-misses:u,1146176,100.00,,
     0.434599720,1528424,,bus-cycles:u,1146144,100.00,,
     0.434599720,1719638,,instructions:u,1146144,100.00,,
     0.435747874,85845,,branch-misses:u,1147456,100.00,,
     0.435747874,0,,cache-misses:u,1147552,100.00,,
     0.435747874,1526334,,bus-cycles:u,1147648,100.00,,
     0.435747874,1715666,,instructions:u,1147616,100.00,,
     0.436895996,86041,,branch-misses:u,1147680,100.00,,
     0.436895996,0,,cache-misses:u,1147680,100.00,,
     0.436895996,1531253,,bus-cycles:u,1147744,100.00,,
     0.436895996,1718740,,instructions:u,1147776,100.00,,
     0.438042966,85505,,branch-misses:u,1146272,100.00,,
     0.438042966,0,,cache-misses:u,1146272,100.00,,
     0.438042966,1529347,,bus-cycles:u,1146176,100.00,,
     0.438042966,1702180,,instructions:u,1146176,100.00,,
     0.439190736,85641,,branch-misses:u,1147648,100.00,,
     0.439190736,0,,cache-misses:u,1147680,100.00,,
     0.439190736,1525985,,bus-cycles:u,1147616,100.00,,
     0.439190736,1715410,,instructions:u,1147648,100.00,,
     0.440339563,86056,,branch-misses:u,1148064,100.00,,
     0.440339563,0,,cache-misses:u,1147968,100.00,,
     0.440339563,1531945,,bus-cycles:u,1147968,100.00,,
     0.440339563,1714600,,instructions:u,1147872,100.00,,
     0.441486373,86007,,branch-misses:u,1146080,100.00,,
     0.441486373,0,,cache-misses:u,1146176,100.00,,
     0.441486373,1529890,,bus-cycles:u,1146240,100.00,,
     0.441486373,1717882,,instructions:u,1146304,100.00,,
     0.442633407,86339,,branch-misses:u,1146560,100.00,,
     0.442633407,0,,cache-misses:u,1146560,100.00,,
     0.442633407,1530201,,bus-cycles:u,1146528,100.00,,
     0.442633407,1726358,,instructions:u,1146528,100.00,,
     0.443780729,85619,,branch-misses:u,1147200,100.00,,
     0.443780729,0,,cache-misses:u,1147136,100.00,,
     0.443780729,1525348,,bus-cycles:u,1147136,100.00,,
     0.443780729,1717280,,instructions:u,1147104,100.00,,
     0.444940729,87304,,branch-misses:u,1159264,100.00,,
     0.444940729,0,,cache-misses:u,1159488,100.00,,
     0.444940729,1547124,,bus-cycles:u,1159552,100.00,,
     0.444940729,1744010,,instructions:u,1159520,100.00,,
     0.446088851,86228,,branch-misses:u,1147424,100.00,,
     0.446088851,0,,cache-misses:u,1147232,100.00,,
     0.446088851,1531240,,bus-cycles:u,1147200,100.00,,
     0.446088851,1725800,,instructions:u,1147264,100.00,,
     0.447236397,86013,,branch-misses:u,1147328,100.00,,
     0.447236397,0,,cache-misses:u,1147360,100.00,,
     0.447236397,1525146,,bus-cycles:u,1147328,100.00,,
     0.447236397,1719080,,instructions:u,1147328,100.00,,
     0.448384583,86446,,branch-misses:u,1147360,100.00,,
     0.448384583,0,,cache-misses:u,1147328,100.00,,
     0.448384583,1530617,,bus-cycles:u,1147360,100.00,,
     0.448384583,1723310,,instructions:u,1147392,100.00,,
     0.449532001,85839,,branch-misses:u,1146784,100.00,,
     0.449532001,0,,cache-misses:u,1146752,100.00,,
     0.449532001,1530219,,bus-cycles:u,1146688,100.00,,
     0.449532001,1715250,,instructions:u,1146688,100.00,,
     0.450678523,86515,,branch-misses:u,1146016,100.00,,
     0.450678523,0,,cache-misses:u,1146048,100.00,,
     0.450678523,1529381,,bus-cycles:u,1146144,100.00,,
     0.450678523,1720940,,instructions:u,1146048,100.00,,
     0.451826037,85832,,branch-misses:u,1147232,100.00,,
     0.451826037,0,,cache-misses:u,1147232,100.00,,
     0.451826037,1525223,,bus-cycles:u,1147168,100.00,,
     0.451826037,1723100,,instructions:u,1147200,100.00,,
     0.452973839,86818,,branch-misses:u,1147040,100.00,,
     0.452973839,0,,cache-misses:u,1147072,100.00,,
     0.452973839,1531189,,bus-cycles:u,1147104,100.00,,
     0.452973839,1734030,,instructions:u,1147072,100.00,,
     0.454120713,86693,,branch-misses:u,1146304,100.00,,
     0.454120713,0,,cache-misses:u,1146368,100.00,,
     0.454120713,1530213,,bus-cycles:u,1146400,100.00,,
     0.454120713,1727500,,instructions:u,1146464,100.00,,
     0.455268547,85986,,branch-misses:u,1147424,100.00,,
     0.455268547,0,,cache-misses:u,1147392,100.00,,
     0.455268547,1526431,,bus-cycles:u,1147360,100.00,,
     0.455268547,1713681,,instructions:u,1147328,100.00,,
     0.456416542,85678,,branch-misses:u,1147360,100.00,,
     0.456416542,0,,cache-misses:u,1147424,100.00,,
     0.456416542,1531949,,bus-cycles:u,1147456,100.00,,
     0.456416542,1715739,,instructions:u,1147456,100.00,,
     0.457563127,86540,,branch-misses:u,1145984,100.00,,
     0.457563127,0,,cache-misses:u,1145984,100.00,,
     0.457563127,1528563,,bus-cycles:u,1145856,100.00,,
     0.457563127,1731060,,instructions:u,1145824,100.00,,
     0.458709745,85614,,branch-misses:u,1146080,100.00,,
     0.458709745,0,,cache-misses:u,1146112,100.00,,
     0.458709745,1529175,,bus-cycles:u,1146176,100.00,,
     0.458709745,1716890,,instructions:u,1146208,100.00,,
     0.459858091,86321,,branch-misses:u,1147936,100.00,,
     0.459858091,0,,cache-misses:u,1147872,100.00,,
     0.459858091,1526773,,bus-cycles:u,1147936,100.00,,
     0.459858091,1726740,,instructions:u,1147936,100.00,,
     0.461006630,86331,,branch-misses:u,1148000,100.00,,
     0.461006630,0,,cache-misses:u,1148032,100.00,,
     0.461006630,1532036,,bus-cycles:u,1148000,100.00,,
     0.461006630,1727220,,instructions:u,1148032,100.00,,
     0.462153824,86052,,branch-misses:u,1146496,100.00,,
     0.462153824,0,,cache-misses:u,1146336,100.00,,
     0.462153824,1529664,,bus-cycles:u,1146368,100.00,,
     0.462153824,1719130,,instructions:u,1146336,100.00,,
     0.463301690,85992,,branch-misses:u,1147776,100.00,,
     0.463301690,0,,cache-misses:u,1147744,100.00,,
     0.463301690,1525429,,bus-cycles:u,1147712,100.00,,
     0.463301690,1720820,,instructions:u,1147712,100.00,,
     0.464449524,86101,,branch-misses:u,1146880,100.00,,
     0.464449524,0,,cache-misses:u,1146944,100.00,,
     0.464449524,1529350,,bus-cycles:u,1146912,100.00,,
     0.464449524,1724260,,instructions:u,1146944,100.00,,
     0.465595726,86270,,branch-misses:u,1145664,100.00,,
     0.465595726,0,,cache-misses:u,1145632,100.00,,
     0.465595726,1527878,,bus-cycles:u,1145632,100.00,,
     0.465595726,1723270,,instructions:u,1145632,100.00,,
     0.466752780,87106,,branch-misses:u,1156704,100.00,,
     0.466752780,0,,cache-misses:u,1156800,100.00,,
     0.466752780,1542956,,bus-cycles:u,1156768,100.00,,
     0.466752780,1740940,,instructions:u,1156800,100.00,,
     0.467901159,86154,,branch-misses:u,1147808,100.00,,
     0.467901159,0,,cache-misses:u,1147680,100.00,,
     0.467901159,1527021,,bus-cycles:u,1147712,100.00,,
     0.467901159,1722920,,instructions:u,1147680,100.00,,
     0.469049249,86478,,branch-misses:u,1147456,100.00,,
     0.469049249,0,,cache-misses:u,1147488,100.00,,
     0.469049249,1530368,,bus-cycles:u,1147584,100.00,,
     0.469049249,1726340,,instructions:u,1147520,100.00,,
     0.470196219,85654,,branch-misses:u,1146336,100.00,,
     0.470196219,0,,cache-misses:u,1146464,100.00,,
     0.470196219,1528918,,bus-cycles:u,1146368,100.00,,
     0.470196219,1718700,,instructions:u,1146400,100.00,,
     0.471344757,85691,,branch-misses:u,1148096,100.00,,
     0.471344757,0,,cache-misses:u,1147968,100.00,,
     0.471344757,1527312,,bus-cycles:u,1148000,100.00,,
     0.471344757,1718170,,instructions:u,1148032,100.00,,
     0.472493040,86349,,branch-misses:u,1147808,100.00,,
     0.472493040,0,,cache-misses:u,1148000,100.00,,
     0.472493040,1531081,,bus-cycles:u,1147936,100.00,,
     0.472493040,1729690,,instructions:u,1147904,100.00,,
     0.473642475,86662,,branch-misses:u,1148768,100.00,,
     0.473642475,0,,cache-misses:u,1148640,100.00,,
     0.473642475,1532627,,bus-cycles:u,1148672,100.00,,
     0.473642475,1723940,,instructions:u,1148672,100.00,,
     0.474789669,86425,,branch-misses:u,1146720,100.00,,
     0.474789669,0,,cache-misses:u,1146624,100.00,,
     0.474789669,1530131,,bus-cycles:u,1146656,100.00,,
     0.474789669,1729710,,instructions:u,1146688,100.00,,
     0.475937599,85578,,branch-misses:u,1147744,100.00,,
     0.475937599,0,,cache-misses:u,1147776,100.00,,
     0.475937599,1525122,,bus-cycles:u,1147744,100.00,,
     0.475937599,1715520,,instructions:u,1147744,100.00,,
     0.477086266,86524,,branch-misses:u,1147776,100.00,,
     0.477086266,0,,cache-misses:u,1147744,100.00,,
     0.477086266,1531387,,bus-cycles:u,1147744,100.00,,
     0.477086266,1727170,,instructions:u,1147744,100.00,,
     0.478233139,86284,,branch-misses:u,1146400,100.00,,
     0.478233139,0,,cache-misses:u,1146464,100.00,,
     0.478233139,1529628,,bus-cycles:u,1146528,100.00,,
     0.478233139,1728770,,instructions:u,1146560,100.00,,
     0.479381038,86363,,branch-misses:u,1147456,100.00,,
     0.479381038,0,,cache-misses:u,1147456,100.00,,
     0.479381038,1525602,,bus-cycles:u,1147392,100.00,,
     0.479381038,1726870,,instructions:u,1147360,100.00,,
     0.480529992,86331,,branch-misses:u,1148224,100.00,,
     0.480529992,0,,cache-misses:u,1148256,100.00,,
     0.480529992,1532244,,bus-cycles:u,1148320,100.00,,
     0.480529992,1729890,,instructions:u,1148320,100.00,,
     0.481676802,85853,,branch-misses:u,1146272,100.00,,
     0.481676802,0,,cache-misses:u,1146208,100.00,,
     0.481676802,1529617,,bus-cycles:u,1146208,100.00,,
     0.481676802,1718130,,instructions:u,1146176,100.00,,
     0.482823932,85970,,branch-misses:u,1146624,100.00,,
     0.482823932,0,,cache-misses:u,1146720,100.00,,
     0.482823932,1530070,,bus-cycles:u,1146624,100.00,,
     0.482823932,1718120,,instructions:u,1146656,100.00,,
     0.483972150,85860,,branch-misses:u,1147968,100.00,,
     0.483972150,0,,cache-misses:u,1147904,100.00,,
     0.483972150,1526403,,bus-cycles:u,1147968,100.00,,
     0.483972150,1715660,,instructions:u,1148000,100.00,,
     0.485120081,86039,,branch-misses:u,1147168,100.00,,
     0.485120081,0,,cache-misses:u,1147168,100.00,,
     0.485120081,1531007,,bus-cycles:u,1147136,100.00,,
     0.485120081,1718050,,instructions:u,1147104,100.00,,
     0.486266538,85954,,branch-misses:u,1145856,100.00,,
     0.486266538,0,,cache-misses:u,1145888,100.00,,
     0.486266538,1529861,,bus-cycles:u,1145888,100.00,,
     0.486266538,1717480,,instructions:u,1145888,100.00,,
     0.487426218,86926,,branch-misses:u,1159680,100.00,,
     0.487426218,0,,cache-misses:u,1159712,100.00,,
     0.487426218,1541636,,bus-cycles:u,1159776,100.00,,
     0.487426218,1736772,,instructions:u,1159744,100.00,,
     0.488627005,89176,,branch-misses:u,1199872,100.00,,
     0.488627005,0,,cache-misses:u,1199904,100.00,,
     0.488627005,1600688,,bus-cycles:u,1199808,100.00,,
     0.488627005,1781799,,instructions:u,1199840,100.00,,
     0.489775159,86371,,branch-misses:u,1147456,100.00,,
     0.489775159,0,,cache-misses:u,1147392,100.00,,
     0.489775159,1531620,,bus-cycles:u,1147520,100.00,,
     0.489775159,1728239,,instructions:u,1147520,100.00,,
     0.490921585,86288,,branch-misses:u,1145920,100.00,,
     0.490921585,0,,cache-misses:u,1145984,100.00,,
     0.490921585,1529671,,bus-cycles:u,1145856,100.00,,
     0.490921585,1725610,,instructions:u,1145920,100.00,,
     0.492069355,85646,,branch-misses:u,1147616,100.00,,
     0.492069355,0,,cache-misses:u,1147584,100.00,,
     0.492069355,1527380,,bus-cycles:u,1147616,100.00,,
     0.492069355,1714140,,instructions:u,1147584,100.00,,
     0.493217509,86310,,branch-misses:u,1147200,100.00,,
     0.493217509,0,,cache-misses:u,1147136,100.00,,
     0.493217509,1531058,,bus-cycles:u,1147136,100.00,,
     0.493217509,1723300,,instructions:u,1147104,100.00,,
     0.494364223,85719,,branch-misses:u,1146112,100.00,,
     0.494364223,0,,cache-misses:u,1146080,100.00,,
     0.494364223,1527852,,bus-cycles:u,1146048,100.00,,
     0.494364223,1711380,,instructions:u,1146016,100.00,,
     0.495512153,85531,,branch-misses:u,1147776,100.00,,
     0.495512153,0,,cache-misses:u,1147776,100.00,,
     0.495512153,1523970,,bus-cycles:u,1147840,100.00,,
     0.495512153,1711300,,instructions:u,1147872,100.00,,
     0.496660916,85972,,branch-misses:u,1147808,100.00,,
     0.496660916,0,,cache-misses:u,1147840,100.00,,
     0.496660916,1531295,,bus-cycles:u,1147840,100.00,,
     0.496660916,1721480,,instructions:u,1147776,100.00,,
     0.497807054,85686,,branch-misses:u,1145600,100.00,,
     0.497807054,0,,cache-misses:u,1145600,100.00,,
     0.497807054,1528083,,bus-cycles:u,1145536,100.00,,
     0.497807054,1721970,,instructions:u,1145600,100.00,,
     0.498953319,85767,,branch-misses:u,1145696,100.00,,
     0.498953319,0,,cache-misses:u,1145664,100.00,,
     0.498953319,1528373,,bus-cycles:u,1145696,100.00,,
     0.498953319,1713454,,instructions:u,1145632,100.00,,
     0.500100993,85865,,branch-misses:u,1147552,100.00,,
     0.500100993,0,,cache-misses:u,1147584,100.00,,
     0.500100993,1525727,,bus-cycles:u,1147648,100.00,,
     0.500100993,1711976,,instructions:u,1147680,100.00,,
     0.501248539,85779,,branch-misses:u,1146752,100.00,,
     0.501248539,0,,cache-misses:u,1146752,100.00,,
     0.501248539,1529284,,bus-cycles:u,1146688,100.00,,
     0.501248539,1720820,,instructions:u,1146688,100.00,,
     0.502394837,86289,,branch-misses:u,1145760,100.00,,
     0.502394837,0,,cache-misses:u,1145696,100.00,,
     0.502394837,1528054,,bus-cycles:u,1145728,100.00,,
     0.502394837,1721740,,instructions:u,1145728,100.00,,
     0.503543023,86069,,branch-misses:u,1147968,100.00,,
     0.503543023,0,,cache-misses:u,1147968,100.00,,
     0.503543023,1526857,,bus-cycles:u,1147936,100.00,,
     0.503543023,1719456,,instructions:u,1147936,100.00,,
     0.504691274,86008,,branch-misses:u,1147392,100.00,,
     0.504691274,0,,cache-misses:u,1147456,100.00,,
     0.504691274,1530375,,bus-cycles:u,1147520,100.00,,
     0.504691274,1718124,,instructions:u,1147520,100.00,,
     0.505838788,85826,,branch-misses:u,1146976,100.00,,
     0.505838788,0,,cache-misses:u,1146976,100.00,,
     0.505838788,1529966,,bus-cycles:u,1146944,100.00,,
     0.505838788,1717110,,instructions:u,1146976,100.00,,
     0.506985373,86355,,branch-misses:u,1145920,100.00,,
     0.506985373,0,,cache-misses:u,1145920,100.00,,
     0.506985373,1528066,,bus-cycles:u,1145920,100.00,,
     0.506985373,1726000,,instructions:u,1145920,100.00,,
     0.508155042,87840,,branch-misses:u,1169664,100.00,,
     0.508155042,0,,cache-misses:u,1169760,100.00,,
     0.508155042,1555282,,bus-cycles:u,1169728,100.00,,
     0.508155042,1756980,,instructions:u,1169728,100.00,,
     0.509303452,85774,,branch-misses:u,1147296,100.00,,
     0.509303452,0,,cache-misses:u,1147232,100.00,,
     0.509303452,1529700,,bus-cycles:u,1147264,100.00,,
     0.509303452,1719390,,instructions:u,1147232,100.00,,
     0.510450038,85698,,branch-misses:u,1146080,100.00,,
     0.510450038,0,,cache-misses:u,1146048,100.00,,
     0.510450038,1528053,,bus-cycles:u,1145984,100.00,,
     0.510450038,1716120,,instructions:u,1146048,100.00,,
     0.511597008,85933,,branch-misses:u,1146944,100.00,,
     0.511597008,0,,cache-misses:u,1146944,100.00,,
     0.511597008,1524987,,bus-cycles:u,1147008,100.00,,
     0.511597008,1713090,,instructions:u,1146976,100.00,,
     0.512744458,86354,,branch-misses:u,1146432,100.00,,
     0.512744458,0,,cache-misses:u,1146368,100.00,,
     0.512744458,1528995,,bus-cycles:u,1146368,100.00,,
     0.512744458,1730430,,instructions:u,1146432,100.00,,
     0.513890115,85107,,branch-misses:u,1145056,100.00,,
     0.513890115,0,,cache-misses:u,1145088,100.00,,
     0.513890115,1526741,,bus-cycles:u,1145056,100.00,,
     0.513890115,1696750,,instructions:u,1144992,100.00,,
     0.515035612,85972,,branch-misses:u,1144992,100.00,,
     0.515035612,0,,cache-misses:u,1144992,100.00,,
     0.515035612,1526811,,bus-cycles:u,1144992,100.00,,
     0.515035612,1709870,,instructions:u,1144928,100.00,,
     0.516192154,86819,,branch-misses:u,1156384,100.00,,
     0.516192154,0,,cache-misses:u,1156608,100.00,,
     0.516192154,1538112,,bus-cycles:u,1156608,100.00,,
     0.516192154,1737232,,instructions:u,1156640,100.00,,
     0.517338452,86101,,branch-misses:u,1145408,100.00,,
     0.517338452,0,,cache-misses:u,1145280,100.00,,
     0.517338452,1527924,,bus-cycles:u,1145312,100.00,,
     0.517338452,1710048,,instructions:u,1145312,100.00,,
     0.518485005,86667,,branch-misses:u,1146048,100.00,,
     0.518485005,0,,cache-misses:u,1146016,100.00,,
     0.518485005,1528484,,bus-cycles:u,1145952,100.00,,
     0.518485005,1730680,,instructions:u,1145984,100.00,,
     0.519632583,86171,,branch-misses:u,1147360,100.00,,
     0.519632583,0,,cache-misses:u,1147392,100.00,,
     0.519632583,1525779,,bus-cycles:u,1147424,100.00,,
     0.519632583,1724240,,instructions:u,1147424,100.00,,
     0.520780066,86812,,branch-misses:u,1146656,100.00,,
     0.520780066,0,,cache-misses:u,1146496,100.00,,
     0.520780066,1529297,,bus-cycles:u,1146528,100.00,,
     0.520780066,1725430,,instructions:u,1146464,100.00,,
     0.521925659,86138,,branch-misses:u,1144928,100.00,,
     0.521925659,0,,cache-misses:u,1144992,100.00,,
     0.521925659,1527042,,bus-cycles:u,1144960,100.00,,
     0.521925659,1725950,,instructions:u,1145056,100.00,,
     0.523075190,86720,,branch-misses:u,1149440,100.00,,
     0.523075190,0,,cache-misses:u,1149440,100.00,,
     0.523075190,1528544,,bus-cycles:u,1149472,100.00,,
     0.523075190,1730100,,instructions:u,1149536,100.00,,
     0.524224080,86612,,branch-misses:u,1147968,100.00,,
     0.524224080,0,,cache-misses:u,1148160,100.00,,
     0.524224080,1532238,,bus-cycles:u,1148160,100.00,,
     0.524224080,1730330,,instructions:u,1148032,100.00,,
     0.525370154,86399,,branch-misses:u,1145472,100.00,,
     0.525370154,0,,cache-misses:u,1145312,100.00,,
     0.525370154,1528194,,bus-cycles:u,1145280,100.00,,
     0.525370154,1726300,,instructions:u,1145280,100.00,,
     0.526515523,85873,,branch-misses:u,1144896,100.00,,
     0.526515523,0,,cache-misses:u,1144928,100.00,,
     0.526515523,1527556,,bus-cycles:u,1144960,100.00,,
     0.526515523,1714400,,instructions:u,1144992,100.00,,
     0.527662717,86099,,branch-misses:u,1146976,100.00,,
     0.527662717,0,,cache-misses:u,1146976,100.00,,
     0.527662717,1525891,,bus-cycles:u,1146912,100.00,,
     0.527662717,1721560,,instructions:u,1146912,100.00,,
     0.528810103,86483,,branch-misses:u,1146496,100.00,,
     0.528810103,0,,cache-misses:u,1146560,100.00,,
     0.528810103,1528581,,bus-cycles:u,1146560,100.00,,
     0.528810103,1726100,,instructions:u,1146528,100.00,,
     0.529968022,87369,,branch-misses:u,1157664,100.00,,
     0.529968022,0,,cache-misses:u,1157536,100.00,,
     0.529968022,1544030,,bus-cycles:u,1157632,100.00,,
     0.529968022,1744900,,instructions:u,1157632,100.00,,
     0.531117361,86212,,branch-misses:u,1148608,100.00,,
     0.531117361,0,,cache-misses:u,1148640,100.00,,
     0.531117361,1527756,,bus-cycles:u,1148544,100.00,,
     0.531117361,1719530,,instructions:u,1148608,100.00,,
     0.532264683,86622,,branch-misses:u,1146816,100.00,,
     0.532264683,0,,cache-misses:u,1146816,100.00,,
     0.532264683,1529678,,bus-cycles:u,1146816,100.00,,
     0.532264683,1736430,,instructions:u,1146752,100.00,,
     0.533411140,86372,,branch-misses:u,1145824,100.00,,
     0.533411140,0,,cache-misses:u,1145792,100.00,,
     0.533411140,1528758,,bus-cycles:u,1145760,100.00,,
     0.533411140,1724060,,instructions:u,1145824,100.00,,
     0.534557086,86364,,branch-misses:u,1145504,100.00,,
     0.534557086,0,,cache-misses:u,1145504,100.00,,
     0.534557086,1528908,,bus-cycles:u,1145600,100.00,,
     0.534557086,1726030,,instructions:u,1145568,100.00,,
     0.535704568,86183,,branch-misses:u,1147136,100.00,,
     0.535704568,0,,cache-misses:u,1147072,100.00,,
     0.535704568,1524150,,bus-cycles:u,1147040,100.00,,
     0.535704568,1722076,,instructions:u,1147008,100.00,,
     0.536851922,86385,,branch-misses:u,1146464,100.00,,
     0.536851922,0,,cache-misses:u,1146624,100.00,,
     0.536851922,1529803,,bus-cycles:u,1146592,100.00,,
     0.536851922,1726692,,instructions:u,1146624,100.00,,
     0.537998187,86274,,branch-misses:u,1145696,100.00,,
     0.537998187,0,,cache-misses:u,1145600,100.00,,
     0.537998187,1528684,,bus-cycles:u,1145664,100.00,,
     0.537998187,1727872,,instructions:u,1145664,100.00,,
     0.539145733,86507,,branch-misses:u,1147136,100.00,,
     0.539145733,0,,cache-misses:u,1147104,100.00,,
     0.539145733,1527288,,bus-cycles:u,1147072,100.00,,
     0.539145733,1730490,,instructions:u,1146976,100.00,,
     0.540293247,86701,,branch-misses:u,1146912,100.00,,
     0.540293247,0,,cache-misses:u,1146976,100.00,,
     0.540293247,1530279,,bus-cycles:u,1146976,100.00,,
     0.540293247,1732150,,instructions:u,1147040,100.00,,
     0.541439321,86288,,branch-misses:u,1145536,100.00,,
     0.541439321,0,,cache-misses:u,1145600,100.00,,
     0.541439321,1528311,,bus-cycles:u,1145664,100.00,,
     0.541439321,1725410,,instructions:u,1145632,100.00,,
     0.542585522,86215,,branch-misses:u,1145664,100.00,,
     0.542585522,0,,cache-misses:u,1145568,100.00,,
     0.542585522,1528159,,bus-cycles:u,1145536,100.00,,
     0.542585522,1728410,,instructions:u,1145600,100.00,,
     0.543732844,86021,,branch-misses:u,1147200,100.00,,
     0.543732844,0,,cache-misses:u,1147296,100.00,,
     0.543732844,1526757,,bus-cycles:u,1147264,100.00,,
     0.543732844,1726244,,instructions:u,1147232,100.00,,
     0.544880934,86166,,branch-misses:u,1147232,100.00,,
     0.544880934,0,,cache-misses:u,1147264,100.00,,
     0.544880934,1531043,,bus-cycles:u,1147264,100.00,,
     0.544880934,1729846,,instructions:u,1147264,100.00,,
     0.546027712,86397,,branch-misses:u,1146176,100.00,,
     0.546027712,0,,cache-misses:u,1146016,100.00,,
     0.546027712,1529242,,bus-cycles:u,1146080,100.00,,
     0.546027712,1727730,,instructions:u,1146080,100.00,,
     0.547175322,86429,,branch-misses:u,1147328,100.00,,
     0.547175322,0,,cache-misses:u,1147424,100.00,,
     0.547175322,1526242,,bus-cycles:u,1147328,100.00,,
     0.547175322,1722740,,instructions:u,1147392,100.00,,
     0.548323285,86475,,branch-misses:u,1147200,100.00,,
     0.548323285,0,,cache-misses:u,1147168,100.00,,
     0.548323285,1530744,,bus-cycles:u,1147104,100.00,,
     0.548323285,1729510,,instructions:u,1147072,100.00,,
     0.549470350,86558,,branch-misses:u,1146464,100.00,,
     0.549470350,0,,cache-misses:u,1146400,100.00,,
     0.549470350,1529315,,bus-cycles:u,1146464,100.00,,
     0.549470350,1735650,,instructions:u,1146432,100.00,,
     0.550628269,87480,,branch-misses:u,1157568,100.00,,
     0.550628269,0,,cache-misses:u,1157632,100.00,,
     0.550628269,1544298,,bus-cycles:u,1157728,100.00,,
     0.550628269,1748740,,instructions:u,1157760,100.00,,
     0.551777256,86223,,branch-misses:u,1148672,100.00,,
     0.551777256,0,,cache-misses:u,1148640,100.00,,
     0.551777256,1527814,,bus-cycles:u,1148576,100.00,,
     0.551777256,1726751,,instructions:u,1148544,100.00,,
     0.552925763,86732,,branch-misses:u,1147520,100.00,,
     0.552925763,0,,cache-misses:u,1147552,100.00,,
     0.552925763,1530951,,bus-cycles:u,1147552,100.00,,
     0.552925763,1732529,,instructions:u,1147584,100.00,,
     0.554072572,85826,,branch-misses:u,1146272,100.00,,
     0.554072572,0,,cache-misses:u,1146240,100.00,,
     0.554072572,1529557,,bus-cycles:u,1146240,100.00,,
     0.554072572,1723672,,instructions:u,1146240,100.00,,
     0.555220118,86039,,branch-misses:u,1147392,100.00,,
     0.555220118,0,,cache-misses:u,1147424,100.00,,
     0.555220118,1526786,,bus-cycles:u,1147456,100.00,,
     0.555220118,1718278,,instructions:u,1147456,100.00,,
     0.556368369,86173,,branch-misses:u,1147456,100.00,,
     0.556368369,0,,cache-misses:u,1147456,100.00,,
     0.556368369,1530599,,bus-cycles:u,1147424,100.00,,
     0.556368369,1728360,,instructions:u,1147424,100.00,,
     0.557515179,85740,,branch-misses:u,1146144,100.00,,
     0.557515179,0,,cache-misses:u,1146080,100.00,,
     0.557515179,1529362,,bus-cycles:u,1146048,100.00,,
     0.557515179,1712600,,instructions:u,1146016,100.00,,
     0.558661732,86108,,branch-misses:u,1146016,100.00,,
     0.558661732,0,,cache-misses:u,1146016,100.00,,
     0.558661732,1529542,,bus-cycles:u,1146080,100.00,,
     0.558661732,1727960,,instructions:u,1146048,100.00,,
     0.559808990,86136,,branch-misses:u,1147168,100.00,,
     0.559808990,0,,cache-misses:u,1147200,100.00,,
     0.559808990,1523605,,bus-cycles:u,1147168,100.00,,
     0.559808990,1724420,,instructions:u,1147232,100.00,,
     0.560957080,86687,,branch-misses:u,1147136,100.00,,
     0.560957080,0,,cache-misses:u,1147296,100.00,,
     0.560957080,1531304,,bus-cycles:u,1147296,100.00,,
     0.560957080,1734030,,instructions:u,1147296,100.00,,
     0.562103762,86513,,branch-misses:u,1146208,100.00,,
     0.562103762,0,,cache-misses:u,1146048,100.00,,
     0.562103762,1529417,,bus-cycles:u,1146048,100.00,,
     0.562103762,1727690,,instructions:u,1145984,100.00,,
     0.563251468,86286,,branch-misses:u,1147168,100.00,,
     0.563251468,0,,cache-misses:u,1147232,100.00,,
     0.563251468,1527127,,bus-cycles:u,1147168,100.00,,
     0.563251468,1723210,,instructions:u,1147232,100.00,,
     0.564399591,86655,,branch-misses:u,1147520,100.00,,
     0.564399591,0,,cache-misses:u,1147456,100.00,,
     0.564399591,1531667,,bus-cycles:u,1147520,100.00,,
     0.564399591,1739550,,instructions:u,1147456,100.00,,
     0.565545728,86576,,branch-misses:u,1145568,100.00,,
     0.565545728,0,,cache-misses:u,1145696,100.00,,
     0.565545728,1528597,,bus-cycles:u,1145696,100.00,,
     0.565545728,1729410,,instructions:u,1145760,100.00,,
     0.566692666,86319,,branch-misses:u,1146432,100.00,,
     0.566692666,0,,cache-misses:u,1146304,100.00,,
     0.566692666,1529080,,bus-cycles:u,1146240,100.00,,
     0.566692666,1728420,,instructions:u,1146176,100.00,,
     0.567840308,85892,,branch-misses:u,1147072,100.00,,
     0.567840308,0,,cache-misses:u,1147200,100.00,,
     0.567840308,1526995,,bus-cycles:u,1147264,100.00,,
     0.567840308,1715850,,instructions:u,1147296,100.00,,
     0.568988270,86414,,branch-misses:u,1147456,100.00,,
     0.568988270,0,,cache-misses:u,1147456,100.00,,
     0.568988270,1531768,,bus-cycles:u,1147488,100.00,,
     0.568988270,1728790,,instructions:u,1147424,100.00,,
     0.570135240,85944,,branch-misses:u,1146400,100.00,,
     0.570135240,0,,cache-misses:u,1146432,100.00,,
     0.570135240,1529876,,bus-cycles:u,1146368,100.00,,
     0.570135240,1713080,,instructions:u,1146464,100.00,,
     0.571294504,87131,,branch-misses:u,1159360,100.00,,
     0.571294504,0,,cache-misses:u,1159232,100.00,,
     0.571294504,1541603,,bus-cycles:u,1159264,100.00,,
     0.571294504,1738300,,instructions:u,1159200,100.00,,
     0.572443010,85853,,branch-misses:u,1147424,100.00,,
     0.572443010,0,,cache-misses:u,1147488,100.00,,
     0.572443010,1531534,,bus-cycles:u,1147552,100.00,,
     0.572443010,1716670,,instructions:u,1147552,100.00,,
     0.573590300,85780,,branch-misses:u,1146720,100.00,,
     0.573590300,1,,cache-misses:u,1146560,100.00,,
     0.573590300,1530431,,bus-cycles:u,1146592,100.00,,
     0.573590300,1719070,,instructions:u,1146624,100.00,,
     0.574736950,86282,,branch-misses:u,1146080,100.00,,
     0.574736950,0,,cache-misses:u,1146144,100.00,,
     0.574736950,1529417,,bus-cycles:u,1146048,100.00,,
     0.574736950,1726174,,instructions:u,1146080,100.00,,
     0.575884272,86311,,branch-misses:u,1146912,100.00,,
     0.575884272,0,,cache-misses:u,1146816,100.00,,
     0.575884272,1525780,,bus-cycles:u,1146816,100.00,,
     0.575884272,1729816,,instructions:u,1146784,100.00,,
     0.577032714,86721,,branch-misses:u,1147712,100.00,,
     0.577032714,0,,cache-misses:u,1147808,100.00,,
     0.577032714,1531798,,bus-cycles:u,1147776,100.00,,
     0.577032714,1735380,,instructions:u,1147712,100.00,,
     0.578178948,86230,,branch-misses:u,1145760,100.00,,
     0.578178948,0,,cache-misses:u,1145760,100.00,,
     0.578178948,1528373,,bus-cycles:u,1145792,100.00,,
     0.578178948,1726440,,instructions:u,1145952,100.00,,
     0.579326718,85876,,branch-misses:u,1147744,100.00,,
     0.579326718,0,,cache-misses:u,1147840,100.00,,
     0.579326718,1525199,,bus-cycles:u,1147840,100.00,,
     0.579326718,1721330,,instructions:u,1147776,100.00,,
     0.580474840,86593,,branch-misses:u,1147200,100.00,,
     0.580474840,0,,cache-misses:u,1147072,100.00,,
     0.580474840,1530586,,bus-cycles:u,1147104,100.00,,
     0.580474840,1737876,,instructions:u,1147072,100.00,,
     0.581622579,85609,,branch-misses:u,1147104,100.00,,
     0.581622579,0,,cache-misses:u,1147104,100.00,,
     0.581622579,1530119,,bus-cycles:u,1146976,100.00,,
     0.581622579,1711624,,instructions:u,1146944,100.00,,
     0.582768556,86260,,branch-misses:u,1145376,100.00,,
     0.582768556,0,,cache-misses:u,1145376,100.00,,
     0.582768556,1527936,,bus-cycles:u,1145504,100.00,,
     0.582768556,1725492,,instructions:u,1145536,100.00,,
     0.583916358,86146,,branch-misses:u,1147680,100.00,,
     0.583916358,0,,cache-misses:u,1147712,100.00,,
     0.583916358,1525856,,bus-cycles:u,1147680,100.00,,
     0.583916358,1722228,,instructions:u,1147712,100.00,,
     0.585064608,86505,,branch-misses:u,1147264,100.00,,
     0.585064608,0,,cache-misses:u,1147360,100.00,,
     0.585064608,1531485,,bus-cycles:u,1147392,100.00,,
     0.585064608,1729010,,instructions:u,1147360,100.00,,
     0.586210874,86660,,branch-misses:u,1145856,100.00,,
     0.586210874,0,,cache-misses:u,1145760,100.00,,
     0.586210874,1529355,,bus-cycles:u,1145696,100.00,,
     0.586210874,1731410,,instructions:u,1145728,100.00,,
     0.587358260,85945,,branch-misses:u,1146848,100.00,,
     0.587358260,0,,cache-misses:u,1146912,100.00,,
     0.587358260,1525626,,bus-cycles:u,1146944,100.00,,
     0.587358260,1713500,,instructions:u,1146944,100.00,,
     0.588506702,86622,,branch-misses:u,1147904,100.00,,
     0.588506702,0,,cache-misses:u,1147968,100.00,,
     0.588506702,1531927,,bus-cycles:u,1147904,100.00,,
     0.588506702,1738480,,instructions:u,1147904,100.00,,
     0.589653256,86386,,branch-misses:u,1145984,100.00,,
     0.589653256,0,,cache-misses:u,1145856,100.00,,
     0.589653256,1529038,,bus-cycles:u,1145920,100.00,,
     0.589653256,1718810,,instructions:u,1145824,100.00,,
     0.590799906,86335,,branch-misses:u,1146112,100.00,,
     0.590799906,0,,cache-misses:u,1146112,100.00,,
     0.590799906,1529486,,bus-cycles:u,1146112,100.00,,
     0.590799906,1721320,,instructions:u,1146176,100.00,,
     0.591947964,85857,,branch-misses:u,1147552,100.00,,
     0.591947964,0,,cache-misses:u,1147520,100.00,,
     0.591947964,1526630,,bus-cycles:u,1147552,100.00,,
     0.591947964,1725020,,instructions:u,1147552,100.00,,
     0.593104442,87105,,branch-misses:u,1156128,100.00,,
     0.593104442,0,,cache-misses:u,1156128,100.00,,
     0.593104442,1543210,,bus-cycles:u,1156128,100.00,,
     0.593104442,1734720,,instructions:u,1156352,100.00,,
     0.594252469,86388,,branch-misses:u,1147232,100.00,,
     0.594252469,0,,cache-misses:u,1147296,100.00,,
     0.594252469,1531262,,bus-cycles:u,1147232,100.00,,
     0.594252469,1732950,,instructions:u,1146976,100.00,,
     0.595400079,85581,,branch-misses:u,1147200,100.00,,
     0.595400079,0,,cache-misses:u,1147136,100.00,,
     0.595400079,1525427,,bus-cycles:u,1147200,100.00,,
     0.595400079,1711000,,instructions:u,1147296,100.00,,
     0.596547721,86561,,branch-misses:u,1146912,100.00,,
     0.596547721,0,,cache-misses:u,1146976,100.00,,
     0.596547721,1530831,,bus-cycles:u,1146976,100.00,,
     0.596547721,1732490,,instructions:u,1146912,100.00,,
     0.597693890,86439,,branch-misses:u,1145632,100.00,,
     0.597693890,0,,cache-misses:u,1145600,100.00,,
     0.597693890,1528342,,bus-cycles:u,1145504,100.00,,
     0.597693890,1721732,,instructions:u,1145536,100.00,,
     0.598840220,85962,,branch-misses:u,1145792,100.00,,
     0.598840220,0,,cache-misses:u,1145856,100.00,,
     0.598840220,1528899,,bus-cycles:u,1145952,100.00,,
     0.598840220,1716088,,instructions:u,1145888,100.00,,
     0.599987670,86203,,branch-misses:u,1147104,100.00,,
     0.599987670,0,,cache-misses:u,1147072,100.00,,
     0.599987670,1526718,,bus-cycles:u,1147104,100.00,,
     0.599987670,1724950,,instructions:u,1147232,100.00,,
     0.601136048,86442,,branch-misses:u,1147744,100.00,,
     0.601136048,0,,cache-misses:u,1147712,100.00,,
     0.601136048,1531548,,bus-cycles:u,1147680,100.00,,
     0.601136048,1729430,,instructions:u,1147648,100.00,,
     0.602282730,86267,,branch-misses:u,1146112,100.00,,
     0.602282730,0,,cache-misses:u,1146144,100.00,,
     0.602282730,1529515,,bus-cycles:u,1146048,100.00,,
     0.602282730,1728240,,instructions:u,1145984,100.00,,
     0.603430628,86097,,branch-misses:u,1147680,100.00,,
     0.603430628,0,,cache-misses:u,1147552,100.00,,
     0.603430628,1525774,,bus-cycles:u,1147584,100.00,,
     0.603430628,1724150,,instructions:u,1147584,100.00,,
     0.604579231,86758,,branch-misses:u,1147904,100.00,,
     0.604579231,0,,cache-misses:u,1147968,100.00,,
     0.604579231,1531520,,bus-cycles:u,1147968,100.00,,
     0.604579231,1733610,,instructions:u,1148000,100.00,,
     0.605726169,86294,,branch-misses:u,1146208,100.00,,
     0.605726169,0,,cache-misses:u,1146176,100.00,,
     0.605726169,1528898,,bus-cycles:u,1146208,100.00,,
     0.605726169,1727800,,instructions:u,1146176,100.00,,
     0.606872914,86542,,branch-misses:u,1146304,100.00,,
     0.606872914,0,,cache-misses:u,1146368,100.00,,
     0.606872914,1528813,,bus-cycles:u,1146400,100.00,,
     0.606872914,1732180,,instructions:u,1146432,100.00,,
     0.608020140,86119,,branch-misses:u,1146976,100.00,,
     0.608020140,0,,cache-misses:u,1147168,100.00,,
     0.608020140,1524401,,bus-cycles:u,1147072,100.00,,
     0.608020140,1714420,,instructions:u,1147008,100.00,,
     0.609168071,86373,,branch-misses:u,1147104,100.00,,
     0.609168071,0,,cache-misses:u,1147008,100.00,,
     0.609168071,1530199,,bus-cycles:u,1147136,100.00,,
     0.609168071,1729100,,instructions:u,1147168,100.00,,
     0.610314048,86136,,branch-misses:u,1145408,100.00,,
     0.610314048,0,,cache-misses:u,1145280,100.00,,
     0.610314048,1527531,,bus-cycles:u,1145184,100.00,,
     0.610314048,1720380,,instructions:u,1145152,100.00,,
     0.611461178,85933,,branch-misses:u,1146944,100.00,,
     0.611461178,0,,cache-misses:u,1147008,100.00,,
     0.611461178,1524389,,bus-cycles:u,1147040,100.00,,
     0.611461178,1720660,,instructions:u,1147104,100.00,,
     0.612608244,85850,,branch-misses:u,1146240,100.00,,
     0.612608244,0,,cache-misses:u,1146208,100.00,,
     0.612608244,1529365,,bus-cycles:u,1146176,100.00,,
     0.612608244,1720944,,instructions:u,1146112,100.00,,
     0.613766931,87093,,branch-misses:u,1158272,100.00,,
     0.613766931,0,,cache-misses:u,1158336,100.00,,
     0.613766931,1545554,,bus-cycles:u,1158400,100.00,,
     0.613766931,1744466,,instructions:u,1158464,100.00,,
     0.614914957,86044,,branch-misses:u,1147328,100.00,,
     0.614914957,0,,cache-misses:u,1147392,100.00,,
     0.614914957,1530535,,bus-cycles:u,1147424,100.00,,
     0.614914957,1718440,,instructions:u,1147392,100.00,,
     0.616063880,86097,,branch-misses:u,1148704,100.00,,
     0.616063880,0,,cache-misses:u,1148608,100.00,,
     0.616063880,1526704,,bus-cycles:u,1148544,100.00,,
     0.616063880,1718430,,instructions:u,1148576,100.00,,
     0.617212579,86059,,branch-misses:u,1147904,100.00,,
     0.617212579,0,,cache-misses:u,1147808,100.00,,
     0.617212579,1531375,,bus-cycles:u,1147744,100.00,,
     0.617212579,1721020,,instructions:u,1147680,100.00,,
     0.618358940,85987,,branch-misses:u,1145792,100.00,,
     0.618358940,0,,cache-misses:u,1145824,100.00,,
     0.618358940,1529001,,bus-cycles:u,1145952,100.00,,
     0.618358940,1724890,,instructions:u,1145952,100.00,,
     0.619507639,85695,,branch-misses:u,1148448,100.00,,
     0.619507639,0,,cache-misses:u,1148480,100.00,,
     0.619507639,1523438,,bus-cycles:u,1148448,100.00,,
     0.619507639,1714190,,instructions:u,1148512,100.00,,
     0.620655825,86424,,branch-misses:u,1147328,100.00,,
     0.620655825,0,,cache-misses:u,1147296,100.00,,
     0.620655825,1531100,,bus-cycles:u,1147328,100.00,,
     0.620655825,1709940,,instructions:u,1147264,100.00,,
     0.621802507,86144,,branch-misses:u,1146080,100.00,,
     0.621802507,0,,cache-misses:u,1146112,100.00,,
     0.621802507,1529670,,bus-cycles:u,1146080,100.00,,
     0.621802507,1714900,,instructions:u,1146144,100.00,,
     0.622948740,86155,,branch-misses:u,1145760,100.00,,
     0.622948740,0,,cache-misses:u,1145760,100.00,,
     0.622948740,1528647,,bus-cycles:u,1145760,100.00,,
     0.622948740,1725380,,instructions:u,1145760,100.00,,
     0.624096158,85910,,branch-misses:u,1146880,100.00,,
     0.624096158,0,,cache-misses:u,1146848,100.00,,
     0.624096158,1524880,,bus-cycles:u,1146816,100.00,,
     0.624096158,1724841,,instructions:u,1146816,100.00,,
     0.625244473,86038,,branch-misses:u,1147712,100.00,,
     0.625244473,0,,cache-misses:u,1147808,100.00,,
     0.625244473,1532090,,bus-cycles:u,1147808,100.00,,
     0.625244473,1720389,,instructions:u,1147776,100.00,,
     0.626390418,85799,,branch-misses:u,1145408,100.00,,
     0.626390418,0,,cache-misses:u,1145504,100.00,,
     0.626390418,1528967,,bus-cycles:u,1145568,100.00,,
     0.626390418,1713300,,instructions:u,1145632,100.00,,
     0.627538316,85882,,branch-misses:u,1147456,100.00,,
     0.627538316,0,,cache-misses:u,1147296,100.00,,
     0.627538316,1526614,,bus-cycles:u,1147296,100.00,,
     0.627538316,1716070,,instructions:u,1147296,100.00,,
     0.628686631,85900,,branch-misses:u,1147744,100.00,,
     0.628686631,0,,cache-misses:u,1147808,100.00,,
     0.628686631,1531343,,bus-cycles:u,1147648,100.00,,
     0.628686631,1717030,,instructions:u,1147584,100.00,,
     0.629833280,85898,,branch-misses:u,1146112,100.00,,
     0.629833280,0,,cache-misses:u,1146144,100.00,,
     0.629833280,1528951,,bus-cycles:u,1146336,100.00,,
     0.629833280,1714090,,instructions:u,1146304,100.00,,
     0.630979898,85744,,branch-misses:u,1146144,100.00,,
     0.630979898,0,,cache-misses:u,1145920,100.00,,
     0.630979898,1528273,,bus-cycles:u,1145792,100.00,,
     0.630979898,1714540,,instructions:u,1145856,100.00,,
     0.632156194,88067,,branch-misses:u,1176192,100.00,,
     0.632156194,0,,cache-misses:u,1176384,100.00,,
     0.632156194,1563374,,bus-cycles:u,1176416,100.00,,
     0.632156194,1762500,,instructions:u,1176384,100.00,,
     0.633305180,86222,,branch-misses:u,1147936,100.00,,
     0.633305180,0,,cache-misses:u,1147904,100.00,,
     0.633305180,1531302,,bus-cycles:u,1147872,100.00,,
     0.633305180,1731640,,instructions:u,1147904,100.00,,
     0.634452086,85949,,branch-misses:u,1146400,100.00,,
     0.634452086,0,,cache-misses:u,1146432,100.00,,
     0.634452086,1529022,,bus-cycles:u,1146496,100.00,,
     0.634452086,1717770,,instructions:u,1146400,100.00,,
     0.635981187,114575,,branch-misses:u,1529408,100.00,,
     0.635981187,0,,cache-misses:u,1529760,100.00,,
     0.635981187,2036102,,bus-cycles:u,1530112,100.00,,
     0.635981187,2293630,,instructions:u,1530496,100.00,,
     0.637135200,86418,,branch-misses:u,1152512,100.00,,
     0.637135200,0,,cache-misses:u,1152192,100.00,,
     0.637135200,1536155,,bus-cycles:u,1151776,100.00,,
     0.637135200,1724480,,instructions:u,1151488,100.00,,
     0.638283707,86354,,branch-misses:u,1147968,100.00,,
     0.638283707,0,,cache-misses:u,1147968,100.00,,
     0.638283707,1530907,,bus-cycles:u,1148064,100.00,,
     0.638283707,1727220,,instructions:u,1148032,100.00,,
     0.639432053,84241,,branch-misses:u,1131584,100.00,,
     0.639432053,0,,cache-misses:u,1132064,100.00,,
     0.639432053,1493680,,bus-cycles:u,1132000,100.00,,
     0.639432053,1679160,,instructions:u,1132096,100.00,,
     0.640586002,86536,,branch-misses:u,1152416,100.00,,
     0.640586002,0,,cache-misses:u,1152192,100.00,,
     0.640586002,1535763,,bus-cycles:u,1152256,100.00,,
     0.640586002,1729370,,instructions:u,1152192,100.00,,
     0.641734765,85875,,branch-misses:u,1148288,100.00,,
     0.641734765,0,,cache-misses:u,1147936,100.00,,
     0.641734765,1530765,,bus-cycles:u,1147872,100.00,,
     0.641734765,1719620,,instructions:u,1147872,100.00,,
     0.642884520,86267,,branch-misses:u,1148992,100.00,,
     0.642884520,0,,cache-misses:u,1148928,100.00,,
     0.642884520,1532146,,bus-cycles:u,1148992,100.00,,
     0.642884520,1732260,,instructions:u,1148992,100.00,,
     0.644034115,85745,,branch-misses:u,1149632,100.00,,
     0.644034115,0,,cache-misses:u,1149696,100.00,,
     0.644034115,1526040,,bus-cycles:u,1149696,100.00,,
     0.644034115,1710860,,instructions:u,1149728,100.00,,
     0.645183550,86475,,branch-misses:u,1148576,100.00,,
     0.645183550,0,,cache-misses:u,1148640,100.00,,
     0.645183550,1530902,,bus-cycles:u,1148608,100.00,,
     0.645183550,1730370,,instructions:u,1148576,100.00,,
     0.646331320,85859,,branch-misses:u,1147008,100.00,,
     0.646331320,0,,cache-misses:u,1146912,100.00,,
     0.646331320,1528845,,bus-cycles:u,1146912,100.00,,
     0.646331320,1715290,,instructions:u,1146912,100.00,,
     0.647479187,85685,,branch-misses:u,1147712,100.00,,
     0.647479187,0,,cache-misses:u,1147776,100.00,,
     0.647479187,1524719,,bus-cycles:u,1147808,100.00,,
     0.647479187,1714800,,instructions:u,1147872,100.00,,
     0.648628365,85913,,branch-misses:u,1148288,100.00,,
     0.648628365,0,,cache-misses:u,1148256,100.00,,
     0.648628365,1530574,,bus-cycles:u,1148160,100.00,,
     0.648628365,1720300,,instructions:u,1148128,100.00,,
     0.649775431,86268,,branch-misses:u,1146496,100.00,,
     0.649775431,0,,cache-misses:u,1146528,100.00,,
     0.649775431,1528654,,bus-cycles:u,1146560,100.00,,
     0.649775431,1718620,,instructions:u,1146496,100.00,,
     0.650922273,85173,,branch-misses:u,1146336,100.00,,
     0.650922273,0,,cache-misses:u,1146432,100.00,,
     0.650922273,1528536,,bus-cycles:u,1146432,100.00,,
     0.650922273,1701650,,instructions:u,1146496,100.00,,
     0.652070235,86066,,branch-misses:u,1147776,100.00,,
     0.652070235,0,,cache-misses:u,1147712,100.00,,
     0.652070235,1525592,,bus-cycles:u,1147712,100.00,,
     0.652070235,1712340,,instructions:u,1147680,100.00,,
     0.653218614,86499,,branch-misses:u,1147680,100.00,,
     0.653218614,0,,cache-misses:u,1147776,100.00,,
     0.653218614,1531490,,bus-cycles:u,1147840,100.00,,
     0.653218614,1731800,,instructions:u,1147872,100.00,,
     0.654365904,85792,,branch-misses:u,1146624,100.00,,
     0.654365904,0,,cache-misses:u,1146432,100.00,,
     0.654365904,1528782,,bus-cycles:u,1146400,100.00,,
     0.654365904,1719660,,instructions:u,1146336,100.00,,
     0.655513514,85640,,branch-misses:u,1147328,100.00,,
     0.655513514,0,,cache-misses:u,1147584,100.00,,
     0.655513514,1525152,,bus-cycles:u,1147520,100.00,,
     0.655513514,1712790,,instructions:u,1147616,100.00,,
     0.656675019,87028,,branch-misses:u,1160992,100.00,,
     0.656675019,0,,cache-misses:u,1160864,100.00,,
     0.656675019,1548279,,bus-cycles:u,1160896,100.00,,
     0.656675019,1738264,,instructions:u,1160832,100.00,,
     0.657824165,86168,,branch-misses:u,1148192,100.00,,
     0.657824165,0,,cache-misses:u,1148096,100.00,,
     0.657824165,1531296,,bus-cycles:u,1148064,100.00,,
     0.657824165,1720726,,instructions:u,1148032,100.00,,
     0.658971711,85917,,branch-misses:u,1147104,100.00,,
     0.658971711,0,,cache-misses:u,1147136,100.00,,
     0.658971711,1529026,,bus-cycles:u,1147168,100.00,,
     0.658971711,1711518,,instructions:u,1147168,100.00,,
     0.660118585,85887,,branch-misses:u,1146336,100.00,,
     0.660118585,0,,cache-misses:u,1146624,100.00,,
     0.660118585,1524426,,bus-cycles:u,1146720,100.00,,
     0.660118585,1717992,,instructions:u,1146784,100.00,,
     0.661268917,86961,,branch-misses:u,1150240,100.00,,
     0.661268917,0,,cache-misses:u,1149920,100.00,,
     0.661268917,1533429,,bus-cycles:u,1150048,100.00,,
     0.661268917,1734180,,instructions:u,1150048,100.00,,
     0.662417487,86320,,branch-misses:u,1147488,100.00,,
     0.662417487,0,,cache-misses:u,1147616,100.00,,
     0.662417487,1530520,,bus-cycles:u,1147424,100.00,,
     0.662417487,1725910,,instructions:u,1147360,100.00,,
     0.663565962,86241,,branch-misses:u,1148288,100.00,,
     0.663565962,0,,cache-misses:u,1148256,100.00,,
     0.663565962,1526792,,bus-cycles:u,1148256,100.00,,
     0.663565962,1725814,,instructions:u,1148256,100.00,,
     0.664715173,86503,,branch-misses:u,1148320,100.00,,
     0.664715173,0,,cache-misses:u,1148192,100.00,,
     0.664715173,1531039,,bus-cycles:u,1148192,100.00,,
     0.664715173,1724356,,instructions:u,1148192,100.00,,
     0.665862110,86274,,branch-misses:u,1146464,100.00,,
     0.665862110,0,,cache-misses:u,1146592,100.00,,
     0.665862110,1529062,,bus-cycles:u,1146528,100.00,,
     0.665862110,1728930,,instructions:u,1146432,100.00,,
     0.667008984,85900,,branch-misses:u,1146304,100.00,,
     0.667008984,0,,cache-misses:u,1146272,100.00,,
     0.667008984,1529284,,bus-cycles:u,1146304,100.00,,
     0.667008984,1712150,,instructions:u,1146400,100.00,,
     0.668165462,86750,,branch-misses:u,1156384,100.00,,
     0.668165462,0,,cache-misses:u,1156512,100.00,,
     0.668165462,1536672,,bus-cycles:u,1156544,100.00,,
     0.668165462,1731520,,instructions:u,1156576,100.00,,
     0.669313809,85834,,branch-misses:u,1147392,100.00,,
     0.669313809,0,,cache-misses:u,1147232,100.00,,
     0.669313809,1529923,,bus-cycles:u,1147168,100.00,,
     0.669313809,1722090,,instructions:u,1147136,100.00,,
     0.669942712,28814,,branch-misses:u,572480,100.00,,
     0.669942712,86,,cache-misses:u,569888,100.00,,
     0.669942712,527488,,bus-cycles:u,567488,100.00,,
     0.669942712,567058,,instructions:u,565056,100.00,,
