     0.001101067,29,,branch-misses:u,234848,100.00,,
     0.001101067,29,,cache-misses:u,243232,100.00,,
     0.001101067,3425,,bus-cycles:u,248672,100.00,,
     0.001101067,344,,instructions:u,253696,100.00,,
     0.002584732,26780,,branch-misses:u,1475648,100.00,,
     0.002584732,1654,,cache-misses:u,1473536,100.00,,
     0.002584732,602460,,bus-cycles:u,1472320,100.00,,
     0.002584732,600820,,instructions:u,1471296,100.00,,
     0.003815699,73747,,branch-misses:u,1225440,100.00,,
     0.003815699,0,,cache-misses:u,1222816,100.00,,
     0.003815699,1304415,,bus-cycles:u,1221632,100.00,,
     0.003815699,1468470,,instructions:u,1220640,100.00,,
     0.004993126,78419,,branch-misses:u,1175584,100.00,,
     0.004993126,0,,cache-misses:u,1175104,100.00,,
     0.004993126,1388939,,bus-cycles:u,1174976,100.00,,
     0.004993126,1566580,,instructions:u,1174816,100.00,,
     0.006157431,73268,,branch-misses:u,1164096,100.00,,
     0.006157431,0,,cache-misses:u,1164192,100.00,,
     0.006157431,1311893,,bus-cycles:u,1164192,100.00,,
     0.006157431,1459436,,instructions:u,1164320,100.00,,
     0.007324457,72666,,branch-misses:u,1166848,100.00,,
     0.007324457,0,,cache-misses:u,1166912,100.00,,
     0.007324457,1293655,,bus-cycles:u,1167168,100.00,,
     0.007324457,1460494,,instructions:u,1167168,100.00,,
     0.008491162,72068,,branch-misses:u,1167264,100.00,,
     0.008491162,0,,cache-misses:u,1167232,100.00,,
     0.008491162,1277386,,bus-cycles:u,1167072,100.00,,
     0.008491162,1449670,,instructions:u,1167136,100.00,,
     0.009659916,73045,,branch-misses:u,1168000,100.00,,
     0.009659916,0,,cache-misses:u,1167904,100.00,,
     0.009659916,1294541,,bus-cycles:u,1168032,100.00,,
     0.009659916,1461040,,instructions:u,1168000,100.00,,
     0.010825693,72609,,branch-misses:u,1165600,100.00,,
     0.010825693,0,,cache-misses:u,1165664,100.00,,
     0.010825693,1291831,,bus-cycles:u,1165600,100.00,,
     0.010825693,1452526,,instructions:u,1165600,100.00,,
     0.011990063,72197,,branch-misses:u,1165248,100.00,,
     0.011990063,0,,cache-misses:u,1165312,100.00,,
     0.011990063,1283593,,bus-cycles:u,1165280,100.00,,
     0.011990063,1447954,,instructions:u,1165312,100.00,,
     0.013162337,72968,,branch-misses:u,1171360,100.00,,
     0.013162337,0,,cache-misses:u,1171296,100.00,,
     0.013162337,1298250,,bus-cycles:u,1171264,100.00,,
     0.013162337,1459210,,instructions:u,1171264,100.00,,
     0.014328498,72654,,branch-misses:u,1165920,100.00,,
     0.014328498,0,,cache-misses:u,1165952,100.00,,
     0.014328498,1292297,,bus-cycles:u,1165984,100.00,,
     0.014328498,1459230,,instructions:u,1165920,100.00,,
     0.015493860,72979,,branch-misses:u,1164864,100.00,,
     0.015493860,0,,cache-misses:u,1164704,100.00,,
     0.015493860,1290934,,bus-cycles:u,1164736,100.00,,
     0.015493860,1456590,,instructions:u,1164704,100.00,,
     0.016682391,71809,,branch-misses:u,1189472,100.00,,
     0.016682391,1,,cache-misses:u,1189568,100.00,,
     0.016682391,1278204,,bus-cycles:u,1189664,100.00,,
     0.016682391,1438000,,instructions:u,1189536,100.00,,
     0.017850185,72818,,branch-misses:u,1167008,100.00,,
     0.017850185,0,,cache-misses:u,1166944,100.00,,
     0.017850185,1293158,,bus-cycles:u,1166688,100.00,,
     0.017850185,1451140,,instructions:u,1166912,100.00,,
     0.019016058,72068,,branch-misses:u,1165376,100.00,,
     0.019016058,0,,cache-misses:u,1165248,100.00,,
     0.019016058,1291666,,bus-cycles:u,1165408,100.00,,
     0.019016058,1447830,,instructions:u,1165408,100.00,,
     0.020181388,72308,,branch-misses:u,1166624,100.00,,
     0.020181388,0,,cache-misses:u,1166752,100.00,,
     0.020181388,1287374,,bus-cycles:u,1166688,100.00,,
     0.020181388,1452782,,instructions:u,1166656,100.00,,
     0.021352574,73380,,branch-misses:u,1170144,100.00,,
     0.021352574,0,,cache-misses:u,1170016,100.00,,
     0.021352574,1296789,,bus-cycles:u,1169984,100.00,,
     0.021352574,1456510,,instructions:u,1170016,100.00,,
     0.022519023,72915,,branch-misses:u,1165920,100.00,,
     0.022519023,0,,cache-misses:u,1166048,100.00,,
     0.022519023,1292328,,bus-cycles:u,1165984,100.00,,
     0.022519023,1450638,,instructions:u,1165920,100.00,,
     0.023718052,74510,,branch-misses:u,1200064,100.00,,
     0.023718052,0,,cache-misses:u,1200192,100.00,,
     0.023718052,1324854,,bus-cycles:u,1200224,100.00,,
     0.023718052,1491510,,instructions:u,1200320,100.00,,
     0.024889622,72868,,branch-misses:u,1170656,100.00,,
     0.024889622,0,,cache-misses:u,1170432,100.00,,
     0.024889622,1297271,,bus-cycles:u,1170464,100.00,,
     0.024889622,1457750,,instructions:u,1170336,100.00,,
     0.026056359,72690,,branch-misses:u,1166432,100.00,,
     0.026056359,0,,cache-misses:u,1166624,100.00,,
     0.026056359,1293119,,bus-cycles:u,1166688,100.00,,
     0.026056359,1454190,,instructions:u,1166720,100.00,,
     0.027222521,72625,,branch-misses:u,1166208,100.00,,
     0.027222521,0,,cache-misses:u,1166144,100.00,,
     0.027222521,1292399,,bus-cycles:u,1166048,100.00,,
     0.027222521,1455450,,instructions:u,1166016,100.00,,
     0.028387658,72139,,branch-misses:u,1165568,100.00,,
     0.028387658,0,,cache-misses:u,1165664,100.00,,
     0.028387658,1285436,,bus-cycles:u,1165600,100.00,,
     0.028387658,1447798,,instructions:u,1165600,100.00,,
     0.029557276,73018,,branch-misses:u,1168896,100.00,,
     0.029557276,0,,cache-misses:u,1168896,100.00,,
     0.029557276,1295605,,bus-cycles:u,1168928,100.00,,
     0.029557276,1450472,,instructions:u,1168992,100.00,,
     0.030723918,72530,,branch-misses:u,1166080,100.00,,
     0.030723918,0,,cache-misses:u,1166208,100.00,,
     0.030723918,1292685,,bus-cycles:u,1166304,100.00,,
     0.030723918,1454780,,instructions:u,1166304,100.00,,
     0.031889375,72542,,branch-misses:u,1165920,100.00,,
     0.031889375,0,,cache-misses:u,1165664,100.00,,
     0.031889375,1283576,,bus-cycles:u,1165472,100.00,,
     0.031889375,1448688,,instructions:u,1165344,100.00,,
     0.033055568,77081,,branch-misses:u,1165792,100.00,,
     0.033055568,0,,cache-misses:u,1165728,100.00,,
     0.033055568,1367296,,bus-cycles:u,1165632,100.00,,
     0.033055568,1537082,,instructions:u,1165632,100.00,,
     0.034215905,77089,,branch-misses:u,1160192,100.00,,
     0.034215905,0,,cache-misses:u,1160160,100.00,,
     0.034215905,1371705,,bus-cycles:u,1160160,100.00,,
     0.034215905,1546610,,instructions:u,1160160,100.00,,
     0.035375570,77105,,branch-misses:u,1159136,100.00,,
     0.035375570,0,,cache-misses:u,1159040,100.00,,
     0.035375570,1370645,,bus-cycles:u,1159232,100.00,,
     0.035375570,1545570,,instructions:u,1159232,100.00,,
     0.036534787,78647,,branch-misses:u,1160160,100.00,,
     0.036534787,0,,cache-misses:u,1160256,100.00,,
     0.036534787,1399548,,bus-cycles:u,1160000,100.00,,
     0.036534787,1578020,,instructions:u,1159808,100.00,,
     0.037697044,82100,,branch-misses:u,1161216,100.00,,
     0.037697044,0,,cache-misses:u,1160928,100.00,,
     0.037697044,1459535,,bus-cycles:u,1160992,100.00,,
     0.037697044,1639760,,instructions:u,1160896,100.00,,
     0.038850340,80999,,branch-misses:u,1153056,100.00,,
     0.038850340,0,,cache-misses:u,1153120,100.00,,
     0.038850340,1449283,,bus-cycles:u,1152992,100.00,,
     0.038850340,1617150,,instructions:u,1153024,100.00,,
     0.040003156,81540,,branch-misses:u,1153312,100.00,,
     0.040003156,0,,cache-misses:u,1153280,100.00,,
     0.040003156,1445472,,bus-cycles:u,1153280,100.00,,
     0.040003156,1626144,,instructions:u,1153280,100.00,,
     0.041158085,85586,,branch-misses:u,1154432,100.00,,
     0.041158085,0,,cache-misses:u,1154336,100.00,,
     0.041158085,1526201,,bus-cycles:u,1154240,100.00,,
     0.041158085,1712486,,instructions:u,1154144,100.00,,
     0.042306581,86277,,branch-misses:u,1148128,100.00,,
     0.042306581,0,,cache-misses:u,1148096,100.00,,
     0.042306581,1530596,,bus-cycles:u,1148128,100.00,,
     0.042306581,1737390,,instructions:u,1148064,100.00,,
     0.043454212,85886,,branch-misses:u,1147296,100.00,,
     0.043454212,0,,cache-misses:u,1147360,100.00,,
     0.043454212,1529093,,bus-cycles:u,1147392,100.00,,
     0.043454212,1713540,,instructions:u,1147392,100.00,,
     0.044615957,87102,,branch-misses:u,1162816,100.00,,
     0.044615957,0,,cache-misses:u,1162912,100.00,,
     0.044615957,1545336,,bus-cycles:u,1162976,100.00,,
     0.044615957,1740590,,instructions:u,1163040,100.00,,
     0.045768613,86346,,branch-misses:u,1151776,100.00,,
     0.045768613,0,,cache-misses:u,1151488,100.00,,
     0.045768613,1534494,,bus-cycles:u,1151360,100.00,,
     0.045768613,1722144,,instructions:u,1151360,100.00,,
     0.046916373,86297,,branch-misses:u,1147264,100.00,,
     0.046916373,0,,cache-misses:u,1147232,100.00,,
     0.046916373,1528827,,bus-cycles:u,1147168,100.00,,
     0.046916373,1725982,,instructions:u,1147104,100.00,,
     0.048063109,86237,,branch-misses:u,1147424,100.00,,
     0.048063109,0,,cache-misses:u,1147552,100.00,,
     0.048063109,1523527,,bus-cycles:u,1147712,100.00,,
     0.048063109,1720524,,instructions:u,1147808,100.00,,
     0.049214453,86705,,branch-misses:u,1150688,100.00,,
     0.049214453,0,,cache-misses:u,1150688,100.00,,
     0.049214453,1533283,,bus-cycles:u,1150688,100.00,,
     0.049214453,1728450,,instructions:u,1150688,100.00,,
     0.050360548,85936,,branch-misses:u,1145760,100.00,,
     0.050360548,0,,cache-misses:u,1145664,100.00,,
     0.050360548,1526123,,bus-cycles:u,1145600,100.00,,
     0.050360548,1719710,,instructions:u,1145536,100.00,,
     0.051507092,86327,,branch-misses:u,1146400,100.00,,
     0.051507092,0,,cache-misses:u,1146528,100.00,,
     0.051507092,1527649,,bus-cycles:u,1146464,100.00,,
     0.051507092,1725130,,instructions:u,1146464,100.00,,
     0.052665605,86987,,branch-misses:u,1159040,100.00,,
     0.052665605,0,,cache-misses:u,1159008,100.00,,
     0.052665605,1538609,,bus-cycles:u,1159136,100.00,,
     0.052665605,1738200,,instructions:u,1159136,100.00,,
     0.053813780,86257,,branch-misses:u,1147744,100.00,,
     0.053813780,0,,cache-misses:u,1147712,100.00,,
     0.053813780,1528990,,bus-cycles:u,1147680,100.00,,
     0.053813780,1725560,,instructions:u,1147680,100.00,,
     0.054960388,86334,,branch-misses:u,1146080,100.00,,
     0.054960388,0,,cache-misses:u,1146048,100.00,,
     0.054960388,1526734,,bus-cycles:u,1146016,100.00,,
     0.054960388,1726402,,instructions:u,1146016,100.00,,
     0.056106163,85464,,branch-misses:u,1146624,100.00,,
     0.056106163,0,,cache-misses:u,1146752,100.00,,
     0.056106163,1521779,,bus-cycles:u,1146752,100.00,,
     0.056106163,1713088,,instructions:u,1146720,100.00,,
     0.057257219,85960,,branch-misses:u,1150464,100.00,,
     0.057257219,0,,cache-misses:u,1150400,100.00,,
     0.057257219,1532518,,bus-cycles:u,1150368,100.00,,
     0.057257219,1719640,,instructions:u,1150400,100.00,,
     0.058405011,85888,,branch-misses:u,1147168,100.00,,
     0.058405011,0,,cache-misses:u,1147232,100.00,,
     0.058405011,1528014,,bus-cycles:u,1147264,100.00,,
     0.058405011,1718030,,instructions:u,1147232,100.00,,
     0.059551395,86271,,branch-misses:u,1146336,100.00,,
     0.059551395,0,,cache-misses:u,1146368,100.00,,
     0.059551395,1526695,,bus-cycles:u,1146336,100.00,,
     0.059551395,1719750,,instructions:u,1146368,100.00,,
     0.060710195,87163,,branch-misses:u,1159456,100.00,,
     0.060710195,0,,cache-misses:u,1159616,100.00,,
     0.060710195,1540354,,bus-cycles:u,1159616,100.00,,
     0.060710195,1740750,,instructions:u,1159648,100.00,,
     0.061858307,86324,,branch-misses:u,1147616,100.00,,
     0.061858307,0,,cache-misses:u,1147264,100.00,,
     0.061858307,1528644,,bus-cycles:u,1147264,100.00,,
     0.061858307,1724480,,instructions:u,1147264,100.00,,
     0.063005139,86056,,branch-misses:u,1146400,100.00,,
     0.063005139,0,,cache-misses:u,1146432,100.00,,
     0.063005139,1528138,,bus-cycles:u,1146464,100.00,,
     0.063005139,1713820,,instructions:u,1146368,100.00,,
     0.064151554,85696,,branch-misses:u,1147072,100.00,,
     0.064151554,0,,cache-misses:u,1147104,100.00,,
     0.064151554,1523635,,bus-cycles:u,1147104,100.00,,
     0.064151554,1710080,,instructions:u,1147104,100.00,,
     0.065301586,86520,,branch-misses:u,1149472,100.00,,
     0.065301586,0,,cache-misses:u,1149536,100.00,,
     0.065301586,1531548,,bus-cycles:u,1149568,100.00,,
     0.065301586,1735040,,instructions:u,1149600,100.00,,
     0.066462083,87431,,branch-misses:u,1160576,100.00,,
     0.066462083,0,,cache-misses:u,1160576,100.00,,
     0.066462083,1545722,,bus-cycles:u,1160544,100.00,,
     0.066462083,1742670,,instructions:u,1160544,100.00,,
     0.067598065,84600,,branch-misses:u,1136064,100.00,,
     0.067598065,0,,cache-misses:u,1136000,100.00,,
     0.067598065,1505632,,bus-cycles:u,1135904,100.00,,
     0.067598065,1693870,,instructions:u,1135968,100.00,,
     0.068762563,87507,,branch-misses:u,1169152,100.00,,
     0.068762563,0,,cache-misses:u,1171040,100.00,,
     0.068762563,1560217,,bus-cycles:u,1172448,100.00,,
     0.068762563,1753440,,instructions:u,1173536,100.00,,
     0.070077923,98573,,branch-misses:u,1314112,100.00,,
     0.070077923,0,,cache-misses:u,1314112,100.00,,
     0.070077923,1749921,,bus-cycles:u,1314112,100.00,,
     0.070077923,1970019,,instructions:u,1314144,100.00,,
     0.071283576,90517,,branch-misses:u,1205248,100.00,,
     0.071283576,0,,cache-misses:u,1204864,100.00,,
     0.071283576,1601185,,bus-cycles:u,1204768,100.00,,
     0.071283576,1811031,,instructions:u,1204544,100.00,,
     0.072451594,86618,,branch-misses:u,1167968,100.00,,
     0.072451594,0,,cache-misses:u,1167904,100.00,,
     0.072451594,1544959,,bus-cycles:u,1167808,100.00,,
     0.072451594,1735371,,instructions:u,1168416,100.00,,
     0.073654655,90271,,branch-misses:u,1200480,100.00,,
     0.073654655,0,,cache-misses:u,1199808,100.00,,
     0.073654655,1597748,,bus-cycles:u,1198944,100.00,,
     0.073654655,1804069,,instructions:u,1197728,100.00,,
     0.074809647,86548,,branch-misses:u,1154496,100.00,,
     0.074809647,0,,cache-misses:u,1153952,100.00,,
     0.074809647,1537324,,bus-cycles:u,1153632,100.00,,
     0.074809647,1732240,,instructions:u,1153376,100.00,,
     0.075959967,86020,,branch-misses:u,1150016,100.00,,
     0.075959967,0,,cache-misses:u,1150240,100.00,,
     0.075959967,1525724,,bus-cycles:u,1150368,100.00,,
     0.075959967,1716370,,instructions:u,1150304,100.00,,
     0.077113903,86376,,branch-misses:u,1153376,100.00,,
     0.077113903,0,,cache-misses:u,1153312,100.00,,
     0.077113903,1536164,,bus-cycles:u,1153248,100.00,,
     0.077113903,1726850,,instructions:u,1153248,100.00,,
     0.078261823,85927,,branch-misses:u,1147104,100.00,,
     0.078261823,0,,cache-misses:u,1146752,100.00,,
     0.078261823,1527964,,bus-cycles:u,1146784,100.00,,
     0.078261823,1717330,,instructions:u,1146784,100.00,,
     0.079408687,85759,,branch-misses:u,1147360,100.00,,
     0.079408687,0,,cache-misses:u,1147200,100.00,,
     0.079408687,1528313,,bus-cycles:u,1147232,100.00,,
     0.079408687,1719120,,instructions:u,1147232,100.00,,
     0.080554974,85800,,branch-misses:u,1146816,100.00,,
     0.080554974,0,,cache-misses:u,1147072,100.00,,
     0.080554974,1522493,,bus-cycles:u,1147040,100.00,,
     0.080554974,1707490,,instructions:u,1146912,100.00,,
     0.081705614,86596,,branch-misses:u,1149792,100.00,,
     0.081705614,0,,cache-misses:u,1149952,100.00,,
     0.081705614,1531927,,bus-cycles:u,1149792,100.00,,
     0.081705614,1732220,,instructions:u,1149984,100.00,,
     0.082851774,85972,,branch-misses:u,1146048,100.00,,
     0.082851774,0,,cache-misses:u,1145760,100.00,,
     0.082851774,1526309,,bus-cycles:u,1145888,100.00,,
     0.082851774,1720600,,instructions:u,1145824,100.00,,
     0.083997613,85425,,branch-misses:u,1146400,100.00,,
     0.083997613,0,,cache-misses:u,1146688,100.00,,
     0.083997613,1522138,,bus-cycles:u,1146720,100.00,,
     0.083997613,1714670,,instructions:u,1146784,100.00,,
     0.085148125,86633,,branch-misses:u,1149664,100.00,,
     0.085148125,0,,cache-misses:u,1149472,100.00,,
     0.085148125,1531845,,bus-cycles:u,1149408,100.00,,
     0.085148125,1733250,,instructions:u,1149408,100.00,,
     0.086294509,85785,,branch-misses:u,1146272,100.00,,
     0.086294509,0,,cache-misses:u,1146208,100.00,,
     0.086294509,1526864,,bus-cycles:u,1146240,100.00,,
     0.086294509,1719520,,instructions:u,1146208,100.00,,
     0.087466271,87568,,branch-misses:u,1171840,100.00,,
     0.087466271,0,,cache-misses:u,1172288,100.00,,
     0.087466271,1562075,,bus-cycles:u,1172288,100.00,,
     0.087466271,1763000,,instructions:u,1172288,100.00,,
     0.088612366,85457,,branch-misses:u,1146208,100.00,,
     0.088612366,0,,cache-misses:u,1145920,100.00,,
     0.088612366,1520959,,bus-cycles:u,1145824,100.00,,
     0.088612366,1711640,,instructions:u,1145824,100.00,,
     0.089761374,86044,,branch-misses:u,1148736,100.00,,
     0.089761374,0,,cache-misses:u,1149056,100.00,,
     0.089761374,1531460,,bus-cycles:u,1149088,100.00,,
     0.089761374,1721880,,instructions:u,1149056,100.00,,
     0.090907149,86117,,branch-misses:u,1145376,100.00,,
     0.090907149,0,,cache-misses:u,1144832,100.00,,
     0.090907149,1525898,,bus-cycles:u,1144800,100.00,,
     0.090907149,1721770,,instructions:u,1144768,100.00,,
     0.092051229,85354,,branch-misses:u,1144640,100.00,,
     0.092051229,0,,cache-misses:u,1145088,100.00,,
     0.092051229,1520178,,bus-cycles:u,1145216,100.00,,
     0.092051229,1712980,,instructions:u,1145248,100.00,,
     0.093202093,85877,,branch-misses:u,1150208,100.00,,
     0.093202093,0,,cache-misses:u,1150048,100.00,,
     0.093202093,1532133,,bus-cycles:u,1149984,100.00,,
     0.093202093,1720100,,instructions:u,1150016,100.00,,
     0.094348700,85971,,branch-misses:u,1146304,100.00,,
     0.094348700,0,,cache-misses:u,1146080,100.00,,
     0.094348700,1527638,,bus-cycles:u,1146080,100.00,,
     0.094348700,1716140,,instructions:u,1146048,100.00,,
     0.095494412,85770,,branch-misses:u,1145632,100.00,,
     0.095494412,0,,cache-misses:u,1145632,100.00,,
     0.095494412,1525736,,bus-cycles:u,1145664,100.00,,
     0.095494412,1717060,,instructions:u,1145696,100.00,,
     0.096656221,87045,,branch-misses:u,1161984,100.00,,
     0.096656221,0,,cache-misses:u,1161984,100.00,,
     0.096656221,1543221,,bus-cycles:u,1161984,100.00,,
     0.096656221,1747460,,instructions:u,1162016,100.00,,
     0.097801676,85595,,branch-misses:u,1144608,100.00,,
     0.097801676,0,,cache-misses:u,1144576,100.00,,
     0.097801676,1524734,,bus-cycles:u,1144608,100.00,,
     0.097801676,1712870,,instructions:u,1144544,100.00,,
     0.098945980,85932,,branch-misses:u,1144384,100.00,,
     0.098945980,0,,cache-misses:u,1144544,100.00,,
     0.098945980,1524918,,bus-cycles:u,1144480,100.00,,
     0.098945980,1715411,,instructions:u,1144480,100.00,,
     0.100090091,86069,,branch-misses:u,1144992,100.00,,
     0.100090091,0,,cache-misses:u,1144992,100.00,,
     0.100090091,1520682,,bus-cycles:u,1145088,100.00,,
     0.100090091,1720493,,instructions:u,1145088,100.00,,
     0.101239643,86444,,branch-misses:u,1148864,100.00,,
     0.101239643,0,,cache-misses:u,1148864,100.00,,
     0.101239643,1530355,,bus-cycles:u,1148800,100.00,,
     0.101239643,1722036,,instructions:u,1148800,100.00,,
     0.102385162,85548,,branch-misses:u,1145344,100.00,,
     0.102385162,0,,cache-misses:u,1145344,100.00,,
     0.102385162,1525704,,bus-cycles:u,1145376,100.00,,
     0.102385162,1713480,,instructions:u,1145376,100.00,,
     0.103530042,85564,,branch-misses:u,1144448,100.00,,
     0.103530042,0,,cache-misses:u,1144288,100.00,,
     0.103530042,1524667,,bus-cycles:u,1144224,100.00,,
     0.103530042,1709981,,instructions:u,1144064,100.00,,
     0.104718253,88634,,branch-misses:u,1189120,100.00,,
     0.104718253,0,,cache-misses:u,1189536,100.00,,
     0.104718253,1578630,,bus-cycles:u,1189568,100.00,,
     0.104718253,1773619,,instructions:u,1189760,100.00,,
     0.105865597,86101,,branch-misses:u,1146560,100.00,,
     0.105865597,0,,cache-misses:u,1146144,100.00,,
     0.105865597,1526665,,bus-cycles:u,1146048,100.00,,
     0.105865597,1719100,,instructions:u,1146112,100.00,,
     0.107010956,86502,,branch-misses:u,1144896,100.00,,
     0.107010956,0,,cache-misses:u,1144896,100.00,,
     0.107010956,1525421,,bus-cycles:u,1145024,100.00,,
     0.107010956,1724356,,instructions:u,1144928,100.00,,
     0.108173405,87129,,branch-misses:u,1163488,100.00,,
     0.108173405,0,,cache-misses:u,1163840,100.00,,
     0.108173405,1541159,,bus-cycles:u,1163808,100.00,,
     0.108173405,1743994,,instructions:u,1163808,100.00,,
     0.109325678,86695,,branch-misses:u,1151328,100.00,,
     0.109325678,0,,cache-misses:u,1150976,100.00,,
     0.109325678,1533941,,bus-cycles:u,1150816,100.00,,
     0.109325678,1730450,,instructions:u,1150720,100.00,,
     0.110471709,85789,,branch-misses:u,1145856,100.00,,
     0.110471709,0,,cache-misses:u,1145760,100.00,,
     0.110471709,1527136,,bus-cycles:u,1145824,100.00,,
     0.110471709,1714650,,instructions:u,1145856,100.00,,
     0.111587018,83903,,branch-misses:u,1115776,100.00,,
     0.111587018,0,,cache-misses:u,1115936,100.00,,
     0.111587018,1481299,,bus-cycles:u,1115936,100.00,,
     0.111587018,1680584,,instructions:u,1115872,100.00,,
     0.112735993,85897,,branch-misses:u,1148384,100.00,,
     0.112735993,0,,cache-misses:u,1148256,100.00,,
     0.112735993,1530245,,bus-cycles:u,1148224,100.00,,
     0.112735993,1713946,,instructions:u,1148224,100.00,,
     0.113881353,85356,,branch-misses:u,1145216,100.00,,
     0.113881353,0,,cache-misses:u,1145248,100.00,,
     0.113881353,1526021,,bus-cycles:u,1145344,100.00,,
     0.113881353,1701470,,instructions:u,1145408,100.00,,
     0.115026584,86138,,branch-misses:u,1144768,100.00,,
     0.115026584,0,,cache-misses:u,1144736,100.00,,
     0.115026584,1525260,,bus-cycles:u,1144704,100.00,,
     0.115026584,1724330,,instructions:u,1144672,100.00,,
     0.116171144,85967,,branch-misses:u,1145248,100.00,,
     0.116171144,0,,cache-misses:u,1145408,100.00,,
     0.116171144,1521734,,bus-cycles:u,1145440,100.00,,
     0.116171144,1719360,,instructions:u,1145504,100.00,,
     0.117319895,86063,,branch-misses:u,1148160,100.00,,
     0.117319895,0,,cache-misses:u,1148096,100.00,,
     0.117319895,1529989,,bus-cycles:u,1148096,100.00,,
     0.117319895,1716600,,instructions:u,1148032,100.00,,
     0.118465031,86020,,branch-misses:u,1144512,100.00,,
     0.118465031,0,,cache-misses:u,1144512,100.00,,
     0.118465031,1524950,,bus-cycles:u,1144512,100.00,,
     0.118465031,1720610,,instructions:u,1144480,100.00,,
     0.119587892,83825,,branch-misses:u,1123648,100.00,,
     0.119587892,0,,cache-misses:u,1123712,100.00,,
     0.119587892,1492709,,bus-cycles:u,1123680,100.00,,
     0.119587892,1677142,,instructions:u,1123712,100.00,,
     0.120736196,86414,,branch-misses:u,1147808,100.00,,
     0.120736196,0,,cache-misses:u,1147744,100.00,,
     0.120736196,1528984,,bus-cycles:u,1147744,100.00,,
     0.120736196,1729938,,instructions:u,1147808,100.00,,
     0.121881619,86337,,branch-misses:u,1145184,100.00,,
     0.121881619,0,,cache-misses:u,1145152,100.00,,
     0.121881619,1525866,,bus-cycles:u,1145120,100.00,,
     0.121881619,1734600,,instructions:u,1145056,100.00,,
     0.123026243,86219,,branch-misses:u,1144224,100.00,,
     0.123026243,1,,cache-misses:u,1144192,100.00,,
     0.123026243,1524939,,bus-cycles:u,1144256,100.00,,
     0.123026243,1718310,,instructions:u,1144224,100.00,,
     0.124170322,85780,,branch-misses:u,1144896,100.00,,
     0.124170322,0,,cache-misses:u,1145056,100.00,,
     0.124170322,1515074,,bus-cycles:u,1145024,100.00,,
     0.124170322,1711617,,instructions:u,1145088,100.00,,
     0.125319170,86626,,branch-misses:u,1148256,100.00,,
     0.125319170,0,,cache-misses:u,1148096,100.00,,
     0.125319170,1530307,,bus-cycles:u,1148064,100.00,,
     0.125319170,1736513,,instructions:u,1148096,100.00,,
     0.126464401,86165,,branch-misses:u,1144832,100.00,,
     0.126464401,0,,cache-misses:u,1144800,100.00,,
     0.126464401,1525781,,bus-cycles:u,1144832,100.00,,
     0.126464401,1720820,,instructions:u,1144832,100.00,,
     0.127585822,84313,,branch-misses:u,1122016,100.00,,
     0.127585822,0,,cache-misses:u,1122080,100.00,,
     0.127585822,1488386,,bus-cycles:u,1122048,100.00,,
     0.127585822,1680020,,instructions:u,1121984,100.00,,
     0.128733294,86063,,branch-misses:u,1146912,100.00,,
     0.128733294,0,,cache-misses:u,1147008,100.00,,
     0.128733294,1527757,,bus-cycles:u,1147040,100.00,,
     0.128733294,1722290,,instructions:u,1147168,100.00,,
     0.129891999,87553,,branch-misses:u,1158720,100.00,,
     0.129891999,0,,cache-misses:u,1158816,100.00,,
     0.129891999,1543694,,bus-cycles:u,1158816,100.00,,
     0.129891999,1746310,,instructions:u,1158752,100.00,,
     0.131037390,86427,,branch-misses:u,1145216,100.00,,
     0.131037390,0,,cache-misses:u,1144992,100.00,,
     0.131037390,1525182,,bus-cycles:u,1145024,100.00,,
     0.131037390,1724840,,instructions:u,1144992,100.00,,
     0.132181598,85563,,branch-misses:u,1144608,100.00,,
     0.132181598,0,,cache-misses:u,1144832,100.00,,
     0.132181598,1519431,,bus-cycles:u,1144800,100.00,,
     0.132181598,1710670,,instructions:u,1144864,100.00,,
     0.133329549,86009,,branch-misses:u,1147232,100.00,,
     0.133329549,0,,cache-misses:u,1147168,100.00,,
     0.133329549,1527353,,bus-cycles:u,1147168,100.00,,
     0.133329549,1725660,,instructions:u,1147104,100.00,,
     0.134474653,86180,,branch-misses:u,1145056,100.00,,
     0.134474653,0,,cache-misses:u,1144896,100.00,,
     0.134474653,1524910,,bus-cycles:u,1144992,100.00,,
     0.134474653,1724856,,instructions:u,1144992,100.00,,
     0.135586985,83462,,branch-misses:u,1112576,100.00,,
     0.135586985,0,,cache-misses:u,1112544,100.00,,
     0.135586985,1477133,,bus-cycles:u,1112448,100.00,,
     0.135586985,1664664,,instructions:u,1112448,100.00,,
     0.136734328,86527,,branch-misses:u,1146848,100.00,,
     0.136734328,0,,cache-misses:u,1146880,100.00,,
     0.136734328,1528584,,bus-cycles:u,1146848,100.00,,
     0.136734328,1725940,,instructions:u,1146848,100.00,,
     0.137879464,86576,,branch-misses:u,1144640,100.00,,
     0.137879464,0,,cache-misses:u,1144640,100.00,,
     0.137879464,1524832,,bus-cycles:u,1144736,100.00,,
     0.137879464,1722180,,instructions:u,1144768,100.00,,
     0.139023223,86129,,branch-misses:u,1144064,100.00,,
     0.139023223,0,,cache-misses:u,1144160,100.00,,
     0.139023223,1524204,,bus-cycles:u,1144096,100.00,,
     0.139023223,1725570,,instructions:u,1144000,100.00,,
     0.140167527,85620,,branch-misses:u,1144704,100.00,,
     0.140167527,0,,cache-misses:u,1144736,100.00,,
     0.140167527,1519469,,bus-cycles:u,1144704,100.00,,
     0.140167527,1714670,,instructions:u,1144736,100.00,,
     0.141315702,86091,,branch-misses:u,1147616,100.00,,
     0.141315702,0,,cache-misses:u,1147424,100.00,,
     0.141315702,1527770,,bus-cycles:u,1147392,100.00,,
     0.141315702,1722800,,instructions:u,1147456,100.00,,
     0.142460070,86041,,branch-misses:u,1144128,100.00,,
     0.142460070,0,,cache-misses:u,1144160,100.00,,
     0.142460070,1523466,,bus-cycles:u,1144192,100.00,,
     0.142460070,1717870,,instructions:u,1144224,100.00,,
     0.143588083,84823,,branch-misses:u,1128320,100.00,,
     0.143588083,0,,cache-misses:u,1128320,100.00,,
     0.143588083,1497756,,bus-cycles:u,1128352,100.00,,
     0.143588083,1696511,,instructions:u,1128288,100.00,,
     0.144735939,86291,,branch-misses:u,1147392,100.00,,
     0.144735939,0,,cache-misses:u,1147520,100.00,,
     0.144735939,1528006,,bus-cycles:u,1147552,100.00,,
     0.144735939,1724259,,instructions:u,1147520,100.00,,
     0.145880658,85525,,branch-misses:u,1144512,100.00,,
     0.145880658,0,,cache-misses:u,1144416,100.00,,
     0.145880658,1524087,,bus-cycles:u,1144352,100.00,,
     0.145880658,1710630,,instructions:u,1144480,100.00,,
     0.147024482,85668,,branch-misses:u,1143712,100.00,,
     0.147024482,0,,cache-misses:u,1143712,100.00,,
     0.147024482,1523769,,bus-cycles:u,1143776,100.00,,
     0.147024482,1705770,,instructions:u,1143744,100.00,,
     0.148168177,85675,,branch-misses:u,1144224,100.00,,
     0.148168177,0,,cache-misses:u,1144448,100.00,,
     0.148168177,1519369,,bus-cycles:u,1144416,100.00,,
     0.148168177,1712511,,instructions:u,1144352,100.00,,
     0.149315937,86440,,branch-misses:u,1147072,100.00,,
     0.149315937,0,,cache-misses:u,1147008,100.00,,
     0.149315937,1527921,,bus-cycles:u,1147008,100.00,,
     0.149315937,1728329,,instructions:u,1147008,100.00,,
     0.150474257,86884,,branch-misses:u,1158368,100.00,,
     0.150474257,0,,cache-misses:u,1158336,100.00,,
     0.150474257,1543220,,bus-cycles:u,1158336,100.00,,
     0.150474257,1744030,,instructions:u,1158336,100.00,,
     0.151587198,83477,,branch-misses:u,1113088,100.00,,
     0.151587198,0,,cache-misses:u,1113024,100.00,,
     0.151587198,1477489,,bus-cycles:u,1113056,100.00,,
     0.151587198,1673290,,instructions:u,1113056,100.00,,
     0.152735277,86462,,branch-misses:u,1147552,100.00,,
     0.152735277,0,,cache-misses:u,1147648,100.00,,
     0.152735277,1528371,,bus-cycles:u,1147616,100.00,,
     0.152735277,1733470,,instructions:u,1147616,100.00,,
     0.153879933,85861,,branch-misses:u,1144384,100.00,,
     0.153879933,0,,cache-misses:u,1144160,100.00,,
     0.153879933,1523603,,bus-cycles:u,1144128,100.00,,
     0.153879933,1719684,,instructions:u,1144064,100.00,,
     0.155023404,85882,,branch-misses:u,1143552,100.00,,
     0.155023404,0,,cache-misses:u,1143712,100.00,,
     0.155023404,1522862,,bus-cycles:u,1143744,100.00,,
     0.155023404,1722076,,instructions:u,1143840,100.00,,
     0.156167195,85347,,branch-misses:u,1144160,100.00,,
     0.156167195,0,,cache-misses:u,1144192,100.00,,
     0.156167195,1517752,,bus-cycles:u,1144224,100.00,,
     0.156167195,1704430,,instructions:u,1144160,100.00,,
     0.157316267,86170,,branch-misses:u,1148544,100.00,,
     0.157316267,0,,cache-misses:u,1148480,100.00,,
     0.157316267,1528701,,bus-cycles:u,1148384,100.00,,
     0.157316267,1726890,,instructions:u,1148416,100.00,,
     0.158460858,86222,,branch-misses:u,1144352,100.00,,
     0.158460858,0,,cache-misses:u,1144352,100.00,,
     0.158460858,1523826,,bus-cycles:u,1144448,100.00,,
     0.158460858,1719180,,instructions:u,1144416,100.00,,
     0.159585896,83328,,branch-misses:u,1125472,100.00,,
     0.159585896,0,,cache-misses:u,1125536,100.00,,
     0.159585896,1493341,,bus-cycles:u,1125472,100.00,,
     0.159585896,1663924,,instructions:u,1125536,100.00,,
     0.160732984,85967,,branch-misses:u,1146592,100.00,,
     0.160732984,0,,cache-misses:u,1146496,100.00,,
     0.160732984,1527109,,bus-cycles:u,1146560,100.00,,
     0.160732984,1722896,,instructions:u,1146496,100.00,,
     0.161877575,86193,,branch-misses:u,1144032,100.00,,
     0.161877575,0,,cache-misses:u,1144096,100.00,,
     0.161877575,1523842,,bus-cycles:u,1144064,100.00,,
     0.161877575,1721160,,instructions:u,1144128,100.00,,
     0.163021718,86345,,branch-misses:u,1144352,100.00,,
     0.163021718,0,,cache-misses:u,1144288,100.00,,
     0.163021718,1523788,,bus-cycles:u,1144352,100.00,,
     0.163021718,1723701,,instructions:u,1144320,100.00,,
     0.164166822,85287,,branch-misses:u,1145376,100.00,,
     0.164166822,0,,cache-misses:u,1145472,100.00,,
     0.164166822,1520260,,bus-cycles:u,1145504,100.00,,
     0.164166822,1705789,,instructions:u,1145536,100.00,,
     0.165314101,85642,,branch-misses:u,1146752,100.00,,
     0.165314101,0,,cache-misses:u,1146624,100.00,,
     0.165314101,1526374,,bus-cycles:u,1146528,100.00,,
     0.165314101,1711060,,instructions:u,1146528,100.00,,
     0.166458693,85372,,branch-misses:u,1144128,100.00,,
     0.166458693,0,,cache-misses:u,1144064,100.00,,
     0.166458693,1523327,,bus-cycles:u,1144064,100.00,,
     0.166458693,1710100,,instructions:u,1143968,100.00,,
     0.167589011,84133,,branch-misses:u,1131040,100.00,,
     0.167589011,0,,cache-misses:u,1131200,100.00,,
     0.167589011,1500888,,bus-cycles:u,1131168,100.00,,
     0.167589011,1683530,,instructions:u,1131264,100.00,,
     0.168736674,86156,,branch-misses:u,1147136,100.00,,
     0.168736674,0,,cache-misses:u,1147168,100.00,,
     0.168736674,1528491,,bus-cycles:u,1147200,100.00,,
     0.168736674,1725130,,instructions:u,1147200,100.00,,
     0.169881874,86015,,branch-misses:u,1145120,100.00,,
     0.169881874,0,,cache-misses:u,1144992,100.00,,
     0.169881874,1524832,,bus-cycles:u,1144992,100.00,,
     0.169881874,1724460,,instructions:u,1144928,100.00,,
     0.171036066,86792,,branch-misses:u,1154176,100.00,,
     0.171036066,0,,cache-misses:u,1154208,100.00,,
     0.171036066,1537000,,bus-cycles:u,1154208,100.00,,
     0.171036066,1733231,,instructions:u,1154208,100.00,,
     0.172181650,85827,,branch-misses:u,1145824,100.00,,
     0.172181650,0,,cache-misses:u,1145856,100.00,,
     0.172181650,1520817,,bus-cycles:u,1145824,100.00,,
     0.172181650,1725689,,instructions:u,1145824,100.00,,
     0.173330433,86217,,branch-misses:u,1148256,100.00,,
     0.173330433,0,,cache-misses:u,1148352,100.00,,
     0.173330433,1528193,,bus-cycles:u,1148352,100.00,,
     0.173330433,1726650,,instructions:u,1148448,100.00,,
     0.174475793,86055,,branch-misses:u,1144736,100.00,,
     0.174475793,0,,cache-misses:u,1144576,100.00,,
     0.174475793,1523943,,bus-cycles:u,1144576,100.00,,
     0.174475793,1716430,,instructions:u,1144512,100.00,,
     0.175585693,82971,,branch-misses:u,1110528,100.00,,
     0.175585693,0,,cache-misses:u,1110624,100.00,,
     0.175585693,1473264,,bus-cycles:u,1110656,100.00,,
     0.175585693,1665610,,instructions:u,1110592,100.00,,
     0.176733676,85771,,branch-misses:u,1147552,100.00,,
     0.176733676,0,,cache-misses:u,1147616,100.00,,
     0.176733676,1528384,,bus-cycles:u,1147584,100.00,,
     0.176733676,1715010,,instructions:u,1147616,100.00,,
     0.177878684,86040,,branch-misses:u,1144576,100.00,,
     0.177878684,0,,cache-misses:u,1144512,100.00,,
     0.177878684,1523950,,bus-cycles:u,1144544,100.00,,
     0.177878684,1723850,,instructions:u,1144544,100.00,,
     0.179023019,84448,,branch-misses:u,1144128,100.00,,
     0.179023019,0,,cache-misses:u,1144128,100.00,,
     0.179023019,1522830,,bus-cycles:u,1144064,100.00,,
     0.179023019,1681950,,instructions:u,1144096,100.00,,
     0.180167131,85501,,branch-misses:u,1144896,100.00,,
     0.180167131,0,,cache-misses:u,1144896,100.00,,
     0.180167131,1518827,,bus-cycles:u,1144960,100.00,,
     0.180167131,1702854,,instructions:u,1144896,100.00,,
     0.181315530,85931,,branch-misses:u,1147776,100.00,,
     0.181315530,0,,cache-misses:u,1147776,100.00,,
     0.181315530,1528712,,bus-cycles:u,1147808,100.00,,
     0.181315530,1717126,,instructions:u,1147808,100.00,,
     0.182460410,85811,,branch-misses:u,1144480,100.00,,
     0.182460410,0,,cache-misses:u,1144448,100.00,,
     0.182460410,1523558,,bus-cycles:u,1144416,100.00,,
     0.182460410,1716500,,instructions:u,1144448,100.00,,
     0.183585991,83206,,branch-misses:u,1126144,100.00,,
     0.183585991,0,,cache-misses:u,1126240,100.00,,
     0.183585991,1495305,,bus-cycles:u,1126176,100.00,,
     0.183585991,1664720,,instructions:u,1126176,100.00,,
     0.184733175,85880,,branch-misses:u,1146624,100.00,,
     0.184733175,0,,cache-misses:u,1146496,100.00,,
     0.184733175,1527622,,bus-cycles:u,1146560,100.00,,
     0.184733175,1716380,,instructions:u,1146528,100.00,,
     0.185878182,85639,,branch-misses:u,1144704,100.00,,
     0.185878182,0,,cache-misses:u,1144672,100.00,,
     0.185878182,1525317,,bus-cycles:u,1144640,100.00,,
     0.185878182,1709160,,instructions:u,1144704,100.00,,
     0.187022006,86261,,branch-misses:u,1143616,100.00,,
     0.187022006,0,,cache-misses:u,1143648,100.00,,
     0.187022006,1524074,,bus-cycles:u,1143648,100.00,,
     0.187022006,1718440,,instructions:u,1143616,100.00,,
     0.188165445,84928,,branch-misses:u,1144352,100.00,,
     0.188165445,0,,cache-misses:u,1144416,100.00,,
     0.188165445,1516308,,bus-cycles:u,1144416,100.00,,
     0.188165445,1705160,,instructions:u,1144384,100.00,,
     0.189313012,85692,,branch-misses:u,1146720,100.00,,
     0.189313012,0,,cache-misses:u,1146752,100.00,,
     0.189313012,1527732,,bus-cycles:u,1146752,100.00,,
     0.189313012,1712372,,instructions:u,1146784,100.00,,
     0.190457828,85842,,branch-misses:u,1144480,100.00,,
     0.190457828,0,,cache-misses:u,1144416,100.00,,
     0.190457828,1524519,,bus-cycles:u,1144448,100.00,,
     0.190457828,1721418,,instructions:u,1144512,100.00,,
     0.191587922,84017,,branch-misses:u,1130752,100.00,,
     0.191587922,0,,cache-misses:u,1130848,100.00,,
     0.191587922,1501264,,bus-cycles:u,1130752,100.00,,
     0.191587922,1689060,,instructions:u,1130720,100.00,,
     0.192748899,86891,,branch-misses:u,1160608,100.00,,
     0.192748899,0,,cache-misses:u,1160672,100.00,,
     0.192748899,1546314,,bus-cycles:u,1160800,100.00,,
     0.192748899,1736030,,instructions:u,1160768,100.00,,
     0.193894674,85920,,branch-misses:u,1145472,100.00,,
     0.193894674,0,,cache-misses:u,1145408,100.00,,
     0.193894674,1525574,,bus-cycles:u,1145248,100.00,,
     0.193894674,1719100,,instructions:u,1145248,100.00,,
     0.195038658,85499,,branch-misses:u,1143648,100.00,,
     0.195038658,0,,cache-misses:u,1143520,100.00,,
     0.195038658,1523366,,bus-cycles:u,1143648,100.00,,
     0.195038658,1713620,,instructions:u,1143648,100.00,,
     0.196182129,85573,,branch-misses:u,1144096,100.00,,
     0.196182129,0,,cache-misses:u,1144320,100.00,,
     0.196182129,1519054,,bus-cycles:u,1144320,100.00,,
     0.196182129,1712550,,instructions:u,1144320,100.00,,
     0.197331073,86327,,branch-misses:u,1148320,100.00,,
     0.197331073,0,,cache-misses:u,1148224,100.00,,
     0.197331073,1529568,,bus-cycles:u,1148192,100.00,,
     0.197331073,1723650,,instructions:u,1148128,100.00,,
     0.198476336,85558,,branch-misses:u,1144864,100.00,,
     0.198476336,0,,cache-misses:u,1144800,100.00,,
     0.198476336,1525090,,bus-cycles:u,1144864,100.00,,
     0.198476336,1709300,,instructions:u,1144928,100.00,,
     0.199585724,83007,,branch-misses:u,1109984,100.00,,
     0.199585724,0,,cache-misses:u,1110016,100.00,,
     0.199585724,1472859,,bus-cycles:u,1109920,100.00,,
     0.199585724,1661979,,instructions:u,1110016,100.00,,
     0.200733932,86298,,branch-misses:u,1147712,100.00,,
     0.200733932,0,,cache-misses:u,1147712,100.00,,
     0.200733932,1528378,,bus-cycles:u,1147744,100.00,,
     0.200733932,1721711,,instructions:u,1147712,100.00,,
     0.201878939,85557,,branch-misses:u,1144608,100.00,,
     0.201878939,0,,cache-misses:u,1144480,100.00,,
     0.201878939,1524940,,bus-cycles:u,1144512,100.00,,
     0.201878939,1707750,,instructions:u,1144448,100.00,,
     0.203022762,85536,,branch-misses:u,1143904,100.00,,
     0.203022762,0,,cache-misses:u,1144096,100.00,,
     0.203022762,1523506,,bus-cycles:u,1144032,100.00,,
     0.203022762,1711940,,instructions:u,1144000,100.00,,
     0.204167354,85378,,branch-misses:u,1145056,100.00,,
     0.204167354,0,,cache-misses:u,1145280,100.00,,
     0.204167354,1520582,,bus-cycles:u,1145344,100.00,,
     0.204167354,1705900,,instructions:u,1145408,100.00,,
     0.205316042,85964,,branch-misses:u,1148032,100.00,,
     0.205316042,0,,cache-misses:u,1147712,100.00,,
     0.205316042,1528369,,bus-cycles:u,1147744,100.00,,
     0.205316042,1714290,,instructions:u,1147744,100.00,,
     0.206461625,85576,,branch-misses:u,1145248,100.00,,
     0.206461625,0,,cache-misses:u,1145216,100.00,,
     0.206461625,1525771,,bus-cycles:u,1145088,100.00,,
     0.206461625,1709264,,instructions:u,1145120,100.00,,
     0.207586694,84268,,branch-misses:u,1125536,100.00,,
     0.207586694,0,,cache-misses:u,1125664,100.00,,
     0.207586694,1494293,,bus-cycles:u,1125696,100.00,,
     0.207586694,1685706,,instructions:u,1125632,100.00,,
     0.208734006,86078,,branch-misses:u,1146816,100.00,,
     0.208734006,0,,cache-misses:u,1146720,100.00,,
     0.208734006,1528205,,bus-cycles:u,1146720,100.00,,
     0.208734006,1725600,,instructions:u,1146784,100.00,,
     0.209878533,85848,,branch-misses:u,1144096,100.00,,
     0.209878533,0,,cache-misses:u,1144032,100.00,,
     0.209878533,1524453,,bus-cycles:u,1144032,100.00,,
     0.209878533,1719160,,instructions:u,1144000,100.00,,
     0.211022229,85568,,branch-misses:u,1143872,100.00,,
     0.211022229,0,,cache-misses:u,1143904,100.00,,
     0.211022229,1522975,,bus-cycles:u,1143936,100.00,,
     0.211022229,1712730,,instructions:u,1143904,100.00,,
     0.212165764,85506,,branch-misses:u,1143776,100.00,,
     0.212165764,0,,cache-misses:u,1143904,100.00,,
     0.212165764,1517542,,bus-cycles:u,1143968,100.00,,
     0.212165764,1705560,,instructions:u,1144128,100.00,,
     0.213323893,86919,,branch-misses:u,1158080,100.00,,
     0.213323893,0,,cache-misses:u,1158112,100.00,,
     0.213323893,1542108,,bus-cycles:u,1158112,100.00,,
     0.213323893,1740374,,instructions:u,1157984,100.00,,
     0.214469508,85542,,branch-misses:u,1145088,100.00,,
     0.214469508,0,,cache-misses:u,1145024,100.00,,
     0.214469508,1525019,,bus-cycles:u,1145024,100.00,,
     0.214469508,1714710,,instructions:u,1145056,100.00,,
     0.215588657,84016,,branch-misses:u,1119648,100.00,,
     0.215588657,0,,cache-misses:u,1119648,100.00,,
     0.215588657,1485406,,bus-cycles:u,1119616,100.00,,
     0.215588657,1676136,,instructions:u,1119584,100.00,,
     0.216736225,85766,,branch-misses:u,1147008,100.00,,
     0.216736225,0,,cache-misses:u,1146912,100.00,,
     0.216736225,1527071,,bus-cycles:u,1146880,100.00,,
     0.216736225,1716540,,instructions:u,1146912,100.00,,
     0.217880592,85473,,branch-misses:u,1143776,100.00,,
     0.217880592,0,,cache-misses:u,1143904,100.00,,
     0.217880592,1523574,,bus-cycles:u,1143968,100.00,,
     0.217880592,1710140,,instructions:u,1143904,100.00,,
     0.219025055,84451,,branch-misses:u,1144352,100.00,,
     0.219025055,0,,cache-misses:u,1144160,100.00,,
     0.219025055,1524168,,bus-cycles:u,1144096,100.00,,
     0.219025055,1694900,,instructions:u,1144128,100.00,,
     0.220168399,85234,,branch-misses:u,1144256,100.00,,
     0.220168399,0,,cache-misses:u,1144384,100.00,,
     0.220168399,1519192,,bus-cycles:u,1144416,100.00,,
     0.220168399,1705200,,instructions:u,1144384,100.00,,
     0.221316766,85381,,branch-misses:u,1147648,100.00,,
     0.221316766,0,,cache-misses:u,1147648,100.00,,
     0.221316766,1528558,,bus-cycles:u,1147616,100.00,,
     0.221316766,1710510,,instructions:u,1147648,100.00,,
     0.222461710,86171,,branch-misses:u,1144480,100.00,,
     0.222461710,0,,cache-misses:u,1144224,100.00,,
     0.222461710,1523968,,bus-cycles:u,1144288,100.00,,
     0.222461710,1721720,,instructions:u,1144224,100.00,,
     0.223585723,84305,,branch-misses:u,1124704,100.00,,
     0.223585723,0,,cache-misses:u,1124896,100.00,,
     0.223585723,1491667,,bus-cycles:u,1124896,100.00,,
     0.223585723,1684510,,instructions:u,1124928,100.00,,
     0.224733419,86204,,branch-misses:u,1147040,100.00,,
     0.224733419,0,,cache-misses:u,1147072,100.00,,
     0.224733419,1527492,,bus-cycles:u,1147008,100.00,,
     0.224733419,1729590,,instructions:u,1147040,100.00,,
     0.225878618,86053,,branch-misses:u,1144928,100.00,,
     0.225878618,0,,cache-misses:u,1144928,100.00,,
     0.225878618,1524922,,bus-cycles:u,1144928,100.00,,
     0.225878618,1718190,,instructions:u,1144928,100.00,,
     0.227022890,85933,,branch-misses:u,1144064,100.00,,
     0.227022890,0,,cache-misses:u,1143904,100.00,,
     0.227022890,1523215,,bus-cycles:u,1143904,100.00,,
     0.227022890,1719324,,instructions:u,1143872,100.00,,
     0.228166201,85818,,branch-misses:u,1143968,100.00,,
     0.228166201,0,,cache-misses:u,1144192,100.00,,
     0.228166201,1518098,,bus-cycles:u,1144288,100.00,,
     0.228166201,1717226,,instructions:u,1144352,100.00,,
     0.229313545,86475,,branch-misses:u,1146880,100.00,,
     0.229313545,0,,cache-misses:u,1146656,100.00,,
     0.229313545,1527824,,bus-cycles:u,1146592,100.00,,
     0.229313545,1725280,,instructions:u,1146528,100.00,,
     0.230457784,86005,,branch-misses:u,1143712,100.00,,
     0.230457784,0,,cache-misses:u,1143744,100.00,,
     0.230457784,1524546,,bus-cycles:u,1143744,100.00,,
     0.230457784,1715320,,instructions:u,1143776,100.00,,
     0.231585862,84715,,branch-misses:u,1128736,100.00,,
     0.231585862,0,,cache-misses:u,1128832,100.00,,
     0.231585862,1498081,,bus-cycles:u,1128896,100.00,,
     0.231585862,1693900,,instructions:u,1128992,100.00,,
     0.232733909,85738,,branch-misses:u,1147680,100.00,,
     0.232733909,0,,cache-misses:u,1147712,100.00,,
     0.232733909,1527794,,bus-cycles:u,1147552,100.00,,
     0.232733909,1710226,,instructions:u,1147488,100.00,,
     0.233878533,85879,,branch-misses:u,1143968,100.00,,
     0.233878533,0,,cache-misses:u,1143776,100.00,,
     0.233878533,1523009,,bus-cycles:u,1143872,100.00,,
     0.233878533,1722614,,instructions:u,1143808,100.00,,
     0.235033493,86720,,branch-misses:u,1155424,100.00,,
     0.235033493,0,,cache-misses:u,1155616,100.00,,
     0.235033493,1538911,,bus-cycles:u,1155584,100.00,,
     0.235033493,1735520,,instructions:u,1155648,100.00,,
     0.236178116,85765,,branch-misses:u,1144896,100.00,,
     0.236178116,0,,cache-misses:u,1144960,100.00,,
     0.236178116,1519421,,bus-cycles:u,1144992,100.00,,
     0.236178116,1714180,,instructions:u,1144960,100.00,,
     0.237326292,85530,,branch-misses:u,1147456,100.00,,
     0.237326292,0,,cache-misses:u,1147360,100.00,,
     0.237326292,1527440,,bus-cycles:u,1147328,100.00,,
     0.237326292,1715300,,instructions:u,1147296,100.00,,
     0.238471172,85770,,branch-misses:u,1144352,100.00,,
     0.238471172,0,,cache-misses:u,1144320,100.00,,
     0.238471172,1523830,,bus-cycles:u,1144288,100.00,,
     0.238471172,1718780,,instructions:u,1144288,100.00,,
     0.239587920,83759,,branch-misses:u,1117504,100.00,,
     0.239587920,0,,cache-misses:u,1117536,100.00,,
     0.239587920,1483708,,bus-cycles:u,1117504,100.00,,
     0.239587920,1672300,,instructions:u,1117504,100.00,,
     0.240736160,85550,,branch-misses:u,1147776,100.00,,
     0.240736160,0,,cache-misses:u,1147872,100.00,,
     0.240736160,1528797,,bus-cycles:u,1147936,100.00,,
     0.240736160,1709340,,instructions:u,1147968,100.00,,
     0.241881327,86113,,branch-misses:u,1144640,100.00,,
     0.241881327,0,,cache-misses:u,1144480,100.00,,
     0.241881327,1524305,,bus-cycles:u,1144480,100.00,,
     0.241881327,1721860,,instructions:u,1144480,100.00,,
     0.243025343,85544,,branch-misses:u,1143776,100.00,,
     0.243025343,0,,cache-misses:u,1143712,100.00,,
     0.243025343,1523222,,bus-cycles:u,1143680,100.00,,
     0.243025343,1713110,,instructions:u,1143712,100.00,,
     0.244168814,85308,,branch-misses:u,1144384,100.00,,
     0.244168814,0,,cache-misses:u,1144608,100.00,,
     0.244168814,1519661,,bus-cycles:u,1144672,100.00,,
     0.244168814,1710810,,instructions:u,1144640,100.00,,
     0.245317566,86061,,branch-misses:u,1148128,100.00,,
     0.245317566,0,,cache-misses:u,1148096,100.00,,
     0.245317566,1529279,,bus-cycles:u,1148096,100.00,,
     0.245317566,1714440,,instructions:u,1148096,100.00,,
     0.246463821,85698,,branch-misses:u,1145728,100.00,,
     0.246463821,0,,cache-misses:u,1145696,100.00,,
     0.246463821,1525451,,bus-cycles:u,1145664,100.00,,
     0.246463821,1706530,,instructions:u,1145600,100.00,,
     0.247587099,83523,,branch-misses:u,1123936,100.00,,
     0.247587099,0,,cache-misses:u,1123968,100.00,,
     0.247587099,1486803,,bus-cycles:u,1124032,100.00,,
     0.247587099,1665460,,instructions:u,1124128,100.00,,
     0.248735690,85834,,branch-misses:u,1148160,100.00,,
     0.248735690,0,,cache-misses:u,1148032,100.00,,
     0.248735690,1528332,,bus-cycles:u,1148032,100.00,,
     0.248735690,1715260,,instructions:u,1148032,100.00,,
     0.249879642,85741,,branch-misses:u,1143392,100.00,,
     0.249879642,0,,cache-misses:u,1143360,100.00,,
     0.249879642,1522634,,bus-cycles:u,1143264,100.00,,
     0.249879642,1714140,,instructions:u,1143232,100.00,,
     0.251023721,85936,,branch-misses:u,1143904,100.00,,
     0.251023721,0,,cache-misses:u,1143840,100.00,,
     0.251023721,1523580,,bus-cycles:u,1143904,100.00,,
     0.251023721,1719330,,instructions:u,1143872,100.00,,
     0.252166904,85419,,branch-misses:u,1144064,100.00,,
     0.252166904,0,,cache-misses:u,1144128,100.00,,
     0.252166904,1518228,,bus-cycles:u,1144128,100.00,,
     0.252166904,1702140,,instructions:u,1144128,100.00,,
     0.253314728,85852,,branch-misses:u,1147200,100.00,,
     0.253314728,0,,cache-misses:u,1147296,100.00,,
     0.253314728,1528054,,bus-cycles:u,1147328,100.00,,
     0.253314728,1716530,,instructions:u,1147328,100.00,,
     0.254459543,84852,,branch-misses:u,1144672,100.00,,
     0.254459543,0,,cache-misses:u,1144512,100.00,,
     0.254459543,1523973,,bus-cycles:u,1144448,100.00,,
     0.254459543,1697091,,instructions:u,1144448,100.00,,
     0.255588229,84384,,branch-misses:u,1129088,100.00,,
     0.255588229,0,,cache-misses:u,1129376,100.00,,
     0.255588229,1499157,,bus-cycles:u,1129440,100.00,,
     0.255588229,1688759,,instructions:u,1129472,100.00,,
     0.256735733,86138,,branch-misses:u,1146976,100.00,,
     0.256735733,0,,cache-misses:u,1146784,100.00,,
     0.256735733,1526730,,bus-cycles:u,1146816,100.00,,
     0.256735733,1718720,,instructions:u,1146816,100.00,,
     0.257880868,85667,,branch-misses:u,1144832,100.00,,
     0.257880868,0,,cache-misses:u,1144736,100.00,,
     0.257880868,1523507,,bus-cycles:u,1144672,100.00,,
     0.257880868,1711700,,instructions:u,1144640,100.00,,
     0.259025011,85808,,branch-misses:u,1143712,100.00,,
     0.259025011,0,,cache-misses:u,1143744,100.00,,
     0.259025011,1521711,,bus-cycles:u,1143680,100.00,,
     0.259025011,1719568,,instructions:u,1143744,100.00,,
     0.260169123,85978,,branch-misses:u,1144928,100.00,,
     0.260169123,0,,cache-misses:u,1145088,100.00,,
     0.260169123,1518504,,bus-cycles:u,1145184,100.00,,
     0.260169123,1713412,,instructions:u,1145120,100.00,,
     0.261316946,86173,,branch-misses:u,1146816,100.00,,
     0.261316946,0,,cache-misses:u,1146624,100.00,,
     0.261316946,1526423,,bus-cycles:u,1146592,100.00,,
     0.261316946,1724640,,instructions:u,1146624,100.00,,
     0.262460802,85347,,branch-misses:u,1143712,100.00,,
     0.262460802,0,,cache-misses:u,1143808,100.00,,
     0.262460802,1522814,,bus-cycles:u,1143808,100.00,,
     0.262460802,1710340,,instructions:u,1143808,100.00,,
     0.263588271,83852,,branch-misses:u,1128256,100.00,,
     0.263588271,0,,cache-misses:u,1128192,100.00,,
     0.263588271,1496165,,bus-cycles:u,1128160,100.00,,
     0.263588271,1679890,,instructions:u,1128096,100.00,,
     0.264735839,85675,,branch-misses:u,1147008,100.00,,
     0.264735839,0,,cache-misses:u,1147104,100.00,,
     0.264735839,1528151,,bus-cycles:u,1147072,100.00,,
     0.264735839,1720906,,instructions:u,1147136,100.00,,
     0.265881679,86292,,branch-misses:u,1145248,100.00,,
     0.265881679,0,,cache-misses:u,1145248,100.00,,
     0.265881679,1526580,,bus-cycles:u,1145312,100.00,,
     0.265881679,1723660,,instructions:u,1145312,100.00,,
     0.267025374,86079,,branch-misses:u,1143680,100.00,,
     0.267025374,0,,cache-misses:u,1143616,100.00,,
     0.267025374,1523631,,bus-cycles:u,1143552,100.00,,
     0.267025374,1727104,,instructions:u,1143488,100.00,,
     0.268168077,85531,,branch-misses:u,1143424,100.00,,
     0.268168077,0,,cache-misses:u,1143488,100.00,,
     0.268168077,1517921,,bus-cycles:u,1143520,100.00,,
     0.268168077,1715600,,instructions:u,1143584,100.00,,
     0.269315453,86459,,branch-misses:u,1146752,100.00,,
     0.269315453,0,,cache-misses:u,1146848,100.00,,
     0.269315453,1526897,,bus-cycles:u,1146848,100.00,,
     0.269315453,1728430,,instructions:u,1146848,100.00,,
     0.270460012,86202,,branch-misses:u,1144192,100.00,,
     0.270460012,0,,cache-misses:u,1143968,100.00,,
     0.270460012,1523770,,bus-cycles:u,1143968,100.00,,
     0.270460012,1715551,,instructions:u,1143968,100.00,,
     0.271585978,84021,,branch-misses:u,1126560,100.00,,
     0.271585978,0,,cache-misses:u,1126592,100.00,,
     0.271585978,1495492,,bus-cycles:u,1126560,100.00,,
     0.271585978,1672909,,instructions:u,1126464,100.00,,
     0.272732489,85966,,branch-misses:u,1146016,100.00,,
     0.272732489,0,,cache-misses:u,1146016,100.00,,
     0.272732489,1527036,,bus-cycles:u,1146080,100.00,,
     0.272732489,1723070,,instructions:u,1146144,100.00,,
     0.273876985,85994,,branch-misses:u,1143968,100.00,,
     0.273876985,0,,cache-misses:u,1143936,100.00,,
     0.273876985,1523466,,bus-cycles:u,1143936,100.00,,
     0.273876985,1720950,,instructions:u,1143872,100.00,,
     0.275020520,85348,,branch-misses:u,1143456,100.00,,
     0.275020520,0,,cache-misses:u,1143456,100.00,,
     0.275020520,1523582,,bus-cycles:u,1143456,100.00,,
     0.275020520,1709836,,instructions:u,1143552,100.00,,
     0.276174872,86229,,branch-misses:u,1155328,100.00,,
     0.276174872,0,,cache-misses:u,1155616,100.00,,
     0.276174872,1533719,,bus-cycles:u,1155648,100.00,,
     0.276174872,1726842,,instructions:u,1155648,100.00,,
     0.277323944,85719,,branch-misses:u,1148288,100.00,,
     0.277323944,0,,cache-misses:u,1148096,100.00,,
     0.277323944,1529594,,bus-cycles:u,1148032,100.00,,
     0.277323944,1720253,,instructions:u,1148000,100.00,,
     0.278468215,85463,,branch-misses:u,1144064,100.00,,
     0.278468215,0,,cache-misses:u,1144128,100.00,,
     0.278468215,1524196,,bus-cycles:u,1144064,100.00,,
     0.278468215,1708161,,instructions:u,1144064,100.00,,
     0.279585796,83870,,branch-misses:u,1117888,100.00,,
     0.279585796,0,,cache-misses:u,1117920,100.00,,
     0.279585796,1485490,,bus-cycles:u,1118016,100.00,,
     0.279585796,1680188,,instructions:u,1118016,100.00,,
     0.280733172,85795,,branch-misses:u,1146848,100.00,,
     0.280733172,0,,cache-misses:u,1146688,100.00,,
     0.280733172,1528106,,bus-cycles:u,1146656,100.00,,
     0.280733172,1718100,,instructions:u,1146720,100.00,,
     0.281876963,85564,,branch-misses:u,1143360,100.00,,
     0.281876963,0,,cache-misses:u,1143360,100.00,,
     0.281876963,1523543,,bus-cycles:u,1143360,100.00,,
     0.281876963,1708720,,instructions:u,1143328,100.00,,
     0.283020658,86093,,branch-misses:u,1143584,100.00,,
     0.283020658,0,,cache-misses:u,1143520,100.00,,
     0.283020658,1523557,,bus-cycles:u,1143520,100.00,,
     0.283020658,1719720,,instructions:u,1143552,100.00,,
     0.284164033,85453,,branch-misses:u,1144256,100.00,,
     0.284164033,0,,cache-misses:u,1144352,100.00,,
     0.284164033,1519196,,bus-cycles:u,1144384,100.00,,
     0.284164033,1711006,,instructions:u,1144320,100.00,,
     0.285312177,85670,,branch-misses:u,1147488,100.00,,
     0.285312177,0,,cache-misses:u,1147552,100.00,,
     0.285312177,1529332,,bus-cycles:u,1147520,100.00,,
     0.285312177,1716394,,instructions:u,1147488,100.00,,
     0.286456609,85836,,branch-misses:u,1143840,100.00,,
     0.286456609,0,,cache-misses:u,1143712,100.00,,
     0.286456609,1524275,,bus-cycles:u,1143744,100.00,,
     0.286456609,1725150,,instructions:u,1143808,100.00,,
     0.287588719,85038,,branch-misses:u,1132896,100.00,,
     0.287588719,0,,cache-misses:u,1132960,100.00,,
     0.287588719,1503948,,bus-cycles:u,1132864,100.00,,
     0.287588719,1695170,,instructions:u,1132864,100.00,,
     0.288736606,85631,,branch-misses:u,1147232,100.00,,
     0.288736606,0,,cache-misses:u,1147200,100.00,,
     0.288736606,1527479,,bus-cycles:u,1147232,100.00,,
     0.288736606,1712690,,instructions:u,1147232,100.00,,
     0.289880750,86208,,branch-misses:u,1143744,100.00,,
     0.289880750,0,,cache-misses:u,1143776,100.00,,
     0.289880750,1522721,,bus-cycles:u,1143776,100.00,,
     0.289880750,1725860,,instructions:u,1143680,100.00,,
     0.291024349,85850,,branch-misses:u,1143328,100.00,,
     0.291024349,0,,cache-misses:u,1143296,100.00,,
     0.291024349,1520919,,bus-cycles:u,1143328,100.00,,
     0.291024349,1718160,,instructions:u,1143424,100.00,,
     0.292167724,85542,,branch-misses:u,1144224,100.00,,
     0.292167724,0,,cache-misses:u,1144256,100.00,,
     0.292167724,1517854,,bus-cycles:u,1144288,100.00,,
     0.292167724,1713651,,instructions:u,1144224,100.00,,
     0.293315292,86163,,branch-misses:u,1146976,100.00,,
     0.293315292,0,,cache-misses:u,1146944,100.00,,
     0.293315292,1526196,,bus-cycles:u,1146912,100.00,,
     0.293315292,1723599,,instructions:u,1146944,100.00,,
     0.294459819,86270,,branch-misses:u,1144128,100.00,,
     0.294459819,0,,cache-misses:u,1144096,100.00,,
     0.294459819,1521893,,bus-cycles:u,1144096,100.00,,
     0.294459819,1720280,,instructions:u,1144128,100.00,,
     0.295585689,83954,,branch-misses:u,1126464,100.00,,
     0.295585689,0,,cache-misses:u,1126688,100.00,,
     0.295585689,1493590,,bus-cycles:u,1126752,100.00,,
     0.295585689,1689690,,instructions:u,1126816,100.00,,
     0.296733769,86344,,branch-misses:u,1147552,100.00,,
     0.296733769,0,,cache-misses:u,1147424,100.00,,
     0.296733769,1526589,,bus-cycles:u,1147392,100.00,,
     0.296733769,1724994,,instructions:u,1147360,100.00,,
     0.297896090,87519,,branch-misses:u,1162400,100.00,,
     0.297896090,0,,cache-misses:u,1162688,100.00,,
     0.297896090,1547805,,bus-cycles:u,1162688,100.00,,
     0.297896090,1755696,,instructions:u,1162656,100.00,,
     0.299041577,86005,,branch-misses:u,1144832,100.00,,
     0.299041577,0,,cache-misses:u,1144416,100.00,,
     0.299041577,1523868,,bus-cycles:u,1144416,100.00,,
     0.299041577,1715780,,instructions:u,1144448,100.00,,
     0.300184440,85740,,branch-misses:u,1143424,100.00,,
     0.300184440,0,,cache-misses:u,1143616,100.00,,
     0.300184440,1518285,,bus-cycles:u,1143648,100.00,,
     0.300184440,1718920,,instructions:u,1143680,100.00,,
     0.301331688,86444,,branch-misses:u,1146848,100.00,,
     0.301331688,0,,cache-misses:u,1146912,100.00,,
     0.301331688,1527087,,bus-cycles:u,1146880,100.00,,
     0.301331688,1731230,,instructions:u,1146816,100.00,,
     0.302476055,86440,,branch-misses:u,1143872,100.00,,
     0.302476055,0,,cache-misses:u,1143776,100.00,,
     0.302476055,1522913,,bus-cycles:u,1143808,100.00,,
     0.302476055,1720888,,instructions:u,1143712,100.00,,
     0.303586019,82614,,branch-misses:u,1110752,100.00,,
     0.303586019,0,,cache-misses:u,1110656,100.00,,
     0.303586019,1473233,,bus-cycles:u,1110624,100.00,,
     0.303586019,1659132,,instructions:u,1110688,100.00,,
     0.304733235,86576,,branch-misses:u,1146368,100.00,,
     0.304733235,0,,cache-misses:u,1146432,100.00,,
     0.304733235,1525718,,bus-cycles:u,1146464,100.00,,
     0.304733235,1723650,,instructions:u,1146496,100.00,,
     0.305877314,86128,,branch-misses:u,1143776,100.00,,
     0.305877314,0,,cache-misses:u,1143744,100.00,,
     0.305877314,1522883,,bus-cycles:u,1143648,100.00,,
     0.305877314,1723148,,instructions:u,1143552,100.00,,
     0.307021170,85695,,branch-misses:u,1143776,100.00,,
     0.307021170,0,,cache-misses:u,1143680,100.00,,
     0.307021170,1523097,,bus-cycles:u,1143744,100.00,,
     0.307021170,1717776,,instructions:u,1143776,100.00,,
     0.308164865,85743,,branch-misses:u,1144480,100.00,,
     0.308164865,0,,cache-misses:u,1144800,100.00,,
     0.308164865,1518892,,bus-cycles:u,1144800,100.00,,
     0.308164865,1715196,,instructions:u,1144864,100.00,,
     0.309313585,86086,,branch-misses:u,1148096,100.00,,
     0.309313585,0,,cache-misses:u,1147904,100.00,,
     0.309313585,1527312,,bus-cycles:u,1147904,100.00,,
     0.309313585,1719160,,instructions:u,1147904,100.00,,
     0.310458592,85727,,branch-misses:u,1144768,100.00,,
     0.310458592,0,,cache-misses:u,1144960,100.00,,
     0.310458592,1523975,,bus-cycles:u,1144960,100.00,,
     0.310458592,1708710,,instructions:u,1144896,100.00,,
     0.311587214,83820,,branch-misses:u,1128896,100.00,,
     0.311587214,0,,cache-misses:u,1128800,100.00,,
     0.311587214,1497107,,bus-cycles:u,1128768,100.00,,
     0.311587214,1678420,,instructions:u,1128832,100.00,,
     0.312734845,86477,,branch-misses:u,1147232,100.00,,
     0.312734845,0,,cache-misses:u,1147232,100.00,,
     0.312734845,1526599,,bus-cycles:u,1147296,100.00,,
     0.312734845,1731440,,instructions:u,1147232,100.00,,
     0.313881069,86490,,branch-misses:u,1145792,100.00,,
     0.313881069,0,,cache-misses:u,1145632,100.00,,
     0.313881069,1524975,,bus-cycles:u,1145600,100.00,,
     0.313881069,1726190,,instructions:u,1145568,100.00,,
     0.315025468,86155,,branch-misses:u,1144384,100.00,,
     0.315025468,0,,cache-misses:u,1144352,100.00,,
     0.315025468,1523704,,bus-cycles:u,1144320,100.00,,
     0.315025468,1719310,,instructions:u,1144448,100.00,,
     0.316169772,85772,,branch-misses:u,1144928,100.00,,
     0.316169772,0,,cache-misses:u,1144960,100.00,,
     0.316169772,1519048,,bus-cycles:u,1144960,100.00,,
     0.316169772,1718540,,instructions:u,1144960,100.00,,
     0.317318363,86519,,branch-misses:u,1147936,100.00,,
     0.317318363,0,,cache-misses:u,1147904,100.00,,
     0.317318363,1528390,,bus-cycles:u,1147872,100.00,,
     0.317318363,1732330,,instructions:u,1147840,100.00,,
     0.318474892,86948,,branch-misses:u,1156608,100.00,,
     0.318474892,0,,cache-misses:u,1156800,100.00,,
     0.318474892,1540010,,bus-cycles:u,1156992,100.00,,
     0.318474892,1738440,,instructions:u,1156960,100.00,,
     0.319586648,83658,,branch-misses:u,1111840,100.00,,
     0.319586648,0,,cache-misses:u,1111808,100.00,,
     0.319586648,1475654,,bus-cycles:u,1111616,100.00,,
     0.319586648,1669080,,instructions:u,1111648,100.00,,
     0.320734344,86026,,branch-misses:u,1147328,100.00,,
     0.320734344,0,,cache-misses:u,1147232,100.00,,
     0.320734344,1528194,,bus-cycles:u,1147264,100.00,,
     0.320734344,1723840,,instructions:u,1147232,100.00,,
     0.321878775,86287,,branch-misses:u,1143872,100.00,,
     0.321878775,0,,cache-misses:u,1143808,100.00,,
     0.321878775,1523445,,bus-cycles:u,1143840,100.00,,
     0.321878775,1728060,,instructions:u,1143840,100.00,,
     0.323022790,86292,,branch-misses:u,1143808,100.00,,
     0.323022790,0,,cache-misses:u,1143808,100.00,,
     0.323022790,1523509,,bus-cycles:u,1143808,100.00,,
     0.323022790,1727480,,instructions:u,1143744,100.00,,
     0.324167670,86028,,branch-misses:u,1145984,100.00,,
     0.324167670,0,,cache-misses:u,1146304,100.00,,
     0.324167670,1521331,,bus-cycles:u,1146368,100.00,,
     0.324167670,1719150,,instructions:u,1146592,100.00,,
     0.325319942,86983,,branch-misses:u,1151424,100.00,,
     0.325319942,0,,cache-misses:u,1151424,100.00,,
     0.325319942,1533437,,bus-cycles:u,1151424,100.00,,
     0.325319942,1735374,,instructions:u,1151392,100.00,,
     0.326465877,86233,,branch-misses:u,1145536,100.00,,
     0.326465877,0,,cache-misses:u,1145408,100.00,,
     0.326465877,1525846,,bus-cycles:u,1145344,100.00,,
     0.326465877,1721286,,instructions:u,1145312,100.00,,
     0.327587075,83521,,branch-misses:u,1121728,100.00,,
     0.327587075,0,,cache-misses:u,1121600,100.00,,
     0.327587075,1488795,,bus-cycles:u,1121600,100.00,,
     0.327587075,1673430,,instructions:u,1121568,100.00,,
     0.328735506,85473,,branch-misses:u,1147776,100.00,,
     0.328735506,0,,cache-misses:u,1147840,100.00,,
     0.328735506,1528600,,bus-cycles:u,1147872,100.00,,
     0.328735506,1712890,,instructions:u,1147904,100.00,,
     0.329880034,85938,,branch-misses:u,1144256,100.00,,
     0.329880034,0,,cache-misses:u,1144320,100.00,,
     0.329880034,1523391,,bus-cycles:u,1144192,100.00,,
     0.329880034,1721410,,instructions:u,1144096,100.00,,
     0.331025105,85820,,branch-misses:u,1144832,100.00,,
     0.331025105,0,,cache-misses:u,1144896,100.00,,
     0.331025105,1524886,,bus-cycles:u,1144960,100.00,,
     0.331025105,1722250,,instructions:u,1145024,100.00,,
     0.332169664,85750,,branch-misses:u,1145408,100.00,,
     0.332169664,0,,cache-misses:u,1145664,100.00,,
     0.332169664,1520608,,bus-cycles:u,1145824,100.00,,
     0.332169664,1714048,,instructions:u,1145824,100.00,,
     0.333318288,85771,,branch-misses:u,1148096,100.00,,
     0.333318288,0,,cache-misses:u,1147648,100.00,,
     0.333318288,1528687,,bus-cycles:u,1147488,100.00,,
     0.333318288,1714012,,instructions:u,1147456,100.00,,
     0.334463104,85582,,branch-misses:u,1144224,100.00,,
     0.334463104,0,,cache-misses:u,1144384,100.00,,
     0.334463104,1524126,,bus-cycles:u,1144384,100.00,,
     0.334463104,1715180,,instructions:u,1144352,100.00,,
     0.335589165,84235,,branch-misses:u,1126592,100.00,,
     0.335589165,0,,cache-misses:u,1126496,100.00,,
     0.335589165,1496029,,bus-cycles:u,1126592,100.00,,
     0.335589165,1686450,,instructions:u,1126688,100.00,,
     0.336736093,86447,,branch-misses:u,1146528,100.00,,
     0.336736093,0,,cache-misses:u,1146656,100.00,,
     0.336736093,1527033,,bus-cycles:u,1146560,100.00,,
     0.336736093,1721250,,instructions:u,1146560,100.00,,
     0.337881036,85638,,branch-misses:u,1144864,100.00,,
     0.337881036,0,,cache-misses:u,1144864,100.00,,
     0.337881036,1524678,,bus-cycles:u,1144864,100.00,,
     0.337881036,1709730,,instructions:u,1144768,100.00,,
     0.339037277,85645,,branch-misses:u,1156288,100.00,,
     0.339037277,0,,cache-misses:u,1156224,100.00,,
     0.339037277,1540596,,bus-cycles:u,1156224,100.00,,
     0.339037277,1709810,,instructions:u,1156288,100.00,,
     0.340181964,85846,,branch-misses:u,1144864,100.00,,
     0.340181964,0,,cache-misses:u,1144960,100.00,,
     0.340181964,1520512,,bus-cycles:u,1145056,100.00,,
     0.340181964,1712654,,instructions:u,1145088,100.00,,
     0.341330620,84611,,branch-misses:u,1148128,100.00,,
     0.341330620,0,,cache-misses:u,1148000,100.00,,
     0.341330620,1528979,,bus-cycles:u,1147968,100.00,,
     0.341330620,1691826,,instructions:u,1147968,100.00,,
     0.342475307,85395,,branch-misses:u,1144608,100.00,,
     0.342475307,0,,cache-misses:u,1144608,100.00,,
     0.342475307,1523921,,bus-cycles:u,1144704,100.00,,
     0.342475307,1711520,,instructions:u,1144608,100.00,,
     0.343587255,82870,,branch-misses:u,1112192,100.00,,
     0.343587255,0,,cache-misses:u,1112128,100.00,,
     0.343587255,1475841,,bus-cycles:u,1112096,100.00,,
     0.343587255,1655330,,instructions:u,1112160,100.00,,
     0.344736039,85815,,branch-misses:u,1148352,100.00,,
     0.344736039,0,,cache-misses:u,1148288,100.00,,
     0.344736039,1528619,,bus-cycles:u,1148192,100.00,,
     0.344736039,1718652,,instructions:u,1148160,100.00,,
     0.345880311,84644,,branch-misses:u,1143968,100.00,,
     0.345880311,0,,cache-misses:u,1144064,100.00,,
     0.345880311,1523078,,bus-cycles:u,1144032,100.00,,
     0.345880311,1687738,,instructions:u,1144064,100.00,,
     0.347024742,85979,,branch-misses:u,1144352,100.00,,
     0.347024742,0,,cache-misses:u,1144416,100.00,,
     0.347024742,1523425,,bus-cycles:u,1144448,100.00,,
     0.347024742,1722490,,instructions:u,1144448,100.00,,
     0.348168597,85115,,branch-misses:u,1144288,100.00,,
     0.348168597,0,,cache-misses:u,1144384,100.00,,
     0.348168597,1519012,,bus-cycles:u,1144416,100.00,,
     0.348168597,1709720,,instructions:u,1144352,100.00,,
     0.349316549,85653,,branch-misses:u,1147360,100.00,,
     0.349316549,0,,cache-misses:u,1147328,100.00,,
     0.349316549,1527445,,bus-cycles:u,1147296,100.00,,
     0.349316549,1713980,,instructions:u,1147360,100.00,,
     0.350461236,84367,,branch-misses:u,1144608,100.00,,
     0.350461236,0,,cache-misses:u,1144512,100.00,,
     0.350461236,1523573,,bus-cycles:u,1144512,100.00,,
     0.350461236,1690910,,instructions:u,1144416,100.00,,
     0.351586338,83941,,branch-misses:u,1125216,100.00,,
     0.351586338,0,,cache-misses:u,1125280,100.00,,
     0.351586338,1493073,,bus-cycles:u,1125216,100.00,,
     0.351586338,1677830,,instructions:u,1125248,100.00,,
     0.352734033,86190,,branch-misses:u,1147392,100.00,,
     0.352734033,0,,cache-misses:u,1147296,100.00,,
     0.352734033,1527796,,bus-cycles:u,1147392,100.00,,
     0.352734033,1724480,,instructions:u,1147424,100.00,,
     0.353878849,85477,,branch-misses:u,1144640,100.00,,
     0.353878849,0,,cache-misses:u,1144672,100.00,,
     0.353878849,1524621,,bus-cycles:u,1144608,100.00,,
     0.353878849,1717410,,instructions:u,1144512,100.00,,
     0.355023376,84330,,branch-misses:u,1144032,100.00,,
     0.355023376,0,,cache-misses:u,1144064,100.00,,
     0.355023376,1525057,,bus-cycles:u,1144096,100.00,,
     0.355023376,1690190,,instructions:u,1144192,100.00,,
     0.356167391,85310,,branch-misses:u,1144640,100.00,,
     0.356167391,0,,cache-misses:u,1144608,100.00,,
     0.356167391,1520193,,bus-cycles:u,1144640,100.00,,
     0.356167391,1705010,,instructions:u,1144576,100.00,,
     0.357315823,86174,,branch-misses:u,1147872,100.00,,
     0.357315823,0,,cache-misses:u,1147776,100.00,,
     0.357315823,1528626,,bus-cycles:u,1147776,100.00,,
     0.357315823,1719510,,instructions:u,1147712,100.00,,
     0.358460191,85995,,branch-misses:u,1144256,100.00,,
     0.358460191,0,,cache-misses:u,1144352,100.00,,
     0.358460191,1524496,,bus-cycles:u,1144256,100.00,,
     0.358460191,1725290,,instructions:u,1144384,100.00,,
     0.359588780,83904,,branch-misses:u,1129088,100.00,,
     0.359588780,0,,cache-misses:u,1129120,100.00,,
     0.359588780,1494135,,bus-cycles:u,1129216,100.00,,
     0.359588780,1680130,,instructions:u,1129280,100.00,,
     0.360748221,87027,,branch-misses:u,1158944,100.00,,
     0.360748221,0,,cache-misses:u,1159040,100.00,,
     0.360748221,1544021,,bus-cycles:u,1159040,100.00,,
     0.360748221,1746160,,instructions:u,1158944,100.00,,
     0.361893741,86234,,branch-misses:u,1145248,100.00,,
     0.361893741,0,,cache-misses:u,1145216,100.00,,
     0.361893741,1526166,,bus-cycles:u,1145216,100.00,,
     0.361893741,1733930,,instructions:u,1145216,100.00,,
     0.363038012,86231,,branch-misses:u,1144128,100.00,,
     0.363038012,0,,cache-misses:u,1143936,100.00,,
     0.363038012,1524480,,bus-cycles:u,1143904,100.00,,
     0.363038012,1716590,,instructions:u,1143904,100.00,,
     0.364181835,85654,,branch-misses:u,1144192,100.00,,
     0.364181835,0,,cache-misses:u,1144352,100.00,,
     0.364181835,1519475,,bus-cycles:u,1144352,100.00,,
     0.364181835,1716850,,instructions:u,1144416,100.00,,
     0.365329243,86275,,branch-misses:u,1146976,100.00,,
     0.365329243,0,,cache-misses:u,1146784,100.00,,
     0.365329243,1527869,,bus-cycles:u,1146752,100.00,,
     0.365329243,1726560,,instructions:u,1146720,100.00,,
     0.366473834,86340,,branch-misses:u,1144000,100.00,,
     0.366473834,0,,cache-misses:u,1144128,100.00,,
     0.366473834,1523861,,bus-cycles:u,1144128,100.00,,
     0.366473834,1727260,,instructions:u,1144128,100.00,,
     0.367586935,83268,,branch-misses:u,1113792,100.00,,
     0.367586935,0,,cache-misses:u,1113888,100.00,,
     0.367586935,1477403,,bus-cycles:u,1113888,100.00,,
     0.367586935,1664780,,instructions:u,1113856,100.00,,
     0.368735654,86187,,branch-misses:u,1148224,100.00,,
     0.368735654,0,,cache-misses:u,1148128,100.00,,
     0.368735654,1528383,,bus-cycles:u,1148160,100.00,,
     0.368735654,1720880,,instructions:u,1148224,100.00,,
     0.369881494,86373,,branch-misses:u,1145312,100.00,,
     0.369881494,0,,cache-misses:u,1145216,100.00,,
     0.369881494,1524779,,bus-cycles:u,1145248,100.00,,
     0.369881494,1727130,,instructions:u,1145248,100.00,,
     0.371026181,85863,,branch-misses:u,1144576,100.00,,
     0.371026181,0,,cache-misses:u,1144704,100.00,,
     0.371026181,1524288,,bus-cycles:u,1144608,100.00,,
     0.371026181,1714790,,instructions:u,1144576,100.00,,
     0.372169781,85475,,branch-misses:u,1144320,100.00,,
     0.372169781,0,,cache-misses:u,1144448,100.00,,
     0.372169781,1515797,,bus-cycles:u,1144480,100.00,,
     0.372169781,1709500,,instructions:u,1144480,100.00,,
     0.373318628,86711,,branch-misses:u,1148128,100.00,,
     0.373318628,0,,cache-misses:u,1147840,100.00,,
     0.373318628,1528412,,bus-cycles:u,1147840,100.00,,
     0.373318628,1730470,,instructions:u,1147872,100.00,,
     0.374462548,85773,,branch-misses:u,1143552,100.00,,
     0.374462548,0,,cache-misses:u,1143648,100.00,,
     0.374462548,1522573,,bus-cycles:u,1143680,100.00,,
     0.374462548,1714530,,instructions:u,1143648,100.00,,
     0.375585889,84126,,branch-misses:u,1124032,100.00,,
     0.375585889,0,,cache-misses:u,1124096,100.00,,
     0.375585889,1488689,,bus-cycles:u,1124096,100.00,,
     0.375585889,1683720,,instructions:u,1124096,100.00,,
     0.376733265,85952,,branch-misses:u,1146880,100.00,,
     0.376733265,0,,cache-misses:u,1146944,100.00,,
     0.376733265,1528044,,bus-cycles:u,1146912,100.00,,
     0.376733265,1723900,,instructions:u,1146944,100.00,,
     0.377878304,86429,,branch-misses:u,1144544,100.00,,
     0.377878304,0,,cache-misses:u,1144416,100.00,,
     0.377878304,1524361,,bus-cycles:u,1144448,100.00,,
     0.377878304,1724380,,instructions:u,1144448,100.00,,
     0.379022863,86225,,branch-misses:u,1144384,100.00,,
     0.379022863,0,,cache-misses:u,1144480,100.00,,
     0.379022863,1524472,,bus-cycles:u,1144480,100.00,,
     0.379022863,1723110,,instructions:u,1144416,100.00,,
     0.380167391,85953,,branch-misses:u,1145344,100.00,,
     0.380167391,0,,cache-misses:u,1145376,100.00,,
     0.380167391,1520585,,bus-cycles:u,1145344,100.00,,
     0.380167391,1720230,,instructions:u,1145376,100.00,,
     0.381327600,86974,,branch-misses:u,1159840,100.00,,
     0.381327600,0,,cache-misses:u,1159872,100.00,,
     0.381327600,1544747,,bus-cycles:u,1159872,100.00,,
     0.381327600,1743270,,instructions:u,1159872,100.00,,
     0.382473919,86016,,branch-misses:u,1145888,100.00,,
     0.382473919,0,,cache-misses:u,1145792,100.00,,
     0.382473919,1526105,,bus-cycles:u,1145824,100.00,,
     0.382473919,1720310,,instructions:u,1145792,100.00,,
     0.383589420,83561,,branch-misses:u,1115968,100.00,,
     0.383589420,0,,cache-misses:u,1116000,100.00,,
     0.383589420,1481414,,bus-cycles:u,1115968,100.00,,
     0.383589420,1669740,,instructions:u,1115936,100.00,,
     0.384738363,86234,,branch-misses:u,1148192,100.00,,
     0.384738363,0,,cache-misses:u,1148096,100.00,,
     0.384738363,1530012,,bus-cycles:u,1148096,100.00,,
     0.384738363,1721460,,instructions:u,1148160,100.00,,
     0.385882987,85743,,branch-misses:u,1144224,100.00,,
     0.385882987,0,,cache-misses:u,1144160,100.00,,
     0.385882987,1524631,,bus-cycles:u,1144192,100.00,,
     0.385882987,1711250,,instructions:u,1144096,100.00,,
     0.387026874,85980,,branch-misses:u,1143712,100.00,,
     0.387026874,0,,cache-misses:u,1143872,100.00,,
     0.387026874,1524409,,bus-cycles:u,1143872,100.00,,
     0.387026874,1720390,,instructions:u,1143968,100.00,,
     0.388170345,85446,,branch-misses:u,1144416,100.00,,
     0.388170345,0,,cache-misses:u,1144480,100.00,,
     0.388170345,1520339,,bus-cycles:u,1144480,100.00,,
     0.388170345,1709720,,instructions:u,1144480,100.00,,
     0.389318713,85999,,branch-misses:u,1147776,100.00,,
     0.389318713,0,,cache-misses:u,1147552,100.00,,
     0.389318713,1530000,,bus-cycles:u,1147520,100.00,,
     0.389318713,1718950,,instructions:u,1147488,100.00,,
     0.390463080,84393,,branch-misses:u,1143776,100.00,,
     0.390463080,0,,cache-misses:u,1143712,100.00,,
     0.390463080,1524471,,bus-cycles:u,1143712,100.00,,
     0.390463080,1685300,,instructions:u,1143680,100.00,,
     0.391585782,84106,,branch-misses:u,1123328,100.00,,
     0.391585782,0,,cache-misses:u,1123520,100.00,,
     0.391585782,1491507,,bus-cycles:u,1123520,100.00,,
     0.391585782,1679810,,instructions:u,1123520,100.00,,
     0.392733605,86379,,branch-misses:u,1147392,100.00,,
     0.392733605,0,,cache-misses:u,1147296,100.00,,
     0.392733605,1527859,,bus-cycles:u,1147328,100.00,,
     0.392733605,1723770,,instructions:u,1147392,100.00,,
     0.393878773,86030,,branch-misses:u,1144640,100.00,,
     0.393878773,0,,cache-misses:u,1144704,100.00,,
     0.393878773,1525529,,bus-cycles:u,1144672,100.00,,
     0.393878773,1720110,,instructions:u,1144640,100.00,,
     0.395022628,85863,,branch-misses:u,1143648,100.00,,
     0.395022628,0,,cache-misses:u,1143712,100.00,,
     0.395022628,1523935,,bus-cycles:u,1143744,100.00,,
     0.395022628,1722570,,instructions:u,1143744,100.00,,
     0.396166675,85651,,branch-misses:u,1144800,100.00,,
     0.396166675,0,,cache-misses:u,1144736,100.00,,
     0.396166675,1519388,,bus-cycles:u,1144768,100.00,,
     0.396166675,1713000,,instructions:u,1144896,100.00,,
     0.397314051,86066,,branch-misses:u,1146976,100.00,,
     0.397314051,0,,cache-misses:u,1146848,100.00,,
     0.397314051,1527532,,bus-cycles:u,1146816,100.00,,
     0.397314051,1727254,,instructions:u,1146720,100.00,,
     0.398458482,85897,,branch-misses:u,1143808,100.00,,
     0.398458482,0,,cache-misses:u,1143840,100.00,,
     0.398458482,1524056,,bus-cycles:u,1143840,100.00,,
     0.398458482,1714947,,instructions:u,1143840,100.00,,
     0.399585760,83675,,branch-misses:u,1128032,100.00,,
     0.399585760,0,,cache-misses:u,1128064,100.00,,
     0.399585760,1498205,,bus-cycles:u,1128064,100.00,,
     0.399585760,2151719,,instructions:u,1446240,100.00,,
     0.401246722,125664,,branch-misses:u,1668544,100.00,,
     0.401246722,0,,cache-misses:u,1674912,100.00,,
     0.401246722,2233039,,bus-cycles:u,1679840,100.00,,
     0.401246722,2048710,,instructions:u,1365600,100.00,,
     0.402498556,93033,,branch-misses:u,1246528,100.00,,
     0.402498556,0,,cache-misses:u,1243680,100.00,,
     0.402498556,1646988,,bus-cycles:u,1241600,100.00,,
     0.402498556,1867110,,instructions:u,1240896,100.00,,
     0.403778776,95881,,branch-misses:u,1280256,100.00,,
     0.403778776,0,,cache-misses:u,1281152,100.00,,
     0.403778776,1695313,,bus-cycles:u,1282048,100.00,,
     0.403778776,1920340,,instructions:u,1282528,100.00,,
     0.405012432,91489,,branch-misses:u,1232896,100.00,,
     0.405012432,0,,cache-misses:u,1232352,100.00,,
     0.405012432,1634331,,bus-cycles:u,1231840,100.00,,
     0.405012432,1827190,,instructions:u,1231712,100.00,,
     0.406242472,91728,,branch-misses:u,1229792,100.00,,
     0.406242472,0,,cache-misses:u,1229504,100.00,,
     0.406242472,1632128,,bus-cycles:u,1229760,100.00,,
     0.406242472,1825740,,instructions:u,1229600,100.00,,
     0.407471199,91827,,branch-misses:u,1228064,100.00,,
     0.407471199,0,,cache-misses:u,1228064,100.00,,
     0.407471199,1628736,,bus-cycles:u,1227968,100.00,,
     0.407471199,1837630,,instructions:u,1227872,100.00,,
     0.408719353,92783,,branch-misses:u,1249248,100.00,,
     0.408719353,0,,cache-misses:u,1249184,100.00,,
     0.408719353,1652529,,bus-cycles:u,1249120,100.00,,
     0.408719353,1851320,,instructions:u,1249152,100.00,,
     0.409948656,91760,,branch-misses:u,1228448,100.00,,
     0.409948656,0,,cache-misses:u,1228704,100.00,,
     0.409948656,1630444,,bus-cycles:u,1228864,100.00,,
     0.409948656,1838510,,instructions:u,1228960,100.00,,
     0.411177288,91595,,branch-misses:u,1228544,100.00,,
     0.411177288,0,,cache-misses:u,1228288,100.00,,
     0.411177288,1630244,,bus-cycles:u,1228128,100.00,,
     0.411177288,1833860,,instructions:u,1228000,100.00,,
     0.412407680,91449,,branch-misses:u,1230720,100.00,,
     0.412407680,0,,cache-misses:u,1230720,100.00,,
     0.412407680,1627525,,bus-cycles:u,1230720,100.00,,
     0.412407680,1824150,,instructions:u,1230752,100.00,,
     0.413638903,91808,,branch-misses:u,1230656,100.00,,
     0.413638903,0,,cache-misses:u,1230784,100.00,,
     0.413638903,1632872,,bus-cycles:u,1230944,100.00,,
     0.413638903,1834120,,instructions:u,1231008,100.00,,
     0.414866543,91905,,branch-misses:u,1227584,100.00,,
     0.414866543,0,,cache-misses:u,1227776,100.00,,
     0.414866543,1628528,,bus-cycles:u,1227712,100.00,,
     0.414866543,1838900,,instructions:u,1227616,100.00,,
     0.416095046,91744,,branch-misses:u,1228768,100.00,,
     0.416095046,0,,cache-misses:u,1228832,100.00,,
     0.416095046,1625369,,bus-cycles:u,1228736,100.00,,
     0.416095046,1842182,,instructions:u,1228800,100.00,,
     0.417325982,92619,,branch-misses:u,1230304,100.00,,
     0.417325982,0,,cache-misses:u,1229888,100.00,,
     0.417325982,1631416,,bus-cycles:u,1229888,100.00,,
     0.417325982,1843408,,instructions:u,1229856,100.00,,
     0.418553270,91806,,branch-misses:u,1227264,100.00,,
     0.418553270,0,,cache-misses:u,1227328,100.00,,
     0.418553270,1627997,,bus-cycles:u,1227104,100.00,,
     0.418553270,1833620,,instructions:u,1226816,100.00,,
     0.419781229,92035,,branch-misses:u,1228224,100.00,,
     0.419781229,0,,cache-misses:u,1228160,100.00,,
     0.419781229,1625271,,bus-cycles:u,1228704,100.00,,
     0.419781229,1835650,,instructions:u,1229088,100.00,,
     0.421010757,92137,,branch-misses:u,1228896,100.00,,
     0.421010757,0,,cache-misses:u,1229248,100.00,,
     0.421010757,1630206,,bus-cycles:u,1228960,100.00,,
     0.421010757,1844400,,instructions:u,1228864,100.00,,
     0.422238940,91523,,branch-misses:u,1228192,100.00,,
     0.422238940,0,,cache-misses:u,1228160,100.00,,
     0.422238940,1629250,,bus-cycles:u,1228160,100.00,,
     0.422238940,1828630,,instructions:u,1228224,100.00,,
     0.423466132,91996,,branch-misses:u,1227040,100.00,,
     0.423466132,0,,cache-misses:u,1226784,100.00,,
     0.423466132,1627512,,bus-cycles:u,1226912,100.00,,
     0.423466132,1835410,,instructions:u,1226848,100.00,,
     0.424714541,92981,,branch-misses:u,1248640,100.00,,
     0.424714541,0,,cache-misses:u,1248896,100.00,,
     0.424714541,1651111,,bus-cycles:u,1248576,100.00,,
     0.424714541,1864870,,instructions:u,1248512,100.00,,
     0.425964807,93941,,branch-misses:u,1250432,100.00,,
     0.425964807,0,,cache-misses:u,1250400,100.00,,
     0.425964807,1658638,,bus-cycles:u,1250656,100.00,,
     0.425964807,1880848,,instructions:u,1250720,100.00,,
     0.427197791,92073,,branch-misses:u,1232384,100.00,,
     0.427197791,0,,cache-misses:u,1232256,100.00,,
     0.427197791,1635009,,bus-cycles:u,1232384,100.00,,
     0.427197791,1844744,,instructions:u,1232128,100.00,,
     0.428427958,92067,,branch-misses:u,1230240,100.00,,
     0.428427958,0,,cache-misses:u,1230368,100.00,,
     0.428427958,1626746,,bus-cycles:u,1230272,100.00,,
     0.428427958,1839989,,instructions:u,1230496,100.00,,
     0.429658574,91643,,branch-misses:u,1230016,100.00,,
     0.429658574,0,,cache-misses:u,1229664,100.00,,
     0.429658574,1631640,,bus-cycles:u,1229504,100.00,,
     0.429658574,1828569,,instructions:u,1229504,100.00,,
     0.430886054,91311,,branch-misses:u,1226784,100.00,,
     0.430886054,0,,cache-misses:u,1227136,100.00,,
     0.430886054,1627682,,bus-cycles:u,1227232,100.00,,
     0.430886054,1825950,,instructions:u,1227232,100.00,,
     0.432114973,91544,,branch-misses:u,1229920,100.00,,
     0.432114973,0,,cache-misses:u,1229696,100.00,,
     0.432114973,1624947,,bus-cycles:u,1229664,100.00,,
     0.432114973,1835270,,instructions:u,1229696,100.00,,
     0.433347093,92091,,branch-misses:u,1231616,100.00,,
     0.433347093,0,,cache-misses:u,1231968,100.00,,
     0.433347093,1633098,,bus-cycles:u,1232064,100.00,,
     0.433347093,1848150,,instructions:u,1232192,100.00,,
     0.434576621,91378,,branch-misses:u,1228896,100.00,,
     0.434576621,0,,cache-misses:u,1228544,100.00,,
     0.434576621,1628695,,bus-cycles:u,1228512,100.00,,
     0.434576621,1826490,,instructions:u,1228448,100.00,,
     0.435806436,91470,,branch-misses:u,1230464,100.00,,
     0.435806436,0,,cache-misses:u,1230752,100.00,,
     0.435806436,1625972,,bus-cycles:u,1230624,100.00,,
     0.435806436,1833810,,instructions:u,1230688,100.00,,
     0.437038460,92196,,branch-misses:u,1231744,100.00,,
     0.437038460,0,,cache-misses:u,1231488,100.00,,
     0.437038460,1632735,,bus-cycles:u,1231584,100.00,,
     0.437038460,1848270,,instructions:u,1231552,100.00,,
     0.438267924,91719,,branch-misses:u,1228800,100.00,,
     0.438267924,0,,cache-misses:u,1229024,100.00,,
     0.438267924,1629703,,bus-cycles:u,1229088,100.00,,
     0.438267924,1841540,,instructions:u,1229120,100.00,,
     0.439496459,91484,,branch-misses:u,1228384,100.00,,
     0.439496459,0,,cache-misses:u,1228128,100.00,,
     0.439496459,1629405,,bus-cycles:u,1228096,100.00,,
     0.439496459,1832740,,instructions:u,1228128,100.00,,
     0.440743013,92504,,branch-misses:u,1247328,100.00,,
     0.440743013,0,,cache-misses:u,1247776,100.00,,
     0.440743013,1650734,,bus-cycles:u,1248000,100.00,,
     0.440743013,1851650,,instructions:u,1247968,100.00,,
     0.441973596,91498,,branch-misses:u,1230080,100.00,,
     0.441973596,0,,cache-misses:u,1229728,100.00,,
     0.441973596,1630719,,bus-cycles:u,1229504,100.00,,
     0.441973596,1829500,,instructions:u,1229472,100.00,,
     0.443202388,90671,,branch-misses:u,1228128,100.00,,
     0.443202388,0,,cache-misses:u,1228160,100.00,,
     0.443202388,1629539,,bus-cycles:u,1228192,100.00,,
     0.443202388,1808720,,instructions:u,1228256,100.00,,
     0.444432556,91724,,branch-misses:u,1230944,100.00,,
     0.444432556,0,,cache-misses:u,1231200,100.00,,
     0.444432556,1628848,,bus-cycles:u,1231168,100.00,,
     0.444432556,1830720,,instructions:u,1231072,100.00,,
     0.445665444,91876,,branch-misses:u,1232352,100.00,,
     0.445665444,0,,cache-misses:u,1231936,100.00,,
     0.445665444,1634875,,bus-cycles:u,1231968,100.00,,
     0.445665444,1829530,,instructions:u,1232000,100.00,,
     0.446894939,92131,,branch-misses:u,1229376,100.00,,
     0.446894939,0,,cache-misses:u,1229376,100.00,,
     0.446894939,1630560,,bus-cycles:u,1229376,100.00,,
     0.446894939,1838930,,instructions:u,1229408,100.00,,
     0.448143285,93161,,branch-misses:u,1248960,100.00,,
     0.448143285,0,,cache-misses:u,1248704,100.00,,
     0.448143285,1650982,,bus-cycles:u,1248384,100.00,,
     0.448143285,1863600,,instructions:u,1248032,100.00,,
     0.449376685,92656,,branch-misses:u,1232576,100.00,,
     0.449376685,0,,cache-misses:u,1233408,100.00,,
     0.449376685,1637493,,bus-cycles:u,1233792,100.00,,
     0.449376685,1856440,,instructions:u,1234080,100.00,,
     0.450606468,91950,,branch-misses:u,1229728,100.00,,
     0.450606468,0,,cache-misses:u,1229120,100.00,,
     0.450606468,1630400,,bus-cycles:u,1228928,100.00,,
     0.450606468,1838140,,instructions:u,1228896,100.00,,
     0.451835900,91203,,branch-misses:u,1229472,100.00,,
     0.451835900,0,,cache-misses:u,1229536,100.00,,
     0.451835900,1625342,,bus-cycles:u,1229312,100.00,,
     0.451835900,1827770,,instructions:u,1229376,100.00,,
     0.453066868,92175,,branch-misses:u,1230688,100.00,,
     0.453066868,0,,cache-misses:u,1230656,100.00,,
     0.453066868,1633255,,bus-cycles:u,1231200,100.00,,
     0.453066868,1843370,,instructions:u,1231136,100.00,,
     0.454296716,91866,,branch-misses:u,1229760,100.00,,
     0.454296716,0,,cache-misses:u,1229792,100.00,,
     0.454296716,1630296,,bus-cycles:u,1229568,100.00,,
     0.454296716,1838680,,instructions:u,1229568,100.00,,
     0.455525699,92102,,branch-misses:u,1228736,100.00,,
     0.455525699,0,,cache-misses:u,1229056,100.00,,
     0.455525699,1630399,,bus-cycles:u,1229088,100.00,,
     0.455525699,1838020,,instructions:u,1229056,100.00,,
     0.456770364,92690,,branch-misses:u,1245088,100.00,,
     0.456770364,0,,cache-misses:u,1244896,100.00,,
     0.456770364,1647074,,bus-cycles:u,1244960,100.00,,
     0.456770364,1860560,,instructions:u,1244928,100.00,,
     0.458000340,92329,,branch-misses:u,1229280,100.00,,
     0.458000340,0,,cache-misses:u,1229184,100.00,,
     0.458000340,1630810,,bus-cycles:u,1229088,100.00,,
     0.458000340,1850380,,instructions:u,1229120,100.00,,
     0.459229003,92127,,branch-misses:u,1228032,100.00,,
     0.459229003,0,,cache-misses:u,1227968,100.00,,
     0.459229003,1629619,,bus-cycles:u,1227744,100.00,,
     0.459229003,1836460,,instructions:u,1227808,100.00,,
     0.460457955,91575,,branch-misses:u,1229920,100.00,,
     0.460457955,0,,cache-misses:u,1229984,100.00,,
     0.460457955,1627059,,bus-cycles:u,1230144,100.00,,
     0.460457955,1825396,,instructions:u,1230176,100.00,,
     0.461690363,91799,,branch-misses:u,1231776,100.00,,
     0.461690363,0,,cache-misses:u,1231712,100.00,,
     0.461690363,1635260,,bus-cycles:u,1231712,100.00,,
     0.461690363,1835894,,instructions:u,1231680,100.00,,
     0.462918770,91273,,branch-misses:u,1228256,100.00,,
     0.462918770,0,,cache-misses:u,1227968,100.00,,
     0.462918770,1630700,,bus-cycles:u,1228032,100.00,,
     0.462918770,1817820,,instructions:u,1228032,100.00,,
     0.464150122,91867,,branch-misses:u,1231648,100.00,,
     0.464150122,0,,cache-misses:u,1231840,100.00,,
     0.464150122,1629422,,bus-cycles:u,1231296,100.00,,
     0.464150122,1836030,,instructions:u,1231008,100.00,,
     0.465379714,92245,,branch-misses:u,1229152,100.00,,
     0.465379714,0,,cache-misses:u,1229184,100.00,,
     0.465379714,1632468,,bus-cycles:u,1229696,100.00,,
     0.465379714,1844010,,instructions:u,1229984,100.00,,
     0.466609210,91795,,branch-misses:u,1229408,100.00,,
     0.466609210,0,,cache-misses:u,1229504,100.00,,
     0.466609210,1632741,,bus-cycles:u,1229632,100.00,,
     0.466609210,1834050,,instructions:u,1229664,100.00,,
     0.467839089,91913,,branch-misses:u,1230208,100.00,,
     0.467839089,0,,cache-misses:u,1230240,100.00,,
     0.467839089,1628510,,bus-cycles:u,1230208,100.00,,
     0.467839089,1836420,,instructions:u,1230176,100.00,,
     0.469070025,91808,,branch-misses:u,1230272,100.00,,
     0.469070025,0,,cache-misses:u,1230240,100.00,,
     0.469070025,1633226,,bus-cycles:u,1230240,100.00,,
     0.469070025,1833500,,instructions:u,1230208,100.00,,
     0.470299201,91533,,branch-misses:u,1229408,100.00,,
     0.470299201,0,,cache-misses:u,1229408,100.00,,
     0.470299201,1631556,,bus-cycles:u,1229504,100.00,,
     0.470299201,1831260,,instructions:u,1229536,100.00,,
     0.471546746,93626,,branch-misses:u,1247520,100.00,,
     0.471546746,0,,cache-misses:u,1247232,100.00,,
     0.471546746,1656151,,bus-cycles:u,1246880,100.00,,
     0.471546746,1864460,,instructions:u,1246624,100.00,,
     0.472792691,92665,,branch-misses:u,1245856,100.00,,
     0.472792691,0,,cache-misses:u,1246176,100.00,,
     0.472792691,1649438,,bus-cycles:u,1246400,100.00,,
     0.472792691,1854770,,instructions:u,1246624,100.00,,
     0.474022859,91411,,branch-misses:u,1229568,100.00,,
     0.474022859,0,,cache-misses:u,1229504,100.00,,
     0.474022859,1631982,,bus-cycles:u,1229472,100.00,,
     0.474022859,1835520,,instructions:u,1229568,100.00,,
     0.475251970,91475,,branch-misses:u,1229024,100.00,,
     0.475251970,0,,cache-misses:u,1229088,100.00,,
     0.475251970,1630949,,bus-cycles:u,1229248,100.00,,
     0.475251970,1831160,,instructions:u,1229152,100.00,,
     0.476483834,91779,,branch-misses:u,1232064,100.00,,
     0.476483834,0,,cache-misses:u,1232000,100.00,,
     0.476483834,1630065,,bus-cycles:u,1231872,100.00,,
     0.476483834,1834530,,instructions:u,1232032,100.00,,
     0.477715730,92120,,branch-misses:u,1231584,100.00,,
     0.477715730,0,,cache-misses:u,1231648,100.00,,
     0.477715730,1635162,,bus-cycles:u,1231648,100.00,,
     0.477715730,1843320,,instructions:u,1231584,100.00,,
     0.478946122,91482,,branch-misses:u,1230240,100.00,,
     0.478946122,0,,cache-misses:u,1230240,100.00,,
     0.478946122,1633586,,bus-cycles:u,1230272,100.00,,
     0.478946122,1831700,,instructions:u,1230272,100.00,,
     0.480178210,91615,,branch-misses:u,1232224,100.00,,
     0.480178210,0,,cache-misses:u,1232256,100.00,,
     0.480178210,1629949,,bus-cycles:u,1232160,100.00,,
     0.480178210,1837290,,instructions:u,1232064,100.00,,
     0.481409722,92142,,branch-misses:u,1230944,100.00,,
     0.481409722,0,,cache-misses:u,1230816,100.00,,
     0.481409722,1633829,,bus-cycles:u,1230816,100.00,,
     0.481409722,1843360,,instructions:u,1230784,100.00,,
     0.482638577,91805,,branch-misses:u,1228192,100.00,,
     0.482638577,0,,cache-misses:u,1228256,100.00,,
     0.482638577,1629575,,bus-cycles:u,1228192,100.00,,
     0.482638577,1835050,,instructions:u,1228192,100.00,,
     0.483867817,91633,,branch-misses:u,1230240,100.00,,
     0.483867817,0,,cache-misses:u,1230144,100.00,,
     0.483867817,1626706,,bus-cycles:u,1230144,100.00,,
     0.483867817,1834300,,instructions:u,1230112,100.00,,
     0.485098145,91661,,branch-misses:u,1229664,100.00,,
     0.485098145,0,,cache-misses:u,1229696,100.00,,
     0.485098145,1632163,,bus-cycles:u,1229792,100.00,,
     0.485098145,1833620,,instructions:u,1229824,100.00,,
     0.486326616,91906,,branch-misses:u,1227840,100.00,,
     0.486326616,0,,cache-misses:u,1227904,100.00,,
     0.486326616,1629686,,bus-cycles:u,1227840,100.00,,
     0.486326616,1837610,,instructions:u,1227872,100.00,,
     0.487554352,91786,,branch-misses:u,1228096,100.00,,
     0.487554352,0,,cache-misses:u,1228032,100.00,,
     0.487554352,1629266,,bus-cycles:u,1228096,100.00,,
     0.487554352,1844444,,instructions:u,1237664,100.00,,
     0.488799721,92764,,branch-misses:u,1245280,100.00,,
     0.488799721,0,,cache-misses:u,1245120,100.00,,
     0.488799721,1647564,,bus-cycles:u,1244992,100.00,,
     0.488799721,1847726,,instructions:u,1235200,100.00,,
     0.490028800,91498,,branch-misses:u,1228928,100.00,,
     0.490028800,0,,cache-misses:u,1229088,100.00,,
     0.490028800,1631974,,bus-cycles:u,1229248,100.00,,
     0.490028800,1831830,,instructions:u,1229472,100.00,,
     0.491257784,90607,,branch-misses:u,1228352,100.00,,
     0.491257784,0,,cache-misses:u,1228096,100.00,,
     0.491257784,1628832,,bus-cycles:u,1227744,100.00,,
     0.491257784,1811350,,instructions:u,1227488,100.00,,
     0.492487760,92063,,branch-misses:u,1230784,100.00,,
     0.492487760,0,,cache-misses:u,1231040,100.00,,
     0.492487760,1628797,,bus-cycles:u,1231424,100.00,,
     0.492487760,1835340,,instructions:u,1231744,100.00,,
     0.493737225,93129,,branch-misses:u,1249568,100.00,,
     0.493737225,0,,cache-misses:u,1249504,100.00,,
     0.493737225,1658325,,bus-cycles:u,1249280,100.00,,
     0.493737225,1857500,,instructions:u,1248960,100.00,,
     0.494967329,92082,,branch-misses:u,1229408,100.00,,
     0.494967329,0,,cache-misses:u,1229504,100.00,,
     0.494967329,1631943,,bus-cycles:u,1229696,100.00,,
     0.494967329,1845086,,instructions:u,1229952,100.00,,
     0.496196696,91112,,branch-misses:u,1229824,100.00,,
     0.496196696,0,,cache-misses:u,1229728,100.00,,
     0.496196696,1621135,,bus-cycles:u,1229600,100.00,,
     0.496196696,1821924,,instructions:u,1229536,100.00,,
     0.497429008,92398,,branch-misses:u,1231776,100.00,,
     0.497429008,0,,cache-misses:u,1231520,100.00,,
     0.497429008,1633642,,bus-cycles:u,1231584,100.00,,
     0.497429008,1846310,,instructions:u,1231232,100.00,,
     0.498655944,91911,,branch-misses:u,1226656,100.00,,
     0.498655944,0,,cache-misses:u,1226720,100.00,,
     0.498655944,1626720,,bus-cycles:u,1226528,100.00,,
     0.498655944,1832790,,instructions:u,1226688,100.00,,
     0.499886527,91589,,branch-misses:u,1230816,100.00,,
     0.499886527,0,,cache-misses:u,1231040,100.00,,
     0.499886527,1626931,,bus-cycles:u,1231264,100.00,,
     0.499886527,1834100,,instructions:u,1231488,100.00,,
     0.501117367,92220,,branch-misses:u,1230368,100.00,,
     0.501117367,0,,cache-misses:u,1230432,100.00,,
     0.501117367,1632220,,bus-cycles:u,1230368,100.00,,
     0.501117367,1838910,,instructions:u,1230368,100.00,,
     0.502346479,91548,,branch-misses:u,1229056,100.00,,
     0.502346479,0,,cache-misses:u,1229024,100.00,,
     0.502346479,1631480,,bus-cycles:u,1229120,100.00,,
     0.502346479,1833340,,instructions:u,1229088,100.00,,
     0.503574054,92433,,branch-misses:u,1237184,100.00,,
     0.503574054,0,,cache-misses:u,1237856,100.00,,
     0.503574054,1637848,,bus-cycles:u,1237856,100.00,,
     0.503574054,1850290,,instructions:u,1237888,100.00,,
     0.504816703,92023,,branch-misses:u,1232800,100.00,,
     0.504816703,0,,cache-misses:u,1232160,100.00,,
     0.504816703,1635335,,bus-cycles:u,1232096,100.00,,
     0.504816703,1837060,,instructions:u,1232096,100.00,,
     0.506045911,91973,,branch-misses:u,1228960,100.00,,
     0.506045911,0,,cache-misses:u,1228864,100.00,,
     0.506045911,1630621,,bus-cycles:u,1228832,100.00,,
     0.506045911,1834620,,instructions:u,1228832,100.00,,
     0.507274094,91759,,branch-misses:u,1228096,100.00,,
     0.507274094,0,,cache-misses:u,1228160,100.00,,
     0.507274094,1629794,,bus-cycles:u,1228288,100.00,,
     0.507274094,1837620,,instructions:u,1228256,100.00,,
     0.508505126,91926,,branch-misses:u,1231424,100.00,,
     0.508505126,0,,cache-misses:u,1231424,100.00,,
     0.508505126,1628775,,bus-cycles:u,1231360,100.00,,
     0.508505126,1839590,,instructions:u,1231424,100.00,,
     0.509736318,91784,,branch-misses:u,1230592,100.00,,
     0.509736318,0,,cache-misses:u,1230592,100.00,,
     0.509736318,1632772,,bus-cycles:u,1230496,100.00,,
     0.509736318,1831430,,instructions:u,1230656,100.00,,
     0.510966069,91628,,branch-misses:u,1229664,100.00,,
     0.510966069,0,,cache-misses:u,1229568,100.00,,
     0.510966069,1631774,,bus-cycles:u,1229568,100.00,,
     0.510966069,1836420,,instructions:u,1229248,100.00,,
     0.512196109,91525,,branch-misses:u,1230272,100.00,,
     0.512196109,0,,cache-misses:u,1230336,100.00,,
     0.512196109,1626641,,bus-cycles:u,1230304,100.00,,
     0.512196109,1832390,,instructions:u,1230400,100.00,,
     0.513425765,92166,,branch-misses:u,1229088,100.00,,
     0.513425765,0,,cache-misses:u,1229056,100.00,,
     0.513425765,1630406,,bus-cycles:u,1229024,100.00,,
     0.513425765,1838860,,instructions:u,1228960,100.00,,
     0.514653852,91707,,branch-misses:u,1227968,100.00,,
     0.514653852,0,,cache-misses:u,1227936,100.00,,
     0.514653852,1629347,,bus-cycles:u,1228000,100.00,,
     0.514653852,1830190,,instructions:u,1228032,100.00,,
     0.515900950,93080,,branch-misses:u,1247680,100.00,,
     0.515900950,0,,cache-misses:u,1247520,100.00,,
     0.515900950,1650426,,bus-cycles:u,1247360,100.00,,
     0.515900950,1859966,,instructions:u,1247104,100.00,,
     0.517133038,91535,,branch-misses:u,1231328,100.00,,
     0.517133038,0,,cache-misses:u,1231648,100.00,,
     0.517133038,1634356,,bus-cycles:u,1231776,100.00,,
     0.517133038,1826974,,instructions:u,1232032,100.00,,
     0.518362245,92001,,branch-misses:u,1229120,100.00,,
     0.518362245,0,,cache-misses:u,1228992,100.00,,
     0.518362245,1630685,,bus-cycles:u,1228960,100.00,,
     0.518362245,1838830,,instructions:u,1229120,100.00,,
     0.519595005,91801,,branch-misses:u,1233088,100.00,,
     0.519595005,0,,cache-misses:u,1233120,100.00,,
     0.519595005,1631387,,bus-cycles:u,1233152,100.00,,
     0.519595005,1832908,,instructions:u,1232992,100.00,,
     0.520825877,91888,,branch-misses:u,1230400,100.00,,
     0.520825877,0,,cache-misses:u,1230464,100.00,,
     0.520825877,1632291,,bus-cycles:u,1230656,100.00,,
     0.520825877,1834602,,instructions:u,1230912,100.00,,
     0.522055949,91959,,branch-misses:u,1229888,100.00,,
     0.522055949,0,,cache-misses:u,1229888,100.00,,
     0.522055949,1631608,,bus-cycles:u,1229856,100.00,,
     0.522055949,1842500,,instructions:u,1229696,100.00,,
     0.523285380,91652,,branch-misses:u,1228736,100.00,,
     0.523285380,0,,cache-misses:u,1228768,100.00,,
     0.523285380,1630785,,bus-cycles:u,1228736,100.00,,
     0.523285380,1829990,,instructions:u,1228704,100.00,,
     0.524514524,91936,,branch-misses:u,1230080,100.00,,
     0.524514524,0,,cache-misses:u,1230080,100.00,,
     0.524514524,1626308,,bus-cycles:u,1230048,100.00,,
     0.524514524,1836490,,instructions:u,1230048,100.00,,
     0.525747732,91638,,branch-misses:u,1232576,100.00,,
     0.525747732,0,,cache-misses:u,1232480,100.00,,
     0.525747732,1635831,,bus-cycles:u,1232352,100.00,,
     0.525747732,1829890,,instructions:u,1232256,100.00,,
     0.526976587,91480,,branch-misses:u,1228576,100.00,,
     0.526976587,0,,cache-misses:u,1228576,100.00,,
     0.526976587,1630581,,bus-cycles:u,1228576,100.00,,
     0.526976587,1831234,,instructions:u,1228576,100.00,,
     0.528207459,92015,,branch-misses:u,1231424,100.00,,
     0.528207459,0,,cache-misses:u,1231392,100.00,,
     0.528207459,1628850,,bus-cycles:u,1231392,100.00,,
     0.528207459,1839156,,instructions:u,1231424,100.00,,
     0.529438971,91851,,branch-misses:u,1230848,100.00,,
     0.529438971,0,,cache-misses:u,1230848,100.00,,
     0.529438971,1633555,,bus-cycles:u,1230880,100.00,,
     0.529438971,1838670,,instructions:u,1230880,100.00,,
     0.530666930,91675,,branch-misses:u,1227936,100.00,,
     0.530666930,0,,cache-misses:u,1227936,100.00,,
     0.530666930,1630020,,bus-cycles:u,1228000,100.00,,
     0.530666930,1832350,,instructions:u,1228000,100.00,,
     0.531896810,91622,,branch-misses:u,1230176,100.00,,
     0.531896810,0,,cache-misses:u,1230176,100.00,,
     0.531896810,1626936,,bus-cycles:u,1230176,100.00,,
     0.531896810,1832600,,instructions:u,1230208,100.00,,
     0.533128002,91645,,branch-misses:u,1230528,100.00,,
     0.533128002,0,,cache-misses:u,1230496,100.00,,
     0.533128002,1633759,,bus-cycles:u,1230432,100.00,,
     0.533128002,1835760,,instructions:u,1230368,100.00,,
     0.534355705,91723,,branch-misses:u,1227648,100.00,,
     0.534355705,0,,cache-misses:u,1227680,100.00,,
     0.534355705,1628982,,bus-cycles:u,1227744,100.00,,
     0.534355705,1839270,,instructions:u,1227776,100.00,,
     0.535590833,91886,,branch-misses:u,1235936,100.00,,
     0.535590833,0,,cache-misses:u,1235936,100.00,,
     0.535590833,1632919,,bus-cycles:u,1235872,100.00,,
     0.535590833,1845990,,instructions:u,1235840,100.00,,
     0.536823113,92050,,branch-misses:u,1231264,100.00,,
     0.536823113,0,,cache-misses:u,1231328,100.00,,
     0.536823113,1634210,,bus-cycles:u,1231392,100.00,,
     0.536823113,1844690,,instructions:u,1231488,100.00,,
     0.538050817,92316,,branch-misses:u,1227488,100.00,,
     0.538050817,0,,cache-misses:u,1227456,100.00,,
     0.538050817,1629677,,bus-cycles:u,1227424,100.00,,
     0.538050817,1842720,,instructions:u,1227360,100.00,,
     0.539293690,93025,,branch-misses:u,1243072,100.00,,
     0.539293690,0,,cache-misses:u,1243296,100.00,,
     0.539293690,1650455,,bus-cycles:u,1243136,100.00,,
     0.539293690,1863870,,instructions:u,1242880,100.00,,
     0.540524498,91707,,branch-misses:u,1230880,100.00,,
     0.540524498,0,,cache-misses:u,1230368,100.00,,
     0.540524498,1626860,,bus-cycles:u,1230336,100.00,,
     0.540524498,1831120,,instructions:u,1230368,100.00,,
     0.541754793,92239,,branch-misses:u,1229664,100.00,,
     0.541754793,0,,cache-misses:u,1229856,100.00,,
     0.541754793,1633158,,bus-cycles:u,1230048,100.00,,
     0.541754793,1845660,,instructions:u,1230304,100.00,,
     0.542983841,91498,,branch-misses:u,1228960,100.00,,
     0.542983841,0,,cache-misses:u,1229024,100.00,,
     0.542983841,1630775,,bus-cycles:u,1228992,100.00,,
     0.542983841,1834180,,instructions:u,1228960,100.00,,
     0.544213720,91651,,branch-misses:u,1230112,100.00,,
     0.544213720,0,,cache-misses:u,1230048,100.00,,
     0.544213720,1626856,,bus-cycles:u,1230048,100.00,,
     0.544213720,1833430,,instructions:u,1230080,100.00,,
     0.545444752,92305,,branch-misses:u,1230528,100.00,,
     0.545444752,0,,cache-misses:u,1230624,100.00,,
     0.545444752,1633214,,bus-cycles:u,1230624,100.00,,
     0.545444752,1844640,,instructions:u,1230752,100.00,,
     0.546672456,92028,,branch-misses:u,1227040,100.00,,
     0.546672456,0,,cache-misses:u,1227168,100.00,,
     0.546672456,1628815,,bus-cycles:u,1227296,100.00,,
     0.546672456,1843520,,instructions:u,1227200,100.00,,
     0.547901727,90995,,branch-misses:u,1230144,100.00,,
     0.547901727,0,,cache-misses:u,1230016,100.00,,
     0.547901727,1626326,,bus-cycles:u,1229920,100.00,,
     0.547901727,1814040,,instructions:u,1229856,100.00,,
     0.549133399,91000,,branch-misses:u,1231008,100.00,,
     0.549133399,0,,cache-misses:u,1230944,100.00,,
     0.549133399,1633558,,bus-cycles:u,1230912,100.00,,
     0.549133399,1821920,,instructions:u,1230976,100.00,,
     0.550361967,91997,,branch-misses:u,1228608,100.00,,
     0.550361967,0,,cache-misses:u,1228672,100.00,,
     0.550361967,1630529,,bus-cycles:u,1228672,100.00,,
     0.550361967,1838760,,instructions:u,1228704,100.00,,
     0.551594535,92164,,branch-misses:u,1232800,100.00,,
     0.551594535,0,,cache-misses:u,1232768,100.00,,
     0.551594535,1629960,,bus-cycles:u,1232768,100.00,,
     0.551594535,1845810,,instructions:u,1232768,100.00,,
     0.552825214,92366,,branch-misses:u,1230112,100.00,,
     0.552825214,0,,cache-misses:u,1230048,100.00,,
     0.552825214,1632149,,bus-cycles:u,1230016,100.00,,
     0.552825214,1841490,,instructions:u,1229984,100.00,,
     0.554053014,91592,,branch-misses:u,1227712,100.00,,
     0.554053014,0,,cache-misses:u,1227776,100.00,,
     0.554053014,1629193,,bus-cycles:u,1227776,100.00,,
     0.554053014,1837150,,instructions:u,1227712,100.00,,
     0.555279853,91242,,branch-misses:u,1226112,100.00,,
     0.555279853,0,,cache-misses:u,1226176,100.00,,
     0.555279853,1626541,,bus-cycles:u,1226240,100.00,,
     0.555279853,1823180,,instructions:u,1226304,100.00,,
     0.556509253,91590,,branch-misses:u,1230432,100.00,,
     0.556509253,0,,cache-misses:u,1230560,100.00,,
     0.556509253,1627098,,bus-cycles:u,1230592,100.00,,
     0.556509253,1832241,,instructions:u,1230528,100.00,,
     0.557740925,91300,,branch-misses:u,1231040,100.00,,
     0.557740925,0,,cache-misses:u,1230944,100.00,,
     0.557740925,1632322,,bus-cycles:u,1230848,100.00,,
     0.557740925,1822769,,instructions:u,1230816,100.00,,
     0.558968564,91649,,branch-misses:u,1227584,100.00,,
     0.558968564,0,,cache-misses:u,1227520,100.00,,
     0.558968564,1628466,,bus-cycles:u,1227552,100.00,,
     0.558968564,1835270,,instructions:u,1227616,100.00,,
     0.560197292,91522,,branch-misses:u,1228992,100.00,,
     0.560197292,0,,cache-misses:u,1228960,100.00,,
     0.560197292,1624835,,bus-cycles:u,1228960,100.00,,
     0.560197292,1836480,,instructions:u,1228960,100.00,,
     0.561443461,92762,,branch-misses:u,1245952,100.00,,
     0.561443461,0,,cache-misses:u,1246272,100.00,,
     0.561443461,1653717,,bus-cycles:u,1246112,100.00,,
     0.561443461,1864250,,instructions:u,1245856,100.00,,
     0.562673341,91533,,branch-misses:u,1229504,100.00,,
     0.562673341,0,,cache-misses:u,1229280,100.00,,
     0.562673341,1631348,,bus-cycles:u,1229536,100.00,,
     0.562673341,1833046,,instructions:u,1229792,100.00,,
     0.563903828,91887,,branch-misses:u,1230848,100.00,,
     0.563903828,0,,cache-misses:u,1230784,100.00,,
     0.563903828,1625409,,bus-cycles:u,1230816,100.00,,
     0.563903828,1833214,,instructions:u,1230784,100.00,,
     0.565134572,91597,,branch-misses:u,1230080,100.00,,
     0.565134572,0,,cache-misses:u,1230240,100.00,,
     0.565134572,1631815,,bus-cycles:u,1230272,100.00,,
     0.565134572,1843810,,instructions:u,1230336,100.00,,
     0.566362532,92189,,branch-misses:u,1227264,100.00,,
     0.566362532,0,,cache-misses:u,1227232,100.00,,
     0.566362532,1628295,,bus-cycles:u,1227104,100.00,,
     0.566362532,1841120,,instructions:u,1227136,100.00,,
     0.567592763,91351,,branch-misses:u,1231136,100.00,,
     0.567592763,0,,cache-misses:u,1231072,100.00,,
     0.567592763,1627070,,bus-cycles:u,1231264,100.00,,
     0.567592763,1825270,,instructions:u,1231232,100.00,,
     0.568822899,92246,,branch-misses:u,1229632,100.00,,
     0.568822899,0,,cache-misses:u,1229568,100.00,,
     0.568822899,1630832,,bus-cycles:u,1229408,100.00,,
     0.568822899,1838580,,instructions:u,1229472,100.00,,
     0.570050730,92026,,branch-misses:u,1227008,100.00,,
     0.570050730,0,,cache-misses:u,1226944,100.00,,
     0.570050730,1627479,,bus-cycles:u,1226880,100.00,,
     0.570050730,1835350,,instructions:u,1226752,100.00,,
     0.571277954,91573,,branch-misses:u,1227232,100.00,,
     0.571277954,0,,cache-misses:u,1227296,100.00,,
     0.571277954,1628217,,bus-cycles:u,1227328,100.00,,
     0.571277954,1831590,,instructions:u,1227328,100.00,,
     0.572508154,91629,,branch-misses:u,1231008,100.00,,
     0.572508154,0,,cache-misses:u,1230976,100.00,,
     0.572508154,1627294,,bus-cycles:u,1230976,100.00,,
     0.572508154,1834710,,instructions:u,1231008,100.00,,
     0.573738993,92075,,branch-misses:u,1230304,100.00,,
     0.573738993,0,,cache-misses:u,1230528,100.00,,
     0.573738993,1631242,,bus-cycles:u,1230400,100.00,,
     0.573738993,1844350,,instructions:u,1230208,100.00,,
     0.574967273,91651,,branch-misses:u,1228352,100.00,,
     0.574967273,0,,cache-misses:u,1228160,100.00,,
     0.574967273,1629025,,bus-cycles:u,1228384,100.00,,
     0.574967273,1833690,,instructions:u,1228608,100.00,,
     0.576197697,91679,,branch-misses:u,1230592,100.00,,
     0.576197697,0,,cache-misses:u,1230624,100.00,,
     0.576197697,1626564,,bus-cycles:u,1230592,100.00,,
     0.576197697,1840081,,instructions:u,1230592,100.00,,
     0.577429816,92104,,branch-misses:u,1231488,100.00,,
     0.577429816,0,,cache-misses:u,1231584,100.00,,
     0.577429816,1633233,,bus-cycles:u,1231616,100.00,,
     0.577429816,1838473,,instructions:u,1231712,100.00,,
     0.578658736,92067,,branch-misses:u,1228960,100.00,,
     0.578658736,0,,cache-misses:u,1229408,100.00,,
     0.578658736,1629965,,bus-cycles:u,1229504,100.00,,
     0.578658736,1841856,,instructions:u,1229504,100.00,,
     0.579889832,91324,,branch-misses:u,1231264,100.00,,
     0.579889832,0,,cache-misses:u,1230784,100.00,,
     0.579889832,1626043,,bus-cycles:u,1230688,100.00,,
     0.579889832,1833730,,instructions:u,1230560,100.00,,
     0.581120864,91776,,branch-misses:u,1230624,100.00,,
     0.581120864,0,,cache-misses:u,1230688,100.00,,
     0.581120864,1631635,,bus-cycles:u,1230528,100.00,,
     0.581120864,1840670,,instructions:u,1230272,100.00,,
     0.582350039,91952,,branch-misses:u,1229088,100.00,,
     0.582350039,0,,cache-misses:u,1229024,100.00,,
     0.582350039,1630692,,bus-cycles:u,1229280,100.00,,
     0.582350039,1836730,,instructions:u,1229664,100.00,,
     0.583743071,104107,,branch-misses:u,1396704,100.00,,
     0.583743071,0,,cache-misses:u,1397632,100.00,,
     0.583743071,1851921,,bus-cycles:u,1399200,100.00,,
     0.583743071,2090030,,instructions:u,1400000,100.00,,
     0.584989496,93307,,branch-misses:u,1243072,100.00,,
     0.584989496,0,,cache-misses:u,1241984,100.00,,
     0.584989496,1645617,,bus-cycles:u,1239936,100.00,,
     0.584989496,1861840,,instructions:u,1238592,100.00,,
     0.586217648,91551,,branch-misses:u,1227328,100.00,,
     0.586217648,0,,cache-misses:u,1227552,100.00,,
     0.586217648,1628304,,bus-cycles:u,1227648,100.00,,
     0.586217648,1827490,,instructions:u,1227840,100.00,,
     0.587443591,91629,,branch-misses:u,1225728,100.00,,
     0.587443591,0,,cache-misses:u,1225312,100.00,,
     0.587443591,1625289,,bus-cycles:u,1225344,100.00,,
     0.587443591,1829580,,instructions:u,1225312,100.00,,
     0.588685952,91372,,branch-misses:u,1242784,100.00,,
     0.588685952,0,,cache-misses:u,1243200,100.00,,
     0.588685952,1643412,,bus-cycles:u,1243168,100.00,,
     0.588685952,1834171,,instructions:u,1243200,100.00,,
     0.589914263,91731,,branch-misses:u,1227712,100.00,,
     0.589914263,0,,cache-misses:u,1227264,100.00,,
     0.589914263,1627956,,bus-cycles:u,1227168,100.00,,
     0.589914263,1834069,,instructions:u,1227136,100.00,,
     0.591139758,91451,,branch-misses:u,1225344,100.00,,
     0.591139758,0,,cache-misses:u,1225760,100.00,,
     0.591139758,1626901,,bus-cycles:u,1225920,100.00,,
     0.591139758,1834860,,instructions:u,1225984,100.00,,
     0.592367174,91418,,branch-misses:u,1227648,100.00,,
     0.592367174,0,,cache-misses:u,1227232,100.00,,
     0.592367174,1622167,,bus-cycles:u,1227136,100.00,,
     0.592367174,1833600,,instructions:u,1227168,100.00,,
     0.593595165,91867,,branch-misses:u,1227456,100.00,,
     0.593595165,0,,cache-misses:u,1227808,100.00,,
     0.593595165,1629148,,bus-cycles:u,1227840,100.00,,
     0.593595165,1840550,,instructions:u,1227808,100.00,,
     0.594821493,91482,,branch-misses:u,1225792,100.00,,
     0.594821493,0,,cache-misses:u,1225504,100.00,,
     0.594821493,1626921,,bus-cycles:u,1225504,100.00,,
     0.594821493,1829810,,instructions:u,1225472,100.00,,
     0.596047372,91797,,branch-misses:u,1226720,100.00,,
     0.596047372,0,,cache-misses:u,1226912,100.00,,
     0.596047372,1623162,,bus-cycles:u,1226848,100.00,,
     0.596047372,1834270,,instructions:u,1226752,100.00,,
     0.597276100,92049,,branch-misses:u,1228096,100.00,,
     0.597276100,0,,cache-misses:u,1228160,100.00,,
     0.597276100,1629580,,bus-cycles:u,1228096,100.00,,
     0.597276100,1840290,,instructions:u,1228096,100.00,,
     0.598501179,91180,,branch-misses:u,1224384,100.00,,
     0.598501179,0,,cache-misses:u,1224352,100.00,,
     0.598501179,1624274,,bus-cycles:u,1224352,100.00,,
     0.598501179,1830560,,instructions:u,1224384,100.00,,
     0.599728082,91385,,branch-misses:u,1227808,100.00,,
     0.599728082,0,,cache-misses:u,1227616,100.00,,
     0.599728082,1622393,,bus-cycles:u,1227648,100.00,,
     0.599728082,1824750,,instructions:u,1227648,100.00,,
     0.600956042,91744,,branch-misses:u,1227392,100.00,,
     0.600956042,0,,cache-misses:u,1227360,100.00,,
     0.600956042,1627312,,bus-cycles:u,1227424,100.00,,
     0.600956042,1838630,,instructions:u,1227520,100.00,,
     0.602180833,91310,,branch-misses:u,1224000,100.00,,
     0.602180833,0,,cache-misses:u,1224288,100.00,,
     0.602180833,1622632,,bus-cycles:u,1224192,100.00,,
     0.602180833,1823230,,instructions:u,1224064,100.00,,
     0.603405464,91365,,branch-misses:u,1224544,100.00,,
     0.603405464,0,,cache-misses:u,1224256,100.00,,
     0.603405464,1624086,,bus-cycles:u,1224672,100.00,,
     0.603405464,1830950,,instructions:u,1224768,100.00,,
     0.604631343,91313,,branch-misses:u,1226912,100.00,,
     0.604631343,0,,cache-misses:u,1226880,100.00,,
     0.604631343,1621095,,bus-cycles:u,1226528,100.00,,
     0.604631343,1829730,,instructions:u,1226560,100.00,,
     0.605859591,91507,,branch-misses:u,1227680,100.00,,
     0.605859591,0,,cache-misses:u,1228032,100.00,,
     0.605859591,1629198,,bus-cycles:u,1227936,100.00,,
     0.605859591,1835830,,instructions:u,1227808,100.00,,
     0.607101568,92646,,branch-misses:u,1242048,100.00,,
     0.607101568,0,,cache-misses:u,1241728,100.00,,
     0.607101568,1646950,,bus-cycles:u,1241888,100.00,,
     0.607101568,1857010,,instructions:u,1241984,100.00,,
     0.608329399,91453,,branch-misses:u,1227968,100.00,,
     0.608329399,0,,cache-misses:u,1228256,100.00,,
     0.608329399,1623497,,bus-cycles:u,1228096,100.00,,
     0.608329399,1835570,,instructions:u,1227968,100.00,,
     0.609556718,91691,,branch-misses:u,1226624,100.00,,
     0.609556718,0,,cache-misses:u,1226272,100.00,,
     0.609556718,1626472,,bus-cycles:u,1226336,100.00,,
     0.609556718,1830810,,instructions:u,1226368,100.00,,
     0.610781894,91682,,branch-misses:u,1225024,100.00,,
     0.610781894,0,,cache-misses:u,1225408,100.00,,
     0.610781894,1624988,,bus-cycles:u,1225440,100.00,,
     0.610781894,1833400,,instructions:u,1225504,100.00,,
     0.612007165,91634,,branch-misses:u,1225600,100.00,,
     0.612007165,0,,cache-misses:u,1225664,100.00,,
     0.612007165,1620122,,bus-cycles:u,1225760,100.00,,
     0.612007165,1836110,,instructions:u,1225728,100.00,,
     0.613235060,91953,,branch-misses:u,1227296,100.00,,
     0.613235060,0,,cache-misses:u,1227136,100.00,,
     0.613235060,1627190,,bus-cycles:u,1227040,100.00,,
     0.613235060,1833430,,instructions:u,1227040,100.00,,
     0.614459787,91780,,branch-misses:u,1224640,100.00,,
     0.614459787,0,,cache-misses:u,1224416,100.00,,
     0.614459787,1624562,,bus-cycles:u,1224384,100.00,,
     0.614459787,1830610,,instructions:u,1224448,100.00,,
     0.615683779,91403,,branch-misses:u,1224224,100.00,,
     0.615683779,0,,cache-misses:u,1224128,100.00,,
     0.615683779,1618951,,bus-cycles:u,1224128,100.00,,
     0.615683779,1824160,,instructions:u,1224032,100.00,,
     0.616910842,92213,,branch-misses:u,1226528,100.00,,
     0.616910842,0,,cache-misses:u,1226592,100.00,,
     0.616910842,1627439,,bus-cycles:u,1226560,100.00,,
     0.616910842,1842960,,instructions:u,1226656,100.00,,
     0.618135825,90966,,branch-misses:u,1225152,100.00,,
     0.618135825,0,,cache-misses:u,1225152,100.00,,
     0.618135825,1625285,,bus-cycles:u,1225312,100.00,,
     0.618135825,1827040,,instructions:u,1225280,100.00,,
     0.619359688,91409,,branch-misses:u,1223040,100.00,,
     0.619359688,0,,cache-misses:u,1223008,100.00,,
     0.619359688,1622387,,bus-cycles:u,1222944,100.00,,
     0.619359688,1829930,,instructions:u,1222976,100.00,,
     0.620585824,90965,,branch-misses:u,1227040,100.00,,
     0.620585824,0,,cache-misses:u,1227040,100.00,,
     0.620585824,1619417,,bus-cycles:u,1226976,100.00,,
     0.620585824,1824412,,instructions:u,1226912,100.00,,
     0.621813367,91404,,branch-misses:u,1226816,100.00,,
     0.621813367,0,,cache-misses:u,1226880,100.00,,
     0.621813367,1627863,,bus-cycles:u,1226912,100.00,,
     0.621813367,1824408,,instructions:u,1226912,100.00,,
     0.623037198,91593,,branch-misses:u,1223808,100.00,,
     0.623037198,0,,cache-misses:u,1223840,100.00,,
     0.623037198,1622995,,bus-cycles:u,1224000,100.00,,
     0.623037198,1835544,,instructions:u,1224064,100.00,,
     0.624264069,91296,,branch-misses:u,1227136,100.00,,
     0.624264069,0,,cache-misses:u,1227104,100.00,,
     0.624264069,1621884,,bus-cycles:u,1226976,100.00,,
     0.624264069,1825466,,instructions:u,1227008,100.00,,
     0.625491933,91393,,branch-misses:u,1227392,100.00,,
     0.625491933,0,,cache-misses:u,1227456,100.00,,
     0.625491933,1629071,,bus-cycles:u,1227456,100.00,,
     0.625491933,1832170,,instructions:u,1227392,100.00,,
     0.626715636,91769,,branch-misses:u,1223136,100.00,,
     0.626715636,0,,cache-misses:u,1223008,100.00,,
     0.626715636,1623463,,bus-cycles:u,1223072,100.00,,
     0.626715636,1827790,,instructions:u,1223008,100.00,,
     0.627940683,91569,,branch-misses:u,1225888,100.00,,
     0.627940683,0,,cache-misses:u,1225888,100.00,,
     0.627940683,1621957,,bus-cycles:u,1225760,100.00,,
     0.627940683,1822990,,instructions:u,1225856,100.00,,
     0.629182596,92931,,branch-misses:u,1241856,100.00,,
     0.629182596,0,,cache-misses:u,1242304,100.00,,
     0.629182596,1648453,,bus-cycles:u,1242304,100.00,,
     0.629182596,1861280,,instructions:u,1242304,100.00,,
     0.630408603,91380,,branch-misses:u,1225344,100.00,,
     0.630408603,0,,cache-misses:u,1224896,100.00,,
     0.630408603,1625557,,bus-cycles:u,1224960,100.00,,
     0.630408603,1824000,,instructions:u,1224992,100.00,,
     0.631634291,90899,,branch-misses:u,1225984,100.00,,
     0.631634291,0,,cache-misses:u,1226016,100.00,,
     0.631634291,1621340,,bus-cycles:u,1225920,100.00,,
     0.631634291,1816740,,instructions:u,1225760,100.00,,
     0.632860074,91640,,branch-misses:u,1225248,100.00,,
     0.632860074,0,,cache-misses:u,1225280,100.00,,
     0.632860074,1626525,,bus-cycles:u,1225408,100.00,,
     0.632860074,1839840,,instructions:u,1225472,100.00,,
     0.634084065,91205,,branch-misses:u,1223296,100.00,,
     0.634084065,0,,cache-misses:u,1223200,100.00,,
     0.634084065,1622876,,bus-cycles:u,1223104,100.00,,
     0.634084065,1822815,,instructions:u,1223072,100.00,,
     0.635306840,91691,,branch-misses:u,1222688,100.00,,
     0.635306840,0,,cache-misses:u,1222688,100.00,,
     0.635306840,1622416,,bus-cycles:u,1222624,100.00,,
     0.635306840,1833285,,instructions:u,1222656,100.00,,
     0.636533583,91767,,branch-misses:u,1227648,100.00,,
     0.636533583,0,,cache-misses:u,1227680,100.00,,
     0.636533583,1623389,,bus-cycles:u,1227680,100.00,,
     0.636533583,1834870,,instructions:u,1227648,100.00,,
     0.637761287,92433,,branch-misses:u,1226976,100.00,,
     0.637761287,0,,cache-misses:u,1227008,100.00,,
     0.637761287,1627958,,bus-cycles:u,1227168,100.00,,
     0.637761287,1839754,,instructions:u,1227296,100.00,,
     0.638985086,91733,,branch-misses:u,1223872,100.00,,
     0.638985086,0,,cache-misses:u,1223904,100.00,,
     0.638985086,1624423,,bus-cycles:u,1223936,100.00,,
     0.638985086,1833566,,instructions:u,1223904,100.00,,
     0.640210965,91740,,branch-misses:u,1226176,100.00,,
     0.640210965,0,,cache-misses:u,1226144,100.00,,
     0.640210965,1621265,,bus-cycles:u,1226048,100.00,,
     0.640210965,1830790,,instructions:u,1226048,100.00,,
     0.641437196,91329,,branch-misses:u,1225600,100.00,,
     0.641437196,0,,cache-misses:u,1225696,100.00,,
     0.641437196,1626368,,bus-cycles:u,1225856,100.00,,
     0.641437196,1824510,,instructions:u,1225888,100.00,,
     0.642662404,91106,,branch-misses:u,1224608,100.00,,
     0.642662404,0,,cache-misses:u,1224576,100.00,,
     0.642662404,1624213,,bus-cycles:u,1224576,100.00,,
     0.642662404,1821600,,instructions:u,1224576,100.00,,
     0.643888603,90480,,branch-misses:u,1226912,100.00,,
     0.643888603,0,,cache-misses:u,1226976,100.00,,
     0.643888603,1623146,,bus-cycles:u,1226976,100.00,,
     0.643888603,1811380,,instructions:u,1227008,100.00,,
     0.645114418,91302,,branch-misses:u,1225440,100.00,,
     0.645114418,0,,cache-misses:u,1225376,100.00,,
     0.645114418,1625472,,bus-cycles:u,1225184,100.00,,
     0.645114418,1829110,,instructions:u,1225120,100.00,,
     0.646337257,90223,,branch-misses:u,1222144,100.00,,
     0.646337257,0,,cache-misses:u,1222144,100.00,,
     0.646337257,1621969,,bus-cycles:u,1222240,100.00,,
     0.646337257,1797270,,instructions:u,1222208,100.00,,
     0.647561280,91964,,branch-misses:u,1223968,100.00,,
     0.647561280,0,,cache-misses:u,1224064,100.00,,
     0.647561280,1632611,,bus-cycles:u,1234144,100.00,,
     0.647561280,1853850,,instructions:u,1234912,100.00,,
     0.648800729,92403,,branch-misses:u,1239776,100.00,,
     0.648800729,0,,cache-misses:u,1239744,100.00,,
     0.648800729,1630656,,bus-cycles:u,1229696,100.00,,
     0.648800729,1844650,,instructions:u,1228992,100.00,,
     0.650024368,91330,,branch-misses:u,1223168,100.00,,
     0.650024368,0,,cache-misses:u,1223072,100.00,,
     0.650024368,1622596,,bus-cycles:u,1223040,100.00,,
     0.650024368,1831300,,instructions:u,1223136,100.00,,
     0.651247463,91911,,branch-misses:u,1222816,100.00,,
     0.651247463,0,,cache-misses:u,1222912,100.00,,
     0.651247463,1622498,,bus-cycles:u,1222912,100.00,,
     0.651247463,1837700,,instructions:u,1222848,100.00,,
     0.652486111,89344,,branch-misses:u,1217856,100.00,,
     0.652486111,0,,cache-misses:u,1218464,100.00,,
     0.652486111,1587941,,bus-cycles:u,1218592,100.00,,
     0.652486111,1786710,,instructions:u,1218912,100.00,,
     0.653723032,90703,,branch-misses:u,1235296,100.00,,
     0.653723032,0,,cache-misses:u,1234560,100.00,,
     0.653723032,1638983,,bus-cycles:u,1234432,100.00,,
     0.653723032,1813090,,instructions:u,1234080,100.00,,
     0.654948847,91166,,branch-misses:u,1225536,100.00,,
     0.654948847,0,,cache-misses:u,1225600,100.00,,
     0.654948847,1626720,,bus-cycles:u,1225568,100.00,,
     0.654948847,1827480,,instructions:u,1225600,100.00,,
     0.656175462,91046,,branch-misses:u,1226912,100.00,,
     0.656175462,0,,cache-misses:u,1226976,100.00,,
     0.656175462,1620268,,bus-cycles:u,1227040,100.00,,
     0.656175462,1822490,,instructions:u,1226976,100.00,,
     0.657403038,91359,,branch-misses:u,1226848,100.00,,
     0.657403038,0,,cache-misses:u,1226720,100.00,,
     0.657403038,1627809,,bus-cycles:u,1226688,100.00,,
     0.657403038,1824800,,instructions:u,1226720,100.00,,
     0.658628501,90605,,branch-misses:u,1225408,100.00,,
     0.658628501,0,,cache-misses:u,1225408,100.00,,
     0.658628501,1626323,,bus-cycles:u,1225312,100.00,,
     0.658628501,1811590,,instructions:u,1225216,100.00,,
     0.659855116,91586,,branch-misses:u,1226944,100.00,,
     0.659855116,0,,cache-misses:u,1226944,100.00,,
     0.659855116,1623139,,bus-cycles:u,1227040,100.00,,
     0.659855116,1829280,,instructions:u,1227104,100.00,,
     0.661082180,91881,,branch-misses:u,1226528,100.00,,
     0.661082180,0,,cache-misses:u,1226592,100.00,,
     0.661082180,1628164,,bus-cycles:u,1226688,100.00,,
     0.661082180,1842820,,instructions:u,1226656,100.00,,
     0.662306683,91442,,branch-misses:u,1223776,100.00,,
     0.662306683,0,,cache-misses:u,1223744,100.00,,
     0.662306683,1623946,,bus-cycles:u,1223584,100.00,,
     0.662306683,1822200,,instructions:u,1223552,100.00,,
     0.663529618,91412,,branch-misses:u,1222720,100.00,,
     0.663529618,0,,cache-misses:u,1222688,100.00,,
     0.663529618,1621520,,bus-cycles:u,1222656,100.00,,
     0.663529618,1830528,,instructions:u,1222656,100.00,,
     0.664771915,92748,,branch-misses:u,1243264,100.00,,
     0.664771915,0,,cache-misses:u,1243296,100.00,,
     0.664771915,1644668,,bus-cycles:u,1243360,100.00,,
     0.664771915,1854542,,instructions:u,1243424,100.00,,
     0.665997026,91556,,branch-misses:u,1224544,100.00,,
     0.665997026,0,,cache-misses:u,1224480,100.00,,
     0.665997026,1624221,,bus-cycles:u,1224512,100.00,,
     0.665997026,1830210,,instructions:u,1224480,100.00,,
     0.667221337,91759,,branch-misses:u,1223616,100.00,,
     0.667221337,0,,cache-misses:u,1223552,100.00,,
     0.667221337,1623040,,bus-cycles:u,1223584,100.00,,
     0.667221337,1839010,,instructions:u,1223616,100.00,,
     0.668446864,91488,,branch-misses:u,1226400,100.00,,
     0.668446864,0,,cache-misses:u,1226496,100.00,,
     0.668446864,1620996,,bus-cycles:u,1226336,100.00,,
     0.668446864,1830840,,instructions:u,1226304,100.00,,
     0.669674152,91884,,branch-misses:u,1226656,100.00,,
     0.669674152,0,,cache-misses:u,1226688,100.00,,
     0.669674152,1627052,,bus-cycles:u,1226720,100.00,,
     0.669674152,1833790,,instructions:u,1226656,100.00,,
     0.670898847,91541,,branch-misses:u,1224192,100.00,,
     0.670898847,0,,cache-misses:u,1224096,100.00,,
     0.670898847,1624190,,bus-cycles:u,1224064,100.00,,
     0.670898847,1832270,,instructions:u,1224192,100.00,,
     0.672123318,91587,,branch-misses:u,1225152,100.00,,
     0.672123318,0,,cache-misses:u,1225184,100.00,,
     0.672123318,1620081,,bus-cycles:u,1225184,100.00,,
     0.672123318,1831460,,instructions:u,1225056,100.00,,
     0.673349421,91387,,branch-misses:u,1225760,100.00,,
     0.673349421,0,,cache-misses:u,1225792,100.00,,
     0.673349421,1625864,,bus-cycles:u,1225856,100.00,,
     0.673349421,1824560,,instructions:u,1225856,100.00,,
     0.674609576,94067,,branch-misses:u,1260480,100.00,,
     0.674609576,0,,cache-misses:u,1261120,100.00,,
     0.674609576,1673274,,bus-cycles:u,1261248,100.00,,
     0.674609576,1878890,,instructions:u,1261376,100.00,,
     0.675837056,91643,,branch-misses:u,1227872,100.00,,
     0.675837056,0,,cache-misses:u,1227296,100.00,,
     0.675837056,1622752,,bus-cycles:u,1227328,100.00,,
     0.675837056,1823750,,instructions:u,1227360,100.00,,
     0.677071448,92417,,branch-misses:u,1233408,100.00,,
     0.677071448,0,,cache-misses:u,1233344,100.00,,
     0.677071448,1636747,,bus-cycles:u,1233120,100.00,,
     0.677071448,1843840,,instructions:u,1233088,100.00,,
     0.678297423,91455,,branch-misses:u,1225728,100.00,,
     0.678297423,0,,cache-misses:u,1226112,100.00,,
     0.678297423,1627090,,bus-cycles:u,1226112,100.00,,
     0.678297423,1825286,,instructions:u,1226016,100.00,,
     0.679522534,91827,,branch-misses:u,1224960,100.00,,
     0.679522534,0,,cache-misses:u,1224352,100.00,,
     0.679522534,1625566,,bus-cycles:u,1224384,100.00,,
     0.679522534,1832194,,instructions:u,1224352,100.00,,
     0.680762719,92781,,branch-misses:u,1240448,100.00,,
     0.680762719,0,,cache-misses:u,1240704,100.00,,
     0.680762719,1641538,,bus-cycles:u,1240800,100.00,,
     0.680762719,1846891,,instructions:u,1240832,100.00,,
     0.681988982,91007,,branch-misses:u,1224992,100.00,,
     0.681988982,0,,cache-misses:u,1224928,100.00,,
     0.681988982,1625458,,bus-cycles:u,1224864,100.00,,
     0.681988982,1825629,,instructions:u,1224864,100.00,,
     0.683212493,91728,,branch-misses:u,1223456,100.00,,
     0.683212493,0,,cache-misses:u,1223456,100.00,,
     0.683212493,1623358,,bus-cycles:u,1223392,100.00,,
     0.683212493,1827000,,instructions:u,1223488,100.00,,
     0.684438020,91052,,branch-misses:u,1226464,100.00,,
     0.684438020,0,,cache-misses:u,1226400,100.00,,
     0.684438020,1622790,,bus-cycles:u,1226432,100.00,,
     0.684438020,1820980,,instructions:u,1226336,100.00,,
     0.685665500,91832,,branch-misses:u,1226912,100.00,,
     0.685665500,0,,cache-misses:u,1227232,100.00,,
     0.685665500,1629514,,bus-cycles:u,1227200,100.00,,
     0.685665500,1835790,,instructions:u,1227168,100.00,,
     0.686890739,91546,,branch-misses:u,1224608,100.00,,
     0.686890739,0,,cache-misses:u,1224448,100.00,,
     0.686890739,1625288,,bus-cycles:u,1224480,100.00,,
     0.686890739,1840050,,instructions:u,1224448,100.00,,
     0.688117706,91290,,branch-misses:u,1227904,100.00,,
     0.688117706,0,,cache-misses:u,1227808,100.00,,
     0.688117706,1624723,,bus-cycles:u,1227808,100.00,,
     0.688117706,1825210,,instructions:u,1227936,100.00,,
     0.689344866,91742,,branch-misses:u,1226464,100.00,,
     0.689344866,0,,cache-misses:u,1226496,100.00,,
     0.689344866,1627735,,bus-cycles:u,1226560,100.00,,
     0.689344866,1833300,,instructions:u,1226464,100.00,,
     0.690569113,90973,,branch-misses:u,1223648,100.00,,
     0.690569113,0,,cache-misses:u,1223680,100.00,,
     0.690569113,1623730,,bus-cycles:u,1223648,100.00,,
     0.690569113,1822920,,instructions:u,1223744,100.00,,
     0.691794160,91163,,branch-misses:u,1225920,100.00,,
     0.691794160,0,,cache-misses:u,1225856,100.00,,
     0.691794160,1621516,,bus-cycles:u,1225760,100.00,,
     0.691794160,1821830,,instructions:u,1225696,100.00,,
     0.693021544,91914,,branch-misses:u,1226944,100.00,,
     0.693021544,0,,cache-misses:u,1226912,100.00,,
     0.693021544,1628216,,bus-cycles:u,1226944,100.00,,
     0.693021544,1830160,,instructions:u,1227008,100.00,,
     0.694245599,91594,,branch-misses:u,1223296,100.00,,
     0.694245599,0,,cache-misses:u,1223296,100.00,,
     0.694245599,1623752,,bus-cycles:u,1223360,100.00,,
     0.694245599,1833010,,instructions:u,1223392,100.00,,
     0.695469142,91095,,branch-misses:u,1223520,100.00,,
     0.695469142,0,,cache-misses:u,1223648,100.00,,
     0.695469142,1624578,,bus-cycles:u,1223712,100.00,,
     0.695469142,1822380,,instructions:u,1223744,100.00,,
     0.696726960,93770,,branch-misses:u,1258656,100.00,,
     0.696726960,0,,cache-misses:u,1258688,100.00,,
     0.696726960,1665607,,bus-cycles:u,1258784,100.00,,
     0.696726960,1879480,,instructions:u,1258784,100.00,,
     0.697955464,91439,,branch-misses:u,1227392,100.00,,
     0.697955464,0,,cache-misses:u,1227296,100.00,,
     0.697955464,1628618,,bus-cycles:u,1227136,100.00,,
     0.697955464,1824750,,instructions:u,1227040,100.00,,
     0.699180799,91476,,branch-misses:u,1225600,100.00,,
     0.699180799,0,,cache-misses:u,1225568,100.00,,
     0.699180799,1626852,,bus-cycles:u,1225536,100.00,,
     0.699180799,1827310,,instructions:u,1225504,100.00,,
     0.700408790,91645,,branch-misses:u,1228512,100.00,,
     0.700408790,0,,cache-misses:u,1228480,100.00,,
     0.700408790,1624714,,bus-cycles:u,1228448,100.00,,
     0.700408790,1832740,,instructions:u,1228416,100.00,,
     0.701638190,92151,,branch-misses:u,1228864,100.00,,
     0.701638190,0,,cache-misses:u,1228960,100.00,,
     0.701638190,1630538,,bus-cycles:u,1228960,100.00,,
     0.701638190,1843740,,instructions:u,1228992,100.00,,
     0.702864517,91826,,branch-misses:u,1225536,100.00,,
     0.702864517,0,,cache-misses:u,1225504,100.00,,
     0.702864517,1625325,,bus-cycles:u,1225568,100.00,,
     0.702864517,1834090,,instructions:u,1225568,100.00,,
     0.704092669,91950,,branch-misses:u,1228896,100.00,,
     0.704092669,0,,cache-misses:u,1228896,100.00,,
     0.704092669,1624614,,bus-cycles:u,1228864,100.00,,
     0.704092669,1828150,,instructions:u,1228928,100.00,,
     0.705320788,91433,,branch-misses:u,1227776,100.00,,
     0.705320788,0,,cache-misses:u,1227872,100.00,,
     0.705320788,1628393,,bus-cycles:u,1227904,100.00,,
     0.705320788,1825976,,instructions:u,1227872,100.00,,
     0.706544875,91397,,branch-misses:u,1223264,100.00,,
     0.706544875,0,,cache-misses:u,1223200,100.00,,
     0.706544875,1622352,,bus-cycles:u,1223232,100.00,,
     0.706544875,1832394,,instructions:u,1223200,100.00,,
     0.707767586,91099,,branch-misses:u,1223968,100.00,,
     0.707767586,0,,cache-misses:u,1223904,100.00,,
     0.707767586,1618354,,bus-cycles:u,1223936,100.00,,
     0.707767586,1827750,,instructions:u,1224032,100.00,,
     0.709001306,91775,,branch-misses:u,1232896,100.00,,
     0.709001306,0,,cache-misses:u,1233024,100.00,,
     0.709001306,1636401,,bus-cycles:u,1232992,100.00,,
     0.709001306,1834750,,instructions:u,1232960,100.00,,
     0.710227122,90349,,branch-misses:u,1225728,100.00,,
     0.710227122,0,,cache-misses:u,1225728,100.00,,
     0.710227122,1626087,,bus-cycles:u,1225888,100.00,,
     0.710227122,1807450,,instructions:u,1225920,100.00,,
     0.711453289,91778,,branch-misses:u,1225376,100.00,,
     0.711453289,0,,cache-misses:u,1225344,100.00,,
     0.711453289,1626216,,bus-cycles:u,1225248,100.00,,
     0.711453289,1836948,,instructions:u,1225216,100.00,,
     0.712692674,92490,,branch-misses:u,1240160,100.00,,
     0.712692674,0,,cache-misses:u,1239776,100.00,,
     0.712692674,1640080,,bus-cycles:u,1239616,100.00,,
     0.712692674,1850722,,instructions:u,1239552,100.00,,
     0.713917625,91238,,branch-misses:u,1224448,100.00,,
     0.713917625,0,,cache-misses:u,1224512,100.00,,
     0.713917625,1624148,,bus-cycles:u,1224480,100.00,,
     0.713917625,1818130,,instructions:u,1224480,100.00,,
     0.715143088,91026,,branch-misses:u,1224736,100.00,,
     0.715143088,0,,cache-misses:u,1225088,100.00,,
     0.715143088,1625215,,bus-cycles:u,1225152,100.00,,
     0.715143088,1826870,,instructions:u,1225152,100.00,,
     0.716369270,91073,,branch-misses:u,1226976,100.00,,
     0.716369270,0,,cache-misses:u,1226592,100.00,,
     0.716369270,1621977,,bus-cycles:u,1226560,100.00,,
     0.716369270,1820270,,instructions:u,1226560,100.00,,
     0.717597155,92067,,branch-misses:u,1227456,100.00,,
     0.717597155,0,,cache-misses:u,1227488,100.00,,
     0.717597155,1628075,,bus-cycles:u,1227552,100.00,,
     0.717597155,1836480,,instructions:u,1227552,100.00,,
     0.718822192,91569,,branch-misses:u,1224960,100.00,,
     0.718822192,0,,cache-misses:u,1224960,100.00,,
     0.718822192,1625123,,bus-cycles:u,1224864,100.00,,
     0.718822192,1829890,,instructions:u,1224896,100.00,,
     0.720088322,94240,,branch-misses:u,1266880,100.00,,
     0.720088322,0,,cache-misses:u,1267552,100.00,,
     0.720088322,1677074,,bus-cycles:u,1267680,100.00,,
     0.720088322,1885054,,instructions:u,1267712,100.00,,
     0.721318864,92348,,branch-misses:u,1229600,100.00,,
     0.721318864,0,,cache-misses:u,1229664,100.00,,
     0.721318864,1631825,,bus-cycles:u,1229728,100.00,,
     0.721318864,1842736,,instructions:u,1229728,100.00,,
     0.722544958,91601,,branch-misses:u,1225856,100.00,,
     0.722544958,0,,cache-misses:u,1225472,100.00,,
     0.722544958,1626632,,bus-cycles:u,1225376,100.00,,
     0.722544958,1820674,,instructions:u,1225408,100.00,,
     0.723771051,91598,,branch-misses:u,1226336,100.00,,
     0.723771051,0,,cache-misses:u,1226240,100.00,,
     0.723771051,1622680,,bus-cycles:u,1226432,100.00,,
     0.723771051,1833416,,instructions:u,1226432,100.00,,
     0.724999705,92019,,branch-misses:u,1228096,100.00,,
     0.724999705,0,,cache-misses:u,1228096,100.00,,
     0.724999705,1630100,,bus-cycles:u,1227936,100.00,,
     0.724999705,1839140,,instructions:u,1227808,100.00,,
     0.726225126,92162,,branch-misses:u,1225216,100.00,,
     0.726225126,0,,cache-misses:u,1225216,100.00,,
     0.726225126,1626799,,bus-cycles:u,1225344,100.00,,
     0.726225126,1843450,,instructions:u,1225408,100.00,,
     0.727450419,91746,,branch-misses:u,1225184,100.00,,
     0.727450419,0,,cache-misses:u,1225248,100.00,,
     0.727450419,1626401,,bus-cycles:u,1225120,100.00,,
     0.727450419,1837940,,instructions:u,1225152,100.00,,
     0.728691266,92875,,branch-misses:u,1241248,100.00,,
     0.728691266,0,,cache-misses:u,1241248,100.00,,
     0.728691266,1643045,,bus-cycles:u,1241184,100.00,,
     0.728691266,1851070,,instructions:u,1241152,100.00,,
     0.729917583,91764,,branch-misses:u,1225728,100.00,,
     0.729917583,0,,cache-misses:u,1225792,100.00,,
     0.729917583,1627664,,bus-cycles:u,1225856,100.00,,
     0.729917583,1840430,,instructions:u,1225888,100.00,,
     0.731143453,92138,,branch-misses:u,1225760,100.00,,
     0.731143453,0,,cache-misses:u,1225728,100.00,,
     0.731143453,1627449,,bus-cycles:u,1225664,100.00,,
     0.731143453,1828850,,instructions:u,1225632,100.00,,
     0.732371946,92238,,branch-misses:u,1230944,100.00,,
     0.732371946,0,,cache-misses:u,1231712,100.00,,
     0.732371946,1630394,,bus-cycles:u,1232672,100.00,,
     0.732371946,1841590,,instructions:u,1233184,100.00,,
     0.733613786,93127,,branch-misses:u,1240192,100.00,,
     0.733613786,0,,cache-misses:u,1239264,100.00,,
     0.733613786,1644034,,bus-cycles:u,1238432,100.00,,
     0.733613786,1865610,,instructions:u,1237984,100.00,,
     0.734838535,91836,,branch-misses:u,1223520,100.00,,
     0.734838535,0,,cache-misses:u,1223776,100.00,,
     0.734838535,1624488,,bus-cycles:u,1223776,100.00,,
     0.734838535,1830660,,instructions:u,1223840,100.00,,
     0.736064852,91677,,branch-misses:u,1226656,100.00,,
     0.736064852,0,,cache-misses:u,1226496,100.00,,
     0.736064852,1622781,,bus-cycles:u,1226432,100.00,,
     0.736064852,1832270,,instructions:u,1226400,100.00,,
     0.737293474,92406,,branch-misses:u,1227968,100.00,,
     0.737293474,0,,cache-misses:u,1228096,100.00,,
     0.737293474,1630376,,bus-cycles:u,1228096,100.00,,
     0.737293474,1844550,,instructions:u,1228032,100.00,,
     0.738518255,91936,,branch-misses:u,1224704,100.00,,
     0.738518255,0,,cache-misses:u,1224640,100.00,,
     0.738518255,1624881,,bus-cycles:u,1224608,100.00,,
     0.738518255,1837118,,instructions:u,1224544,100.00,,
     0.739745852,91202,,branch-misses:u,1227712,100.00,,
     0.739745852,0,,cache-misses:u,1227456,100.00,,
     0.739745852,1623722,,bus-cycles:u,1227488,100.00,,
     0.739745852,1821752,,instructions:u,1227616,100.00,,
     0.740972714,91686,,branch-misses:u,1226496,100.00,,
     0.740972714,0,,cache-misses:u,1226496,100.00,,
     0.740972714,1628024,,bus-cycles:u,1226400,100.00,,
     0.740972714,1836620,,instructions:u,1226368,100.00,,
     0.742216601,93390,,branch-misses:u,1244096,100.00,,
     0.742216601,0,,cache-misses:u,1244832,100.00,,
     0.742216601,1652893,,bus-cycles:u,1244992,100.00,,
     0.742216601,1871970,,instructions:u,1245024,100.00,,
     0.743443175,91334,,branch-misses:u,1226016,100.00,,
     0.743443175,0,,cache-misses:u,1225312,100.00,,
     0.743443175,1626113,,bus-cycles:u,1225280,100.00,,
     0.743443175,1820070,,instructions:u,1225216,100.00,,
     0.744684086,92420,,branch-misses:u,1241216,100.00,,
     0.744684086,0,,cache-misses:u,1241120,100.00,,
     0.744684086,1637282,,bus-cycles:u,1241024,100.00,,
     0.744684086,1849330,,instructions:u,1241024,100.00,,
     0.745908515,91887,,branch-misses:u,1223808,100.00,,
     0.745908515,0,,cache-misses:u,1224000,100.00,,
     0.745908515,1624397,,bus-cycles:u,1224128,100.00,,
     0.745908515,1836966,,instructions:u,1224128,100.00,,
     0.747132848,91661,,branch-misses:u,1224192,100.00,,
     0.747132848,0,,cache-misses:u,1224192,100.00,,
     0.747132848,1624985,,bus-cycles:u,1224096,100.00,,
     0.747132848,1828494,,instructions:u,1223936,100.00,,
     0.748360542,91975,,branch-misses:u,1227936,100.00,,
     0.748360542,0,,cache-misses:u,1227712,100.00,,
     0.748360542,1623907,,bus-cycles:u,1227680,100.00,,
     0.748360542,1837450,,instructions:u,1227712,100.00,,
     0.749586411,91656,,branch-misses:u,1225376,100.00,,
     0.749586411,0,,cache-misses:u,1225632,100.00,,
     0.749586411,1626480,,bus-cycles:u,1225568,100.00,,
     0.749586411,1832100,,instructions:u,1225696,100.00,,
     0.750809944,91563,,branch-misses:u,1223328,100.00,,
     0.750809944,0,,cache-misses:u,1223328,100.00,,
     0.750809944,1623626,,bus-cycles:u,1223424,100.00,,
     0.750809944,1828640,,instructions:u,1223424,100.00,,
     0.752034693,91545,,branch-misses:u,1224832,100.00,,
     0.752034693,0,,cache-misses:u,1224832,100.00,,
     0.752034693,1617776,,bus-cycles:u,1224768,100.00,,
     0.752034693,1827660,,instructions:u,1224672,100.00,,
     0.753260082,91808,,branch-misses:u,1224960,100.00,,
     0.753260082,0,,cache-misses:u,1224960,100.00,,
     0.753260082,1625725,,bus-cycles:u,1224960,100.00,,
     0.753260082,1842960,,instructions:u,1224960,100.00,,
     0.754483423,91399,,branch-misses:u,1223264,100.00,,
     0.754483423,0,,cache-misses:u,1223232,100.00,,
     0.754483423,1623214,,bus-cycles:u,1223296,100.00,,
     0.754483423,1826170,,instructions:u,1223264,100.00,,
     0.755708397,90739,,branch-misses:u,1225280,100.00,,
     0.755708397,0,,cache-misses:u,1225184,100.00,,
     0.755708397,1619830,,bus-cycles:u,1225184,100.00,,
     0.755708397,1823000,,instructions:u,1225248,100.00,,
     0.756933626,91595,,branch-misses:u,1224576,100.00,,
     0.756933626,0,,cache-misses:u,1224672,100.00,,
     0.756933626,1625385,,bus-cycles:u,1224640,100.00,,
     0.756933626,1831720,,instructions:u,1224640,100.00,,
     0.758156647,91460,,branch-misses:u,1222976,100.00,,
     0.758156647,0,,cache-misses:u,1222944,100.00,,
     0.758156647,1622543,,bus-cycles:u,1222880,100.00,,
     0.758156647,1825150,,instructions:u,1222880,100.00,,
     0.759379732,91695,,branch-misses:u,1222368,100.00,,
     0.759379732,0,,cache-misses:u,1222368,100.00,,
     0.759379732,1622796,,bus-cycles:u,1222432,100.00,,
     0.759379732,1837390,,instructions:u,1222496,100.00,,
     0.760604097,91709,,branch-misses:u,1225184,100.00,,
     0.760604097,0,,cache-misses:u,1225280,100.00,,
     0.760604097,1621505,,bus-cycles:u,1225312,100.00,,
     0.760604097,1832150,,instructions:u,1225248,100.00,,
     0.761830638,91893,,branch-misses:u,1226048,100.00,,
     0.761830638,0,,cache-misses:u,1226016,100.00,,
     0.761830638,1627898,,bus-cycles:u,1226080,100.00,,
     0.761830638,1837860,,instructions:u,1226048,100.00,,
     0.763055452,91721,,branch-misses:u,1224480,100.00,,
     0.763055452,0,,cache-misses:u,1224480,100.00,,
     0.763055452,1624897,,bus-cycles:u,1224352,100.00,,
     0.763055452,1837880,,instructions:u,1224352,100.00,,
     0.764299339,92643,,branch-misses:u,1244704,100.00,,
     0.764299339,0,,cache-misses:u,1245216,100.00,,
     0.764299339,1647994,,bus-cycles:u,1245408,100.00,,
     0.764299339,1864131,,instructions:u,1245472,100.00,,
     0.765528601,91718,,branch-misses:u,1228256,100.00,,
     0.765528601,0,,cache-misses:u,1227744,100.00,,
     0.765528601,1629690,,bus-cycles:u,1227552,100.00,,
     0.765528601,1836359,,instructions:u,1227488,100.00,,
     0.766753478,91805,,branch-misses:u,1224768,100.00,,
     0.766753478,0,,cache-misses:u,1224800,100.00,,
     0.766753478,1625664,,bus-cycles:u,1224800,100.00,,
     0.766753478,1835380,,instructions:u,1224800,100.00,,
     0.767979507,91786,,branch-misses:u,1226336,100.00,,
     0.767979507,0,,cache-misses:u,1226336,100.00,,
     0.767979507,1622364,,bus-cycles:u,1226400,100.00,,
     0.767979507,1836584,,instructions:u,1226432,100.00,,
     0.769205473,91569,,branch-misses:u,1225408,100.00,,
     0.769205473,0,,cache-misses:u,1225312,100.00,,
     0.769205473,1626418,,bus-cycles:u,1225312,100.00,,
     0.769205473,1836606,,instructions:u,1225280,100.00,,
     0.770427982,91157,,branch-misses:u,1222336,100.00,,
     0.770427982,0,,cache-misses:u,1222528,100.00,,
     0.770427982,1621811,,bus-cycles:u,1222496,100.00,,
     0.770427982,1826540,,instructions:u,1222496,100.00,,
     0.771652251,91814,,branch-misses:u,1224544,100.00,,
     0.771652251,0,,cache-misses:u,1224448,100.00,,
     0.771652251,1619730,,bus-cycles:u,1224448,100.00,,
     0.771652251,1832930,,instructions:u,1224512,100.00,,
     0.772878120,92153,,branch-misses:u,1225216,100.00,,
     0.772878120,0,,cache-misses:u,1225184,100.00,,
     0.772878120,1626200,,bus-cycles:u,1225280,100.00,,
     0.772878120,1843290,,instructions:u,1225216,100.00,,
     0.774101429,91464,,branch-misses:u,1223104,100.00,,
     0.774101429,0,,cache-misses:u,1222848,100.00,,
     0.774101429,1622778,,bus-cycles:u,1222720,100.00,,
     0.774101429,1829030,,instructions:u,1222720,100.00,,
     0.775323618,91404,,branch-misses:u,1221568,100.00,,
     0.775323618,0,,cache-misses:u,1221760,100.00,,
     0.775323618,1621512,,bus-cycles:u,1221856,100.00,,
     0.775323618,1833944,,instructions:u,1221888,100.00,,
     0.776546767,90930,,branch-misses:u,1224064,100.00,,
     0.776546767,0,,cache-misses:u,1224096,100.00,,
     0.776546767,1618533,,bus-cycles:u,1224032,100.00,,
     0.776546767,1822476,,instructions:u,1224000,100.00,,
     0.777772444,91493,,branch-misses:u,1224896,100.00,,
     0.777772444,0,,cache-misses:u,1224640,100.00,,
     0.777772444,1624946,,bus-cycles:u,1224672,100.00,,
     0.777772444,1831990,,instructions:u,1224640,100.00,,
     0.778995913,91471,,branch-misses:u,1223456,100.00,,
     0.778995913,0,,cache-misses:u,1223584,100.00,,
     0.778995913,1623531,,bus-cycles:u,1223584,100.00,,
     0.778995913,1829460,,instructions:u,1223584,100.00,,
     0.780221111,91143,,branch-misses:u,1225536,100.00,,
     0.780221111,0,,cache-misses:u,1225696,100.00,,
     0.780221111,1621319,,bus-cycles:u,1225664,100.00,,
     0.780221111,1824950,,instructions:u,1225632,100.00,,
     0.781446692,91429,,branch-misses:u,1224896,100.00,,
     0.781446692,0,,cache-misses:u,1224640,100.00,,
     0.781446692,1625854,,bus-cycles:u,1224608,100.00,,
     0.781446692,1824480,,instructions:u,1224704,100.00,,
     0.782670097,90583,,branch-misses:u,1223392,100.00,,
     0.782670097,0,,cache-misses:u,1223488,100.00,,
     0.782670097,1623796,,bus-cycles:u,1223552,100.00,,
     0.782670097,1812770,,instructions:u,1223616,100.00,,
     0.783894238,90581,,branch-misses:u,1224416,100.00,,
     0.783894238,0,,cache-misses:u,1224640,100.00,,
     0.783894238,1619896,,bus-cycles:u,1224672,100.00,,
     0.783894238,1809680,,instructions:u,1224640,100.00,,
     0.785119915,91759,,branch-misses:u,1225152,100.00,,
     0.785119915,0,,cache-misses:u,1225088,100.00,,
     0.785119915,1626358,,bus-cycles:u,1225088,100.00,,
     0.785119915,1835290,,instructions:u,1225184,100.00,,
     0.786344056,90641,,branch-misses:u,1224160,100.00,,
     0.786344056,0,,cache-misses:u,1224000,100.00,,
     0.786344056,1623807,,bus-cycles:u,1224000,100.00,,
     0.786344056,1810090,,instructions:u,1223872,100.00,,
     0.787590664,92491,,branch-misses:u,1247040,100.00,,
     0.787590664,0,,cache-misses:u,1247744,100.00,,
     0.787590664,1649774,,bus-cycles:u,1247712,100.00,,
     0.787590664,1849600,,instructions:u,1247680,100.00,,
     0.788820438,92468,,branch-misses:u,1228960,100.00,,
     0.788820438,0,,cache-misses:u,1228288,100.00,,
     0.788820438,1630335,,bus-cycles:u,1228320,100.00,,
     0.788820438,1846750,,instructions:u,1228448,100.00,,
     0.790044483,91117,,branch-misses:u,1223904,100.00,,
     0.790044483,0,,cache-misses:u,1223840,100.00,,
     0.790044483,1623886,,bus-cycles:u,1223840,100.00,,
     0.790044483,1824840,,instructions:u,1223840,100.00,,
     0.791267696,91516,,branch-misses:u,1223136,100.00,,
     0.791267696,0,,cache-misses:u,1223360,100.00,,
     0.791267696,1623653,,bus-cycles:u,1223392,100.00,,
     0.791267696,1829420,,instructions:u,1223392,100.00,,
     0.792494109,91512,,branch-misses:u,1226464,100.00,,
     0.792494109,0,,cache-misses:u,1226432,100.00,,
     0.792494109,1622300,,bus-cycles:u,1226432,100.00,,
     0.792494109,1836950,,instructions:u,1226432,100.00,,
     0.793720139,91710,,branch-misses:u,1225504,100.00,,
     0.793720139,0,,cache-misses:u,1225568,100.00,,
     0.793720139,1626402,,bus-cycles:u,1225568,100.00,,
     0.793720139,1840760,,instructions:u,1225536,100.00,,
     0.794944216,92072,,branch-misses:u,1224096,100.00,,
     0.794944216,0,,cache-misses:u,1224064,100.00,,
     0.794944216,1624692,,bus-cycles:u,1224000,100.00,,
     0.794944216,1837340,,instructions:u,1223968,100.00,,
     0.796167685,91269,,branch-misses:u,1223744,100.00,,
     0.796167685,0,,cache-misses:u,1223744,100.00,,
     0.796167685,1618874,,bus-cycles:u,1223776,100.00,,
     0.796167685,1829670,,instructions:u,1223840,100.00,,
     0.797394002,92267,,branch-misses:u,1225728,100.00,,
     0.797394002,0,,cache-misses:u,1225728,100.00,,
     0.797394002,1627222,,bus-cycles:u,1225728,100.00,,
     0.797394002,1839780,,instructions:u,1225696,100.00,,
     0.798617791,91670,,branch-misses:u,1223584,100.00,,
     0.798617791,0,,cache-misses:u,1223552,100.00,,
     0.798617791,1623516,,bus-cycles:u,1223584,100.00,,
     0.798617791,1831820,,instructions:u,1223584,100.00,,
     0.799843853,91783,,branch-misses:u,1226208,100.00,,
     0.799843853,0,,cache-misses:u,1226176,100.00,,
     0.799843853,1621478,,bus-cycles:u,1226112,100.00,,
     0.799843853,1837290,,instructions:u,1226048,100.00,,
     0.801071386,91691,,branch-misses:u,1227136,100.00,,
     0.801071386,0,,cache-misses:u,1227136,100.00,,
     0.801071386,1628127,,bus-cycles:u,1227136,100.00,,
     0.801071386,1837650,,instructions:u,1227072,100.00,,
     0.802295111,91857,,branch-misses:u,1223584,100.00,,
     0.802295111,0,,cache-misses:u,1223648,100.00,,
     0.802295111,1624064,,bus-cycles:u,1223648,100.00,,
     0.802295111,1829830,,instructions:u,1223680,100.00,,
     0.803518836,91681,,branch-misses:u,1223456,100.00,,
     0.803518836,0,,cache-misses:u,1223200,100.00,,
     0.803518836,1623548,,bus-cycles:u,1223264,100.00,,
     0.803518836,1834530,,instructions:u,1223232,100.00,,
     0.804759203,92678,,branch-misses:u,1240544,100.00,,
     0.804759203,0,,cache-misses:u,1240800,100.00,,
     0.804759203,1640719,,bus-cycles:u,1240768,100.00,,
     0.804759203,1850360,,instructions:u,1240896,100.00,,
     0.805983216,91932,,branch-misses:u,1223616,100.00,,
     0.805983216,0,,cache-misses:u,1223584,100.00,,
     0.805983216,1623082,,bus-cycles:u,1223520,100.00,,
     0.805983216,1840400,,instructions:u,1223424,100.00,,
     0.807206749,91675,,branch-misses:u,1223328,100.00,,
     0.807206749,0,,cache-misses:u,1223104,100.00,,
     0.807206749,1622782,,bus-cycles:u,1223168,100.00,,
     0.807206749,1831510,,instructions:u,1223264,100.00,,
     0.808432267,90850,,branch-misses:u,1225920,100.00,,
     0.808432267,0,,cache-misses:u,1226016,100.00,,
     0.808432267,1613366,,bus-cycles:u,1225984,100.00,,
     0.808432267,1817620,,instructions:u,1225952,100.00,,
     0.809678234,92567,,branch-misses:u,1245632,100.00,,
     0.809678234,0,,cache-misses:u,1246304,100.00,,
     0.809678234,1653557,,bus-cycles:u,1246528,100.00,,
     0.809678234,1857010,,instructions:u,1246592,100.00,,
     0.810906344,91662,,branch-misses:u,1227744,100.00,,
     0.810906344,0,,cache-misses:u,1226976,100.00,,
     0.810906344,1627912,,bus-cycles:u,1226688,100.00,,
     0.810906344,1836320,,instructions:u,1226592,100.00,,
     0.812131509,91370,,branch-misses:u,1225408,100.00,,
     0.812131509,0,,cache-misses:u,1225536,100.00,,
     0.812131509,1621089,,bus-cycles:u,1225600,100.00,,
     0.812131509,1820644,,instructions:u,1225600,100.00,,
     0.813359203,91931,,branch-misses:u,1227040,100.00,,
     0.813359203,0,,cache-misses:u,1226944,100.00,,
     0.813359203,1628271,,bus-cycles:u,1226880,100.00,,
     0.813359203,1829146,,instructions:u,1226816,100.00,,
     0.814584336,91198,,branch-misses:u,1225056,100.00,,
     0.814584336,0,,cache-misses:u,1224928,100.00,,
     0.814584336,1625485,,bus-cycles:u,1224928,100.00,,
     0.814584336,1825870,,instructions:u,1224992,100.00,,
     0.815809725,91157,,branch-misses:u,1225728,100.00,,
     0.815809725,0,,cache-misses:u,1225824,100.00,,
     0.815809725,1620966,,bus-cycles:u,1225824,100.00,,
     0.815809725,1817380,,instructions:u,1225760,100.00,,
     0.817036843,91222,,branch-misses:u,1226560,100.00,,
     0.817036843,0,,cache-misses:u,1226816,100.00,,
     0.817036843,1627922,,bus-cycles:u,1226848,100.00,,
     0.817036843,1825460,,instructions:u,1226848,100.00,,
     0.818261208,91771,,branch-misses:u,1224160,100.00,,
     0.818261208,0,,cache-misses:u,1224064,100.00,,
     0.818261208,1624836,,bus-cycles:u,1224064,100.00,,
     0.818261208,1835980,,instructions:u,1224128,100.00,,
     0.819485861,91654,,branch-misses:u,1224608,100.00,,
     0.819485861,0,,cache-misses:u,1224640,100.00,,
     0.819485861,1625545,,bus-cycles:u,1224768,100.00,,
     0.819485861,1828760,,instructions:u,1224928,100.00,,
     0.820727700,92427,,branch-misses:u,1242080,100.00,,
     0.820727700,0,,cache-misses:u,1242208,100.00,,
     0.820727700,1643018,,bus-cycles:u,1242080,100.00,,
     0.820727700,1845570,,instructions:u,1241952,100.00,,
     0.821954018,91124,,branch-misses:u,1225568,100.00,,
     0.821954018,0,,cache-misses:u,1225440,100.00,,
     0.821954018,1625504,,bus-cycles:u,1225440,100.00,,
     0.821954018,1823510,,instructions:u,1225408,100.00,,
     0.823180303,91976,,branch-misses:u,1226240,100.00,,
     0.823180303,0,,cache-misses:u,1226272,100.00,,
     0.823180303,1627613,,bus-cycles:u,1226272,100.00,,
     0.823180303,1838590,,instructions:u,1226208,100.00,,
     0.824408637,91507,,branch-misses:u,1228704,100.00,,
     0.824408637,0,,cache-misses:u,1228736,100.00,,
     0.824408637,1625017,,bus-cycles:u,1228704,100.00,,
     0.824408637,1829230,,instructions:u,1228736,100.00,,
     0.825637418,92331,,branch-misses:u,1228160,100.00,,
     0.825637418,0,,cache-misses:u,1228064,100.00,,
     0.825637418,1629821,,bus-cycles:u,1228128,100.00,,
     0.825637418,1848020,,instructions:u,1228160,100.00,,
     0.826863288,91624,,branch-misses:u,1225696,100.00,,
     0.826863288,0,,cache-misses:u,1225664,100.00,,
     0.826863288,1627054,,bus-cycles:u,1225600,100.00,,
     0.826863288,1830640,,instructions:u,1225568,100.00,,
     0.828089861,91644,,branch-misses:u,1226784,100.00,,
     0.828089861,0,,cache-misses:u,1226816,100.00,,
     0.828089861,1623524,,bus-cycles:u,1226816,100.00,,
     0.828089861,1827400,,instructions:u,1226784,100.00,,
     0.829317938,92254,,branch-misses:u,1227488,100.00,,
     0.829317938,0,,cache-misses:u,1227552,100.00,,
     0.829317938,1628766,,bus-cycles:u,1227584,100.00,,
     0.829317938,1846720,,instructions:u,1227616,100.00,,
     0.830544288,92012,,branch-misses:u,1226400,100.00,,
     0.830544288,0,,cache-misses:u,1226176,100.00,,
     0.830544288,1627010,,bus-cycles:u,1226304,100.00,,
     0.830544288,1833940,,instructions:u,1226336,100.00,,
     0.831771117,91632,,branch-misses:u,1227008,100.00,,
     0.831771117,0,,cache-misses:u,1227008,100.00,,
     0.831771117,1622032,,bus-cycles:u,1226912,100.00,,
     0.831771117,1823420,,instructions:u,1226944,100.00,,
     0.833015741,93168,,branch-misses:u,1244416,100.00,,
     0.833015741,0,,cache-misses:u,1245312,100.00,,
     0.833015741,1651907,,bus-cycles:u,1245344,100.00,,
     0.833015741,1857040,,instructions:u,1245280,100.00,,
     0.834242250,91835,,branch-misses:u,1226080,100.00,,
     0.834242250,0,,cache-misses:u,1225376,100.00,,
     0.834242250,1624829,,bus-cycles:u,1225376,100.00,,
     0.834242250,1835140,,instructions:u,1225504,100.00,,
     0.835465879,91719,,branch-misses:u,1223456,100.00,,
     0.835465879,0,,cache-misses:u,1223776,100.00,,
     0.835465879,1623318,,bus-cycles:u,1224032,100.00,,
     0.835465879,1838020,,instructions:u,1223904,100.00,,
     0.836717255,93225,,branch-misses:u,1251776,100.00,,
     0.836717255,0,,cache-misses:u,1251520,100.00,,
     0.836717255,1654680,,bus-cycles:u,1251328,100.00,,
     0.836717255,1865600,,instructions:u,1251392,100.00,,
     0.837943605,91544,,branch-misses:u,1225696,100.00,,
     0.837943605,0,,cache-misses:u,1225952,100.00,,
     0.837943605,1626243,,bus-cycles:u,1225792,100.00,,
     0.837943605,1836240,,instructions:u,1225728,100.00,,
     0.839168354,91522,,branch-misses:u,1224512,100.00,,
     0.839168354,0,,cache-misses:u,1224288,100.00,,
     0.839168354,1624595,,bus-cycles:u,1224288,100.00,,
     0.839168354,1831420,,instructions:u,1224352,100.00,,
     0.840396080,91732,,branch-misses:u,1228064,100.00,,
     0.840396080,0,,cache-misses:u,1228384,100.00,,
     0.840396080,1623743,,bus-cycles:u,1228384,100.00,,
     0.840396080,1824580,,instructions:u,1228288,100.00,,
     0.841623869,90944,,branch-misses:u,1227104,100.00,,
     0.841623869,0,,cache-misses:u,1226688,100.00,,
     0.841623869,1627151,,bus-cycles:u,1226720,100.00,,
     0.841623869,1816070,,instructions:u,1226752,100.00,,
     0.842849706,91530,,branch-misses:u,1225792,100.00,,
     0.842849706,0,,cache-misses:u,1225760,100.00,,
     0.842849706,1626443,,bus-cycles:u,1225728,100.00,,
     0.842849706,1829280,,instructions:u,1225728,100.00,,
     0.844077496,91727,,branch-misses:u,1227968,100.00,,
     0.844077496,0,,cache-misses:u,1228128,100.00,,
     0.844077496,1624033,,bus-cycles:u,1228256,100.00,,
     0.844077496,1830990,,instructions:u,1228256,100.00,,
     0.845304998,92252,,branch-misses:u,1226976,100.00,,
     0.845304998,0,,cache-misses:u,1226848,100.00,,
     0.845304998,1626862,,bus-cycles:u,1226976,100.00,,
     0.845304998,1844250,,instructions:u,1227168,100.00,,
     0.846531987,91499,,branch-misses:u,1227168,100.00,,
     0.846531987,0,,cache-misses:u,1227456,100.00,,
     0.846531987,1626488,,bus-cycles:u,1227456,100.00,,
     0.846531987,1837290,,instructions:u,1227520,100.00,,
     0.847759969,91805,,branch-misses:u,1228192,100.00,,
     0.847759969,0,,cache-misses:u,1228160,100.00,,
     0.847759969,1620753,,bus-cycles:u,1228128,100.00,,
     0.847759969,1834540,,instructions:u,1228128,100.00,,
     0.848988398,92263,,branch-misses:u,1227872,100.00,,
     0.848988398,0,,cache-misses:u,1228288,100.00,,
     0.848988398,1627950,,bus-cycles:u,1228192,100.00,,
     0.848988398,1839660,,instructions:u,1228224,100.00,,
     0.850215132,91748,,branch-misses:u,1226592,100.00,,
     0.850215132,0,,cache-misses:u,1226464,100.00,,
     0.850215132,1625290,,bus-cycles:u,1226528,100.00,,
     0.850215132,1835920,,instructions:u,1226496,100.00,,
     0.851441001,91849,,branch-misses:u,1225728,100.00,,
     0.851441001,0,,cache-misses:u,1225440,100.00,,
     0.851441001,1625036,,bus-cycles:u,1225632,100.00,,
     0.851441001,1846830,,instructions:u,1225696,100.00,,
     0.852682680,92203,,branch-misses:u,1242080,100.00,,
     0.852682680,0,,cache-misses:u,1242112,100.00,,
     0.852682680,1640875,,bus-cycles:u,1242112,100.00,,
     0.852682680,1845200,,instructions:u,1242112,100.00,,
     0.853910182,91911,,branch-misses:u,1226816,100.00,,
     0.853910182,0,,cache-misses:u,1226720,100.00,,
     0.853910182,1625816,,bus-cycles:u,1226656,100.00,,
     0.853910182,1827492,,instructions:u,1226624,100.00,,
     0.855154805,92684,,branch-misses:u,1244992,100.00,,
     0.855154805,0,,cache-misses:u,1245440,100.00,,
     0.855154805,1651365,,bus-cycles:u,1245568,100.00,,
     0.855154805,1851748,,instructions:u,1245600,100.00,,
     0.856383843,91357,,branch-misses:u,1228896,100.00,,
     0.856383843,0,,cache-misses:u,1228480,100.00,,
     0.856383843,1623002,,bus-cycles:u,1228224,100.00,,
     0.856383843,1822500,,instructions:u,1228160,100.00,,
     0.857612272,91536,,branch-misses:u,1227872,100.00,,
     0.857612272,0,,cache-misses:u,1227968,100.00,,
     0.857612272,1628081,,bus-cycles:u,1228000,100.00,,
     0.857612272,1832050,,instructions:u,1228000,100.00,,
     0.858838878,92088,,branch-misses:u,1226400,100.00,,
     0.858838878,0,,cache-misses:u,1226336,100.00,,
     0.858838878,1626074,,bus-cycles:u,1226336,100.00,,
     0.858838878,1844210,,instructions:u,1226272,100.00,,
     0.860069100,91241,,branch-misses:u,1230432,100.00,,
     0.860069100,0,,cache-misses:u,1230464,100.00,,
     0.860069100,1625118,,bus-cycles:u,1230496,100.00,,
     0.860069100,1825570,,instructions:u,1230592,100.00,,
     0.861298489,91711,,branch-misses:u,1228832,100.00,,
     0.861298489,0,,cache-misses:u,1228544,100.00,,
     0.861298489,1628555,,bus-cycles:u,1228512,100.00,,
     0.861298489,1839010,,instructions:u,1228512,100.00,,
     0.862525031,92214,,branch-misses:u,1226560,100.00,,
     0.862525031,0,,cache-misses:u,1226592,100.00,,
     0.862525031,1626813,,bus-cycles:u,1226624,100.00,,
     0.862525031,1840110,,instructions:u,1226528,100.00,,
     0.863751956,91535,,branch-misses:u,1227040,100.00,,
     0.863751956,0,,cache-misses:u,1227072,100.00,,
     0.863751956,1622195,,bus-cycles:u,1227008,100.00,,
     0.863751956,1831460,,instructions:u,1227040,100.00,,
     0.864981090,92318,,branch-misses:u,1228576,100.00,,
     0.864981090,0,,cache-misses:u,1228736,100.00,,
     0.864981090,1629270,,bus-cycles:u,1228800,100.00,,
     0.864981090,1845740,,instructions:u,1228768,100.00,,
     0.866206703,91861,,branch-misses:u,1224960,100.00,,
     0.866206703,0,,cache-misses:u,1225024,100.00,,
     0.866206703,1624514,,bus-cycles:u,1225088,100.00,,
     0.866206703,1831340,,instructions:u,1225280,100.00,,
     0.867433084,92193,,branch-misses:u,1226848,100.00,,
     0.867433084,0,,cache-misses:u,1227008,100.00,,
     0.867433084,1627882,,bus-cycles:u,1226976,100.00,,
     0.867433084,1842772,,instructions:u,1226880,100.00,,
     0.868674540,92259,,branch-misses:u,1241696,100.00,,
     0.868674540,0,,cache-misses:u,1241504,100.00,,
     0.868674540,1638321,,bus-cycles:u,1241440,100.00,,
     0.868674540,1841118,,instructions:u,1241376,100.00,,
     0.869901465,91780,,branch-misses:u,1226240,100.00,,
     0.869901465,0,,cache-misses:u,1226368,100.00,,
     0.869901465,1626216,,bus-cycles:u,1226464,100.00,,
     0.869901465,1838490,,instructions:u,1226624,100.00,,
     0.871126854,91460,,branch-misses:u,1225408,100.00,,
     0.871126854,0,,cache-misses:u,1225184,100.00,,
     0.871126854,1624329,,bus-cycles:u,1225120,100.00,,
     0.871126854,1817860,,instructions:u,1224992,100.00,,
     0.872353716,91227,,branch-misses:u,1227008,100.00,,
     0.872353716,0,,cache-misses:u,1226912,100.00,,
     0.872353716,1620405,,bus-cycles:u,1226912,100.00,,
     0.872353716,1829550,,instructions:u,1226912,100.00,,
     0.873580289,91277,,branch-misses:u,1225984,100.00,,
     0.873580289,0,,cache-misses:u,1226080,100.00,,
     0.873580289,1624870,,bus-cycles:u,1226016,100.00,,
     0.873580289,1820710,,instructions:u,1226016,100.00,,
     0.874806158,91973,,branch-misses:u,1225856,100.00,,
     0.874806158,0,,cache-misses:u,1225856,100.00,,
     0.874806158,1626182,,bus-cycles:u,1226048,100.00,,
     0.874806158,1833410,,instructions:u,1226080,100.00,,
     0.876033724,90595,,branch-misses:u,1227840,100.00,,
     0.876033724,0,,cache-misses:u,1228032,100.00,,
     0.876033724,1612937,,bus-cycles:u,1227904,100.00,,
     0.876033724,1810000,,instructions:u,1227872,100.00,,
     0.877280556,93177,,branch-misses:u,1246592,100.00,,
     0.877280556,0,,cache-misses:u,1246560,100.00,,
     0.877280556,1653183,,bus-cycles:u,1246624,100.00,,
     0.877280556,1861520,,instructions:u,1246688,100.00,,
     0.878509145,92039,,branch-misses:u,1228224,100.00,,
     0.878509145,0,,cache-misses:u,1228064,100.00,,
     0.878509145,1628013,,bus-cycles:u,1227840,100.00,,
     0.878509145,1837770,,instructions:u,1227744,100.00,,
     0.879735815,90846,,branch-misses:u,1226816,100.00,,
     0.879735815,0,,cache-misses:u,1226816,100.00,,
     0.879735815,1617932,,bus-cycles:u,1226944,100.00,,
     0.879735815,1814590,,instructions:u,1226944,100.00,,
     0.880963380,91234,,branch-misses:u,1226880,100.00,,
     0.880963380,0,,cache-misses:u,1226912,100.00,,
     0.880963380,1627420,,bus-cycles:u,1226912,100.00,,
     0.880963380,1828360,,instructions:u,1226848,100.00,,
     0.882188738,91804,,branch-misses:u,1225376,100.00,,
     0.882188738,0,,cache-misses:u,1225376,100.00,,
     0.882188738,1625020,,bus-cycles:u,1225344,100.00,,
     0.882188738,1836700,,instructions:u,1225440,100.00,,
     0.883414351,91305,,branch-misses:u,1225408,100.00,,
     0.883414351,0,,cache-misses:u,1225440,100.00,,
     0.883414351,1624907,,bus-cycles:u,1225568,100.00,,
     0.883414351,1826122,,instructions:u,1225600,100.00,,
     0.884652830,92493,,branch-misses:u,1238944,100.00,,
     0.884652830,0,,cache-misses:u,1238720,100.00,,
     0.884652830,1637016,,bus-cycles:u,1238624,100.00,,
     0.884652830,1849118,,instructions:u,1238592,100.00,,
     0.885881707,91822,,branch-misses:u,1228160,100.00,,
     0.885881707,0,,cache-misses:u,1228192,100.00,,
     0.885881707,1628427,,bus-cycles:u,1228224,100.00,,
     0.885881707,1832050,,instructions:u,1228192,100.00,,
     0.887107577,91593,,branch-misses:u,1225728,100.00,,
     0.887107577,0,,cache-misses:u,1225888,100.00,,
     0.887107577,1625235,,bus-cycles:u,1225888,100.00,,
     0.887107577,1831560,,instructions:u,1225888,100.00,,
     0.888336742,91344,,branch-misses:u,1229408,100.00,,
     0.888336742,0,,cache-misses:u,1229408,100.00,,
     0.888336742,1625178,,bus-cycles:u,1229376,100.00,,
     0.888336742,1830990,,instructions:u,1229408,100.00,,
     0.889564980,91722,,branch-misses:u,1227840,100.00,,
     0.889564980,0,,cache-misses:u,1227840,100.00,,
     0.889564980,1627875,,bus-cycles:u,1227872,100.00,,
     0.889564980,1833760,,instructions:u,1227840,100.00,,
     0.890790849,91299,,branch-misses:u,1225632,100.00,,
     0.890790849,0,,cache-misses:u,1225664,100.00,,
     0.890790849,1625138,,bus-cycles:u,1225664,100.00,,
     0.890790849,1821700,,instructions:u,1225728,100.00,,
     0.892016622,91049,,branch-misses:u,1226048,100.00,,
     0.892016622,0,,cache-misses:u,1225888,100.00,,
     0.892016622,1619848,,bus-cycles:u,1225888,100.00,,
     0.892016622,1818330,,instructions:u,1225888,100.00,,
     0.893244700,91260,,branch-misses:u,1227424,100.00,,
     0.893244700,0,,cache-misses:u,1227552,100.00,,
     0.893244700,1627089,,bus-cycles:u,1227680,100.00,,
     0.893244700,1826620,,instructions:u,1227648,100.00,,
     0.894470185,90730,,branch-misses:u,1225440,100.00,,
     0.894470185,0,,cache-misses:u,1225344,100.00,,
     0.894470185,1624716,,bus-cycles:u,1225184,100.00,,
     0.894470185,1814690,,instructions:u,1225120,100.00,,
     0.895697527,91071,,branch-misses:u,1227648,100.00,,
     0.895697527,0,,cache-misses:u,1227552,100.00,,
     0.895697527,1621995,,bus-cycles:u,1227552,100.00,,
     0.895697527,1820100,,instructions:u,1227584,100.00,,
     0.896925540,92070,,branch-misses:u,1227424,100.00,,
     0.896925540,0,,cache-misses:u,1227712,100.00,,
     0.896925540,1628287,,bus-cycles:u,1227840,100.00,,
     0.896925540,1842330,,instructions:u,1228032,100.00,,
     0.898151794,91622,,branch-misses:u,1226080,100.00,,
     0.898151794,0,,cache-misses:u,1226048,100.00,,
     0.898151794,1626022,,bus-cycles:u,1226016,100.00,,
     0.898151794,1832120,,instructions:u,1225856,100.00,,
     0.899377983,91916,,branch-misses:u,1226176,100.00,,
     0.899377983,0,,cache-misses:u,1226208,100.00,,
     0.899377983,1626516,,bus-cycles:u,1226208,100.00,,
     0.899377983,1841930,,instructions:u,1226176,100.00,,
     0.900623535,93249,,branch-misses:u,1246080,100.00,,
     0.900623535,0,,cache-misses:u,1246080,100.00,,
     0.900623535,1647961,,bus-cycles:u,1246112,100.00,,
     0.900623535,1860910,,instructions:u,1246208,100.00,,
     0.901853981,92177,,branch-misses:u,1229536,100.00,,
     0.901853981,0,,cache-misses:u,1229440,100.00,,
     0.901853981,1630719,,bus-cycles:u,1229344,100.00,,
     0.901853981,1839090,,instructions:u,1229312,100.00,,
     0.903080298,91890,,branch-misses:u,1225952,100.00,,
     0.903080298,0,,cache-misses:u,1225984,100.00,,
     0.903080298,1625449,,bus-cycles:u,1226016,100.00,,
     0.903080298,1832020,,instructions:u,1225920,100.00,,
     0.904308760,92031,,branch-misses:u,1228928,100.00,,
     0.904308760,0,,cache-misses:u,1228864,100.00,,
     0.904308760,1623645,,bus-cycles:u,1228832,100.00,,
     0.904308760,1835932,,instructions:u,1228896,100.00,,
     0.905536613,91591,,branch-misses:u,1227168,100.00,,
     0.905536613,0,,cache-misses:u,1227232,100.00,,
     0.905536613,1626787,,bus-cycles:u,1227200,100.00,,
     0.905536613,1837348,,instructions:u,1227136,100.00,,
     0.906763507,91941,,branch-misses:u,1226848,100.00,,
     0.906763507,0,,cache-misses:u,1226912,100.00,,
     0.906763507,1627129,,bus-cycles:u,1227040,100.00,,
     0.906763507,1834720,,instructions:u,1227168,100.00,,
     0.907991104,91508,,branch-misses:u,1228032,100.00,,
     0.907991104,0,,cache-misses:u,1228064,100.00,,
     0.907991104,1622274,,bus-cycles:u,1227936,100.00,,
     0.907991104,1834020,,instructions:u,1227808,100.00,,
     0.909220078,91967,,branch-misses:u,1228224,100.00,,
     0.909220078,0,,cache-misses:u,1228064,100.00,,
     0.909220078,1628842,,bus-cycles:u,1228032,100.00,,
     0.909220078,1841760,,instructions:u,1228064,100.00,,
     0.910446011,91524,,branch-misses:u,1225792,100.00,,
     0.910446011,0,,cache-misses:u,1225856,100.00,,
     0.910446011,1624690,,bus-cycles:u,1225920,100.00,,
     0.910446011,1832620,,instructions:u,1226016,100.00,,
     0.911673257,90768,,branch-misses:u,1227584,100.00,,
     0.911673257,0,,cache-misses:u,1227616,100.00,,
     0.911673257,1621304,,bus-cycles:u,1227616,100.00,,
     0.911673257,1813140,,instructions:u,1227648,100.00,,
     0.912902582,91763,,branch-misses:u,1228672,100.00,,
     0.912902582,0,,cache-misses:u,1228608,100.00,,
     0.912902582,1629183,,bus-cycles:u,1228544,100.00,,
     0.912902582,1837690,,instructions:u,1228384,100.00,,
     0.914127491,90875,,branch-misses:u,1224768,100.00,,
     0.914127491,0,,cache-misses:u,1224864,100.00,,
     0.914127491,1624453,,bus-cycles:u,1224928,100.00,,
     0.914127491,1814200,,instructions:u,1224960,100.00,,
     0.915353585,92116,,branch-misses:u,1226144,100.00,,
     0.915353585,0,,cache-misses:u,1226112,100.00,,
     0.915353585,1626789,,bus-cycles:u,1226112,100.00,,
     0.915353585,1841700,,instructions:u,1226112,100.00,,
     0.916580190,91314,,branch-misses:u,1226752,100.00,,
     0.916580190,0,,cache-misses:u,1226784,100.00,,
     0.916580190,1621263,,bus-cycles:u,1226752,100.00,,
     0.916580190,1832060,,instructions:u,1226784,100.00,,
     0.917807884,91315,,branch-misses:u,1227040,100.00,,
     0.917807884,0,,cache-misses:u,1226976,100.00,,
     0.917807884,1627579,,bus-cycles:u,1227072,100.00,,
     0.917807884,1825090,,instructions:u,1227040,100.00,,
     0.919033337,91264,,branch-misses:u,1225504,100.00,,
     0.919033337,0,,cache-misses:u,1226080,100.00,,
     0.919033337,1626686,,bus-cycles:u,1226080,100.00,,
     0.919033337,1829840,,instructions:u,1226112,100.00,,
     0.920261735,91644,,branch-misses:u,1228608,100.00,,
     0.920261735,0,,cache-misses:u,1228032,100.00,,
     0.920261735,1623575,,bus-cycles:u,1227936,100.00,,
     0.920261735,1826380,,instructions:u,1227840,100.00,,
     0.921490036,91474,,branch-misses:u,1227840,100.00,,
     0.921490036,0,,cache-misses:u,1227808,100.00,,
     0.921490036,1628694,,bus-cycles:u,1227872,100.00,,
     0.921490036,1822790,,instructions:u,1227968,100.00,,
     0.922732003,92312,,branch-misses:u,1242240,100.00,,
     0.922732003,0,,cache-misses:u,1242784,100.00,,
     0.922732003,1648231,,bus-cycles:u,1242752,100.00,,
     0.922732003,1851730,,instructions:u,1242752,100.00,,
     0.923961905,91178,,branch-misses:u,1229632,100.00,,
     0.923961905,0,,cache-misses:u,1229056,100.00,,
     0.923961905,1624875,,bus-cycles:u,1228992,100.00,,
     0.923961905,1821840,,instructions:u,1228928,100.00,,
     0.925189663,91829,,branch-misses:u,1227328,100.00,,
     0.925189663,0,,cache-misses:u,1227584,100.00,,
     0.925189663,1627451,,bus-cycles:u,1227520,100.00,,
     0.925189663,1834930,,instructions:u,1227488,100.00,,
     0.926416524,91794,,branch-misses:u,1226656,100.00,,
     0.926416524,0,,cache-misses:u,1226304,100.00,,
     0.926416524,1626066,,bus-cycles:u,1226336,100.00,,
     0.926416524,1833150,,instructions:u,1226368,100.00,,
     0.927642970,90582,,branch-misses:u,1226496,100.00,,
     0.927642970,0,,cache-misses:u,1226496,100.00,,
     0.927642970,1621519,,bus-cycles:u,1226400,100.00,,
     0.927642970,1806290,,instructions:u,1226336,100.00,,
     0.928872487,91321,,branch-misses:u,1229120,100.00,,
     0.928872487,0,,cache-misses:u,1229152,100.00,,
     0.928872487,1629782,,bus-cycles:u,1229312,100.00,,
     0.928872487,1832060,,instructions:u,1229376,100.00,,
     0.930098261,91430,,branch-misses:u,1225600,100.00,,
     0.930098261,0,,cache-misses:u,1225600,100.00,,
     0.930098261,1626350,,bus-cycles:u,1225632,100.00,,
     0.930098261,1826390,,instructions:u,1225600,100.00,,
     0.931323842,91392,,branch-misses:u,1225440,100.00,,
     0.931323842,0,,cache-misses:u,1225472,100.00,,
     0.931323842,1625173,,bus-cycles:u,1225472,100.00,,
     0.931323842,1825320,,instructions:u,1225440,100.00,,
     0.932550191,90844,,branch-misses:u,1226784,100.00,,
     0.932550191,0,,cache-misses:u,1226784,100.00,,
     0.932550191,1621544,,bus-cycles:u,1226688,100.00,,
     0.932550191,1817030,,instructions:u,1226720,100.00,,
     0.933778557,91241,,branch-misses:u,1227776,100.00,,
     0.933778557,0,,cache-misses:u,1227744,100.00,,
     0.933778557,1627814,,bus-cycles:u,1227840,100.00,,
     0.933778557,1826630,,instructions:u,1227840,100.00,,
     0.935004394,91532,,branch-misses:u,1225632,100.00,,
     0.935004394,0,,cache-misses:u,1225696,100.00,,
     0.935004394,1624242,,bus-cycles:u,1225696,100.00,,
     0.935004394,1828550,,instructions:u,1225760,100.00,,
     0.936230712,91377,,branch-misses:u,1226656,100.00,,
     0.936230712,0,,cache-misses:u,1226720,100.00,,
     0.936230712,1620861,,bus-cycles:u,1226624,100.00,,
     0.936230712,1825336,,instructions:u,1226560,100.00,,
     0.937458405,91776,,branch-misses:u,1227072,100.00,,
     0.937458405,0,,cache-misses:u,1226880,100.00,,
     0.937458405,1626758,,bus-cycles:u,1226944,100.00,,
     0.937458405,1835244,,instructions:u,1226976,100.00,,
     0.938684082,91197,,branch-misses:u,1225568,100.00,,
     0.938684082,0,,cache-misses:u,1225504,100.00,,
     0.938684082,1625208,,bus-cycles:u,1225504,100.00,,
     0.938684082,1828641,,instructions:u,1225568,100.00,,
     0.939911392,90885,,branch-misses:u,1227584,100.00,,
     0.939911392,0,,cache-misses:u,1227424,100.00,,
     0.939911392,1621470,,bus-cycles:u,1227392,100.00,,
     0.939911392,1807469,,instructions:u,1227264,100.00,,
     0.941138605,91241,,branch-misses:u,1226624,100.00,,
     0.941138605,0,,cache-misses:u,1226752,100.00,,
     0.941138605,1626542,,bus-cycles:u,1226816,100.00,,
     0.941138605,1823700,,instructions:u,1226944,100.00,,
     0.942363803,91311,,branch-misses:u,1225024,100.00,,
     0.942363803,0,,cache-misses:u,1225376,100.00,,
     0.942363803,1623715,,bus-cycles:u,1225248,100.00,,
     0.942363803,1823590,,instructions:u,1225152,100.00,,
     0.943594280,91652,,branch-misses:u,1230656,100.00,,
     0.943594280,0,,cache-misses:u,1230528,100.00,,
     0.943594280,1625581,,bus-cycles:u,1230528,100.00,,
     0.943594280,1828596,,instructions:u,1230528,100.00,,
     0.944837240,93061,,branch-misses:u,1242880,100.00,,
     0.944837240,0,,cache-misses:u,1242880,100.00,,
     0.944837240,1649401,,bus-cycles:u,1243008,100.00,,
     0.944837240,1851174,,instructions:u,1243008,100.00,,
     0.946065157,91507,,branch-misses:u,1227456,100.00,,
     0.946065157,0,,cache-misses:u,1227488,100.00,,
     0.946065157,1627510,,bus-cycles:u,1227456,100.00,,
     0.946065157,1821060,,instructions:u,1227424,100.00,,
     0.947289746,91258,,branch-misses:u,1224256,100.00,,
     0.947289746,0,,cache-misses:u,1224192,100.00,,
     0.947289746,1624048,,bus-cycles:u,1224096,100.00,,
     0.947289746,1820240,,instructions:u,1224192,100.00,,
     0.948517792,91170,,branch-misses:u,1228448,100.00,,
     0.948517792,0,,cache-misses:u,1228608,100.00,,
     0.948517792,1623507,,bus-cycles:u,1229184,100.00,,
     0.948517792,1818890,,instructions:u,1229280,100.00,,
     0.949746702,91305,,branch-misses:u,1228512,100.00,,
     0.949746702,0,,cache-misses:u,1228672,100.00,,
     0.949746702,1628225,,bus-cycles:u,1228288,100.00,,
     0.949746702,1827490,,instructions:u,1228320,100.00,,
     0.950973115,91281,,branch-misses:u,1226240,100.00,,
     0.950973115,0,,cache-misses:u,1226144,100.00,,
     0.950973115,1625876,,bus-cycles:u,1226176,100.00,,
     0.950973115,1821340,,instructions:u,1226176,100.00,,
     0.952201641,91438,,branch-misses:u,1228896,100.00,,
     0.952201641,0,,cache-misses:u,1228608,100.00,,
     0.952201641,1623567,,bus-cycles:u,1228640,100.00,,
     0.952201641,1823700,,instructions:u,1228608,100.00,,
     0.953429270,91915,,branch-misses:u,1226944,100.00,,
     0.953429270,0,,cache-misses:u,1227328,100.00,,
     0.953429270,1627326,,bus-cycles:u,1227200,100.00,,
     0.953429270,1838450,,instructions:u,1227104,100.00,,
     0.954655364,91071,,branch-misses:u,1226016,100.00,,
     0.954655364,0,,cache-misses:u,1225696,100.00,,
     0.954655364,1624818,,bus-cycles:u,1225856,100.00,,
     0.954655364,1823050,,instructions:u,1225952,100.00,,
     0.955883281,90814,,branch-misses:u,1228128,100.00,,
     0.955883281,0,,cache-misses:u,1228320,100.00,,
     0.955883281,1622793,,bus-cycles:u,1228160,100.00,,
     0.955883281,1810530,,instructions:u,1228160,100.00,,
     0.957111999,91346,,branch-misses:u,1228288,100.00,,
     0.957111999,0,,cache-misses:u,1228032,100.00,,
     0.957111999,1628673,,bus-cycles:u,1228128,100.00,,
     0.957111999,1827580,,instructions:u,1228096,100.00,,
     0.958338316,91355,,branch-misses:u,1226048,100.00,,
     0.958338316,0,,cache-misses:u,1226400,100.00,,
     0.958338316,1626988,,bus-cycles:u,1226400,100.00,,
     0.958338316,1824450,,instructions:u,1226464,100.00,,
     0.959564442,91855,,branch-misses:u,1225984,100.00,,
     0.959564442,0,,cache-misses:u,1225952,100.00,,
     0.959564442,1631247,,bus-cycles:u,1234368,100.00,,
     0.959564442,1832234,,instructions:u,1234432,100.00,,
     0.960803944,92364,,branch-misses:u,1239424,100.00,,
     0.960803944,0,,cache-misses:u,1239456,100.00,,
     0.960803944,1633204,,bus-cycles:u,1230816,100.00,,
     0.960803944,1838256,,instructions:u,1230560,100.00,,
     0.962030550,90507,,branch-misses:u,1226176,100.00,,
     0.962030550,0,,cache-misses:u,1225824,100.00,,
     0.962030550,1626997,,bus-cycles:u,1225792,100.00,,
     0.962030550,1808250,,instructions:u,1225728,100.00,,
     0.963255939,91236,,branch-misses:u,1225312,100.00,,
     0.963255939,0,,cache-misses:u,1225376,100.00,,
     0.963255939,1625730,,bus-cycles:u,1225440,100.00,,
     0.963255939,1827710,,instructions:u,1225760,100.00,,
     0.964484593,91348,,branch-misses:u,1228832,100.00,,
     0.964484593,0,,cache-misses:u,1229152,100.00,,
     0.964484593,1625617,,bus-cycles:u,1229056,100.00,,
     0.964484593,1830610,,instructions:u,1228832,100.00,,
     0.965713374,92192,,branch-misses:u,1228256,100.00,,
     0.965713374,0,,cache-misses:u,1227712,100.00,,
     0.965713374,1629020,,bus-cycles:u,1227712,100.00,,
     0.965713374,1848064,,instructions:u,1227648,100.00,,
     0.966939436,91876,,branch-misses:u,1226016,100.00,,
     0.966939436,0,,cache-misses:u,1226400,100.00,,
     0.966939436,1628113,,bus-cycles:u,1226432,100.00,,
     0.966939436,1841716,,instructions:u,1226400,100.00,,
     0.968184955,92398,,branch-misses:u,1245824,100.00,,
     0.968184955,0,,cache-misses:u,1245984,100.00,,
     0.968184955,1649454,,bus-cycles:u,1245984,100.00,,
     0.968184955,1852110,,instructions:u,1245984,100.00,,
     0.969415433,92065,,branch-misses:u,1229920,100.00,,
     0.969415433,0,,cache-misses:u,1229248,100.00,,
     0.969415433,1631048,,bus-cycles:u,1229280,100.00,,
     0.969415433,1834020,,instructions:u,1229312,100.00,,
     0.970641623,91411,,branch-misses:u,1226016,100.00,,
     0.970641623,0,,cache-misses:u,1226336,100.00,,
     0.970641623,1627607,,bus-cycles:u,1226304,100.00,,
     0.970641623,1827082,,instructions:u,1226272,100.00,,
     0.971869540,91458,,branch-misses:u,1227872,100.00,,
     0.971869540,0,,cache-misses:u,1227616,100.00,,
     0.971869540,1623787,,bus-cycles:u,1227584,100.00,,
     0.971869540,1826588,,instructions:u,1227552,100.00,,
     0.973098290,91815,,branch-misses:u,1228448,100.00,,
     0.973098290,0,,cache-misses:u,1228992,100.00,,
     0.973098290,1630656,,bus-cycles:u,1229152,100.00,,
     0.973098290,1836820,,instructions:u,1229152,100.00,,
     0.974324639,91402,,branch-misses:u,1226336,100.00,,
     0.974324639,0,,cache-misses:u,1225952,100.00,,
     0.974324639,1626813,,bus-cycles:u,1225792,100.00,,
     0.974324639,1822282,,instructions:u,1225824,100.00,,
     0.975551309,90058,,branch-misses:u,1226400,100.00,,
     0.975551309,0,,cache-misses:u,1226528,100.00,,
     0.975551309,1626975,,bus-cycles:u,1226528,100.00,,
     0.975551309,1801410,,instructions:u,1226528,100.00,,
     0.976792604,92633,,branch-misses:u,1241472,100.00,,
     0.976792604,0,,cache-misses:u,1241440,100.00,,
     0.976792604,1641637,,bus-cycles:u,1241472,100.00,,
     0.976792604,1842968,,instructions:u,1241504,100.00,,
     0.978020201,91582,,branch-misses:u,1227232,100.00,,
     0.978020201,0,,cache-misses:u,1227456,100.00,,
     0.978020201,1628547,,bus-cycles:u,1227520,100.00,,
     0.978020201,1837190,,instructions:u,1227552,100.00,,
     0.979245942,91152,,branch-misses:u,1225568,100.00,,
     0.979245942,0,,cache-misses:u,1225216,100.00,,
     0.979245942,1625027,,bus-cycles:u,1225248,100.00,,
     0.979245942,1822894,,instructions:u,1225248,100.00,,
     0.980473988,91290,,branch-misses:u,1228352,100.00,,
     0.980473988,0,,cache-misses:u,1228896,100.00,,
     0.980473988,1624649,,bus-cycles:u,1228960,100.00,,
     0.980473988,1828426,,instructions:u,1228928,100.00,,
     0.981702290,91788,,branch-misses:u,1227712,100.00,,
     0.981702290,0,,cache-misses:u,1227392,100.00,,
     0.981702290,1628661,,bus-cycles:u,1227264,100.00,,
     0.981702290,1827650,,instructions:u,1227328,100.00,,
     0.982928447,91936,,branch-misses:u,1226048,100.00,,
     0.982928447,0,,cache-misses:u,1226304,100.00,,
     0.982928447,1627055,,bus-cycles:u,1226304,100.00,,
     0.982928447,1843144,,instructions:u,1226208,100.00,,
     0.984157645,91328,,branch-misses:u,1229248,100.00,,
     0.984157645,0,,cache-misses:u,1228992,100.00,,
     0.984157645,1624745,,bus-cycles:u,1228928,100.00,,
     0.984157645,1826406,,instructions:u,1228896,100.00,,
     0.985385690,91387,,branch-misses:u,1227648,100.00,,
     0.985385690,0,,cache-misses:u,1227840,100.00,,
     0.985385690,1629521,,bus-cycles:u,1227808,100.00,,
     0.985385690,1826840,,instructions:u,1227808,100.00,,
     0.986612040,91747,,branch-misses:u,1226240,100.00,,
     0.986612040,0,,cache-misses:u,1225984,100.00,,
     0.986612040,1627412,,bus-cycles:u,1226048,100.00,,
     0.986612040,1837300,,instructions:u,1226048,100.00,,
     0.987838965,91399,,branch-misses:u,1227136,100.00,,
     0.987838965,0,,cache-misses:u,1227456,100.00,,
     0.987838965,1623574,,bus-cycles:u,1227456,100.00,,
     0.987838965,1834800,,instructions:u,1227488,100.00,,
     0.989067235,91471,,branch-misses:u,1227616,100.00,,
     0.989067235,0,,cache-misses:u,1227200,100.00,,
     0.989067235,1628707,,bus-cycles:u,1227200,100.00,,
     0.989067235,1829642,,instructions:u,1227168,100.00,,
     0.990310258,93238,,branch-misses:u,1243520,100.00,,
     0.990310258,0,,cache-misses:u,1244192,100.00,,
     0.990310258,1650158,,bus-cycles:u,1244224,100.00,,
     0.990310258,1867908,,instructions:u,1244288,100.00,,
     0.991539424,91385,,branch-misses:u,1228480,100.00,,
     0.991539424,0,,cache-misses:u,1228064,100.00,,
     0.991539424,1628497,,bus-cycles:u,1228032,100.00,,
     0.991539424,1826580,,instructions:u,1228064,100.00,,
     0.992781967,92084,,branch-misses:u,1242848,100.00,,
     0.992781967,0,,cache-misses:u,1242944,100.00,,
     0.992781967,1639973,,bus-cycles:u,1242944,100.00,,
     0.992781967,1842891,,instructions:u,1242880,100.00,,
     0.994008508,91196,,branch-misses:u,1225856,100.00,,
     0.994008508,0,,cache-misses:u,1225248,100.00,,
     0.994008508,1625654,,bus-cycles:u,1225152,100.00,,
     0.994008508,1824909,,instructions:u,1225056,100.00,,
     0.995234058,91209,,branch-misses:u,1225408,100.00,,
     0.995234058,0,,cache-misses:u,1225760,100.00,,
     0.995234058,1626276,,bus-cycles:u,1225824,100.00,,
     0.995234058,1824480,,instructions:u,1225824,100.00,,
     0.996462135,91422,,branch-misses:u,1228448,100.00,,
     0.996462135,0,,cache-misses:u,1228128,100.00,,
     0.996462135,1623626,,bus-cycles:u,1228128,100.00,,
     0.996462135,1821890,,instructions:u,1228128,100.00,,
     0.997690821,91697,,branch-misses:u,1228032,100.00,,
     0.997690821,0,,cache-misses:u,1228320,100.00,,
     0.997690821,1630483,,bus-cycles:u,1228384,100.00,,
     0.997690821,1830670,,instructions:u,1228512,100.00,,
     0.998916402,91512,,branch-misses:u,1225376,100.00,,
     0.998916402,0,,cache-misses:u,1225440,100.00,,
     0.998916402,1625798,,bus-cycles:u,1225312,100.00,,
     0.998916402,1824430,,instructions:u,1225216,100.00,,
     1.000144672,91328,,branch-misses:u,1228640,100.00,,
     1.000144672,0,,cache-misses:u,1228544,100.00,,
     1.000144672,1625151,,bus-cycles:u,1228544,100.00,,
     1.000144672,1831010,,instructions:u,1228512,100.00,,
     1.001373357,92011,,branch-misses:u,1228256,100.00,,
     1.001373357,0,,cache-misses:u,1228704,100.00,,
     1.001373357,1630692,,bus-cycles:u,1228800,100.00,,
     1.001373357,1840890,,instructions:u,1228928,100.00,,
     1.002599771,91501,,branch-misses:u,1226176,100.00,,
     1.002599771,0,,cache-misses:u,1225536,100.00,,
     1.002599771,1625749,,bus-cycles:u,1225664,100.00,,
     1.002599771,1833168,,instructions:u,1225568,100.00,,
     1.003825960,91596,,branch-misses:u,1226432,100.00,,
     1.003825960,0,,cache-misses:u,1226944,100.00,,
     1.003825960,1622130,,bus-cycles:u,1226880,100.00,,
     1.003825960,1834803,,instructions:u,1227008,100.00,,
     1.005055414,91954,,branch-misses:u,1228928,100.00,,
     1.005055414,0,,cache-misses:u,1228416,100.00,,
     1.005055414,1629709,,bus-cycles:u,1228416,100.00,,
     1.005055414,1843179,,instructions:u,1228320,100.00,,
     1.006281411,91708,,branch-misses:u,1225696,100.00,,
     1.006281411,0,,cache-misses:u,1225952,100.00,,
     1.006281411,1626522,,bus-cycles:u,1225824,100.00,,
     1.006281411,1827980,,instructions:u,1225792,100.00,,
     1.007507825,91901,,branch-misses:u,1226432,100.00,,
     1.007507825,0,,cache-misses:u,1226432,100.00,,
     1.007507825,1626818,,bus-cycles:u,1226432,100.00,,
     1.007507825,1834520,,instructions:u,1226400,100.00,,
     1.008749920,93119,,branch-misses:u,1242304,100.00,,
     1.008749920,0,,cache-misses:u,1242080,100.00,,
     1.008749920,1643549,,bus-cycles:u,1242112,100.00,,
     1.008749920,1859572,,instructions:u,1242048,100.00,,
     1.009976653,91391,,branch-misses:u,1226080,100.00,,
     1.009976653,0,,cache-misses:u,1226304,100.00,,
     1.009976653,1627930,,bus-cycles:u,1226304,100.00,,
     1.009976653,1835408,,instructions:u,1226464,100.00,,
     1.011202458,91768,,branch-misses:u,1225728,100.00,,
     1.011202458,0,,cache-misses:u,1225600,100.00,,
     1.011202458,1626646,,bus-cycles:u,1225600,100.00,,
     1.011202458,1835580,,instructions:u,1225504,100.00,,
     1.012448106,92674,,branch-misses:u,1246048,100.00,,
     1.012448106,0,,cache-misses:u,1246560,100.00,,
     1.012448106,1649523,,bus-cycles:u,1246784,100.00,,
     1.012448106,1863330,,instructions:u,1246976,100.00,,
     1.013682520,92097,,branch-misses:u,1233696,100.00,,
     1.013682520,0,,cache-misses:u,1233472,100.00,,
     1.013682520,1636970,,bus-cycles:u,1233408,100.00,,
     1.013682520,1835320,,instructions:u,1233376,100.00,,
     1.014907238,91843,,branch-misses:u,1224704,100.00,,
     1.014907238,0,,cache-misses:u,1224480,100.00,,
     1.014907238,1624548,,bus-cycles:u,1224320,100.00,,
     1.014907238,1840831,,instructions:u,1224192,100.00,,
     1.016135123,91752,,branch-misses:u,1228096,100.00,,
     1.016135123,0,,cache-misses:u,1228032,100.00,,
     1.016135123,1624719,,bus-cycles:u,1228000,100.00,,
     1.016135123,1834699,,instructions:u,1228032,100.00,,
     1.017364801,91849,,branch-misses:u,1229184,100.00,,
     1.017364801,0,,cache-misses:u,1229248,100.00,,
     1.017364801,1632273,,bus-cycles:u,1229216,100.00,,
     1.017364801,1833520,,instructions:u,1229152,100.00,,
     1.018591342,91593,,branch-misses:u,1226336,100.00,,
     1.018591342,0,,cache-misses:u,1226336,100.00,,
     1.018591342,1627953,,bus-cycles:u,1226368,100.00,,
     1.018591342,1828240,,instructions:u,1226400,100.00,,
     1.019819452,91420,,branch-misses:u,1228384,100.00,,
     1.019819452,0,,cache-misses:u,1228096,100.00,,
     1.019819452,1625325,,bus-cycles:u,1228032,100.00,,
     1.019819452,1823390,,instructions:u,1228160,100.00,,
     1.021046761,91581,,branch-misses:u,1226816,100.00,,
     1.021046761,0,,cache-misses:u,1226848,100.00,,
     1.021046761,1629219,,bus-cycles:u,1226912,100.00,,
     1.021046761,1835271,,instructions:u,1226784,100.00,,
     1.022272535,91365,,branch-misses:u,1225568,100.00,,
     1.022272535,0,,cache-misses:u,1225536,100.00,,
     1.022272535,1627285,,bus-cycles:u,1225568,100.00,,
     1.022272535,1835009,,instructions:u,1225568,100.00,,
     1.023498404,91884,,branch-misses:u,1225760,100.00,,
     1.023498404,0,,cache-misses:u,1225888,100.00,,
     1.023498404,1627395,,bus-cycles:u,1225856,100.00,,
     1.023498404,1837810,,instructions:u,1225920,100.00,,
     1.024739539,92584,,branch-misses:u,1241408,100.00,,
     1.024739539,0,,cache-misses:u,1241280,100.00,,
     1.024739539,1642000,,bus-cycles:u,1240928,100.00,,
     1.024739539,1857474,,instructions:u,1240896,100.00,,
     1.025964704,91968,,branch-misses:u,1224480,100.00,,
     1.025964704,0,,cache-misses:u,1224480,100.00,,
     1.025964704,1625726,,bus-cycles:u,1224800,100.00,,
     1.025964704,1838486,,instructions:u,1224736,100.00,,
     1.027189453,91742,,branch-misses:u,1224736,100.00,,
     1.027189453,0,,cache-misses:u,1224768,100.00,,
     1.027189453,1626277,,bus-cycles:u,1224736,100.00,,
     1.027189453,1841950,,instructions:u,1224800,100.00,,
     1.028415483,91524,,branch-misses:u,1226272,100.00,,
     1.028415483,0,,cache-misses:u,1226304,100.00,,
     1.028415483,1621531,,bus-cycles:u,1226368,100.00,,
     1.028415483,1832910,,instructions:u,1226304,100.00,,
     1.029643272,90975,,branch-misses:u,1227328,100.00,,
     1.029643272,0,,cache-misses:u,1227552,100.00,,
     1.029643272,1628985,,bus-cycles:u,1227520,100.00,,
     1.029643272,1825220,,instructions:u,1227520,100.00,,
     1.030868118,91876,,branch-misses:u,1224640,100.00,,
     1.030868118,0,,cache-misses:u,1224416,100.00,,
     1.030868118,1625095,,bus-cycles:u,1224448,100.00,,
     1.030868118,1831860,,instructions:u,1224448,100.00,,
     1.032094403,91373,,branch-misses:u,1226560,100.00,,
     1.032094403,0,,cache-misses:u,1226496,100.00,,
     1.032094403,1621697,,bus-cycles:u,1226432,100.00,,
     1.032094403,1831870,,instructions:u,1226464,100.00,,
     1.033321904,91816,,branch-misses:u,1226976,100.00,,
     1.033321904,0,,cache-misses:u,1227392,100.00,,
     1.033321904,1628997,,bus-cycles:u,1227520,100.00,,
     1.033321904,1843640,,instructions:u,1227552,100.00,,
     1.034546366,91476,,branch-misses:u,1223456,100.00,,
     1.034546366,0,,cache-misses:u,1223104,100.00,,
     1.034546366,1623544,,bus-cycles:u,1223104,100.00,,
     1.034546366,1831500,,instructions:u,1223200,100.00,,
     1.035790381,92682,,branch-misses:u,1245344,100.00,,
     1.035790381,0,,cache-misses:u,1245568,100.00,,
     1.035790381,1648231,,bus-cycles:u,1245728,100.00,,
     1.035790381,1851420,,instructions:u,1245696,100.00,,
     1.037019675,91546,,branch-misses:u,1228608,100.00,,
     1.037019675,0,,cache-misses:u,1228544,100.00,,
     1.037019675,1630717,,bus-cycles:u,1228256,100.00,,
     1.037019675,1822620,,instructions:u,1228160,100.00,,
     1.038245928,92143,,branch-misses:u,1226080,100.00,,
     1.038245928,0,,cache-misses:u,1225920,100.00,,
     1.038245928,1626757,,bus-cycles:u,1226016,100.00,,
     1.038245928,1840310,,instructions:u,1226080,100.00,,
     1.039471733,91888,,branch-misses:u,1225696,100.00,,
     1.039471733,0,,cache-misses:u,1225824,100.00,,
     1.039471733,1626206,,bus-cycles:u,1225728,100.00,,
     1.039471733,1834730,,instructions:u,1225792,100.00,,
     1.040713092,92768,,branch-misses:u,1241664,100.00,,
     1.040713092,0,,cache-misses:u,1241536,100.00,,
     1.040713092,1642442,,bus-cycles:u,1241696,100.00,,
     1.040713092,1852740,,instructions:u,1241568,100.00,,
     1.041938546,91629,,branch-misses:u,1224608,100.00,,
     1.041938546,0,,cache-misses:u,1224608,100.00,,
     1.041938546,1625182,,bus-cycles:u,1224544,100.00,,
     1.041938546,1838580,,instructions:u,1224544,100.00,,
     1.043164095,91892,,branch-misses:u,1225504,100.00,,
     1.043164095,0,,cache-misses:u,1225472,100.00,,
     1.043164095,1626772,,bus-cycles:u,1225504,100.00,,
     1.043164095,1834610,,instructions:u,1225568,100.00,,
     1.044392365,92046,,branch-misses:u,1228608,100.00,,
     1.044392365,0,,cache-misses:u,1228640,100.00,,
     1.044392365,1624950,,bus-cycles:u,1228704,100.00,,
     1.044392365,1829160,,instructions:u,1228736,100.00,,
     1.045619258,91847,,branch-misses:u,1226272,100.00,,
     1.045619258,0,,cache-misses:u,1226240,100.00,,
     1.045619258,1627718,,bus-cycles:u,1226144,100.00,,
     1.045619258,1839480,,instructions:u,1226112,100.00,,
     1.046844679,91736,,branch-misses:u,1225376,100.00,,
     1.046844679,0,,cache-misses:u,1225440,100.00,,
     1.046844679,1626687,,bus-cycles:u,1225472,100.00,,
     1.046844679,1830800,,instructions:u,1225184,100.00,,
     1.048070613,90864,,branch-misses:u,1226144,100.00,,
     1.048070613,0,,cache-misses:u,1226048,100.00,,
     1.048070613,1616739,,bus-cycles:u,1225952,100.00,,
     1.048070613,1817430,,instructions:u,1226176,100.00,,
     1.049298146,91681,,branch-misses:u,1227072,100.00,,
     1.049298146,0,,cache-misses:u,1227072,100.00,,
     1.049298146,1629016,,bus-cycles:u,1227072,100.00,,
     1.049298146,1840530,,instructions:u,1227072,100.00,,
     1.050522959,91371,,branch-misses:u,1224576,100.00,,
     1.050522959,0,,cache-misses:u,1224576,100.00,,
     1.050522959,1626130,,bus-cycles:u,1224576,100.00,,
     1.050522959,1826000,,instructions:u,1224576,100.00,,
     1.051749213,90625,,branch-misses:u,1226400,100.00,,
     1.051749213,0,,cache-misses:u,1226624,100.00,,
     1.051749213,1623131,,bus-cycles:u,1226624,100.00,,
     1.051749213,1810090,,instructions:u,1226624,100.00,,
     1.052977290,91761,,branch-misses:u,1227712,100.00,,
     1.052977290,0,,cache-misses:u,1227648,100.00,,
     1.052977290,1630122,,bus-cycles:u,1227680,100.00,,
     1.052977290,1838340,,instructions:u,1227712,100.00,,
     1.054202231,91195,,branch-misses:u,1224576,100.00,,
     1.054202231,0,,cache-misses:u,1224640,100.00,,
     1.054202231,1626568,,bus-cycles:u,1224768,100.00,,
     1.054202231,1826300,,instructions:u,1224800,100.00,,
     1.055427941,90235,,branch-misses:u,1225760,100.00,,
     1.055427941,0,,cache-misses:u,1225728,100.00,,
     1.055427941,1627215,,bus-cycles:u,1225696,100.00,,
     1.055427941,1800840,,instructions:u,1225664,100.00,,
     1.056668724,92843,,branch-misses:u,1241152,100.00,,
     1.056668724,0,,cache-misses:u,1240992,100.00,,
     1.056668724,1642279,,bus-cycles:u,1240928,100.00,,
     1.056668724,1854940,,instructions:u,1240928,100.00,,
     1.057917924,93698,,branch-misses:u,1248992,100.00,,
     1.057917924,0,,cache-misses:u,1249728,100.00,,
     1.057917924,1659776,,bus-cycles:u,1249792,100.00,,
     1.057917924,1874350,,instructions:u,1249760,100.00,,
     1.059147314,92308,,branch-misses:u,1228864,100.00,,
     1.059147314,0,,cache-misses:u,1228320,100.00,,
     1.059147314,1630699,,bus-cycles:u,1228128,100.00,,
     1.059147314,1852970,,instructions:u,1228160,100.00,,
     1.060375903,91718,,branch-misses:u,1228800,100.00,,
     1.060375903,0,,cache-misses:u,1228608,100.00,,
     1.060375903,1625551,,bus-cycles:u,1228704,100.00,,
     1.060375903,1830850,,instructions:u,1228640,100.00,,
     1.061603341,91937,,branch-misses:u,1226752,100.00,,
     1.061603341,0,,cache-misses:u,1226752,100.00,,
     1.061603341,1628567,,bus-cycles:u,1226752,100.00,,
     1.061603341,1831990,,instructions:u,1226752,100.00,,
     1.062828122,91988,,branch-misses:u,1224160,100.00,,
     1.062828122,0,,cache-misses:u,1224480,100.00,,
     1.062828122,1625591,,bus-cycles:u,1224512,100.00,,
     1.062828122,1842320,,instructions:u,1224544,100.00,,
     1.064054727,91709,,branch-misses:u,1227520,100.00,,
     1.064054727,0,,cache-misses:u,1227104,100.00,,
     1.064054727,1624807,,bus-cycles:u,1227136,100.00,,
     1.064054727,1831370,,instructions:u,1227168,100.00,,
     1.065281941,92165,,branch-misses:u,1226464,100.00,,
     1.065281941,0,,cache-misses:u,1226560,100.00,,
     1.065281941,1628207,,bus-cycles:u,1226496,100.00,,
     1.065281941,1844840,,instructions:u,1226496,100.00,,
     1.066506850,92040,,branch-misses:u,1224896,100.00,,
     1.066506850,0,,cache-misses:u,1224960,100.00,,
     1.066506850,1626379,,bus-cycles:u,1225024,100.00,,
     1.066506850,1842910,,instructions:u,1225024,100.00,,
     1.067733167,91571,,branch-misses:u,1226656,100.00,,
     1.067733167,0,,cache-misses:u,1226592,100.00,,
     1.067733167,1622953,,bus-cycles:u,1226592,100.00,,
     1.067733167,1834640,,instructions:u,1226656,100.00,,
     1.068962077,92103,,branch-misses:u,1228256,100.00,,
     1.068962077,0,,cache-misses:u,1228352,100.00,,
     1.068962077,1630764,,bus-cycles:u,1228384,100.00,,
     1.068962077,1839850,,instructions:u,1228288,100.00,,
     1.070187466,91906,,branch-misses:u,1225376,100.00,,
     1.070187466,0,,cache-misses:u,1225248,100.00,,
     1.070187466,1627910,,bus-cycles:u,1225152,100.00,,
     1.070187466,1835340,,instructions:u,1225120,100.00,,
     1.071412312,92030,,branch-misses:u,1224608,100.00,,
     1.071412312,0,,cache-misses:u,1224672,100.00,,
     1.071412312,1627068,,bus-cycles:u,1224736,100.00,,
     1.071412312,1831820,,instructions:u,1224832,100.00,,
     1.072649670,92726,,branch-misses:u,1237568,100.00,,
     1.072649670,0,,cache-misses:u,1237632,100.00,,
     1.072649670,1637837,,bus-cycles:u,1237536,100.00,,
     1.072649670,1856170,,instructions:u,1237536,100.00,,
     1.073878484,91843,,branch-misses:u,1228384,100.00,,
     1.073878484,0,,cache-misses:u,1228576,100.00,,
     1.073878484,1631055,,bus-cycles:u,1228736,100.00,,
     1.073878484,1840220,,instructions:u,1228768,100.00,,
     1.075104225,91646,,branch-misses:u,1225536,100.00,,
     1.075104225,0,,cache-misses:u,1225184,100.00,,
     1.075104225,1626030,,bus-cycles:u,1225088,100.00,,
     1.075104225,1833940,,instructions:u,1224960,100.00,,
     1.076331311,91596,,branch-misses:u,1227392,100.00,,
     1.076331311,0,,cache-misses:u,1227392,100.00,,
     1.076331311,1623897,,bus-cycles:u,1227392,100.00,,
     1.076331311,1832480,,instructions:u,1227392,100.00,,
     1.077558396,92316,,branch-misses:u,1226592,100.00,,
     1.077558396,0,,cache-misses:u,1226656,100.00,,
     1.077558396,1628183,,bus-cycles:u,1226592,100.00,,
     1.077558396,1842771,,instructions:u,1226592,100.00,,
     1.078783625,91328,,branch-misses:u,1224544,100.00,,
     1.078783625,0,,cache-misses:u,1224544,100.00,,
     1.078783625,1625266,,bus-cycles:u,1224544,100.00,,
     1.078783625,1830009,,instructions:u,1224544,100.00,,
     1.080010519,91206,,branch-misses:u,1227520,100.00,,
     1.080010519,0,,cache-misses:u,1227488,100.00,,
     1.080010519,1623452,,bus-cycles:u,1227520,100.00,,
     1.080010519,1820830,,instructions:u,1227552,100.00,,
     1.081255686,93550,,branch-misses:u,1245088,100.00,,
     1.081255686,0,,cache-misses:u,1245472,100.00,,
     1.081255686,1652725,,bus-cycles:u,1245600,100.00,,
     1.081255686,1870360,,instructions:u,1245568,100.00,,
     1.082481844,91789,,branch-misses:u,1225600,100.00,,
     1.082481844,0,,cache-misses:u,1225408,100.00,,
     1.082481844,1625569,,bus-cycles:u,1225312,100.00,,
     1.082481844,1836320,,instructions:u,1225344,100.00,,
     1.083708065,91642,,branch-misses:u,1226528,100.00,,
     1.083708065,0,,cache-misses:u,1226624,100.00,,
     1.083708065,1622374,,bus-cycles:u,1226720,100.00,,
     1.083708065,1831870,,instructions:u,1226784,100.00,,
     1.084936815,92035,,branch-misses:u,1228128,100.00,,
     1.084936815,0,,cache-misses:u,1227872,100.00,,
     1.084936815,1629229,,bus-cycles:u,1227744,100.00,,
     1.084936815,1839930,,instructions:u,1227680,100.00,,
     1.086162620,91667,,branch-misses:u,1225664,100.00,,
     1.086162620,0,,cache-misses:u,1225600,100.00,,
     1.086162620,1626486,,bus-cycles:u,1225632,100.00,,
     1.086162620,1840260,,instructions:u,1225600,100.00,,
     1.087387689,90050,,branch-misses:u,1224864,100.00,,
     1.087387689,0,,cache-misses:u,1225184,100.00,,
     1.087387689,1626362,,bus-cycles:u,1225152,100.00,,
     1.087387689,1804480,,instructions:u,1225184,100.00,,
     1.088615031,91428,,branch-misses:u,1227712,100.00,,
     1.088615031,0,,cache-misses:u,1227392,100.00,,
     1.088615031,1623653,,bus-cycles:u,1227424,100.00,,
     1.088615031,1832690,,instructions:u,1227360,100.00,,
     1.089841988,91896,,branch-misses:u,1226496,100.00,,
     1.089841988,0,,cache-misses:u,1226528,100.00,,
     1.089841988,1626957,,bus-cycles:u,1226464,100.00,,
     1.089841988,1837060,,instructions:u,1226528,100.00,,
     1.091066225,92061,,branch-misses:u,1224000,100.00,,
     1.091066225,0,,cache-misses:u,1223968,100.00,,
     1.091066225,1624031,,bus-cycles:u,1223968,100.00,,
     1.091066225,1837270,,instructions:u,1223968,100.00,,
     1.092291839,91703,,branch-misses:u,1226816,100.00,,
     1.092291839,0,,cache-misses:u,1228320,100.00,,
     1.092291839,1622590,,bus-cycles:u,1228640,100.00,,
     1.092291839,1831250,,instructions:u,1228640,100.00,,
     1.093530189,92119,,branch-misses:u,1237152,100.00,,
     1.093530189,0,,cache-misses:u,1236192,100.00,,
     1.093530189,1633522,,bus-cycles:u,1236032,100.00,,
     1.093530189,1841840,,instructions:u,1236128,100.00,,
     1.094758587,91170,,branch-misses:u,1228128,100.00,,
     1.094758587,0,,cache-misses:u,1227968,100.00,,
     1.094758587,1624225,,bus-cycles:u,1227904,100.00,,
     1.094758587,1820650,,instructions:u,1227872,100.00,,
     1.095986184,90987,,branch-misses:u,1227936,100.00,,
     1.095986184,0,,cache-misses:u,1227904,100.00,,
     1.095986184,1618242,,bus-cycles:u,1227904,100.00,,
     1.095986184,1823860,,instructions:u,1227904,100.00,,
     1.097215670,92055,,branch-misses:u,1228928,100.00,,
     1.097215670,0,,cache-misses:u,1228832,100.00,,
     1.097215670,1630224,,bus-cycles:u,1228832,100.00,,
     1.097215670,1833830,,instructions:u,1228864,100.00,,
     1.098442436,92034,,branch-misses:u,1226496,100.00,,
     1.098442436,0,,cache-misses:u,1226624,100.00,,
     1.098442436,1627886,,bus-cycles:u,1226560,100.00,,
     1.098442436,1840060,,instructions:u,1226496,100.00,,
     1.099669969,91636,,branch-misses:u,1228160,100.00,,
     1.099669969,0,,cache-misses:u,1228064,100.00,,
     1.099669969,1621311,,bus-cycles:u,1228032,100.00,,
     1.099669969,1835050,,instructions:u,1228032,100.00,,
     1.100901759,92159,,branch-misses:u,1230816,100.00,,
     1.100901759,0,,cache-misses:u,1230592,100.00,,
     1.100901759,1631854,,bus-cycles:u,1230592,100.00,,
     1.100901759,1840040,,instructions:u,1230528,100.00,,
     1.102126828,91640,,branch-misses:u,1224960,100.00,,
     1.102126828,0,,cache-misses:u,1225504,100.00,,
     1.102126828,1625849,,bus-cycles:u,1225600,100.00,,
     1.102126828,1834780,,instructions:u,1225728,100.00,,
     1.103376156,93378,,branch-misses:u,1249664,100.00,,
     1.103376156,0,,cache-misses:u,1250016,100.00,,
     1.103376156,1658787,,bus-cycles:u,1249984,100.00,,
     1.103376156,1863724,,instructions:u,1249920,100.00,,
     1.104607626,91942,,branch-misses:u,1231488,100.00,,
     1.104607626,0,,cache-misses:u,1231392,100.00,,
     1.104607626,1627450,,bus-cycles:u,1231392,100.00,,
     1.104607626,1836607,,instructions:u,1231328,100.00,,
     1.105838392,91827,,branch-misses:u,1230112,100.00,,
     1.105838392,0,,cache-misses:u,1229664,100.00,,
     1.105838392,1632478,,bus-cycles:u,1229664,100.00,,
     1.105838392,1838969,,instructions:u,1229664,100.00,,
     1.107066214,91625,,branch-misses:u,1227680,100.00,,
     1.107066214,0,,cache-misses:u,1227392,100.00,,
     1.107066214,1628795,,bus-cycles:u,1227392,100.00,,
     1.107066214,1830200,,instructions:u,1227552,100.00,,
     1.108295251,91442,,branch-misses:u,1229184,100.00,,
     1.108295251,0,,cache-misses:u,1229600,100.00,,
     1.108295251,1625091,,bus-cycles:u,1229568,100.00,,
     1.108295251,1835174,,instructions:u,1229504,100.00,,
     1.109525633,92079,,branch-misses:u,1229824,100.00,,
     1.109525633,0,,cache-misses:u,1229600,100.00,,
     1.109525633,1631514,,bus-cycles:u,1229600,100.00,,
     1.109525633,1836006,,instructions:u,1229504,100.00,,
     1.110751823,91614,,branch-misses:u,1226080,100.00,,
     1.110751823,0,,cache-misses:u,1226208,100.00,,
     1.110751823,1627557,,bus-cycles:u,1226304,100.00,,
     1.110751823,1824990,,instructions:u,1226336,100.00,,
     1.111979740,91734,,branch-misses:u,1228192,100.00,,
     1.111979740,0,,cache-misses:u,1227904,100.00,,
     1.111979740,1623114,,bus-cycles:u,1227968,100.00,,
     1.111979740,1829490,,instructions:u,1228000,100.00,,
     1.113209866,91881,,branch-misses:u,1229536,100.00,,
     1.113209866,0,,cache-misses:u,1229664,100.00,,
     1.113209866,1632206,,bus-cycles:u,1229568,100.00,,
     1.113209866,1833446,,instructions:u,1229504,100.00,,
     1.114437175,92042,,branch-misses:u,1227264,100.00,,
     1.114437175,0,,cache-misses:u,1227456,100.00,,
     1.114437175,1629025,,bus-cycles:u,1227488,100.00,,
     1.114437175,1845294,,instructions:u,1227552,100.00,,
     1.115667653,91232,,branch-misses:u,1230912,100.00,,
     1.115667653,0,,cache-misses:u,1231200,100.00,,
     1.115667653,1624117,,bus-cycles:u,1231200,100.00,,
     1.115667653,1829790,,instructions:u,1231584,100.00,,
     1.116899219,92102,,branch-misses:u,1230880,100.00,,
     1.116899219,0,,cache-misses:u,1230592,100.00,,
     1.116899219,1632591,,bus-cycles:u,1230656,100.00,,
     1.116899219,1842600,,instructions:u,1230336,100.00,,
     1.118126529,91732,,branch-misses:u,1227264,100.00,,
     1.118126529,0,,cache-misses:u,1227040,100.00,,
     1.118126529,1628086,,bus-cycles:u,1227040,100.00,,
     1.118126529,1828210,,instructions:u,1227104,100.00,,
     1.119367504,93306,,branch-misses:u,1243264,100.00,,
     1.119367504,0,,cache-misses:u,1244864,100.00,,
     1.119367504,1653398,,bus-cycles:u,1246304,100.00,,
     1.119367504,1865350,,instructions:u,1247296,100.00,,
     1.120663045,96140,,branch-misses:u,1294400,100.00,,
     1.120663045,0,,cache-misses:u,1293536,100.00,,
     1.120663045,1709869,,bus-cycles:u,1292448,100.00,,
     1.120663045,1927396,,instructions:u,1291744,100.00,,
     1.121903444,92769,,branch-misses:u,1239776,100.00,,
     1.121903444,0,,cache-misses:u,1240000,100.00,,
     1.121903444,1646050,,bus-cycles:u,1239616,100.00,,
     1.121903444,1860574,,instructions:u,1239296,100.00,,
     1.123137634,92098,,branch-misses:u,1233280,100.00,,
     1.123137634,0,,cache-misses:u,1233024,100.00,,
     1.123137634,1635917,,bus-cycles:u,1233024,100.00,,
     1.123137634,1835410,,instructions:u,1233088,100.00,,
     1.124369040,91510,,branch-misses:u,1231424,100.00,,
     1.124369040,0,,cache-misses:u,1231360,100.00,,
     1.124369040,1627599,,bus-cycles:u,1231424,100.00,,
     1.124369040,1826570,,instructions:u,1231744,100.00,,
     1.125623777,93196,,branch-misses:u,1254496,100.00,,
     1.125623777,0,,cache-misses:u,1254080,100.00,,
     1.125623777,1664075,,bus-cycles:u,1253984,100.00,,
     1.125623777,1867200,,instructions:u,1253568,100.00,,
     1.126854511,90658,,branch-misses:u,1230048,100.00,,
     1.126854511,0,,cache-misses:u,1229696,100.00,,
     1.126854511,1631463,,bus-cycles:u,1229600,100.00,,
     1.126854511,1809540,,instructions:u,1229536,100.00,,
     1.128083165,91496,,branch-misses:u,1229120,100.00,,
     1.128083165,0,,cache-misses:u,1229376,100.00,,
     1.128083165,1623586,,bus-cycles:u,1229376,100.00,,
     1.128083165,1825556,,instructions:u,1229344,100.00,,
     1.129315083,92600,,branch-misses:u,1231200,100.00,,
     1.129315083,0,,cache-misses:u,1231168,100.00,,
     1.129315083,1633412,,bus-cycles:u,1231264,100.00,,
     1.129315083,1845654,,instructions:u,1231360,100.00,,
     1.130544088,92161,,branch-misses:u,1228992,100.00,,
     1.130544088,0,,cache-misses:u,1229024,100.00,,
     1.130544088,1629823,,bus-cycles:u,1228960,100.00,,
     1.130544088,1842690,,instructions:u,1228832,100.00,,
     1.131773254,91682,,branch-misses:u,1229472,100.00,,
     1.131773254,0,,cache-misses:u,1229312,100.00,,
     1.131773254,1624442,,bus-cycles:u,1229376,100.00,,
     1.131773254,1829410,,instructions:u,1229440,100.00,,
     1.133004180,91000,,branch-misses:u,1230304,100.00,,
     1.133004180,0,,cache-misses:u,1230464,100.00,,
     1.133004180,1632534,,bus-cycles:u,1230496,100.00,,
     1.133004180,1829390,,instructions:u,1230496,100.00,,
     1.134232738,92396,,branch-misses:u,1228288,100.00,,
     1.134232738,0,,cache-misses:u,1228352,100.00,,
     1.134232738,1629265,,bus-cycles:u,1228224,100.00,,
     1.134232738,1844480,,instructions:u,1228192,100.00,,
     1.135472656,92345,,branch-misses:u,1242176,100.00,,
     1.135472656,0,,cache-misses:u,1244480,100.00,,
     1.135472656,1652463,,bus-cycles:u,1246112,100.00,,
     1.135472656,1856360,,instructions:u,1247712,100.00,,
     1.136851215,102113,,branch-misses:u,1378144,100.00,,
     1.136851215,0,,cache-misses:u,1376416,100.00,,
     1.136851215,1819271,,bus-cycles:u,1374976,100.00,,
     1.136851215,2037070,,instructions:u,1373536,100.00,,
     1.138089982,92882,,branch-misses:u,1237088,100.00,,
     1.138089982,0,,cache-misses:u,1236800,100.00,,
     1.138089982,1639876,,bus-cycles:u,1236832,100.00,,
     1.138089982,1861360,,instructions:u,1236736,100.00,,
     1.139324333,92287,,branch-misses:u,1233792,100.00,,
     1.139324333,0,,cache-misses:u,1233472,100.00,,
     1.139324333,1635891,,bus-cycles:u,1233408,100.00,,
     1.139324333,1851360,,instructions:u,1233408,100.00,,
     1.140559163,91736,,branch-misses:u,1235040,100.00,,
     1.140559163,0,,cache-misses:u,1234784,100.00,,
     1.140559163,1631417,,bus-cycles:u,1234624,100.00,,
     1.140559163,1842710,,instructions:u,1234592,100.00,,
     1.141791945,92578,,branch-misses:u,1232384,100.00,,
     1.141791945,0,,cache-misses:u,1232608,100.00,,
     1.141791945,1634379,,bus-cycles:u,1232800,100.00,,
     1.141791945,1844530,,instructions:u,1232864,100.00,,
     1.143021911,91846,,branch-misses:u,1229664,100.00,,
     1.143021911,0,,cache-misses:u,1229664,100.00,,
     1.143021911,1630857,,bus-cycles:u,1229664,100.00,,
     1.143021911,1840420,,instructions:u,1229696,100.00,,
     1.144254117,92150,,branch-misses:u,1232416,100.00,,
     1.144254117,0,,cache-misses:u,1232416,100.00,,
     1.144254117,1628736,,bus-cycles:u,1232320,100.00,,
     1.144254117,1839040,,instructions:u,1232352,100.00,,
     1.145486963,92433,,branch-misses:u,1232448,100.00,,
     1.145486963,0,,cache-misses:u,1232384,100.00,,
     1.145486963,1634340,,bus-cycles:u,1232416,100.00,,
     1.145486963,1846090,,instructions:u,1232256,100.00,,
     1.146715809,91981,,branch-misses:u,1228672,100.00,,
     1.146715809,0,,cache-misses:u,1228480,100.00,,
     1.146715809,1628857,,bus-cycles:u,1228480,100.00,,
     1.146715809,1839520,,instructions:u,1228512,100.00,,
     1.147945198,91712,,branch-misses:u,1229632,100.00,,
     1.147945198,0,,cache-misses:u,1229792,100.00,,
     1.147945198,1624332,,bus-cycles:u,1229728,100.00,,
     1.147945198,1839200,,instructions:u,1229728,100.00,,
     1.149198335,93158,,branch-misses:u,1252992,100.00,,
     1.149198335,0,,cache-misses:u,1253056,100.00,,
     1.149198335,1663057,,bus-cycles:u,1253216,100.00,,
     1.149198335,1859440,,instructions:u,1253216,100.00,,
     1.150428461,91734,,branch-misses:u,1229408,100.00,,
     1.150428461,0,,cache-misses:u,1229376,100.00,,
     1.150428461,1630556,,bus-cycles:u,1229280,100.00,,
     1.150428461,1833680,,instructions:u,1229376,100.00,,
     1.151671036,93299,,branch-misses:u,1244864,100.00,,
     1.151671036,0,,cache-misses:u,1246112,100.00,,
     1.151671036,1649033,,bus-cycles:u,1247072,100.00,,
     1.151671036,1867560,,instructions:u,1248064,100.00,,
     1.152941422,95085,,branch-misses:u,1269216,100.00,,
     1.152941422,0,,cache-misses:u,1268096,100.00,,
     1.152941422,1682449,,bus-cycles:u,1267488,100.00,,
     1.152941422,1890560,,instructions:u,1266816,100.00,,
     1.154181885,92965,,branch-misses:u,1240192,100.00,,
     1.154181885,0,,cache-misses:u,1239904,100.00,,
     1.154181885,1645085,,bus-cycles:u,1239552,100.00,,
     1.154181885,1856990,,instructions:u,1239200,100.00,,
     1.155416652,92763,,branch-misses:u,1233568,100.00,,
     1.155416652,0,,cache-misses:u,1233888,100.00,,
     1.155416652,1636938,,bus-cycles:u,1233792,100.00,,
     1.155416652,1854930,,instructions:u,1233760,100.00,,
     1.156666588,93244,,branch-misses:u,1250208,100.00,,
     1.156666588,0,,cache-misses:u,1250144,100.00,,
     1.156666588,1652171,,bus-cycles:u,1250144,100.00,,
     1.156666588,1871710,,instructions:u,1250176,100.00,,
     1.157895945,91996,,branch-misses:u,1228736,100.00,,
     1.157895945,0,,cache-misses:u,1229056,100.00,,
     1.157895945,1630473,,bus-cycles:u,1229120,100.00,,
     1.157895945,1834230,,instructions:u,1229440,100.00,,
     1.159127351,92579,,branch-misses:u,1231136,100.00,,
     1.159127351,0,,cache-misses:u,1230560,100.00,,
     1.159127351,1632641,,bus-cycles:u,1230464,100.00,,
     1.159127351,1848860,,instructions:u,1230144,100.00,,
     1.160357957,91970,,branch-misses:u,1231040,100.00,,
     1.160357957,0,,cache-misses:u,1231648,100.00,,
     1.160357957,1629906,,bus-cycles:u,1232128,100.00,,
     1.160357957,1839950,,instructions:u,1232096,100.00,,
     1.161589715,91603,,branch-misses:u,1231040,100.00,,
     1.161589715,0,,cache-misses:u,1230688,100.00,,
     1.161589715,1632157,,bus-cycles:u,1230304,100.00,,
     1.161589715,1839610,,instructions:u,1230336,100.00,,
     1.162819105,91924,,branch-misses:u,1229344,100.00,,
     1.162819105,0,,cache-misses:u,1229568,100.00,,
     1.162819105,1631644,,bus-cycles:u,1229504,100.00,,
     1.162819105,1847780,,instructions:u,1229472,100.00,,
     1.164050031,91953,,branch-misses:u,1231200,100.00,,
     1.164050031,0,,cache-misses:u,1230720,100.00,,
     1.164050031,1628736,,bus-cycles:u,1230720,100.00,,
     1.164050031,1837090,,instructions:u,1230720,100.00,,
     1.165281117,92335,,branch-misses:u,1230496,100.00,,
     1.165281117,0,,cache-misses:u,1231136,100.00,,
     1.165281117,1635112,,bus-cycles:u,1231264,100.00,,
     1.165281117,1844060,,instructions:u,1231232,100.00,,
     1.166510283,92402,,branch-misses:u,1229056,100.00,,
     1.166510283,0,,cache-misses:u,1228704,100.00,,
     1.166510283,1630995,,bus-cycles:u,1228704,100.00,,
     1.166510283,1850260,,instructions:u,1229088,100.00,,
     1.167753338,92605,,branch-misses:u,1245952,100.00,,
     1.167753338,0,,cache-misses:u,1248768,100.00,,
     1.167753338,1654624,,bus-cycles:u,1250784,100.00,,
     1.167753338,1859640,,instructions:u,1252608,100.00,,
     1.169074610,98433,,branch-misses:u,1320000,100.00,,
     1.169074610,0,,cache-misses:u,1318496,100.00,,
     1.169074610,1748842,,bus-cycles:u,1316992,100.00,,
     1.169074610,1964240,,instructions:u,1315520,100.00,,
     1.170319106,93049,,branch-misses:u,1243808,100.00,,
     1.170319106,0,,cache-misses:u,1243040,100.00,,
     1.170319106,1648934,,bus-cycles:u,1242784,100.00,,
     1.170319106,1864570,,instructions:u,1242080,100.00,,
     1.171588532,94745,,branch-misses:u,1268864,100.00,,
     1.171588532,0,,cache-misses:u,1268640,100.00,,
     1.171588532,1678075,,bus-cycles:u,1268288,100.00,,
     1.171588532,1885690,,instructions:u,1268256,100.00,,
     1.172824995,92660,,branch-misses:u,1235392,100.00,,
     1.172824995,0,,cache-misses:u,1234912,100.00,,
     1.172824995,1639299,,bus-cycles:u,1234912,100.00,,
     1.172824995,1856510,,instructions:u,1234912,100.00,,
     1.174054320,92006,,branch-misses:u,1228992,100.00,,
     1.174054320,0,,cache-misses:u,1228832,100.00,,
     1.174054320,1630738,,bus-cycles:u,1228768,100.00,,
     1.174054320,1835450,,instructions:u,1228768,100.00,,
     1.175283294,91059,,branch-misses:u,1229056,100.00,,
     1.175283294,0,,cache-misses:u,1229120,100.00,,
     1.175283294,1631248,,bus-cycles:u,1229152,100.00,,
     1.175283294,1831080,,instructions:u,1229280,100.00,,
     1.176514636,92222,,branch-misses:u,1231456,100.00,,
     1.176514636,0,,cache-misses:u,1231616,100.00,,
     1.176514636,1628755,,bus-cycles:u,1231712,100.00,,
     1.176514636,1846090,,instructions:u,1231680,100.00,,
     1.177748122,91312,,branch-misses:u,1232928,100.00,,
     1.177748122,0,,cache-misses:u,1232928,100.00,,
     1.177748122,1637147,,bus-cycles:u,1232992,100.00,,
     1.177748122,1827448,,instructions:u,1232992,100.00,,
     1.178977768,92025,,branch-misses:u,1229504,100.00,,
     1.178977768,0,,cache-misses:u,1229504,100.00,,
     1.178977768,1631624,,bus-cycles:u,1229376,100.00,,
     1.178977768,1837392,,instructions:u,1229280,100.00,,
     1.180207958,91613,,branch-misses:u,1230400,100.00,,
     1.180207958,0,,cache-misses:u,1230112,100.00,,
     1.180207958,1627535,,bus-cycles:u,1230048,100.00,,
     1.180207958,1827230,,instructions:u,1230016,100.00,,
     1.181438019,90930,,branch-misses:u,1229568,100.00,,
     1.181438019,0,,cache-misses:u,1229856,100.00,,
     1.181438019,1633111,,bus-cycles:u,1229824,100.00,,
     1.181438019,1821370,,instructions:u,1229856,100.00,,
     1.182665777,91979,,branch-misses:u,1227616,100.00,,
     1.182665777,0,,cache-misses:u,1227552,100.00,,
     1.182665777,1629526,,bus-cycles:u,1227808,100.00,,
     1.182665777,1843110,,instructions:u,1227904,100.00,,
     1.183905888,92151,,branch-misses:u,1242080,100.00,,
     1.183905888,0,,cache-misses:u,1243648,100.00,,
     1.183905888,1646486,,bus-cycles:u,1244640,100.00,,
     1.183905888,1847340,,instructions:u,1245760,100.00,,
     1.185209014,97317,,branch-misses:u,1302336,100.00,,
     1.185209014,0,,cache-misses:u,1301536,100.00,,
     1.185209014,1727066,,bus-cycles:u,1300960,100.00,,
     1.185209014,1935920,,instructions:u,1300192,100.00,,
     1.186451365,92658,,branch-misses:u,1241824,100.00,,
     1.186451365,0,,cache-misses:u,1241248,100.00,,
     1.186451365,1646918,,bus-cycles:u,1240608,100.00,,
     1.186451365,1845240,,instructions:u,1240192,100.00,,
     1.187687956,91866,,branch-misses:u,1235776,100.00,,
     1.187687956,0,,cache-misses:u,1235616,100.00,,
     1.187687956,1634812,,bus-cycles:u,1235744,100.00,,
     1.187687956,1834790,,instructions:u,1235840,100.00,,
     1.188921634,92560,,branch-misses:u,1233120,100.00,,
     1.188921634,0,,cache-misses:u,1233248,100.00,,
     1.188921634,1637619,,bus-cycles:u,1233344,100.00,,
     1.188921634,1840970,,instructions:u,1233376,100.00,,
     1.190153136,91583,,branch-misses:u,1231424,100.00,,
     1.190153136,0,,cache-misses:u,1231232,100.00,,
     1.190153136,1634650,,bus-cycles:u,1231200,100.00,,
     1.190153136,1833364,,instructions:u,1231072,100.00,,
     1.191381534,91857,,branch-misses:u,1228064,100.00,,
     1.191381534,0,,cache-misses:u,1228160,100.00,,
     1.191381534,1630680,,bus-cycles:u,1228064,100.00,,
     1.191381534,1836726,,instructions:u,1228192,100.00,,
     1.192612588,92115,,branch-misses:u,1231520,100.00,,
     1.192612588,0,,cache-misses:u,1231552,100.00,,
     1.192612588,1629292,,bus-cycles:u,1231648,100.00,,
     1.192612588,1836990,,instructions:u,1231552,100.00,,
     1.193864028,94275,,branch-misses:u,1251264,100.00,,
     1.193864028,0,,cache-misses:u,1251296,100.00,,
     1.193864028,1661925,,bus-cycles:u,1251328,100.00,,
     1.193864028,1879900,,instructions:u,1251296,100.00,,
     1.195094634,91555,,branch-misses:u,1230080,100.00,,
     1.195094634,0,,cache-misses:u,1229792,100.00,,
     1.195094634,1632202,,bus-cycles:u,1229632,100.00,,
     1.195094634,1837900,,instructions:u,1229632,100.00,,
     1.196324632,91976,,branch-misses:u,1230048,100.00,,
     1.196324632,0,,cache-misses:u,1230176,100.00,,
     1.196324632,1628069,,bus-cycles:u,1230240,100.00,,
     1.196324632,1839660,,instructions:u,1230240,100.00,,
     1.197557766,92255,,branch-misses:u,1232704,100.00,,
     1.197557766,0,,cache-misses:u,1232576,100.00,,
     1.197557766,1637442,,bus-cycles:u,1232544,100.00,,
     1.197557766,1857120,,instructions:u,1232608,100.00,,
     1.198785235,92329,,branch-misses:u,1227424,100.00,,
     1.198785235,0,,cache-misses:u,1227744,100.00,,
     1.198785235,1631026,,bus-cycles:u,1227712,100.00,,
     1.198785235,1846980,,instructions:u,1227680,100.00,,
     1.200025538,92471,,branch-misses:u,1242560,100.00,,
     1.200025538,0,,cache-misses:u,1244576,100.00,,
     1.200025538,1650191,,bus-cycles:u,1245984,100.00,,
     1.200025538,1861171,,instructions:u,1247424,100.00,,
     1.201309622,95778,,branch-misses:u,1282784,100.00,,
     1.201309622,0,,cache-misses:u,1281056,100.00,,
     1.201309622,1699910,,bus-cycles:u,1280096,100.00,,
     1.201309622,1905529,,instructions:u,1279008,100.00,,
     1.202548613,91986,,branch-misses:u,1238624,100.00,,
     1.202548613,0,,cache-misses:u,1238656,100.00,,
     1.202548613,1644968,,bus-cycles:u,1238240,100.00,,
     1.202548613,1839780,,instructions:u,1237760,100.00,,
     1.203783155,91417,,branch-misses:u,1233952,100.00,,
     1.203783155,0,,cache-misses:u,1233600,100.00,,
     1.203783155,1632187,,bus-cycles:u,1233632,100.00,,
     1.203783155,1827000,,instructions:u,1233664,100.00,,
     1.205016738,91999,,branch-misses:u,1232736,100.00,,
     1.205016738,0,,cache-misses:u,1232672,100.00,,
     1.205016738,1637356,,bus-cycles:u,1232640,100.00,,
     1.205016738,1840400,,instructions:u,1232640,100.00,,
     1.206247568,91620,,branch-misses:u,1230752,100.00,,
     1.206247568,0,,cache-misses:u,1230784,100.00,,
     1.206247568,1634605,,bus-cycles:u,1230784,100.00,,
     1.206247568,1835244,,instructions:u,1230912,100.00,,
     1.207477021,92187,,branch-misses:u,1229312,100.00,,
     1.207477021,0,,cache-misses:u,1229376,100.00,,
     1.207477021,1632511,,bus-cycles:u,1229504,100.00,,
     1.207477021,1849376,,instructions:u,1229504,100.00,,
     1.208726125,93345,,branch-misses:u,1249696,100.00,,
     1.208726125,0,,cache-misses:u,1249696,100.00,,
     1.208726125,1654245,,bus-cycles:u,1249600,100.00,,
     1.208726125,1876120,,instructions:u,1249632,100.00,,
     1.209957243,92461,,branch-misses:u,1230272,100.00,,
     1.209957243,0,,cache-misses:u,1230208,100.00,,
     1.209957243,1632998,,bus-cycles:u,1230112,100.00,,
     1.209957243,1844130,,instructions:u,1229984,100.00,,
     1.211186185,92021,,branch-misses:u,1228640,100.00,,
     1.211186185,0,,cache-misses:u,1228512,100.00,,
     1.211186185,1630547,,bus-cycles:u,1228512,100.00,,
     1.211186185,1843610,,instructions:u,1228512,100.00,,
     1.212416343,91382,,branch-misses:u,1230592,100.00,,
     1.212416343,0,,cache-misses:u,1230688,100.00,,
     1.212416343,1628136,,bus-cycles:u,1230720,100.00,,
     1.212416343,1837550,,instructions:u,1230752,100.00,,
     1.213646885,92096,,branch-misses:u,1229856,100.00,,
     1.213646885,0,,cache-misses:u,1229856,100.00,,
     1.213646885,1632917,,bus-cycles:u,1229792,100.00,,
     1.213646885,1843110,,instructions:u,1229856,100.00,,
     1.214874450,92248,,branch-misses:u,1227392,100.00,,
     1.214874450,0,,cache-misses:u,1227328,100.00,,
     1.214874450,1629557,,bus-cycles:u,1227328,100.00,,
     1.214874450,1846570,,instructions:u,1227264,100.00,,
     1.216112193,92562,,branch-misses:u,1238752,100.00,,
     1.216112193,0,,cache-misses:u,1239584,100.00,,
     1.216112193,1640744,,bus-cycles:u,1239840,100.00,,
     1.216112193,1848460,,instructions:u,1240064,100.00,,
     1.217401525,97140,,branch-misses:u,1288896,100.00,,
     1.217401525,0,,cache-misses:u,1288192,100.00,,
     1.217401525,1711824,,bus-cycles:u,1288224,100.00,,
     1.217401525,1937090,,instructions:u,1288224,100.00,,
     1.218632931,91488,,branch-misses:u,1231040,100.00,,
     1.218632931,0,,cache-misses:u,1230784,100.00,,
     1.218632931,1634202,,bus-cycles:u,1230560,100.00,,
     1.218632931,1830300,,instructions:u,1230368,100.00,,
     1.219862161,91520,,branch-misses:u,1229568,100.00,,
     1.219862161,0,,cache-misses:u,1229856,100.00,,
     1.219862161,1627599,,bus-cycles:u,1229856,100.00,,
     1.219862161,1831170,,instructions:u,1229792,100.00,,
     1.221097951,91899,,branch-misses:u,1234912,100.00,,
     1.221097951,0,,cache-misses:u,1234560,100.00,,
     1.221097951,1639124,,bus-cycles:u,1234496,100.00,,
     1.221097951,1841330,,instructions:u,1234656,100.00,,
     1.222327757,91757,,branch-misses:u,1229472,100.00,,
     1.222327757,0,,cache-misses:u,1229792,100.00,,
     1.222327757,1632665,,bus-cycles:u,1229920,100.00,,
     1.222327757,1830870,,instructions:u,1229696,100.00,,
     1.223556443,91021,,branch-misses:u,1228768,100.00,,
     1.223556443,0,,cache-misses:u,1228672,100.00,,
     1.223556443,1631417,,bus-cycles:u,1228608,100.00,,
     1.223556443,1828440,,instructions:u,1239968,100.00,,
     1.224802571,92248,,branch-misses:u,1245824,100.00,,
     1.224802571,0,,cache-misses:u,1245888,100.00,,
     1.224802571,1647770,,bus-cycles:u,1245824,100.00,,
     1.224802571,1835550,,instructions:u,1234560,100.00,,
     1.226030456,91978,,branch-misses:u,1227680,100.00,,
     1.226030456,0,,cache-misses:u,1227680,100.00,,
     1.226030456,1631059,,bus-cycles:u,1227808,100.00,,
     1.226030456,1835930,,instructions:u,1227712,100.00,,
     1.227259270,92079,,branch-misses:u,1228704,100.00,,
     1.227259270,0,,cache-misses:u,1228608,100.00,,
     1.227259270,1631642,,bus-cycles:u,1228512,100.00,,
     1.227259270,1844520,,instructions:u,1228672,100.00,,
     1.228489364,92082,,branch-misses:u,1230240,100.00,,
     1.228489364,0,,cache-misses:u,1230432,100.00,,
     1.228489364,1628225,,bus-cycles:u,1230528,100.00,,
     1.228489364,1837924,,instructions:u,1230496,100.00,,
     1.229720898,92113,,branch-misses:u,1231040,100.00,,
     1.229720898,0,,cache-misses:u,1230688,100.00,,
     1.229720898,1633912,,bus-cycles:u,1230592,100.00,,
     1.229720898,1850606,,instructions:u,1230528,100.00,,
     1.230949615,91755,,branch-misses:u,1228576,100.00,,
     1.230949615,0,,cache-misses:u,1228800,100.00,,
     1.230949615,1630642,,bus-cycles:u,1228800,100.00,,
     1.230949615,1836490,,instructions:u,1228768,100.00,,
     1.232189822,93094,,branch-misses:u,1243296,100.00,,
     1.232189822,0,,cache-misses:u,1245152,100.00,,
     1.232189822,1649306,,bus-cycles:u,1246720,100.00,,
     1.232189822,1864840,,instructions:u,1248096,100.00,,
     1.233470290,96167,,branch-misses:u,1278816,100.00,,
     1.233470290,0,,cache-misses:u,1278016,100.00,,
     1.233470290,1695938,,bus-cycles:u,1277088,100.00,,
     1.233470290,1919724,,instructions:u,1276448,100.00,,
     1.234714241,93090,,branch-misses:u,1243424,100.00,,
     1.234714241,0,,cache-misses:u,1242688,100.00,,
     1.234714241,1649323,,bus-cycles:u,1242080,100.00,,
     1.234714241,1856236,,instructions:u,1241472,100.00,,
     1.235951792,92492,,branch-misses:u,1236544,100.00,,
     1.235951792,0,,cache-misses:u,1236192,100.00,,
     1.235951792,1635854,,bus-cycles:u,1236192,100.00,,
     1.235951792,1851540,,instructions:u,1236096,100.00,,
     1.237184606,92225,,branch-misses:u,1232320,100.00,,
     1.237184606,0,,cache-misses:u,1232640,100.00,,
     1.237184606,1635953,,bus-cycles:u,1232736,100.00,,
     1.237184606,1844620,,instructions:u,1232736,100.00,,
     1.238415724,92528,,branch-misses:u,1230848,100.00,,
     1.238415724,0,,cache-misses:u,1230592,100.00,,
     1.238415724,1633350,,bus-cycles:u,1230560,100.00,,
     1.238415724,1850050,,instructions:u,1230624,100.00,,
     1.239668092,93547,,branch-misses:u,1252928,100.00,,
     1.239668092,0,,cache-misses:u,1252896,100.00,,
     1.239668092,1654931,,bus-cycles:u,1252864,100.00,,
     1.239668092,1870560,,instructions:u,1252864,100.00,,
     1.240900586,91873,,branch-misses:u,1231680,100.00,,
     1.240900586,0,,cache-misses:u,1231680,100.00,,
     1.240900586,1634510,,bus-cycles:u,1231712,100.00,,
     1.240900586,1845790,,instructions:u,1231680,100.00,,
     1.242128216,92266,,branch-misses:u,1227360,100.00,,
     1.242128216,0,,cache-misses:u,1227392,100.00,,
     1.242128216,1628533,,bus-cycles:u,1227296,100.00,,
     1.242128216,1845880,,instructions:u,1227264,100.00,,
     1.243357606,92245,,branch-misses:u,1229376,100.00,,
     1.243357606,0,,cache-misses:u,1229280,100.00,,
     1.243357606,1631291,,bus-cycles:u,1229280,100.00,,
     1.243357606,1845550,,instructions:u,1229344,100.00,,
     1.244588948,91939,,branch-misses:u,1231520,100.00,,
     1.244588948,0,,cache-misses:u,1231264,100.00,,
     1.244588948,1628296,,bus-cycles:u,1231264,100.00,,
     1.244588948,1836650,,instructions:u,1231200,100.00,,
     1.245820546,92651,,branch-misses:u,1231168,100.00,,
     1.245820546,0,,cache-misses:u,1231488,100.00,,
     1.245820546,1634610,,bus-cycles:u,1231648,100.00,,
     1.245820546,1850370,,instructions:u,1231680,100.00,,
     1.247049391,92131,,branch-misses:u,1228672,100.00,,
     1.247049391,0,,cache-misses:u,1228448,100.00,,
     1.247049391,1630210,,bus-cycles:u,1228288,100.00,,
     1.247049391,1840412,,instructions:u,1228256,100.00,,
     1.248290462,93061,,branch-misses:u,1243904,100.00,,
     1.248290462,0,,cache-misses:u,1246560,100.00,,
     1.248290462,1651507,,bus-cycles:u,1248512,100.00,,
     1.248290462,1869998,,instructions:u,1250496,100.00,,
     1.249629017,99623,,branch-misses:u,1337408,100.00,,
     1.249629017,0,,cache-misses:u,1335488,100.00,,
     1.249629017,1772624,,bus-cycles:u,1334208,100.00,,
     1.249629017,1985210,,instructions:u,1332928,100.00,,
     1.250875016,92598,,branch-misses:u,1245376,100.00,,
     1.250875016,0,,cache-misses:u,1245216,100.00,,
     1.250875016,1652228,,bus-cycles:u,1244672,100.00,,
     1.250875016,1851440,,instructions:u,1244032,100.00,,
     1.252114135,92639,,branch-misses:u,1240064,100.00,,
     1.252114135,0,,cache-misses:u,1240416,100.00,,
     1.252114135,1640537,,bus-cycles:u,1240576,100.00,,
     1.252114135,1858150,,instructions:u,1240608,100.00,,
     1.253357990,93020,,branch-misses:u,1241408,100.00,,
     1.253357990,0,,cache-misses:u,1241120,100.00,,
     1.253357990,1647065,,bus-cycles:u,1240832,100.00,,
     1.253357990,1858610,,instructions:u,1240896,100.00,,
     1.254587956,92056,,branch-misses:u,1229728,100.00,,
     1.254587956,0,,cache-misses:u,1229088,100.00,,
     1.254587956,1630689,,bus-cycles:u,1229088,100.00,,
     1.254587956,1836300,,instructions:u,1228896,100.00,,
     1.255817634,91553,,branch-misses:u,1229888,100.00,,
     1.255817634,0,,cache-misses:u,1229856,100.00,,
     1.255817634,1626476,,bus-cycles:u,1229824,100.00,,
     1.255817634,1821270,,instructions:u,1229856,100.00,,
     1.257049232,91736,,branch-misses:u,1230976,100.00,,
     1.257049232,0,,cache-misses:u,1231040,100.00,,
     1.257049232,1633328,,bus-cycles:u,1231072,100.00,,
     1.257049232,1836560,,instructions:u,1231168,100.00,,
     1.258278910,91578,,branch-misses:u,1229472,100.00,,
     1.258278910,0,,cache-misses:u,1229472,100.00,,
     1.258278910,1631241,,bus-cycles:u,1229536,100.00,,
     1.258278910,1830126,,instructions:u,1229504,100.00,,
     1.259507019,91569,,branch-misses:u,1228000,100.00,,
     1.259507019,0,,cache-misses:u,1228256,100.00,,
     1.259507019,1628932,,bus-cycles:u,1228224,100.00,,
     1.259507019,1839474,,instructions:u,1228192,100.00,,
     1.260754619,93044,,branch-misses:u,1248000,100.00,,
     1.260754619,0,,cache-misses:u,1247744,100.00,,
     1.260754619,1649679,,bus-cycles:u,1247744,100.00,,
     1.260754619,1861220,,instructions:u,1247840,100.00,,
     1.261983369,91449,,branch-misses:u,1228128,100.00,,
     1.261983369,0,,cache-misses:u,1228416,100.00,,
     1.261983369,1629442,,bus-cycles:u,1228480,100.00,,
     1.261983369,1830330,,instructions:u,1228448,100.00,,
     1.263230009,93051,,branch-misses:u,1246976,100.00,,
     1.263230009,0,,cache-misses:u,1246944,100.00,,
     1.263230009,1654559,,bus-cycles:u,1246880,100.00,,
     1.263230009,1855690,,instructions:u,1246816,100.00,,
     1.264474248,92678,,branch-misses:u,1245120,100.00,,
     1.264474248,0,,cache-misses:u,1246208,100.00,,
     1.264474248,1649237,,bus-cycles:u,1246816,100.00,,
     1.264474248,1858300,,instructions:u,1247360,100.00,,
     1.265751323,95437,,branch-misses:u,1276704,100.00,,
     1.265751323,0,,cache-misses:u,1276544,100.00,,
     1.265751323,1693976,,bus-cycles:u,1276352,100.00,,
     1.265751323,1913250,,instructions:u,1276288,100.00,,
     1.266992202,92687,,branch-misses:u,1240544,100.00,,
     1.266992202,0,,cache-misses:u,1239872,100.00,,
     1.266992202,1645462,,bus-cycles:u,1239648,100.00,,
     1.266992202,1842810,,instructions:u,1239296,100.00,,
     1.268226777,91966,,branch-misses:u,1234080,100.00,,
     1.268226777,0,,cache-misses:u,1233920,100.00,,
     1.268226777,1632001,,bus-cycles:u,1233824,100.00,,
     1.268226777,1839070,,instructions:u,1233760,100.00,,
     1.269460551,90830,,branch-misses:u,1233056,100.00,,
     1.269460551,0,,cache-misses:u,1232864,100.00,,
     1.269460551,1635855,,bus-cycles:u,1232800,100.00,,
     1.269460551,1817201,,instructions:u,1232736,100.00,,
     1.270689813,91714,,branch-misses:u,1228896,100.00,,
     1.270689813,0,,cache-misses:u,1228864,100.00,,
     1.270689813,1630947,,bus-cycles:u,1228864,100.00,,
     1.270689813,1828059,,instructions:u,1228864,100.00,,
     1.271921443,91828,,branch-misses:u,1231968,100.00,,
     1.271921443,0,,cache-misses:u,1232000,100.00,,
     1.271921443,1629831,,bus-cycles:u,1231904,100.00,,
     1.271921443,1839306,,instructions:u,1231936,100.00,,
     1.273152592,91799,,branch-misses:u,1230720,100.00,,
     1.273152592,0,,cache-misses:u,1230816,100.00,,
     1.273152592,1634230,,bus-cycles:u,1231168,100.00,,
     1.273152592,1829174,,instructions:u,1231168,100.00,,
     1.274382270,91513,,branch-misses:u,1229600,100.00,,
     1.274382270,0,,cache-misses:u,1229376,100.00,,
     1.274382270,1631519,,bus-cycles:u,1229152,100.00,,
     1.274382270,1828050,,instructions:u,1229120,100.00,,
     1.275612236,91601,,branch-misses:u,1230016,100.00,,
     1.275612236,0,,cache-misses:u,1230240,100.00,,
     1.275612236,1626104,,bus-cycles:u,1230208,100.00,,
     1.275612236,1832050,,instructions:u,1230208,100.00,,
     1.276843514,91612,,branch-misses:u,1230816,100.00,,
     1.276843514,0,,cache-misses:u,1230656,100.00,,
     1.276843514,1632732,,bus-cycles:u,1230592,100.00,,
     1.276843514,1830948,,instructions:u,1230496,100.00,,
     1.278070759,91736,,branch-misses:u,1226976,100.00,,
     1.278070759,0,,cache-misses:u,1226784,100.00,,
     1.278070759,1627335,,bus-cycles:u,1226784,100.00,,
     1.278070759,1830052,,instructions:u,1226848,100.00,,
     1.279298613,92004,,branch-misses:u,1227744,100.00,,
     1.279298613,0,,cache-misses:u,1228032,100.00,,
     1.279298613,1628859,,bus-cycles:u,1228128,100.00,,
     1.279298613,1840770,,instructions:u,1228128,100.00,,
     1.280542788,92501,,branch-misses:u,1246912,100.00,,
     1.280542788,0,,cache-misses:u,1249376,100.00,,
     1.280542788,1653343,,bus-cycles:u,1251264,100.00,,
     1.280542788,1854380,,instructions:u,1253216,100.00,,
     1.281857564,97712,,branch-misses:u,1313696,100.00,,
     1.281857564,0,,cache-misses:u,1311744,100.00,,
     1.281857564,1738239,,bus-cycles:u,1310432,100.00,,
     1.281857564,1946910,,instructions:u,1309152,100.00,,
     1.283101803,91561,,branch-misses:u,1243616,100.00,,
     1.283101803,0,,cache-misses:u,1243520,100.00,,
     1.283101803,1647981,,bus-cycles:u,1243008,100.00,,
     1.283101803,1831620,,instructions:u,1242400,100.00,,
     1.284339578,92194,,branch-misses:u,1236672,100.00,,
     1.284339578,0,,cache-misses:u,1236288,100.00,,
     1.284339578,1634862,,bus-cycles:u,1236224,100.00,,
     1.284339578,1847100,,instructions:u,1236224,100.00,,
     1.285595787,93521,,branch-misses:u,1255936,100.00,,
     1.285595787,0,,cache-misses:u,1256032,100.00,,
     1.285595787,1666202,,bus-cycles:u,1256096,100.00,,
     1.285595787,1869340,,instructions:u,1256064,100.00,,
     1.286827865,92298,,branch-misses:u,1231616,100.00,,
     1.286827865,0,,cache-misses:u,1231648,100.00,,
     1.286827865,1633941,,bus-cycles:u,1231584,100.00,,
     1.286827865,1842150,,instructions:u,1231616,100.00,,
     1.288060167,91721,,branch-misses:u,1232608,100.00,,
     1.288060167,0,,cache-misses:u,1232512,100.00,,
     1.288060167,1629012,,bus-cycles:u,1232512,100.00,,
     1.288060167,1844400,,instructions:u,1232480,100.00,,
     1.289291061,91829,,branch-misses:u,1230144,100.00,,
     1.289291061,0,,cache-misses:u,1230144,100.00,,
     1.289291061,1630060,,bus-cycles:u,1230080,100.00,,
     1.289291061,1843444,,instructions:u,1230048,100.00,,
     1.290519651,92048,,branch-misses:u,1228416,100.00,,
     1.290519651,0,,cache-misses:u,1228352,100.00,,
     1.290519651,1629473,,bus-cycles:u,1228352,100.00,,
     1.290519651,1836746,,instructions:u,1228384,100.00,,
     1.291750256,91517,,branch-misses:u,1231008,100.00,,
     1.291750256,0,,cache-misses:u,1231040,100.00,,
     1.291750256,1627854,,bus-cycles:u,1231104,100.00,,
     1.291750256,1839560,,instructions:u,1231072,100.00,,
     1.292981822,91770,,branch-misses:u,1230912,100.00,,
     1.292981822,0,,cache-misses:u,1230944,100.00,,
     1.292981822,1632800,,bus-cycles:u,1230944,100.00,,
     1.292981822,1833736,,instructions:u,1231008,100.00,,
     1.294211020,91303,,branch-misses:u,1229056,100.00,,
     1.294211020,0,,cache-misses:u,1229088,100.00,,
     1.294211020,1629187,,bus-cycles:u,1229088,100.00,,
     1.294211020,1822164,,instructions:u,1229056,100.00,,
     1.295439834,91749,,branch-misses:u,1228640,100.00,,
     1.295439834,0,,cache-misses:u,1228640,100.00,,
     1.295439834,1628322,,bus-cycles:u,1228640,100.00,,
     1.295439834,1841300,,instructions:u,1228672,100.00,,
     1.296697355,93224,,branch-misses:u,1260512,100.00,,
     1.296697355,0,,cache-misses:u,1262976,100.00,,
     1.296697355,1672033,,bus-cycles:u,1264896,100.00,,
     1.296697355,1875910,,instructions:u,1266208,100.00,,
     1.298027940,98619,,branch-misses:u,1328864,100.00,,
     1.298027940,0,,cache-misses:u,1327200,100.00,,
     1.298027940,1759451,,bus-cycles:u,1325792,100.00,,
     1.298027940,1975270,,instructions:u,1325024,100.00,,
     1.299268627,92328,,branch-misses:u,1240352,100.00,,
     1.299268627,0,,cache-misses:u,1239808,100.00,,
     1.299268627,1643602,,bus-cycles:u,1239296,100.00,,
     1.299268627,1839300,,instructions:u,1238752,100.00,,
     1.300508226,91951,,branch-misses:u,1238816,100.00,,
     1.300508226,0,,cache-misses:u,1238432,100.00,,
     1.300508226,1636501,,bus-cycles:u,1238432,100.00,,
     1.300508226,1839040,,instructions:u,1238496,100.00,,
     1.301744401,91981,,branch-misses:u,1235328,100.00,,
     1.301744401,0,,cache-misses:u,1235296,100.00,,
     1.301744401,1638105,,bus-cycles:u,1235232,100.00,,
     1.301744401,1834530,,instructions:u,1235168,100.00,,
     1.302975935,91790,,branch-misses:u,1231456,100.00,,
     1.302975935,0,,cache-misses:u,1231168,100.00,,
     1.302975935,1632409,,bus-cycles:u,1231104,100.00,,
     1.302975935,1832120,,instructions:u,1231072,100.00,,
     1.304206764,91525,,branch-misses:u,1231392,100.00,,
     1.304206764,0,,cache-misses:u,1231712,100.00,,
     1.304206764,1627840,,bus-cycles:u,1231840,100.00,,
     1.304206764,1829184,,instructions:u,1231808,100.00,,
     1.305439643,92138,,branch-misses:u,1232096,100.00,,
     1.305439643,0,,cache-misses:u,1231904,100.00,,
     1.305439643,1633422,,bus-cycles:u,1231744,100.00,,
     1.305439643,1843504,,instructions:u,1231744,100.00,,
     1.306667720,90364,,branch-misses:u,1228064,100.00,,
     1.306667720,0,,cache-misses:u,1228448,100.00,,
     1.306667720,1629638,,bus-cycles:u,1228640,100.00,,
     1.306667720,1814022,,instructions:u,1228704,100.00,,
     1.307917176,92910,,branch-misses:u,1249792,100.00,,
     1.307917176,0,,cache-misses:u,1249728,100.00,,
     1.307917176,1651594,,bus-cycles:u,1249792,100.00,,
     1.307917176,1855120,,instructions:u,1249856,100.00,,
     1.309150886,92081,,branch-misses:u,1232960,100.00,,
     1.309150886,0,,cache-misses:u,1232704,100.00,,
     1.309150886,1635076,,bus-cycles:u,1232512,100.00,,
     1.309150886,1849850,,instructions:u,1232448,100.00,,
     1.310379988,91238,,branch-misses:u,1228896,100.00,,
     1.310379988,0,,cache-misses:u,1229152,100.00,,
     1.310379988,1630820,,bus-cycles:u,1229344,100.00,,
     1.310379988,1832760,,instructions:u,1229376,100.00,,
     1.311609346,91291,,branch-misses:u,1229568,100.00,,
     1.311609346,0,,cache-misses:u,1229504,100.00,,
     1.311609346,1625204,,bus-cycles:u,1229408,100.00,,
     1.311609346,1820280,,instructions:u,1229344,100.00,,
     1.312853297,92554,,branch-misses:u,1244096,100.00,,
     1.312853297,0,,cache-misses:u,1244768,100.00,,
     1.312853297,1651422,,bus-cycles:u,1244928,100.00,,
     1.312853297,1850910,,instructions:u,1245152,100.00,,
     1.314122884,95029,,branch-misses:u,1269568,100.00,,
     1.314122884,0,,cache-misses:u,1269216,100.00,,
     1.314122884,1684090,,bus-cycles:u,1269216,100.00,,
     1.314122884,1895430,,instructions:u,1269248,100.00,,
     1.315357458,92364,,branch-misses:u,1234112,100.00,,
     1.315357458,0,,cache-misses:u,1234272,100.00,,
     1.315357458,1637097,,bus-cycles:u,1234112,100.00,,
     1.315357458,1842340,,instructions:u,1233888,100.00,,
     1.316592576,91615,,branch-misses:u,1235200,100.00,,
     1.316592576,0,,cache-misses:u,1234688,100.00,,
     1.316592576,1630277,,bus-cycles:u,1234624,100.00,,
     1.316592576,1835770,,instructions:u,1234624,100.00,,
     1.317825774,92081,,branch-misses:u,1232416,100.00,,
     1.317825774,0,,cache-misses:u,1232448,100.00,,
     1.317825774,1633805,,bus-cycles:u,1232448,100.00,,
     1.317825774,1844640,,instructions:u,1232416,100.00,,
     1.319056668,91480,,branch-misses:u,1230144,100.00,,
     1.319056668,0,,cache-misses:u,1230432,100.00,,
     1.319056668,1632079,,bus-cycles:u,1230400,100.00,,
     1.319056668,1833200,,instructions:u,1230400,100.00,,
     1.320288554,90965,,branch-misses:u,1232800,100.00,,
     1.320288554,0,,cache-misses:u,1232768,100.00,,
     1.320288554,1630163,,bus-cycles:u,1233024,100.00,,
     1.320288554,1821132,,instructions:u,1233056,100.00,,
     1.321522105,91451,,branch-misses:u,1233024,100.00,,
     1.321522105,0,,cache-misses:u,1232768,100.00,,
     1.321522105,1634616,,bus-cycles:u,1232704,100.00,,
     1.321522105,1840108,,instructions:u,1232768,100.00,,
     1.322753030,91783,,branch-misses:u,1230752,100.00,,
     1.322753030,0,,cache-misses:u,1231008,100.00,,
     1.322753030,1632020,,bus-cycles:u,1230912,100.00,,
     1.322753030,1843300,,instructions:u,1230912,100.00,,
     1.323985012,91930,,branch-misses:u,1232288,100.00,,
     1.323985012,0,,cache-misses:u,1232032,100.00,,
     1.323985012,1627734,,bus-cycles:u,1231904,100.00,,
     1.323985012,1835140,,instructions:u,1231776,100.00,,
     1.325218435,91731,,branch-misses:u,1232896,100.00,,
     1.325218435,0,,cache-misses:u,1232992,100.00,,
     1.325218435,1634807,,bus-cycles:u,1233024,100.00,,
     1.325218435,1830090,,instructions:u,1233056,100.00,,
     1.326448048,91937,,branch-misses:u,1229472,100.00,,
     1.326448048,0,,cache-misses:u,1230176,100.00,,
     1.326448048,1631505,,bus-cycles:u,1230368,100.00,,
     1.326448048,1838968,,instructions:u,1230432,100.00,,
     1.327680478,91466,,branch-misses:u,1232736,100.00,,
     1.327680478,0,,cache-misses:u,1232128,100.00,,
     1.327680478,1628807,,bus-cycles:u,1232064,100.00,,
     1.327680478,1825782,,instructions:u,1231936,100.00,,
     1.328928334,92927,,branch-misses:u,1249600,100.00,,
     1.328928334,0,,cache-misses:u,1251456,100.00,,
     1.328928334,1661643,,bus-cycles:u,1253312,100.00,,
     1.328928334,1869360,,instructions:u,1255136,100.00,,
     1.330225316,97175,,branch-misses:u,1296128,100.00,,
     1.330225316,0,,cache-misses:u,1295840,100.00,,
     1.330225316,1717161,,bus-cycles:u,1294496,100.00,,
     1.330225316,1929910,,instructions:u,1293376,100.00,,
     1.331486005,94302,,branch-misses:u,1260352,100.00,,
     1.331486005,0,,cache-misses:u,1259616,100.00,,
     1.331486005,1670897,,bus-cycles:u,1259104,100.00,,
     1.331486005,1884990,,instructions:u,1258592,100.00,,
     1.332743046,93510,,branch-misses:u,1256320,100.00,,
     1.332743046,0,,cache-misses:u,1255840,100.00,,
     1.332743046,1659821,,bus-cycles:u,1255904,100.00,,
     1.332743046,1873510,,instructions:u,1255840,100.00,,
     1.333977268,91891,,branch-misses:u,1233152,100.00,,
     1.333977268,0,,cache-misses:u,1232512,100.00,,
     1.333977268,1633670,,bus-cycles:u,1232320,100.00,,
     1.333977268,1833190,,instructions:u,1232384,100.00,,
     1.335207554,91671,,branch-misses:u,1230176,100.00,,
     1.335207554,0,,cache-misses:u,1230240,100.00,,
     1.335207554,1632259,,bus-cycles:u,1230368,100.00,,
     1.335207554,1830190,,instructions:u,1230176,100.00,,
     1.336439952,91773,,branch-misses:u,1232544,100.00,,
     1.336439952,0,,cache-misses:u,1232480,100.00,,
     1.336439952,1629263,,bus-cycles:u,1232320,100.00,,
     1.336439952,1837860,,instructions:u,1232448,100.00,,
     1.337672670,92212,,branch-misses:u,1232224,100.00,,
     1.337672670,0,,cache-misses:u,1232064,100.00,,
     1.337672670,1634672,,bus-cycles:u,1232096,100.00,,
     1.337672670,1850760,,instructions:u,1231968,100.00,,
     1.338903052,92048,,branch-misses:u,1230208,100.00,,
     1.338903052,0,,cache-misses:u,1230592,100.00,,
     1.338903052,1632682,,bus-cycles:u,1230560,100.00,,
     1.338903052,1842440,,instructions:u,1230624,100.00,,
     1.340133210,91553,,branch-misses:u,1230464,100.00,,
     1.340133210,0,,cache-misses:u,1230272,100.00,,
     1.340133210,1627087,,bus-cycles:u,1230272,100.00,,
     1.340133210,1831110,,instructions:u,1230240,100.00,,
     1.341365448,91831,,branch-misses:u,1231712,100.00,,
     1.341365448,0,,cache-misses:u,1231712,100.00,,
     1.341365448,1634661,,bus-cycles:u,1231904,100.00,,
     1.341365448,1836990,,instructions:u,1231872,100.00,,
     1.342594582,91461,,branch-misses:u,1228864,100.00,,
     1.342594582,0,,cache-misses:u,1228896,100.00,,
     1.342594582,1630021,,bus-cycles:u,1228704,100.00,,
     1.342594582,1828510,,instructions:u,1228704,100.00,,
     1.343824356,91866,,branch-misses:u,1230080,100.00,,
     1.343824356,0,,cache-misses:u,1229824,100.00,,
     1.343824356,1626248,,bus-cycles:u,1229824,100.00,,
     1.343824356,1825870,,instructions:u,1229952,100.00,,
     1.345071123,93539,,branch-misses:u,1248864,100.00,,
     1.345071123,0,,cache-misses:u,1251552,100.00,,
     1.345071123,1663243,,bus-cycles:u,1253248,100.00,,
     1.345071123,1876680,,instructions:u,1254592,100.00,,
     1.346402413,98218,,branch-misses:u,1330176,100.00,,
     1.346402413,0,,cache-misses:u,1328736,100.00,,
     1.346402413,1762318,,bus-cycles:u,1327744,100.00,,
     1.346402413,1956380,,instructions:u,1326976,100.00,,
     1.346720785,5504,,branch-misses:u,242304,100.00,,
     1.346720785,58,,cache-misses:u,235456,100.00,,
     1.346720785,101239,,bus-cycles:u,229248,100.00,,
     1.346720785,92378,,instructions:u,223072,100.00,,
