     0.001073759,934,,branch-misses:u,485120,100.00,,
     0.001073759,335,,cache-misses:u,490944,100.00,,
     0.001073759,80412,,bus-cycles:u,494176,100.00,,
     0.001073759,31594,,instructions:u,496992,100.00,,
     0.002390929,1910,,branch-misses:u,1315072,100.00,,
     0.002390929,2177,,cache-misses:u,1314144,100.00,,
     0.002390929,1232227,,bus-cycles:u,1313664,100.00,,
     0.002390929,6511025,,instructions:u,1313856,100.00,,
     0.003563390,350,,branch-misses:u,1168000,100.00,,
     0.003563390,46,,cache-misses:u,1166528,100.00,,
     0.003563390,1550334,,bus-cycles:u,1166240,100.00,,
     0.003563390,9910780,,instructions:u,1165920,100.00,,
     0.004722797,344,,branch-misses:u,1159744,100.00,,
     0.004722797,142,,cache-misses:u,1159360,100.00,,
     0.004722797,1516339,,bus-cycles:u,1159712,100.00,,
     0.004722797,9703367,,instructions:u,1159712,100.00,,
     0.006020899,389,,branch-misses:u,1299008,100.00,,
     0.006020899,36,,cache-misses:u,1299872,100.00,,
     0.006020899,1727023,,bus-cycles:u,1299584,100.00,,
     0.006020899,11020310,,instructions:u,1299680,100.00,,
     0.007180274,343,,branch-misses:u,1157696,100.00,,
     0.007180274,56,,cache-misses:u,1156960,100.00,,
     0.007180274,1517855,,bus-cycles:u,1157024,100.00,,
     0.007180274,9696716,,instructions:u,1156800,100.00,,
     0.008330435,343,,branch-misses:u,1150624,100.00,,
     0.008330435,32,,cache-misses:u,1150816,100.00,,
     0.008330435,1529640,,bus-cycles:u,1150752,100.00,,
     0.008330435,9770050,,instructions:u,1150624,100.00,,
     0.009957241,483,,branch-misses:u,1630816,100.00,,
     0.009957241,106,,cache-misses:u,1631456,100.00,,
     0.009957241,2160522,,bus-cycles:u,1632032,100.00,,
     0.009957241,13808864,,instructions:u,1632928,100.00,,
     0.011120996,345,,branch-misses:u,1159808,100.00,,
     0.011120996,45,,cache-misses:u,1158368,100.00,,
     0.011120996,1538664,,bus-cycles:u,1157792,100.00,,
     0.011120996,9820801,,instructions:u,1157056,100.00,,
     0.012268817,342,,branch-misses:u,1148160,100.00,,
     0.012268817,31,,cache-misses:u,1148320,100.00,,
     0.012268817,1527051,,bus-cycles:u,1148288,100.00,,
     0.012268817,9759537,,instructions:u,1148192,100.00,,
     0.013418431,343,,branch-misses:u,1151264,100.00,,
     0.013418431,97,,cache-misses:u,1151616,100.00,,
     0.013418431,1523422,,bus-cycles:u,1151648,100.00,,
     0.013418431,9741820,,instructions:u,1151712,100.00,,
     0.014577386,345,,branch-misses:u,1157856,100.00,,
     0.014577386,36,,cache-misses:u,1157568,100.00,,
     0.014577386,1538725,,bus-cycles:u,1157504,100.00,,
     0.014577386,9836585,,instructions:u,1157408,100.00,,
     0.015727416,342,,branch-misses:u,1150784,100.00,,
     0.015727416,32,,cache-misses:u,1150784,100.00,,
     0.015727416,1530180,,bus-cycles:u,1150816,100.00,,
     0.015727416,9774434,,instructions:u,1150784,100.00,,
     0.016879844,341,,branch-misses:u,1152480,100.00,,
     0.016879844,132,,cache-misses:u,1152736,100.00,,
     0.016879844,1517369,,bus-cycles:u,1152832,100.00,,
     0.016879844,9709209,,instructions:u,1152832,100.00,,
     0.018037040,344,,branch-misses:u,1156896,100.00,,
     0.018037040,37,,cache-misses:u,1156768,100.00,,
     0.018037040,1537593,,bus-cycles:u,1156672,100.00,,
     0.018037040,9826364,,instructions:u,1157056,100.00,,
     0.019186462,328,,branch-misses:u,1128960,100.00,,
     0.019186462,27,,cache-misses:u,1126048,100.00,,
     0.019186462,1458792,,bus-cycles:u,1123552,100.00,,
     0.019186462,9304763,,instructions:u,1120736,100.00,,
     0.020331340,252,,branch-misses:u,888384,100.00,,
     0.020331340,609,,cache-misses:u,891712,100.00,,
     0.020331340,1130120,,bus-cycles:u,894208,100.00,,
     0.020331340,7219130,,instructions:u,896800,100.00,,
     0.021748648,420,,branch-misses:u,1419360,100.00,,
     0.021748648,206,,cache-misses:u,1419808,100.00,,
     0.021748648,1876184,,bus-cycles:u,1420064,100.00,,
     0.021748648,11979783,,instructions:u,1420000,100.00,,
     0.022912275,346,,branch-misses:u,1160608,100.00,,
     0.022912275,38,,cache-misses:u,1160096,100.00,,
     0.022912275,1542651,,bus-cycles:u,1159840,100.00,,
     0.022912275,9854678,,instructions:u,1159904,100.00,,
     0.024096954,352,,branch-misses:u,1185408,100.00,,
     0.024096954,36,,cache-misses:u,1185408,100.00,,
     0.024096954,1576422,,bus-cycles:u,1185408,100.00,,
     0.024096954,10076988,,instructions:u,1185376,100.00,,
     0.025251911,340,,branch-misses:u,1155616,100.00,,
     0.025251911,161,,cache-misses:u,1155424,100.00,,
     0.025251911,1508541,,bus-cycles:u,1155456,100.00,,
     0.025251911,9639117,,instructions:u,1155456,100.00,,
     0.026415089,347,,branch-misses:u,1163168,100.00,,
     0.026415089,33,,cache-misses:u,1163232,100.00,,
     0.026415089,1548983,,bus-cycles:u,1163264,100.00,,
     0.026415089,9894735,,instructions:u,1163168,100.00,,
     0.027575805,346,,branch-misses:u,1162176,100.00,,
     0.027575805,38,,cache-misses:u,1162816,100.00,,
     0.027575805,1547127,,bus-cycles:u,1162784,100.00,,
     0.027575805,9900879,,instructions:u,1162944,100.00,,
     0.028744039,348,,branch-misses:u,1168768,100.00,,
     0.028744039,120,,cache-misses:u,1168672,100.00,,
     0.028744039,1546568,,bus-cycles:u,1168736,100.00,,
     0.028744039,9893042,,instructions:u,1168704,100.00,,
     0.029916560,350,,branch-misses:u,1171904,100.00,,
     0.029916560,36,,cache-misses:u,1171584,100.00,,
     0.029916560,1557183,,bus-cycles:u,1171488,100.00,,
     0.029916560,9974890,,instructions:u,1171424,100.00,,
     0.031083674,347,,branch-misses:u,1166624,100.00,,
     0.031083674,30,,cache-misses:u,1166752,100.00,,
     0.031083674,1550925,,bus-cycles:u,1166880,100.00,,
     0.031083674,9912486,,instructions:u,1167008,100.00,,
     0.032247397,347,,branch-misses:u,1163520,100.00,,
     0.032247397,33,,cache-misses:u,1163392,100.00,,
     0.032247397,1547070,,bus-cycles:u,1163360,100.00,,
     0.032247397,9878218,,instructions:u,1163264,100.00,,
     0.033416079,329,,branch-misses:u,1172352,100.00,,
     0.033416079,212,,cache-misses:u,1173632,100.00,,
     0.033416079,1467690,,bus-cycles:u,1173696,100.00,,
     0.033416079,9364058,,instructions:u,1173952,100.00,,
     0.034606773,353,,branch-misses:u,1188544,100.00,,
     0.034606773,39,,cache-misses:u,1187616,100.00,,
     0.034606773,1579093,,bus-cycles:u,1187520,100.00,,
     0.034606773,10100096,,instructions:u,1187360,100.00,,
     0.035773247,347,,branch-misses:u,1166592,100.00,,
     0.035773247,33,,cache-misses:u,1166432,100.00,,
     0.035773247,1550630,,bus-cycles:u,1166368,100.00,,
     0.035773247,9902069,,instructions:u,1166400,100.00,,
     0.036937162,346,,branch-misses:u,1164352,100.00,,
     0.036937162,122,,cache-misses:u,1164128,100.00,,
     0.036937162,1539795,,bus-cycles:u,1164224,100.00,,
     0.036937162,9848603,,instructions:u,1164096,100.00,,
     0.038104052,348,,branch-misses:u,1164768,100.00,,
     0.038104052,37,,cache-misses:u,1164352,100.00,,
     0.038104052,1549670,,bus-cycles:u,1164192,100.00,,
     0.038104052,9910142,,instructions:u,1164032,100.00,,
     0.039253761,343,,branch-misses:u,1149792,100.00,,
     0.039253761,31,,cache-misses:u,1149760,100.00,,
     0.039253761,1529411,,bus-cycles:u,1149792,100.00,,
     0.039253761,9782998,,instructions:u,1149920,100.00,,
     0.040451558,362,,branch-misses:u,1214560,100.00,,
     0.040451558,69,,cache-misses:u,1221408,100.00,,
     0.040451558,1620004,,bus-cycles:u,1228128,100.00,,
     0.040451558,10390983,,instructions:u,1234336,100.00,,
     0.041789233,393,,branch-misses:u,1325408,100.00,,
     0.041789233,73,,cache-misses:u,1323136,100.00,,
     0.041789233,1749527,,bus-cycles:u,1319936,100.00,,
     0.041789233,11161842,,instructions:u,1317792,100.00,,
     0.043031821,369,,branch-misses:u,1242112,100.00,,
     0.043031821,50,,cache-misses:u,1241344,100.00,,
     0.043031821,1644268,,bus-cycles:u,1241024,100.00,,
     0.043031821,10499441,,instructions:u,1240096,100.00,,
     0.044261964,364,,branch-misses:u,1229536,100.00,,
     0.044261964,30,,cache-misses:u,1229088,100.00,,
     0.044261964,1628924,,bus-cycles:u,1229312,100.00,,
     0.044261964,10407530,,instructions:u,1229216,100.00,,
     0.045550496,382,,branch-misses:u,1289728,100.00,,
     0.045550496,91,,cache-misses:u,1290080,100.00,,
     0.045550496,1702542,,bus-cycles:u,1290496,100.00,,
     0.045550496,10883129,,instructions:u,1290848,100.00,,
     0.046779646,363,,branch-misses:u,1228288,100.00,,
     0.046779646,39,,cache-misses:u,1228256,100.00,,
     0.046779646,1626611,,bus-cycles:u,1227904,100.00,,
     0.046779646,10387133,,instructions:u,1227520,100.00,,
     0.048006718,365,,branch-misses:u,1227168,100.00,,
     0.048006718,38,,cache-misses:u,1226912,100.00,,
     0.048006718,1624993,,bus-cycles:u,1226848,100.00,,
     0.048006718,10394188,,instructions:u,1226816,100.00,,
     0.049233277,364,,branch-misses:u,1227808,100.00,,
     0.049233277,108,,cache-misses:u,1228192,100.00,,
     0.049233277,1618665,,bus-cycles:u,1227936,100.00,,
     0.049233277,10354620,,instructions:u,1228064,100.00,,
     0.050465563,367,,branch-misses:u,1231712,100.00,,
     0.050465563,36,,cache-misses:u,1231296,100.00,,
     0.050465563,1632889,,bus-cycles:u,1231232,100.00,,
     0.050465563,10431471,,instructions:u,1231136,100.00,,
     0.051690907,366,,branch-misses:u,1225408,100.00,,
     0.051690907,30,,cache-misses:u,1225184,100.00,,
     0.051690907,1623380,,bus-cycles:u,1225376,100.00,,
     0.051690907,10373488,,instructions:u,1225344,100.00,,
     0.052914074,360,,branch-misses:u,1223936,100.00,,
     0.052914074,123,,cache-misses:u,1224064,100.00,,
     0.052914074,1608298,,bus-cycles:u,1223904,100.00,,
     0.052914074,10275194,,instructions:u,1224096,100.00,,
     0.054145497,366,,branch-misses:u,1231072,100.00,,
     0.054145497,38,,cache-misses:u,1231040,100.00,,
     0.054145497,1630948,,bus-cycles:u,1230944,100.00,,
     0.054145497,10428284,,instructions:u,1230784,100.00,,
     0.055368569,363,,branch-misses:u,1223232,100.00,,
     0.055368569,34,,cache-misses:u,1223104,100.00,,
     0.055368569,1620038,,bus-cycles:u,1223136,100.00,,
     0.055368569,10345552,,instructions:u,1223072,100.00,,
     0.056591257,363,,branch-misses:u,1223584,100.00,,
     0.056591257,118,,cache-misses:u,1223584,100.00,,
     0.056591257,1613117,,bus-cycles:u,1223552,100.00,,
     0.056591257,10324565,,instructions:u,1224224,100.00,,
     0.057819928,364,,branch-misses:u,1228128,100.00,,
     0.057819928,36,,cache-misses:u,1228576,100.00,,
     0.057819928,1628467,,bus-cycles:u,1228672,100.00,,
     0.057819928,10410247,,instructions:u,1228064,100.00,,
     0.059042840,363,,branch-misses:u,1223200,100.00,,
     0.059042840,34,,cache-misses:u,1222848,100.00,,
     0.059042840,1620257,,bus-cycles:u,1222752,100.00,,
     0.059042840,10356419,,instructions:u,1222752,100.00,,
     0.060264312,362,,branch-misses:u,1221024,100.00,,
     0.060264312,33,,cache-misses:u,1220640,100.00,,
     0.060264312,1618264,,bus-cycles:u,1220672,100.00,,
     0.060264312,10340924,,instructions:u,1220800,100.00,,
     0.061509460,370,,branch-misses:u,1246688,100.00,,
     0.061509460,83,,cache-misses:u,1247168,100.00,,
     0.061509460,1646121,,bus-cycles:u,1247232,100.00,,
     0.061509460,10519632,,instructions:u,1247168,100.00,,
     0.062735443,364,,branch-misses:u,1225728,100.00,,
     0.062735443,33,,cache-misses:u,1225152,100.00,,
     0.062735443,1623598,,bus-cycles:u,1225088,100.00,,
     0.062735443,10376328,,instructions:u,1224992,100.00,,
     0.063959699,364,,branch-misses:u,1223840,100.00,,
     0.063959699,25,,cache-misses:u,1224384,100.00,,
     0.063959699,1623612,,bus-cycles:u,1224352,100.00,,
     0.063959699,10388787,,instructions:u,1224416,100.00,,
     0.065183122,363,,branch-misses:u,1225280,100.00,,
     0.065183122,110,,cache-misses:u,1224864,100.00,,
     0.065183122,1614847,,bus-cycles:u,1224896,100.00,,
     0.065183122,10330812,,instructions:u,1224928,100.00,,
     0.066411281,365,,branch-misses:u,1227456,100.00,,
     0.066411281,36,,cache-misses:u,1227360,100.00,,
     0.066411281,1625407,,bus-cycles:u,1227328,100.00,,
     0.066411281,10385851,,instructions:u,1227264,100.00,,
     0.067633266,362,,branch-misses:u,1221408,100.00,,
     0.067633266,38,,cache-misses:u,1221568,100.00,,
     0.067633266,1618458,,bus-cycles:u,1221920,100.00,,
     0.067633266,10336380,,instructions:u,1221856,100.00,,
     0.068882701,371,,branch-misses:u,1251616,100.00,,
     0.068882701,108,,cache-misses:u,1252224,100.00,,
     0.068882701,1650607,,bus-cycles:u,1251968,100.00,,
     0.068882701,10553732,,instructions:u,1252128,100.00,,
     0.070122761,368,,branch-misses:u,1239232,100.00,,
     0.070122761,33,,cache-misses:u,1238944,100.00,,
     0.070122761,1641082,,bus-cycles:u,1238848,100.00,,
     0.070122761,10503727,,instructions:u,1238688,100.00,,
     0.071350089,364,,branch-misses:u,1227488,100.00,,
     0.071350089,36,,cache-misses:u,1227424,100.00,,
     0.071350089,1625777,,bus-cycles:u,1227392,100.00,,
     0.071350089,10390069,,instructions:u,1227488,100.00,,
     0.072575848,364,,branch-misses:u,1226432,100.00,,
     0.072575848,105,,cache-misses:u,1226880,100.00,,
     0.072575848,1617197,,bus-cycles:u,1227744,100.00,,
     0.072575848,10361975,,instructions:u,1228576,100.00,,
     0.073808262,364,,branch-misses:u,1232160,100.00,,
     0.073808262,43,,cache-misses:u,1232160,100.00,,
     0.073808262,1629970,,bus-cycles:u,1232096,100.00,,
     0.073808262,10411920,,instructions:u,1231712,100.00,,
     0.075035845,365,,branch-misses:u,1227968,100.00,,
     0.075035845,29,,cache-misses:u,1227808,100.00,,
     0.075035845,1623888,,bus-cycles:u,1227360,100.00,,
     0.075035845,10394437,,instructions:u,1227136,100.00,,
     0.076262309,364,,branch-misses:u,1226624,100.00,,
     0.076262309,33,,cache-misses:u,1226592,100.00,,
     0.076262309,1624657,,bus-cycles:u,1226912,100.00,,
     0.076262309,10391740,,instructions:u,1226848,100.00,,
     0.077506657,369,,branch-misses:u,1245056,100.00,,
     0.077506657,85,,cache-misses:u,1245120,100.00,,
     0.077506657,1640769,,bus-cycles:u,1244768,100.00,,
     0.077506657,10490372,,instructions:u,1244992,100.00,,
     0.078731488,362,,branch-misses:u,1223840,100.00,,
     0.078731488,49,,cache-misses:u,1223776,100.00,,
     0.078731488,1620576,,bus-cycles:u,1223712,100.00,,
     0.078731488,10360642,,instructions:u,1223488,100.00,,
     0.079955392,364,,branch-misses:u,1224800,100.00,,
     0.079955392,36,,cache-misses:u,1224864,100.00,,
     0.079955392,1622314,,bus-cycles:u,1224864,100.00,,
     0.079955392,10371419,,instructions:u,1224864,100.00,,
     0.081181375,363,,branch-misses:u,1227040,100.00,,
     0.081181375,99,,cache-misses:u,1227072,100.00,,
     0.081181375,1617334,,bus-cycles:u,1227104,100.00,,
     0.081181375,10331538,,instructions:u,1227168,100.00,,
     0.082413406,366,,branch-misses:u,1231520,100.00,,
     0.082413406,32,,cache-misses:u,1231520,100.00,,
     0.082413406,1630525,,bus-cycles:u,1231904,100.00,,
     0.082413406,10426274,,instructions:u,1231872,100.00,,
     0.083642204,365,,branch-misses:u,1228864,100.00,,
     0.083642204,34,,cache-misses:u,1228960,100.00,,
     0.083642204,1626796,,bus-cycles:u,1228608,100.00,,
     0.083642204,10408621,,instructions:u,1228544,100.00,,
     0.084868636,363,,branch-misses:u,1227136,100.00,,
     0.084868636,114,,cache-misses:u,1227072,100.00,,
     0.084868636,1617744,,bus-cycles:u,1227520,100.00,,
     0.084868636,10353621,,instructions:u,1227744,100.00,,
     0.086098394,304,,branch-misses:u,1229696,100.00,,
     0.086098394,149,,cache-misses:u,1229760,100.00,,
     0.086098394,1351365,,bus-cycles:u,1229440,100.00,,
     0.086098394,8628576,,instructions:u,1229376,100.00,,
     0.087325402,306,,branch-misses:u,1227488,100.00,,
     0.087325402,230,,cache-misses:u,1227552,100.00,,
     0.087325402,1354086,,bus-cycles:u,1227360,100.00,,
     0.087325402,8660683,,instructions:u,1227424,100.00,,
     0.088588946,332,,branch-misses:u,1208768,100.00,,
     0.088588946,277,,cache-misses:u,1202176,100.00,,
     0.088588946,1452938,,bus-cycles:u,1196448,100.00,,
     0.088588946,9172842,,instructions:u,1190528,100.00,,
     0.090184206,364,,branch-misses:u,1232736,100.00,,
     0.090184206,761,,cache-misses:u,1236320,100.00,,
     0.090184206,1629507,,bus-cycles:u,1239360,100.00,,
     0.090184206,10405278,,instructions:u,1242304,100.00,,
     0.091359447,349,,branch-misses:u,1173216,100.00,,
     0.091359447,38,,cache-misses:u,1172832,100.00,,
     0.091359447,1559836,,bus-cycles:u,1172480,100.00,,
     0.091359447,9972768,,instructions:u,1172096,100.00,,
     0.092510372,340,,branch-misses:u,1151328,100.00,,
     0.092510372,75,,cache-misses:u,1151296,100.00,,
     0.092510372,1512397,,bus-cycles:u,1151264,100.00,,
     0.092510372,9660607,,instructions:u,1151328,100.00,,
     0.093662353,344,,branch-misses:u,1151584,100.00,,
     0.093662353,88,,cache-misses:u,1151488,100.00,,
     0.093662353,1532386,,bus-cycles:u,1151424,100.00,,
     0.093662353,9800696,,instructions:u,1151264,100.00,,
     0.094809630,343,,branch-misses:u,1147168,100.00,,
     0.094809630,31,,cache-misses:u,1147040,100.00,,
     0.094809630,1526021,,bus-cycles:u,1146912,100.00,,
     0.094809630,9756101,,instructions:u,1146944,100.00,,
     0.095955884,341,,branch-misses:u,1146496,100.00,,
     0.095955884,30,,cache-misses:u,1146592,100.00,,
     0.095955884,1525916,,bus-cycles:u,1146624,100.00,,
     0.095955884,9745722,,instructions:u,1146624,100.00,,
     0.097101467,341,,branch-misses:u,1146528,100.00,,
     0.097101467,120,,cache-misses:u,1146464,100.00,,
     0.097101467,1515666,,bus-cycles:u,1146560,100.00,,
     0.097101467,9692050,,instructions:u,1146592,100.00,,
     0.098252296,343,,branch-misses:u,1150336,100.00,,
     0.098252296,37,,cache-misses:u,1150304,100.00,,
     0.098252296,1531095,,bus-cycles:u,1150208,100.00,,
     0.098252296,9783742,,instructions:u,1150304,100.00,,
     0.099398102,343,,branch-misses:u,1145600,100.00,,
     0.099398102,34,,cache-misses:u,1145568,100.00,,
     0.099398102,1524574,,bus-cycles:u,1145536,100.00,,
     0.099398102,9765168,,instructions:u,1145472,100.00,,
     0.100543620,343,,branch-misses:u,1146688,100.00,,
     0.100543620,88,,cache-misses:u,1146912,100.00,,
     0.100543620,1518054,,bus-cycles:u,1146912,100.00,,
     0.100543620,9701413,,instructions:u,1146880,100.00,,
     0.101693585,343,,branch-misses:u,1149696,100.00,,
     0.101693585,42,,cache-misses:u,1149472,100.00,,
     0.101693585,1529367,,bus-cycles:u,1149504,100.00,,
     0.101693585,9772792,,instructions:u,1149440,100.00,,
     0.102839263,341,,branch-misses:u,1145824,100.00,,
     0.102839263,31,,cache-misses:u,1145536,100.00,,
     0.102839263,1524050,,bus-cycles:u,1145600,100.00,,
     0.102839263,9743685,,instructions:u,1145664,100.00,,
     0.103984941,341,,branch-misses:u,1145536,100.00,,
     0.103984941,35,,cache-misses:u,1145632,100.00,,
     0.103984941,1522707,,bus-cycles:u,1145600,100.00,,
     0.103984941,9734083,,instructions:u,1145600,100.00,,
     0.105130651,338,,branch-misses:u,1147200,100.00,,
     0.105130651,143,,cache-misses:u,1147520,100.00,,
     0.105130651,1509732,,bus-cycles:u,1147616,100.00,,
     0.105130651,9646900,,instructions:u,1147680,100.00,,
     0.106284520,347,,branch-misses:u,1153280,100.00,,
     0.106284520,36,,cache-misses:u,1153344,100.00,,
     0.106284520,1532761,,bus-cycles:u,1153184,100.00,,
     0.106284520,9806563,,instructions:u,1153088,100.00,,
     0.107430710,340,,branch-misses:u,1146304,100.00,,
     0.107430710,35,,cache-misses:u,1146048,100.00,,
     0.107430710,1522822,,bus-cycles:u,1146080,100.00,,
     0.107430710,9720442,,instructions:u,1146080,100.00,,
     0.108576164,341,,branch-misses:u,1146336,100.00,,
     0.108576164,118,,cache-misses:u,1146528,100.00,,
     0.108576164,1513654,,bus-cycles:u,1146560,100.00,,
     0.108576164,9667886,,instructions:u,1146528,100.00,,
     0.109727025,344,,branch-misses:u,1150400,100.00,,
     0.109727025,44,,cache-misses:u,1150176,100.00,,
     0.109727025,1529543,,bus-cycles:u,1150112,100.00,,
     0.109727025,9786355,,instructions:u,1150112,100.00,,
     0.110872895,341,,branch-misses:u,1145792,100.00,,
     0.110872895,34,,cache-misses:u,1145568,100.00,,
     0.110872895,1523962,,bus-cycles:u,1145568,100.00,,
     0.110872895,9751453,,instructions:u,1145728,100.00,,
     0.112031467,347,,branch-misses:u,1159040,100.00,,
     0.112031467,32,,cache-misses:u,1159136,100.00,,
     0.112031467,1542623,,bus-cycles:u,1159136,100.00,,
     0.112031467,9868495,,instructions:u,1159040,100.00,,
     0.113179225,342,,branch-misses:u,1148800,100.00,,
     0.113179225,113,,cache-misses:u,1149152,100.00,,
     0.113179225,1521033,,bus-cycles:u,1149216,100.00,,
     0.113179225,9720441,,instructions:u,1149184,100.00,,
     0.114328902,343,,branch-misses:u,1149120,100.00,,
     0.114328902,41,,cache-misses:u,1149120,100.00,,
     0.114328902,1529317,,bus-cycles:u,1149120,100.00,,
     0.114328902,9769978,,instructions:u,1149120,100.00,,
     0.115474900,340,,branch-misses:u,1146112,100.00,,
     0.115474900,43,,cache-misses:u,1146016,100.00,,
     0.115474900,1524634,,bus-cycles:u,1145952,100.00,,
     0.115474900,9726257,,instructions:u,1145952,100.00,,
     0.116619842,342,,branch-misses:u,1145888,100.00,,
     0.116619842,101,,cache-misses:u,1146016,100.00,,
     0.116619842,1516406,,bus-cycles:u,1146048,100.00,,
     0.116619842,9706686,,instructions:u,1146080,100.00,,
     0.117771247,345,,branch-misses:u,1150592,100.00,,
     0.117771247,32,,cache-misses:u,1150464,100.00,,
     0.117771247,1530670,,bus-cycles:u,1150368,100.00,,
     0.117771247,9798639,,instructions:u,1150336,100.00,,
     0.118917789,342,,branch-misses:u,1147008,100.00,,
     0.118917789,29,,cache-misses:u,1147040,100.00,,
     0.118917789,1526271,,bus-cycles:u,1147136,100.00,,
     0.118917789,9766374,,instructions:u,1147072,100.00,,
     0.120063052,340,,branch-misses:u,1145120,100.00,,
     0.120063052,36,,cache-misses:u,1144896,100.00,,
     0.120063052,1522226,,bus-cycles:u,1144896,100.00,,
     0.120063052,9725294,,instructions:u,1144960,100.00,,
     0.121208602,340,,branch-misses:u,1147072,100.00,,
     0.121208602,111,,cache-misses:u,1147424,100.00,,
     0.121208602,1511602,,bus-cycles:u,1147456,100.00,,
     0.121208602,9663662,,instructions:u,1147456,100.00,,
     0.122362182,342,,branch-misses:u,1152928,100.00,,
     0.122362182,42,,cache-misses:u,1152832,100.00,,
     0.122362182,1532260,,bus-cycles:u,1152800,100.00,,
     0.122362182,9797382,,instructions:u,1152832,100.00,,
     0.123508500,342,,branch-misses:u,1146208,100.00,,
     0.123508500,34,,cache-misses:u,1146112,100.00,,
     0.123508500,1523434,,bus-cycles:u,1146144,100.00,,
     0.123508500,9749267,,instructions:u,1146048,100.00,,
     0.124654338,342,,branch-misses:u,1147008,100.00,,
     0.124654338,103,,cache-misses:u,1147168,100.00,,
     0.124654338,1516052,,bus-cycles:u,1147104,100.00,,
     0.124654338,9701864,,instructions:u,1147104,100.00,,
     0.125804848,342,,branch-misses:u,1150048,100.00,,
     0.125804848,41,,cache-misses:u,1149920,100.00,,
     0.125804848,1529581,,bus-cycles:u,1149920,100.00,,
     0.125804848,9776923,,instructions:u,1149888,100.00,,
     0.126950686,342,,branch-misses:u,1145760,100.00,,
     0.126950686,37,,cache-misses:u,1145664,100.00,,
     0.126950686,1524290,,bus-cycles:u,1145728,100.00,,
     0.126950686,9749008,,instructions:u,1145888,100.00,,
     0.128095916,341,,branch-misses:u,1145728,100.00,,
     0.128095916,31,,cache-misses:u,1145568,100.00,,
     0.128095916,1523501,,bus-cycles:u,1145504,100.00,,
     0.128095916,9746978,,instructions:u,1145376,100.00,,
     0.129239834,341,,branch-misses:u,1144864,100.00,,
     0.129239834,101,,cache-misses:u,1145184,100.00,,
     0.129239834,1515048,,bus-cycles:u,1145184,100.00,,
     0.129239834,9688804,,instructions:u,1145184,100.00,,
     0.130389352,344,,branch-misses:u,1149120,100.00,,
     0.130389352,34,,cache-misses:u,1149056,100.00,,
     0.130389352,1528488,,bus-cycles:u,1149056,100.00,,
     0.130389352,9787756,,instructions:u,1149056,100.00,,
     0.131535862,342,,branch-misses:u,1146240,100.00,,
     0.131535862,30,,cache-misses:u,1146208,100.00,,
     0.131535862,1523963,,bus-cycles:u,1146176,100.00,,
     0.131535862,9755639,,instructions:u,1146208,100.00,,
     0.132680676,341,,branch-misses:u,1145984,100.00,,
     0.132680676,107,,cache-misses:u,1146112,100.00,,
     0.132680676,1517107,,bus-cycles:u,1146208,100.00,,
     0.132680676,9700269,,instructions:u,1146144,100.00,,
     0.133843887,346,,branch-misses:u,1163104,100.00,,
     0.133843887,35,,cache-misses:u,1163072,100.00,,
     0.133843887,1547259,,bus-cycles:u,1163104,100.00,,
     0.133843887,9897621,,instructions:u,1163232,100.00,,
     0.134990205,341,,branch-misses:u,1146208,100.00,,
     0.134990205,34,,cache-misses:u,1146016,100.00,,
     0.134990205,1523032,,bus-cycles:u,1146016,100.00,,
     0.134990205,9722717,,instructions:u,1145952,100.00,,
     0.136135083,342,,branch-misses:u,1144768,100.00,,
     0.136135083,33,,cache-misses:u,1144928,100.00,,
     0.136135083,1522408,,bus-cycles:u,1144832,100.00,,
     0.136135083,9742885,,instructions:u,1144736,100.00,,
     0.137279385,341,,branch-misses:u,1145600,100.00,,
     0.137279385,98,,cache-misses:u,1145760,100.00,,
     0.137279385,1517192,,bus-cycles:u,1145920,100.00,,
     0.137279385,9688000,,instructions:u,1146144,100.00,,
     0.138431270,343,,branch-misses:u,1151456,100.00,,
     0.138431270,40,,cache-misses:u,1151360,100.00,,
     0.138431270,1530739,,bus-cycles:u,1151232,100.00,,
     0.138431270,9788949,,instructions:u,1151136,100.00,,
     0.139577204,341,,branch-misses:u,1146080,100.00,,
     0.139577204,28,,cache-misses:u,1145920,100.00,,
     0.139577204,1524226,,bus-cycles:u,1145920,100.00,,
     0.139577204,9752225,,instructions:u,1145952,100.00,,
     0.140722274,341,,branch-misses:u,1145376,100.00,,
     0.140722274,103,,cache-misses:u,1145472,100.00,,
     0.140722274,1515643,,bus-cycles:u,1145472,100.00,,
     0.140722274,9697063,,instructions:u,1145440,100.00,,
     0.141872528,344,,branch-misses:u,1150464,100.00,,
     0.141872528,39,,cache-misses:u,1150400,100.00,,
     0.141872528,1530685,,bus-cycles:u,1150368,100.00,,
     0.141872528,9784681,,instructions:u,1150368,100.00,,
     0.143017918,341,,branch-misses:u,1145472,100.00,,
     0.143017918,33,,cache-misses:u,1145216,100.00,,
     0.143017918,1523776,,bus-cycles:u,1145248,100.00,,
     0.143017918,9724371,,instructions:u,1145216,100.00,,
     0.144162732,341,,branch-misses:u,1144672,100.00,,
     0.144162732,37,,cache-misses:u,1144544,100.00,,
     0.144162732,1523366,,bus-cycles:u,1144512,100.00,,
     0.144162732,9732785,,instructions:u,1144448,100.00,,
     0.145306779,341,,branch-misses:u,1145120,100.00,,
     0.145306779,87,,cache-misses:u,1145536,100.00,,
     0.145306779,1518215,,bus-cycles:u,1145536,100.00,,
     0.145306779,9712880,,instructions:u,1145664,100.00,,
     0.146457064,342,,branch-misses:u,1150016,100.00,,
     0.146457064,42,,cache-misses:u,1149952,100.00,,
     0.146457064,1530244,,bus-cycles:u,1150112,100.00,,
     0.146457064,9780772,,instructions:u,1150048,100.00,,
     0.147603094,344,,branch-misses:u,1146208,100.00,,
     0.147603094,28,,cache-misses:u,1146144,100.00,,
     0.147603094,1524328,,bus-cycles:u,1145984,100.00,,
     0.147603094,9739311,,instructions:u,1145888,100.00,,
     0.148747940,339,,branch-misses:u,1145536,100.00,,
     0.148747940,134,,cache-misses:u,1145728,100.00,,
     0.148747940,1511567,,bus-cycles:u,1145728,100.00,,
     0.148747940,9657807,,instructions:u,1145792,100.00,,
     0.149897841,343,,branch-misses:u,1149568,100.00,,
     0.149897841,35,,cache-misses:u,1149440,100.00,,
     0.149897841,1529481,,bus-cycles:u,1149440,100.00,,
     0.149897841,9784953,,instructions:u,1149440,100.00,,
     0.151043072,341,,branch-misses:u,1145472,100.00,,
     0.151043072,34,,cache-misses:u,1145248,100.00,,
     0.151043072,1524054,,bus-cycles:u,1145280,100.00,,
     0.151043072,9742499,,instructions:u,1145312,100.00,,
     0.152188014,342,,branch-misses:u,1144832,100.00,,
     0.152188014,33,,cache-misses:u,1144800,100.00,,
     0.152188014,1523187,,bus-cycles:u,1144768,100.00,,
     0.152188014,9750400,,instructions:u,1144800,100.00,,
     0.153332220,340,,branch-misses:u,1146208,100.00,,
     0.153332220,113,,cache-misses:u,1147200,100.00,,
     0.153332220,1515129,,bus-cycles:u,1147552,100.00,,
     0.153332220,9692294,,instructions:u,1147872,100.00,,
     0.154501414,350,,branch-misses:u,1168128,100.00,,
     0.154501414,34,,cache-misses:u,1167520,100.00,,
     0.154501414,1552321,,bus-cycles:u,1167264,100.00,,
     0.154501414,9933206,,instructions:u,1166976,100.00,,
     0.155646260,341,,branch-misses:u,1145024,100.00,,
     0.155646260,39,,cache-misses:u,1144960,100.00,,
     0.155646260,1523159,,bus-cycles:u,1144928,100.00,,
     0.155646260,9738113,,instructions:u,1144928,100.00,,
     0.156791522,342,,branch-misses:u,1145920,100.00,,
     0.156791522,123,,cache-misses:u,1146016,100.00,,
     0.156791522,1514797,,bus-cycles:u,1145984,100.00,,
     0.156791522,9679509,,instructions:u,1146080,100.00,,
     0.157940208,343,,branch-misses:u,1148352,100.00,,
     0.157940208,39,,cache-misses:u,1148352,100.00,,
     0.157940208,1527958,,bus-cycles:u,1148320,100.00,,
     0.157940208,9765300,,instructions:u,1148128,100.00,,
     0.159084542,341,,branch-misses:u,1144448,100.00,,
     0.159084542,31,,cache-misses:u,1144416,100.00,,
     0.159084542,1522504,,bus-cycles:u,1144448,100.00,,
     0.159084542,9747807,,instructions:u,1144480,100.00,,
     0.160229484,341,,branch-misses:u,1145216,100.00,,
     0.160229484,35,,cache-misses:u,1145120,100.00,,
     0.160229484,1522873,,bus-cycles:u,1145152,100.00,,
     0.160229484,9726071,,instructions:u,1145184,100.00,,
     0.161374235,343,,branch-misses:u,1145312,100.00,,
     0.161374235,100,,cache-misses:u,1145440,100.00,,
     0.161374235,1518871,,bus-cycles:u,1145440,100.00,,
     0.161374235,9706403,,instructions:u,1145440,100.00,,
     0.162523720,342,,branch-misses:u,1149376,100.00,,
     0.162523720,40,,cache-misses:u,1149376,100.00,,
     0.162523720,1528412,,bus-cycles:u,1149344,100.00,,
     0.162523720,9769221,,instructions:u,1149376,100.00,,
     0.163668982,340,,branch-misses:u,1145440,100.00,,
     0.163668982,30,,cache-misses:u,1145376,100.00,,
     0.163668982,1522072,,bus-cycles:u,1145408,100.00,,
     0.163668982,9726035,,instructions:u,1145376,100.00,,
     0.164814244,340,,branch-misses:u,1145792,100.00,,
     0.164814244,103,,cache-misses:u,1145760,100.00,,
     0.164814244,1516295,,bus-cycles:u,1145760,100.00,,
     0.164814244,9685878,,instructions:u,1145728,100.00,,
     0.165962738,343,,branch-misses:u,1148480,100.00,,
     0.165962738,36,,cache-misses:u,1148352,100.00,,
     0.165962738,1526975,,bus-cycles:u,1148256,100.00,,
     0.165962738,9758359,,instructions:u,1148224,100.00,,
     0.167107232,340,,branch-misses:u,1144288,100.00,,
     0.167107232,32,,cache-misses:u,1144288,100.00,,
     0.167107232,1521836,,bus-cycles:u,1144352,100.00,,
     0.167107232,9719934,,instructions:u,1144352,100.00,,
     0.168251503,341,,branch-misses:u,1144928,100.00,,
     0.168251503,38,,cache-misses:u,1144704,100.00,,
     0.168251503,1521902,,bus-cycles:u,1144800,100.00,,
     0.168251503,9723902,,instructions:u,1144864,100.00,,
     0.169396797,341,,branch-misses:u,1145824,100.00,,
     0.169396797,100,,cache-misses:u,1146144,100.00,,
     0.169396797,1514558,,bus-cycles:u,1146144,100.00,,
     0.169396797,9678883,,instructions:u,1146208,100.00,,
     0.170546346,342,,branch-misses:u,1149312,100.00,,
     0.170546346,34,,cache-misses:u,1149152,100.00,,
     0.170546346,1527115,,bus-cycles:u,1148960,100.00,,
     0.170546346,9776477,,instructions:u,1148896,100.00,,
     0.171692184,343,,branch-misses:u,1146368,100.00,,
     0.171692184,29,,cache-misses:u,1146400,100.00,,
     0.171692184,1524551,,bus-cycles:u,1146464,100.00,,
     0.171692184,9746619,,instructions:u,1146432,100.00,,
     0.172837798,341,,branch-misses:u,1146048,100.00,,
     0.172837798,109,,cache-misses:u,1145888,100.00,,
     0.172837798,1518106,,bus-cycles:u,1145984,100.00,,
     0.172837798,9712649,,instructions:u,1146016,100.00,,
     0.173986900,343,,branch-misses:u,1148832,100.00,,
     0.173986900,39,,cache-misses:u,1148896,100.00,,
     0.173986900,1528939,,bus-cycles:u,1148832,100.00,,
     0.173986900,9765122,,instructions:u,1148832,100.00,,
     0.175132130,340,,branch-misses:u,1145120,100.00,,
     0.175132130,33,,cache-misses:u,1145120,100.00,,
     0.175132130,1523192,,bus-cycles:u,1145056,100.00,,
     0.175132130,9729451,,instructions:u,1145024,100.00,,
     0.176290190,345,,branch-misses:u,1158880,100.00,,
     0.176290190,34,,cache-misses:u,1158912,100.00,,
     0.176290190,1540935,,bus-cycles:u,1159008,100.00,,
     0.176290190,9855509,,instructions:u,1159040,100.00,,
     0.177449593,346,,branch-misses:u,1159840,100.00,,
     0.177449593,88,,cache-misses:u,1159968,100.00,,
     0.177449593,1535149,,bus-cycles:u,1159968,100.00,,
     0.177449593,9818171,,instructions:u,1159968,100.00,,
     0.178598279,342,,branch-misses:u,1148384,100.00,,
     0.178598279,33,,cache-misses:u,1148096,100.00,,
     0.178598279,1527530,,bus-cycles:u,1148064,100.00,,
     0.178598279,9764473,,instructions:u,1148000,100.00,,
     0.179743669,341,,branch-misses:u,1145472,100.00,,
     0.179743669,31,,cache-misses:u,1145856,100.00,,
     0.179743669,1524774,,bus-cycles:u,1145856,100.00,,
     0.179743669,9743323,,instructions:u,1145888,100.00,,
     0.180889763,341,,branch-misses:u,1147424,100.00,,
     0.180889763,111,,cache-misses:u,1147616,100.00,,
     0.180889763,1514668,,bus-cycles:u,1147616,100.00,,
     0.180889763,9690330,,instructions:u,1147744,100.00,,
     0.182041424,343,,branch-misses:u,1150912,100.00,,
     0.182041424,35,,cache-misses:u,1150752,100.00,,
     0.182041424,1529845,,bus-cycles:u,1150720,100.00,,
     0.182041424,9780858,,instructions:u,1150624,100.00,,
     0.183187230,342,,branch-misses:u,1145600,100.00,,
     0.183187230,30,,cache-misses:u,1145120,100.00,,
     0.183187230,1523621,,bus-cycles:u,1145088,100.00,,
     0.183187230,9750405,,instructions:u,1145056,100.00,,
     0.184332204,343,,branch-misses:u,1145472,100.00,,
     0.184332204,27,,cache-misses:u,1145664,100.00,,
     0.184332204,1525453,,bus-cycles:u,1145696,100.00,,
     0.184332204,9763721,,instructions:u,1145696,100.00,,
     0.185541263,357,,branch-misses:u,1210464,100.00,,
     0.185541263,135,,cache-misses:u,1211040,100.00,,
     0.185541263,1591345,,bus-cycles:u,1211104,100.00,,
     0.185541263,10170358,,instructions:u,1211232,100.00,,
     0.186694300,343,,branch-misses:u,1152352,100.00,,
     0.186694300,38,,cache-misses:u,1152064,100.00,,
     0.186694300,1532890,,bus-cycles:u,1152064,100.00,,
     0.186694300,9792403,,instructions:u,1152416,100.00,,
     0.187841705,343,,branch-misses:u,1147520,100.00,,
     0.187841705,35,,cache-misses:u,1147360,100.00,,
     0.187841705,1526444,,bus-cycles:u,1147296,100.00,,
     0.187841705,9762593,,instructions:u,1146752,100.00,,
     0.188986872,341,,branch-misses:u,1146048,100.00,,
     0.188986872,121,,cache-misses:u,1146304,100.00,,
     0.188986872,1515963,,bus-cycles:u,1146400,100.00,,
     0.188986872,9695122,,instructions:u,1146624,100.00,,
     0.190135461,342,,branch-misses:u,1148000,100.00,,
     0.190135461,44,,cache-misses:u,1147936,100.00,,
     0.190135461,1527896,,bus-cycles:u,1147872,100.00,,
     0.190135461,9768157,,instructions:u,1147776,100.00,,
     0.191279955,340,,branch-misses:u,1144352,100.00,,
     0.191279955,34,,cache-misses:u,1144288,100.00,,
     0.191279955,1522565,,bus-cycles:u,1144320,100.00,,
     0.191279955,9722766,,instructions:u,1144224,100.00,,
     0.192394279,333,,branch-misses:u,1115264,100.00,,
     0.192394279,43,,cache-misses:u,1115200,100.00,,
     0.192394279,1478224,,bus-cycles:u,1115168,100.00,,
     0.192394279,9453665,,instructions:u,1115328,100.00,,
     0.193543029,342,,branch-misses:u,1148608,100.00,,
     0.193543029,79,,cache-misses:u,1148640,100.00,,
     0.193543029,1527193,,bus-cycles:u,1148672,100.00,,
     0.193543029,9761448,,instructions:u,1148512,100.00,,
     0.194687715,342,,branch-misses:u,1144544,100.00,,
     0.194687715,39,,cache-misses:u,1144544,100.00,,
     0.194687715,1522982,,bus-cycles:u,1144480,100.00,,
     0.194687715,9733466,,instructions:u,1144448,100.00,,
     0.195832113,340,,branch-misses:u,1144832,100.00,,
     0.195832113,27,,cache-misses:u,1144832,100.00,,
     0.195832113,1523006,,bus-cycles:u,1144832,100.00,,
     0.195832113,9724863,,instructions:u,1144960,100.00,,
     0.196993213,347,,branch-misses:u,1161856,100.00,,
     0.196993213,109,,cache-misses:u,1162080,100.00,,
     0.196993213,1536756,,bus-cycles:u,1162144,100.00,,
     0.196993213,9825240,,instructions:u,1162176,100.00,,
     0.198143242,342,,branch-misses:u,1149984,100.00,,
     0.198143242,36,,cache-misses:u,1149536,100.00,,
     0.198143242,1529127,,bus-cycles:u,1149536,100.00,,
     0.198143242,9780699,,instructions:u,1149440,100.00,,
     0.199288440,342,,branch-misses:u,1145088,100.00,,
     0.199288440,29,,cache-misses:u,1145248,100.00,,
     0.199288440,1523607,,bus-cycles:u,1145152,100.00,,
     0.199288440,9750463,,instructions:u,1145216,100.00,,
     0.200397997,331,,branch-misses:u,1110304,100.00,,
     0.200397997,49,,cache-misses:u,1110432,100.00,,
     0.200397997,1469394,,bus-cycles:u,1110560,100.00,,
     0.200397997,9408466,,instructions:u,1110656,100.00,,
     0.201546810,342,,branch-misses:u,1148544,100.00,,
     0.201546810,78,,cache-misses:u,1148416,100.00,,
     0.201546810,1526300,,bus-cycles:u,1148352,100.00,,
     0.201546810,9751740,,instructions:u,1148224,100.00,,
     0.202691049,341,,branch-misses:u,1144448,100.00,,
     0.202691049,30,,cache-misses:u,1144544,100.00,,
     0.202691049,1521757,,bus-cycles:u,1144512,100.00,,
     0.202691049,9719542,,instructions:u,1144480,100.00,,
     0.203835479,340,,branch-misses:u,1144800,100.00,,
     0.203835479,28,,cache-misses:u,1144448,100.00,,
     0.203835479,1521227,,bus-cycles:u,1144512,100.00,,
     0.203835479,9718298,,instructions:u,1144512,100.00,,
     0.204980005,340,,branch-misses:u,1145184,100.00,,
     0.204980005,102,,cache-misses:u,1145280,100.00,,
     0.204980005,1514750,,bus-cycles:u,1145248,100.00,,
     0.204980005,9679400,,instructions:u,1145280,100.00,,
     0.206128051,343,,branch-misses:u,1147712,100.00,,
     0.206128051,38,,cache-misses:u,1147648,100.00,,
     0.206128051,1526874,,bus-cycles:u,1147680,100.00,,
     0.206128051,9770916,,instructions:u,1147648,100.00,,
     0.207272321,342,,branch-misses:u,1144384,100.00,,
     0.207272321,27,,cache-misses:u,1144352,100.00,,
     0.207272321,1522897,,bus-cycles:u,1144288,100.00,,
     0.207272321,9731148,,instructions:u,1144320,100.00,,
     0.208393748,333,,branch-misses:u,1122176,100.00,,
     0.208393748,44,,cache-misses:u,1122496,100.00,,
     0.208393748,1483884,,bus-cycles:u,1122464,100.00,,
     0.208393748,9474212,,instructions:u,1122432,100.00,,
     0.209542018,341,,branch-misses:u,1148064,100.00,,
     0.209542018,87,,cache-misses:u,1148160,100.00,,
     0.209542018,1527178,,bus-cycles:u,1148256,100.00,,
     0.209542018,9756822,,instructions:u,1148288,100.00,,
     0.210687024,342,,branch-misses:u,1145056,100.00,,
     0.210687024,37,,cache-misses:u,1144992,100.00,,
     0.210687024,1522837,,bus-cycles:u,1144992,100.00,,
     0.210687024,9747894,,instructions:u,1144960,100.00,,
     0.211831006,341,,branch-misses:u,1144256,100.00,,
     0.211831006,31,,cache-misses:u,1144000,100.00,,
     0.211831006,1521272,,bus-cycles:u,1143936,100.00,,
     0.211831006,9729787,,instructions:u,1143968,100.00,,
     0.212974797,342,,branch-misses:u,1144416,100.00,,
     0.212974797,116,,cache-misses:u,1144768,100.00,,
     0.212974797,1513600,,bus-cycles:u,1144896,100.00,,
     0.212974797,9686229,,instructions:u,1144896,100.00,,
     0.214122138,342,,branch-misses:u,1147264,100.00,,
     0.214122138,33,,cache-misses:u,1146912,100.00,,
     0.214122138,1524097,,bus-cycles:u,1146944,100.00,,
     0.214122138,9753635,,instructions:u,1146944,100.00,,
     0.215267305,341,,branch-misses:u,1145216,100.00,,
     0.215267305,30,,cache-misses:u,1145440,100.00,,
     0.215267305,1522787,,bus-cycles:u,1145344,100.00,,
     0.215267305,9762901,,instructions:u,1145344,100.00,,
     0.216446129,354,,branch-misses:u,1195840,100.00,,
     0.216446129,78,,cache-misses:u,1200544,100.00,,
     0.216446129,1586392,,bus-cycles:u,1204672,100.00,,
     0.216446129,10172367,,instructions:u,1208832,100.00,,
     0.217727942,378,,branch-misses:u,1280448,100.00,,
     0.217727942,79,,cache-misses:u,1280256,100.00,,
     0.217727942,1691632,,bus-cycles:u,1279904,100.00,,
     0.217727942,10810298,,instructions:u,1279296,100.00,,
     0.219027256,381,,branch-misses:u,1295104,100.00,,
     0.219027256,38,,cache-misses:u,1294848,100.00,,
     0.219027256,1707627,,bus-cycles:u,1295136,100.00,,
     0.219027256,10887725,,instructions:u,1295360,100.00,,
     0.220272052,366,,branch-misses:u,1245920,100.00,,
     0.220272052,33,,cache-misses:u,1246368,100.00,,
     0.220272052,1638130,,bus-cycles:u,1246336,100.00,,
     0.220272052,10456542,,instructions:u,1246400,100.00,,
     0.221539755,373,,branch-misses:u,1266944,100.00,,
     0.221539755,92,,cache-misses:u,1266304,100.00,,
     0.221539755,1659286,,bus-cycles:u,1265888,100.00,,
     0.221539755,10603687,,instructions:u,1265856,100.00,,
     0.222767115,361,,branch-misses:u,1219616,100.00,,
     0.222767115,43,,cache-misses:u,1218048,100.00,,
     0.222767115,1612085,,bus-cycles:u,1216864,100.00,,
     0.222767115,10289057,,instructions:u,1215616,100.00,,
     0.223935572,347,,branch-misses:u,1168576,100.00,,
     0.223935572,31,,cache-misses:u,1168448,100.00,,
     0.223935572,1547571,,bus-cycles:u,1168896,100.00,,
     0.223935572,9901678,,instructions:u,1168800,100.00,,
     0.225099711,344,,branch-misses:u,1165024,100.00,,
     0.225099711,99,,cache-misses:u,1165472,100.00,,
     0.225099711,1535027,,bus-cycles:u,1165376,100.00,,
     0.225099711,9809566,,instructions:u,1165632,100.00,,
     0.226276104,350,,branch-misses:u,1176256,100.00,,
     0.226276104,38,,cache-misses:u,1175936,100.00,,
     0.226276104,1557682,,bus-cycles:u,1175936,100.00,,
     0.226276104,9951934,,instructions:u,1175904,100.00,,
     0.227446993,347,,branch-misses:u,1170048,100.00,,
     0.227446993,29,,cache-misses:u,1169888,100.00,,
     0.227446993,1549012,,bus-cycles:u,1169280,100.00,,
     0.227446993,9907619,,instructions:u,1169152,100.00,,
     0.228613115,346,,branch-misses:u,1167104,100.00,,
     0.228613115,95,,cache-misses:u,1167040,100.00,,
     0.228613115,1537909,,bus-cycles:u,1167040,100.00,,
     0.228613115,9837856,,instructions:u,1166912,100.00,,
     0.229778982,346,,branch-misses:u,1165248,100.00,,
     0.229778982,36,,cache-misses:u,1165216,100.00,,
     0.229778982,1543841,,bus-cycles:u,1165216,100.00,,
     0.229778982,9870133,,instructions:u,1165184,100.00,,
     0.230940017,344,,branch-misses:u,1161056,100.00,,
     0.230940017,31,,cache-misses:u,1160864,100.00,,
     0.230940017,1537475,,bus-cycles:u,1160832,100.00,,
     0.230940017,9830016,,instructions:u,1160800,100.00,,
     0.232101148,345,,branch-misses:u,1161472,100.00,,
     0.232101148,32,,cache-misses:u,1161536,100.00,,
     0.232101148,1537694,,bus-cycles:u,1161216,100.00,,
     0.232101148,9835008,,instructions:u,1161024,100.00,,
     0.233262120,345,,branch-misses:u,1162880,100.00,,
     0.233262120,105,,cache-misses:u,1163392,100.00,,
     0.233262120,1534362,,bus-cycles:u,1164064,100.00,,
     0.233262120,9811595,,instructions:u,1164256,100.00,,
     0.234436177,348,,branch-misses:u,1172832,100.00,,
     0.234436177,33,,cache-misses:u,1172288,100.00,,
     0.234436177,1551258,,bus-cycles:u,1171616,100.00,,
     0.234436177,9911364,,instructions:u,1171616,100.00,,
     0.235597564,344,,branch-misses:u,1161408,100.00,,
     0.235597564,34,,cache-misses:u,1161248,100.00,,
     0.235597564,1538476,,bus-cycles:u,1161568,100.00,,
     0.235597564,9845085,,instructions:u,1161600,100.00,,
     0.236763142,347,,branch-misses:u,1169376,100.00,,
     0.236763142,99,,cache-misses:u,1170240,100.00,,
     0.236763142,1544471,,bus-cycles:u,1170912,100.00,,
     0.236763142,9873626,,instructions:u,1171104,100.00,,
     0.237959019,356,,branch-misses:u,1194976,100.00,,
     0.237959019,32,,cache-misses:u,1194528,100.00,,
     0.237959019,1582419,,bus-cycles:u,1194048,100.00,,
     0.237959019,10110911,,instructions:u,1193824,100.00,,
     0.239129813,346,,branch-misses:u,1168576,100.00,,
     0.239129813,35,,cache-misses:u,1168128,100.00,,
     0.239129813,1547615,,bus-cycles:u,1168448,100.00,,
     0.239129813,9891547,,instructions:u,1168288,100.00,,
     0.240334040,359,,branch-misses:u,1205760,100.00,,
     0.240334040,39,,cache-misses:u,1206528,100.00,,
     0.240334040,1597906,,bus-cycles:u,1206176,100.00,,
     0.240334040,10219163,,instructions:u,1206336,100.00,,
     0.241524094,352,,branch-misses:u,1190656,100.00,,
     0.241524094,94,,cache-misses:u,1190304,100.00,,
     0.241524094,1568492,,bus-cycles:u,1190208,100.00,,
     0.241524094,10036768,,instructions:u,1190624,100.00,,
     0.242691368,345,,branch-misses:u,1165632,100.00,,
     0.242691368,45,,cache-misses:u,1165440,100.00,,
     0.242691368,1542699,,bus-cycles:u,1165408,100.00,,
     0.242691368,9848944,,instructions:u,1164992,100.00,,
     0.243853363,344,,branch-misses:u,1162080,100.00,,
     0.243853363,34,,cache-misses:u,1162048,100.00,,
     0.243853363,1539113,,bus-cycles:u,1162560,100.00,,
     0.243853363,9840264,,instructions:u,1162752,100.00,,
     0.245015454,346,,branch-misses:u,1163360,100.00,,
     0.245015454,98,,cache-misses:u,1163904,100.00,,
     0.245015454,1536446,,bus-cycles:u,1164352,100.00,,
     0.245015454,9826743,,instructions:u,1164352,100.00,,
     0.246189543,348,,branch-misses:u,1173696,100.00,,
     0.246189543,44,,cache-misses:u,1173216,100.00,,
     0.246189543,1552617,,bus-cycles:u,1172288,100.00,,
     0.246189543,9917940,,instructions:u,1172128,100.00,,
     0.247352882,345,,branch-misses:u,1163424,100.00,,
     0.247352882,32,,cache-misses:u,1163232,100.00,,
     0.247352882,1539699,,bus-cycles:u,1163232,100.00,,
     0.247352882,9841390,,instructions:u,1163040,100.00,,
     0.248516765,344,,branch-misses:u,1165600,100.00,,
     0.248516765,88,,cache-misses:u,1166752,100.00,,
     0.248516765,1529740,,bus-cycles:u,1167008,100.00,,
     0.248516765,9784850,,instructions:u,1167616,100.00,,
     0.249698756,351,,branch-misses:u,1182304,100.00,,
     0.249698756,67,,cache-misses:u,1181824,100.00,,
     0.249698756,1564735,,bus-cycles:u,1181376,100.00,,
     0.249698756,9996506,,instructions:u,1181024,100.00,,
     0.250874989,349,,branch-misses:u,1176736,100.00,,
     0.250874989,34,,cache-misses:u,1176768,100.00,,
     0.250874989,1559175,,bus-cycles:u,1177088,100.00,,
     0.250874989,9957072,,instructions:u,1177024,100.00,,
     0.252054325,350,,branch-misses:u,1179200,100.00,,
     0.252054325,34,,cache-misses:u,1178976,100.00,,
     0.252054325,1561092,,bus-cycles:u,1179072,100.00,,
     0.252054325,9992306,,instructions:u,1179296,100.00,,
     0.253252857,358,,branch-misses:u,1208608,100.00,,
     0.253252857,103,,cache-misses:u,1209920,100.00,,
     0.253252857,1594361,,bus-cycles:u,1210944,100.00,,
     0.253252857,10202404,,instructions:u,1211776,100.00,,
     0.254504532,368,,branch-misses:u,1244640,100.00,,
     0.254504532,42,,cache-misses:u,1243520,100.00,,
     0.254504532,1645220,,bus-cycles:u,1242752,100.00,,
     0.254504532,10511426,,instructions:u,1242048,100.00,,
     0.255692218,352,,branch-misses:u,1186912,100.00,,
     0.255692218,32,,cache-misses:u,1187200,100.00,,
     0.255692218,1572638,,bus-cycles:u,1187360,100.00,,
     0.255692218,10041151,,instructions:u,1187008,100.00,,
     0.256873986,349,,branch-misses:u,1182432,100.00,,
     0.256873986,104,,cache-misses:u,1182560,100.00,,
     0.256873986,1547915,,bus-cycles:u,1182240,100.00,,
     0.256873986,9905110,,instructions:u,1182272,100.00,,
     0.258066951,353,,branch-misses:u,1191776,100.00,,
     0.258066951,34,,cache-misses:u,1191200,100.00,,
     0.258066951,1576473,,bus-cycles:u,1191296,100.00,,
     0.258066951,10074848,,instructions:u,1191296,100.00,,
     0.259243407,350,,branch-misses:u,1176128,100.00,,
     0.259243407,34,,cache-misses:u,1175904,100.00,,
     0.259243407,1557253,,bus-cycles:u,1176160,100.00,,
     0.259243407,9962888,,instructions:u,1175936,100.00,,
     0.260802322,464,,branch-misses:u,1566720,100.00,,
     0.260802322,133,,cache-misses:u,1569824,100.00,,
     0.260802322,2075561,,bus-cycles:u,1571680,100.00,,
     0.260802322,13297347,,instructions:u,1573152,100.00,,
     0.262138205,394,,branch-misses:u,1330080,100.00,,
     0.262138205,36,,cache-misses:u,1328288,100.00,,
     0.262138205,1761698,,bus-cycles:u,1327552,100.00,,
     0.262138205,11259504,,instructions:u,1327744,100.00,,
     0.263382105,367,,branch-misses:u,1242656,100.00,,
     0.263382105,28,,cache-misses:u,1241536,100.00,,
     0.263382105,1644084,,bus-cycles:u,1240224,100.00,,
     0.263382105,10495333,,instructions:u,1238816,100.00,,
     0.264568768,353,,branch-misses:u,1186784,100.00,,
     0.264568768,109,,cache-misses:u,1186848,100.00,,
     0.264568768,1564912,,bus-cycles:u,1186656,100.00,,
     0.264568768,10016073,,instructions:u,1187008,100.00,,
     0.265752327,351,,branch-misses:u,1182560,100.00,,
     0.265752327,36,,cache-misses:u,1182432,100.00,,
     0.265752327,1568065,,bus-cycles:u,1182304,100.00,,
     0.265752327,10010936,,instructions:u,1181920,100.00,,
     0.266926544,348,,branch-misses:u,1174144,100.00,,
     0.266926544,27,,cache-misses:u,1174752,100.00,,
     0.266926544,1558380,,bus-cycles:u,1175520,100.00,,
     0.266926544,9962680,,instructions:u,1175488,100.00,,
     0.268101465,350,,branch-misses:u,1175008,100.00,,
     0.268101465,34,,cache-misses:u,1174432,100.00,,
     0.268101465,1554892,,bus-cycles:u,1173280,100.00,,
     0.268101465,9950136,,instructions:u,1173344,100.00,,
     0.269276257,348,,branch-misses:u,1179168,100.00,,
     0.269276257,119,,cache-misses:u,1180288,100.00,,
     0.269276257,1555595,,bus-cycles:u,1181472,100.00,,
     0.269276257,9949022,,instructions:u,1181824,100.00,,
     0.270476837,355,,branch-misses:u,1197728,100.00,,
     0.270476837,37,,cache-misses:u,1196736,100.00,,
     0.270476837,1584149,,bus-cycles:u,1195936,100.00,,
     0.270476837,10113905,,instructions:u,1195520,100.00,,
     0.271648303,348,,branch-misses:u,1171264,100.00,,
     0.271648303,34,,cache-misses:u,1171200,100.00,,
     0.271648303,1551090,,bus-cycles:u,1171552,100.00,,
     0.271648303,9909810,,instructions:u,1171488,100.00,,
     0.272821240,347,,branch-misses:u,1175424,100.00,,
     0.272821240,111,,cache-misses:u,1176352,100.00,,
     0.272821240,1551669,,bus-cycles:u,1177472,100.00,,
     0.272821240,9916926,,instructions:u,1178016,100.00,,
     0.274006815,352,,branch-misses:u,1183744,100.00,,
     0.274006815,48,,cache-misses:u,1183424,100.00,,
     0.274006815,1566238,,bus-cycles:u,1182432,100.00,,
     0.274006815,10025537,,instructions:u,1181888,100.00,,
     0.275177736,348,,branch-misses:u,1170688,100.00,,
     0.275177736,34,,cache-misses:u,1170304,100.00,,
     0.275177736,1549142,,bus-cycles:u,1169696,100.00,,
     0.275177736,9909656,,instructions:u,1169664,100.00,,
     0.276341779,345,,branch-misses:u,1164128,100.00,,
     0.276341779,30,,cache-misses:u,1163776,100.00,,
     0.276341779,1540821,,bus-cycles:u,1163392,100.00,,
     0.276341779,9862879,,instructions:u,1163392,100.00,,
     0.277769805,423,,branch-misses:u,1430560,100.00,,
     0.277769805,91,,cache-misses:u,1431776,100.00,,
     0.277769805,1890502,,bus-cycles:u,1432960,100.00,,
     0.277769805,12081562,,instructions:u,1433184,100.00,,
     0.278944694,349,,branch-misses:u,1173408,100.00,,
     0.278944694,35,,cache-misses:u,1172672,100.00,,
     0.278944694,1552496,,bus-cycles:u,1171808,100.00,,
     0.278944694,9918991,,instructions:u,1171648,100.00,,
     0.280107393,343,,branch-misses:u,1161888,100.00,,
     0.280107393,30,,cache-misses:u,1161728,100.00,,
     0.280107393,1539695,,bus-cycles:u,1162304,100.00,,
     0.280107393,9830649,,instructions:u,1162176,100.00,,
     0.281267084,337,,branch-misses:u,1142080,100.00,,
     0.281267084,228,,cache-misses:u,1141888,100.00,,
     0.281267084,1487722,,bus-cycles:u,1141568,100.00,,
     0.281267084,9500628,,instructions:u,1142112,100.00,,
     0.282437942,348,,branch-misses:u,1170240,100.00,,
     0.282437942,38,,cache-misses:u,1170144,100.00,,
     0.282437942,1550044,,bus-cycles:u,1170304,100.00,,
     0.282437942,9917913,,instructions:u,1169760,100.00,,
     0.283598433,344,,branch-misses:u,1160096,100.00,,
     0.283598433,39,,cache-misses:u,1159616,100.00,,
     0.283598433,1535571,,bus-cycles:u,1159200,100.00,,
     0.283598433,9833302,,instructions:u,1159168,100.00,,
     0.284789383,354,,branch-misses:u,1192736,100.00,,
     0.284789383,101,,cache-misses:u,1193440,100.00,,
     0.284789383,1570474,,bus-cycles:u,1193536,100.00,,
     0.284789383,10042593,,instructions:u,1193632,100.00,,
     0.285957201,345,,branch-misses:u,1166304,100.00,,
     0.285957201,35,,cache-misses:u,1165888,100.00,,
     0.285957201,1544406,,bus-cycles:u,1166208,100.00,,
     0.285957201,9863426,,instructions:u,1166112,100.00,,
     0.287115261,344,,branch-misses:u,1157920,100.00,,
     0.287115261,28,,cache-misses:u,1157664,100.00,,
     0.287115261,1533310,,bus-cycles:u,1157184,100.00,,
     0.287115261,9816818,,instructions:u,1157280,100.00,,
     0.288272265,343,,branch-misses:u,1157504,100.00,,
     0.288272265,31,,cache-misses:u,1157824,100.00,,
     0.288272265,1533520,,bus-cycles:u,1157856,100.00,,
     0.288272265,9803543,,instructions:u,1157760,100.00,,
     0.289430421,344,,branch-misses:u,1159424,100.00,,
     0.289430421,91,,cache-misses:u,1159904,100.00,,
     0.289430421,1528059,,bus-cycles:u,1160160,100.00,,
     0.289430421,9764802,,instructions:u,1160128,100.00,,
     0.290597503,347,,branch-misses:u,1166944,100.00,,
     0.290597503,41,,cache-misses:u,1166560,100.00,,
     0.290597503,1545654,,bus-cycles:u,1166304,100.00,,
     0.290597503,9877965,,instructions:u,1166432,100.00,,
     0.291762153,346,,branch-misses:u,1164928,100.00,,
     0.291762153,42,,cache-misses:u,1164640,100.00,,
     0.291762153,1543415,,bus-cycles:u,1164768,100.00,,
     0.291762153,9859214,,instructions:u,1164864,100.00,,
     0.292925300,344,,branch-misses:u,1162912,100.00,,
     0.292925300,89,,cache-misses:u,1162912,100.00,,
     0.292925300,1535876,,bus-cycles:u,1162944,100.00,,
     0.292925300,9816996,,instructions:u,1162912,100.00,,
     0.294090559,346,,branch-misses:u,1165568,100.00,,
     0.294090559,35,,cache-misses:u,1165440,100.00,,
     0.294090559,1543434,,bus-cycles:u,1165280,100.00,,
     0.294090559,9863494,,instructions:u,1165120,100.00,,
     0.295249547,344,,branch-misses:u,1158528,100.00,,
     0.295249547,38,,cache-misses:u,1158432,100.00,,
     0.295249547,1535624,,bus-cycles:u,1158432,100.00,,
     0.295249547,9809875,,instructions:u,1158368,100.00,,
     0.296406551,342,,branch-misses:u,1158112,100.00,,
     0.296406551,57,,cache-misses:u,1158592,100.00,,
     0.296406551,1526792,,bus-cycles:u,1158752,100.00,,
     0.296406551,9751162,,instructions:u,1158880,100.00,,
     0.297573697,347,,branch-misses:u,1167008,100.00,,
     0.297573697,84,,cache-misses:u,1166848,100.00,,
     0.297573697,1546831,,bus-cycles:u,1166880,100.00,,
     0.297573697,9897630,,instructions:u,1166816,100.00,,
     0.298733164,344,,branch-misses:u,1159040,100.00,,
     0.298733164,30,,cache-misses:u,1159008,100.00,,
     0.298733164,1535863,,bus-cycles:u,1158880,100.00,,
     0.298733164,9816673,,instructions:u,1158816,100.00,,
     0.299888697,343,,branch-misses:u,1155776,100.00,,
     0.299888697,31,,cache-misses:u,1155584,100.00,,
     0.299888697,1531725,,bus-cycles:u,1155520,100.00,,
     0.299888697,9788597,,instructions:u,1155584,100.00,,
     0.301045797,343,,branch-misses:u,1158432,100.00,,
     0.301045797,92,,cache-misses:u,1158432,100.00,,
     0.301045797,1528431,,bus-cycles:u,1158624,100.00,,
     0.301045797,9766161,,instructions:u,1158592,100.00,,
     0.302205264,346,,branch-misses:u,1158880,100.00,,
     0.302205264,36,,cache-misses:u,1158816,100.00,,
     0.302205264,1535417,,bus-cycles:u,1158592,100.00,,
     0.302205264,9819939,,instructions:u,1158656,100.00,,
     0.303364380,345,,branch-misses:u,1159584,100.00,,
     0.303364380,29,,cache-misses:u,1159584,100.00,,
     0.303364380,1535872,,bus-cycles:u,1159584,100.00,,
     0.303364380,9827815,,instructions:u,1159520,100.00,,
     0.304521064,344,,branch-misses:u,1157536,100.00,,
     0.304521064,82,,cache-misses:u,1158080,100.00,,
     0.304521064,1528580,,bus-cycles:u,1158208,100.00,,
     0.304521064,9765062,,instructions:u,1158272,100.00,,
     0.305714989,355,,branch-misses:u,1194688,100.00,,
     0.305714989,42,,cache-misses:u,1195040,100.00,,
     0.305714989,1583820,,bus-cycles:u,1194944,100.00,,
     0.305714989,10134719,,instructions:u,1194976,100.00,,
     0.306879480,345,,branch-misses:u,1163072,100.00,,
     0.306879480,28,,cache-misses:u,1162176,100.00,,
     0.306879480,1539498,,bus-cycles:u,1162176,100.00,,
     0.306879480,9843694,,instructions:u,1162176,100.00,,
     0.308037028,344,,branch-misses:u,1157760,100.00,,
     0.308037028,28,,cache-misses:u,1158048,100.00,,
     0.308037028,1534615,,bus-cycles:u,1158496,100.00,,
     0.308037028,9783552,,instructions:u,1158400,100.00,,
     0.309193712,342,,branch-misses:u,1157760,100.00,,
     0.309193712,101,,cache-misses:u,1158112,100.00,,
     0.309193712,1525853,,bus-cycles:u,1158048,100.00,,
     0.309193712,9746961,,instructions:u,1158272,100.00,,
     0.310359386,345,,branch-misses:u,1165344,100.00,,
     0.310359386,41,,cache-misses:u,1165088,100.00,,
     0.310359386,1542750,,bus-cycles:u,1164992,100.00,,
     0.310359386,9853160,,instructions:u,1164832,100.00,,
     0.311517158,343,,branch-misses:u,1157536,100.00,,
     0.311517158,34,,cache-misses:u,1157280,100.00,,
     0.311517158,1531610,,bus-cycles:u,1157024,100.00,,
     0.311517158,9793770,,instructions:u,1157280,100.00,,
     0.312673586,342,,branch-misses:u,1158112,100.00,,
     0.312673586,107,,cache-misses:u,1158688,100.00,,
     0.312673586,1524348,,bus-cycles:u,1159200,100.00,,
     0.312673586,9738076,,instructions:u,1158944,100.00,,
     0.313842716,348,,branch-misses:u,1169216,100.00,,
     0.313842716,35,,cache-misses:u,1169184,100.00,,
     0.313842716,1548572,,bus-cycles:u,1168768,100.00,,
     0.313842716,9900811,,instructions:u,1168768,100.00,,
     0.315003623,344,,branch-misses:u,1160256,100.00,,
     0.315003623,34,,cache-misses:u,1160032,100.00,,
     0.315003623,1536505,,bus-cycles:u,1159936,100.00,,
     0.315003623,9810268,,instructions:u,1159904,100.00,,
     0.316162931,343,,branch-misses:u,1159680,100.00,,
     0.316162931,29,,cache-misses:u,1159680,100.00,,
     0.316162931,1535252,,bus-cycles:u,1159648,100.00,,
     0.316162931,9809123,,instructions:u,1159648,100.00,,
     0.317323198,345,,branch-misses:u,1160384,100.00,,
     0.317323198,100,,cache-misses:u,1159904,100.00,,
     0.317323198,1529270,,bus-cycles:u,1160192,100.00,,
     0.317323198,9773463,,instructions:u,1160224,100.00,,
     0.318484713,345,,branch-misses:u,1161312,100.00,,
     0.318484713,30,,cache-misses:u,1161504,100.00,,
     0.318484713,1540170,,bus-cycles:u,1161664,100.00,,
     0.318484713,9837426,,instructions:u,1161760,100.00,,
     0.319643957,345,,branch-misses:u,1159456,100.00,,
     0.319643957,32,,cache-misses:u,1159296,100.00,,
     0.319643957,1535544,,bus-cycles:u,1158912,100.00,,
     0.319643957,9805476,,instructions:u,1158816,100.00,,
     0.320805024,344,,branch-misses:u,1162112,100.00,,
     0.320805024,107,,cache-misses:u,1162848,100.00,,
     0.320805024,1533069,,bus-cycles:u,1162848,100.00,,
     0.320805024,9796043,,instructions:u,1162816,100.00,,
     0.321973994,346,,branch-misses:u,1169056,100.00,,
     0.321973994,36,,cache-misses:u,1168352,100.00,,
     0.321973994,1547080,,bus-cycles:u,1168384,100.00,,
     0.321973994,9890413,,instructions:u,1168384,100.00,,
     0.323133366,345,,branch-misses:u,1158816,100.00,,
     0.323133366,31,,cache-misses:u,1158944,100.00,,
     0.323133366,1535347,,bus-cycles:u,1158752,100.00,,
     0.323133366,9819920,,instructions:u,1158720,100.00,,
     0.324291106,344,,branch-misses:u,1158848,100.00,,
     0.324291106,34,,cache-misses:u,1158848,100.00,,
     0.324291106,1535151,,bus-cycles:u,1158944,100.00,,
     0.324291106,9815234,,instructions:u,1158944,100.00,,
     0.325466890,348,,branch-misses:u,1177152,100.00,,
     0.325466890,93,,cache-misses:u,1177312,100.00,,
     0.325466890,1552341,,bus-cycles:u,1177344,100.00,,
     0.325466890,9923310,,instructions:u,1177632,100.00,,
     0.326636532,346,,branch-misses:u,1169024,100.00,,
     0.326636532,35,,cache-misses:u,1169248,100.00,,
     0.326636532,1548511,,bus-cycles:u,1169184,100.00,,
     0.326636532,9891675,,instructions:u,1169056,100.00,,
     0.327839128,358,,branch-misses:u,1204480,100.00,,
     0.327839128,30,,cache-misses:u,1205024,100.00,,
     0.327839128,1595748,,bus-cycles:u,1205632,100.00,,
     0.327839128,10212541,,instructions:u,1205760,100.00,,
     0.329015776,348,,branch-misses:u,1178112,100.00,,
     0.329015776,131,,cache-misses:u,1178688,100.00,,
     0.329015776,1549970,,bus-cycles:u,1178272,100.00,,
     0.329015776,9904662,,instructions:u,1178240,100.00,,
     0.330205446,352,,branch-misses:u,1187616,100.00,,
     0.330205446,34,,cache-misses:u,1186528,100.00,,
     0.330205446,1572281,,bus-cycles:u,1186976,100.00,,
     0.330205446,10057359,,instructions:u,1186944,100.00,,
     0.331373552,348,,branch-misses:u,1168256,100.00,,
     0.331373552,28,,cache-misses:u,1168064,100.00,,
     0.331373552,1547505,,bus-cycles:u,1167904,100.00,,
     0.331373552,9889691,,instructions:u,1167744,100.00,,
     0.332543034,347,,branch-misses:u,1169792,100.00,,
     0.332543034,86,,cache-misses:u,1170464,100.00,,
     0.332543034,1543428,,bus-cycles:u,1170240,100.00,,
     0.332543034,9860601,,instructions:u,1170208,100.00,,
     0.333719554,350,,branch-misses:u,1175648,100.00,,
     0.333719554,56,,cache-misses:u,1175136,100.00,,
     0.333719554,1557234,,bus-cycles:u,1174912,100.00,,
     0.333719554,9960814,,instructions:u,1174944,100.00,,
     0.334883917,346,,branch-misses:u,1164160,100.00,,
     0.334883917,32,,cache-misses:u,1163808,100.00,,
     0.334883917,1542982,,bus-cycles:u,1163712,100.00,,
     0.334883917,9876436,,instructions:u,1164032,100.00,,
     0.336044120,345,,branch-misses:u,1160064,100.00,,
     0.336044120,27,,cache-misses:u,1160256,100.00,,
     0.336044120,1538379,,bus-cycles:u,1160384,100.00,,
     0.336044120,9835139,,instructions:u,1160000,100.00,,
     0.337211330,348,,branch-misses:u,1173216,100.00,,
     0.337211330,100,,cache-misses:u,1175648,100.00,,
     0.337211330,1552895,,bus-cycles:u,1177600,100.00,,
     0.337211330,9940376,,instructions:u,1179008,100.00,,
     0.338713135,444,,branch-misses:u,1498240,100.00,,
     0.338713135,30,,cache-misses:u,1496096,100.00,,
     0.338713135,1984990,,bus-cycles:u,1494752,100.00,,
     0.338713135,12679168,,instructions:u,1493984,100.00,,
     0.339900790,353,,branch-misses:u,1186848,100.00,,
     0.339900790,36,,cache-misses:u,1187136,100.00,,
     0.339900790,1573782,,bus-cycles:u,1187264,100.00,,
     0.339900790,10073598,,instructions:u,1187264,100.00,,
     0.341253182,401,,branch-misses:u,1353696,100.00,,
     0.341253182,105,,cache-misses:u,1353440,100.00,,
     0.341253182,1788007,,bus-cycles:u,1353280,100.00,,
     0.341253182,11432701,,instructions:u,1353504,100.00,,
     0.342439589,352,,branch-misses:u,1185408,100.00,,
     0.342439589,38,,cache-misses:u,1185408,100.00,,
     0.342439589,1571465,,bus-cycles:u,1184928,100.00,,
     0.342439589,10034178,,instructions:u,1184416,100.00,,
     0.343613389,348,,branch-misses:u,1173376,100.00,,
     0.343613389,33,,cache-misses:u,1173408,100.00,,
     0.343613389,1555128,,bus-cycles:u,1173600,100.00,,
     0.343613389,9935018,,instructions:u,1173792,100.00,,
     0.344780792,345,,branch-misses:u,1168832,100.00,,
     0.344780792,110,,cache-misses:u,1169056,100.00,,
     0.344780792,1537666,,bus-cycles:u,1168896,100.00,,
     0.344780792,9823921,,instructions:u,1168576,100.00,,
     0.345962815,351,,branch-misses:u,1181376,100.00,,
     0.345962815,45,,cache-misses:u,1180928,100.00,,
     0.345962815,1565068,,bus-cycles:u,1180864,100.00,,
     0.345962815,10004179,,instructions:u,1180800,100.00,,
     0.347130665,347,,branch-misses:u,1167936,100.00,,
     0.347130665,26,,cache-misses:u,1167904,100.00,,
     0.347130665,1547947,,bus-cycles:u,1167968,100.00,,
     0.347130665,9896726,,instructions:u,1168032,100.00,,
     0.348297587,347,,branch-misses:u,1167136,100.00,,
     0.348297587,34,,cache-misses:u,1167296,100.00,,
     0.348297587,1548161,,bus-cycles:u,1167264,100.00,,
     0.348297587,9909229,,instructions:u,1167168,100.00,,
     0.349730541,425,,branch-misses:u,1438080,100.00,,
     0.349730541,90,,cache-misses:u,1439168,100.00,,
     0.349730541,1898966,,bus-cycles:u,1439776,100.00,,
     0.349730541,12139901,,instructions:u,1440256,100.00,,
     0.350917843,352,,branch-misses:u,1183168,100.00,,
     0.350917843,31,,cache-misses:u,1182016,100.00,,
     0.350917843,1565311,,bus-cycles:u,1181568,100.00,,
     0.350917843,10015422,,instructions:u,1181120,100.00,,
     0.352083262,345,,branch-misses:u,1164896,100.00,,
     0.352083262,30,,cache-misses:u,1165152,100.00,,
     0.352083262,1542656,,bus-cycles:u,1165088,100.00,,
     0.352083262,9853576,,instructions:u,1165024,100.00,,
     0.353247432,345,,branch-misses:u,1167008,100.00,,
     0.353247432,94,,cache-misses:u,1167424,100.00,,
     0.353247432,1537258,,bus-cycles:u,1167680,100.00,,
     0.353247432,9831784,,instructions:u,1168192,100.00,,
     0.354437614,354,,branch-misses:u,1189376,100.00,,
     0.354437614,33,,cache-misses:u,1189120,100.00,,
     0.354437614,1574954,,bus-cycles:u,1188704,100.00,,
     0.354437614,10076557,,instructions:u,1188416,100.00,,
     0.355603705,345,,branch-misses:u,1164864,100.00,,
     0.355603705,38,,cache-misses:u,1164224,100.00,,
     0.355603705,1542673,,bus-cycles:u,1164704,100.00,,
     0.355603705,9846737,,instructions:u,1164384,100.00,,
     0.356765476,345,,branch-misses:u,1163328,100.00,,
     0.356765476,118,,cache-misses:u,1164128,100.00,,
     0.356765476,1532666,,bus-cycles:u,1163808,100.00,,
     0.356765476,9794735,,instructions:u,1163968,100.00,,
     0.357940397,348,,branch-misses:u,1174720,100.00,,
     0.357940397,31,,cache-misses:u,1174304,100.00,,
     0.357940397,1555465,,bus-cycles:u,1174112,100.00,,
     0.357940397,9934548,,instructions:u,1174048,100.00,,
     0.359102776,345,,branch-misses:u,1161536,100.00,,
     0.359102776,34,,cache-misses:u,1160992,100.00,,
     0.359102776,1539989,,bus-cycles:u,1161280,100.00,,
     0.359102776,9839732,,instructions:u,1161248,100.00,,
     0.360260931,344,,branch-misses:u,1158816,100.00,,
     0.360260931,38,,cache-misses:u,1158976,100.00,,
     0.360260931,1534768,,bus-cycles:u,1158688,100.00,,
     0.360260931,9807487,,instructions:u,1158720,100.00,,
     0.361420591,342,,branch-misses:u,1160608,100.00,,
     0.361420591,115,,cache-misses:u,1160672,100.00,,
     0.361420591,1528615,,bus-cycles:u,1161088,100.00,,
     0.361420591,9757448,,instructions:u,1161152,100.00,,
     0.362590169,347,,branch-misses:u,1168832,100.00,,
     0.362590169,37,,cache-misses:u,1169216,100.00,,
     0.362590169,1548136,,bus-cycles:u,1168768,100.00,,
     0.362590169,9895422,,instructions:u,1168640,100.00,,
     0.363750468,345,,branch-misses:u,1160992,100.00,,
     0.363750468,31,,cache-misses:u,1160192,100.00,,
     0.363750468,1536357,,bus-cycles:u,1159840,100.00,,
     0.363750468,9820468,,instructions:u,1159904,100.00,,
     0.364912815,345,,branch-misses:u,1162528,100.00,,
     0.364912815,102,,cache-misses:u,1163360,100.00,,
     0.364912815,1535702,,bus-cycles:u,1163840,100.00,,
     0.364912815,9821890,,instructions:u,1164320,100.00,,
     0.366084504,347,,branch-misses:u,1172896,100.00,,
     0.366084504,42,,cache-misses:u,1173760,100.00,,
     0.366084504,1554423,,bus-cycles:u,1173856,100.00,,
     0.366084504,9930115,,instructions:u,1173504,100.00,,
     0.367258753,349,,branch-misses:u,1173792,100.00,,
     0.367258753,37,,cache-misses:u,1172864,100.00,,
     0.367258753,1553730,,bus-cycles:u,1172800,100.00,,
     0.367258753,9940690,,instructions:u,1172768,100.00,,
     0.368426859,346,,branch-misses:u,1168672,100.00,,
     0.368426859,54,,cache-misses:u,1168448,100.00,,
     0.368426859,1537759,,bus-cycles:u,1168448,100.00,,
     0.368426859,9836352,,instructions:u,1168416,100.00,,
     0.369601268,349,,branch-misses:u,1173984,100.00,,
     0.369601268,73,,cache-misses:u,1173824,100.00,,
     0.369601268,1554205,,bus-cycles:u,1173728,100.00,,
     0.369601268,9956877,,instructions:u,1173792,100.00,,
     0.370764063,345,,branch-misses:u,1162560,100.00,,
     0.370764063,36,,cache-misses:u,1162496,100.00,,
     0.370764063,1539011,,bus-cycles:u,1162496,100.00,,
     0.370764063,9841632,,instructions:u,1162464,100.00,,
     0.371958852,355,,branch-misses:u,1196224,100.00,,
     0.371958852,33,,cache-misses:u,1196320,100.00,,
     0.371958852,1584506,,bus-cycles:u,1196288,100.00,,
     0.371958852,10137710,,instructions:u,1196128,100.00,,
     0.373124015,345,,branch-misses:u,1164256,100.00,,
     0.373124015,103,,cache-misses:u,1164512,100.00,,
     0.373124015,1533831,,bus-cycles:u,1164544,100.00,,
     0.373124015,9806953,,instructions:u,1164640,100.00,,
     0.374292665,345,,branch-misses:u,1168320,100.00,,
     0.374292665,37,,cache-misses:u,1167744,100.00,,
     0.374292665,1546499,,bus-cycles:u,1167808,100.00,,
     0.374292665,9878836,,instructions:u,1167744,100.00,,
     0.375450628,344,,branch-misses:u,1158816,100.00,,
     0.375450628,35,,cache-misses:u,1159200,100.00,,
     0.375450628,1534904,,bus-cycles:u,1159136,100.00,,
     0.375450628,9828173,,instructions:u,1159136,100.00,,
     0.376610544,344,,branch-misses:u,1160320,100.00,,
     0.376610544,99,,cache-misses:u,1160416,100.00,,
     0.376610544,1529911,,bus-cycles:u,1160512,100.00,,
     0.376610544,9775090,,instructions:u,1160608,100.00,,
     0.377780122,348,,branch-misses:u,1169920,100.00,,
     0.377780122,33,,cache-misses:u,1169600,100.00,,
     0.377780122,1548549,,bus-cycles:u,1169536,100.00,,
     0.377780122,9906965,,instructions:u,1170080,100.00,,
     0.378948579,347,,branch-misses:u,1168832,100.00,,
     0.378948579,34,,cache-misses:u,1168928,100.00,,
     0.378948579,1547634,,bus-cycles:u,1168928,100.00,,
     0.378948579,9885908,,instructions:u,1168288,100.00,,
     0.380110735,344,,branch-misses:u,1161504,100.00,,
     0.380110735,35,,cache-misses:u,1161280,100.00,,
     0.380110735,1537392,,bus-cycles:u,1161216,100.00,,
     0.380110735,9840812,,instructions:u,1161376,100.00,,
     0.381275257,347,,branch-misses:u,1166464,100.00,,
     0.381275257,97,,cache-misses:u,1167296,100.00,,
     0.381275257,1539726,,bus-cycles:u,1167520,100.00,,
     0.381275257,9838665,,instructions:u,1167488,100.00,,
     0.382460864,352,,branch-misses:u,1185088,100.00,,
     0.382460864,41,,cache-misses:u,1184448,100.00,,
     0.382460864,1567637,,bus-cycles:u,1184320,100.00,,
     0.382460864,10021190,,instructions:u,1184128,100.00,,
     0.383624779,344,,branch-misses:u,1163136,100.00,,
     0.383624779,31,,cache-misses:u,1162976,100.00,,
     0.383624779,1539247,,bus-cycles:u,1162912,100.00,,
     0.383624779,9833628,,instructions:u,1162912,100.00,,
     0.384784502,344,,branch-misses:u,1161056,100.00,,
     0.384784502,97,,cache-misses:u,1161568,100.00,,
     0.384784502,1530599,,bus-cycles:u,1161696,100.00,,
     0.384784502,9792819,,instructions:u,1161888,100.00,,
     0.385956384,348,,branch-misses:u,1170784,100.00,,
     0.385956384,37,,cache-misses:u,1170432,100.00,,
     0.385956384,1549718,,bus-cycles:u,1170336,100.00,,
     0.385956384,9900069,,instructions:u,1170208,100.00,,
     0.387117451,344,,branch-misses:u,1161184,100.00,,
     0.387117451,39,,cache-misses:u,1161120,100.00,,
     0.387117451,1537599,,bus-cycles:u,1161120,100.00,,
     0.387117451,9822069,,instructions:u,1161184,100.00,,
     0.388277590,344,,branch-misses:u,1160960,100.00,,
     0.388277590,47,,cache-misses:u,1160768,100.00,,
     0.388277590,1536777,,bus-cycles:u,1160352,100.00,,
     0.388277590,9827175,,instructions:u,1160256,100.00,,
     0.389454975,347,,branch-misses:u,1178784,100.00,,
     0.389454975,106,,cache-misses:u,1179136,100.00,,
     0.389454975,1551813,,bus-cycles:u,1179552,100.00,,
     0.389454975,9917379,,instructions:u,1179552,100.00,,
     0.390629895,349,,branch-misses:u,1173952,100.00,,
     0.390629895,30,,cache-misses:u,1173760,100.00,,
     0.390629895,1553915,,bus-cycles:u,1173664,100.00,,
     0.390629895,9936916,,instructions:u,1173920,100.00,,
     0.391794866,345,,branch-misses:u,1165056,100.00,,
     0.391794866,40,,cache-misses:u,1165088,100.00,,
     0.391794866,1542226,,bus-cycles:u,1165120,100.00,,
     0.391794866,9855656,,instructions:u,1164992,100.00,,
     0.392989847,354,,branch-misses:u,1196032,100.00,,
     0.392989847,101,,cache-misses:u,1196064,100.00,,
     0.392989847,1577565,,bus-cycles:u,1196096,100.00,,
     0.392989847,10091919,,instructions:u,1196192,100.00,,
     0.394161152,348,,branch-misses:u,1171104,100.00,,
     0.394161152,32,,cache-misses:u,1171328,100.00,,
     0.394161152,1550699,,bus-cycles:u,1171488,100.00,,
     0.394161152,9907620,,instructions:u,1171424,100.00,,
     0.395329418,346,,branch-misses:u,1168128,100.00,,
     0.395329418,36,,cache-misses:u,1167584,100.00,,
     0.395329418,1545299,,bus-cycles:u,1167424,100.00,,
     0.395329418,9865379,,instructions:u,1167360,100.00,,
     0.396491349,345,,branch-misses:u,1162912,100.00,,
     0.396491349,82,,cache-misses:u,1163872,100.00,,
     0.396491349,1533422,,bus-cycles:u,1163968,100.00,,
     0.396491349,9804737,,instructions:u,1164032,100.00,,
     0.397665566,348,,branch-misses:u,1173568,100.00,,
     0.397665566,71,,cache-misses:u,1172640,100.00,,
     0.397665566,1552747,,bus-cycles:u,1172512,100.00,,
     0.397665566,9936926,,instructions:u,1172480,100.00,,
     0.398825898,347,,branch-misses:u,1160320,100.00,,
     0.398825898,33,,cache-misses:u,1160352,100.00,,
     0.398825898,1537137,,bus-cycles:u,1160448,100.00,,
     0.398825898,9830579,,instructions:u,1160416,100.00,,
     0.399985685,344,,branch-misses:u,1160512,100.00,,
     0.399985685,36,,cache-misses:u,1160896,100.00,,
     0.399985685,1539318,,bus-cycles:u,1160960,100.00,,
     0.399985685,9848108,,instructions:u,1161056,100.00,,
     0.401154271,348,,branch-misses:u,1170048,100.00,,
     0.401154271,111,,cache-misses:u,1169760,100.00,,
     0.401154271,1542908,,bus-cycles:u,1169728,100.00,,
     0.401154271,9871662,,instructions:u,1169632,100.00,,
     0.402329576,349,,branch-misses:u,1175680,100.00,,
     0.402329576,32,,cache-misses:u,1176384,100.00,,
     0.402329576,1557790,,bus-cycles:u,1176320,100.00,,
     0.402329576,9954807,,instructions:u,1176256,100.00,,
     0.403504848,351,,branch-misses:u,1175680,100.00,,
     0.403504848,27,,cache-misses:u,1175392,100.00,,
     0.403504848,1555080,,bus-cycles:u,1175520,100.00,,
     0.403504848,9939563,,instructions:u,1175488,100.00,,
     0.404680313,348,,branch-misses:u,1176608,100.00,,
     0.404680313,94,,cache-misses:u,1177216,100.00,,
     0.404680313,1552887,,bus-cycles:u,1177184,100.00,,
     0.404680313,9925200,,instructions:u,1177184,100.00,,
     0.405866816,351,,branch-misses:u,1185472,100.00,,
     0.405866816,34,,cache-misses:u,1185024,100.00,,
     0.405866816,1569272,,bus-cycles:u,1184960,100.00,,
     0.405866816,10027063,,instructions:u,1184928,100.00,,
     0.407040361,350,,branch-misses:u,1173536,100.00,,
     0.407040361,30,,cache-misses:u,1173120,100.00,,
     0.407040361,1554154,,bus-cycles:u,1173248,100.00,,
     0.407040361,9943230,,instructions:u,1173312,100.00,,
     0.408211954,348,,branch-misses:u,1171584,100.00,,
     0.408211954,38,,cache-misses:u,1171648,100.00,,
     0.408211954,1551002,,bus-cycles:u,1171552,100.00,,
     0.408211954,9916224,,instructions:u,1171488,100.00,,
     0.409381276,346,,branch-misses:u,1170816,100.00,,
     0.409381276,92,,cache-misses:u,1171360,100.00,,
     0.409381276,1542403,,bus-cycles:u,1171392,100.00,,
     0.409381276,9862103,,instructions:u,1171712,100.00,,
     0.410564323,351,,branch-misses:u,1181280,100.00,,
     0.410564323,33,,cache-misses:u,1180608,100.00,,
     0.410564323,1564872,,bus-cycles:u,1180576,100.00,,
     0.410564323,10000378,,instructions:u,1180256,100.00,,
     0.411726862,345,,branch-misses:u,1162016,100.00,,
     0.411726862,30,,cache-misses:u,1161888,100.00,,
     0.411726862,1540991,,bus-cycles:u,1161792,100.00,,
     0.411726862,9839019,,instructions:u,1161856,100.00,,
     0.412893464,346,,branch-misses:u,1172960,100.00,,
     0.412893464,95,,cache-misses:u,1175776,100.00,,
     0.412893464,1550616,,bus-cycles:u,1177664,100.00,,
     0.412893464,9918997,,instructions:u,1179328,100.00,,
     0.414223908,395,,branch-misses:u,1326976,100.00,,
     0.414223908,38,,cache-misses:u,1325984,100.00,,
     0.414223908,1757990,,bus-cycles:u,1325024,100.00,,
     0.414223908,11249599,,instructions:u,1324384,100.00,,
     0.415461986,368,,branch-misses:u,1238368,100.00,,
     0.415461986,30,,cache-misses:u,1237792,100.00,,
     0.415461986,1639868,,bus-cycles:u,1237536,100.00,,
     0.415461986,10491030,,instructions:u,1237184,100.00,,
     0.416671876,357,,branch-misses:u,1208448,100.00,,
     0.416671876,100,,cache-misses:u,1208064,100.00,,
     0.416671876,1593788,,bus-cycles:u,1208096,100.00,,
     0.416671876,10186168,,instructions:u,1207904,100.00,,
     0.418043785,407,,branch-misses:u,1373760,100.00,,
     0.418043785,40,,cache-misses:u,1373632,100.00,,
     0.418043785,1821637,,bus-cycles:u,1373600,100.00,,
     0.418043785,11641197,,instructions:u,1373472,100.00,,
     0.419229007,352,,branch-misses:u,1184192,100.00,,
     0.419229007,32,,cache-misses:u,1184064,100.00,,
     0.419229007,1568198,,bus-cycles:u,1183520,100.00,,
     0.419229007,10018727,,instructions:u,1184032,100.00,,
     0.420404888,348,,branch-misses:u,1176192,100.00,,
     0.420404888,51,,cache-misses:u,1176288,100.00,,
     0.420404888,1548833,,bus-cycles:u,1176288,100.00,,
     0.420404888,9888289,,instructions:u,1175584,100.00,,
     0.421579105,347,,branch-misses:u,1173600,100.00,,
     0.421579105,78,,cache-misses:u,1173440,100.00,,
     0.421579105,1554302,,bus-cycles:u,1173312,100.00,,
     0.421579105,9934506,,instructions:u,1173248,100.00,,
     0.422746059,347,,branch-misses:u,1167808,100.00,,
     0.422746059,34,,cache-misses:u,1167552,100.00,,
     0.422746059,1545975,,bus-cycles:u,1167904,100.00,,
     0.422746059,9899325,,instructions:u,1167968,100.00,,
     0.423915061,347,,branch-misses:u,1168704,100.00,,
     0.423915061,28,,cache-misses:u,1168800,100.00,,
     0.423915061,1547173,,bus-cycles:u,1168832,100.00,,
     0.423915061,9895472,,instructions:u,1168800,100.00,,
     0.425086398,347,,branch-misses:u,1174624,100.00,,
     0.425086398,104,,cache-misses:u,1175776,100.00,,
     0.425086398,1547957,,bus-cycles:u,1176192,100.00,,
     0.425086398,9908612,,instructions:u,1176928,100.00,,
     0.426285347,355,,branch-misses:u,1196288,100.00,,
     0.426285347,32,,cache-misses:u,1195680,100.00,,
     0.426285347,1582239,,bus-cycles:u,1194976,100.00,,
     0.426285347,10119558,,instructions:u,1194368,100.00,,
     0.427452301,347,,branch-misses:u,1166592,100.00,,
     0.427452301,29,,cache-misses:u,1166336,100.00,,
     0.427452301,1544447,,bus-cycles:u,1166240,100.00,,
     0.427452301,9871251,,instructions:u,1165984,100.00,,
     0.428627861,351,,branch-misses:u,1184576,100.00,,
     0.428627861,101,,cache-misses:u,1185888,100.00,,
     0.428627861,1566198,,bus-cycles:u,1187200,100.00,,
     0.428627861,10026434,,instructions:u,1187904,100.00,,
     0.429854901,362,,branch-misses:u,1220576,100.00,,
     0.429854901,33,,cache-misses:u,1219360,100.00,,
     0.429854901,1612880,,bus-cycles:u,1218368,100.00,,
     0.429854901,10308182,,instructions:u,1217888,100.00,,
     0.431029661,347,,branch-misses:u,1173568,100.00,,
     0.431029661,33,,cache-misses:u,1173184,100.00,,
     0.431029661,1554059,,bus-cycles:u,1173024,100.00,,
     0.431029661,9921311,,instructions:u,1172992,100.00,,
     0.432193512,346,,branch-misses:u,1163360,100.00,,
     0.432193512,34,,cache-misses:u,1163104,100.00,,
     0.432193512,1540170,,bus-cycles:u,1163136,100.00,,
     0.432193512,9836284,,instructions:u,1162848,100.00,,
     0.433354132,344,,branch-misses:u,1161472,100.00,,
     0.433354132,94,,cache-misses:u,1161568,100.00,,
     0.433354132,1529763,,bus-cycles:u,1161376,100.00,,
     0.433354132,9778094,,instructions:u,1161440,100.00,,
     0.434514623,345,,branch-misses:u,1159840,100.00,,
     0.434514623,31,,cache-misses:u,1159712,100.00,,
     0.434514623,1536930,,bus-cycles:u,1159808,100.00,,
     0.434514623,9841770,,instructions:u,1159776,100.00,,
     0.435671691,343,,branch-misses:u,1157504,100.00,,
     0.435671691,28,,cache-misses:u,1157920,100.00,,
     0.435671691,1534535,,bus-cycles:u,1157824,100.00,,
     0.435671691,9824632,,instructions:u,1157888,100.00,,
     0.436879438,358,,branch-misses:u,1210848,100.00,,
     0.436879438,109,,cache-misses:u,1211040,100.00,,
     0.436879438,1596897,,bus-cycles:u,1211936,100.00,,
     0.436879438,10210795,,instructions:u,1212352,100.00,,
     0.438064149,352,,branch-misses:u,1183200,100.00,,
     0.438064149,39,,cache-misses:u,1183200,100.00,,
     0.438064149,1565282,,bus-cycles:u,1182464,100.00,,
     0.438064149,10008014,,instructions:u,1182336,100.00,,
     0.439226688,344,,branch-misses:u,1161376,100.00,,
     0.439226688,31,,cache-misses:u,1160992,100.00,,
     0.439226688,1536804,,bus-cycles:u,1160800,100.00,,
     0.439226688,9810209,,instructions:u,1160768,100.00,,
     0.440388971,345,,branch-misses:u,1163072,100.00,,
     0.440388971,43,,cache-misses:u,1163456,100.00,,
     0.440388971,1534973,,bus-cycles:u,1163456,100.00,,
     0.440388971,9809132,,instructions:u,1163296,100.00,,
     0.441552821,345,,branch-misses:u,1164640,100.00,,
     0.441552821,85,,cache-misses:u,1163968,100.00,,
     0.441552821,1540267,,bus-cycles:u,1164000,100.00,,
     0.441552821,9842756,,instructions:u,1164000,100.00,,
     0.442721503,348,,branch-misses:u,1168768,100.00,,
     0.442721503,30,,cache-misses:u,1169536,100.00,,
     0.442721503,1547667,,bus-cycles:u,1169504,100.00,,
     0.442721503,9890749,,instructions:u,1169440,100.00,,
     0.443887018,345,,branch-misses:u,1164928,100.00,,
     0.443887018,27,,cache-misses:u,1164544,100.00,,
     0.443887018,1541008,,bus-cycles:u,1164544,100.00,,
     0.443887018,9850674,,instructions:u,1164480,100.00,,
     0.445047253,344,,branch-misses:u,1162336,100.00,,
     0.445047253,94,,cache-misses:u,1163072,100.00,,
     0.445047253,1532566,,bus-cycles:u,1163072,100.00,,
     0.445047253,9794613,,instructions:u,1163072,100.00,,
     0.446227805,349,,branch-misses:u,1179360,100.00,,
     0.446227805,41,,cache-misses:u,1178752,100.00,,
     0.446227805,1560119,,bus-cycles:u,1178752,100.00,,
     0.446227805,9972149,,instructions:u,1178752,100.00,,
     0.447388072,345,,branch-misses:u,1159968,100.00,,
     0.447388072,34,,cache-misses:u,1159712,100.00,,
     0.447388072,1534844,,bus-cycles:u,1159648,100.00,,
     0.447388072,9823423,,instructions:u,1159680,100.00,,
     0.448548692,343,,branch-misses:u,1161664,100.00,,
     0.448548692,95,,cache-misses:u,1161952,100.00,,
     0.448548692,1526091,,bus-cycles:u,1162048,100.00,,
     0.448548692,9754636,,instructions:u,1162048,100.00,,
     0.449710559,344,,branch-misses:u,1161024,100.00,,
     0.449710559,43,,cache-misses:u,1160640,100.00,,
     0.449710559,1536904,,bus-cycles:u,1160608,100.00,,
     0.449710559,9815720,,instructions:u,1160608,100.00,,
     0.450865835,342,,branch-misses:u,1155456,100.00,,
     0.450865835,35,,cache-misses:u,1155776,100.00,,
     0.450865835,1530680,,bus-cycles:u,1155776,100.00,,
     0.450865835,9785652,,instructions:u,1155744,100.00,,
     0.452023159,343,,branch-misses:u,1157568,100.00,,
     0.452023159,27,,cache-misses:u,1156960,100.00,,
     0.452023159,1531883,,bus-cycles:u,1156960,100.00,,
     0.452023159,9786826,,instructions:u,1156992,100.00,,
     0.453183394,344,,branch-misses:u,1161792,100.00,,
     0.453183394,101,,cache-misses:u,1162784,100.00,,
     0.453183394,1531475,,bus-cycles:u,1162944,100.00,,
     0.453183394,9793154,,instructions:u,1163104,100.00,,
     0.454362059,349,,branch-misses:u,1178464,100.00,,
     0.454362059,48,,cache-misses:u,1178560,100.00,,
     0.454362059,1560647,,bus-cycles:u,1178400,100.00,,
     0.454362059,9968884,,instructions:u,1178208,100.00,,
     0.455523894,344,,branch-misses:u,1161120,100.00,,
     0.455523894,38,,cache-misses:u,1160160,100.00,,
     0.455523894,1536122,,bus-cycles:u,1160160,100.00,,
     0.455523894,9814917,,instructions:u,1160160,100.00,,
     0.456682145,343,,branch-misses:u,1159456,100.00,,
     0.456682145,128,,cache-misses:u,1160128,100.00,,
     0.456682145,1524183,,bus-cycles:u,1160320,100.00,,
     0.456682145,9753379,,instructions:u,1160384,100.00,,
     0.457883237,357,,branch-misses:u,1202208,100.00,,
     0.457883237,38,,cache-misses:u,1202464,100.00,,
     0.457883237,1591723,,bus-cycles:u,1202464,100.00,,
     0.457883237,10177588,,instructions:u,1202592,100.00,,
     0.459050448,345,,branch-misses:u,1165728,100.00,,
     0.459050448,35,,cache-misses:u,1164800,100.00,,
     0.459050448,1541605,,bus-cycles:u,1164544,100.00,,
     0.459050448,9853792,,instructions:u,1164384,100.00,,
     0.460207132,343,,branch-misses:u,1156768,100.00,,
     0.460207132,32,,cache-misses:u,1156800,100.00,,
     0.460207132,1531526,,bus-cycles:u,1157056,100.00,,
     0.460207132,9796047,,instructions:u,1156992,100.00,,
     0.461367015,342,,branch-misses:u,1160544,100.00,,
     0.461367015,101,,cache-misses:u,1160928,100.00,,
     0.461367015,1525932,,bus-cycles:u,1160864,100.00,,
     0.461367015,9760170,,instructions:u,1160928,100.00,,
     0.462525011,345,,branch-misses:u,1158368,100.00,,
     0.462525011,33,,cache-misses:u,1157888,100.00,,
     0.462525011,1532686,,bus-cycles:u,1157728,100.00,,
     0.462525011,9816429,,instructions:u,1158016,100.00,,
     0.463683135,343,,branch-misses:u,1157440,100.00,,
     0.463683135,35,,cache-misses:u,1157536,100.00,,
     0.463683135,1532767,,bus-cycles:u,1157568,100.00,,
     0.463683135,9794678,,instructions:u,1157216,100.00,,
     0.464839851,343,,branch-misses:u,1158720,100.00,,
     0.464839851,110,,cache-misses:u,1159424,100.00,,
     0.464839851,1529898,,bus-cycles:u,1159488,100.00,,
     0.464839851,9779184,,instructions:u,1159776,100.00,,
     0.466015283,348,,branch-misses:u,1174592,100.00,,
     0.466015283,39,,cache-misses:u,1173952,100.00,,
     0.466015283,1553767,,bus-cycles:u,1173856,100.00,,
     0.466015283,9932625,,instructions:u,1173632,100.00,,
     0.467176095,346,,branch-misses:u,1160352,100.00,,
     0.467176095,35,,cache-misses:u,1160192,100.00,,
     0.467176095,1535987,,bus-cycles:u,1160224,100.00,,
     0.467176095,9826523,,instructions:u,1160160,100.00,,
     0.468335690,345,,branch-misses:u,1159776,100.00,,
     0.468335690,39,,cache-misses:u,1159872,100.00,,
     0.468335690,1536208,,bus-cycles:u,1159872,100.00,,
     0.468335690,9826634,,instructions:u,1159904,100.00,,
     0.469521905,351,,branch-misses:u,1188960,100.00,,
     0.469521905,104,,cache-misses:u,1189504,100.00,,
     0.469521905,1567797,,bus-cycles:u,1189664,100.00,,
     0.469521905,10018478,,instructions:u,1190016,100.00,,
     0.470688059,346,,branch-misses:u,1164000,100.00,,
     0.470688059,34,,cache-misses:u,1164064,100.00,,
     0.470688059,1540846,,bus-cycles:u,1164000,100.00,,
     0.470688059,9857578,,instructions:u,1163648,100.00,,
     0.471848839,346,,branch-misses:u,1160736,100.00,,
     0.471848839,30,,cache-misses:u,1160000,100.00,,
     0.471848839,1535716,,bus-cycles:u,1159840,100.00,,
     0.471848839,9828675,,instructions:u,1159872,100.00,,
     0.473007122,343,,branch-misses:u,1160256,100.00,,
     0.473007122,118,,cache-misses:u,1161248,100.00,,
     0.473007122,1528340,,bus-cycles:u,1161440,100.00,,
     0.473007122,9778664,,instructions:u,1161664,100.00,,
     0.474186586,350,,branch-misses:u,1179040,100.00,,
     0.474186586,43,,cache-misses:u,1178752,100.00,,
     0.474186586,1560902,,bus-cycles:u,1178624,100.00,,
     0.474186586,9981071,,instructions:u,1178752,100.00,,
     0.475350181,346,,branch-misses:u,1163456,100.00,,
     0.475350181,32,,cache-misses:u,1163104,100.00,,
     0.475350181,1539773,,bus-cycles:u,1163072,100.00,,
     0.475350181,9852745,,instructions:u,1162688,100.00,,
     0.476514480,345,,branch-misses:u,1165248,100.00,,
     0.476514480,69,,cache-misses:u,1165408,100.00,,
     0.476514480,1535356,,bus-cycles:u,1166016,100.00,,
     0.476514480,9825740,,instructions:u,1166208,100.00,,
     0.477687961,348,,branch-misses:u,1173824,100.00,,
     0.477687961,53,,cache-misses:u,1173984,100.00,,
     0.477687961,1552950,,bus-cycles:u,1173504,100.00,,
     0.477687961,9931973,,instructions:u,1173344,100.00,,
     0.478856707,346,,branch-misses:u,1168448,100.00,,
     0.478856707,35,,cache-misses:u,1168448,100.00,,
     0.478856707,1547240,,bus-cycles:u,1168768,100.00,,
     0.478856707,9899811,,instructions:u,1168768,100.00,,
     0.480070532,363,,branch-misses:u,1216128,100.00,,
     0.480070532,32,,cache-misses:u,1216096,100.00,,
     0.480070532,1610055,,bus-cycles:u,1216160,100.00,,
     0.480070532,10304105,,instructions:u,1216384,100.00,,
     0.481246253,348,,branch-misses:u,1176160,100.00,,
     0.481246253,99,,cache-misses:u,1176384,100.00,,
     0.481246253,1551170,,bus-cycles:u,1176224,100.00,,
     0.481246253,9916263,,instructions:u,1176224,100.00,,
     0.482436179,352,,branch-misses:u,1189152,100.00,,
     0.482436179,36,,cache-misses:u,1188704,100.00,,
     0.482436179,1574626,,bus-cycles:u,1188608,100.00,,
     0.482436179,10061130,,instructions:u,1188384,100.00,,
     0.483610780,349,,branch-misses:u,1173664,100.00,,
     0.483610780,33,,cache-misses:u,1173600,100.00,,
     0.483610780,1553486,,bus-cycles:u,1173344,100.00,,
     0.483610780,9937846,,instructions:u,1173312,100.00,,
     0.484779206,347,,branch-misses:u,1169504,100.00,,
     0.484779206,94,,cache-misses:u,1169600,100.00,,
     0.484779206,1538549,,bus-cycles:u,1169696,100.00,,
     0.484779206,9839770,,instructions:u,1169664,100.00,,
     0.485950575,347,,branch-misses:u,1170560,100.00,,
     0.485950575,37,,cache-misses:u,1170624,100.00,,
     0.485950575,1551068,,bus-cycles:u,1170464,100.00,,
     0.485950575,9909926,,instructions:u,1170496,100.00,,
     0.487114778,346,,branch-misses:u,1164000,100.00,,
     0.487114778,34,,cache-misses:u,1163648,100.00,,
     0.487114778,1541853,,bus-cycles:u,1163712,100.00,,
     0.487114778,9861022,,instructions:u,1163680,100.00,,
     0.488273541,343,,branch-misses:u,1158080,100.00,,
     0.488273541,30,,cache-misses:u,1157920,100.00,,
     0.488273541,1533879,,bus-cycles:u,1157920,100.00,,
     0.488273541,9793546,,instructions:u,1157984,100.00,,
     0.489433777,345,,branch-misses:u,1163680,100.00,,
     0.489433777,106,,cache-misses:u,1165792,100.00,,
     0.489433777,1537581,,bus-cycles:u,1166848,100.00,,
     0.489433777,9831057,,instructions:u,1167872,100.00,,
     0.490680684,370,,branch-misses:u,1245824,100.00,,
     0.490680684,37,,cache-misses:u,1244992,100.00,,
     0.490680684,1651552,,bus-cycles:u,1244640,100.00,,
     0.490680684,10570342,,instructions:u,1244384,100.00,,
     0.491903468,363,,branch-misses:u,1221600,100.00,,
     0.491903468,35,,cache-misses:u,1220544,100.00,,
     0.491903468,1618347,,bus-cycles:u,1220224,100.00,,
     0.491903468,10356178,,instructions:u,1219616,100.00,,
     0.493075318,348,,branch-misses:u,1173408,100.00,,
     0.493075318,110,,cache-misses:u,1173952,100.00,,
     0.493075318,1548816,,bus-cycles:u,1173984,100.00,,
     0.493075318,9911744,,instructions:u,1174080,100.00,,
     0.494259837,352,,branch-misses:u,1184128,100.00,,
     0.494259837,38,,cache-misses:u,1183936,100.00,,
     0.494259837,1569772,,bus-cycles:u,1183712,100.00,,
     0.494259837,10029106,,instructions:u,1183680,100.00,,
     0.495433797,348,,branch-misses:u,1173728,100.00,,
     0.495433797,35,,cache-misses:u,1173312,100.00,,
     0.495433797,1555593,,bus-cycles:u,1173312,100.00,,
     0.495433797,9940785,,instructions:u,1173248,100.00,,
     0.496606575,348,,branch-misses:u,1174272,100.00,,
     0.496606575,103,,cache-misses:u,1174816,100.00,,
     0.496606575,1549555,,bus-cycles:u,1174784,100.00,,
     0.496606575,9917653,,instructions:u,1174912,100.00,,
     0.497786326,351,,branch-misses:u,1178944,100.00,,
     0.497786326,41,,cache-misses:u,1178528,100.00,,
     0.497786326,1562499,,bus-cycles:u,1178464,100.00,,
     0.497786326,9982913,,instructions:u,1178272,100.00,,
     0.498956224,346,,branch-misses:u,1170144,100.00,,
     0.498956224,40,,cache-misses:u,1170144,100.00,,
     0.498956224,1550458,,bus-cycles:u,1170144,100.00,,
     0.498956224,9904720,,instructions:u,1170272,100.00,,
     0.500125066,346,,branch-misses:u,1168352,100.00,,
     0.500125066,35,,cache-misses:u,1168768,100.00,,
     0.500125066,1548460,,bus-cycles:u,1169024,100.00,,
     0.500125066,9889189,,instructions:u,1168896,100.00,,
     0.501322223,356,,branch-misses:u,1199552,100.00,,
     0.501322223,95,,cache-misses:u,1199840,100.00,,
     0.501322223,1583344,,bus-cycles:u,1199616,100.00,,
     0.501322223,10117179,,instructions:u,1199744,100.00,,
     0.502500695,349,,branch-misses:u,1177248,100.00,,
     0.502500695,39,,cache-misses:u,1177088,100.00,,
     0.502500695,1558961,,bus-cycles:u,1177056,100.00,,
     0.502500695,9979735,,instructions:u,1177440,100.00,,
     0.503669377,347,,branch-misses:u,1169088,100.00,,
     0.503669377,56,,cache-misses:u,1168416,100.00,,
     0.503669377,1547443,,bus-cycles:u,1168416,100.00,,
     0.503669377,9880575,,instructions:u,1168032,100.00,,
     0.504832651,345,,branch-misses:u,1163744,100.00,,
     0.504832651,108,,cache-misses:u,1164832,100.00,,
     0.504832651,1536095,,bus-cycles:u,1164992,100.00,,
     0.504832651,9829178,,instructions:u,1164992,100.00,,
     0.506007508,349,,branch-misses:u,1175104,100.00,,
     0.506007508,36,,cache-misses:u,1174336,100.00,,
     0.506007508,1554834,,bus-cycles:u,1174112,100.00,,
     0.506007508,9948927,,instructions:u,1174048,100.00,,
     0.507170559,347,,branch-misses:u,1162144,100.00,,
     0.507170559,36,,cache-misses:u,1162080,100.00,,
     0.507170559,1538929,,bus-cycles:u,1162048,100.00,,
     0.507170559,9839819,,instructions:u,1161920,100.00,,
     0.508333898,345,,branch-misses:u,1164032,100.00,,
     0.508333898,37,,cache-misses:u,1164064,100.00,,
     0.508333898,1540440,,bus-cycles:u,1164096,100.00,,
     0.508333898,9856516,,instructions:u,1164224,100.00,,
     0.509515985,350,,branch-misses:u,1184096,100.00,,
     0.509515985,97,,cache-misses:u,1184576,100.00,,
     0.509515985,1558508,,bus-cycles:u,1184704,100.00,,
     0.509515985,9959773,,instructions:u,1184672,100.00,,
     0.510685851,346,,branch-misses:u,1167936,100.00,,
     0.510685851,47,,cache-misses:u,1167072,100.00,,
     0.510685851,1541962,,bus-cycles:u,1166976,100.00,,
     0.510685851,9865110,,instructions:u,1167104,100.00,,
     0.511847878,344,,branch-misses:u,1162336,100.00,,
     0.511847878,33,,cache-misses:u,1162624,100.00,,
     0.511847878,1538617,,bus-cycles:u,1162560,100.00,,
     0.511847878,9825348,,instructions:u,1162432,100.00,,
     0.513007058,344,,branch-misses:u,1160224,100.00,,
     0.513007058,92,,cache-misses:u,1160320,100.00,,
     0.513007058,1530330,,bus-cycles:u,1160480,100.00,,
     0.513007058,9782899,,instructions:u,1160672,100.00,,
     0.514180635,350,,branch-misses:u,1172928,100.00,,
     0.514180635,33,,cache-misses:u,1172800,100.00,,
     0.514180635,1553464,,bus-cycles:u,1172768,100.00,,
     0.514180635,9937467,,instructions:u,1172480,100.00,,
     0.515339494,344,,branch-misses:u,1159008,100.00,,
     0.515339494,34,,cache-misses:u,1158656,100.00,,
     0.515339494,1534382,,bus-cycles:u,1158784,100.00,,
     0.515339494,9805468,,instructions:u,1158880,100.00,,
     0.516498002,342,,branch-misses:u,1159360,100.00,,
     0.516498002,75,,cache-misses:u,1160000,100.00,,
     0.516498002,1527861,,bus-cycles:u,1159744,100.00,,
     0.516498002,9761077,,instructions:u,1159680,100.00,,
     0.517659261,345,,branch-misses:u,1160640,100.00,,
     0.517659261,56,,cache-misses:u,1160416,100.00,,
     0.517659261,1535984,,bus-cycles:u,1160416,100.00,,
     0.517659261,9826509,,instructions:u,1160320,100.00,,
     0.518815818,341,,branch-misses:u,1156544,100.00,,
     0.518815818,36,,cache-misses:u,1156608,100.00,,
     0.518815818,1531503,,bus-cycles:u,1156640,100.00,,
     0.518815818,9785197,,instructions:u,1156800,100.00,,
     0.519974485,345,,branch-misses:u,1159680,100.00,,
     0.519974485,33,,cache-misses:u,1159488,100.00,,
     0.519974485,1535851,,bus-cycles:u,1159808,100.00,,
     0.519974485,9809713,,instructions:u,1159968,100.00,,
     0.521141919,346,,branch-misses:u,1169856,100.00,,
     0.521141919,117,,cache-misses:u,1170432,100.00,,
     0.521141919,1542353,,bus-cycles:u,1170496,100.00,,
     0.521141919,9855964,,instructions:u,1170112,100.00,,
     0.522327878,351,,branch-misses:u,1184256,100.00,,
     0.522327878,48,,cache-misses:u,1184160,100.00,,
     0.522327878,1568200,,bus-cycles:u,1183808,100.00,,
     0.522327878,10022180,,instructions:u,1184192,100.00,,
     0.523525739,355,,branch-misses:u,1198912,100.00,,
     0.523525739,33,,cache-misses:u,1198912,100.00,,
     0.523525739,1588181,,bus-cycles:u,1198880,100.00,,
     0.523525739,10162087,,instructions:u,1198848,100.00,,
     0.524688662,344,,branch-misses:u,1162880,100.00,,
     0.524688662,104,,cache-misses:u,1163040,100.00,,
     0.524688662,1531542,,bus-cycles:u,1163040,100.00,,
     0.524688662,9798659,,instructions:u,1163008,100.00,,
     0.525855328,347,,branch-misses:u,1165440,100.00,,
     0.525855328,42,,cache-misses:u,1164608,100.00,,
     0.525855328,1542444,,bus-cycles:u,1164640,100.00,,
     0.525855328,9858264,,instructions:u,1164544,100.00,,
     0.527012076,343,,branch-misses:u,1156640,100.00,,
     0.527012076,38,,cache-misses:u,1156544,100.00,,
     0.527012076,1531816,,bus-cycles:u,1156512,100.00,,
     0.527012076,9798991,,instructions:u,1156384,100.00,,
     0.528166328,344,,branch-misses:u,1154368,100.00,,
     0.528166328,35,,cache-misses:u,1154688,100.00,,
     0.528166328,1528847,,bus-cycles:u,1154816,100.00,,
     0.528166328,9782596,,instructions:u,1154784,100.00,,
     0.529322533,343,,branch-misses:u,1158368,100.00,,
     0.529322533,95,,cache-misses:u,1159584,100.00,,
     0.529322533,1527869,,bus-cycles:u,1159616,100.00,,
     0.529322533,9766881,,instructions:u,1159744,100.00,,
     0.530497837,348,,branch-misses:u,1174464,100.00,,
     0.530497837,39,,cache-misses:u,1172992,100.00,,
     0.530497837,1553424,,bus-cycles:u,1172800,100.00,,
     0.530497837,9924054,,instructions:u,1172864,100.00,,
     0.531658776,344,,branch-misses:u,1161024,100.00,,
     0.531658776,34,,cache-misses:u,1161504,100.00,,
     0.531658776,1537796,,bus-cycles:u,1161536,100.00,,
     0.531658776,9838530,,instructions:u,1161568,100.00,,
     0.532819908,346,,branch-misses:u,1162080,100.00,,
     0.532819908,100,,cache-misses:u,1161920,100.00,,
     0.532819908,1529226,,bus-cycles:u,1161888,100.00,,
     0.532819908,9775966,,instructions:u,1161728,100.00,,
     0.533987566,346,,branch-misses:u,1167488,100.00,,
     0.533987566,37,,cache-misses:u,1167328,100.00,,
     0.533987566,1545578,,bus-cycles:u,1167648,100.00,,
     0.533987566,9883224,,instructions:u,1167648,100.00,,
     0.535148601,344,,branch-misses:u,1160448,100.00,,
     0.535148601,36,,cache-misses:u,1160224,100.00,,
     0.535148601,1535595,,bus-cycles:u,1159904,100.00,,
     0.535148601,9813125,,instructions:u,1159776,100.00,,
     0.536306917,344,,branch-misses:u,1158464,100.00,,
     0.536306917,38,,cache-misses:u,1158752,100.00,,
     0.536306917,1534967,,bus-cycles:u,1158912,100.00,,
     0.536306917,9828456,,instructions:u,1158976,100.00,,
     0.537485133,350,,branch-misses:u,1180768,100.00,,
     0.537485133,85,,cache-misses:u,1181280,100.00,,
     0.537485133,1557018,,bus-cycles:u,1181280,100.00,,
     0.537485133,9946216,,instructions:u,1181376,100.00,,
     0.538650360,346,,branch-misses:u,1163616,100.00,,
     0.538650360,34,,cache-misses:u,1163328,100.00,,
     0.538650360,1540786,,bus-cycles:u,1163200,100.00,,
     0.538650360,9845649,,instructions:u,1163072,100.00,,
     0.539810019,346,,branch-misses:u,1159776,100.00,,
     0.539810019,35,,cache-misses:u,1159296,100.00,,
     0.539810019,1536103,,bus-cycles:u,1159264,100.00,,
     0.539810019,9809927,,instructions:u,1159424,100.00,,
     0.540968559,344,,branch-misses:u,1159072,100.00,,
     0.540968559,91,,cache-misses:u,1159520,100.00,,
     0.540968559,1531146,,bus-cycles:u,1159488,100.00,,
     0.540968559,9803493,,instructions:u,1159392,100.00,,
     0.542129178,346,,branch-misses:u,1160320,100.00,,
     0.542129178,30,,cache-misses:u,1160224,100.00,,
     0.542129178,1537863,,bus-cycles:u,1160256,100.00,,
     0.542129178,9823684,,instructions:u,1160192,100.00,,
     0.543289190,345,,branch-misses:u,1160832,100.00,,
     0.543289190,31,,cache-misses:u,1160800,100.00,,
     0.543289190,1537461,,bus-cycles:u,1160832,100.00,,
     0.543289190,9841156,,instructions:u,1160896,100.00,,
     0.544481131,354,,branch-misses:u,1193536,100.00,,
     0.544481131,72,,cache-misses:u,1194112,100.00,,
     0.544481131,1576121,,bus-cycles:u,1194176,100.00,,
     0.544481131,10086773,,instructions:u,1194496,100.00,,
     0.545651125,347,,branch-misses:u,1168992,100.00,,
     0.545651125,62,,cache-misses:u,1168352,100.00,,
     0.545651125,1546872,,bus-cycles:u,1168320,100.00,,
     0.545651125,9892098,,instructions:u,1168128,100.00,,
     0.546810816,345,,branch-misses:u,1159104,100.00,,
     0.546810816,37,,cache-misses:u,1159296,100.00,,
     0.546810816,1534859,,bus-cycles:u,1159232,100.00,,
     0.546810816,9819901,,instructions:u,1159008,100.00,,
     0.547967660,343,,branch-misses:u,1157504,100.00,,
     0.547967660,36,,cache-misses:u,1157056,100.00,,
     0.547967660,1532892,,bus-cycles:u,1157088,100.00,,
     0.547967660,9809286,,instructions:u,1157120,100.00,,
     0.549124792,343,,branch-misses:u,1157056,100.00,,
     0.549124792,101,,cache-misses:u,1157632,100.00,,
     0.549124792,1525114,,bus-cycles:u,1157824,100.00,,
     0.549124792,9754726,,instructions:u,1157888,100.00,,
     0.550285252,343,,branch-misses:u,1160608,100.00,,
     0.550285252,35,,cache-misses:u,1160096,100.00,,
     0.550285252,1536591,,bus-cycles:u,1159904,100.00,,
     0.550285252,9825159,,instructions:u,1159968,100.00,,
     0.551441872,343,,branch-misses:u,1156384,100.00,,
     0.551441872,25,,cache-misses:u,1156768,100.00,,
     0.551441872,1532401,,bus-cycles:u,1156800,100.00,,
     0.551441872,9786796,,instructions:u,1156672,100.00,,
     0.552600252,344,,branch-misses:u,1159744,100.00,,
     0.552600252,110,,cache-misses:u,1159936,100.00,,
     0.552600252,1528500,,bus-cycles:u,1159872,100.00,,
     0.552600252,9780712,,instructions:u,1159904,100.00,,
     0.553762151,345,,branch-misses:u,1161728,100.00,,
     0.553762151,36,,cache-misses:u,1161440,100.00,,
     0.553762151,1538623,,bus-cycles:u,1161536,100.00,,
     0.553762151,9842947,,instructions:u,1161728,100.00,,
     0.554925906,345,,branch-misses:u,1164064,100.00,,
     0.554925906,33,,cache-misses:u,1164064,100.00,,
     0.554925906,1541800,,bus-cycles:u,1163936,100.00,,
     0.554925906,9863596,,instructions:u,1164000,100.00,,
     0.556090972,346,,branch-misses:u,1165024,100.00,,
     0.556090972,34,,cache-misses:u,1165056,100.00,,
     0.556090972,1542825,,bus-cycles:u,1165440,100.00,,
     0.556090972,9868012,,instructions:u,1165248,100.00,,
     0.557259750,347,,branch-misses:u,1170464,100.00,,
     0.557259750,100,,cache-misses:u,1170432,100.00,,
     0.557259750,1538818,,bus-cycles:u,1170208,100.00,,
     0.557259750,9845429,,instructions:u,1170304,100.00,,
     0.558436654,348,,branch-misses:u,1177056,100.00,,
     0.558436654,33,,cache-misses:u,1177376,100.00,,
     0.558436654,1558520,,bus-cycles:u,1177312,100.00,,
     0.558436654,9953598,,instructions:u,1177280,100.00,,
     0.559610167,348,,branch-misses:u,1172544,100.00,,
     0.559610167,31,,cache-misses:u,1172448,100.00,,
     0.559610167,1552241,,bus-cycles:u,1172384,100.00,,
     0.559610167,9923835,,instructions:u,1172512,100.00,,
     0.560776514,347,,branch-misses:u,1167872,100.00,,
     0.560776514,105,,cache-misses:u,1167776,100.00,,
     0.560776514,1540237,,bus-cycles:u,1167904,100.00,,
     0.560776514,9856280,,instructions:u,1167648,100.00,,
     0.561948619,347,,branch-misses:u,1171712,100.00,,
     0.561948619,36,,cache-misses:u,1171744,100.00,,
     0.561948619,1551703,,bus-cycles:u,1171776,100.00,,
     0.561948619,9910313,,instructions:u,1171808,100.00,,
     0.563114229,345,,branch-misses:u,1165216,100.00,,
     0.563114229,31,,cache-misses:u,1165248,100.00,,
     0.563114229,1542653,,bus-cycles:u,1165152,100.00,,
     0.563114229,9854603,,instructions:u,1165152,100.00,,
     0.564283551,347,,branch-misses:u,1169760,100.00,,
     0.564283551,30,,cache-misses:u,1169792,100.00,,
     0.564283551,1549264,,bus-cycles:u,1169760,100.00,,
     0.564283551,9916843,,instructions:u,1169632,100.00,,
     0.565494817,360,,branch-misses:u,1212800,100.00,,
     0.565494817,87,,cache-misses:u,1213536,100.00,,
     0.565494817,1601493,,bus-cycles:u,1213728,100.00,,
     0.565494817,10240088,,instructions:u,1214208,100.00,,
     0.566675369,350,,branch-misses:u,1179136,100.00,,
     0.566675369,33,,cache-misses:u,1178176,100.00,,
     0.566675369,1560870,,bus-cycles:u,1178048,100.00,,
     0.566675369,9968896,,instructions:u,1177888,100.00,,
     0.567847410,347,,branch-misses:u,1171808,100.00,,
     0.567847410,35,,cache-misses:u,1171904,100.00,,
     0.567847410,1551587,,bus-cycles:u,1172032,100.00,,
     0.567847410,9913872,,instructions:u,1172128,100.00,,
     0.569019515,347,,branch-misses:u,1173344,100.00,,
     0.569019515,115,,cache-misses:u,1173568,100.00,,
     0.569019515,1544441,,bus-cycles:u,1173632,100.00,,
     0.569019515,9873271,,instructions:u,1173888,100.00,,
     0.570201123,351,,branch-misses:u,1181632,100.00,,
     0.570201123,37,,cache-misses:u,1181568,100.00,,
     0.570201123,1564475,,bus-cycles:u,1181632,100.00,,
     0.570201123,10004912,,instructions:u,1181248,100.00,,
     0.571377323,348,,branch-misses:u,1176576,100.00,,
     0.571377323,29,,cache-misses:u,1176256,100.00,,
     0.571377323,1557028,,bus-cycles:u,1176224,100.00,,
     0.571377323,9957718,,instructions:u,1176224,100.00,,
     0.572550644,349,,branch-misses:u,1173088,100.00,,
     0.572550644,87,,cache-misses:u,1173248,100.00,,
     0.572550644,1545880,,bus-cycles:u,1173152,100.00,,
     0.572550644,9871330,,instructions:u,1173248,100.00,,
     0.573719198,345,,branch-misses:u,1168128,100.00,,
     0.573719198,34,,cache-misses:u,1168096,100.00,,
     0.573719198,1545027,,bus-cycles:u,1167968,100.00,,
     0.573719198,9864200,,instructions:u,1167872,100.00,,
     0.574884585,346,,branch-misses:u,1166048,100.00,,
     0.574884585,33,,cache-misses:u,1166112,100.00,,
     0.574884585,1543725,,bus-cycles:u,1166144,100.00,,
     0.574884585,9860349,,instructions:u,1166112,100.00,,
     0.576049715,345,,branch-misses:u,1164640,100.00,,
     0.576049715,29,,cache-misses:u,1164672,100.00,,
     0.576049715,1541415,,bus-cycles:u,1164672,100.00,,
     0.576049715,9860512,,instructions:u,1164640,100.00,,
     0.577215326,347,,branch-misses:u,1168096,100.00,,
     0.577215326,98,,cache-misses:u,1168800,100.00,,
     0.577215326,1539084,,bus-cycles:u,1168928,100.00,,
     0.577215326,9842233,,instructions:u,1168992,100.00,,
     0.578399013,350,,branch-misses:u,1182496,100.00,,
     0.578399013,42,,cache-misses:u,1182016,100.00,,
     0.578399013,1564053,,bus-cycles:u,1181856,100.00,,
     0.578399013,10003954,,instructions:u,1181760,100.00,,
     0.579564431,345,,branch-misses:u,1165440,100.00,,
     0.579564431,43,,cache-misses:u,1164992,100.00,,
     0.579564431,1541426,,bus-cycles:u,1164928,100.00,,
     0.579564431,9868137,,instructions:u,1164928,100.00,,
     0.580726107,343,,branch-misses:u,1161728,100.00,,
     0.580726107,104,,cache-misses:u,1161568,100.00,,
     0.580726107,1528847,,bus-cycles:u,1161632,100.00,,
     0.580726107,9776005,,instructions:u,1161536,100.00,,
     0.581886054,345,,branch-misses:u,1159872,100.00,,
     0.581886054,30,,cache-misses:u,1159776,100.00,,
     0.581886054,1534220,,bus-cycles:u,1159680,100.00,,
     0.581886054,9804559,,instructions:u,1159616,100.00,,
     0.583044274,342,,branch-misses:u,1158720,100.00,,
     0.583044274,32,,cache-misses:u,1158848,100.00,,
     0.583044274,1532921,,bus-cycles:u,1158976,100.00,,
     0.583044274,9786903,,instructions:u,1159040,100.00,,
     0.584202910,344,,branch-misses:u,1158592,100.00,,
     0.584202910,32,,cache-misses:u,1158688,100.00,,
     0.584202910,1533473,,bus-cycles:u,1158720,100.00,,
     0.584202910,9808530,,instructions:u,1159200,100.00,,
     0.585362473,343,,branch-misses:u,1161088,100.00,,
     0.585362473,101,,cache-misses:u,1161824,100.00,,
     0.585362473,1528205,,bus-cycles:u,1161728,100.00,,
     0.585362473,9769221,,instructions:u,1161376,100.00,,
     0.586540273,350,,branch-misses:u,1177664,100.00,,
     0.586540273,34,,cache-misses:u,1176832,100.00,,
     0.586540273,1557806,,bus-cycles:u,1176800,100.00,,
     0.586540273,9963893,,instructions:u,1176608,100.00,,
     0.587727640,352,,branch-misses:u,1188416,100.00,,
     0.587727640,39,,cache-misses:u,1188480,100.00,,
     0.587727640,1574361,,bus-cycles:u,1188736,100.00,,
     0.587727640,10073425,,instructions:u,1189088,100.00,,
     0.588892418,345,,branch-misses:u,1164032,100.00,,
     0.588892418,108,,cache-misses:u,1163968,100.00,,
     0.588892418,1534067,,bus-cycles:u,1163744,100.00,,
     0.588892418,9812090,,instructions:u,1163616,100.00,,
     0.590050446,343,,branch-misses:u,1157632,100.00,,
     0.590050446,33,,cache-misses:u,1157664,100.00,,
     0.590050446,1531208,,bus-cycles:u,1157600,100.00,,
     0.590050446,9790524,,instructions:u,1157472,100.00,,
     0.591205723,343,,branch-misses:u,1154816,100.00,,
     0.591205723,30,,cache-misses:u,1154592,100.00,,
     0.591205723,1527287,,bus-cycles:u,1154592,100.00,,
     0.591205723,9769049,,instructions:u,1154688,100.00,,
     0.592361351,343,,branch-misses:u,1156096,100.00,,
     0.592361351,35,,cache-misses:u,1156096,100.00,,
     0.592361351,1529845,,bus-cycles:u,1156128,100.00,,
     0.592361351,9780328,,instructions:u,1156096,100.00,,
     0.593545294,350,,branch-misses:u,1186976,100.00,,
     0.593545294,97,,cache-misses:u,1187520,100.00,,
     0.593545294,1565851,,bus-cycles:u,1187584,100.00,,
     0.593545294,10005935,,instructions:u,1187744,100.00,,
     0.594716311,347,,branch-misses:u,1170624,100.00,,
     0.594716311,35,,cache-misses:u,1170400,100.00,,
     0.594716311,1547776,,bus-cycles:u,1170336,100.00,,
     0.594716311,9904105,,instructions:u,1170240,100.00,,
     0.595884865,347,,branch-misses:u,1167616,100.00,,
     0.595884865,32,,cache-misses:u,1167488,100.00,,
     0.595884865,1546226,,bus-cycles:u,1167488,100.00,,
     0.595884865,9895124,,instructions:u,1167616,100.00,,
     0.597050860,346,,branch-misses:u,1166208,100.00,,
     0.597050860,119,,cache-misses:u,1166720,100.00,,
     0.597050860,1536333,,bus-cycles:u,1166848,100.00,,
     0.597050860,9827061,,instructions:u,1166560,100.00,,
     0.598213878,343,,branch-misses:u,1162592,100.00,,
     0.598213878,40,,cache-misses:u,1162560,100.00,,
     0.598213878,1539101,,bus-cycles:u,1162432,100.00,,
     0.598213878,9830320,,instructions:u,1162400,100.00,,
     0.599372642,343,,branch-misses:u,1158752,100.00,,
     0.599372642,35,,cache-misses:u,1158528,100.00,,
     0.599372642,1533991,,bus-cycles:u,1158496,100.00,,
     0.599372642,9795846,,instructions:u,1158528,100.00,,
     0.600532430,345,,branch-misses:u,1160256,100.00,,
     0.600532430,90,,cache-misses:u,1160064,100.00,,
     0.600532430,1529282,,bus-cycles:u,1160128,100.00,,
     0.600532430,9788179,,instructions:u,1160096,100.00,,
     0.601692377,344,,branch-misses:u,1160160,100.00,,
     0.601692377,51,,cache-misses:u,1160224,100.00,,
     0.601692377,1535945,,bus-cycles:u,1160192,100.00,,
     0.601692377,9815380,,instructions:u,1160224,100.00,,
     0.602850917,343,,branch-misses:u,1158272,100.00,,
     0.602850917,33,,cache-misses:u,1158400,100.00,,
     0.602850917,1534040,,bus-cycles:u,1158368,100.00,,
     0.602850917,9806878,,instructions:u,1158336,100.00,,
     0.604008177,345,,branch-misses:u,1157664,100.00,,
     0.604008177,32,,cache-misses:u,1157504,100.00,,
     0.604008177,1533020,,bus-cycles:u,1157536,100.00,,
     0.604008177,9807457,,instructions:u,1157504,100.00,,
     0.605168092,345,,branch-misses:u,1160928,100.00,,
     0.605168092,99,,cache-misses:u,1160928,100.00,,
     0.605168092,1531326,,bus-cycles:u,1160896,100.00,,
     0.605168092,9794224,,instructions:u,1160928,100.00,,
     0.606331559,344,,branch-misses:u,1163648,100.00,,
     0.606331559,38,,cache-misses:u,1163872,100.00,,
     0.606331559,1541225,,bus-cycles:u,1164032,100.00,,
     0.606331559,9847079,,instructions:u,1164160,100.00,,
     0.607496050,345,,branch-misses:u,1164288,100.00,,
     0.607496050,28,,cache-misses:u,1164320,100.00,,
     0.607496050,1540458,,bus-cycles:u,1164160,100.00,,
     0.607496050,9834798,,instructions:u,1164160,100.00,,
     0.608685016,353,,branch-misses:u,1190944,100.00,,
     0.608685016,106,,cache-misses:u,1191648,100.00,,
     0.608685016,1572202,,bus-cycles:u,1191680,100.00,,
     0.608685016,10066342,,instructions:u,1191904,100.00,,
     0.609854978,347,,branch-misses:u,1168736,100.00,,
     0.609854978,36,,cache-misses:u,1167840,100.00,,
     0.609854978,1545716,,bus-cycles:u,1167808,100.00,,
     0.609854978,9880633,,instructions:u,1167904,100.00,,
     0.611015981,343,,branch-misses:u,1160896,100.00,,
     0.611015981,30,,cache-misses:u,1161120,100.00,,
     0.611015981,1537520,,bus-cycles:u,1161184,100.00,,
     0.611015981,9814064,,instructions:u,1160736,100.00,,
     0.612173305,343,,branch-misses:u,1157344,100.00,,
     0.612173305,42,,cache-misses:u,1157056,100.00,,
     0.612173305,1531301,,bus-cycles:u,1156960,100.00,,
     0.612173305,9780782,,instructions:u,1156992,100.00,,
     0.613329701,342,,branch-misses:u,1156800,100.00,,
     0.613329701,113,,cache-misses:u,1157760,100.00,,
     0.613329701,1525639,,bus-cycles:u,1157760,100.00,,
     0.613329701,9750540,,instructions:u,1157920,100.00,,
     0.614490672,344,,branch-misses:u,1161056,100.00,,
     0.614490672,39,,cache-misses:u,1159904,100.00,,
     0.614490672,1534767,,bus-cycles:u,1159936,100.00,,
     0.614490672,9813498,,instructions:u,1159872,100.00,,
     0.615647868,343,,branch-misses:u,1157632,100.00,,
     0.615647868,32,,cache-misses:u,1157920,100.00,,
     0.615647868,1533770,,bus-cycles:u,1158080,100.00,,
     0.615647868,9792886,,instructions:u,1158016,100.00,,
     0.616809575,344,,branch-misses:u,1161920,100.00,,
     0.616809575,121,,cache-misses:u,1162144,100.00,,
     0.616809575,1532205,,bus-cycles:u,1162048,100.00,,
     0.616809575,9794776,,instructions:u,1162048,100.00,,
     0.617971219,344,,branch-misses:u,1161792,100.00,,
     0.617971219,37,,cache-misses:u,1161792,100.00,,
     0.617971219,1538199,,bus-cycles:u,1161792,100.00,,
     0.617971219,9824897,,instructions:u,1161760,100.00,,
     0.619133342,345,,branch-misses:u,1162496,100.00,,
     0.619133342,38,,cache-misses:u,1162432,100.00,,
     0.619133342,1539391,,bus-cycles:u,1163072,100.00,,
     0.619133342,9849421,,instructions:u,1163360,100.00,,
     0.620294537,344,,branch-misses:u,1161184,100.00,,
     0.620294537,27,,cache-misses:u,1161120,100.00,,
     0.620294537,1535450,,bus-cycles:u,1160448,100.00,,
     0.620294537,9801793,,instructions:u,1160288,100.00,,
     0.621473073,349,,branch-misses:u,1179968,100.00,,
     0.621473073,105,,cache-misses:u,1180608,100.00,,
     0.621473073,1556149,,bus-cycles:u,1180736,100.00,,
     0.621473073,9938637,,instructions:u,1180800,100.00,,
     0.622639419,344,,branch-misses:u,1165568,100.00,,
     0.622639419,35,,cache-misses:u,1164928,100.00,,
     0.622639419,1541545,,bus-cycles:u,1164768,100.00,,
     0.622639419,9853500,,instructions:u,1164576,100.00,,
     0.623800487,345,,branch-misses:u,1160960,100.00,,
     0.623800487,31,,cache-misses:u,1160608,100.00,,
     0.623800487,1536480,,bus-cycles:u,1160608,100.00,,
     0.623800487,9832669,,instructions:u,1160544,100.00,,
     0.624958354,344,,branch-misses:u,1158368,100.00,,
     0.624958354,106,,cache-misses:u,1158496,100.00,,
     0.624958354,1526769,,bus-cycles:u,1158528,100.00,,
     0.624958354,9760742,,instructions:u,1159008,100.00,,
     0.626120062,344,,branch-misses:u,1161888,100.00,,
     0.626120062,43,,cache-misses:u,1162240,100.00,,
     0.626120062,1537721,,bus-cycles:u,1162272,100.00,,
     0.626120062,9836505,,instructions:u,1161952,100.00,,
     0.627281257,344,,branch-misses:u,1161696,100.00,,
     0.627281257,37,,cache-misses:u,1161312,100.00,,
     0.627281257,1537223,,bus-cycles:u,1161440,100.00,,
     0.627281257,9829130,,instructions:u,1161376,100.00,,
     0.628443924,344,,branch-misses:u,1163680,100.00,,
     0.628443924,69,,cache-misses:u,1164160,100.00,,
     0.628443924,1532937,,bus-cycles:u,1164384,100.00,,
     0.628443924,9796686,,instructions:u,1164416,100.00,,
     0.629612414,347,,branch-misses:u,1168480,100.00,,
     0.629612414,76,,cache-misses:u,1168896,100.00,,
     0.629612414,1546710,,bus-cycles:u,1168544,100.00,,
     0.629612414,9882466,,instructions:u,1168480,100.00,,
     0.630815233,357,,branch-misses:u,1205056,100.00,,
     0.630815233,34,,cache-misses:u,1205184,100.00,,
     0.630815233,1594178,,bus-cycles:u,1205216,100.00,,
     0.630815233,10198678,,instructions:u,1205440,100.00,,
     0.631994121,349,,branch-misses:u,1177216,100.00,,
     0.631994121,34,,cache-misses:u,1176736,100.00,,
     0.631994121,1557130,,bus-cycles:u,1176896,100.00,,
     0.631994121,9961772,,instructions:u,1177152,100.00,,
     0.633166771,348,,branch-misses:u,1173696,100.00,,
     0.633166771,104,,cache-misses:u,1173920,100.00,,
     0.633166771,1546727,,bus-cycles:u,1173696,100.00,,
     0.633166771,9889723,,instructions:u,1173408,100.00,,
     0.634345115,348,,branch-misses:u,1178144,100.00,,
     0.634345115,40,,cache-misses:u,1177888,100.00,,
     0.634345115,1559480,,bus-cycles:u,1178048,100.00,,
     0.634345115,9964075,,instructions:u,1177984,100.00,,
     0.635518980,348,,branch-misses:u,1173504,100.00,,
     0.635518980,37,,cache-misses:u,1173792,100.00,,
     0.635518980,1553091,,bus-cycles:u,1173600,100.00,,
     0.635518980,9921437,,instructions:u,1173664,100.00,,
     0.636689997,346,,branch-misses:u,1171648,100.00,,
     0.636689997,103,,cache-misses:u,1171776,100.00,,
     0.636689997,1543804,,bus-cycles:u,1171872,100.00,,
     0.636689997,9876299,,instructions:u,1171968,100.00,,
     0.637864502,349,,branch-misses:u,1174592,100.00,,
     0.637864502,33,,cache-misses:u,1173728,100.00,,
     0.637864502,1553844,,bus-cycles:u,1173920,100.00,,
     0.637864502,9936099,,instructions:u,1173920,100.00,,
     0.639030432,346,,branch-misses:u,1164928,100.00,,
     0.639030432,32,,cache-misses:u,1165024,100.00,,
     0.639030432,1542197,,bus-cycles:u,1164768,100.00,,
     0.639030432,9856961,,instructions:u,1164608,100.00,,
     0.640190284,344,,branch-misses:u,1159776,100.00,,
     0.640190284,30,,cache-misses:u,1159872,100.00,,
     0.640190284,1536442,,bus-cycles:u,1159776,100.00,,
     0.640190284,9825826,,instructions:u,1159616,100.00,,
     0.641351383,344,,branch-misses:u,1162592,100.00,,
     0.641351383,94,,cache-misses:u,1162944,100.00,,
     0.641351383,1533179,,bus-cycles:u,1163712,100.00,,
     0.641351383,9816176,,instructions:u,1164544,100.00,,
     0.642584565,366,,branch-misses:u,1234048,100.00,,
     0.642584565,30,,cache-misses:u,1234496,100.00,,
     0.642584565,1637119,,bus-cycles:u,1234880,100.00,,
     0.642584565,10453011,,instructions:u,1234976,100.00,,
     0.643770268,353,,branch-misses:u,1184640,100.00,,
     0.643770268,31,,cache-misses:u,1183712,100.00,,
     0.643770268,1567312,,bus-cycles:u,1182816,100.00,,
     0.643770268,10019395,,instructions:u,1182112,100.00,,
     0.644943205,348,,branch-misses:u,1172896,100.00,,
     0.644943205,108,,cache-misses:u,1173376,100.00,,
     0.644943205,1547107,,bus-cycles:u,1173344,100.00,,
     0.644943205,9899581,,instructions:u,1173344,100.00,,
     0.646121677,349,,branch-misses:u,1179456,100.00,,
     0.646121677,38,,cache-misses:u,1179264,100.00,,
     0.646121677,1561357,,bus-cycles:u,1179264,100.00,,
     0.646121677,9974296,,instructions:u,1179328,100.00,,
     0.647291991,347,,branch-misses:u,1169728,100.00,,
     0.647291991,32,,cache-misses:u,1169888,100.00,,
     0.647291991,1549347,,bus-cycles:u,1170272,100.00,,
     0.647291991,9910630,,instructions:u,1170112,100.00,,
     0.648459969,347,,branch-misses:u,1169024,100.00,,
     0.648459969,60,,cache-misses:u,1169184,100.00,,
     0.648459969,1541084,,bus-cycles:u,1168768,100.00,,
     0.648459969,9855700,,instructions:u,1168800,100.00,,
     0.649636041,348,,branch-misses:u,1176768,100.00,,
     0.649636041,53,,cache-misses:u,1176416,100.00,,
     0.649636041,1557629,,bus-cycles:u,1176416,100.00,,
     0.649636041,9950885,,instructions:u,1176384,100.00,,
     0.650807378,347,,branch-misses:u,1170304,100.00,,
     0.650807378,34,,cache-misses:u,1170176,100.00,,
     0.650807378,1551027,,bus-cycles:u,1170272,100.00,,
     0.650807378,9911052,,instructions:u,1170304,100.00,,
     0.652004343,357,,branch-misses:u,1198560,100.00,,
     0.652004343,34,,cache-misses:u,1198528,100.00,,
     0.652004343,1587246,,bus-cycles:u,1198432,100.00,,
     0.652004343,10161075,,instructions:u,1198592,100.00,,
     0.653177344,347,,branch-misses:u,1172256,100.00,,
     0.653177344,99,,cache-misses:u,1172480,100.00,,
     0.653177344,1544594,,bus-cycles:u,1172448,100.00,,
     0.653177344,9873605,,instructions:u,1172224,100.00,,
     0.654341867,344,,branch-misses:u,1163808,100.00,,
     0.654341867,34,,cache-misses:u,1163392,100.00,,
     0.654341867,1540305,,bus-cycles:u,1163360,100.00,,
     0.654341867,9842580,,instructions:u,1163424,100.00,,
     0.655501878,344,,branch-misses:u,1161536,100.00,,
     0.655501878,28,,cache-misses:u,1161408,100.00,,
     0.655501878,1537902,,bus-cycles:u,1161440,100.00,,
     0.655501878,9839592,,instructions:u,1161344,100.00,,
     0.656664065,345,,branch-misses:u,1162848,100.00,,
     0.656664065,86,,cache-misses:u,1163456,100.00,,
     0.656664065,1532303,,bus-cycles:u,1163488,100.00,,
     0.656664065,9799663,,instructions:u,1163488,100.00,,
     0.657846697,351,,branch-misses:u,1181952,100.00,,
     0.657846697,32,,cache-misses:u,1181440,100.00,,
     0.657846697,1563237,,bus-cycles:u,1181376,100.00,,
     0.657846697,9993566,,instructions:u,1181344,100.00,,
     0.659009140,346,,branch-misses:u,1162880,100.00,,
     0.659009140,33,,cache-misses:u,1162656,100.00,,
     0.659009140,1538951,,bus-cycles:u,1162592,100.00,,
     0.659009140,9830693,,instructions:u,1162560,100.00,,
     0.660169695,343,,branch-misses:u,1159648,100.00,,
     0.660169695,32,,cache-misses:u,1159648,100.00,,
     0.660169695,1534782,,bus-cycles:u,1159648,100.00,,
     0.660169695,9807479,,instructions:u,1159616,100.00,,
     0.661328843,345,,branch-misses:u,1160000,100.00,,
     0.661328843,93,,cache-misses:u,1159936,100.00,,
     0.661328843,1529743,,bus-cycles:u,1159904,100.00,,
     0.661328843,9781669,,instructions:u,1159936,100.00,,
     0.662489398,344,,branch-misses:u,1160224,100.00,,
     0.662489398,36,,cache-misses:u,1160416,100.00,,
     0.662489398,1537082,,bus-cycles:u,1160416,100.00,,
     0.662489398,9820253,,instructions:u,1160448,100.00,,
     0.663645474,342,,branch-misses:u,1156128,100.00,,
     0.663645474,30,,cache-misses:u,1156064,100.00,,
     0.663645474,1530662,,bus-cycles:u,1156320,100.00,,
     0.663645474,9782421,,instructions:u,1156352,100.00,,
     0.664805486,344,,branch-misses:u,1161472,100.00,,
     0.664805486,88,,cache-misses:u,1161824,100.00,,
     0.664805486,1531837,,bus-cycles:u,1161696,100.00,,
     0.664805486,9792131,,instructions:u,1161696,100.00,,
     0.665981270,349,,branch-misses:u,1175840,100.00,,
     0.665981270,33,,cache-misses:u,1175488,100.00,,
     0.665981270,1557056,,bus-cycles:u,1175424,100.00,,
     0.665981270,9956291,,instructions:u,1175360,100.00,,
     0.667142210,345,,branch-misses:u,1160704,100.00,,
     0.667142210,32,,cache-misses:u,1160928,100.00,,
     0.667142210,1536876,,bus-cycles:u,1160928,100.00,,
     0.667142210,9808078,,instructions:u,1160960,100.00,,
     0.668304269,345,,branch-misses:u,1162752,100.00,,
     0.668304269,35,,cache-misses:u,1162816,100.00,,
     0.668304269,1539503,,bus-cycles:u,1163072,100.00,,
     0.668304269,9845709,,instructions:u,1163264,100.00,,
     0.669499538,354,,branch-misses:u,1197504,100.00,,
     0.669499538,80,,cache-misses:u,1198304,100.00,,
     0.669499538,1581217,,bus-cycles:u,1198112,100.00,,
     0.669499538,10101934,,instructions:u,1197952,100.00,,
     0.670674043,349,,branch-misses:u,1172032,100.00,,
     0.670674043,37,,cache-misses:u,1171168,100.00,,
     0.670674043,1551313,,bus-cycles:u,1171200,100.00,,
     0.670674043,9913813,,instructions:u,1171136,100.00,,
     0.671836134,344,,branch-misses:u,1161728,100.00,,
     0.671836134,28,,cache-misses:u,1161408,100.00,,
     0.671836134,1538647,,bus-cycles:u,1161472,100.00,,
     0.671836134,9820919,,instructions:u,1161568,100.00,,
     0.672993842,344,,branch-misses:u,1159520,100.00,,
     0.672993842,94,,cache-misses:u,1160224,100.00,,
     0.672993842,1531241,,bus-cycles:u,1160384,100.00,,
     0.672993842,9784441,,instructions:u,1160480,100.00,,
     0.674211155,364,,branch-misses:u,1217888,100.00,,
     0.674211155,33,,cache-misses:u,1217536,100.00,,
     0.674211155,1614686,,bus-cycles:u,1217536,100.00,,
     0.674211155,10329929,,instructions:u,1217408,100.00,,
     0.675377949,344,,branch-misses:u,1165920,100.00,,
     0.675377949,28,,cache-misses:u,1165920,100.00,,
     0.675377949,1544984,,bus-cycles:u,1165600,100.00,,
     0.675377949,9871520,,instructions:u,1165728,100.00,,
     0.676539400,345,,branch-misses:u,1162272,100.00,,
     0.676539400,87,,cache-misses:u,1162560,100.00,,
     0.676539400,1534828,,bus-cycles:u,1162560,100.00,,
     0.676539400,9827350,,instructions:u,1162624,100.00,,
     0.677701971,344,,branch-misses:u,1161504,100.00,,
     0.677701971,42,,cache-misses:u,1160960,100.00,,
     0.677701971,1538769,,bus-cycles:u,1160896,100.00,,
     0.677701971,9830442,,instructions:u,1160896,100.00,,
     0.678858143,344,,branch-misses:u,1156480,100.00,,
     0.678858143,31,,cache-misses:u,1156384,100.00,,
     0.678858143,1532176,,bus-cycles:u,1156384,100.00,,
     0.678858143,9782232,,instructions:u,1156192,100.00,,
     0.680016203,344,,branch-misses:u,1158176,100.00,,
     0.680016203,33,,cache-misses:u,1158624,100.00,,
     0.680016203,1534902,,bus-cycles:u,1158656,100.00,,
     0.680016203,9827532,,instructions:u,1158688,100.00,,
     0.681175319,344,,branch-misses:u,1162464,100.00,,
     0.681175319,88,,cache-misses:u,1163168,100.00,,
     0.681175319,1533907,,bus-cycles:u,1163520,100.00,,
     0.681175319,9803700,,instructions:u,1163424,100.00,,
     0.682362845,352,,branch-misses:u,1185664,100.00,,
     0.682362845,36,,cache-misses:u,1185248,100.00,,
     0.682362845,1569208,,bus-cycles:u,1184928,100.00,,
     0.682362845,10052445,,instructions:u,1185312,100.00,,
     0.683531367,347,,branch-misses:u,1168064,100.00,,
     0.683531367,28,,cache-misses:u,1168000,100.00,,
     0.683531367,1546284,,bus-cycles:u,1168000,100.00,,
     0.683531367,9895255,,instructions:u,1167904,100.00,,
     0.684693586,345,,branch-misses:u,1162560,100.00,,
     0.684693586,96,,cache-misses:u,1162048,100.00,,
     0.684693586,1532896,,bus-cycles:u,1162080,100.00,,
     0.684693586,9802166,,instructions:u,1162144,100.00,,
     0.685856157,345,,branch-misses:u,1162848,100.00,,
     0.685856157,35,,cache-misses:u,1163392,100.00,,
     0.685856157,1541107,,bus-cycles:u,1163360,100.00,,
     0.685856157,9847142,,instructions:u,1163232,100.00,,
     0.687015209,344,,branch-misses:u,1158688,100.00,,
     0.687015209,30,,cache-misses:u,1158080,100.00,,
     0.687015209,1533856,,bus-cycles:u,1158080,100.00,,
     0.687015209,9819488,,instructions:u,1157888,100.00,,
     0.688171349,344,,branch-misses:u,1156224,100.00,,
     0.688171349,29,,cache-misses:u,1156128,100.00,,
     0.688171349,1532009,,bus-cycles:u,1156448,100.00,,
     0.688171349,9802110,,instructions:u,1156416,100.00,,
     0.689330528,342,,branch-misses:u,1161248,100.00,,
     0.689330528,106,,cache-misses:u,1161792,100.00,,
     0.689330528,1529222,,bus-cycles:u,1161472,100.00,,
     0.689330528,9772087,,instructions:u,1161760,100.00,,
     0.690509064,349,,branch-misses:u,1177888,100.00,,
     0.690509064,30,,cache-misses:u,1178208,100.00,,
     0.690509064,1560226,,bus-cycles:u,1178336,100.00,,
     0.690509064,9965960,,instructions:u,1178112,100.00,,
     0.691672051,345,,branch-misses:u,1163072,100.00,,
     0.691672051,28,,cache-misses:u,1162464,100.00,,
     0.691672051,1539059,,bus-cycles:u,1162368,100.00,,
     0.691672051,9833372,,instructions:u,1162720,100.00,,
     0.692834142,345,,branch-misses:u,1162688,100.00,,
     0.692834142,103,,cache-misses:u,1162720,100.00,,
     0.692834142,1532486,,bus-cycles:u,1162656,100.00,,
     0.692834142,9800803,,instructions:u,1162400,100.00,,
     0.694000681,346,,branch-misses:u,1166560,100.00,,
     0.694000681,33,,cache-misses:u,1166592,100.00,,
     0.694000681,1545231,,bus-cycles:u,1166592,100.00,,
     0.694000681,9886069,,instructions:u,1166592,100.00,,
     0.695192078,353,,branch-misses:u,1192448,100.00,,
     0.695192078,33,,cache-misses:u,1192800,100.00,,
     0.695192078,1579936,,bus-cycles:u,1192800,100.00,,
     0.695192078,10101662,,instructions:u,1192992,100.00,,
     0.696357273,345,,branch-misses:u,1163296,100.00,,
     0.696357273,26,,cache-misses:u,1162592,100.00,,
     0.696357273,1540383,,bus-cycles:u,1162656,100.00,,
     0.696357273,9849454,,instructions:u,1162496,100.00,,
     0.697547135,354,,branch-misses:u,1192448,100.00,,
     0.697547135,83,,cache-misses:u,1193280,100.00,,
     0.697547135,1574259,,bus-cycles:u,1193280,100.00,,
     0.697547135,10050965,,instructions:u,1193312,100.00,,
     0.698711242,345,,branch-misses:u,1162784,100.00,,
     0.698711242,34,,cache-misses:u,1162176,100.00,,
     0.698711242,1540233,,bus-cycles:u,1162112,100.00,,
     0.698711242,9848622,,instructions:u,1162080,100.00,,
     0.699870549,344,,branch-misses:u,1159648,100.00,,
     0.699870549,30,,cache-misses:u,1159616,100.00,,
     0.699870549,1536838,,bus-cycles:u,1159616,100.00,,
     0.699870549,9821900,,instructions:u,1159584,100.00,,
     0.701030849,344,,branch-misses:u,1160288,100.00,,
     0.701030849,92,,cache-misses:u,1160416,100.00,,
     0.701030849,1532162,,bus-cycles:u,1160768,100.00,,
     0.701030849,9795394,,instructions:u,1160864,100.00,,
     0.702192844,346,,branch-misses:u,1162368,100.00,,
     0.702192844,32,,cache-misses:u,1162144,100.00,,
     0.702192844,1540176,,bus-cycles:u,1161792,100.00,,
     0.702192844,9851624,,instructions:u,1161760,100.00,,
     0.703358390,346,,branch-misses:u,1166720,100.00,,
     0.703358390,35,,cache-misses:u,1166848,100.00,,
     0.703358390,1547650,,bus-cycles:u,1167008,100.00,,
     0.703358390,9889746,,instructions:u,1166912,100.00,,
     0.704532223,348,,branch-misses:u,1174880,100.00,,
     0.704532223,72,,cache-misses:u,1175104,100.00,,
     0.704532223,1551649,,bus-cycles:u,1175104,100.00,,
     0.704532223,9910698,,instructions:u,1175232,100.00,,
     0.705712295,350,,branch-misses:u,1180064,100.00,,
     0.705712295,55,,cache-misses:u,1179968,100.00,,
     0.705712295,1562973,,bus-cycles:u,1179968,100.00,,
     0.705712295,9984994,,instructions:u,1179936,100.00,,
     0.706891503,349,,branch-misses:u,1178816,100.00,,
     0.706891503,39,,cache-misses:u,1178880,100.00,,
     0.706891503,1561121,,bus-cycles:u,1178880,100.00,,
     0.706891503,9969815,,instructions:u,1178848,100.00,,
     0.708067352,349,,branch-misses:u,1176480,100.00,,
     0.708067352,41,,cache-misses:u,1176352,100.00,,
     0.708067352,1558085,,bus-cycles:u,1176352,100.00,,
     0.708067352,9955449,,instructions:u,1176320,100.00,,
     0.709239489,348,,branch-misses:u,1172480,100.00,,
     0.709239489,105,,cache-misses:u,1172448,100.00,,
     0.709239489,1545199,,bus-cycles:u,1172416,100.00,,
     0.709239489,9894854,,instructions:u,1172448,100.00,,
     0.710412586,348,,branch-misses:u,1172672,100.00,,
     0.710412586,36,,cache-misses:u,1172608,100.00,,
     0.710412586,1553298,,bus-cycles:u,1172640,100.00,,
     0.710412586,9923611,,instructions:u,1172576,100.00,,
     0.711581268,346,,branch-misses:u,1168544,100.00,,
     0.711581268,32,,cache-misses:u,1168576,100.00,,
     0.711581268,1547717,,bus-cycles:u,1168576,100.00,,
     0.711581268,9893530,,instructions:u,1168608,100.00,,
     0.712750973,347,,branch-misses:u,1170144,100.00,,
     0.712750973,97,,cache-misses:u,1170112,100.00,,
     0.712750973,1543104,,bus-cycles:u,1170080,100.00,,
     0.712750973,9875187,,instructions:u,1170368,100.00,,
     0.713917672,347,,branch-misses:u,1165888,100.00,,
     0.713917672,35,,cache-misses:u,1166208,100.00,,
     0.713917672,1545613,,bus-cycles:u,1166176,100.00,,
     0.713917672,9883731,,instructions:u,1165920,100.00,,
     0.715076499,344,,branch-misses:u,1159616,100.00,,
     0.715076499,33,,cache-misses:u,1159520,100.00,,
     0.715076499,1536553,,bus-cycles:u,1159392,100.00,,
     0.715076499,9821229,,instructions:u,1159360,100.00,,
     0.716265849,353,,branch-misses:u,1190432,100.00,,
     0.716265849,31,,cache-misses:u,1190912,100.00,,
     0.716265849,1578513,,bus-cycles:u,1190912,100.00,,
     0.716265849,10081771,,instructions:u,1190848,100.00,,
     0.717434819,346,,branch-misses:u,1169152,100.00,,
     0.717434819,83,,cache-misses:u,1169152,100.00,,
     0.717434819,1542526,,bus-cycles:u,1169376,100.00,,
     0.717434819,9856912,,instructions:u,1169536,100.00,,
     0.718621674,351,,branch-misses:u,1186112,100.00,,
     0.718621674,35,,cache-misses:u,1185920,100.00,,
     0.718621674,1571134,,bus-cycles:u,1185888,100.00,,
     0.718621674,10047542,,instructions:u,1185888,100.00,,
     0.719798418,349,,branch-misses:u,1176672,100.00,,
     0.719798418,32,,cache-misses:u,1176992,100.00,,
     0.719798418,1559785,,bus-cycles:u,1177472,100.00,,
     0.719798418,9969114,,instructions:u,1177536,100.00,,
     0.720975003,347,,branch-misses:u,1176832,100.00,,
     0.720975003,110,,cache-misses:u,1176480,100.00,,
     0.720975003,1549955,,bus-cycles:u,1175968,100.00,,
     0.720975003,9917696,,instructions:u,1175872,100.00,,
     0.722144868,348,,branch-misses:u,1170432,100.00,,
     0.722144868,35,,cache-misses:u,1170496,100.00,,
     0.722144868,1551558,,bus-cycles:u,1170752,100.00,,
     0.722144868,9911535,,instructions:u,1170816,100.00,,
     0.723315694,348,,branch-misses:u,1171328,100.00,,
     0.723315694,30,,cache-misses:u,1170784,100.00,,
     0.723315694,1550616,,bus-cycles:u,1170848,100.00,,
     0.723315694,9905088,,instructions:u,1170656,100.00,,
     0.724483992,345,,branch-misses:u,1167680,100.00,,
     0.724483992,66,,cache-misses:u,1168224,100.00,,
     0.724483992,1535469,,bus-cycles:u,1167872,100.00,,
     0.724483992,9814594,,instructions:u,1167808,100.00,,
     0.725648322,345,,branch-misses:u,1164992,100.00,,
     0.725648322,72,,cache-misses:u,1164608,100.00,,
     0.725648322,1542923,,bus-cycles:u,1164512,100.00,,
     0.725648322,9857659,,instructions:u,1164544,100.00,,
     0.726815277,347,,branch-misses:u,1167008,100.00,,
     0.726815277,30,,cache-misses:u,1167392,100.00,,
     0.726815277,1545990,,bus-cycles:u,1167488,100.00,,
     0.726815277,9890010,,instructions:u,1167648,100.00,,
     0.727981623,346,,branch-misses:u,1166528,100.00,,
     0.727981623,34,,cache-misses:u,1166048,100.00,,
     0.727981623,1542872,,bus-cycles:u,1166016,100.00,,
     0.727981623,9866667,,instructions:u,1165888,100.00,,
     0.729143874,344,,branch-misses:u,1162048,100.00,,
     0.729143874,106,,cache-misses:u,1162016,100.00,,
     0.729143874,1531341,,bus-cycles:u,1162016,100.00,,
     0.729143874,9792829,,instructions:u,1162016,100.00,,
     0.730307757,345,,branch-misses:u,1164192,100.00,,
     0.730307757,42,,cache-misses:u,1164192,100.00,,
     0.730307757,1540944,,bus-cycles:u,1164192,100.00,,
     0.730307757,9848451,,instructions:u,1164320,100.00,,
     0.731470328,346,,branch-misses:u,1163232,100.00,,
     0.731470328,36,,cache-misses:u,1163296,100.00,,
     0.731470328,1539883,,bus-cycles:u,1163296,100.00,,
     0.731470328,9850297,,instructions:u,1163200,100.00,,
     0.732635586,345,,branch-misses:u,1165024,100.00,,
     0.732635586,110,,cache-misses:u,1164960,100.00,,
     0.732635586,1536031,,bus-cycles:u,1164960,100.00,,
     0.732635586,9816671,,instructions:u,1164928,100.00,,
     0.733797197,345,,branch-misses:u,1162144,100.00,,
     0.733797197,38,,cache-misses:u,1162368,100.00,,
     0.733797197,1538951,,bus-cycles:u,1162336,100.00,,
     0.733797197,9847790,,instructions:u,1162400,100.00,,
     0.734962584,345,,branch-misses:u,1165696,100.00,,
     0.734962584,29,,cache-misses:u,1165664,100.00,,
     0.734962584,1543557,,bus-cycles:u,1165632,100.00,,
     0.734962584,9872126,,instructions:u,1165504,100.00,,
     0.736123907,346,,branch-misses:u,1161280,100.00,,
     0.736123907,28,,cache-misses:u,1161184,100.00,,
     0.736123907,1538011,,bus-cycles:u,1161184,100.00,,
     0.736123907,9834335,,instructions:u,1161120,100.00,,
     0.737284366,345,,branch-misses:u,1160416,100.00,,
     0.737284366,109,,cache-misses:u,1160128,100.00,,
     0.737284366,1531409,,bus-cycles:u,1160064,100.00,,
     0.737284366,9785620,,instructions:u,1160192,100.00,,
     0.738483315,356,,branch-misses:u,1201056,100.00,,
     0.738483315,50,,cache-misses:u,1201824,100.00,,
     0.738483315,1592191,,bus-cycles:u,1201952,100.00,,
     0.738483315,10173516,,instructions:u,1201920,100.00,,
     0.739650301,347,,branch-misses:u,1165888,100.00,,
     0.739650301,27,,cache-misses:u,1165344,100.00,,
     0.739650301,1543533,,bus-cycles:u,1165472,100.00,,
     0.739650301,9877148,,instructions:u,1165408,100.00,,
     0.740809961,344,,branch-misses:u,1159616,100.00,,
     0.740809961,117,,cache-misses:u,1159424,100.00,,
     0.740809961,1527863,,bus-cycles:u,1159296,100.00,,
     0.740809961,9766179,,instructions:u,1159392,100.00,,
     0.741967444,342,,branch-misses:u,1157952,100.00,,
     0.741967444,40,,cache-misses:u,1158048,100.00,,
     0.741967444,1533076,,bus-cycles:u,1158016,100.00,,
     0.741967444,9806331,,instructions:u,1157952,100.00,,
     0.743127872,344,,branch-misses:u,1160576,100.00,,
     0.743127872,32,,cache-misses:u,1160672,100.00,,
     0.743127872,1537146,,bus-cycles:u,1160768,100.00,,
     0.743127872,9830009,,instructions:u,1160736,100.00,,
     0.744288875,346,,branch-misses:u,1161760,100.00,,
     0.744288875,35,,cache-misses:u,1162208,100.00,,
     0.744288875,1538746,,bus-cycles:u,1162176,100.00,,
     0.744288875,9839397,,instructions:u,1162176,100.00,,
     0.745478897,351,,branch-misses:u,1190848,100.00,,
     0.745478897,93,,cache-misses:u,1191008,100.00,,
     0.745478897,1570076,,bus-cycles:u,1190912,100.00,,
     0.745478897,10012631,,instructions:u,1191104,100.00,,
     0.746649435,347,,branch-misses:u,1170656,100.00,,
     0.746649435,35,,cache-misses:u,1170112,100.00,,
     0.746649435,1549847,,bus-cycles:u,1170080,100.00,,
     0.746649435,9905047,,instructions:u,1169888,100.00,,
     0.747812262,345,,branch-misses:u,1161280,100.00,,
     0.747812262,33,,cache-misses:u,1161152,100.00,,
     0.747812262,1537919,,bus-cycles:u,1161248,100.00,,
     0.747812262,9840385,,instructions:u,1161216,100.00,,
     0.748971409,344,,branch-misses:u,1160576,100.00,,
     0.748971409,119,,cache-misses:u,1160992,100.00,,
     0.748971409,1528190,,bus-cycles:u,1160928,100.00,,
     0.748971409,9777675,,instructions:u,1161120,100.00,,
     0.750135100,345,,branch-misses:u,1163168,100.00,,
     0.750135100,39,,cache-misses:u,1162592,100.00,,
     0.750135100,1539739,,bus-cycles:u,1162720,100.00,,
     0.750135100,9842042,,instructions:u,1162688,100.00,,
     0.751294088,343,,branch-misses:u,1159008,100.00,,
     0.751294088,28,,cache-misses:u,1159072,100.00,,
     0.751294088,1534496,,bus-cycles:u,1158976,100.00,,
     0.751294088,9799528,,instructions:u,1158976,100.00,,
     0.752452819,344,,branch-misses:u,1159072,100.00,,
     0.752452819,61,,cache-misses:u,1159584,100.00,,
     0.752452819,1529299,,bus-cycles:u,1159584,100.00,,
     0.752452819,9782274,,instructions:u,1159520,100.00,,
     0.753629532,351,,branch-misses:u,1183360,100.00,,
     0.753629532,71,,cache-misses:u,1185280,100.00,,
     0.753629532,1569765,,bus-cycles:u,1186272,100.00,,
     0.753629532,10048766,,instructions:u,1188160,100.00,,
     0.754860122,364,,branch-misses:u,1226208,100.00,,
     0.754860122,35,,cache-misses:u,1224832,100.00,,
     0.754860122,1620989,,bus-cycles:u,1224512,100.00,,
     0.754860122,10368257,,instructions:u,1223136,100.00,,
     0.756035875,348,,branch-misses:u,1176544,100.00,,
     0.756035875,37,,cache-misses:u,1176128,100.00,,
     0.756035875,1555807,,bus-cycles:u,1175552,100.00,,
     0.756035875,9937125,,instructions:u,1175328,100.00,,
     0.757207660,347,,branch-misses:u,1170016,100.00,,
     0.757207660,108,,cache-misses:u,1169536,100.00,,
     0.757207660,1540928,,bus-cycles:u,1169472,100.00,,
     0.757207660,9841060,,instructions:u,1169216,100.00,,
     0.758374838,346,,branch-misses:u,1167424,100.00,,
     0.758374838,50,,cache-misses:u,1168000,100.00,,
     0.758374838,1546617,,bus-cycles:u,1168064,100.00,,
     0.758374838,9884521,,instructions:u,1168064,100.00,,
     0.759567932,354,,branch-misses:u,1194816,100.00,,
     0.759567932,38,,cache-misses:u,1195040,100.00,,
     0.759567932,1582569,,bus-cycles:u,1195296,100.00,,
     0.759567932,10119243,,instructions:u,1195264,100.00,,
     0.760736518,346,,branch-misses:u,1166912,100.00,,
     0.760736518,104,,cache-misses:u,1166176,100.00,,
     0.760736518,1536057,,bus-cycles:u,1166208,100.00,,
     0.760736518,9812911,,instructions:u,1166208,100.00,,
     0.761898737,344,,branch-misses:u,1163008,100.00,,
     0.761898737,36,,cache-misses:u,1163328,100.00,,
     0.761898737,1539514,,bus-cycles:u,1163264,100.00,,
     0.761898737,9834832,,instructions:u,1163264,100.00,,
     0.763059772,344,,branch-misses:u,1161216,100.00,,
     0.763059772,33,,cache-misses:u,1160992,100.00,,
     0.763059772,1535402,,bus-cycles:u,1160320,100.00,,
     0.763059772,9809759,,instructions:u,1160352,100.00,,
     0.764219528,344,,branch-misses:u,1159264,100.00,,
     0.764219528,34,,cache-misses:u,1159328,100.00,,
     0.764219528,1535463,,bus-cycles:u,1159712,100.00,,
     0.764219528,9811953,,instructions:u,1159712,100.00,,
     0.765379507,344,,branch-misses:u,1160736,100.00,,
     0.765379507,94,,cache-misses:u,1160448,100.00,,
     0.765379507,1526372,,bus-cycles:u,1160416,100.00,,
     0.765379507,9752981,,instructions:u,1160352,100.00,,
     0.766544094,346,,branch-misses:u,1164192,100.00,,
     0.766544094,32,,cache-misses:u,1164512,100.00,,
     0.766544094,1542389,,bus-cycles:u,1164448,100.00,,
     0.766544094,9862854,,instructions:u,1164448,100.00,,
     0.767706057,345,,branch-misses:u,1161888,100.00,,
     0.767706057,33,,cache-misses:u,1161504,100.00,,
     0.767706057,1538793,,bus-cycles:u,1161472,100.00,,
     0.767706057,9824375,,instructions:u,1161536,100.00,,
     0.768867412,344,,branch-misses:u,1161920,100.00,,
     0.768867412,95,,cache-misses:u,1162368,100.00,,
     0.768867412,1533854,,bus-cycles:u,1162528,100.00,,
     0.768867412,9801175,,instructions:u,1162528,100.00,,
     0.770029087,343,,branch-misses:u,1162144,100.00,,
     0.770029087,35,,cache-misses:u,1161984,100.00,,
     0.770029087,1538132,,bus-cycles:u,1161920,100.00,,
     0.770029087,9826766,,instructions:u,1161888,100.00,,
     0.771189930,346,,branch-misses:u,1160800,100.00,,
     0.771189930,31,,cache-misses:u,1160928,100.00,,
     0.771189930,1537357,,bus-cycles:u,1160928,100.00,,
     0.771189930,9847812,,instructions:u,1160896,100.00,,
     0.772348630,344,,branch-misses:u,1158912,100.00,,
     0.772348630,33,,cache-misses:u,1158752,100.00,,
     0.772348630,1534185,,bus-cycles:u,1158720,100.00,,
     0.772348630,9811131,,instructions:u,1158784,100.00,,
     0.773538972,352,,branch-misses:u,1192160,100.00,,
     0.773538972,109,,cache-misses:u,1192832,100.00,,
     0.773538972,1572311,,bus-cycles:u,1192896,100.00,,
     0.773538972,10046424,,instructions:u,1192864,100.00,,
     0.774705446,347,,branch-misses:u,1164832,100.00,,
     0.774705446,37,,cache-misses:u,1164128,100.00,,
     0.774705446,1541843,,bus-cycles:u,1164128,100.00,,
     0.774705446,9864615,,instructions:u,1164064,100.00,,
     0.775865778,344,,branch-misses:u,1160288,100.00,,
     0.775865778,31,,cache-misses:u,1160544,100.00,,
     0.775865778,1536548,,bus-cycles:u,1160480,100.00,,
     0.775865778,9839678,,instructions:u,1160480,100.00,,
     0.777024829,344,,branch-misses:u,1159680,100.00,,
     0.777024829,96,,cache-misses:u,1159456,100.00,,
     0.777024829,1530678,,bus-cycles:u,1159648,100.00,,
     0.777024829,9782077,,instructions:u,1159744,100.00,,
     0.778190408,346,,branch-misses:u,1166432,100.00,,
     0.778190408,36,,cache-misses:u,1166528,100.00,,
     0.778190408,1545183,,bus-cycles:u,1166528,100.00,,
     0.778190408,9890515,,instructions:u,1166624,100.00,,
     0.779357874,346,,branch-misses:u,1167584,100.00,,
     0.779357874,32,,cache-misses:u,1167872,100.00,,
     0.779357874,1546315,,bus-cycles:u,1167840,100.00,,
     0.779357874,9883698,,instructions:u,1167648,100.00,,
     0.780527644,348,,branch-misses:u,1171520,100.00,,
     0.780527644,76,,cache-misses:u,1171328,100.00,,
     0.780527644,1543575,,bus-cycles:u,1171360,100.00,,
     0.780527644,9864760,,instructions:u,1171552,100.00,,
     0.781738270,359,,branch-misses:u,1212192,100.00,,
     0.781738270,49,,cache-misses:u,1212864,100.00,,
     0.781738270,1605238,,bus-cycles:u,1212864,100.00,,
     0.781738270,10264384,,instructions:u,1213024,100.00,,
     0.782918885,350,,branch-misses:u,1179232,100.00,,
     0.782918885,25,,cache-misses:u,1178752,100.00,,
     0.782918885,1562155,,bus-cycles:u,1178880,100.00,,
     0.782918885,9976150,,instructions:u,1178688,100.00,,
     0.784092366,348,,branch-misses:u,1172736,100.00,,
     0.784092366,36,,cache-misses:u,1172128,100.00,,
     0.784092366,1551750,,bus-cycles:u,1171808,100.00,,
     0.784092366,9919861,,instructions:u,1171872,100.00,,
     0.785263288,348,,branch-misses:u,1172768,100.00,,
     0.785263288,105,,cache-misses:u,1173408,100.00,,
     0.785263288,1547344,,bus-cycles:u,1173600,100.00,,
     0.785263288,9882989,,instructions:u,1173536,100.00,,
     0.786443008,349,,branch-misses:u,1179552,100.00,,
     0.786443008,37,,cache-misses:u,1179200,100.00,,
     0.786443008,1560857,,bus-cycles:u,1179232,100.00,,
     0.786443008,9981735,,instructions:u,1178944,100.00,,
     0.787616489,349,,branch-misses:u,1173312,100.00,,
     0.787616489,35,,cache-misses:u,1173504,100.00,,
     0.787616489,1553658,,bus-cycles:u,1173376,100.00,,
     0.787616489,9933431,,instructions:u,1173536,100.00,,
     0.788787346,346,,branch-misses:u,1170176,100.00,,
     0.788787346,103,,cache-misses:u,1169792,100.00,,
     0.788787346,1543350,,bus-cycles:u,1169728,100.00,,
     0.788787346,9864624,,instructions:u,1169824,100.00,,
     0.789955548,348,,branch-misses:u,1168416,100.00,,
     0.789955548,37,,cache-misses:u,1168672,100.00,,
     0.789955548,1548062,,bus-cycles:u,1168640,100.00,,
     0.789955548,9906172,,instructions:u,1168608,100.00,,
     0.791127046,349,,branch-misses:u,1170976,100.00,,
     0.791127046,33,,cache-misses:u,1170848,100.00,,
     0.791127046,1551900,,bus-cycles:u,1171008,100.00,,
     0.791127046,9937189,,instructions:u,1171104,100.00,,
     0.792302382,349,,branch-misses:u,1175296,100.00,,
     0.792302382,34,,cache-misses:u,1175424,100.00,,
     0.792302382,1558155,,bus-cycles:u,1175424,100.00,,
     0.792302382,9965447,,instructions:u,1175456,100.00,,
     0.793498899,354,,branch-misses:u,1199072,100.00,,
     0.793498899,97,,cache-misses:u,1199104,100.00,,
     0.793498899,1581509,,bus-cycles:u,1199136,100.00,,
     0.793498899,10098571,,instructions:u,1199296,100.00,,
     0.794681178,351,,branch-misses:u,1180928,100.00,,
     0.794681178,38,,cache-misses:u,1180896,100.00,,
     0.794681178,1564646,,bus-cycles:u,1180864,100.00,,
     0.794681178,9997522,,instructions:u,1180608,100.00,,
     0.795854563,348,,branch-misses:u,1173344,100.00,,
     0.795854563,30,,cache-misses:u,1173152,100.00,,
     0.795854563,1553838,,bus-cycles:u,1173216,100.00,,
     0.795854563,9924434,,instructions:u,1173344,100.00,,
     0.797026541,347,,branch-misses:u,1172832,100.00,,
     0.797026541,101,,cache-misses:u,1172960,100.00,,
     0.797026541,1545651,,bus-cycles:u,1172768,100.00,,
     0.797026541,9888960,,instructions:u,1172640,100.00,,
     0.798203477,349,,branch-misses:u,1176544,100.00,,
     0.798203477,48,,cache-misses:u,1176256,100.00,,
     0.798203477,1557733,,bus-cycles:u,1176288,100.00,,
     0.798203477,9971042,,instructions:u,1176320,100.00,,
     0.799372447,348,,branch-misses:u,1168864,100.00,,
     0.799372447,30,,cache-misses:u,1169024,100.00,,
     0.799372447,1549154,,bus-cycles:u,1169056,100.00,,
     0.799372447,9902265,,instructions:u,1169120,100.00,,
     0.800542025,347,,branch-misses:u,1169984,100.00,,
     0.800542025,93,,cache-misses:u,1170144,100.00,,
     0.800542025,1544035,,bus-cycles:u,1170304,100.00,,
     0.800542025,9875143,,instructions:u,1170208,100.00,,
     0.801707667,346,,branch-misses:u,1165408,100.00,,
     0.801707667,47,,cache-misses:u,1165312,100.00,,
     0.801707667,1542573,,bus-cycles:u,1165184,100.00,,
     0.801707667,9870847,,instructions:u,1165056,100.00,,
     0.802901816,355,,branch-misses:u,1196224,100.00,,
     0.802901816,37,,cache-misses:u,1196608,100.00,,
     0.802901816,1586727,,bus-cycles:u,1196576,100.00,,
     0.802901816,10130160,,instructions:u,1196704,100.00,,
     0.804070690,347,,branch-misses:u,1167456,100.00,,
     0.804070690,33,,cache-misses:u,1166912,100.00,,
     0.804070690,1545378,,bus-cycles:u,1167072,100.00,,
     0.804070690,9866404,,instructions:u,1167040,100.00,,
     0.805232397,344,,branch-misses:u,1163168,100.00,,
     0.805232397,111,,cache-misses:u,1163456,100.00,,
     0.805232397,1533462,,bus-cycles:u,1163488,100.00,,
     0.805232397,9797490,,instructions:u,1163552,100.00,,
     0.806408566,348,,branch-misses:u,1175616,100.00,,
     0.806408566,41,,cache-misses:u,1175840,100.00,,
     0.806408566,1557162,,bus-cycles:u,1175872,100.00,,
     0.806408566,9951315,,instructions:u,1175808,100.00,,
     0.807572065,346,,branch-misses:u,1163712,100.00,,
     0.807572065,35,,cache-misses:u,1163264,100.00,,
     0.807572065,1540038,,bus-cycles:u,1163104,100.00,,
     0.807572065,9849536,,instructions:u,1163072,100.00,,
     0.808736651,344,,branch-misses:u,1165824,100.00,,
     0.808736651,126,,cache-misses:u,1165664,100.00,,
     0.808736651,1531600,,bus-cycles:u,1165600,100.00,,
     0.808736651,9796424,,instructions:u,1165696,100.00,,
     0.809898614,345,,branch-misses:u,1161152,100.00,,
     0.809898614,41,,cache-misses:u,1161216,100.00,,
     0.809898614,1536487,,bus-cycles:u,1161216,100.00,,
     0.809898614,9815437,,instructions:u,1161088,100.00,,
     0.811059426,344,,branch-misses:u,1160288,100.00,,
     0.811059426,37,,cache-misses:u,1160320,100.00,,
     0.811059426,1535101,,bus-cycles:u,1160256,100.00,,
     0.811059426,9814485,,instructions:u,1160256,100.00,,
     0.812218317,344,,branch-misses:u,1158848,100.00,,
     0.812218317,33,,cache-misses:u,1158720,100.00,,
     0.812218317,1534391,,bus-cycles:u,1158688,100.00,,
     0.812218317,9806238,,instructions:u,1158656,100.00,,
     0.813376281,343,,branch-misses:u,1160224,100.00,,
     0.813376281,100,,cache-misses:u,1160768,100.00,,
     0.813376281,1530006,,bus-cycles:u,1160992,100.00,,
     0.813376281,9769035,,instructions:u,1161088,100.00,,
     0.814554369,349,,branch-misses:u,1177376,100.00,,
     0.814554369,37,,cache-misses:u,1177280,100.00,,
     0.814554369,1557997,,bus-cycles:u,1177088,100.00,,
     0.814554369,9954111,,instructions:u,1177056,100.00,,
     0.815717004,344,,branch-misses:u,1162464,100.00,,
     0.815717004,29,,cache-misses:u,1162336,100.00,,
     0.815717004,1538714,,bus-cycles:u,1162304,100.00,,
     0.815717004,9830096,,instructions:u,1162272,100.00,,
     0.816876568,345,,branch-misses:u,1160544,100.00,,
     0.816876568,97,,cache-misses:u,1160320,100.00,,
     0.816876568,1528981,,bus-cycles:u,1160384,100.00,,
     0.816876568,9779137,,instructions:u,1160448,100.00,,
     0.818039139,344,,branch-misses:u,1162016,100.00,,
     0.818039139,43,,cache-misses:u,1162208,100.00,,
     0.818039139,1537092,,bus-cycles:u,1162208,100.00,,
     0.818039139,9819390,,instructions:u,1162336,100.00,,
     0.819204333,344,,branch-misses:u,1166176,100.00,,
     0.819204333,34,,cache-misses:u,1166048,100.00,,
     0.819204333,1541792,,bus-cycles:u,1166176,100.00,,
     0.819204333,9846083,,instructions:u,1166144,100.00,,
     0.820374391,347,,branch-misses:u,1169472,100.00,,
     0.820374391,54,,cache-misses:u,1188512,100.00,,
     0.820374391,1565546,,bus-cycles:u,1188480,100.00,,
     0.820374391,10017037,,instructions:u,1188576,100.00,,
     0.821572252,355,,branch-misses:u,1199552,100.00,,
     0.821572252,83,,cache-misses:u,1180416,100.00,,
     0.821572252,1561311,,bus-cycles:u,1180288,100.00,,
     0.821572252,9975329,,instructions:u,1180032,100.00,,
     0.822738598,345,,branch-misses:u,1165408,100.00,,
     0.822738598,47,,cache-misses:u,1165792,100.00,,
     0.822738598,1543125,,bus-cycles:u,1165760,100.00,,
     0.822738598,9870273,,instructions:u,1166048,100.00,,
     0.823900497,345,,branch-misses:u,1161536,100.00,,
     0.823900497,45,,cache-misses:u,1161312,100.00,,
     0.823900497,1538251,,bus-cycles:u,1161312,100.00,,
     0.823900497,9842098,,instructions:u,1161024,100.00,,
     0.825087959,353,,branch-misses:u,1189536,100.00,,
     0.825087959,90,,cache-misses:u,1189632,100.00,,
     0.825087959,1567264,,bus-cycles:u,1189728,100.00,,
     0.825087959,10020936,,instructions:u,1189824,100.00,,
     0.826255298,345,,branch-misses:u,1166144,100.00,,
     0.826255298,37,,cache-misses:u,1165824,100.00,,
     0.826255298,1542784,,bus-cycles:u,1165760,100.00,,
     0.826255298,9858671,,instructions:u,1165632,100.00,,
     0.827412430,342,,branch-misses:u,1157312,100.00,,
     0.827412430,28,,cache-misses:u,1157280,100.00,,
     0.827412430,1531385,,bus-cycles:u,1157376,100.00,,
     0.827412430,9778677,,instructions:u,1157408,100.00,,
     0.828568378,341,,branch-misses:u,1155968,100.00,,
     0.828568378,102,,cache-misses:u,1156352,100.00,,
     0.828568378,1523859,,bus-cycles:u,1156288,100.00,,
     0.828568378,9737922,,instructions:u,1156320,100.00,,
     0.829726822,344,,branch-misses:u,1159040,100.00,,
     0.829726822,40,,cache-misses:u,1159072,100.00,,
     0.829726822,1534863,,bus-cycles:u,1159136,100.00,,
     0.829726822,9817579,,instructions:u,1159232,100.00,,
     0.830886833,345,,branch-misses:u,1160512,100.00,,
     0.830886833,30,,cache-misses:u,1160544,100.00,,
     0.830886833,1535557,,bus-cycles:u,1160448,100.00,,
     0.830886833,9820364,,instructions:u,1160288,100.00,,
     0.832047612,344,,branch-misses:u,1159968,100.00,,
     0.832047612,36,,cache-misses:u,1160000,100.00,,
     0.832047612,1535649,,bus-cycles:u,1159968,100.00,,
     0.832047612,9821988,,instructions:u,1160032,100.00,,
     0.833205384,344,,branch-misses:u,1158272,100.00,,
     0.833205384,109,,cache-misses:u,1157824,100.00,,
     0.833205384,1527106,,bus-cycles:u,1157888,100.00,,
     0.833205384,9771107,,instructions:u,1158336,100.00,,
     0.834367219,344,,branch-misses:u,1162080,100.00,,
     0.834367219,37,,cache-misses:u,1162112,100.00,,
     0.834367219,1538450,,bus-cycles:u,1162176,100.00,,
     0.834367219,9842494,,instructions:u,1161696,100.00,,
     0.835527231,346,,branch-misses:u,1160288,100.00,,
     0.835527231,33,,cache-misses:u,1160256,100.00,,
     0.835527231,1534841,,bus-cycles:u,1160160,100.00,,
     0.835527231,9822440,,instructions:u,1160160,100.00,,
     0.836685739,343,,branch-misses:u,1158592,100.00,,
     0.836685739,114,,cache-misses:u,1159040,100.00,,
     0.836685739,1525762,,bus-cycles:u,1159136,100.00,,
     0.836685739,9757683,,instructions:u,1159168,100.00,,
     0.837846998,344,,branch-misses:u,1161696,100.00,,
     0.837846998,40,,cache-misses:u,1161440,100.00,,
     0.837846998,1537131,,bus-cycles:u,1161280,100.00,,
     0.837846998,9826837,,instructions:u,1161216,100.00,,
     0.839004898,344,,branch-misses:u,1158304,100.00,,
     0.839004898,35,,cache-misses:u,1158400,100.00,,
     0.839004898,1533895,,bus-cycles:u,1158464,100.00,,
     0.839004898,9805867,,instructions:u,1158592,100.00,,
     0.840165325,343,,branch-misses:u,1159840,100.00,,
     0.840165325,31,,cache-misses:u,1159872,100.00,,
     0.840165325,1535438,,bus-cycles:u,1160000,100.00,,
     0.840165325,9807877,,instructions:u,1159904,100.00,,
     0.841325336,345,,branch-misses:u,1160704,100.00,,
     0.841325336,97,,cache-misses:u,1160704,100.00,,
     0.841325336,1530551,,bus-cycles:u,1160640,100.00,,
     0.841325336,9784097,,instructions:u,1160736,100.00,,
     0.842488739,345,,branch-misses:u,1163520,100.00,,
     0.842488739,38,,cache-misses:u,1163520,100.00,,
     0.842488739,1540252,,bus-cycles:u,1163424,100.00,,
     0.842488739,9841731,,instructions:u,1163488,100.00,,
     0.843651790,344,,branch-misses:u,1162848,100.00,,
     0.843651790,47,,cache-misses:u,1163008,100.00,,
     0.843651790,1539367,,bus-cycles:u,1163072,100.00,,
     0.843651790,9832313,,instructions:u,1162912,100.00,,
     0.844816505,344,,branch-misses:u,1165536,100.00,,
     0.844816505,101,,cache-misses:u,1164992,100.00,,
     0.844816505,1536446,,bus-cycles:u,1164992,100.00,,
     0.844816505,9819754,,instructions:u,1165024,100.00,,
     0.846004959,353,,branch-misses:u,1189984,100.00,,
     0.846004959,34,,cache-misses:u,1190784,100.00,,
     0.846004959,1576495,,bus-cycles:u,1190816,100.00,,
     0.846004959,10075942,,instructions:u,1191136,100.00,,
     0.847174057,346,,branch-misses:u,1167776,100.00,,
     0.847174057,31,,cache-misses:u,1167040,100.00,,
     0.847174057,1544378,,bus-cycles:u,1167040,100.00,,
     0.847174057,9866054,,instructions:u,1166912,100.00,,
     0.848332789,344,,branch-misses:u,1158688,100.00,,
     0.848332789,30,,cache-misses:u,1158816,100.00,,
     0.848332789,1533817,,bus-cycles:u,1158720,100.00,,
     0.848332789,9823928,,instructions:u,1158560,100.00,,
     0.849505022,350,,branch-misses:u,1173600,100.00,,
     0.849505022,76,,cache-misses:u,1174176,100.00,,
     0.849505022,1548821,,bus-cycles:u,1174624,100.00,,
     0.849505022,9899258,,instructions:u,1174688,100.00,,
     0.850668297,346,,branch-misses:u,1162784,100.00,,
     0.850668297,34,,cache-misses:u,1162080,100.00,,
     0.850668297,1538244,,bus-cycles:u,1162048,100.00,,
     0.850668297,9855809,,instructions:u,1161920,100.00,,
     0.851827700,343,,branch-misses:u,1159456,100.00,,
     0.851827700,39,,cache-misses:u,1159552,100.00,,
     0.851827700,1534116,,bus-cycles:u,1159200,100.00,,
     0.851827700,9798022,,instructions:u,1159232,100.00,,
     0.852991295,345,,branch-misses:u,1165728,100.00,,
     0.852991295,108,,cache-misses:u,1166464,100.00,,
     0.852991295,1537453,,bus-cycles:u,1166880,100.00,,
     0.852991295,9829382,,instructions:u,1167040,100.00,,
     0.854170535,351,,branch-misses:u,1179744,100.00,,
     0.854170535,43,,cache-misses:u,1179712,100.00,,
     0.854170535,1560165,,bus-cycles:u,1179808,100.00,,
     0.854170535,9984346,,instructions:u,1180000,100.00,,
     0.855350159,349,,branch-misses:u,1179552,100.00,,
     0.855350159,39,,cache-misses:u,1179072,100.00,,
     0.855350159,1559971,,bus-cycles:u,1179136,100.00,,
     0.855350159,9973360,,instructions:u,1179104,100.00,,
     0.856529463,348,,branch-misses:u,1179488,100.00,,
     0.856529463,101,,cache-misses:u,1180032,100.00,,
     0.856529463,1553533,,bus-cycles:u,1179968,100.00,,
     0.856529463,9920460,,instructions:u,1179808,100.00,,
     0.857707519,348,,branch-misses:u,1177920,100.00,,
     0.857707519,56,,cache-misses:u,1177664,100.00,,
     0.857707519,1558626,,bus-cycles:u,1177600,100.00,,
     0.857707519,9941376,,instructions:u,1177600,100.00,,
     0.858883208,348,,branch-misses:u,1176352,100.00,,
     0.858883208,35,,cache-misses:u,1176032,100.00,,
     0.858883208,1555291,,bus-cycles:u,1176032,100.00,,
     0.858883208,9925431,,instructions:u,1176000,100.00,,
     0.860062288,349,,branch-misses:u,1178720,100.00,,
     0.860062288,38,,cache-misses:u,1179360,100.00,,
     0.860062288,1560343,,bus-cycles:u,1179456,100.00,,
     0.860062288,9973467,,instructions:u,1179488,100.00,,
     0.861238072,348,,branch-misses:u,1176768,100.00,,
     0.861238072,97,,cache-misses:u,1176512,100.00,,
     0.861238072,1548454,,bus-cycles:u,1176480,100.00,,
     0.861238072,9898679,,instructions:u,1176448,100.00,,
     0.862416224,349,,branch-misses:u,1176928,100.00,,
     0.862416224,35,,cache-misses:u,1176992,100.00,,
     0.862416224,1557175,,bus-cycles:u,1177088,100.00,,
     0.862416224,9954548,,instructions:u,1177088,100.00,,
     0.863583338,346,,branch-misses:u,1166336,100.00,,
     0.863583338,33,,cache-misses:u,1165792,100.00,,
     0.863583338,1543753,,bus-cycles:u,1165664,100.00,,
     0.863583338,9855968,,instructions:u,1165472,100.00,,
     0.864747413,346,,branch-misses:u,1165856,100.00,,
     0.864747413,110,,cache-misses:u,1166816,100.00,,
     0.864747413,1538941,,bus-cycles:u,1167520,100.00,,
     0.864747413,9843749,,instructions:u,1168448,100.00,,
     0.865978132,365,,branch-misses:u,1230272,100.00,,
     0.865978132,43,,cache-misses:u,1230016,100.00,,
     0.865978132,1629588,,bus-cycles:u,1229280,100.00,,
     0.865978132,10414253,,instructions:u,1229280,100.00,,
     0.867235789,373,,branch-misses:u,1259904,100.00,,
     0.867235789,36,,cache-misses:u,1260000,100.00,,
     0.867235789,1671727,,bus-cycles:u,1260448,100.00,,
     0.867235789,10682384,,instructions:u,1260768,100.00,,
     0.868468907,365,,branch-misses:u,1231200,100.00,,
     0.868468907,71,,cache-misses:u,1230368,100.00,,
     0.868468907,1620412,,bus-cycles:u,1230112,100.00,,
     0.868468907,10355035,,instructions:u,1229088,100.00,,
     0.869642836,348,,branch-misses:u,1174240,100.00,,
     0.869642836,81,,cache-misses:u,1174592,100.00,,
     0.869642836,1555517,,bus-cycles:u,1174112,100.00,,
     0.869642836,9940494,,instructions:u,1174112,100.00,,
     0.870815165,348,,branch-misses:u,1172544,100.00,,
     0.870815165,28,,cache-misses:u,1172256,100.00,,
     0.870815165,1554334,,bus-cycles:u,1172224,100.00,,
     0.870815165,9942189,,instructions:u,1172160,100.00,,
     0.871987111,349,,branch-misses:u,1171744,100.00,,
     0.871987111,27,,cache-misses:u,1171712,100.00,,
     0.871987111,1553682,,bus-cycles:u,1171744,100.00,,
     0.871987111,9920780,,instructions:u,1171776,100.00,,
     0.873160080,348,,branch-misses:u,1173056,100.00,,
     0.873160080,104,,cache-misses:u,1172960,100.00,,
     0.873160080,1546870,,bus-cycles:u,1172832,100.00,,
     0.873160080,9884652,,instructions:u,1172736,100.00,,
     0.874327962,346,,branch-misses:u,1168288,100.00,,
     0.874327962,39,,cache-misses:u,1168256,100.00,,
     0.874327962,1548047,,bus-cycles:u,1168224,100.00,,
     0.874327962,9890731,,instructions:u,1168256,100.00,,
     0.875495460,347,,branch-misses:u,1167808,100.00,,
     0.875495460,30,,cache-misses:u,1167712,100.00,,
     0.875495460,1546847,,bus-cycles:u,1167616,100.00,,
     0.875495460,9878022,,instructions:u,1167584,100.00,,
     0.876663086,346,,branch-misses:u,1169088,100.00,,
     0.876663086,99,,cache-misses:u,1169920,100.00,,
     0.876663086,1542363,,bus-cycles:u,1170176,100.00,,
     0.876663086,9848577,,instructions:u,1170272,100.00,,
     0.877841494,349,,branch-misses:u,1177440,100.00,,
     0.877841494,35,,cache-misses:u,1176864,100.00,,
     0.877841494,1559214,,bus-cycles:u,1176640,100.00,,
     0.877841494,9964880,,instructions:u,1176864,100.00,,
     0.879005217,344,,branch-misses:u,1163680,100.00,,
     0.879005217,37,,cache-misses:u,1163712,100.00,,
     0.879005217,1540982,,bus-cycles:u,1163680,100.00,,
     0.879005217,9843214,,instructions:u,1163520,100.00,,
     0.880167500,346,,branch-misses:u,1162656,100.00,,
     0.880167500,27,,cache-misses:u,1162432,100.00,,
     0.880167500,1539594,,bus-cycles:u,1162496,100.00,,
     0.880167500,9829048,,instructions:u,1162240,100.00,,
     0.881329719,344,,branch-misses:u,1162368,100.00,,
     0.881329719,96,,cache-misses:u,1162304,100.00,,
     0.881329719,1531379,,bus-cycles:u,1162176,100.00,,
     0.881329719,9775732,,instructions:u,1162272,100.00,,
     0.882495841,346,,branch-misses:u,1166080,100.00,,
     0.882495841,37,,cache-misses:u,1166240,100.00,,
     0.882495841,1544646,,bus-cycles:u,1166400,100.00,,
     0.882495841,9884889,,instructions:u,1166336,100.00,,
     0.883657932,345,,branch-misses:u,1162272,100.00,,
     0.883657932,35,,cache-misses:u,1162176,100.00,,
     0.883657932,1539175,,bus-cycles:u,1162176,100.00,,
     0.883657932,9839238,,instructions:u,1162176,100.00,,
     0.884821207,345,,branch-misses:u,1165344,100.00,,
     0.884821207,108,,cache-misses:u,1165792,100.00,,
     0.884821207,1534754,,bus-cycles:u,1165920,100.00,,
     0.884821207,9821317,,instructions:u,1166240,100.00,,
     0.886000991,349,,branch-misses:u,1178560,100.00,,
     0.886000991,37,,cache-misses:u,1178368,100.00,,
     0.886000991,1560131,,bus-cycles:u,1178176,100.00,,
     0.886000991,9964074,,instructions:u,1177888,100.00,,
     0.887160555,343,,branch-misses:u,1159904,100.00,,
     0.887160555,35,,cache-misses:u,1159904,100.00,,
     0.887160555,1535494,,bus-cycles:u,1160064,100.00,,
     0.887160555,9809269,,instructions:u,1160160,100.00,,
     0.888320726,344,,branch-misses:u,1159840,100.00,,
     0.888320726,29,,cache-misses:u,1159552,100.00,,
     0.888320726,1535160,,bus-cycles:u,1159424,100.00,,
     0.888320726,9814005,,instructions:u,1159296,100.00,,
     0.889526905,359,,branch-misses:u,1208416,100.00,,
     0.889526905,76,,cache-misses:u,1209152,100.00,,
     0.889526905,1597782,,bus-cycles:u,1209408,100.00,,
     0.889526905,10224753,,instructions:u,1209632,100.00,,
     0.890693091,346,,branch-misses:u,1164512,100.00,,
     0.890693091,39,,cache-misses:u,1164128,100.00,,
     0.890693091,1541692,,bus-cycles:u,1163840,100.00,,
     0.890693091,9868275,,instructions:u,1163936,100.00,,
     0.891850927,343,,branch-misses:u,1157888,100.00,,
     0.891850927,36,,cache-misses:u,1157728,100.00,,
     0.891850927,1532543,,bus-cycles:u,1157728,100.00,,
     0.891850927,9797550,,instructions:u,1157568,100.00,,
     0.893009275,343,,branch-misses:u,1159872,100.00,,
     0.893009275,95,,cache-misses:u,1160160,100.00,,
     0.893009275,1528424,,bus-cycles:u,1160352,100.00,,
     0.893009275,9770382,,instructions:u,1160576,100.00,,
     0.894184484,347,,branch-misses:u,1174688,100.00,,
     0.894184484,34,,cache-misses:u,1174464,100.00,,
     0.894184484,1554036,,bus-cycles:u,1174272,100.00,,
     0.894184484,9925695,,instructions:u,1174016,100.00,,
     0.895345135,344,,branch-misses:u,1160736,100.00,,
     0.895345135,30,,cache-misses:u,1160512,100.00,,
     0.895345135,1535674,,bus-cycles:u,1160576,100.00,,
     0.895345135,9804224,,instructions:u,1160512,100.00,,
     0.896504795,343,,branch-misses:u,1161600,100.00,,
     0.896504795,70,,cache-misses:u,1162528,100.00,,
     0.896504795,1531296,,bus-cycles:u,1162816,100.00,,
     0.896504795,9788275,,instructions:u,1162976,100.00,,
     0.897683395,350,,branch-misses:u,1177536,100.00,,
     0.897683395,58,,cache-misses:u,1176960,100.00,,
     0.897683395,1557613,,bus-cycles:u,1176640,100.00,,
     0.897683395,9964985,,instructions:u,1176512,100.00,,
     0.898854220,347,,branch-misses:u,1170208,100.00,,
     0.898854220,26,,cache-misses:u,1169792,100.00,,
     0.898854220,1548824,,bus-cycles:u,1169792,100.00,,
     0.898854220,9891999,,instructions:u,1169888,100.00,,
     0.900016599,344,,branch-misses:u,1162304,100.00,,
     0.900016599,35,,cache-misses:u,1162624,100.00,,
     0.900016599,1538834,,bus-cycles:u,1162688,100.00,,
     0.900016599,9827629,,instructions:u,1162496,100.00,,
     0.901176067,344,,branch-misses:u,1160320,100.00,,
     0.901176067,97,,cache-misses:u,1160000,100.00,,
     0.901176067,1528915,,bus-cycles:u,1159968,100.00,,
     0.901176067,9781261,,instructions:u,1160000,100.00,,
     0.902337582,344,,branch-misses:u,1161408,100.00,,
     0.902337582,35,,cache-misses:u,1161792,100.00,,
     0.902337582,1537149,,bus-cycles:u,1161760,100.00,,
     0.902337582,9837965,,instructions:u,1161856,100.00,,
     0.903494682,344,,branch-misses:u,1156864,100.00,,
     0.903494682,30,,cache-misses:u,1156544,100.00,,
     0.903494682,1530967,,bus-cycles:u,1156576,100.00,,
     0.903494682,9771336,,instructions:u,1156416,100.00,,
     0.904650854,342,,branch-misses:u,1157536,100.00,,
     0.904650854,102,,cache-misses:u,1157888,100.00,,
     0.904650854,1525889,,bus-cycles:u,1157888,100.00,,
     0.904650854,9758091,,instructions:u,1158080,100.00,,
     0.905821136,348,,branch-misses:u,1169984,100.00,,
     0.905821136,47,,cache-misses:u,1170080,100.00,,
     0.905821136,1548019,,bus-cycles:u,1170048,100.00,,
     0.905821136,9902010,,instructions:u,1169920,100.00,,
     0.906983931,345,,branch-misses:u,1162880,100.00,,
     0.906983931,28,,cache-misses:u,1162656,100.00,,
     0.906983931,1538823,,bus-cycles:u,1162944,100.00,,
     0.906983931,9840982,,instructions:u,1162912,100.00,,
     0.908143238,344,,branch-misses:u,1160192,100.00,,
     0.908143238,29,,cache-misses:u,1160288,100.00,,
     0.908143238,1535036,,bus-cycles:u,1160032,100.00,,
     0.908143238,9807903,,instructions:u,1160000,100.00,,
     0.909306737,343,,branch-misses:u,1163648,100.00,,
     0.909306737,90,,cache-misses:u,1163616,100.00,,
     0.909306737,1533192,,bus-cycles:u,1163616,100.00,,
     0.909306737,9802910,,instructions:u,1163840,100.00,,
     0.910505590,356,,branch-misses:u,1200160,100.00,,
     0.910505590,39,,cache-misses:u,1200800,100.00,,
     0.910505590,1589677,,bus-cycles:u,1200736,100.00,,
     0.910505590,10159587,,instructions:u,1200576,100.00,,
     0.911674495,347,,branch-misses:u,1167328,100.00,,
     0.911674495,30,,cache-misses:u,1166752,100.00,,
     0.911674495,1545408,,bus-cycles:u,1166784,100.00,,
     0.911674495,9878242,,instructions:u,1166720,100.00,,
     0.912833451,343,,branch-misses:u,1159296,100.00,,
     0.912833451,99,,cache-misses:u,1159296,100.00,,
     0.912833451,1528496,,bus-cycles:u,1159296,100.00,,
     0.912833451,9770639,,instructions:u,1159360,100.00,,
     0.913992183,342,,branch-misses:u,1158816,100.00,,
     0.913992183,36,,cache-misses:u,1158752,100.00,,
     0.913992183,1533494,,bus-cycles:u,1158752,100.00,,
     0.913992183,9798762,,instructions:u,1158688,100.00,,
     0.915149731,343,,branch-misses:u,1157600,100.00,,
     0.915149731,34,,cache-misses:u,1157632,100.00,,
     0.915149731,1531753,,bus-cycles:u,1157568,100.00,,
     0.915149731,9797293,,instructions:u,1157696,100.00,,
     0.916305935,342,,branch-misses:u,1156480,100.00,,
     0.916305935,32,,cache-misses:u,1156544,100.00,,
     0.916305935,1530508,,bus-cycles:u,1156608,100.00,,
     0.916305935,9780735,,instructions:u,1156576,100.00,,
     0.917486806,352,,branch-misses:u,1182624,100.00,,
     0.917486806,86,,cache-misses:u,1183456,100.00,,
     0.917486806,1558735,,bus-cycles:u,1183808,100.00,,
     0.917486806,9956502,,instructions:u,1184000,100.00,,
     0.918654848,346,,branch-misses:u,1167200,100.00,,
     0.918654848,42,,cache-misses:u,1166176,100.00,,
     0.918654848,1542524,,bus-cycles:u,1166240,100.00,,
     0.918654848,9858651,,instructions:u,1165984,100.00,,
     0.919814284,344,,branch-misses:u,1159424,100.00,,
     0.919814284,36,,cache-misses:u,1160128,100.00,,
     0.919814284,1534812,,bus-cycles:u,1160160,100.00,,
     0.919814284,9817507,,instructions:u,1160544,100.00,,
     0.920977527,344,,branch-misses:u,1163616,100.00,,
     0.920977527,97,,cache-misses:u,1163744,100.00,,
     0.920977527,1532973,,bus-cycles:u,1163776,100.00,,
     0.920977527,9803604,,instructions:u,1163552,100.00,,
     0.922143169,346,,branch-misses:u,1165728,100.00,,
     0.922143169,41,,cache-misses:u,1165056,100.00,,
     0.922143169,1541074,,bus-cycles:u,1164896,100.00,,
     0.922143169,9846061,,instructions:u,1164896,100.00,,
     0.923304844,344,,branch-misses:u,1161568,100.00,,
     0.923304844,35,,cache-misses:u,1162016,100.00,,
     0.923304844,1536650,,bus-cycles:u,1161664,100.00,,
     0.923304844,9811514,,instructions:u,1161504,100.00,,
     0.924464856,343,,branch-misses:u,1160640,100.00,,
     0.924464856,76,,cache-misses:u,1160640,100.00,,
     0.924464856,1530835,,bus-cycles:u,1160672,100.00,,
     0.924464856,9784651,,instructions:u,1160608,100.00,,
     0.925628483,345,,branch-misses:u,1164096,100.00,,
     0.925628483,74,,cache-misses:u,1163616,100.00,,
     0.925628483,1540856,,bus-cycles:u,1163712,100.00,,
     0.925628483,9839907,,instructions:u,1163808,100.00,,
     0.926787246,345,,branch-misses:u,1158720,100.00,,
     0.926787246,36,,cache-misses:u,1158560,100.00,,
     0.926787246,1533712,,bus-cycles:u,1158432,100.00,,
     0.926787246,9812032,,instructions:u,1158368,100.00,,
     0.927945818,343,,branch-misses:u,1158464,100.00,,
     0.927945818,37,,cache-misses:u,1158720,100.00,,
     0.927945818,1534421,,bus-cycles:u,1159168,100.00,,
     0.927945818,9815237,,instructions:u,1159360,100.00,,
     0.929106470,344,,branch-misses:u,1161120,100.00,,
     0.929106470,112,,cache-misses:u,1161024,100.00,,
     0.929106470,1528746,,bus-cycles:u,1160960,100.00,,
     0.929106470,9765839,,instructions:u,1160864,100.00,,
     0.930269105,344,,branch-misses:u,1163392,100.00,,
     0.930269105,42,,cache-misses:u,1163936,100.00,,
     0.930269105,1541659,,bus-cycles:u,1163936,100.00,,
     0.930269105,9852335,,instructions:u,1163872,100.00,,
     0.931438010,347,,branch-misses:u,1168928,100.00,,
     0.931438010,33,,cache-misses:u,1169056,100.00,,
     0.931438010,1545889,,bus-cycles:u,1169088,100.00,,
     0.931438010,9875474,,instructions:u,1169280,100.00,,
     0.932640478,356,,branch-misses:u,1205920,100.00,,
     0.932640478,127,,cache-misses:u,1206016,100.00,,
     0.932640478,1586143,,bus-cycles:u,1206048,100.00,,
     0.932640478,10137804,,instructions:u,1206336,100.00,,
     0.933824517,349,,branch-misses:u,1182144,100.00,,
     0.933824517,40,,cache-misses:u,1182144,100.00,,
     0.933824517,1562867,,bus-cycles:u,1182048,100.00,,
     0.933824517,9979330,,instructions:u,1182048,100.00,,
     0.935000014,349,,branch-misses:u,1175296,100.00,,
     0.935000014,32,,cache-misses:u,1174976,100.00,,
     0.935000014,1553808,,bus-cycles:u,1174688,100.00,,
     0.935000014,9940480,,instructions:u,1174336,100.00,,
     0.936173175,348,,branch-misses:u,1173504,100.00,,
     0.936173175,36,,cache-misses:u,1173440,100.00,,
     0.936173175,1553145,,bus-cycles:u,1173408,100.00,,
     0.936173175,9933669,,instructions:u,1173376,100.00,,
     0.937342497,346,,branch-misses:u,1169568,100.00,,
     0.937342497,105,,cache-misses:u,1169536,100.00,,
     0.937342497,1540991,,bus-cycles:u,1169536,100.00,,
     0.937342497,9853368,,instructions:u,1169664,100.00,,
     0.938517513,348,,branch-misses:u,1174400,100.00,,
     0.938517513,41,,cache-misses:u,1174080,100.00,,
     0.938517513,1554258,,bus-cycles:u,1174016,100.00,,
     0.938517513,9930463,,instructions:u,1173824,100.00,,
     0.939686163,348,,branch-misses:u,1170368,100.00,,
     0.939686163,34,,cache-misses:u,1170368,100.00,,
     0.939686163,1549807,,bus-cycles:u,1170336,100.00,,
     0.939686163,9895399,,instructions:u,1170496,100.00,,
     0.940858364,347,,branch-misses:u,1171648,100.00,,
     0.940858364,113,,cache-misses:u,1171584,100.00,,
     0.940858364,1545762,,bus-cycles:u,1171744,100.00,,
     0.940858364,9877846,,instructions:u,1171552,100.00,,
     0.942022983,344,,branch-misses:u,1163584,100.00,,
     0.942022983,39,,cache-misses:u,1163232,100.00,,
     0.942022983,1541083,,bus-cycles:u,1163200,100.00,,
     0.942022983,9843465,,instructions:u,1163168,100.00,,
     0.943181235,344,,branch-misses:u,1158368,100.00,,
     0.943181235,34,,cache-misses:u,1158496,100.00,,
     0.943181235,1533948,,bus-cycles:u,1158432,100.00,,
     0.943181235,9813912,,instructions:u,1158496,100.00,,
     0.944339007,345,,branch-misses:u,1158048,100.00,,
     0.944339007,35,,cache-misses:u,1158336,100.00,,
     0.944339007,1533869,,bus-cycles:u,1158688,100.00,,
     0.944339007,9817294,,instructions:u,1158944,100.00,,
     0.945518119,349,,branch-misses:u,1180928,100.00,,
     0.945518119,101,,cache-misses:u,1182016,100.00,,
     0.945518119,1557708,,bus-cycles:u,1182016,100.00,,
     0.945518119,9951923,,instructions:u,1182144,100.00,,
     0.946700430,350,,branch-misses:u,1181152,100.00,,
     0.946700430,43,,cache-misses:u,1179936,100.00,,
     0.946700430,1562729,,bus-cycles:u,1179744,100.00,,
     0.946700430,9980425,,instructions:u,1179520,100.00,,
     0.947874551,349,,branch-misses:u,1174368,100.00,,
     0.947874551,31,,cache-misses:u,1174688,100.00,,
     0.947874551,1556346,,bus-cycles:u,1174688,100.00,,
     0.947874551,9956061,,instructions:u,1174688,100.00,,
     0.949047136,347,,branch-misses:u,1172576,100.00,,
     0.949047136,110,,cache-misses:u,1172256,100.00,,
     0.949047136,1543861,,bus-cycles:u,1172672,100.00,,
     0.949047136,9877298,,instructions:u,1172608,100.00,,
     0.950213130,345,,branch-misses:u,1166208,100.00,,
     0.950213130,40,,cache-misses:u,1166720,100.00,,
     0.950213130,1542858,,bus-cycles:u,1166304,100.00,,
     0.950213130,9863847,,instructions:u,1166368,100.00,,
     0.951381972,348,,branch-misses:u,1169408,100.00,,
     0.951381972,29,,cache-misses:u,1169088,100.00,,
     0.951381972,1547583,,bus-cycles:u,1169088,100.00,,
     0.951381972,9893069,,instructions:u,1168928,100.00,,
     0.952551582,347,,branch-misses:u,1171136,100.00,,
     0.952551582,94,,cache-misses:u,1171552,100.00,,
     0.952551582,1545388,,bus-cycles:u,1171808,100.00,,
     0.952551582,9871782,,instructions:u,1172000,100.00,,
     0.953760512,360,,branch-misses:u,1209120,100.00,,
     0.953760512,39,,cache-misses:u,1209024,100.00,,
     0.953760512,1600750,,bus-cycles:u,1208832,100.00,,
     0.953760512,10260843,,instructions:u,1208896,100.00,,
     0.954935081,348,,branch-misses:u,1173664,100.00,,
     0.954935081,28,,cache-misses:u,1172992,100.00,,
     0.954935081,1553599,,bus-cycles:u,1172832,100.00,,
     0.954935081,9937461,,instructions:u,1172672,100.00,,
     0.956103891,347,,branch-misses:u,1168512,100.00,,
     0.956103891,33,,cache-misses:u,1168704,100.00,,
     0.956103891,1548438,,bus-cycles:u,1168768,100.00,,
     0.956103891,9891223,,instructions:u,1168736,100.00,,
     0.957271229,346,,branch-misses:u,1167712,100.00,,
     0.957271229,104,,cache-misses:u,1167360,100.00,,
     0.957271229,1540847,,bus-cycles:u,1167264,100.00,,
     0.957271229,9846810,,instructions:u,1167232,100.00,,
     0.958435976,346,,branch-misses:u,1165152,100.00,,
     0.958435976,51,,cache-misses:u,1165376,100.00,,
     0.958435976,1544334,,bus-cycles:u,1165280,100.00,,
     0.958435976,9873124,,instructions:u,1165280,100.00,,
     0.959602386,346,,branch-misses:u,1166528,100.00,,
     0.959602386,31,,cache-misses:u,1166400,100.00,,
     0.959602386,1545598,,bus-cycles:u,1166496,100.00,,
     0.959602386,9873746,,instructions:u,1166400,100.00,,
     0.960765053,345,,branch-misses:u,1163392,100.00,,
     0.960765053,101,,cache-misses:u,1163456,100.00,,
     0.960765053,1535148,,bus-cycles:u,1163424,100.00,,
     0.960765053,9809706,,instructions:u,1163584,100.00,,
     0.961929096,345,,branch-misses:u,1163584,100.00,,
     0.961929096,40,,cache-misses:u,1163424,100.00,,
     0.961929096,1540780,,bus-cycles:u,1163328,100.00,,
     0.961929096,9852063,,instructions:u,1163328,100.00,,
     0.963091987,345,,branch-misses:u,1163456,100.00,,
     0.963091987,50,,cache-misses:u,1164128,100.00,,
     0.963091987,1541498,,bus-cycles:u,1164160,100.00,,
     0.963091987,9867868,,instructions:u,1164224,100.00,,
     0.964255870,345,,branch-misses:u,1163648,100.00,,
     0.964255870,37,,cache-misses:u,1162944,100.00,,
     0.964255870,1539696,,bus-cycles:u,1162880,100.00,,
     0.964255870,9860449,,instructions:u,1162816,100.00,,
     0.965417097,345,,branch-misses:u,1161504,100.00,,
     0.965417097,100,,cache-misses:u,1161824,100.00,,
     0.965417097,1530724,,bus-cycles:u,1161920,100.00,,
     0.965417097,9788692,,instructions:u,1161984,100.00,,
     0.966577972,344,,branch-misses:u,1161120,100.00,,
     0.966577972,34,,cache-misses:u,1160832,100.00,,
     0.966577972,1536830,,bus-cycles:u,1160832,100.00,,
     0.966577972,9815125,,instructions:u,1160832,100.00,,
     0.967737664,344,,branch-misses:u,1159520,100.00,,
     0.967737664,36,,cache-misses:u,1159744,100.00,,
     0.967737664,1535812,,bus-cycles:u,1159808,100.00,,
     0.967737664,9818268,,instructions:u,1159584,100.00,,
     0.968898891,344,,branch-misses:u,1162080,100.00,,
     0.968898891,98,,cache-misses:u,1162112,100.00,,
     0.968898891,1531728,,bus-cycles:u,1162144,100.00,,
     0.968898891,9794049,,instructions:u,1162304,100.00,,
     0.970061590,345,,branch-misses:u,1162624,100.00,,
     0.970061590,30,,cache-misses:u,1162368,100.00,,
     0.970061590,1538817,,bus-cycles:u,1162304,100.00,,
     0.970061590,9839723,,instructions:u,1162304,100.00,,
     0.971222017,344,,branch-misses:u,1160704,100.00,,
     0.971222017,30,,cache-misses:u,1160992,100.00,,
     0.971222017,1536987,,bus-cycles:u,1161024,100.00,,
     0.971222017,9815954,,instructions:u,1160864,100.00,,
     0.972385932,344,,branch-misses:u,1164064,100.00,,
     0.972385932,41,,cache-misses:u,1164352,100.00,,
     0.972385932,1533583,,bus-cycles:u,1164256,100.00,,
     0.972385932,9808356,,instructions:u,1164512,100.00,,
     0.973551766,346,,branch-misses:u,1167232,100.00,,
     0.973551766,81,,cache-misses:u,1167520,100.00,,
     0.973551766,1544196,,bus-cycles:u,1167584,100.00,,
     0.973551766,9867362,,instructions:u,1167456,100.00,,
     0.974728255,350,,branch-misses:u,1176096,100.00,,
     0.974728255,29,,cache-misses:u,1175808,100.00,,
     0.974728255,1556520,,bus-cycles:u,1176000,100.00,,
     0.974728255,9959158,,instructions:u,1176064,100.00,,
     0.975926307,355,,branch-misses:u,1199712,100.00,,
     0.975926307,32,,cache-misses:u,1199744,100.00,,
     0.975926307,1588348,,bus-cycles:u,1199584,100.00,,
     0.975926307,10161667,,instructions:u,1199616,100.00,,
     0.977096045,346,,branch-misses:u,1168416,100.00,,
     0.977096045,98,,cache-misses:u,1168064,100.00,,
     0.977096045,1540319,,bus-cycles:u,1168256,100.00,,
     0.977096045,9850079,,instructions:u,1168224,100.00,,
     0.978260728,346,,branch-misses:u,1164384,100.00,,
     0.978260728,34,,cache-misses:u,1164480,100.00,,
     0.978260728,1542159,,bus-cycles:u,1164288,100.00,,
     0.978260728,9853727,,instructions:u,1164096,100.00,,
     0.979421603,345,,branch-misses:u,1161056,100.00,,
     0.979421603,32,,cache-misses:u,1160736,100.00,,
     0.979421603,1537324,,bus-cycles:u,1160768,100.00,,
     0.979421603,9828733,,instructions:u,1160800,100.00,,
     0.980582094,344,,branch-misses:u,1161248,100.00,,
     0.980582094,95,,cache-misses:u,1161216,100.00,,
     0.980582094,1531530,,bus-cycles:u,1161216,100.00,,
     0.980582094,9796813,,instructions:u,1161280,100.00,,
     0.981743066,344,,branch-misses:u,1160576,100.00,,
     0.981743066,40,,cache-misses:u,1161280,100.00,,
     0.981743066,1536879,,bus-cycles:u,1161280,100.00,,
     0.981743066,9829784,,instructions:u,1161248,100.00,,
     0.982899878,342,,branch-misses:u,1157024,100.00,,
     0.982899878,32,,cache-misses:u,1156768,100.00,,
     0.982899878,1531645,,bus-cycles:u,1156704,100.00,,
     0.982899878,9801080,,instructions:u,1156640,100.00,,
     0.984057298,345,,branch-misses:u,1157728,100.00,,
     0.984057298,29,,cache-misses:u,1157760,100.00,,
     0.984057298,1532484,,bus-cycles:u,1157760,100.00,,
     0.984057298,9812997,,instructions:u,1157792,100.00,,
     0.985217629,344,,branch-misses:u,1161888,100.00,,
     0.985217629,110,,cache-misses:u,1161888,100.00,,
     0.985217629,1531164,,bus-cycles:u,1161952,100.00,,
     0.985217629,9791089,,instructions:u,1162112,100.00,,
     0.986388295,347,,branch-misses:u,1170336,100.00,,
     0.986388295,43,,cache-misses:u,1170400,100.00,,
     0.986388295,1548853,,bus-cycles:u,1170336,100.00,,
     0.986388295,9900738,,instructions:u,1170336,100.00,,
     0.987554193,344,,branch-misses:u,1165504,100.00,,
     0.987554193,32,,cache-misses:u,1165344,100.00,,
     0.987554193,1541637,,bus-cycles:u,1165472,100.00,,
     0.987554193,9862063,,instructions:u,1165472,100.00,,
     0.988716668,345,,branch-misses:u,1163424,100.00,,
     0.988716668,114,,cache-misses:u,1163264,100.00,,
     0.988716668,1531553,,bus-cycles:u,1163264,100.00,,
     0.988716668,9795047,,instructions:u,1163232,100.00,,
     0.989878983,345,,branch-misses:u,1161504,100.00,,
     0.989878983,37,,cache-misses:u,1161664,100.00,,
     0.989878983,1538079,,bus-cycles:u,1161856,100.00,,
     0.989878983,9829547,,instructions:u,1161824,100.00,,
     0.991039186,344,,branch-misses:u,1160320,100.00,,
     0.991039186,34,,cache-misses:u,1160000,100.00,,
     0.991039186,1535844,,bus-cycles:u,1159616,100.00,,
     0.991039186,9815785,,instructions:u,1159552,100.00,,
     0.992198590,344,,branch-misses:u,1159328,100.00,,
     0.992198590,32,,cache-misses:u,1159392,100.00,,
     0.992198590,1535383,,bus-cycles:u,1159520,100.00,,
     0.992198590,9815157,,instructions:u,1159584,100.00,,
     0.993361449,345,,branch-misses:u,1163616,100.00,,
     0.993361449,103,,cache-misses:u,1163968,100.00,,
     0.993361449,1534708,,bus-cycles:u,1163968,100.00,,
     0.993361449,9808619,,instructions:u,1164000,100.00,,
     0.994523988,346,,branch-misses:u,1162976,100.00,,
     0.994523988,38,,cache-misses:u,1162944,100.00,,
     0.994523988,1540073,,bus-cycles:u,1162912,100.00,,
     0.994523988,9854280,,instructions:u,1162848,100.00,,
     0.995685663,344,,branch-misses:u,1161312,100.00,,
     0.995685663,39,,cache-misses:u,1160928,100.00,,
     0.995685663,1536435,,bus-cycles:u,1160928,100.00,,
     0.995685663,9823479,,instructions:u,1160992,100.00,,
     0.996875685,352,,branch-misses:u,1192928,100.00,,
     0.996875685,105,,cache-misses:u,1194080,100.00,,
     0.996875685,1574142,,bus-cycles:u,1194400,100.00,,
     0.996875685,10065778,,instructions:u,1194944,100.00,,
     0.998050798,348,,branch-misses:u,1173632,100.00,,
     0.998050798,40,,cache-misses:u,1172928,100.00,,
     0.998050798,1551162,,bus-cycles:u,1172640,100.00,,
     0.998050798,9910684,,instructions:u,1172160,100.00,,
     0.999214041,344,,branch-misses:u,1162592,100.00,,
     0.999214041,43,,cache-misses:u,1162528,100.00,,
     0.999214041,1538149,,bus-cycles:u,1162528,100.00,,
     0.999214041,9825672,,instructions:u,1162464,100.00,,
     1.000374980,343,,branch-misses:u,1161088,100.00,,
     1.000374980,58,,cache-misses:u,1172256,100.00,,
     1.000374980,1543553,,bus-cycles:u,1172736,100.00,,
     1.000374980,9856747,,instructions:u,1172704,100.00,,
     1.001556715,348,,branch-misses:u,1183360,100.00,,
     1.001556715,82,,cache-misses:u,1172864,100.00,,
     1.001556715,1551148,,bus-cycles:u,1172800,100.00,,
     1.001556715,9907460,,instructions:u,1172704,100.00,,
     1.002718839,345,,branch-misses:u,1161280,100.00,,
     1.002718839,37,,cache-misses:u,1160416,100.00,,
     1.002718839,1535691,,bus-cycles:u,1159968,100.00,,
     1.002718839,9823912,,instructions:u,1160032,100.00,,
     1.003877410,344,,branch-misses:u,1158400,100.00,,
     1.003877410,46,,cache-misses:u,1158560,100.00,,
     1.003877410,1533690,,bus-cycles:u,1158912,100.00,,
     1.003877410,9802322,,instructions:u,1158880,100.00,,
     1.005037902,343,,branch-misses:u,1161088,100.00,,
     1.005037902,124,,cache-misses:u,1161408,100.00,,
     1.005037902,1530799,,bus-cycles:u,1161472,100.00,,
     1.005037902,9791081,,instructions:u,1161632,100.00,,
     1.006202456,346,,branch-misses:u,1164608,100.00,,
     1.006202456,40,,cache-misses:u,1164512,100.00,,
     1.006202456,1540876,,bus-cycles:u,1164512,100.00,,
     1.006202456,9857348,,instructions:u,1164448,100.00,,
     1.007371074,348,,branch-misses:u,1170496,100.00,,
     1.007371074,38,,cache-misses:u,1170816,100.00,,
     1.007371074,1550428,,bus-cycles:u,1170656,100.00,,
     1.007371074,9916654,,instructions:u,1170688,100.00,,
     1.008545323,348,,branch-misses:u,1175200,100.00,,
     1.008545323,95,,cache-misses:u,1175328,100.00,,
     1.008545323,1548335,,bus-cycles:u,1175552,100.00,,
     1.008545323,9908112,,instructions:u,1175744,100.00,,
     1.009727695,350,,branch-misses:u,1182176,100.00,,
     1.009727695,52,,cache-misses:u,1182144,100.00,,
     1.009727695,1564836,,bus-cycles:u,1182016,100.00,,
     1.009727695,10007909,,instructions:u,1181856,100.00,,
     1.010907315,351,,branch-misses:u,1180800,100.00,,
     1.010907315,32,,cache-misses:u,1180960,100.00,,
     1.010907315,1561997,,bus-cycles:u,1180608,100.00,,
     1.010907315,10000605,,instructions:u,1180576,100.00,,
     1.012087511,349,,branch-misses:u,1179200,100.00,,
     1.012087511,40,,cache-misses:u,1178560,100.00,,
     1.012087511,1559250,,bus-cycles:u,1178528,100.00,,
     1.012087511,9964810,,instructions:u,1178560,100.00,,
     1.013263101,348,,branch-misses:u,1175616,100.00,,
     1.013263101,119,,cache-misses:u,1176160,100.00,,
     1.013263101,1549447,,bus-cycles:u,1176352,100.00,,
     1.013263101,9898636,,instructions:u,1176352,100.00,,
     1.014438786,349,,branch-misses:u,1175744,100.00,,
     1.014438786,33,,cache-misses:u,1175744,100.00,,
     1.014438786,1557388,,bus-cycles:u,1175968,100.00,,
     1.014438786,9957368,,instructions:u,1175968,100.00,,
     1.015611912,347,,branch-misses:u,1173504,100.00,,
     1.015611912,32,,cache-misses:u,1172896,100.00,,
     1.015611912,1552157,,bus-cycles:u,1172576,100.00,,
     1.015611912,9912200,,instructions:u,1172640,100.00,,
     1.016785133,348,,branch-misses:u,1173376,100.00,,
     1.016785133,105,,cache-misses:u,1173632,100.00,,
     1.016785133,1547452,,bus-cycles:u,1173728,100.00,,
     1.016785133,9886080,,instructions:u,1173632,100.00,,
     1.017985582,356,,branch-misses:u,1201152,100.00,,
     1.017985582,36,,cache-misses:u,1201536,100.00,,
     1.017985582,1591112,,bus-cycles:u,1201600,100.00,,
     1.017985582,10178785,,instructions:u,1201536,100.00,,
     1.019158612,348,,branch-misses:u,1171520,100.00,,
     1.019158612,46,,cache-misses:u,1171008,100.00,,
     1.019158612,1548953,,bus-cycles:u,1171328,100.00,,
     1.019158612,9894195,,instructions:u,1171264,100.00,,
     1.020325946,347,,branch-misses:u,1167328,100.00,,
     1.020325946,33,,cache-misses:u,1167072,100.00,,
     1.020325946,1543959,,bus-cycles:u,1166592,100.00,,
     1.020325946,9857890,,instructions:u,1166656,100.00,,
     1.021554422,364,,branch-misses:u,1231008,100.00,,
     1.021554422,93,,cache-misses:u,1231968,100.00,,
     1.021554422,1625537,,bus-cycles:u,1232768,100.00,,
     1.021554422,10384549,,instructions:u,1233536,100.00,,
     1.022794831,367,,branch-misses:u,1239680,100.00,,
     1.022794831,36,,cache-misses:u,1240352,100.00,,
     1.022794831,1643649,,bus-cycles:u,1240416,100.00,,
     1.022794831,10498962,,instructions:u,1240512,100.00,,
     1.023979283,351,,branch-misses:u,1183328,100.00,,
     1.023979283,37,,cache-misses:u,1181888,100.00,,
     1.023979283,1564139,,bus-cycles:u,1181376,100.00,,
     1.023979283,9983387,,instructions:u,1180704,100.00,,
     1.025156632,350,,branch-misses:u,1177984,100.00,,
     1.025156632,92,,cache-misses:u,1178272,100.00,,
     1.025156632,1553202,,bus-cycles:u,1178048,100.00,,
     1.025156632,9933166,,instructions:u,1178176,100.00,,
     1.026330397,347,,branch-misses:u,1173696,100.00,,
     1.026330397,38,,cache-misses:u,1173568,100.00,,
     1.026330397,1553959,,bus-cycles:u,1173792,100.00,,
     1.026330397,9923468,,instructions:u,1173632,100.00,,
     1.027499172,347,,branch-misses:u,1169504,100.00,,
     1.027499172,34,,cache-misses:u,1169088,100.00,,
     1.027499172,1547844,,bus-cycles:u,1168896,100.00,,
     1.027499172,9891262,,instructions:u,1168800,100.00,,
     1.028666410,346,,branch-misses:u,1168064,100.00,,
     1.028666410,108,,cache-misses:u,1168320,100.00,,
     1.028666410,1537182,,bus-cycles:u,1168320,100.00,,
     1.028666410,9838841,,instructions:u,1168544,100.00,,
     1.029847823,350,,branch-misses:u,1180832,100.00,,
     1.029847823,44,,cache-misses:u,1180704,100.00,,
     1.029847823,1563611,,bus-cycles:u,1180640,100.00,,
     1.029847823,9986393,,instructions:u,1180384,100.00,,
     1.031017365,346,,branch-misses:u,1169472,100.00,,
     1.031017365,37,,cache-misses:u,1169280,100.00,,
     1.031017365,1548749,,bus-cycles:u,1169248,100.00,,
     1.031017365,9891663,,instructions:u,1169408,100.00,,
     1.032183772,346,,branch-misses:u,1167040,100.00,,
     1.032183772,33,,cache-misses:u,1167040,100.00,,
     1.032183772,1545261,,bus-cycles:u,1166976,100.00,,
     1.032183772,9885427,,instructions:u,1166816,100.00,,
     1.033351683,345,,branch-misses:u,1167296,100.00,,
     1.033351683,97,,cache-misses:u,1167584,100.00,,
     1.033351683,1539339,,bus-cycles:u,1167552,100.00,,
     1.033351683,9845469,,instructions:u,1167488,100.00,,
     1.034514154,346,,branch-misses:u,1163840,100.00,,
     1.034514154,46,,cache-misses:u,1163872,100.00,,
     1.034514154,1540767,,bus-cycles:u,1163872,100.00,,
     1.034514154,9861278,,instructions:u,1164032,100.00,,
     1.035677330,344,,branch-misses:u,1162080,100.00,,
     1.035677330,47,,cache-misses:u,1161888,100.00,,
     1.035677330,1538926,,bus-cycles:u,1161984,100.00,,
     1.035677330,9835290,,instructions:u,1161888,100.00,,
     1.036839866,345,,branch-misses:u,1165152,100.00,,
     1.036839866,105,,cache-misses:u,1165728,100.00,,
     1.036839866,1536936,,bus-cycles:u,1165856,100.00,,
     1.036839866,9832687,,instructions:u,1165920,100.00,,
     1.038020446,351,,branch-misses:u,1178912,100.00,,
     1.038020446,40,,cache-misses:u,1177984,100.00,,
     1.038020446,1560357,,bus-cycles:u,1177760,100.00,,
     1.038020446,9978789,,instructions:u,1177760,100.00,,
     1.039179206,345,,branch-misses:u,1158752,100.00,,
     1.039179206,35,,cache-misses:u,1158752,100.00,,
     1.039179206,1534986,,bus-cycles:u,1158720,100.00,,
     1.039179206,9804620,,instructions:u,1158624,100.00,,
     1.040364202,351,,branch-misses:u,1186912,100.00,,
     1.040364202,32,,cache-misses:u,1187392,100.00,,
     1.040364202,1571913,,bus-cycles:u,1193184,100.00,,
     1.040364202,10075307,,instructions:u,1196352,100.00,,
     1.041544494,349,,branch-misses:u,1179616,100.00,,
     1.041544494,94,,cache-misses:u,1179488,100.00,,
     1.041544494,1554155,,bus-cycles:u,1173696,100.00,,
     1.041544494,9915271,,instructions:u,1170560,100.00,,
     1.042702423,343,,branch-misses:u,1157248,100.00,,
     1.042702423,32,,cache-misses:u,1156896,100.00,,
     1.042702423,1532674,,bus-cycles:u,1156896,100.00,,
     1.042702423,9786649,,instructions:u,1156768,100.00,,
     1.043857120,343,,branch-misses:u,1154656,100.00,,
     1.043857120,33,,cache-misses:u,1154656,100.00,,
     1.043857120,1530258,,bus-cycles:u,1154624,100.00,,
     1.043857120,9779222,,instructions:u,1154624,100.00,,
     1.045014856,343,,branch-misses:u,1159520,100.00,,
     1.045014856,94,,cache-misses:u,1160224,100.00,,
     1.045014856,1530943,,bus-cycles:u,1160512,100.00,,
     1.045014856,9792775,,instructions:u,1160704,100.00,,
     1.046187598,349,,branch-misses:u,1171808,100.00,,
     1.046187598,34,,cache-misses:u,1171552,100.00,,
     1.046187598,1551516,,bus-cycles:u,1171328,100.00,,
     1.046187598,9915411,,instructions:u,1171168,100.00,,
     1.047348182,344,,branch-misses:u,1160736,100.00,,
     1.047348182,34,,cache-misses:u,1160288,100.00,,
     1.047348182,1536020,,bus-cycles:u,1160288,100.00,,
     1.047348182,9812033,,instructions:u,1160480,100.00,,
     1.048507071,338,,branch-misses:u,1160864,100.00,,
     1.048507071,131,,cache-misses:u,1161792,100.00,,
     1.048507071,1501110,,bus-cycles:u,1161856,100.00,,
     1.048507071,9586485,,instructions:u,1161856,100.00,,
     1.049687843,350,,branch-misses:u,1179968,100.00,,
     1.049687843,67,,cache-misses:u,1179200,100.00,,
     1.049687843,1558286,,bus-cycles:u,1179104,100.00,,
     1.049687843,9970601,,instructions:u,1179136,100.00,,
     1.050854282,345,,branch-misses:u,1165952,100.00,,
     1.050854282,31,,cache-misses:u,1165696,100.00,,
     1.050854282,1542514,,bus-cycles:u,1165728,100.00,,
     1.050854282,9859358,,instructions:u,1165952,100.00,,
     1.052019121,345,,branch-misses:u,1165120,100.00,,
     1.052019121,34,,cache-misses:u,1165568,100.00,,
     1.052019121,1542379,,bus-cycles:u,1165472,100.00,,
     1.052019121,9845508,,instructions:u,1165152,100.00,,
     1.053182521,344,,branch-misses:u,1164672,100.00,,
     1.053182521,104,,cache-misses:u,1164448,100.00,,
     1.053182521,1533044,,bus-cycles:u,1164640,100.00,,
     1.053182521,9799899,,instructions:u,1164800,100.00,,
     1.054351999,346,,branch-misses:u,1168832,100.00,,
     1.054351999,49,,cache-misses:u,1168864,100.00,,
     1.054351999,1547081,,bus-cycles:u,1168896,100.00,,
     1.054351999,9878793,,instructions:u,1168736,100.00,,
     1.055509896,342,,branch-misses:u,1157280,100.00,,
     1.055509896,34,,cache-misses:u,1157664,100.00,,
     1.055509896,1532189,,bus-cycles:u,1157472,100.00,,
     1.055509896,9783897,,instructions:u,1157344,100.00,,
     1.056668752,345,,branch-misses:u,1161376,100.00,,
     1.056668752,103,,cache-misses:u,1161920,100.00,,
     1.056668752,1530588,,bus-cycles:u,1162016,100.00,,
     1.056668752,9787920,,instructions:u,1162144,100.00,,
     1.057846165,349,,branch-misses:u,1176544,100.00,,
     1.057846165,46,,cache-misses:u,1175648,100.00,,
     1.057846165,1557085,,bus-cycles:u,1175552,100.00,,
     1.057846165,9961919,,instructions:u,1175424,100.00,,
     1.059005213,343,,branch-misses:u,1158560,100.00,,
     1.059005213,48,,cache-misses:u,1158688,100.00,,
     1.059005213,1534613,,bus-cycles:u,1158688,100.00,,
     1.059005213,9808539,,instructions:u,1158624,100.00,,
     1.060163142,343,,branch-misses:u,1157792,100.00,,
     1.060163142,36,,cache-misses:u,1157472,100.00,,
     1.060163142,1533178,,bus-cycles:u,1157440,100.00,,
     1.060163142,9792505,,instructions:u,1157440,100.00,,
     1.061365766,357,,branch-misses:u,1205216,100.00,,
     1.061365766,93,,cache-misses:u,1205472,100.00,,
     1.061365766,1587317,,bus-cycles:u,1205568,100.00,,
     1.061365766,10147088,,instructions:u,1205824,100.00,,
     1.062538188,347,,branch-misses:u,1170848,100.00,,
     1.062538188,38,,cache-misses:u,1171072,100.00,,
     1.062538188,1550493,,bus-cycles:u,1171040,100.00,,
     1.062538188,9912024,,instructions:u,1170816,100.00,,
     1.063698996,344,,branch-misses:u,1160800,100.00,,
     1.063698996,33,,cache-misses:u,1160608,100.00,,
     1.063698996,1536622,,bus-cycles:u,1160544,100.00,,
     1.063698996,9833296,,instructions:u,1160544,100.00,,
     1.064857148,345,,branch-misses:u,1158688,100.00,,
     1.064857148,99,,cache-misses:u,1158560,100.00,,
     1.064857148,1527781,,bus-cycles:u,1158624,100.00,,
     1.064857148,9771561,,instructions:u,1158624,100.00,,
     1.066017924,344,,branch-misses:u,1160672,100.00,,
     1.066017924,36,,cache-misses:u,1160640,100.00,,
     1.066017924,1535805,,bus-cycles:u,1160640,100.00,,
     1.066017924,9823570,,instructions:u,1160640,100.00,,
     1.067176077,343,,branch-misses:u,1158944,100.00,,
     1.067176077,37,,cache-misses:u,1158848,100.00,,
     1.067176077,1533294,,bus-cycles:u,1158784,100.00,,
     1.067176077,9807011,,instructions:u,1158784,100.00,,
     1.068334325,344,,branch-misses:u,1158144,100.00,,
     1.068334325,31,,cache-misses:u,1158112,100.00,,
     1.068334325,1532322,,bus-cycles:u,1158176,100.00,,
     1.068334325,9809937,,instructions:u,1158336,100.00,,
     1.069509978,347,,branch-misses:u,1177088,100.00,,
     1.069509978,83,,cache-misses:u,1177408,100.00,,
     1.069509978,1553058,,bus-cycles:u,1177664,100.00,,
     1.069509978,9901991,,instructions:u,1177536,100.00,,
     1.070673698,346,,branch-misses:u,1162944,100.00,,
     1.070673698,35,,cache-misses:u,1162752,100.00,,
     1.070673698,1538561,,bus-cycles:u,1162496,100.00,,
     1.070673698,9827358,,instructions:u,1162560,100.00,,
     1.071835178,343,,branch-misses:u,1161216,100.00,,
     1.071835178,45,,cache-misses:u,1161216,100.00,,
     1.071835178,1536428,,bus-cycles:u,1161216,100.00,,
     1.071835178,9814549,,instructions:u,1161088,100.00,,
     1.072995506,344,,branch-misses:u,1161376,100.00,,
     1.072995506,113,,cache-misses:u,1161568,100.00,,
     1.072995506,1532386,,bus-cycles:u,1161664,100.00,,
     1.072995506,9796767,,instructions:u,1161792,100.00,,
     1.074161081,346,,branch-misses:u,1164992,100.00,,
     1.074161081,38,,cache-misses:u,1165248,100.00,,
     1.074161081,1542768,,bus-cycles:u,1165152,100.00,,
     1.074161081,9862119,,instructions:u,1165312,100.00,,
     1.075323457,345,,branch-misses:u,1162400,100.00,,
     1.075323457,31,,cache-misses:u,1162048,100.00,,
     1.075323457,1538223,,bus-cycles:u,1161984,100.00,,
     1.075323457,9813355,,instructions:u,1161728,100.00,,
     1.076482601,343,,branch-misses:u,1159840,100.00,,
     1.076482601,64,,cache-misses:u,1159744,100.00,,
     1.076482601,1528561,,bus-cycles:u,1160000,100.00,,
     1.076482601,9779996,,instructions:u,1160128,100.00,,
     1.077643313,344,,branch-misses:u,1160576,100.00,,
     1.077643313,55,,cache-misses:u,1160832,100.00,,
     1.077643313,1535808,,bus-cycles:u,1160672,100.00,,
     1.077643313,9818005,,instructions:u,1160672,100.00,,
     1.078802521,344,,branch-misses:u,1159712,100.00,,
     1.078802521,35,,cache-misses:u,1159872,100.00,,
     1.078802521,1534836,,bus-cycles:u,1159872,100.00,,
     1.078802521,9819538,,instructions:u,1159712,100.00,,
     1.079962593,345,,branch-misses:u,1160480,100.00,,
     1.079962593,33,,cache-misses:u,1159968,100.00,,
     1.079962593,1534809,,bus-cycles:u,1159872,100.00,,
     1.079962593,9816412,,instructions:u,1159904,100.00,,
     1.081122794,343,,branch-misses:u,1160544,100.00,,
     1.081122794,98,,cache-misses:u,1160864,100.00,,
     1.081122794,1529798,,bus-cycles:u,1160960,100.00,,
     1.081122794,9771471,,instructions:u,1160896,100.00,,
     1.082284241,344,,branch-misses:u,1161344,100.00,,
     1.082284241,32,,cache-misses:u,1161088,100.00,,
     1.082284241,1536439,,bus-cycles:u,1161056,100.00,,
     1.082284241,9810199,,instructions:u,1161312,100.00,,
     1.083477011,353,,branch-misses:u,1196128,100.00,,
     1.083477011,33,,cache-misses:u,1197152,100.00,,
     1.083477011,1585683,,bus-cycles:u,1197184,100.00,,
     1.083477011,10143687,,instructions:u,1196992,100.00,,
     1.084654680,351,,branch-misses:u,1176480,100.00,,
     1.084654680,98,,cache-misses:u,1175840,100.00,,
     1.084654680,1549482,,bus-cycles:u,1175872,100.00,,
     1.084654680,9917545,,instructions:u,1176096,100.00,,
     1.085828414,347,,branch-misses:u,1173760,100.00,,
     1.085828414,36,,cache-misses:u,1173632,100.00,,
     1.085828414,1553240,,bus-cycles:u,1173632,100.00,,
     1.085828414,9925256,,instructions:u,1173600,100.00,,
     1.086999716,347,,branch-misses:u,1170688,100.00,,
     1.086999716,29,,cache-misses:u,1170880,100.00,,
     1.086999716,1549445,,bus-cycles:u,1170880,100.00,,
     1.086999716,9903308,,instructions:u,1170880,100.00,,
     1.088170506,348,,branch-misses:u,1170656,100.00,,
     1.088170506,29,,cache-misses:u,1170784,100.00,,
     1.088170506,1550322,,bus-cycles:u,1170816,100.00,,
     1.088170506,9901045,,instructions:u,1170720,100.00,,
     1.089340816,346,,branch-misses:u,1172000,100.00,,
     1.089340816,97,,cache-misses:u,1172064,100.00,,
     1.089340816,1543532,,bus-cycles:u,1172128,100.00,,
     1.089340816,9856793,,instructions:u,1172288,100.00,,
     1.090514998,347,,branch-misses:u,1173952,100.00,,
     1.090514998,39,,cache-misses:u,1173568,100.00,,
     1.090514998,1552845,,bus-cycles:u,1173568,100.00,,
     1.090514998,9918724,,instructions:u,1173472,100.00,,
     1.091684220,345,,branch-misses:u,1168352,100.00,,
     1.091684220,29,,cache-misses:u,1168032,100.00,,
     1.091684220,1546025,,bus-cycles:u,1167840,100.00,,
     1.091684220,9872375,,instructions:u,1168000,100.00,,
     1.092849060,346,,branch-misses:u,1165664,100.00,,
     1.092849060,90,,cache-misses:u,1165920,100.00,,
     1.092849060,1536437,,bus-cycles:u,1165952,100.00,,
     1.092849060,9810833,,instructions:u,1165760,100.00,,
     1.094014571,343,,branch-misses:u,1164608,100.00,,
     1.094014571,34,,cache-misses:u,1164768,100.00,,
     1.094014571,1541477,,bus-cycles:u,1164800,100.00,,
     1.094014571,9838588,,instructions:u,1164704,100.00,,
     1.095178866,345,,branch-misses:u,1164032,100.00,,
     1.095178866,28,,cache-misses:u,1164000,100.00,,
     1.095178866,1541070,,bus-cycles:u,1163936,100.00,,
     1.095178866,9844112,,instructions:u,1164064,100.00,,
     1.096340826,344,,branch-misses:u,1162784,100.00,,
     1.096340826,32,,cache-misses:u,1162720,100.00,,
     1.096340826,1539579,,bus-cycles:u,1162816,100.00,,
     1.096340826,9846489,,instructions:u,1162720,100.00,,
     1.097541018,357,,branch-misses:u,1203552,100.00,,
     1.097541018,77,,cache-misses:u,1205600,100.00,,
     1.097541018,1590643,,bus-cycles:u,1206464,100.00,,
     1.097541018,10169848,,instructions:u,1207424,100.00,,
     1.098785203,368,,branch-misses:u,1242816,100.00,,
     1.098785203,40,,cache-misses:u,1241664,100.00,,
     1.098785203,1645774,,bus-cycles:u,1241504,100.00,,
     1.098785203,10514922,,instructions:u,1241536,100.00,,
     1.100013806,364,,branch-misses:u,1228384,100.00,,
     1.100013806,29,,cache-misses:u,1228384,100.00,,
     1.100013806,1628423,,bus-cycles:u,1228448,100.00,,
     1.100013806,10416842,,instructions:u,1228224,100.00,,
     1.101243018,364,,branch-misses:u,1229696,100.00,,
     1.101243018,93,,cache-misses:u,1229376,100.00,,
     1.101243018,1623605,,bus-cycles:u,1229376,100.00,,
     1.101243018,10388603,,instructions:u,1229408,100.00,,
     1.102466246,364,,branch-misses:u,1222304,100.00,,
     1.102466246,33,,cache-misses:u,1222112,100.00,,
     1.102466246,1618418,,bus-cycles:u,1221440,100.00,,
     1.102466246,10346361,,instructions:u,1220768,100.00,,
     1.103640460,348,,branch-misses:u,1174464,100.00,,
     1.103640460,44,,cache-misses:u,1174048,100.00,,
     1.103640460,1554037,,bus-cycles:u,1174080,100.00,,
     1.103640460,9941484,,instructions:u,1174144,100.00,,
     1.104845867,358,,branch-misses:u,1207456,100.00,,
     1.104845867,106,,cache-misses:u,1208736,100.00,,
     1.104845867,1593360,,bus-cycles:u,1209184,100.00,,
     1.104845867,10195692,,instructions:u,1209504,100.00,,
     1.106041453,353,,branch-misses:u,1194048,100.00,,
     1.106041453,43,,cache-misses:u,1193440,100.00,,
     1.106041453,1579299,,bus-cycles:u,1192960,100.00,,
     1.106041453,10087595,,instructions:u,1192576,100.00,,
     1.107217202,349,,branch-misses:u,1176128,100.00,,
     1.107217202,34,,cache-misses:u,1175424,100.00,,
     1.107217202,1556683,,bus-cycles:u,1175488,100.00,,
     1.107217202,9953660,,instructions:u,1175552,100.00,,
     1.108395767,350,,branch-misses:u,1179104,100.00,,
     1.108395767,44,,cache-misses:u,1179360,100.00,,
     1.108395767,1552469,,bus-cycles:u,1179488,100.00,,
     1.108395767,9939175,,instructions:u,1179424,100.00,,
     1.109571708,349,,branch-misses:u,1176160,100.00,,
     1.109571708,94,,cache-misses:u,1176096,100.00,,
     1.109571708,1557288,,bus-cycles:u,1175936,100.00,,
     1.109571708,9960521,,instructions:u,1176192,100.00,,
     1.110745953,347,,branch-misses:u,1173888,100.00,,
     1.110745953,50,,cache-misses:u,1174112,100.00,,
     1.110745953,1555272,,bus-cycles:u,1174048,100.00,,
     1.110745953,9915451,,instructions:u,1173728,100.00,,
     1.111916008,347,,branch-misses:u,1170432,100.00,,
     1.111916008,30,,cache-misses:u,1170240,100.00,,
     1.111916008,1549955,,bus-cycles:u,1170176,100.00,,
     1.111916008,9898559,,instructions:u,1170176,100.00,,
     1.113085838,347,,branch-misses:u,1171200,100.00,,
     1.113085838,99,,cache-misses:u,1171936,100.00,,
     1.113085838,1544971,,bus-cycles:u,1172224,100.00,,
     1.113085838,9884947,,instructions:u,1172672,100.00,,
     1.114270354,350,,branch-misses:u,1183744,100.00,,
     1.114270354,36,,cache-misses:u,1182592,100.00,,
     1.114270354,1565804,,bus-cycles:u,1182272,100.00,,
     1.114270354,10000296,,instructions:u,1181856,100.00,,
     1.115440248,348,,branch-misses:u,1169856,100.00,,
     1.115440248,34,,cache-misses:u,1170368,100.00,,
     1.115440248,1549869,,bus-cycles:u,1170432,100.00,,
     1.115440248,9900972,,instructions:u,1170336,100.00,,
     1.116604255,345,,branch-misses:u,1164288,100.00,,
     1.116604255,94,,cache-misses:u,1163776,100.00,,
     1.116604255,1532331,,bus-cycles:u,1163744,100.00,,
     1.116604255,9797019,,instructions:u,1163776,100.00,,
     1.117770438,346,,branch-misses:u,1166176,100.00,,
     1.117770438,36,,cache-misses:u,1166144,100.00,,
     1.117770438,1545015,,bus-cycles:u,1166048,100.00,,
     1.117770438,9871948,,instructions:u,1166048,100.00,,
     1.118933742,344,,branch-misses:u,1163616,100.00,,
     1.118933742,29,,cache-misses:u,1163744,100.00,,
     1.118933742,1541881,,bus-cycles:u,1163808,100.00,,
     1.118933742,9847720,,instructions:u,1163872,100.00,,
     1.120097973,346,,branch-misses:u,1164192,100.00,,
     1.120097973,33,,cache-misses:u,1164064,100.00,,
     1.120097973,1542494,,bus-cycles:u,1164032,100.00,,
     1.120097973,9854842,,instructions:u,1164032,100.00,,
     1.121261085,345,,branch-misses:u,1165152,100.00,,
     1.121261085,102,,cache-misses:u,1165472,100.00,,
     1.121261085,1536277,,bus-cycles:u,1165792,100.00,,
     1.121261085,9812468,,instructions:u,1165856,100.00,,
     1.122440129,350,,branch-misses:u,1178432,100.00,,
     1.122440129,36,,cache-misses:u,1178208,100.00,,
     1.122440129,1560001,,bus-cycles:u,1178016,100.00,,
     1.122440129,9960021,,instructions:u,1177984,100.00,,
     1.123606440,346,,branch-misses:u,1166432,100.00,,
     1.123606440,39,,cache-misses:u,1166560,100.00,,
     1.123606440,1545772,,bus-cycles:u,1166368,100.00,,
     1.123606440,9874382,,instructions:u,1166336,100.00,,
     1.124768528,344,,branch-misses:u,1162176,100.00,,
     1.124768528,106,,cache-misses:u,1162176,100.00,,
     1.124768528,1531766,,bus-cycles:u,1162336,100.00,,
     1.124768528,9802542,,instructions:u,1162304,100.00,,
     1.125933879,346,,branch-misses:u,1165216,100.00,,
     1.125933879,38,,cache-misses:u,1165088,100.00,,
     1.125933879,1542403,,bus-cycles:u,1164960,100.00,,
     1.125933879,9848112,,instructions:u,1164832,100.00,,
     1.127123578,353,,branch-misses:u,1191040,100.00,,
     1.127123578,32,,cache-misses:u,1191040,100.00,,
     1.127123578,1578003,,bus-cycles:u,1191104,100.00,,
     1.127123578,10077876,,instructions:u,1191136,100.00,,
     1.128287585,345,,branch-misses:u,1162464,100.00,,
     1.128287585,34,,cache-misses:u,1162432,100.00,,
     1.128287585,1538901,,bus-cycles:u,1162400,100.00,,
     1.128287585,9847139,,instructions:u,1162336,100.00,,
     1.129471717,351,,branch-misses:u,1185920,100.00,,
     1.129471717,78,,cache-misses:u,1186784,100.00,,
     1.129471717,1564459,,bus-cycles:u,1186784,100.00,,
     1.129471717,10002234,,instructions:u,1186912,100.00,,
     1.130642699,347,,branch-misses:u,1172384,100.00,,
     1.130642699,35,,cache-misses:u,1171776,100.00,,
     1.130642699,1551253,,bus-cycles:u,1171808,100.00,,
     1.130642699,9915874,,instructions:u,1171744,100.00,,
     1.131819920,348,,branch-misses:u,1176128,100.00,,
     1.131819920,35,,cache-misses:u,1175904,100.00,,
     1.131819920,1557292,,bus-cycles:u,1175808,100.00,,
     1.131819920,9951822,,instructions:u,1175776,100.00,,
     1.132992438,348,,branch-misses:u,1172512,100.00,,
     1.132992438,101,,cache-misses:u,1172896,100.00,,
     1.132992438,1547546,,bus-cycles:u,1172928,100.00,,
     1.132992438,9896065,,instructions:u,1172960,100.00,,
     1.134165212,349,,branch-misses:u,1172896,100.00,,
     1.134165212,35,,cache-misses:u,1172736,100.00,,
     1.134165212,1553726,,bus-cycles:u,1172768,100.00,,
     1.134165212,9935271,,instructions:u,1172864,100.00,,
     1.135328931,345,,branch-misses:u,1163520,100.00,,
     1.135328931,38,,cache-misses:u,1163104,100.00,,
     1.135328931,1540721,,bus-cycles:u,1163104,100.00,,
     1.135328931,9840933,,instructions:u,1162944,100.00,,
     1.136489355,343,,branch-misses:u,1160288,100.00,,
     1.136489355,61,,cache-misses:u,1160352,100.00,,
     1.136489355,1528840,,bus-cycles:u,1160384,100.00,,
     1.136489355,9783298,,instructions:u,1160544,100.00,,
     1.137651027,344,,branch-misses:u,1161312,100.00,,
     1.137651027,67,,cache-misses:u,1161312,100.00,,
     1.137651027,1537207,,bus-cycles:u,1161248,100.00,,
     1.137651027,9808741,,instructions:u,1161280,100.00,,
     1.138810331,345,,branch-misses:u,1159744,100.00,,
     1.138810331,34,,cache-misses:u,1159680,100.00,,
     1.138810331,1535995,,bus-cycles:u,1159648,100.00,,
     1.138810331,9825742,,instructions:u,1159456,100.00,,
     1.139969124,344,,branch-misses:u,1159328,100.00,,
     1.139969124,32,,cache-misses:u,1159328,100.00,,
     1.139969124,1535770,,bus-cycles:u,1159392,100.00,,
     1.139969124,9822800,,instructions:u,1159392,100.00,,
     1.141127788,344,,branch-misses:u,1159328,100.00,,
     1.141127788,107,,cache-misses:u,1160000,100.00,,
     1.141127788,1529676,,bus-cycles:u,1160000,100.00,,
     1.141127788,9794671,,instructions:u,1160224,100.00,,
     1.142297650,347,,branch-misses:u,1170848,100.00,,
     1.142297650,37,,cache-misses:u,1170688,100.00,,
     1.142297650,1550134,,bus-cycles:u,1170688,100.00,,
     1.142297650,9919889,,instructions:u,1170592,100.00,,
     1.143465945,348,,branch-misses:u,1167168,100.00,,
     1.143465945,33,,cache-misses:u,1166848,100.00,,
     1.143465945,1546079,,bus-cycles:u,1166752,100.00,,
     1.143465945,9900142,,instructions:u,1166784,100.00,,
     1.144627617,344,,branch-misses:u,1163040,100.00,,
     1.144627617,107,,cache-misses:u,1163072,100.00,,
     1.144627617,1533967,,bus-cycles:u,1162880,100.00,,
     1.144627617,9806887,,instructions:u,1162880,100.00,,
     1.145796871,347,,branch-misses:u,1168896,100.00,,
     1.145796871,41,,cache-misses:u,1168896,100.00,,
     1.145796871,1548371,,bus-cycles:u,1169184,100.00,,
     1.145796871,9912561,,instructions:u,1169056,100.00,,
     1.146961550,346,,branch-misses:u,1164000,100.00,,
     1.146961550,30,,cache-misses:u,1163872,100.00,,
     1.146961550,1542477,,bus-cycles:u,1163968,100.00,,
     1.146961550,9876329,,instructions:u,1164096,100.00,,
     1.148149042,354,,branch-misses:u,1189600,100.00,,
     1.148149042,35,,cache-misses:u,1190240,100.00,,
     1.148149042,1575613,,bus-cycles:u,1190144,100.00,,
     1.148149042,10078899,,instructions:u,1190144,100.00,,
     1.149316056,344,,branch-misses:u,1166656,100.00,,
     1.149316056,107,,cache-misses:u,1166176,100.00,,
     1.149316056,1531825,,bus-cycles:u,1166176,100.00,,
     1.149316056,9787706,,instructions:u,1166208,100.00,,
     1.150484639,346,,branch-misses:u,1167904,100.00,,
     1.150484639,37,,cache-misses:u,1167872,100.00,,
     1.150484639,1546951,,bus-cycles:u,1167712,100.00,,
     1.150484639,9893805,,instructions:u,1167520,100.00,,
     1.151644007,345,,branch-misses:u,1160032,100.00,,
     1.151644007,32,,cache-misses:u,1159808,100.00,,
     1.151644007,1536562,,bus-cycles:u,1159904,100.00,,
     1.151644007,9815567,,instructions:u,1159936,100.00,,
     1.152805903,345,,branch-misses:u,1162048,100.00,,
     1.152805903,91,,cache-misses:u,1162080,100.00,,
     1.152805903,1534161,,bus-cycles:u,1162080,100.00,,
     1.152805903,9800728,,instructions:u,1162048,100.00,,
     1.153967799,344,,branch-misses:u,1161632,100.00,,
     1.153967799,37,,cache-misses:u,1161824,100.00,,
     1.153967799,1539169,,bus-cycles:u,1161888,100.00,,
     1.153967799,9829480,,instructions:u,1161888,100.00,,
     1.155129567,345,,branch-misses:u,1162240,100.00,,
     1.155129567,38,,cache-misses:u,1161984,100.00,,
     1.155129567,1538677,,bus-cycles:u,1161920,100.00,,
     1.155129567,9847615,,instructions:u,1161856,100.00,,
     1.156289927,344,,branch-misses:u,1160640,100.00,,
     1.156289927,29,,cache-misses:u,1160832,100.00,,
     1.156289927,1536574,,bus-cycles:u,1160864,100.00,,
     1.156289927,9821337,,instructions:u,1160864,100.00,,
     1.157474730,351,,branch-misses:u,1186016,100.00,,
     1.157474730,73,,cache-misses:u,1186016,100.00,,
     1.157474730,1562809,,bus-cycles:u,1186048,100.00,,
     1.157474730,9979717,,instructions:u,1186336,100.00,,
     1.158639601,345,,branch-misses:u,1164448,100.00,,
     1.158639601,32,,cache-misses:u,1164256,100.00,,
     1.158639601,1540566,,bus-cycles:u,1164256,100.00,,
     1.158639601,9844891,,instructions:u,1164064,100.00,,
     1.159801145,345,,branch-misses:u,1161824,100.00,,
     1.159801145,35,,cache-misses:u,1161984,100.00,,
     1.159801145,1538336,,bus-cycles:u,1161888,100.00,,
     1.159801145,9847339,,instructions:u,1162016,100.00,,
     1.160963329,344,,branch-misses:u,1162336,100.00,,
     1.160963329,94,,cache-misses:u,1162432,100.00,,
     1.160963329,1531553,,bus-cycles:u,1162528,100.00,,
     1.160963329,9798261,,instructions:u,1162560,100.00,,
     1.162133863,347,,branch-misses:u,1170400,100.00,,
     1.162133863,37,,cache-misses:u,1170240,100.00,,
     1.162133863,1548477,,bus-cycles:u,1170048,100.00,,
     1.162133863,9915542,,instructions:u,1170016,100.00,,
     1.163297295,345,,branch-misses:u,1163520,100.00,,
     1.163297295,37,,cache-misses:u,1163616,100.00,,
     1.163297295,1540407,,bus-cycles:u,1163808,100.00,,
     1.163297295,9857478,,instructions:u,1163520,100.00,,
     1.164462518,346,,branch-misses:u,1166592,100.00,,
     1.164462518,61,,cache-misses:u,1166528,100.00,,
     1.164462518,1539552,,bus-cycles:u,1166464,100.00,,
     1.164462518,9832557,,instructions:u,1166688,100.00,,
     1.165637467,349,,branch-misses:u,1175680,100.00,,
     1.165637467,69,,cache-misses:u,1175872,100.00,,
     1.165637467,1556577,,bus-cycles:u,1176096,100.00,,
     1.165637467,9949848,,instructions:u,1176192,100.00,,
     1.166815808,349,,branch-misses:u,1178144,100.00,,
     1.166815808,33,,cache-misses:u,1178304,100.00,,
     1.166815808,1559311,,bus-cycles:u,1178304,100.00,,
     1.166815808,9969886,,instructions:u,1178304,100.00,,
     1.167994725,350,,branch-misses:u,1179296,100.00,,
     1.167994725,42,,cache-misses:u,1179392,100.00,,
     1.167994725,1560955,,bus-cycles:u,1179328,100.00,,
     1.167994725,9974960,,instructions:u,1179296,100.00,,
     1.169204931,358,,branch-misses:u,1212096,100.00,,
     1.169204931,110,,cache-misses:u,1212064,100.00,,
     1.169204931,1596055,,bus-cycles:u,1212160,100.00,,
     1.169204931,10204977,,instructions:u,1212224,100.00,,
     1.170388711,350,,branch-misses:u,1182304,100.00,,
     1.170388711,43,,cache-misses:u,1181920,100.00,,
     1.170388711,1564818,,bus-cycles:u,1181920,100.00,,
     1.170388711,10003543,,instructions:u,1181824,100.00,,
     1.171564716,348,,branch-misses:u,1176128,100.00,,
     1.171564716,31,,cache-misses:u,1176544,100.00,,
     1.171564716,1557033,,bus-cycles:u,1176512,100.00,,
     1.171564716,9963959,,instructions:u,1176576,100.00,,
     1.172739538,349,,branch-misses:u,1175360,100.00,,
     1.172739538,106,,cache-misses:u,1175072,100.00,,
     1.172739538,1546511,,bus-cycles:u,1175008,100.00,,
     1.172739538,9893541,,instructions:u,1175008,100.00,,
     1.173914967,349,,branch-misses:u,1175200,100.00,,
     1.173914967,35,,cache-misses:u,1175104,100.00,,
     1.173914967,1555295,,bus-cycles:u,1175104,100.00,,
     1.173914967,9933600,,instructions:u,1175008,100.00,,
     1.175084829,345,,branch-misses:u,1169184,100.00,,
     1.175084829,38,,cache-misses:u,1169120,100.00,,
     1.175084829,1548482,,bus-cycles:u,1169056,100.00,,
     1.175084829,9890549,,instructions:u,1168928,100.00,,
     1.176249029,346,,branch-misses:u,1164384,100.00,,
     1.176249029,35,,cache-misses:u,1164352,100.00,,
     1.176249029,1542240,,bus-cycles:u,1164352,100.00,,
     1.176249029,9867224,,instructions:u,1164416,100.00,,
     1.177425290,350,,branch-misses:u,1179840,100.00,,
     1.177425290,90,,cache-misses:u,1182176,100.00,,
     1.177425290,1560763,,bus-cycles:u,1183392,100.00,,
     1.177425290,9988807,,instructions:u,1184480,100.00,,
     1.178651558,363,,branch-misses:u,1225120,100.00,,
     1.178651558,33,,cache-misses:u,1223424,100.00,,
     1.178651558,1621253,,bus-cycles:u,1222624,100.00,,
     1.178651558,10355964,,instructions:u,1222112,100.00,,
     1.179840424,354,,branch-misses:u,1188160,100.00,,
     1.179840424,31,,cache-misses:u,1188032,100.00,,
     1.179840424,1575724,,bus-cycles:u,1187872,100.00,,
     1.179840424,10081434,,instructions:u,1187776,100.00,,
     1.181022988,351,,branch-misses:u,1182912,100.00,,
     1.181022988,117,,cache-misses:u,1182848,100.00,,
     1.181022988,1558419,,bus-cycles:u,1182752,100.00,,
     1.181022988,9964953,,instructions:u,1182592,100.00,,
     1.182203889,350,,branch-misses:u,1180224,100.00,,
     1.182203889,50,,cache-misses:u,1179840,100.00,,
     1.182203889,1564546,,bus-cycles:u,1180192,100.00,,
     1.182203889,10002476,,instructions:u,1180032,100.00,,
     1.183375031,349,,branch-misses:u,1170912,100.00,,
     1.183375031,31,,cache-misses:u,1171008,100.00,,
     1.183375031,1551753,,bus-cycles:u,1170784,100.00,,
     1.183375031,9927602,,instructions:u,1170688,100.00,,
     1.184542494,346,,branch-misses:u,1168608,100.00,,
     1.184542494,81,,cache-misses:u,1169088,100.00,,
     1.184542494,1542815,,bus-cycles:u,1168992,100.00,,
     1.184542494,9859585,,instructions:u,1168992,100.00,,
     1.185724993,350,,branch-misses:u,1181920,100.00,,
     1.185724993,41,,cache-misses:u,1181472,100.00,,
     1.185724993,1564413,,bus-cycles:u,1181312,100.00,,
     1.185724993,10004458,,instructions:u,1181376,100.00,,
     1.186904038,351,,branch-misses:u,1183168,100.00,,
     1.186904038,46,,cache-misses:u,1184608,100.00,,
     1.186904038,1568456,,bus-cycles:u,1185408,100.00,,
     1.186904038,10043657,,instructions:u,1186592,100.00,,
     1.188132865,365,,branch-misses:u,1228128,100.00,,
     1.188132865,36,,cache-misses:u,1227392,100.00,,
     1.188132865,1625650,,bus-cycles:u,1226848,100.00,,
     1.188132865,10392863,,instructions:u,1226176,100.00,,
     1.189319109,351,,branch-misses:u,1184608,100.00,,
     1.189319109,104,,cache-misses:u,1184544,100.00,,
     1.189319109,1561587,,bus-cycles:u,1184416,100.00,,
     1.189319109,9980023,,instructions:u,1184128,100.00,,
     1.190497417,350,,branch-misses:u,1177344,100.00,,
     1.190497417,38,,cache-misses:u,1177088,100.00,,
     1.190497417,1558714,,bus-cycles:u,1177024,100.00,,
     1.190497417,9972514,,instructions:u,1176864,100.00,,
     1.191690060,354,,branch-misses:u,1193472,100.00,,
     1.191690060,41,,cache-misses:u,1193568,100.00,,
     1.191690060,1581897,,bus-cycles:u,1193760,100.00,,
     1.191690060,10116722,,instructions:u,1193984,100.00,,
     1.192857426,344,,branch-misses:u,1167968,100.00,,
     1.192857426,93,,cache-misses:u,1167872,100.00,,
     1.192857426,1536718,,bus-cycles:u,1167488,100.00,,
     1.192857426,9811554,,instructions:u,1167328,100.00,,
     1.194031128,349,,branch-misses:u,1172928,100.00,,
     1.194031128,40,,cache-misses:u,1173024,100.00,,
     1.194031128,1553289,,bus-cycles:u,1173152,100.00,,
     1.194031128,9937660,,instructions:u,1173056,100.00,,
     1.195193344,345,,branch-misses:u,1162368,100.00,,
     1.195193344,34,,cache-misses:u,1162016,100.00,,
     1.195193344,1538117,,bus-cycles:u,1162016,100.00,,
     1.195193344,9831270,,instructions:u,1161984,100.00,,
     1.196353864,343,,branch-misses:u,1160480,100.00,,
     1.196353864,33,,cache-misses:u,1160544,100.00,,
     1.196353864,1536018,,bus-cycles:u,1160704,100.00,,
     1.196353864,9809765,,instructions:u,1160736,100.00,,
     1.197528813,348,,branch-misses:u,1176064,100.00,,
     1.197528813,83,,cache-misses:u,1176608,100.00,,
     1.197528813,1551765,,bus-cycles:u,1176448,100.00,,
     1.197528813,9914540,,instructions:u,1176480,100.00,,
     1.198692948,345,,branch-misses:u,1163616,100.00,,
     1.198692948,32,,cache-misses:u,1162976,100.00,,
     1.198692948,1541270,,bus-cycles:u,1162976,100.00,,
     1.198692948,9841497,,instructions:u,1162784,100.00,,
     1.199853468,345,,branch-misses:u,1160864,100.00,,
     1.199853468,35,,cache-misses:u,1160608,100.00,,
     1.199853468,1537803,,bus-cycles:u,1160512,100.00,,
     1.199853468,9830267,,instructions:u,1160512,100.00,,
     1.201013477,343,,branch-misses:u,1160448,100.00,,
     1.201013477,108,,cache-misses:u,1161184,100.00,,
     1.201013477,1531120,,bus-cycles:u,1161344,100.00,,
     1.201013477,9789682,,instructions:u,1161440,100.00,,
     1.202184139,348,,branch-misses:u,1170496,100.00,,
     1.202184139,33,,cache-misses:u,1170112,100.00,,
     1.202184139,1550060,,bus-cycles:u,1170048,100.00,,
     1.202184139,9918442,,instructions:u,1169952,100.00,,
     1.203347570,346,,branch-misses:u,1163680,100.00,,
     1.203347570,33,,cache-misses:u,1164096,100.00,,
     1.203347570,1542115,,bus-cycles:u,1164032,100.00,,
     1.203347570,9865921,,instructions:u,1164032,100.00,,
     1.204512186,345,,branch-misses:u,1165568,100.00,,
     1.204512186,71,,cache-misses:u,1165184,100.00,,
     1.204512186,1536894,,bus-cycles:u,1165248,100.00,,
     1.204512186,9827470,,instructions:u,1165376,100.00,,
     1.205680576,347,,branch-misses:u,1168800,100.00,,
     1.205680576,44,,cache-misses:u,1168704,100.00,,
     1.205680576,1547078,,bus-cycles:u,1168672,100.00,,
     1.205680576,9882815,,instructions:u,1168704,100.00,,
     1.206847239,346,,branch-misses:u,1165792,100.00,,
     1.206847239,37,,cache-misses:u,1165600,100.00,,
     1.206847239,1544259,,bus-cycles:u,1165600,100.00,,
     1.206847239,9878235,,instructions:u,1165440,100.00,,
     1.208010799,346,,branch-misses:u,1163360,100.00,,
     1.208010799,32,,cache-misses:u,1163488,100.00,,
     1.208010799,1541649,,bus-cycles:u,1163456,100.00,,
     1.208010799,9866447,,instructions:u,1163424,100.00,,
     1.209174966,345,,branch-misses:u,1168256,100.00,,
     1.209174966,109,,cache-misses:u,1169632,100.00,,
     1.209174966,1541929,,bus-cycles:u,1169824,100.00,,
     1.209174966,9851775,,instructions:u,1170720,100.00,,
     1.210375127,355,,branch-misses:u,1197856,100.00,,
     1.210375127,40,,cache-misses:u,1196960,100.00,,
     1.210375127,1584498,,bus-cycles:u,1196896,100.00,,
     1.210375127,10120965,,instructions:u,1196192,100.00,,
     1.211539326,345,,branch-misses:u,1163936,100.00,,
     1.211539326,31,,cache-misses:u,1163424,100.00,,
     1.211539326,1541080,,bus-cycles:u,1163264,100.00,,
     1.211539326,9843403,,instructions:u,1163040,100.00,,
     1.212726369,352,,branch-misses:u,1188704,100.00,,
     1.212726369,106,,cache-misses:u,1189184,100.00,,
     1.212726369,1567184,,bus-cycles:u,1189376,100.00,,
     1.212726369,10015208,,instructions:u,1189728,100.00,,
     1.213901958,348,,branch-misses:u,1174048,100.00,,
     1.213901958,43,,cache-misses:u,1173376,100.00,,
     1.213901958,1554424,,bus-cycles:u,1173184,100.00,,
     1.213901958,9926405,,instructions:u,1172992,100.00,,
     1.215059023,344,,branch-misses:u,1157568,100.00,,
     1.215059023,35,,cache-misses:u,1157472,100.00,,
     1.215059023,1533236,,bus-cycles:u,1157472,100.00,,
     1.215059023,9805962,,instructions:u,1157376,100.00,,
     1.216217048,344,,branch-misses:u,1157824,100.00,,
     1.216217048,32,,cache-misses:u,1157888,100.00,,
     1.216217048,1533346,,bus-cycles:u,1157824,100.00,,
     1.216217048,9810123,,instructions:u,1157792,100.00,,
     1.217376288,344,,branch-misses:u,1160192,100.00,,
     1.217376288,100,,cache-misses:u,1160416,100.00,,
     1.217376288,1530044,,bus-cycles:u,1160544,100.00,,
     1.217376288,9778446,,instructions:u,1160608,100.00,,
     1.218545030,346,,branch-misses:u,1168576,100.00,,
     1.218545030,33,,cache-misses:u,1168416,100.00,,
     1.218545030,1547589,,bus-cycles:u,1168384,100.00,,
     1.218545030,9885335,,instructions:u,1168384,100.00,,
     1.219703695,342,,branch-misses:u,1158272,100.00,,
     1.219703695,41,,cache-misses:u,1158208,100.00,,
     1.219703695,1534273,,bus-cycles:u,1158208,100.00,,
     1.219703695,9807360,,instructions:u,1158144,100.00,,
     1.220861943,345,,branch-misses:u,1159840,100.00,,
     1.220861943,97,,cache-misses:u,1160896,100.00,,
     1.220861943,1532697,,bus-cycles:u,1161184,100.00,,
     1.220861943,9796153,,instructions:u,1161280,100.00,,
     1.222033341,348,,branch-misses:u,1170816,100.00,,
     1.222033341,35,,cache-misses:u,1170112,100.00,,
     1.222033341,1549764,,bus-cycles:u,1169696,100.00,,
     1.222033341,9884946,,instructions:u,1169760,100.00,,
     1.223191110,343,,branch-misses:u,1157696,100.00,,
     1.223191110,36,,cache-misses:u,1157376,100.00,,
     1.223191110,1532634,,bus-cycles:u,1157568,100.00,,
     1.223191110,9805001,,instructions:u,1157408,100.00,,
     1.224349102,344,,branch-misses:u,1158112,100.00,,
     1.224349102,34,,cache-misses:u,1158048,100.00,,
     1.224349102,1533071,,bus-cycles:u,1157952,100.00,,
     1.224349102,9805058,,instructions:u,1157984,100.00,,
     1.225525140,348,,branch-misses:u,1176896,100.00,,
     1.225525140,80,,cache-misses:u,1177440,100.00,,
     1.225525140,1551957,,bus-cycles:u,1177536,100.00,,
     1.225525140,9914881,,instructions:u,1177536,100.00,,
     1.226683260,344,,branch-misses:u,1157696,100.00,,
     1.226683260,33,,cache-misses:u,1157216,100.00,,
     1.226683260,1531554,,bus-cycles:u,1157184,100.00,,
     1.226683260,9786802,,instructions:u,1157152,100.00,,
     1.227839269,342,,branch-misses:u,1155968,100.00,,
     1.227839269,40,,cache-misses:u,1155904,100.00,,
     1.227839269,1529781,,bus-cycles:u,1155840,100.00,,
     1.227839269,9773300,,instructions:u,1155872,100.00,,
     1.229002413,343,,branch-misses:u,1169760,100.00,,
     1.229002413,152,,cache-misses:u,1171936,100.00,,
     1.229002413,1535395,,bus-cycles:u,1173248,100.00,,
     1.229002413,9813873,,instructions:u,1174048,100.00,,
     1.230229864,363,,branch-misses:u,1223904,100.00,,
     1.230229864,45,,cache-misses:u,1222880,100.00,,
     1.230229864,1618751,,bus-cycles:u,1222080,100.00,,
     1.230229864,10351979,,instructions:u,1221824,100.00,,
     1.231406861,349,,branch-misses:u,1175936,100.00,,
     1.231406861,39,,cache-misses:u,1175456,100.00,,
     1.231406861,1554545,,bus-cycles:u,1175040,100.00,,
     1.231406861,9943466,,instructions:u,1174528,100.00,,
     1.232571924,344,,branch-misses:u,1164896,100.00,,
     1.232571924,101,,cache-misses:u,1164480,100.00,,
     1.232571924,1529893,,bus-cycles:u,1164416,100.00,,
     1.232571924,9784482,,instructions:u,1164480,100.00,,
     1.233735644,345,,branch-misses:u,1163520,100.00,,
     1.233735644,40,,cache-misses:u,1163360,100.00,,
     1.233735644,1539128,,bus-cycles:u,1163328,100.00,,
     1.233735644,9855656,,instructions:u,1163296,100.00,,
     1.234924319,353,,branch-misses:u,1190304,100.00,,
     1.234924319,35,,cache-misses:u,1190816,100.00,,
     1.234924319,1576256,,bus-cycles:u,1190848,100.00,,
     1.234924319,10084084,,instructions:u,1190752,100.00,,
     1.236087846,344,,branch-misses:u,1162048,100.00,,
     1.236087846,36,,cache-misses:u,1162176,100.00,,
     1.236087846,1540420,,bus-cycles:u,1162176,100.00,,
     1.236087846,9844230,,instructions:u,1162368,100.00,,
     1.237248174,344,,branch-misses:u,1161376,100.00,,
     1.237248174,102,,cache-misses:u,1161568,100.00,,
     1.237248174,1532984,,bus-cycles:u,1161856,100.00,,
     1.237248174,9801722,,instructions:u,1161984,100.00,,
     1.238422228,349,,branch-misses:u,1173792,100.00,,
     1.238422228,37,,cache-misses:u,1173280,100.00,,
     1.238422228,1553360,,bus-cycles:u,1173280,100.00,,
     1.238422228,9922734,,instructions:u,1173024,100.00,,
     1.239583292,344,,branch-misses:u,1161856,100.00,,
     1.239583292,31,,cache-misses:u,1161760,100.00,,
     1.239583292,1538562,,bus-cycles:u,1161472,100.00,,
     1.239583292,9825846,,instructions:u,1161504,100.00,,
     1.240748547,345,,branch-misses:u,1165664,100.00,,
     1.240748547,112,,cache-misses:u,1166080,100.00,,
     1.240748547,1536803,,bus-cycles:u,1166144,100.00,,
     1.240748547,9831301,,instructions:u,1166304,100.00,,
     1.241919145,348,,branch-misses:u,1172032,100.00,,
     1.241919145,37,,cache-misses:u,1172096,100.00,,
     1.241919145,1551497,,bus-cycles:u,1172256,100.00,,
     1.241919145,9917324,,instructions:u,1172032,100.00,,
     1.243092527,348,,branch-misses:u,1172544,100.00,,
     1.243092527,32,,cache-misses:u,1172160,100.00,,
     1.243092527,1551068,,bus-cycles:u,1171936,100.00,,
     1.243092527,9925484,,instructions:u,1171936,100.00,,
     1.244260405,347,,branch-misses:u,1168160,100.00,,
     1.244260405,39,,cache-misses:u,1168288,100.00,,
     1.244260405,1546128,,bus-cycles:u,1168384,100.00,,
     1.244260405,9893736,,instructions:u,1168416,100.00,,
     1.245448568,348,,branch-misses:u,1190624,100.00,,
     1.245448568,232,,cache-misses:u,1192832,100.00,,
     1.245448568,1558099,,bus-cycles:u,1194016,100.00,,
     1.245448568,9963441,,instructions:u,1195616,100.00,,
     1.246722987,377,,branch-misses:u,1271488,100.00,,
     1.246722987,35,,cache-misses:u,1270944,100.00,,
     1.246722987,1678393,,bus-cycles:u,1270848,100.00,,
     1.246722987,10733568,,instructions:u,1270112,100.00,,
     1.247970947,366,,branch-misses:u,1246112,100.00,,
     1.247970947,49,,cache-misses:u,1247776,100.00,,
     1.247970947,1643579,,bus-cycles:u,1248320,100.00,,
     1.247970947,10506500,,instructions:u,1248928,100.00,,
     1.249229209,371,,branch-misses:u,1259424,100.00,,
     1.249229209,102,,cache-misses:u,1258208,100.00,,
     1.249229209,1650149,,bus-cycles:u,1258080,100.00,,
     1.249229209,10544320,,instructions:u,1257952,100.00,,
     1.250471890,368,,branch-misses:u,1238976,100.00,,
     1.250471890,37,,cache-misses:u,1238112,100.00,,
     1.250471890,1639852,,bus-cycles:u,1237792,100.00,,
     1.250471890,10469646,,instructions:u,1237568,100.00,,
     1.251672018,354,,branch-misses:u,1195392,100.00,,
     1.251672018,34,,cache-misses:u,1194240,100.00,,
     1.251672018,1581282,,bus-cycles:u,1193376,100.00,,
     1.251672018,10093935,,instructions:u,1192576,100.00,,
     1.252844664,348,,branch-misses:u,1176864,100.00,,
     1.252844664,98,,cache-misses:u,1177888,100.00,,
     1.252844664,1551944,,bus-cycles:u,1179008,100.00,,
     1.252844664,9932199,,instructions:u,1180064,100.00,,
     1.254099727,372,,branch-misses:u,1252640,100.00,,
     1.254099727,34,,cache-misses:u,1252928,100.00,,
     1.254099727,1660923,,bus-cycles:u,1252288,100.00,,
     1.254099727,10602313,,instructions:u,1251904,100.00,,
     1.255522790,423,,branch-misses:u,1427616,100.00,,
     1.255522790,32,,cache-misses:u,1427488,100.00,,
     1.255522790,1895933,,bus-cycles:u,1427744,100.00,,
     1.255522790,12134300,,instructions:u,1427616,100.00,,
     1.256806935,380,,branch-misses:u,1280128,100.00,,
     1.256806935,99,,cache-misses:u,1279744,100.00,,
     1.256806935,1688116,,bus-cycles:u,1278976,100.00,,
     1.256806935,10784887,,instructions:u,1278464,100.00,,
     1.258000281,354,,branch-misses:u,1192096,100.00,,
     1.258000281,30,,cache-misses:u,1191296,100.00,,
     1.258000281,1578897,,bus-cycles:u,1191328,100.00,,
     1.258000281,10102586,,instructions:u,1191296,100.00,,
     1.259172319,348,,branch-misses:u,1171808,100.00,,
     1.259172319,40,,cache-misses:u,1171488,100.00,,
     1.259172319,1551180,,bus-cycles:u,1171232,100.00,,
     1.259172319,9930789,,instructions:u,1171072,100.00,,
     1.260340069,347,,branch-misses:u,1167936,100.00,,
     1.260340069,48,,cache-misses:u,1167840,100.00,,
     1.260340069,1547502,,bus-cycles:u,1167840,100.00,,
     1.260340069,9886678,,instructions:u,1167712,100.00,,
     1.261521513,350,,branch-misses:u,1182304,100.00,,
     1.261521513,87,,cache-misses:u,1182496,100.00,,
     1.261521513,1558885,,bus-cycles:u,1182496,100.00,,
     1.261521513,9958261,,instructions:u,1182784,100.00,,
     1.262691216,348,,branch-misses:u,1169344,100.00,,
     1.262691216,31,,cache-misses:u,1169920,100.00,,
     1.262691216,1549578,,bus-cycles:u,1169856,100.00,,
     1.262691216,9910825,,instructions:u,1169760,100.00,,
     1.263860982,347,,branch-misses:u,1169632,100.00,,
     1.263860982,32,,cache-misses:u,1169216,100.00,,
     1.263860982,1548975,,bus-cycles:u,1169216,100.00,,
     1.263860982,9896219,,instructions:u,1169216,100.00,,
     1.265029725,346,,branch-misses:u,1170432,100.00,,
     1.265029725,109,,cache-misses:u,1170720,100.00,,
     1.265029725,1541033,,bus-cycles:u,1170752,100.00,,
     1.265029725,9853796,,instructions:u,1170944,100.00,,
     1.266209729,350,,branch-misses:u,1178784,100.00,,
     1.266209729,34,,cache-misses:u,1177952,100.00,,
     1.266209729,1558260,,bus-cycles:u,1177856,100.00,,
     1.266209729,9956082,,instructions:u,1177568,100.00,,
     1.267371273,344,,branch-misses:u,1161728,100.00,,
     1.267371273,39,,cache-misses:u,1162112,100.00,,
     1.267371273,1537708,,bus-cycles:u,1162112,100.00,,
     1.267371273,9837550,,instructions:u,1161920,100.00,,
     1.268533649,344,,branch-misses:u,1163104,100.00,,
     1.268533649,75,,cache-misses:u,1163264,100.00,,
     1.268533649,1533483,,bus-cycles:u,1163296,100.00,,
     1.268533649,9794113,,instructions:u,1163712,100.00,,
     1.269702359,346,,branch-misses:u,1168320,100.00,,
     1.269702359,50,,cache-misses:u,1168480,100.00,,
     1.269702359,1545883,,bus-cycles:u,1168416,100.00,,
     1.269702359,9882870,,instructions:u,1168320,100.00,,
     1.270865791,346,,branch-misses:u,1163840,100.00,,
     1.270865791,33,,cache-misses:u,1163584,100.00,,
     1.270865791,1539512,,bus-cycles:u,1163552,100.00,,
     1.270865791,9837520,,instructions:u,1163552,100.00,,
     1.272026151,343,,branch-misses:u,1160160,100.00,,
     1.272026151,30,,cache-misses:u,1160032,100.00,,
     1.272026151,1535219,,bus-cycles:u,1160032,100.00,,
     1.272026151,9802433,,instructions:u,1159904,100.00,,
     1.273185391,344,,branch-misses:u,1161056,100.00,,
     1.273185391,107,,cache-misses:u,1161728,100.00,,
     1.273185391,1528759,,bus-cycles:u,1162048,100.00,,
     1.273185391,9775646,,instructions:u,1162432,100.00,,
     1.274364724,350,,branch-misses:u,1178528,100.00,,
     1.274364724,43,,cache-misses:u,1177952,100.00,,
     1.274364724,1560029,,bus-cycles:u,1177952,100.00,,
     1.274364724,9980173,,instructions:u,1177472,100.00,,
     1.275526619,345,,branch-misses:u,1161984,100.00,,
     1.275526619,31,,cache-misses:u,1161952,100.00,,
     1.275526619,1539127,,bus-cycles:u,1161696,100.00,,
     1.275526619,9845042,,instructions:u,1161632,100.00,,
     1.276689507,346,,branch-misses:u,1167392,100.00,,
     1.276689507,100,,cache-misses:u,1167936,100.00,,
     1.276689507,1540005,,bus-cycles:u,1168320,100.00,,
     1.276689507,9861202,,instructions:u,1168928,100.00,,
     1.277879046,351,,branch-misses:u,1186848,100.00,,
     1.277879046,34,,cache-misses:u,1186720,100.00,,
     1.277879046,1571034,,bus-cycles:u,1186336,100.00,,
     1.277879046,10029427,,instructions:u,1186048,100.00,,
     1.279074631,355,,branch-misses:u,1195232,100.00,,
     1.279074631,31,,cache-misses:u,1194656,100.00,,
     1.279074631,1581487,,bus-cycles:u,1194624,100.00,,
     1.279074631,10117902,,instructions:u,1194400,100.00,,
     1.280237071,344,,branch-misses:u,1162272,100.00,,
     1.280237071,35,,cache-misses:u,1162048,100.00,,
     1.280237071,1537808,,bus-cycles:u,1162048,100.00,,
     1.280237071,9827351,,instructions:u,1162272,100.00,,
     1.281396215,343,,branch-misses:u,1159936,100.00,,
     1.281396215,100,,cache-misses:u,1160608,100.00,,
     1.281396215,1531776,,bus-cycles:u,1160960,100.00,,
     1.281396215,9779692,,instructions:u,1161024,100.00,,
     1.282572572,348,,branch-misses:u,1176416,100.00,,
     1.282572572,34,,cache-misses:u,1175936,100.00,,
     1.282572572,1555514,,bus-cycles:u,1175616,100.00,,
     1.282572572,9952944,,instructions:u,1175552,100.00,,
     1.283740067,347,,branch-misses:u,1167488,100.00,,
     1.283740067,30,,cache-misses:u,1167648,100.00,,
     1.283740067,1546713,,bus-cycles:u,1167552,100.00,,
     1.283740067,9895630,,instructions:u,1167392,100.00,,
     1.284904330,344,,branch-misses:u,1164384,100.00,,
     1.284904330,102,,cache-misses:u,1164480,100.00,,
     1.284904330,1535947,,bus-cycles:u,1164640,100.00,,
     1.284904330,9819988,,instructions:u,1164640,100.00,,
     1.286075025,347,,branch-misses:u,1170336,100.00,,
     1.286075025,38,,cache-misses:u,1170080,100.00,,
     1.286075025,1549164,,bus-cycles:u,1169920,100.00,,
     1.286075025,9908282,,instructions:u,1169920,100.00,,
     1.287233785,344,,branch-misses:u,1158944,100.00,,
     1.287233785,38,,cache-misses:u,1158720,100.00,,
     1.287233785,1534330,,bus-cycles:u,1158784,100.00,,
     1.287233785,9815168,,instructions:u,1158816,100.00,,
     1.288388706,342,,branch-misses:u,1155584,100.00,,
     1.288388706,47,,cache-misses:u,1155904,100.00,,
     1.288388706,1519999,,bus-cycles:u,1155680,100.00,,
     1.288388706,9721983,,instructions:u,1155488,100.00,,
     1.289551690,345,,branch-misses:u,1162784,100.00,,
     1.289551690,86,,cache-misses:u,1162688,100.00,,
     1.289551690,1540828,,bus-cycles:u,1162912,100.00,,
     1.289551690,9849970,,instructions:u,1162944,100.00,,
     1.290710034,344,,branch-misses:u,1158144,100.00,,
     1.290710034,33,,cache-misses:u,1157952,100.00,,
     1.290710034,1534450,,bus-cycles:u,1157888,100.00,,
     1.290710034,9807696,,instructions:u,1157888,100.00,,
     1.291865659,342,,branch-misses:u,1155680,100.00,,
     1.291865659,34,,cache-misses:u,1155712,100.00,,
     1.291865659,1531251,,bus-cycles:u,1155776,100.00,,
     1.291865659,9781481,,instructions:u,1155904,100.00,,
     1.293027683,345,,branch-misses:u,1164448,100.00,,
     1.293027683,108,,cache-misses:u,1165856,100.00,,
     1.293027683,1537149,,bus-cycles:u,1166400,100.00,,
     1.293027683,9831567,,instructions:u,1166784,100.00,,
     1.294208327,350,,branch-misses:u,1179904,100.00,,
     1.294208327,31,,cache-misses:u,1178816,100.00,,
     1.294208327,1560422,,bus-cycles:u,1178784,100.00,,
     1.294208327,9988244,,instructions:u,1178368,100.00,,
     1.295377422,346,,branch-misses:u,1168192,100.00,,
     1.295377422,35,,cache-misses:u,1168000,100.00,,
     1.295377422,1544990,,bus-cycles:u,1167488,100.00,,
     1.295377422,9880020,,instructions:u,1167712,100.00,,
     1.296539030,344,,branch-misses:u,1162592,100.00,,
     1.296539030,80,,cache-misses:u,1162656,100.00,,
     1.296539030,1531825,,bus-cycles:u,1162688,100.00,,
     1.296539030,9794048,,instructions:u,1162464,100.00,,
     1.297704189,347,,branch-misses:u,1165088,100.00,,
     1.297704189,52,,cache-misses:u,1164928,100.00,,
     1.297704189,1542404,,bus-cycles:u,1164896,100.00,,
     1.297704189,9858918,,instructions:u,1164864,100.00,,
     1.298865989,344,,branch-misses:u,1162304,100.00,,
     1.298865989,35,,cache-misses:u,1162496,100.00,,
     1.298865989,1538258,,bus-cycles:u,1162528,100.00,,
     1.298865989,9822772,,instructions:u,1162400,100.00,,
     1.300061094,354,,branch-misses:u,1196704,100.00,,
     1.300061094,32,,cache-misses:u,1196960,100.00,,
     1.300061094,1584442,,bus-cycles:u,1196992,100.00,,
     1.300061094,10118378,,instructions:u,1197344,100.00,,
     1.301232300,347,,branch-misses:u,1170336,100.00,,
     1.301232300,96,,cache-misses:u,1170176,100.00,,
     1.301232300,1541702,,bus-cycles:u,1170176,100.00,,
     1.301232300,9847945,,instructions:u,1169888,100.00,,
     1.302393236,345,,branch-misses:u,1160992,100.00,,
     1.302393236,35,,cache-misses:u,1160704,100.00,,
     1.302393236,1536789,,bus-cycles:u,1160736,100.00,,
     1.302393236,9824306,,instructions:u,1160704,100.00,,
     1.303552317,343,,branch-misses:u,1158528,100.00,,
     1.303552317,36,,cache-misses:u,1158464,100.00,,
     1.303552317,1533105,,bus-cycles:u,1158272,100.00,,
     1.303552317,9799462,,instructions:u,1158304,100.00,,
     1.304712901,345,,branch-misses:u,1163264,100.00,,
     1.304712901,101,,cache-misses:u,1164608,100.00,,
     1.304712901,1536520,,bus-cycles:u,1165216,100.00,,
     1.304712901,9837936,,instructions:u,1165408,100.00,,
     1.305901383,352,,branch-misses:u,1187520,100.00,,
     1.305901383,34,,cache-misses:u,1186976,100.00,,
     1.305901383,1570142,,bus-cycles:u,1186656,100.00,,
     1.305901383,10036071,,instructions:u,1186432,100.00,,
     1.307071310,347,,branch-misses:u,1169824,100.00,,
     1.307071310,29,,cache-misses:u,1169376,100.00,,
     1.307071310,1547681,,bus-cycles:u,1169568,100.00,,
     1.307071310,9899584,,instructions:u,1169984,100.00,,
     1.308236053,345,,branch-misses:u,1164288,100.00,,
     1.308236053,38,,cache-misses:u,1164192,100.00,,
     1.308236053,1540131,,bus-cycles:u,1163808,100.00,,
     1.308236053,9845931,,instructions:u,1163776,100.00,,
     1.309398205,336,,branch-misses:u,1163008,100.00,,
     1.309398205,153,,cache-misses:u,1163008,100.00,,
     1.309398205,1499633,,bus-cycles:u,1163424,100.00,,
     1.309398205,9589216,,instructions:u,1163488,100.00,,
     1.310566531,346,,branch-misses:u,1168576,100.00,,
     1.310566531,35,,cache-misses:u,1168832,100.00,,
     1.310566531,1546770,,bus-cycles:u,1168608,100.00,,
     1.310566531,9882700,,instructions:u,1168544,100.00,,
     1.311730571,346,,branch-misses:u,1163584,100.00,,
     1.311730571,32,,cache-misses:u,1163552,100.00,,
     1.311730571,1539937,,bus-cycles:u,1163552,100.00,,
     1.311730571,9832837,,instructions:u,1163552,100.00,,
     1.312895314,344,,branch-misses:u,1165248,100.00,,
     1.312895314,102,,cache-misses:u,1165440,100.00,,
     1.312895314,1535457,,bus-cycles:u,1165504,100.00,,
     1.312895314,9819926,,instructions:u,1165568,100.00,,
     1.314058714,345,,branch-misses:u,1163392,100.00,,
     1.314058714,37,,cache-misses:u,1163264,100.00,,
     1.314058714,1539554,,bus-cycles:u,1163008,100.00,,
     1.314058714,9835857,,instructions:u,1162944,100.00,,
     1.315220737,345,,branch-misses:u,1163200,100.00,,
     1.315220737,35,,cache-misses:u,1162848,100.00,,
     1.315220737,1538632,,bus-cycles:u,1162784,100.00,,
     1.315220737,9843839,,instructions:u,1162752,100.00,,
     1.316409060,353,,branch-misses:u,1190304,100.00,,
     1.316409060,44,,cache-misses:u,1191104,100.00,,
     1.316409060,1569949,,bus-cycles:u,1191328,100.00,,
     1.316409060,10050063,,instructions:u,1191200,100.00,,
     1.317601190,353,,branch-misses:u,1191744,100.00,,
     1.317601190,73,,cache-misses:u,1191744,100.00,,
     1.317601190,1576218,,bus-cycles:u,1191744,100.00,,
     1.317601190,10075478,,instructions:u,1191744,100.00,,
     1.318791081,352,,branch-misses:u,1189984,100.00,,
     1.318791081,32,,cache-misses:u,1189728,100.00,,
     1.318791081,1573971,,bus-cycles:u,1189696,100.00,,
     1.318791081,10058603,,instructions:u,1189664,100.00,,
     1.319976780,353,,branch-misses:u,1185664,100.00,,
     1.319976780,31,,cache-misses:u,1185344,100.00,,
     1.319976780,1567938,,bus-cycles:u,1185440,100.00,,
     1.319976780,10032327,,instructions:u,1185344,100.00,,
     1.321196425,360,,branch-misses:u,1221472,100.00,,
     1.321196425,103,,cache-misses:u,1221952,100.00,,
     1.321196425,1609542,,bus-cycles:u,1221888,100.00,,
     1.321196425,10287075,,instructions:u,1222016,100.00,,
     1.322383756,353,,branch-misses:u,1185760,100.00,,
     1.322383756,30,,cache-misses:u,1185184,100.00,,
     1.322383756,1567426,,bus-cycles:u,1185152,100.00,,
     1.322383756,10030341,,instructions:u,1185056,100.00,,
     1.323558482,347,,branch-misses:u,1174528,100.00,,
     1.323558482,35,,cache-misses:u,1174400,100.00,,
     1.323558482,1554130,,bus-cycles:u,1174368,100.00,,
     1.323558482,9928143,,instructions:u,1174400,100.00,,
     1.324733271,347,,branch-misses:u,1175520,100.00,,
     1.324733271,110,,cache-misses:u,1176000,100.00,,
     1.324733271,1545223,,bus-cycles:u,1176128,100.00,,
     1.324733271,9870661,,instructions:u,1176192,100.00,,
     1.325909660,347,,branch-misses:u,1175744,100.00,,
     1.325909660,42,,cache-misses:u,1175328,100.00,,
     1.325909660,1555187,,bus-cycles:u,1175232,100.00,,
     1.325909660,9941135,,instructions:u,1175296,100.00,,
     1.327404454,446,,branch-misses:u,1507904,100.00,,
     1.327404454,31,,cache-misses:u,1509984,100.00,,
     1.327404454,2004465,,bus-cycles:u,1511424,100.00,,
     1.327404454,12809676,,instructions:u,1512480,100.00,,
     1.329071344,495,,branch-misses:u,1667136,100.00,,
     1.329071344,93,,cache-misses:u,1668448,100.00,,
     1.329071344,2209247,,bus-cycles:u,1670176,100.00,,
     1.329071344,14122900,,instructions:u,1671776,100.00,,
     1.330415990,396,,branch-misses:u,1334848,100.00,,
     1.330415990,36,,cache-misses:u,1334208,100.00,,
     1.330415990,1767401,,bus-cycles:u,1332608,100.00,,
     1.330415990,11277713,,instructions:u,1331488,100.00,,
     1.331614615,354,,branch-misses:u,1196320,100.00,,
     1.331614615,36,,cache-misses:u,1194272,100.00,,
     1.331614615,1579638,,bus-cycles:u,1192896,100.00,,
     1.331614615,10076768,,instructions:u,1191488,100.00,,
     1.332799450,351,,branch-misses:u,1184416,100.00,,
     1.332799450,91,,cache-misses:u,1183968,100.00,,
     1.332799450,1563207,,bus-cycles:u,1183936,100.00,,
     1.332799450,10000750,,instructions:u,1183968,100.00,,
     1.333972576,348,,branch-misses:u,1172704,100.00,,
     1.333972576,35,,cache-misses:u,1172448,100.00,,
     1.333972576,1551071,,bus-cycles:u,1172288,100.00,,
     1.333972576,9905156,,instructions:u,1172000,100.00,,
     1.335140263,345,,branch-misses:u,1167904,100.00,,
     1.335140263,34,,cache-misses:u,1167872,100.00,,
     1.335140263,1544805,,bus-cycles:u,1167904,100.00,,
     1.335140263,9863528,,instructions:u,1167936,100.00,,
     1.336307438,347,,branch-misses:u,1167744,100.00,,
     1.336307438,35,,cache-misses:u,1167872,100.00,,
     1.336307438,1545876,,bus-cycles:u,1167872,100.00,,
     1.336307438,9893860,,instructions:u,1167904,100.00,,
     1.337554086,368,,branch-misses:u,1250752,100.00,,
     1.337554086,83,,cache-misses:u,1252352,100.00,,
     1.337554086,1647691,,bus-cycles:u,1252704,100.00,,
     1.337554086,10535043,,instructions:u,1253120,100.00,,
     1.338737737,349,,branch-misses:u,1179840,100.00,,
     1.338737737,50,,cache-misses:u,1178240,100.00,,
     1.338737737,1558227,,bus-cycles:u,1177856,100.00,,
     1.338737737,9953475,,instructions:u,1177728,100.00,,
     1.339906800,347,,branch-misses:u,1169280,100.00,,
     1.339906800,31,,cache-misses:u,1169568,100.00,,
     1.339906800,1548633,,bus-cycles:u,1169536,100.00,,
     1.339906800,9898798,,instructions:u,1169152,100.00,,
     1.341074742,346,,branch-misses:u,1168896,100.00,,
     1.341074742,104,,cache-misses:u,1168960,100.00,,
     1.341074742,1538802,,bus-cycles:u,1169216,100.00,,
     1.341074742,9838003,,instructions:u,1169504,100.00,,
     1.342241341,346,,branch-misses:u,1165664,100.00,,
     1.342241341,42,,cache-misses:u,1165440,100.00,,
     1.342241341,1541914,,bus-cycles:u,1165120,100.00,,
     1.342241341,9847126,,instructions:u,1164768,100.00,,
     1.343404197,344,,branch-misses:u,1163424,100.00,,
     1.343404197,32,,cache-misses:u,1163360,100.00,,
     1.343404197,1539560,,bus-cycles:u,1163392,100.00,,
     1.343404197,9840582,,instructions:u,1163520,100.00,,
     1.344624258,361,,branch-misses:u,1222560,100.00,,
     1.344624258,95,,cache-misses:u,1223360,100.00,,
     1.344624258,1607775,,bus-cycles:u,1223456,100.00,,
     1.344624258,10281436,,instructions:u,1223648,100.00,,
     1.345796072,347,,branch-misses:u,1170400,100.00,,
     1.345796072,38,,cache-misses:u,1169312,100.00,,
     1.345796072,1546199,,bus-cycles:u,1169184,100.00,,
     1.345796072,9879251,,instructions:u,1169184,100.00,,
     1.346960559,345,,branch-misses:u,1165024,100.00,,
     1.346960559,36,,cache-misses:u,1165696,100.00,,
     1.346960559,1543004,,bus-cycles:u,1166208,100.00,,
     1.346960559,9869141,,instructions:u,1166144,100.00,,
     1.348123639,345,,branch-misses:u,1162400,100.00,,
     1.348123639,34,,cache-misses:u,1161920,100.00,,
     1.348123639,1537376,,bus-cycles:u,1161568,100.00,,
     1.348123639,9837806,,instructions:u,1161728,100.00,,
     1.349285055,343,,branch-misses:u,1162112,100.00,,
     1.349285055,120,,cache-misses:u,1162464,100.00,,
     1.349285055,1526109,,bus-cycles:u,1162432,100.00,,
     1.349285055,9755089,,instructions:u,1162176,100.00,,
     1.350446663,345,,branch-misses:u,1161408,100.00,,
     1.350446663,36,,cache-misses:u,1160960,100.00,,
     1.350446663,1536751,,bus-cycles:u,1161312,100.00,,
     1.350446663,9822572,,instructions:u,1161312,100.00,,
     1.351608654,344,,branch-misses:u,1161920,100.00,,
     1.351608654,40,,cache-misses:u,1161952,100.00,,
     1.351608654,1537403,,bus-cycles:u,1161600,100.00,,
     1.351608654,9818503,,instructions:u,1161600,100.00,,
     1.352770710,344,,branch-misses:u,1162944,100.00,,
     1.352770710,109,,cache-misses:u,1163072,100.00,,
     1.352770710,1531679,,bus-cycles:u,1163136,100.00,,
     1.352770710,9802038,,instructions:u,1163168,100.00,,
     1.353934718,346,,branch-misses:u,1163424,100.00,,
     1.353934718,33,,cache-misses:u,1163456,100.00,,
     1.353934718,1539462,,bus-cycles:u,1163392,100.00,,
     1.353934718,9846756,,instructions:u,1163328,100.00,,
     1.355093222,343,,branch-misses:u,1158560,100.00,,
     1.355093222,33,,cache-misses:u,1158400,100.00,,
     1.355093222,1532682,,bus-cycles:u,1158400,100.00,,
     1.355093222,9789756,,instructions:u,1158528,100.00,,
     1.356250895,342,,branch-misses:u,1157920,100.00,,
     1.356250895,28,,cache-misses:u,1157760,100.00,,
     1.356250895,1531379,,bus-cycles:u,1157472,100.00,,
     1.356250895,9779003,,instructions:u,1157376,100.00,,
     1.357411223,344,,branch-misses:u,1162240,100.00,,
     1.357411223,84,,cache-misses:u,1163040,100.00,,
     1.357411223,1530756,,bus-cycles:u,1163008,100.00,,
     1.357411223,9792214,,instructions:u,1163200,100.00,,
     1.358580669,348,,branch-misses:u,1168832,100.00,,
     1.358580669,32,,cache-misses:u,1168640,100.00,,
     1.358580669,1546749,,bus-cycles:u,1169056,100.00,,
     1.358580669,9897716,,instructions:u,1168992,100.00,,
     1.359748868,346,,branch-misses:u,1167744,100.00,,
     1.359748868,37,,cache-misses:u,1167264,100.00,,
     1.359748868,1544563,,bus-cycles:u,1167168,100.00,,
     1.359748868,9884706,,instructions:u,1166944,100.00,,
     1.360910667,344,,branch-misses:u,1161984,100.00,,
     1.360910667,95,,cache-misses:u,1162304,100.00,,
     1.360910667,1533258,,bus-cycles:u,1162368,100.00,,
     1.360910667,9805240,,instructions:u,1162464,100.00,,
     1.362072915,345,,branch-misses:u,1162560,100.00,,
     1.362072915,46,,cache-misses:u,1162400,100.00,,
     1.362072915,1538005,,bus-cycles:u,1162400,100.00,,
     1.362072915,9843097,,instructions:u,1162432,100.00,,
     1.363233371,344,,branch-misses:u,1160512,100.00,,
     1.363233371,33,,cache-misses:u,1160544,100.00,,
     1.363233371,1535694,,bus-cycles:u,1160480,100.00,,
     1.363233371,9829163,,instructions:u,1160448,100.00,,
     1.364392804,345,,branch-misses:u,1160096,100.00,,
     1.364392804,37,,cache-misses:u,1160128,100.00,,
     1.364392804,1528774,,bus-cycles:u,1160192,100.00,,
     1.364392804,9791620,,instructions:u,1160320,100.00,,
     1.365586821,354,,branch-misses:u,1196032,100.00,,
     1.365586821,73,,cache-misses:u,1196384,100.00,,
     1.365586821,1584533,,bus-cycles:u,1196544,100.00,,
     1.365586821,10116698,,instructions:u,1196576,100.00,,
     1.366754476,346,,branch-misses:u,1165920,100.00,,
     1.366754476,36,,cache-misses:u,1165472,100.00,,
     1.366754476,1543305,,bus-cycles:u,1165536,100.00,,
     1.366754476,9873286,,instructions:u,1165376,100.00,,
     1.367912629,345,,branch-misses:u,1158432,100.00,,
     1.367912629,32,,cache-misses:u,1158272,100.00,,
     1.367912629,1533568,,bus-cycles:u,1158048,100.00,,
     1.367912629,9811430,,instructions:u,1158048,100.00,,
     1.369073725,344,,branch-misses:u,1162080,100.00,,
     1.369073725,106,,cache-misses:u,1162272,100.00,,
     1.369073725,1531379,,bus-cycles:u,1162336,100.00,,
     1.369073725,9791654,,instructions:u,1162528,100.00,,
     1.370238788,345,,branch-misses:u,1164704,100.00,,
     1.370238788,36,,cache-misses:u,1164768,100.00,,
     1.370238788,1541723,,bus-cycles:u,1164704,100.00,,
     1.370238788,9854593,,instructions:u,1164704,100.00,,
     1.371400907,344,,branch-misses:u,1161920,100.00,,
     1.371400907,37,,cache-misses:u,1161856,100.00,,
     1.371400907,1537086,,bus-cycles:u,1161920,100.00,,
     1.371400907,9830893,,instructions:u,1161952,100.00,,
     1.372562963,346,,branch-misses:u,1162976,100.00,,
     1.372562963,96,,cache-misses:u,1163040,100.00,,
     1.372562963,1532515,,bus-cycles:u,1163040,100.00,,
     1.372562963,9809764,,instructions:u,1162880,100.00,,
     1.373726683,345,,branch-misses:u,1163424,100.00,,
     1.373726683,41,,cache-misses:u,1163488,100.00,,
     1.373726683,1539713,,bus-cycles:u,1163424,100.00,,
     1.373726683,9863072,,instructions:u,1163328,100.00,,
     1.374886659,344,,branch-misses:u,1160288,100.00,,
     1.374886659,38,,cache-misses:u,1160032,100.00,,
     1.374886659,1534920,,bus-cycles:u,1160000,100.00,,
     1.374886659,9812867,,instructions:u,1160032,100.00,,
     1.376046347,343,,branch-misses:u,1160000,100.00,,
     1.376046347,35,,cache-misses:u,1160064,100.00,,
     1.376046347,1534413,,bus-cycles:u,1160096,100.00,,
     1.376046347,9812512,,instructions:u,1160096,100.00,,
     1.377206611,343,,branch-misses:u,1160544,100.00,,
     1.377206611,94,,cache-misses:u,1160736,100.00,,
     1.377206611,1529339,,bus-cycles:u,1160736,100.00,,
     1.377206611,9763424,,instructions:u,1160768,100.00,,
     1.378367899,346,,branch-misses:u,1161920,100.00,,
     1.378367899,32,,cache-misses:u,1161664,100.00,,
     1.378367899,1537270,,bus-cycles:u,1161664,100.00,,
     1.378367899,9830699,,instructions:u,1161664,100.00,,
     1.379529603,343,,branch-misses:u,1160896,100.00,,
     1.379529603,41,,cache-misses:u,1160800,100.00,,
     1.379529603,1535280,,bus-cycles:u,1160768,100.00,,
     1.379529603,9804789,,instructions:u,1160768,100.00,,
     1.380688075,344,,branch-misses:u,1159200,100.00,,
     1.380688075,124,,cache-misses:u,1159360,100.00,,
     1.380688075,1527960,,bus-cycles:u,1159424,100.00,,
     1.380688075,9790812,,instructions:u,1159456,100.00,,
     1.381853203,346,,branch-misses:u,1165600,100.00,,
     1.381853203,45,,cache-misses:u,1165664,100.00,,
     1.381853203,1542518,,bus-cycles:u,1165664,100.00,,
     1.381853203,9866096,,instructions:u,1165568,100.00,,
     1.383014362,345,,branch-misses:u,1161280,100.00,,
     1.383014362,37,,cache-misses:u,1161280,100.00,,
     1.383014362,1535949,,bus-cycles:u,1161248,100.00,,
     1.383014362,9826475,,instructions:u,1161248,100.00,,
     1.384177058,344,,branch-misses:u,1162880,100.00,,
     1.384177058,38,,cache-misses:u,1163008,100.00,,
     1.384177058,1539142,,bus-cycles:u,1163072,100.00,,
     1.384177058,9839976,,instructions:u,1163104,100.00,,
     1.385342345,345,,branch-misses:u,1165856,100.00,,
     1.385342345,104,,cache-misses:u,1165696,100.00,,
     1.385342345,1535554,,bus-cycles:u,1165664,100.00,,
     1.385342345,9805706,,instructions:u,1165728,100.00,,
     1.386505457,344,,branch-misses:u,1162624,100.00,,
     1.386505457,37,,cache-misses:u,1162592,100.00,,
     1.386505457,1539012,,bus-cycles:u,1162496,100.00,,
     1.386505457,9838412,,instructions:u,1162496,100.00,,
     1.387704210,357,,branch-misses:u,1200992,100.00,,
     1.387704210,34,,cache-misses:u,1201632,100.00,,
     1.387704210,1591049,,bus-cycles:u,1201728,100.00,,
     1.387704210,10176571,,instructions:u,1201664,100.00,,
     1.388873464,346,,branch-misses:u,1167776,100.00,,
     1.388873464,109,,cache-misses:u,1167136,100.00,,
     1.388873464,1538387,,bus-cycles:u,1167104,100.00,,
     1.388873464,9848383,,instructions:u,1167040,100.00,,
     1.390037760,346,,branch-misses:u,1164992,100.00,,
     1.390037760,46,,cache-misses:u,1165056,100.00,,
     1.390037760,1543363,,bus-cycles:u,1165024,100.00,,
     1.390037760,9863632,,instructions:u,1165120,100.00,,
     1.391201927,347,,branch-misses:u,1164224,100.00,,
     1.391201927,34,,cache-misses:u,1164192,100.00,,
     1.391201927,1542204,,bus-cycles:u,1164384,100.00,,
     1.391201927,9868043,,instructions:u,1164384,100.00,,
     1.392367566,346,,branch-misses:u,1165952,100.00,,
     1.392367566,36,,cache-misses:u,1166112,100.00,,
     1.392367566,1552626,,bus-cycles:u,1177184,100.00,,
     1.392367566,9934328,,instructions:u,1177184,100.00,,
     1.393553777,351,,branch-misses:u,1187648,100.00,,
     1.393553777,85,,cache-misses:u,1187968,100.00,,
     1.393553777,1559189,,bus-cycles:u,1176896,100.00,,
     1.393553777,9966845,,instructions:u,1177056,100.00,,
     1.394726295,347,,branch-misses:u,1171232,100.00,,
     1.394726295,42,,cache-misses:u,1170880,100.00,,
     1.394726295,1550204,,bus-cycles:u,1170752,100.00,,
     1.394726295,9920238,,instructions:u,1170784,100.00,,
     1.395897085,347,,branch-misses:u,1170816,100.00,,
     1.395897085,31,,cache-misses:u,1170688,100.00,,
     1.395897085,1550345,,bus-cycles:u,1170656,100.00,,
     1.395897085,9907527,,instructions:u,1170560,100.00,,
     1.397067364,347,,branch-misses:u,1172384,100.00,,
     1.397067364,103,,cache-misses:u,1172448,100.00,,
     1.397067364,1544026,,bus-cycles:u,1172416,100.00,,
     1.397067364,9858016,,instructions:u,1172288,100.00,,
     1.398241353,349,,branch-misses:u,1173440,100.00,,
     1.398241353,41,,cache-misses:u,1173472,100.00,,
     1.398241353,1553712,,bus-cycles:u,1173760,100.00,,
     1.398241353,9946410,,instructions:u,1173920,100.00,,
     1.399411631,347,,branch-misses:u,1169152,100.00,,
     1.399411631,35,,cache-misses:u,1169216,100.00,,
     1.399411631,1547554,,bus-cycles:u,1168864,100.00,,
     1.399411631,9902971,,instructions:u,1168832,100.00,,
     1.400577142,345,,branch-misses:u,1166304,100.00,,
     1.400577142,110,,cache-misses:u,1166528,100.00,,
     1.400577142,1537935,,bus-cycles:u,1166688,100.00,,
     1.400577142,9821942,,instructions:u,1166720,100.00,,
     1.401743997,346,,branch-misses:u,1166656,100.00,,
     1.401743997,40,,cache-misses:u,1166240,100.00,,
     1.401743997,1544231,,bus-cycles:u,1166208,100.00,,
     1.401743997,9875082,,instructions:u,1166144,100.00,,
     1.402907013,345,,branch-misses:u,1163552,100.00,,
     1.402907013,35,,cache-misses:u,1163616,100.00,,
     1.402907013,1540892,,bus-cycles:u,1163616,100.00,,
     1.402907013,9852290,,instructions:u,1163552,100.00,,
     1.404067981,345,,branch-misses:u,1160352,100.00,,
     1.404067981,34,,cache-misses:u,1160224,100.00,,
     1.404067981,1536166,,bus-cycles:u,1160224,100.00,,
     1.404067981,9814811,,instructions:u,1160256,100.00,,
     1.405228533,344,,branch-misses:u,1161888,100.00,,
     1.405228533,104,,cache-misses:u,1162080,100.00,,
     1.405228533,1531994,,bus-cycles:u,1162272,100.00,,
     1.405228533,9787404,,instructions:u,1162528,100.00,,
     1.406407770,350,,branch-misses:u,1180128,100.00,,
     1.406407770,38,,cache-misses:u,1180416,100.00,,
     1.406407770,1563649,,bus-cycles:u,1180352,100.00,,
     1.406407770,9992831,,instructions:u,1180384,100.00,,
     1.407596572,351,,branch-misses:u,1187936,100.00,,
     1.407596572,33,,cache-misses:u,1187712,100.00,,
     1.407596572,1572591,,bus-cycles:u,1187776,100.00,,
     1.407596572,10042679,,instructions:u,1187584,100.00,,
     1.408802108,358,,branch-misses:u,1207200,100.00,,
     1.408802108,110,,cache-misses:u,1207456,100.00,,
     1.408802108,1590162,,bus-cycles:u,1207360,100.00,,
     1.408802108,10156667,,instructions:u,1207520,100.00,,
     1.409980257,349,,branch-misses:u,1177312,100.00,,
     1.409980257,39,,cache-misses:u,1177568,100.00,,
     1.409980257,1558941,,bus-cycles:u,1177632,100.00,,
     1.409980257,9969273,,instructions:u,1177376,100.00,,
     1.411155910,347,,branch-misses:u,1175616,100.00,,
     1.411155910,44,,cache-misses:u,1175232,100.00,,
     1.411155910,1556253,,bus-cycles:u,1175296,100.00,,
     1.411155910,9946579,,instructions:u,1175456,100.00,,
     1.412328492,347,,branch-misses:u,1172992,100.00,,
     1.412328492,32,,cache-misses:u,1172992,100.00,,
     1.412328492,1550779,,bus-cycles:u,1172960,100.00,,
     1.412328492,9899390,,instructions:u,1172832,100.00,,
     1.413519534,351,,branch-misses:u,1192512,100.00,,
     1.413519534,85,,cache-misses:u,1192672,100.00,,
     1.413519534,1571821,,bus-cycles:u,1192512,100.00,,
     1.413519534,10042356,,instructions:u,1192800,100.00,,
     1.414690644,346,,branch-misses:u,1170336,100.00,,
     1.414690644,30,,cache-misses:u,1170336,100.00,,
     1.414690644,1548569,,bus-cycles:u,1170368,100.00,,
     1.414690644,9888793,,instructions:u,1170240,100.00,,
     1.415859515,346,,branch-misses:u,1168352,100.00,,
     1.415859515,35,,cache-misses:u,1167840,100.00,,
     1.415859515,1545174,,bus-cycles:u,1167776,100.00,,
     1.415859515,9873656,,instructions:u,1167552,100.00,,
     1.417025922,345,,branch-misses:u,1166944,100.00,,
     1.417025922,109,,cache-misses:u,1166880,100.00,,
     1.417025922,1536523,,bus-cycles:u,1166944,100.00,,
     1.417025922,9814230,,instructions:u,1166976,100.00,,
     1.418196168,347,,branch-misses:u,1170112,100.00,,
     1.418196168,40,,cache-misses:u,1170240,100.00,,
     1.418196168,1548762,,bus-cycles:u,1169856,100.00,,
     1.418196168,9892369,,instructions:u,1169824,100.00,,
     1.419360623,345,,branch-misses:u,1164480,100.00,,
     1.419360623,35,,cache-misses:u,1164544,100.00,,
     1.419360623,1541648,,bus-cycles:u,1164864,100.00,,
     1.419360623,9856474,,instructions:u,1164864,100.00,,
     1.420525750,346,,branch-misses:u,1165696,100.00,,
     1.420525750,95,,cache-misses:u,1165696,100.00,,
     1.420525750,1535980,,bus-cycles:u,1165600,100.00,,
     1.420525750,9825400,,instructions:u,1165664,100.00,,
     1.421692317,346,,branch-misses:u,1166848,100.00,,
     1.421692317,46,,cache-misses:u,1166880,100.00,,
     1.421692317,1544070,,bus-cycles:u,1166976,100.00,,
     1.421692317,9880351,,instructions:u,1166944,100.00,,
     1.422862244,346,,branch-misses:u,1169760,100.00,,
     1.422862244,39,,cache-misses:u,1170048,100.00,,
     1.422862244,1547853,,bus-cycles:u,1170080,100.00,,
     1.422862244,9895552,,instructions:u,1170080,100.00,,
     1.424027979,344,,branch-misses:u,1165888,100.00,,
     1.424027979,36,,cache-misses:u,1165888,100.00,,
     1.424027979,1542546,,bus-cycles:u,1165856,100.00,,
     1.424027979,9851801,,instructions:u,1165952,100.00,,
     1.425193234,346,,branch-misses:u,1165920,100.00,,
     1.425193234,100,,cache-misses:u,1165664,100.00,,
     1.425193234,1535075,,bus-cycles:u,1165632,100.00,,
     1.425193234,9809182,,instructions:u,1165472,100.00,,
     1.426359225,345,,branch-misses:u,1165760,100.00,,
     1.426359225,40,,cache-misses:u,1165632,100.00,,
     1.426359225,1542392,,bus-cycles:u,1165248,100.00,,
     1.426359225,9848328,,instructions:u,1165248,100.00,,
     1.427522497,344,,branch-misses:u,1163392,100.00,,
     1.427522497,35,,cache-misses:u,1163264,100.00,,
     1.427522497,1540652,,bus-cycles:u,1163680,100.00,,
     1.427522497,9836940,,instructions:u,1163744,100.00,,
     1.428687304,346,,branch-misses:u,1165472,100.00,,
     1.428687304,109,,cache-misses:u,1165472,100.00,,
     1.428687304,1536166,,bus-cycles:u,1165504,100.00,,
     1.428687304,9829303,,instructions:u,1165472,100.00,,
     1.429877802,353,,branch-misses:u,1191968,100.00,,
     1.429877802,37,,cache-misses:u,1192544,100.00,,
     1.429877802,1578171,,bus-cycles:u,1192576,100.00,,
     1.429877802,10083844,,instructions:u,1192672,100.00,,
     1.431049872,347,,branch-misses:u,1170976,100.00,,
     1.431049872,36,,cache-misses:u,1170336,100.00,,
     1.431049872,1547737,,bus-cycles:u,1170336,100.00,,
     1.431049872,9889310,,instructions:u,1170368,100.00,,
     1.432214743,345,,branch-misses:u,1165632,100.00,,
     1.432214743,33,,cache-misses:u,1165920,100.00,,
     1.432214743,1541862,,bus-cycles:u,1165952,100.00,,
     1.432214743,9868042,,instructions:u,1165952,100.00,,
     1.433389821,349,,branch-misses:u,1175840,100.00,,
     1.433389821,97,,cache-misses:u,1175712,100.00,,
     1.433389821,1545759,,bus-cycles:u,1175584,100.00,,
     1.433389821,9887704,,instructions:u,1175552,100.00,,
     1.434563362,347,,branch-misses:u,1172672,100.00,,
     1.434563362,35,,cache-misses:u,1172928,100.00,,
     1.434563362,1551592,,bus-cycles:u,1172896,100.00,,
     1.434563362,9930944,,instructions:u,1172896,100.00,,
     1.435729481,346,,branch-misses:u,1166208,100.00,,
     1.435729481,36,,cache-misses:u,1166048,100.00,,
     1.435729481,1541978,,bus-cycles:u,1166048,100.00,,
     1.435729481,9856291,,instructions:u,1165888,100.00,,
     1.436892721,344,,branch-misses:u,1163776,100.00,,
     1.436892721,111,,cache-misses:u,1163808,100.00,,
     1.436892721,1533573,,bus-cycles:u,1163872,100.00,,
     1.436892721,9800197,,instructions:u,1163936,100.00,,
     1.438058936,403,,branch-misses:u,1201760,100.00,,
     1.438058936,126,,cache-misses:u,1201696,100.00,,
     1.438058936,1266962,,bus-cycles:u,1201408,100.00,,
     1.438058936,7873276,,instructions:u,1201920,100.00,,
