     0.001079287,809,,branch-misses:u,514016,100.00,,
     0.001079287,319,,cache-misses:u,520448,100.00,,
     0.001079287,70126,,bus-cycles:u,523424,100.00,,
     0.001079287,32554,,instructions:u,527232,100.00,,
     0.002575687,1831,,branch-misses:u,1489504,100.00,,
     0.002575687,2027,,cache-misses:u,1488096,100.00,,
     0.002575687,1542626,,bus-cycles:u,1488224,100.00,,
     0.002575687,8688016,,instructions:u,1487328,100.00,,
     0.003889448,390,,branch-misses:u,1327136,100.00,,
     0.003889448,66,,cache-misses:u,1329600,100.00,,
     0.003889448,1718248,,bus-cycles:u,1333504,100.00,,
     0.003889448,11000552,,instructions:u,1336960,100.00,,
     0.005156398,362,,branch-misses:u,1252256,100.00,,
     0.005156398,119,,cache-misses:u,1249760,100.00,,
     0.005156398,1569270,,bus-cycles:u,1247840,100.00,,
     0.005156398,10011170,,instructions:u,1246560,100.00,,
     0.006322142,334,,branch-misses:u,1164864,100.00,,
     0.006322142,35,,cache-misses:u,1165056,100.00,,
     0.006322142,1463863,,bus-cycles:u,1164672,100.00,,
     0.006322142,9374197,,instructions:u,1164704,100.00,,
     0.007478862,329,,branch-misses:u,1156320,100.00,,
     0.007478862,34,,cache-misses:u,1156032,100.00,,
     0.007478862,1452982,,bus-cycles:u,1156096,100.00,,
     0.007478862,9301902,,instructions:u,1155808,100.00,,
     0.008633503,316,,branch-misses:u,1155520,100.00,,
     0.008633503,96,,cache-misses:u,1155936,100.00,,
     0.008633503,1382964,,bus-cycles:u,1155904,100.00,,
     0.008633503,8839173,,instructions:u,1155968,100.00,,
     0.009794703,311,,branch-misses:u,1160512,100.00,,
     0.009794703,40,,cache-misses:u,1160416,100.00,,
     0.009794703,1370191,,bus-cycles:u,1160736,100.00,,
     0.009794703,8753501,,instructions:u,1160672,100.00,,
     0.010949791,309,,branch-misses:u,1154848,100.00,,
     0.010949791,32,,cache-misses:u,1154496,100.00,,
     0.010949791,1362499,,bus-cycles:u,1154336,100.00,,
     0.010949791,8702883,,instructions:u,1154304,100.00,,
     0.012103248,315,,branch-misses:u,1155232,100.00,,
     0.012103248,134,,cache-misses:u,1155712,100.00,,
     0.012103248,1367252,,bus-cycles:u,1155456,100.00,,
     0.012103248,8750690,,instructions:u,1155456,100.00,,
     0.013262944,329,,branch-misses:u,1158368,100.00,,
     0.013262944,34,,cache-misses:u,1157888,100.00,,
     0.013262944,1455349,,bus-cycles:u,1157952,100.00,,
     0.013262944,9314936,,instructions:u,1157984,100.00,,
     0.014417809,330,,branch-misses:u,1154752,100.00,,
     0.014417809,36,,cache-misses:u,1154720,100.00,,
     0.014417809,1451763,,bus-cycles:u,1155040,100.00,,
     0.014417809,9286072,,instructions:u,1154944,100.00,,
     0.015570690,328,,branch-misses:u,1152864,100.00,,
     0.015570690,25,,cache-misses:u,1152832,100.00,,
     0.015570690,1448374,,bus-cycles:u,1152480,100.00,,
     0.015570690,9240478,,instructions:u,1152800,100.00,,
     0.016722610,341,,branch-misses:u,1153024,100.00,,
     0.016722610,124,,cache-misses:u,1153152,100.00,,
     0.016722610,1496955,,bus-cycles:u,1153504,100.00,,
     0.016722610,9557509,,instructions:u,1153216,100.00,,
     0.017881731,346,,branch-misses:u,1158528,100.00,,
     0.017881731,40,,cache-misses:u,1158720,100.00,,
     0.017881731,1535346,,bus-cycles:u,1158400,100.00,,
     0.017881731,9804794,,instructions:u,1158304,100.00,,
     0.019035475,345,,branch-misses:u,1153408,100.00,,
     0.019035475,30,,cache-misses:u,1152992,100.00,,
     0.019035475,1527855,,bus-cycles:u,1152928,100.00,,
     0.019035475,9764969,,instructions:u,1152960,100.00,,
     0.020186660,347,,branch-misses:u,1152256,100.00,,
     0.020186660,109,,cache-misses:u,1152448,100.00,,
     0.020186660,1521211,,bus-cycles:u,1152480,100.00,,
     0.020186660,9724058,,instructions:u,1152416,100.00,,
     0.021342165,349,,branch-misses:u,1154656,100.00,,
     0.021342165,51,,cache-misses:u,1154528,100.00,,
     0.021342165,1529726,,bus-cycles:u,1154464,100.00,,
     0.021342165,9794558,,instructions:u,1154496,100.00,,
     0.022494918,346,,branch-misses:u,1152864,100.00,,
     0.022494918,31,,cache-misses:u,1152960,100.00,,
     0.022494918,1527175,,bus-cycles:u,1153024,100.00,,
     0.022494918,9779178,,instructions:u,1152928,100.00,,
     0.023695762,359,,branch-misses:u,1201760,100.00,,
     0.023695762,37,,cache-misses:u,1201920,100.00,,
     0.023695762,1594013,,bus-cycles:u,1201984,100.00,,
     0.023695762,10186056,,instructions:u,1202080,100.00,,
     0.024850082,334,,branch-misses:u,1154976,100.00,,
     0.024850082,264,,cache-misses:u,1154912,100.00,,
     0.024850082,1463685,,bus-cycles:u,1155072,100.00,,
     0.024850082,9360485,,instructions:u,1155360,100.00,,
     0.026008499,347,,branch-misses:u,1157600,100.00,,
     0.026008499,41,,cache-misses:u,1157408,100.00,,
     0.026008499,1533622,,bus-cycles:u,1157184,100.00,,
     0.026008499,9799432,,instructions:u,1156896,100.00,,
     0.027161731,347,,branch-misses:u,1153024,100.00,,
     0.027161731,26,,cache-misses:u,1153088,100.00,,
     0.027161731,1527574,,bus-cycles:u,1153088,100.00,,
     0.027161731,9761850,,instructions:u,1153088,100.00,,
     0.028313652,345,,branch-misses:u,1153120,100.00,,
     0.028313652,108,,cache-misses:u,1153056,100.00,,
     0.028313652,1520832,,bus-cycles:u,1153152,100.00,,
     0.028313652,9705268,,instructions:u,1153248,100.00,,
     0.029470341,348,,branch-misses:u,1155712,100.00,,
     0.029470341,37,,cache-misses:u,1155712,100.00,,
     0.029470341,1530727,,bus-cycles:u,1155648,100.00,,
     0.029470341,9785126,,instructions:u,1155552,100.00,,
     0.030622870,346,,branch-misses:u,1152608,100.00,,
     0.030622870,29,,cache-misses:u,1152544,100.00,,
     0.030622870,1527481,,bus-cycles:u,1152480,100.00,,
     0.030622870,9769832,,instructions:u,1152512,100.00,,
     0.031774918,348,,branch-misses:u,1152064,100.00,,
     0.031774918,31,,cache-misses:u,1152064,100.00,,
     0.031774918,1527051,,bus-cycles:u,1152096,100.00,,
     0.031774918,9767496,,instructions:u,1152128,100.00,,
     0.032966100,361,,branch-misses:u,1199744,100.00,,
     0.032966100,82,,cache-misses:u,1201184,100.00,,
     0.032966100,1587075,,bus-cycles:u,1202432,100.00,,
     0.032966100,10158753,,instructions:u,1203424,100.00,,
     0.034174815,363,,branch-misses:u,1201408,100.00,,
     0.034174815,39,,cache-misses:u,1200128,100.00,,
     0.034174815,1589144,,bus-cycles:u,1198976,100.00,,
     0.034174815,10140012,,instructions:u,1198016,100.00,,
     0.035337903,351,,branch-misses:u,1163040,100.00,,
     0.035337903,29,,cache-misses:u,1162912,100.00,,
     0.035337903,1541390,,bus-cycles:u,1162848,100.00,,
     0.035337903,9862143,,instructions:u,1162816,100.00,,
     0.036495007,347,,branch-misses:u,1157728,100.00,,
     0.036495007,94,,cache-misses:u,1158112,100.00,,
     0.036495007,1529443,,bus-cycles:u,1158304,100.00,,
     0.036495007,9767640,,instructions:u,1158432,100.00,,
     0.037657551,350,,branch-misses:u,1161824,100.00,,
     0.037657551,35,,cache-misses:u,1161536,100.00,,
     0.037657551,1538393,,bus-cycles:u,1161376,100.00,,
     0.037657551,9829407,,instructions:u,1161152,100.00,,
     0.038813599,347,,branch-misses:u,1155680,100.00,,
     0.038813599,30,,cache-misses:u,1155904,100.00,,
     0.038813599,1532007,,bus-cycles:u,1155840,100.00,,
     0.038813599,9813638,,instructions:u,1155872,100.00,,
     0.039969744,348,,branch-misses:u,1157568,100.00,,
     0.039969744,75,,cache-misses:u,1157280,100.00,,
     0.039969744,1528094,,bus-cycles:u,1157376,100.00,,
     0.039969744,9759341,,instructions:u,1157536,100.00,,
     0.041130336,349,,branch-misses:u,1159552,100.00,,
     0.041130336,64,,cache-misses:u,1159552,100.00,,
     0.041130336,1535677,,bus-cycles:u,1159456,100.00,,
     0.041130336,9812535,,instructions:u,1159328,100.00,,
     0.042286416,346,,branch-misses:u,1156032,100.00,,
     0.042286416,32,,cache-misses:u,1156352,100.00,,
     0.042286416,1532017,,bus-cycles:u,1156704,100.00,,
     0.042286416,9796987,,instructions:u,1156672,100.00,,
     0.043442657,349,,branch-misses:u,1156384,100.00,,
     0.043442657,28,,cache-misses:u,1156096,100.00,,
     0.043442657,1531515,,bus-cycles:u,1155968,100.00,,
     0.043442657,9793242,,instructions:u,1156000,100.00,,
     0.044617488,350,,branch-misses:u,1176192,100.00,,
     0.044617488,100,,cache-misses:u,1176672,100.00,,
     0.044617488,1554148,,bus-cycles:u,1176512,100.00,,
     0.044617488,9934754,,instructions:u,1176608,100.00,,
     0.045779328,349,,branch-misses:u,1161184,100.00,,
     0.045779328,43,,cache-misses:u,1160960,100.00,,
     0.045779328,1538394,,bus-cycles:u,1160928,100.00,,
     0.045779328,9842012,,instructions:u,1160928,100.00,,
     0.046935344,345,,branch-misses:u,1155968,100.00,,
     0.046935344,29,,cache-misses:u,1155616,100.00,,
     0.046935344,1531503,,bus-cycles:u,1155552,100.00,,
     0.046935344,9780691,,instructions:u,1155744,100.00,,
     0.048091009,344,,branch-misses:u,1157280,100.00,,
     0.048091009,113,,cache-misses:u,1157792,100.00,,
     0.048091009,1521175,,bus-cycles:u,1157856,100.00,,
     0.048091009,9699908,,instructions:u,1157728,100.00,,
     0.049252656,349,,branch-misses:u,1160320,100.00,,
     0.049252656,33,,cache-misses:u,1159904,100.00,,
     0.049252656,1536186,,bus-cycles:u,1159840,100.00,,
     0.049252656,9840020,,instructions:u,1159680,100.00,,
     0.050408161,346,,branch-misses:u,1155136,100.00,,
     0.050408161,31,,cache-misses:u,1155104,100.00,,
     0.050408161,1530095,,bus-cycles:u,1155104,100.00,,
     0.050408161,9787757,,instructions:u,1155072,100.00,,
     0.051563218,349,,branch-misses:u,1155232,100.00,,
     0.051563218,30,,cache-misses:u,1155520,100.00,,
     0.051563218,1531195,,bus-cycles:u,1155520,100.00,,
     0.051563218,9794038,,instructions:u,1155552,100.00,,
     0.052717922,349,,branch-misses:u,1155904,100.00,,
     0.052717922,97,,cache-misses:u,1155712,100.00,,
     0.052717922,1525885,,bus-cycles:u,1155808,100.00,,
     0.052717922,9746698,,instructions:u,1155808,100.00,,
     0.053876850,349,,branch-misses:u,1157952,100.00,,
     0.053876850,33,,cache-misses:u,1158240,100.00,,
     0.053876850,1534745,,bus-cycles:u,1158112,100.00,,
     0.053876850,9812611,,instructions:u,1158432,100.00,,
     0.055032963,348,,branch-misses:u,1156192,100.00,,
     0.055032963,30,,cache-misses:u,1155712,100.00,,
     0.055032963,1531135,,bus-cycles:u,1155712,100.00,,
     0.055032963,9807444,,instructions:u,1155392,100.00,,
     0.056186900,347,,branch-misses:u,1154784,100.00,,
     0.056186900,93,,cache-misses:u,1155296,100.00,,
     0.056186900,1525855,,bus-cycles:u,1155360,100.00,,
     0.056186900,9749919,,instructions:u,1155360,100.00,,
     0.057344196,349,,branch-misses:u,1156704,100.00,,
     0.057344196,31,,cache-misses:u,1156544,100.00,,
     0.057344196,1533744,,bus-cycles:u,1156544,100.00,,
     0.057344196,9798574,,instructions:u,1156544,100.00,,
     0.058499029,347,,branch-misses:u,1154944,100.00,,
     0.058499029,30,,cache-misses:u,1154560,100.00,,
     0.058499029,1531239,,bus-cycles:u,1154496,100.00,,
     0.058499029,9776409,,instructions:u,1154528,100.00,,
     0.059653221,347,,branch-misses:u,1154304,100.00,,
     0.059653221,33,,cache-misses:u,1154400,100.00,,
     0.059653221,1530670,,bus-cycles:u,1154400,100.00,,
     0.059653221,9791070,,instructions:u,1154272,100.00,,
     0.060807030,333,,branch-misses:u,1129984,100.00,,
     0.060807030,206,,cache-misses:u,1130912,100.00,,
     0.060807030,1461276,,bus-cycles:u,1131360,100.00,,
     0.060807030,9351478,,instructions:u,1131648,100.00,,
     0.061968166,349,,branch-misses:u,1160224,100.00,,
     0.061968166,36,,cache-misses:u,1159296,100.00,,
     0.061968166,1537198,,bus-cycles:u,1158880,100.00,,
     0.061968166,9820327,,instructions:u,1158656,100.00,,
     0.063124566,348,,branch-misses:u,1156064,100.00,,
     0.063124566,44,,cache-misses:u,1156096,100.00,,
     0.063124566,1532711,,bus-cycles:u,1156064,100.00,,
     0.063124566,9806143,,instructions:u,1156096,100.00,,
     0.064279175,347,,branch-misses:u,1155840,100.00,,
     0.064279175,101,,cache-misses:u,1156352,100.00,,
     0.064279175,1524940,,bus-cycles:u,1156416,100.00,,
     0.064279175,9738477,,instructions:u,1156416,100.00,,
     0.065438935,348,,branch-misses:u,1159008,100.00,,
     0.065438935,32,,cache-misses:u,1158496,100.00,,
     0.065438935,1536224,,bus-cycles:u,1158496,100.00,,
     0.065438935,9813090,,instructions:u,1158496,100.00,,
     0.066607270,350,,branch-misses:u,1169024,100.00,,
     0.066607270,26,,cache-misses:u,1169472,100.00,,
     0.066607270,1550552,,bus-cycles:u,1169472,100.00,,
     0.066607270,9919629,,instructions:u,1169440,100.00,,
     0.067764375,347,,branch-misses:u,1156320,100.00,,
     0.067764375,33,,cache-misses:u,1155872,100.00,,
     0.067764375,1531843,,bus-cycles:u,1155840,100.00,,
     0.067764375,9774068,,instructions:u,1155936,100.00,,
     0.068934406,352,,branch-misses:u,1171392,100.00,,
     0.068934406,92,,cache-misses:u,1171712,100.00,,
     0.068934406,1546971,,bus-cycles:u,1171744,100.00,,
     0.068934406,9890905,,instructions:u,1171648,100.00,,
     0.070091958,348,,branch-misses:u,1156416,100.00,,
     0.070091958,37,,cache-misses:u,1156352,100.00,,
     0.070091958,1531665,,bus-cycles:u,1156320,100.00,,
     0.070091958,9806879,,instructions:u,1156320,100.00,,
     0.071246727,346,,branch-misses:u,1154848,100.00,,
     0.071246727,27,,cache-misses:u,1154592,100.00,,
     0.071246727,1528540,,bus-cycles:u,1154624,100.00,,
     0.071246727,9783170,,instructions:u,1154656,100.00,,
     0.072400824,349,,branch-misses:u,1155488,100.00,,
     0.072400824,110,,cache-misses:u,1155776,100.00,,
     0.072400824,1521960,,bus-cycles:u,1155712,100.00,,
     0.072400824,9714211,,instructions:u,1155776,100.00,,
     0.073560808,349,,branch-misses:u,1158944,100.00,,
     0.073560808,35,,cache-misses:u,1159008,100.00,,
     0.073560808,1535909,,bus-cycles:u,1159040,100.00,,
     0.073560808,9830548,,instructions:u,1159008,100.00,,
     0.074716120,347,,branch-misses:u,1155360,100.00,,
     0.074716120,31,,cache-misses:u,1154944,100.00,,
     0.074716120,1529382,,bus-cycles:u,1154976,100.00,,
     0.074716120,9781301,,instructions:u,1154944,100.00,,
     0.075861834,345,,branch-misses:u,1146784,100.00,,
     0.075861834,40,,cache-misses:u,1147168,100.00,,
     0.075861834,1513558,,bus-cycles:u,1147200,100.00,,
     0.075861834,9673467,,instructions:u,1147136,100.00,,
     0.077023130,349,,branch-misses:u,1160480,100.00,,
     0.077023130,86,,cache-misses:u,1160192,100.00,,
     0.077023130,1536931,,bus-cycles:u,1160160,100.00,,
     0.077023130,9821023,,instructions:u,1160192,100.00,,
     0.078177226,347,,branch-misses:u,1154080,100.00,,
     0.078177226,35,,cache-misses:u,1154048,100.00,,
     0.078177226,1528900,,bus-cycles:u,1153984,100.00,,
     0.078177226,9786856,,instructions:u,1154016,100.00,,
     0.079329563,348,,branch-misses:u,1152480,100.00,,
     0.079329563,27,,cache-misses:u,1152160,100.00,,
     0.079329563,1527330,,bus-cycles:u,1152192,100.00,,
     0.079329563,9759517,,instructions:u,1152160,100.00,,
     0.080486380,348,,branch-misses:u,1160544,100.00,,
     0.080486380,99,,cache-misses:u,1161568,100.00,,
     0.080486380,1534387,,bus-cycles:u,1162080,100.00,,
     0.080486380,9817471,,instructions:u,1163168,100.00,,
     0.081664378,352,,branch-misses:u,1175232,100.00,,
     0.081664378,38,,cache-misses:u,1174528,100.00,,
     0.081664378,1556635,,bus-cycles:u,1174560,100.00,,
     0.081664378,9936975,,instructions:u,1173440,100.00,,
     0.082820682,348,,branch-misses:u,1155872,100.00,,
     0.082820682,27,,cache-misses:u,1155872,100.00,,
     0.082820682,1530367,,bus-cycles:u,1155328,100.00,,
     0.082820682,9807052,,instructions:u,1155360,100.00,,
     0.083974939,350,,branch-misses:u,1155744,100.00,,
     0.083974939,88,,cache-misses:u,1156000,100.00,,
     0.083974939,1526785,,bus-cycles:u,1156096,100.00,,
     0.083974939,9772482,,instructions:u,1156096,100.00,,
     0.085133867,348,,branch-misses:u,1158336,100.00,,
     0.085133867,53,,cache-misses:u,1158048,100.00,,
     0.085133867,1533889,,bus-cycles:u,1158048,100.00,,
     0.085133867,9813982,,instructions:u,1158016,100.00,,
     0.086288572,344,,branch-misses:u,1154112,100.00,,
     0.086288572,27,,cache-misses:u,1154176,100.00,,
     0.086288572,1529271,,bus-cycles:u,1154112,100.00,,
     0.086288572,9762821,,instructions:u,1154080,100.00,,
     0.087457739,351,,branch-misses:u,1169856,100.00,,
     0.087457739,30,,cache-misses:u,1169952,100.00,,
     0.087457739,1551998,,bus-cycles:u,1169984,100.00,,
     0.087457739,9925123,,instructions:u,1170080,100.00,,
     0.088611228,348,,branch-misses:u,1154176,100.00,,
     0.088611228,115,,cache-misses:u,1154208,100.00,,
     0.088611228,1523237,,bus-cycles:u,1154240,100.00,,
     0.088611228,9735329,,instructions:u,1154304,100.00,,
     0.089769836,347,,branch-misses:u,1157728,100.00,,
     0.089769836,37,,cache-misses:u,1157696,100.00,,
     0.089769836,1534386,,bus-cycles:u,1157600,100.00,,
     0.089769836,9784743,,instructions:u,1157504,100.00,,
     0.090923997,346,,branch-misses:u,1154112,100.00,,
     0.090923997,28,,cache-misses:u,1154016,100.00,,
     0.090923997,1529000,,bus-cycles:u,1154016,100.00,,
     0.090923997,9748585,,instructions:u,1153984,100.00,,
     0.092086253,352,,branch-misses:u,1168608,100.00,,
     0.092086253,107,,cache-misses:u,1170720,100.00,,
     0.092086253,1548566,,bus-cycles:u,1172448,100.00,,
     0.092086253,9920372,,instructions:u,1173568,100.00,,
     0.093292152,362,,branch-misses:u,1201152,100.00,,
     0.093292152,30,,cache-misses:u,1200096,100.00,,
     0.093292152,1589324,,bus-cycles:u,1198848,100.00,,
     0.093292152,10160796,,instructions:u,1198016,100.00,,
     0.094457640,349,,branch-misses:u,1165248,100.00,,
     0.094457640,31,,cache-misses:u,1164672,100.00,,
     0.094457640,1542712,,bus-cycles:u,1164320,100.00,,
     0.094457640,9862652,,instructions:u,1164160,100.00,,
     0.095617016,346,,branch-misses:u,1158880,100.00,,
     0.095617016,30,,cache-misses:u,1158720,100.00,,
     0.095617016,1535473,,bus-cycles:u,1158592,100.00,,
     0.095617016,9785210,,instructions:u,1158560,100.00,,
     0.096773992,348,,branch-misses:u,1158016,100.00,,
     0.096773992,90,,cache-misses:u,1158400,100.00,,
     0.096773992,1528327,,bus-cycles:u,1158464,100.00,,
     0.096773992,9768660,,instructions:u,1158528,100.00,,
     0.097935544,351,,branch-misses:u,1160704,100.00,,
     0.097935544,31,,cache-misses:u,1160224,100.00,,
     0.097935544,1536966,,bus-cycles:u,1160192,100.00,,
     0.097935544,9833348,,instructions:u,1160096,100.00,,
     0.099091177,346,,branch-misses:u,1155232,100.00,,
     0.099091177,30,,cache-misses:u,1154944,100.00,,
     0.099091177,1529860,,bus-cycles:u,1154880,100.00,,
     0.099091177,9772814,,instructions:u,1154880,100.00,,
     0.100244890,346,,branch-misses:u,1155296,100.00,,
     0.100244890,103,,cache-misses:u,1155904,100.00,,
     0.100244890,1525807,,bus-cycles:u,1156384,100.00,,
     0.100244890,9729913,,instructions:u,1156992,100.00,,
     0.101406474,347,,branch-misses:u,1160800,100.00,,
     0.101406474,29,,cache-misses:u,1160224,100.00,,
     0.101406474,1537438,,bus-cycles:u,1160128,100.00,,
     0.101406474,9819520,,instructions:u,1159776,100.00,,
     0.102562138,349,,branch-misses:u,1155776,100.00,,
     0.102562138,38,,cache-misses:u,1155968,100.00,,
     0.102562138,1531828,,bus-cycles:u,1155872,100.00,,
     0.102562138,9798303,,instructions:u,1155840,100.00,,
     0.103718091,349,,branch-misses:u,1156160,100.00,,
     0.103718091,31,,cache-misses:u,1156224,100.00,,
     0.103718091,1530647,,bus-cycles:u,1155936,100.00,,
     0.103718091,9790905,,instructions:u,1155936,100.00,,
     0.104873467,347,,branch-misses:u,1156224,100.00,,
     0.104873467,90,,cache-misses:u,1156256,100.00,,
     0.104873467,1525014,,bus-cycles:u,1156352,100.00,,
     0.104873467,9735647,,instructions:u,1156160,100.00,,
     0.106032107,347,,branch-misses:u,1157728,100.00,,
     0.106032107,34,,cache-misses:u,1157376,100.00,,
     0.106032107,1533296,,bus-cycles:u,1157376,100.00,,
     0.106032107,9808482,,instructions:u,1157248,100.00,,
     0.107185660,346,,branch-misses:u,1153312,100.00,,
     0.107185660,29,,cache-misses:u,1153888,100.00,,
     0.107185660,1529382,,bus-cycles:u,1154048,100.00,,
     0.107185660,9776348,,instructions:u,1154144,100.00,,
     0.108340429,346,,branch-misses:u,1156672,100.00,,
     0.108340429,94,,cache-misses:u,1156704,100.00,,
     0.108340429,1525634,,bus-cycles:u,1156416,100.00,,
     0.108340429,9748854,,instructions:u,1156640,100.00,,
     0.109524762,357,,branch-misses:u,1184288,100.00,,
     0.109524762,31,,cache-misses:u,1184352,100.00,,
     0.109524762,1568860,,bus-cycles:u,1184512,100.00,,
     0.109524762,10034546,,instructions:u,1184352,100.00,,
     0.110681227,345,,branch-misses:u,1155552,100.00,,
     0.110681227,30,,cache-misses:u,1155264,100.00,,
     0.110681227,1530816,,bus-cycles:u,1155392,100.00,,
     0.110681227,9791422,,instructions:u,1155552,100.00,,
     0.111835068,345,,branch-misses:u,1153440,100.00,,
     0.111835068,28,,cache-misses:u,1153408,100.00,,
     0.111835068,1528615,,bus-cycles:u,1158304,100.00,,
     0.111835068,9834410,,instructions:u,1165280,100.00,,
     0.113005195,350,,branch-misses:u,1170624,100.00,,
     0.113005195,101,,cache-misses:u,1170592,100.00,,
     0.113005195,1546172,,bus-cycles:u,1165728,100.00,,
     0.113005195,9815519,,instructions:u,1158752,100.00,,
     0.114161531,346,,branch-misses:u,1156064,100.00,,
     0.114161531,34,,cache-misses:u,1156096,100.00,,
     0.114161531,1532387,,bus-cycles:u,1156128,100.00,,
     0.114161531,9805698,,instructions:u,1156160,100.00,,
     0.115317804,347,,branch-misses:u,1156544,100.00,,
     0.115317804,29,,cache-misses:u,1156576,100.00,,
     0.115317804,1532324,,bus-cycles:u,1156576,100.00,,
     0.115317804,9765442,,instructions:u,1156576,100.00,,
     0.116472828,346,,branch-misses:u,1155936,100.00,,
     0.116472828,104,,cache-misses:u,1155680,100.00,,
     0.116472828,1525439,,bus-cycles:u,1155424,100.00,,
     0.116472828,9749085,,instructions:u,1155456,100.00,,
     0.117630957,347,,branch-misses:u,1157664,100.00,,
     0.117630957,35,,cache-misses:u,1157728,100.00,,
     0.117630957,1534333,,bus-cycles:u,1157696,100.00,,
     0.117630957,9816722,,instructions:u,1157632,100.00,,
     0.118785789,348,,branch-misses:u,1154496,100.00,,
     0.118785789,35,,cache-misses:u,1154592,100.00,,
     0.118785789,1530085,,bus-cycles:u,1154784,100.00,,
     0.118785789,9789185,,instructions:u,1154784,100.00,,
     0.119940878,341,,branch-misses:u,1148832,100.00,,
     0.119940878,164,,cache-misses:u,1149408,100.00,,
     0.119940878,1499590,,bus-cycles:u,1149472,100.00,,
     0.119940878,9590146,,instructions:u,1149440,100.00,,
     0.121101758,348,,branch-misses:u,1159616,100.00,,
     0.121101758,127,,cache-misses:u,1158912,100.00,,
     0.121101758,1536218,,bus-cycles:u,1158624,100.00,,
     0.121101758,9817337,,instructions:u,1158656,100.00,,
     0.122258126,347,,branch-misses:u,1156448,100.00,,
     0.122258126,38,,cache-misses:u,1156416,100.00,,
     0.122258126,1533052,,bus-cycles:u,1156512,100.00,,
     0.122258126,9798225,,instructions:u,1156544,100.00,,
     0.123414399,347,,branch-misses:u,1156096,100.00,,
     0.123414399,39,,cache-misses:u,1156288,100.00,,
     0.123414399,1532565,,bus-cycles:u,1156160,100.00,,
     0.123414399,9803392,,instructions:u,1156128,100.00,,
     0.124569199,348,,branch-misses:u,1156320,100.00,,
     0.124569199,121,,cache-misses:u,1156128,100.00,,
     0.124569199,1526127,,bus-cycles:u,1156288,100.00,,
     0.124569199,9763151,,instructions:u,1156288,100.00,,
     0.125728863,348,,branch-misses:u,1158624,100.00,,
     0.125728863,31,,cache-misses:u,1158976,100.00,,
     0.125728863,1536931,,bus-cycles:u,1159136,100.00,,
     0.125728863,9823457,,instructions:u,1159136,100.00,,
     0.126884976,345,,branch-misses:u,1155712,100.00,,
     0.126884976,27,,cache-misses:u,1155520,100.00,,
     0.126884976,1532031,,bus-cycles:u,1155520,100.00,,
     0.126884976,9763413,,instructions:u,1155520,100.00,,
     0.128039521,348,,branch-misses:u,1155968,100.00,,
     0.128039521,97,,cache-misses:u,1156128,100.00,,
     0.128039521,1527110,,bus-cycles:u,1156160,100.00,,
     0.128039521,9766731,,instructions:u,1156192,100.00,,
     0.129199377,348,,branch-misses:u,1158752,100.00,,
     0.129199377,40,,cache-misses:u,1158656,100.00,,
     0.129199377,1536272,,bus-cycles:u,1158592,100.00,,
     0.129199377,9817991,,instructions:u,1158592,100.00,,
     0.130367072,354,,branch-misses:u,1168832,100.00,,
     0.130367072,32,,cache-misses:u,1168544,100.00,,
     0.130367072,1549285,,bus-cycles:u,1168352,100.00,,
     0.130367072,9921548,,instructions:u,1168128,100.00,,
     0.131522736,347,,branch-misses:u,1154688,100.00,,
     0.131522736,35,,cache-misses:u,1154720,100.00,,
     0.131522736,1531526,,bus-cycles:u,1154656,100.00,,
     0.131522736,9797210,,instructions:u,1154912,100.00,,
     0.132676033,345,,branch-misses:u,1154592,100.00,,
     0.132676033,105,,cache-misses:u,1154944,100.00,,
     0.132676033,1524253,,bus-cycles:u,1154944,100.00,,
     0.132676033,9750376,,instructions:u,1154944,100.00,,
     0.133835665,349,,branch-misses:u,1158560,100.00,,
     0.133835665,34,,cache-misses:u,1158176,100.00,,
     0.133835665,1535554,,bus-cycles:u,1158464,100.00,,
     0.133835665,9831102,,instructions:u,1158464,100.00,,
     0.134990114,349,,branch-misses:u,1154592,100.00,,
     0.134990114,48,,cache-misses:u,1154912,100.00,,
     0.134990114,1531101,,bus-cycles:u,1154912,100.00,,
     0.134990114,9818293,,instructions:u,1154880,100.00,,
     0.136144371,349,,branch-misses:u,1155584,100.00,,
     0.136144371,104,,cache-misses:u,1155552,100.00,,
     0.136144371,1523861,,bus-cycles:u,1155520,100.00,,
     0.136144371,9743905,,instructions:u,1155488,100.00,,
     0.137303299,347,,branch-misses:u,1157984,100.00,,
     0.137303299,37,,cache-misses:u,1157952,100.00,,
     0.137303299,1535329,,bus-cycles:u,1158016,100.00,,
     0.137303299,9817537,,instructions:u,1158016,100.00,,
     0.138459027,347,,branch-misses:u,1155648,100.00,,
     0.138459027,27,,cache-misses:u,1155584,100.00,,
     0.138459027,1531487,,bus-cycles:u,1155520,100.00,,
     0.138459027,9799213,,instructions:u,1155552,100.00,,
     0.139613284,347,,branch-misses:u,1154528,100.00,,
     0.139613284,31,,cache-misses:u,1154624,100.00,,
     0.139613284,1529322,,bus-cycles:u,1154688,100.00,,
     0.139613284,9782123,,instructions:u,1154656,100.00,,
     0.140768021,346,,branch-misses:u,1155456,100.00,,
     0.140768021,91,,cache-misses:u,1155424,100.00,,
     0.140768021,1524842,,bus-cycles:u,1155456,100.00,,
     0.140768021,9737573,,instructions:u,1155488,100.00,,
     0.141926917,347,,branch-misses:u,1158784,100.00,,
     0.141926917,39,,cache-misses:u,1158752,100.00,,
     0.141926917,1533804,,bus-cycles:u,1158720,100.00,,
     0.141926917,9807335,,instructions:u,1158688,100.00,,
     0.143083285,346,,branch-misses:u,1155904,100.00,,
     0.143083285,32,,cache-misses:u,1155904,100.00,,
     0.143083285,1531269,,bus-cycles:u,1155584,100.00,,
     0.143083285,9789644,,instructions:u,1155584,100.00,,
     0.144237190,348,,branch-misses:u,1155040,100.00,,
     0.144237190,104,,cache-misses:u,1155072,100.00,,
     0.144237190,1524458,,bus-cycles:u,1155360,100.00,,
     0.144237190,9759526,,instructions:u,1155392,100.00,,
     0.145397494,349,,branch-misses:u,1159552,100.00,,
     0.145397494,33,,cache-misses:u,1159232,100.00,,
     0.145397494,1535790,,bus-cycles:u,1159200,100.00,,
     0.145397494,9824699,,instructions:u,1159200,100.00,,
     0.146552615,347,,branch-misses:u,1155168,100.00,,
     0.146552615,27,,cache-misses:u,1155456,100.00,,
     0.146552615,1531276,,bus-cycles:u,1155488,100.00,,
     0.146552615,9777331,,instructions:u,1155424,100.00,,
     0.147706807,346,,branch-misses:u,1154336,100.00,,
     0.147706807,28,,cache-misses:u,1154368,100.00,,
     0.147706807,1529238,,bus-cycles:u,1154304,100.00,,
     0.147706807,9748737,,instructions:u,1154432,100.00,,
     0.148861096,349,,branch-misses:u,1155616,100.00,,
     0.148861096,111,,cache-misses:u,1155648,100.00,,
     0.148861096,1525012,,bus-cycles:u,1155456,100.00,,
     0.148861096,9747288,,instructions:u,1155360,100.00,,
     0.150020408,345,,branch-misses:u,1158240,100.00,,
     0.150020408,41,,cache-misses:u,1157824,100.00,,
     0.150020408,1534535,,bus-cycles:u,1157792,100.00,,
     0.150020408,9820435,,instructions:u,1157920,100.00,,
     0.151174697,348,,branch-misses:u,1154528,100.00,,
     0.151174697,43,,cache-misses:u,1154752,100.00,,
     0.151174697,1529202,,bus-cycles:u,1154784,100.00,,
     0.151174697,9785517,,instructions:u,1154688,100.00,,
     0.152341144,349,,branch-misses:u,1167872,100.00,,
     0.152341144,100,,cache-misses:u,1168480,100.00,,
     0.152341144,1541925,,bus-cycles:u,1168896,100.00,,
     0.152341144,9859113,,instructions:u,1169152,100.00,,
     0.153503944,348,,branch-misses:u,1161440,100.00,,
     0.153503944,35,,cache-misses:u,1160800,100.00,,
     0.153503944,1537491,,bus-cycles:u,1160544,100.00,,
     0.153503944,9820181,,instructions:u,1160288,100.00,,
     0.154660025,348,,branch-misses:u,1156256,100.00,,
     0.154660025,35,,cache-misses:u,1156384,100.00,,
     0.154660025,1532869,,bus-cycles:u,1156608,100.00,,
     0.154660025,9805277,,instructions:u,1156576,100.00,,
     0.155814697,348,,branch-misses:u,1154784,100.00,,
     0.155814697,33,,cache-misses:u,1154560,100.00,,
     0.155814697,1529662,,bus-cycles:u,1154112,100.00,,
     0.155814697,9795679,,instructions:u,1154112,100.00,,
     0.156985752,353,,branch-misses:u,1172384,100.00,,
     0.156985752,92,,cache-misses:u,1172864,100.00,,
     0.156985752,1546564,,bus-cycles:u,1173184,100.00,,
     0.156985752,9882421,,instructions:u,1172864,100.00,,
     0.158142249,346,,branch-misses:u,1155360,100.00,,
     0.158142249,31,,cache-misses:u,1154848,100.00,,
     0.158142249,1531512,,bus-cycles:u,1154848,100.00,,
     0.158142249,9804199,,instructions:u,1155232,100.00,,
     0.159296729,344,,branch-misses:u,1154656,100.00,,
     0.159296729,25,,cache-misses:u,1154656,100.00,,
     0.159296729,1530295,,bus-cycles:u,1154368,100.00,,
     0.159296729,9789756,,instructions:u,1154272,100.00,,
     0.160451050,348,,branch-misses:u,1155904,100.00,,
     0.160451050,105,,cache-misses:u,1156576,100.00,,
     0.160451050,1527489,,bus-cycles:u,1156864,100.00,,
     0.160451050,9778012,,instructions:u,1156928,100.00,,
     0.161613530,348,,branch-misses:u,1161504,100.00,,
     0.161613530,32,,cache-misses:u,1160800,100.00,,
     0.161613530,1538294,,bus-cycles:u,1160768,100.00,,
     0.161613530,9851389,,instructions:u,1160736,100.00,,
     0.162769226,346,,branch-misses:u,1155296,100.00,,
     0.162769226,35,,cache-misses:u,1155584,100.00,,
     0.162769226,1531885,,bus-cycles:u,1155584,100.00,,
     0.162769226,9795030,,instructions:u,1155616,100.00,,
     0.163924155,348,,branch-misses:u,1155776,100.00,,
     0.163924155,53,,cache-misses:u,1155776,100.00,,
     0.163924155,1525709,,bus-cycles:u,1155584,100.00,,
     0.163924155,9760574,,instructions:u,1155360,100.00,,
     0.165081707,345,,branch-misses:u,1156896,100.00,,
     0.165081707,68,,cache-misses:u,1156672,100.00,,
     0.165081707,1533210,,bus-cycles:u,1156800,100.00,,
     0.165081707,9802755,,instructions:u,1157024,100.00,,
     0.166235836,347,,branch-misses:u,1154208,100.00,,
     0.166235836,37,,cache-misses:u,1154176,100.00,,
     0.166235836,1529683,,bus-cycles:u,1154016,100.00,,
     0.166235836,9784881,,instructions:u,1154016,100.00,,
     0.167388941,348,,branch-misses:u,1153184,100.00,,
     0.167388941,32,,cache-misses:u,1153504,100.00,,
     0.167388941,1529700,,bus-cycles:u,1153728,100.00,,
     0.167388941,9782691,,instructions:u,1153696,100.00,,
     0.168542078,344,,branch-misses:u,1154368,100.00,,
     0.168542078,102,,cache-misses:u,1154240,100.00,,
     0.168542078,1522665,,bus-cycles:u,1154144,100.00,,
     0.168542078,9728178,,instructions:u,1154016,100.00,,
     0.169698478,348,,branch-misses:u,1155488,100.00,,
     0.169698478,35,,cache-misses:u,1155552,100.00,,
     0.169698478,1531737,,bus-cycles:u,1155648,100.00,,
     0.169698478,9792865,,instructions:u,1155776,100.00,,
     0.170853279,346,,branch-misses:u,1154880,100.00,,
     0.170853279,37,,cache-misses:u,1154656,100.00,,
     0.170853279,1529470,,bus-cycles:u,1154432,100.00,,
     0.170853279,9787096,,instructions:u,1154368,100.00,,
     0.172006799,348,,branch-misses:u,1154624,100.00,,
     0.172006799,103,,cache-misses:u,1154656,100.00,,
     0.172006799,1524130,,bus-cycles:u,1154688,100.00,,
     0.172006799,9750342,,instructions:u,1154816,100.00,,
     0.173178014,352,,branch-misses:u,1171648,100.00,,
     0.173178014,50,,cache-misses:u,1172480,100.00,,
     0.173178014,1554060,,bus-cycles:u,1172416,100.00,,
     0.173178014,9945945,,instructions:u,1172384,100.00,,
     0.174336079,348,,branch-misses:u,1157440,100.00,,
     0.174336079,34,,cache-misses:u,1156320,100.00,,
     0.174336079,1533388,,bus-cycles:u,1156256,100.00,,
     0.174336079,9805737,,instructions:u,1156256,100.00,,
     0.175490751,345,,branch-misses:u,1154688,100.00,,
     0.175490751,34,,cache-misses:u,1155232,100.00,,
     0.175490751,1532300,,bus-cycles:u,1155584,100.00,,
     0.175490751,9804891,,instructions:u,1155552,100.00,,
     0.176646800,344,,branch-misses:u,1152128,100.00,,
     0.176646800,204,,cache-misses:u,1152544,100.00,,
     0.176646800,1512529,,bus-cycles:u,1152576,100.00,,
     0.176646800,9669032,,instructions:u,1152544,100.00,,
     0.177807328,351,,branch-misses:u,1159520,100.00,,
     0.177807328,39,,cache-misses:u,1158816,100.00,,
     0.177807328,1536267,,bus-cycles:u,1158496,100.00,,
     0.177807328,9818174,,instructions:u,1158528,100.00,,
     0.178962160,344,,branch-misses:u,1154848,100.00,,
     0.178962160,31,,cache-misses:u,1155136,100.00,,
     0.178962160,1531278,,bus-cycles:u,1155168,100.00,,
     0.178962160,9758791,,instructions:u,1155200,100.00,,
     0.180116737,345,,branch-misses:u,1155712,100.00,,
     0.180116737,115,,cache-misses:u,1155424,100.00,,
     0.180116737,1524729,,bus-cycles:u,1155648,100.00,,
     0.180116737,9756930,,instructions:u,1155808,100.00,,
     0.181276593,346,,branch-misses:u,1159072,100.00,,
     0.181276593,42,,cache-misses:u,1159136,100.00,,
     0.181276593,1536170,,bus-cycles:u,1158944,100.00,,
     0.181276593,9823786,,instructions:u,1158752,100.00,,
     0.182431682,346,,branch-misses:u,1155072,100.00,,
     0.182431682,34,,cache-misses:u,1154912,100.00,,
     0.182431682,1531714,,bus-cycles:u,1154784,100.00,,
     0.182431682,9799673,,instructions:u,1154784,100.00,,
     0.183585682,347,,branch-misses:u,1154080,100.00,,
     0.183585682,34,,cache-misses:u,1154400,100.00,,
     0.183585682,1530802,,bus-cycles:u,1154752,100.00,,
     0.183585682,9789708,,instructions:u,1154784,100.00,,
     0.184743331,349,,branch-misses:u,1161152,100.00,,
     0.184743331,104,,cache-misses:u,1162112,100.00,,
     0.184743331,1534393,,bus-cycles:u,1162240,100.00,,
     0.184743331,9801367,,instructions:u,1162176,100.00,,
     0.185924881,356,,branch-misses:u,1178720,100.00,,
     0.185924881,37,,cache-misses:u,1177536,100.00,,
     0.185924881,1560367,,bus-cycles:u,1177344,100.00,,
     0.185924881,9974347,,instructions:u,1177152,100.00,,
     0.187079937,350,,branch-misses:u,1154880,100.00,,
     0.187079937,36,,cache-misses:u,1154912,100.00,,
     0.187079937,1530196,,bus-cycles:u,1154688,100.00,,
     0.187079937,9791346,,instructions:u,1154688,100.00,,
     0.188233874,345,,branch-misses:u,1155232,100.00,,
     0.188233874,126,,cache-misses:u,1155616,100.00,,
     0.188233874,1524038,,bus-cycles:u,1155776,100.00,,
     0.188233874,9747197,,instructions:u,1155808,100.00,,
     0.189392482,346,,branch-misses:u,1157568,100.00,,
     0.189392482,36,,cache-misses:u,1157376,100.00,,
     0.189392482,1533737,,bus-cycles:u,1157248,100.00,,
     0.189392482,9807285,,instructions:u,1157184,100.00,,
     0.190545971,347,,branch-misses:u,1153600,100.00,,
     0.190545971,31,,cache-misses:u,1153376,100.00,,
     0.190545971,1528346,,bus-cycles:u,1153312,100.00,,
     0.190545971,9779613,,instructions:u,1153344,100.00,,
     0.191698916,345,,branch-misses:u,1153024,100.00,,
     0.191698916,34,,cache-misses:u,1153056,100.00,,
     0.191698916,1528418,,bus-cycles:u,1153248,100.00,,
     0.191698916,9758750,,instructions:u,1153216,100.00,,
     0.192852309,348,,branch-misses:u,1154656,100.00,,
     0.192852309,96,,cache-misses:u,1154880,100.00,,
     0.192852309,1524213,,bus-cycles:u,1154752,100.00,,
     0.192852309,9746705,,instructions:u,1154912,100.00,,
     0.194024611,350,,branch-misses:u,1171936,100.00,,
     0.194024611,37,,cache-misses:u,1171904,100.00,,
     0.194024611,1554063,,bus-cycles:u,1172128,100.00,,
     0.194024611,9925506,,instructions:u,1172096,100.00,,
     0.195178740,343,,branch-misses:u,1153536,100.00,,
     0.195178740,29,,cache-misses:u,1153408,100.00,,
     0.195178740,1528648,,bus-cycles:u,1153216,100.00,,
     0.195178740,9753166,,instructions:u,1152992,100.00,,
     0.196331237,345,,branch-misses:u,1153888,100.00,,
     0.196331237,103,,cache-misses:u,1153952,100.00,,
     0.196331237,1524127,,bus-cycles:u,1154016,100.00,,
     0.196331237,9742191,,instructions:u,1154208,100.00,,
     0.197489813,348,,branch-misses:u,1157824,100.00,,
     0.197489813,37,,cache-misses:u,1157344,100.00,,
     0.197489813,1533461,,bus-cycles:u,1157216,100.00,,
     0.197489813,9804046,,instructions:u,1157120,100.00,,
     0.198644070,345,,branch-misses:u,1153984,100.00,,
     0.198644070,35,,cache-misses:u,1154400,100.00,,
     0.198644070,1530047,,bus-cycles:u,1154336,100.00,,
     0.198644070,9778473,,instructions:u,1154336,100.00,,
     0.199798134,346,,branch-misses:u,1154208,100.00,,
     0.199798134,32,,cache-misses:u,1154048,100.00,,
     0.199798134,1529162,,bus-cycles:u,1154144,100.00,,
     0.199798134,9747455,,instructions:u,1154144,100.00,,
     0.200970501,355,,branch-misses:u,1173152,100.00,,
     0.200970501,86,,cache-misses:u,1173728,100.00,,
     0.200970501,1549637,,bus-cycles:u,1173760,100.00,,
     0.200970501,9903272,,instructions:u,1173760,100.00,,
     0.202125974,345,,branch-misses:u,1154720,100.00,,
     0.202125974,36,,cache-misses:u,1154144,100.00,,
     0.202125974,1530189,,bus-cycles:u,1154048,100.00,,
     0.202125974,9781734,,instructions:u,1154048,100.00,,
     0.203279303,349,,branch-misses:u,1153408,100.00,,
     0.203279303,49,,cache-misses:u,1153504,100.00,,
     0.203279303,1528448,,bus-cycles:u,1153536,100.00,,
     0.203279303,9787228,,instructions:u,1153504,100.00,,
     0.204432727,345,,branch-misses:u,1155136,100.00,,
     0.204432727,107,,cache-misses:u,1155328,100.00,,
     0.204432727,1525060,,bus-cycles:u,1155328,100.00,,
     0.204432727,9749904,,instructions:u,1155424,100.00,,
     0.205591848,348,,branch-misses:u,1158176,100.00,,
     0.205591848,33,,cache-misses:u,1157952,100.00,,
     0.205591848,1534534,,bus-cycles:u,1157984,100.00,,
     0.205591848,9802846,,instructions:u,1157920,100.00,,
     0.206746168,344,,branch-misses:u,1153920,100.00,,
     0.206746168,29,,cache-misses:u,1154016,100.00,,
     0.206746168,1528582,,bus-cycles:u,1154016,100.00,,
     0.206746168,9781749,,instructions:u,1154016,100.00,,
     0.207860941,337,,branch-misses:u,1115936,100.00,,
     0.207860941,34,,cache-misses:u,1116000,100.00,,
     0.207860941,1473047,,bus-cycles:u,1116000,100.00,,
     0.207860941,9422424,,instructions:u,1116064,100.00,,
     0.209019549,350,,branch-misses:u,1158144,100.00,,
     0.209019549,95,,cache-misses:u,1158048,100.00,,
     0.209019549,1534220,,bus-cycles:u,1157984,100.00,,
     0.209019549,9804740,,instructions:u,1157920,100.00,,
     0.210173070,343,,branch-misses:u,1153248,100.00,,
     0.210173070,32,,cache-misses:u,1152864,100.00,,
     0.210173070,1527738,,bus-cycles:u,1152992,100.00,,
     0.210173070,9765231,,instructions:u,1152992,100.00,,
     0.211325982,348,,branch-misses:u,1152992,100.00,,
     0.211325982,29,,cache-misses:u,1153344,100.00,,
     0.211325982,1527637,,bus-cycles:u,1153312,100.00,,
     0.211325982,9751636,,instructions:u,1153280,100.00,,
     0.212478639,345,,branch-misses:u,1153376,100.00,,
     0.212478639,103,,cache-misses:u,1153376,100.00,,
     0.212478639,1522098,,bus-cycles:u,1153344,100.00,,
     0.212478639,9716925,,instructions:u,1153408,100.00,,
     0.213636896,346,,branch-misses:u,1157696,100.00,,
     0.213636896,31,,cache-misses:u,1157696,100.00,,
     0.213636896,1532797,,bus-cycles:u,1157632,100.00,,
     0.213636896,9806964,,instructions:u,1157664,100.00,,
     0.214790800,348,,branch-misses:u,1154016,100.00,,
     0.214790800,31,,cache-misses:u,1153984,100.00,,
     0.214790800,1528627,,bus-cycles:u,1153920,100.00,,
     0.214790800,9787807,,instructions:u,1153888,100.00,,
     0.215954304,353,,branch-misses:u,1165152,100.00,,
     0.215954304,74,,cache-misses:u,1165280,100.00,,
     0.215954304,1539568,,bus-cycles:u,1165568,100.00,,
     0.215954304,9863811,,instructions:u,1165568,100.00,,
     0.217115088,344,,branch-misses:u,1159616,100.00,,
     0.217115088,53,,cache-misses:u,1159392,100.00,,
     0.217115088,1536106,,bus-cycles:u,1159392,100.00,,
     0.217115088,9818229,,instructions:u,1159424,100.00,,
     0.218271009,347,,branch-misses:u,1155840,100.00,,
     0.218271009,33,,cache-misses:u,1155648,100.00,,
     0.218271009,1530937,,bus-cycles:u,1155648,100.00,,
     0.218271009,9793599,,instructions:u,1155520,100.00,,
     0.219423889,345,,branch-misses:u,1152960,100.00,,
     0.219423889,30,,cache-misses:u,1153248,100.00,,
     0.219423889,1527786,,bus-cycles:u,1153280,100.00,,
     0.219423889,9789021,,instructions:u,1153312,100.00,,
     0.220577762,347,,branch-misses:u,1155008,100.00,,
     0.220577762,105,,cache-misses:u,1155136,100.00,,
     0.220577762,1523871,,bus-cycles:u,1155072,100.00,,
     0.220577762,9741211,,instructions:u,1155104,100.00,,
     0.221736242,349,,branch-misses:u,1157920,100.00,,
     0.221736242,38,,cache-misses:u,1157792,100.00,,
     0.221736242,1533897,,bus-cycles:u,1157792,100.00,,
     0.221736242,9810313,,instructions:u,1157824,100.00,,
     0.222889923,343,,branch-misses:u,1153472,100.00,,
     0.222889923,33,,cache-misses:u,1153440,100.00,,
     0.222889923,1527528,,bus-cycles:u,1153280,100.00,,
     0.222889923,9758810,,instructions:u,1153184,100.00,,
     0.224042964,345,,branch-misses:u,1154272,100.00,,
     0.224042964,91,,cache-misses:u,1154400,100.00,,
     0.224042964,1522384,,bus-cycles:u,1154464,100.00,,
     0.224042964,9730723,,instructions:u,1154560,100.00,,
     0.225202212,349,,branch-misses:u,1158624,100.00,,
     0.225202212,43,,cache-misses:u,1158592,100.00,,
     0.225202212,1534280,,bus-cycles:u,1158496,100.00,,
     0.225202212,9815982,,instructions:u,1158464,100.00,,
     0.226356085,347,,branch-misses:u,1153568,100.00,,
     0.226356085,30,,cache-misses:u,1153472,100.00,,
     0.226356085,1528113,,bus-cycles:u,1153600,100.00,,
     0.226356085,9774437,,instructions:u,1153568,100.00,,
     0.227509573,348,,branch-misses:u,1153536,100.00,,
     0.227509573,34,,cache-misses:u,1153568,100.00,,
     0.227509573,1528417,,bus-cycles:u,1153440,100.00,,
     0.227509573,9783169,,instructions:u,1153504,100.00,,
     0.228662582,345,,branch-misses:u,1154208,100.00,,
     0.228662582,112,,cache-misses:u,1154624,100.00,,
     0.228662582,1524107,,bus-cycles:u,1154656,100.00,,
     0.228662582,9749401,,instructions:u,1154592,100.00,,
     0.229820774,344,,branch-misses:u,1157632,100.00,,
     0.229820774,40,,cache-misses:u,1157248,100.00,,
     0.229820774,1532794,,bus-cycles:u,1157248,100.00,,
     0.229820774,9797311,,instructions:u,1157248,100.00,,
     0.230974935,343,,branch-misses:u,1153920,100.00,,
     0.230974935,34,,cache-misses:u,1153920,100.00,,
     0.230974935,1528566,,bus-cycles:u,1153920,100.00,,
     0.230974935,9766838,,instructions:u,1153920,100.00,,
     0.232127976,345,,branch-misses:u,1154368,100.00,,
     0.232127976,95,,cache-misses:u,1154400,100.00,,
     0.232127976,1521076,,bus-cycles:u,1154432,100.00,,
     0.232127976,9694045,,instructions:u,1154464,100.00,,
     0.233287160,346,,branch-misses:u,1158112,100.00,,
     0.233287160,43,,cache-misses:u,1157824,100.00,,
     0.233287160,1533660,,bus-cycles:u,1157792,100.00,,
     0.233287160,9791698,,instructions:u,1157856,100.00,,
     0.234440617,344,,branch-misses:u,1153568,100.00,,
     0.234440617,33,,cache-misses:u,1153824,100.00,,
     0.234440617,1528422,,bus-cycles:u,1153856,100.00,,
     0.234440617,9731093,,instructions:u,1153760,100.00,,
     0.235594841,344,,branch-misses:u,1154304,100.00,,
     0.235594841,33,,cache-misses:u,1154208,100.00,,
     0.235594841,1529634,,bus-cycles:u,1154176,100.00,,
     0.235594841,9787012,,instructions:u,1154240,100.00,,
     0.236761321,348,,branch-misses:u,1164192,100.00,,
     0.236761321,212,,cache-misses:u,1165024,100.00,,
     0.236761321,1531648,,bus-cycles:u,1165472,100.00,,
     0.236761321,9799164,,instructions:u,1165792,100.00,,
     0.237922393,347,,branch-misses:u,1159360,100.00,,
     0.237922393,27,,cache-misses:u,1158592,100.00,,
     0.237922393,1534356,,bus-cycles:u,1158176,100.00,,
     0.237922393,9801111,,instructions:u,1157888,100.00,,
     0.239075114,345,,branch-misses:u,1152352,100.00,,
     0.239075114,30,,cache-misses:u,1152320,100.00,,
     0.239075114,1526467,,bus-cycles:u,1152320,100.00,,
     0.239075114,9727619,,instructions:u,1152256,100.00,,
     0.240226779,344,,branch-misses:u,1152864,100.00,,
     0.240226779,113,,cache-misses:u,1152960,100.00,,
     0.240226779,1521708,,bus-cycles:u,1152960,100.00,,
     0.240226779,9740204,,instructions:u,1152928,100.00,,
     0.241383243,345,,branch-misses:u,1155904,100.00,,
     0.241383243,33,,cache-misses:u,1155872,100.00,,
     0.241383243,1531924,,bus-cycles:u,1155840,100.00,,
     0.241383243,9814689,,instructions:u,1155840,100.00,,
     0.242537308,346,,branch-misses:u,1153728,100.00,,
     0.242537308,38,,cache-misses:u,1153632,100.00,,
     0.242537308,1528961,,bus-cycles:u,1153632,100.00,,
     0.242537308,9769816,,instructions:u,1153600,100.00,,
     0.243689741,344,,branch-misses:u,1152576,100.00,,
     0.243689741,27,,cache-misses:u,1152288,100.00,,
     0.243689741,1527251,,bus-cycles:u,1152288,100.00,,
     0.243689741,9739247,,instructions:u,1152320,100.00,,
     0.244841949,346,,branch-misses:u,1153312,100.00,,
     0.244841949,132,,cache-misses:u,1153760,100.00,,
     0.244841949,1519736,,bus-cycles:u,1153824,100.00,,
     0.244841949,9702985,,instructions:u,1153920,100.00,,
     0.245999982,348,,branch-misses:u,1157696,100.00,,
     0.245999982,42,,cache-misses:u,1157248,100.00,,
     0.245999982,1533852,,bus-cycles:u,1157216,100.00,,
     0.245999982,9806588,,instructions:u,1157152,100.00,,
     0.247153310,345,,branch-misses:u,1152928,100.00,,
     0.247153310,31,,cache-misses:u,1152992,100.00,,
     0.247153310,1527280,,bus-cycles:u,1152960,100.00,,
     0.247153310,9786158,,instructions:u,1152896,100.00,,
     0.248306127,346,,branch-misses:u,1153984,100.00,,
     0.248306127,107,,cache-misses:u,1154400,100.00,,
     0.248306127,1521237,,bus-cycles:u,1154528,100.00,,
     0.248306127,9728907,,instructions:u,1154624,100.00,,
     0.249463808,348,,branch-misses:u,1156768,100.00,,
     0.249463808,34,,cache-misses:u,1156640,100.00,,
     0.249463808,1531807,,bus-cycles:u,1156512,100.00,,
     0.249463808,9795465,,instructions:u,1156448,100.00,,
     0.250616848,343,,branch-misses:u,1153152,100.00,,
     0.250616848,23,,cache-misses:u,1153152,100.00,,
     0.250616848,1527636,,bus-cycles:u,1153248,100.00,,
     0.250616848,9739406,,instructions:u,1153184,100.00,,
     0.251770017,348,,branch-misses:u,1153312,100.00,,
     0.251770017,29,,cache-misses:u,1153376,100.00,,
     0.251770017,1528466,,bus-cycles:u,1153280,100.00,,
     0.251770017,9776222,,instructions:u,1153280,100.00,,
     0.252938960,351,,branch-misses:u,1169984,100.00,,
     0.252938960,88,,cache-misses:u,1170304,100.00,,
     0.252938960,1545533,,bus-cycles:u,1170464,100.00,,
     0.252938960,9875746,,instructions:u,1170560,100.00,,
     0.254093825,346,,branch-misses:u,1154176,100.00,,
     0.254093825,29,,cache-misses:u,1153728,100.00,,
     0.254093825,1527743,,bus-cycles:u,1153568,100.00,,
     0.254093825,9760963,,instructions:u,1153568,100.00,,
     0.255246130,340,,branch-misses:u,1152320,100.00,,
     0.255246130,29,,cache-misses:u,1152160,100.00,,
     0.255246130,1526659,,bus-cycles:u,1152128,100.00,,
     0.255246130,9735800,,instructions:u,1152128,100.00,,
     0.256398787,342,,branch-misses:u,1153408,100.00,,
     0.256398787,97,,cache-misses:u,1153888,100.00,,
     0.256398787,1510423,,bus-cycles:u,1153952,100.00,,
     0.256398787,9643245,,instructions:u,1153984,100.00,,
     0.257558451,348,,branch-misses:u,1159168,100.00,,
     0.257558451,44,,cache-misses:u,1158944,100.00,,
     0.257558451,1536809,,bus-cycles:u,1158912,100.00,,
     0.257558451,9822611,,instructions:u,1158880,100.00,,
     0.258725858,349,,branch-misses:u,1168576,100.00,,
     0.258725858,36,,cache-misses:u,1168800,100.00,,
     0.258725858,1549839,,bus-cycles:u,1168800,100.00,,
     0.258725858,9908295,,instructions:u,1168928,100.00,,
     0.259861589,341,,branch-misses:u,1135840,100.00,,
     0.259861589,38,,cache-misses:u,1135648,100.00,,
     0.259861589,1496760,,bus-cycles:u,1135680,100.00,,
     0.259861589,9575172,,instructions:u,1135648,100.00,,
     0.261020773,346,,branch-misses:u,1158592,100.00,,
     0.261020773,87,,cache-misses:u,1158560,100.00,,
     0.261020773,1535067,,bus-cycles:u,1158560,100.00,,
     0.261020773,9810982,,instructions:u,1158432,100.00,,
     0.262174709,342,,branch-misses:u,1153760,100.00,,
     0.262174709,34,,cache-misses:u,1153760,100.00,,
     0.262174709,1528151,,bus-cycles:u,1153728,100.00,,
     0.262174709,9764459,,instructions:u,1153792,100.00,,
     0.263330086,346,,branch-misses:u,1155488,100.00,,
     0.263330086,27,,cache-misses:u,1155392,100.00,,
     0.263330086,1531469,,bus-cycles:u,1155392,100.00,,
     0.263330086,9794711,,instructions:u,1155328,100.00,,
     0.264483959,349,,branch-misses:u,1154752,100.00,,
     0.264483959,106,,cache-misses:u,1155008,100.00,,
     0.264483959,1525452,,bus-cycles:u,1155040,100.00,,
     0.264483959,9766998,,instructions:u,1155072,100.00,,
     0.265642151,347,,branch-misses:u,1157536,100.00,,
     0.265642151,35,,cache-misses:u,1157376,100.00,,
     0.265642151,1533071,,bus-cycles:u,1157344,100.00,,
     0.265642151,9799596,,instructions:u,1157408,100.00,,
     0.266795672,345,,branch-misses:u,1153600,100.00,,
     0.266795672,29,,cache-misses:u,1153568,100.00,,
     0.266795672,1529202,,bus-cycles:u,1153696,100.00,,
     0.266795672,9773595,,instructions:u,1153664,100.00,,
     0.267948457,345,,branch-misses:u,1153728,100.00,,
     0.267948457,49,,cache-misses:u,1154048,100.00,,
     0.267948457,1523638,,bus-cycles:u,1153984,100.00,,
     0.267948457,9715190,,instructions:u,1153984,100.00,,
     0.269106105,344,,branch-misses:u,1156928,100.00,,
     0.269106105,70,,cache-misses:u,1156800,100.00,,
     0.269106105,1533689,,bus-cycles:u,1156736,100.00,,
     0.269106105,9800042,,instructions:u,1156640,100.00,,
     0.270258730,345,,branch-misses:u,1152704,100.00,,
     0.270258730,34,,cache-misses:u,1152512,100.00,,
     0.270258730,1527744,,bus-cycles:u,1152512,100.00,,
     0.270258730,9762586,,instructions:u,1152544,100.00,,
     0.271411035,349,,branch-misses:u,1152320,100.00,,
     0.271411035,25,,cache-misses:u,1152384,100.00,,
     0.271411035,1527843,,bus-cycles:u,1152416,100.00,,
     0.271411035,9762639,,instructions:u,1152480,100.00,,
     0.272563979,346,,branch-misses:u,1153888,100.00,,
     0.272563979,101,,cache-misses:u,1153952,100.00,,
     0.272563979,1523191,,bus-cycles:u,1153984,100.00,,
     0.272563979,9722645,,instructions:u,1153984,100.00,,
     0.273721980,345,,branch-misses:u,1157344,100.00,,
     0.273721980,31,,cache-misses:u,1157280,100.00,,
     0.273721980,1533935,,bus-cycles:u,1157248,100.00,,
     0.273721980,9793326,,instructions:u,1157216,100.00,,
     0.274875308,346,,branch-misses:u,1153440,100.00,,
     0.274875308,30,,cache-misses:u,1153504,100.00,,
     0.274875308,1529308,,bus-cycles:u,1153472,100.00,,
     0.274875308,9785603,,instructions:u,1153472,100.00,,
     0.276028957,347,,branch-misses:u,1154592,100.00,,
     0.276028957,90,,cache-misses:u,1154592,100.00,,
     0.276028957,1524586,,bus-cycles:u,1154624,100.00,,
     0.276028957,9751551,,instructions:u,1154592,100.00,,
     0.277186701,347,,branch-misses:u,1157088,100.00,,
     0.277186701,39,,cache-misses:u,1156960,100.00,,
     0.277186701,1533467,,bus-cycles:u,1156928,100.00,,
     0.277186701,9806291,,instructions:u,1156928,100.00,,
     0.278340158,343,,branch-misses:u,1153504,100.00,,
     0.278340158,33,,cache-misses:u,1153472,100.00,,
     0.278340158,1528964,,bus-cycles:u,1153536,100.00,,
     0.278340158,9778768,,instructions:u,1153728,100.00,,
     0.279524396,353,,branch-misses:u,1185728,100.00,,
     0.279524396,37,,cache-misses:u,1186176,100.00,,
     0.279524396,1573125,,bus-cycles:u,1186112,100.00,,
     0.279524396,10066945,,instructions:u,1185952,100.00,,
     0.280680252,348,,branch-misses:u,1155456,100.00,,
     0.280680252,97,,cache-misses:u,1155104,100.00,,
     0.280680252,1526186,,bus-cycles:u,1155104,100.00,,
     0.280680252,9744842,,instructions:u,1155104,100.00,,
     0.281838861,345,,branch-misses:u,1158272,100.00,,
     0.281838861,35,,cache-misses:u,1158272,100.00,,
     0.281838861,1535463,,bus-cycles:u,1158368,100.00,,
     0.281838861,9813913,,instructions:u,1158368,100.00,,
     0.282992061,343,,branch-misses:u,1152960,100.00,,
     0.282992061,32,,cache-misses:u,1152864,100.00,,
     0.282992061,1528158,,bus-cycles:u,1152800,100.00,,
     0.282992061,9760520,,instructions:u,1152768,100.00,,
     0.284144622,348,,branch-misses:u,1153472,100.00,,
     0.284144622,97,,cache-misses:u,1153632,100.00,,
     0.284144622,1522921,,bus-cycles:u,1153600,100.00,,
     0.284144622,9733063,,instructions:u,1153696,100.00,,
     0.285303038,347,,branch-misses:u,1157856,100.00,,
     0.285303038,33,,cache-misses:u,1157824,100.00,,
     0.285303038,1534426,,bus-cycles:u,1157824,100.00,,
     0.285303038,9821969,,instructions:u,1157760,100.00,,
     0.286457391,346,,branch-misses:u,1154336,100.00,,
     0.286457391,35,,cache-misses:u,1154272,100.00,,
     0.286457391,1530561,,bus-cycles:u,1154304,100.00,,
     0.286457391,9797615,,instructions:u,1154272,100.00,,
     0.287610880,343,,branch-misses:u,1153536,100.00,,
     0.287610880,34,,cache-misses:u,1153472,100.00,,
     0.287610880,1529186,,bus-cycles:u,1153440,100.00,,
     0.287610880,9778832,,instructions:u,1153472,100.00,,
     0.288766416,350,,branch-misses:u,1158848,100.00,,
     0.288766416,89,,cache-misses:u,1159680,100.00,,
     0.288766416,1533343,,bus-cycles:u,1160320,100.00,,
     0.288766416,9793308,,instructions:u,1160640,100.00,,
     0.289944351,350,,branch-misses:u,1175520,100.00,,
     0.289944351,39,,cache-misses:u,1174784,100.00,,
     0.289944351,1556523,,bus-cycles:u,1174208,100.00,,
     0.289944351,9944564,,instructions:u,1173856,100.00,,
     0.291099983,346,,branch-misses:u,1155136,100.00,,
     0.291099983,25,,cache-misses:u,1154784,100.00,,
     0.291099983,1531187,,bus-cycles:u,1154848,100.00,,
     0.291099983,9767312,,instructions:u,1154816,100.00,,
     0.292252992,346,,branch-misses:u,1154432,100.00,,
     0.292252992,94,,cache-misses:u,1154912,100.00,,
     0.292252992,1524712,,bus-cycles:u,1154912,100.00,,
     0.292252992,9744636,,instructions:u,1155040,100.00,,
     0.293412432,347,,branch-misses:u,1158656,100.00,,
     0.293412432,38,,cache-misses:u,1158496,100.00,,
     0.293412432,1533991,,bus-cycles:u,1158400,100.00,,
     0.293412432,9803293,,instructions:u,1158336,100.00,,
     0.294566145,346,,branch-misses:u,1153376,100.00,,
     0.294566145,30,,cache-misses:u,1153440,100.00,,
     0.294566145,1528615,,bus-cycles:u,1153440,100.00,,
     0.294566145,9757742,,instructions:u,1153472,100.00,,
     0.295719666,347,,branch-misses:u,1153664,100.00,,
     0.295719666,33,,cache-misses:u,1153600,100.00,,
     0.295719666,1528663,,bus-cycles:u,1153568,100.00,,
     0.295719666,9781558,,instructions:u,1153536,100.00,,
     0.296872898,342,,branch-misses:u,1149632,100.00,,
     0.296872898,230,,cache-misses:u,1150400,100.00,,
     0.296872898,1499916,,bus-cycles:u,1150944,100.00,,
     0.296872898,9586526,,instructions:u,1151200,100.00,,
     0.298033778,348,,branch-misses:u,1160032,100.00,,
     0.298033778,30,,cache-misses:u,1159296,100.00,,
     0.298033778,1534742,,bus-cycles:u,1158752,100.00,,
     0.298033778,9803842,,instructions:u,1158496,100.00,,
     0.299187651,345,,branch-misses:u,1153632,100.00,,
     0.299187651,30,,cache-misses:u,1153632,100.00,,
     0.299187651,1527652,,bus-cycles:u,1153632,100.00,,
     0.299187651,9754650,,instructions:u,1153696,100.00,,
     0.300341780,344,,branch-misses:u,1155040,100.00,,
     0.300341780,109,,cache-misses:u,1155232,100.00,,
     0.300341780,1523158,,bus-cycles:u,1155360,100.00,,
     0.300341780,9719114,,instructions:u,1155296,100.00,,
     0.301513027,352,,branch-misses:u,1171840,100.00,,
     0.301513027,36,,cache-misses:u,1171680,100.00,,
     0.301513027,1552228,,bus-cycles:u,1171584,100.00,,
     0.301513027,9929858,,instructions:u,1171616,100.00,,
     0.302671155,348,,branch-misses:u,1156896,100.00,,
     0.302671155,36,,cache-misses:u,1156832,100.00,,
     0.302671155,1533129,,bus-cycles:u,1156832,100.00,,
     0.302671155,9808100,,instructions:u,1156864,100.00,,
     0.303824548,344,,branch-misses:u,1153696,100.00,,
     0.303824548,31,,cache-misses:u,1153696,100.00,,
     0.303824548,1527129,,bus-cycles:u,1153696,100.00,,
     0.303824548,9741908,,instructions:u,1153632,100.00,,
     0.304995539,351,,branch-misses:u,1171872,100.00,,
     0.304995539,74,,cache-misses:u,1172096,100.00,,
     0.304995539,1546603,,bus-cycles:u,1172128,100.00,,
     0.304995539,9877993,,instructions:u,1172096,100.00,,
     0.306151203,344,,branch-misses:u,1154880,100.00,,
     0.306151203,33,,cache-misses:u,1154656,100.00,,
     0.306151203,1529147,,bus-cycles:u,1154560,100.00,,
     0.306151203,9776674,,instructions:u,1154688,100.00,,
     0.307304788,345,,branch-misses:u,1153600,100.00,,
     0.307304788,31,,cache-misses:u,1153632,100.00,,
     0.307304788,1528819,,bus-cycles:u,1153792,100.00,,
     0.307304788,9769897,,instructions:u,1153696,100.00,,
     0.308458405,348,,branch-misses:u,1154816,100.00,,
     0.308458405,93,,cache-misses:u,1155008,100.00,,
     0.308458405,1523761,,bus-cycles:u,1154944,100.00,,
     0.308458405,9733860,,instructions:u,1154976,100.00,,
     0.309617173,348,,branch-misses:u,1158240,100.00,,
     0.309617173,31,,cache-misses:u,1158560,100.00,,
     0.309617173,1535431,,bus-cycles:u,1159072,100.00,,
     0.309617173,9810907,,instructions:u,1159040,100.00,,
     0.310773638,345,,branch-misses:u,1156128,100.00,,
     0.310773638,29,,cache-misses:u,1155552,100.00,,
     0.310773638,1531044,,bus-cycles:u,1155456,100.00,,
     0.310773638,9771579,,instructions:u,1155488,100.00,,
     0.311927926,347,,branch-misses:u,1155168,100.00,,
     0.311927926,45,,cache-misses:u,1155360,100.00,,
     0.311927926,1524185,,bus-cycles:u,1154912,100.00,,
     0.311927926,9734092,,instructions:u,1154880,100.00,,
     0.313086054,347,,branch-misses:u,1157472,100.00,,
     0.313086054,67,,cache-misses:u,1157280,100.00,,
     0.313086054,1533371,,bus-cycles:u,1157184,100.00,,
     0.313086054,9796792,,instructions:u,1157216,100.00,,
     0.314240055,349,,branch-misses:u,1154048,100.00,,
     0.314240055,29,,cache-misses:u,1154080,100.00,,
     0.314240055,1529099,,bus-cycles:u,1154176,100.00,,
     0.314240055,9779043,,instructions:u,1154176,100.00,,
     0.315394152,342,,branch-misses:u,1154240,100.00,,
     0.315394152,28,,cache-misses:u,1154240,100.00,,
     0.315394152,1529377,,bus-cycles:u,1154208,100.00,,
     0.315394152,9753894,,instructions:u,1155360,100.00,,
     0.316549144,346,,branch-misses:u,1156160,100.00,,
     0.316549144,85,,cache-misses:u,1156288,100.00,,
     0.316549144,1527114,,bus-cycles:u,1156512,100.00,,
     0.316549144,9734404,,instructions:u,1155424,100.00,,
     0.317705609,347,,branch-misses:u,1155552,100.00,,
     0.317705609,35,,cache-misses:u,1155456,100.00,,
     0.317705609,1531738,,bus-cycles:u,1155328,100.00,,
     0.317705609,9799154,,instructions:u,1155360,100.00,,
     0.318858650,347,,branch-misses:u,1153184,100.00,,
     0.318858650,37,,cache-misses:u,1153248,100.00,,
     0.318858650,1528697,,bus-cycles:u,1153120,100.00,,
     0.318858650,9776932,,instructions:u,1153024,100.00,,
     0.320012202,346,,branch-misses:u,1154560,100.00,,
     0.320012202,92,,cache-misses:u,1154496,100.00,,
     0.320012202,1524360,,bus-cycles:u,1154560,100.00,,
     0.320012202,9752958,,instructions:u,1154528,100.00,,
     0.321170619,347,,branch-misses:u,1157792,100.00,,
     0.321170619,45,,cache-misses:u,1157760,100.00,,
     0.321170619,1534247,,bus-cycles:u,1157728,100.00,,
     0.321170619,9815948,,instructions:u,1157760,100.00,,
     0.322338954,350,,branch-misses:u,1169280,100.00,,
     0.322338954,35,,cache-misses:u,1169312,100.00,,
     0.322338954,1549635,,bus-cycles:u,1169568,100.00,,
     0.322338954,9911839,,instructions:u,1169536,100.00,,
     0.323494586,346,,branch-misses:u,1154816,100.00,,
     0.323494586,43,,cache-misses:u,1154752,100.00,,
     0.323494586,1530122,,bus-cycles:u,1154496,100.00,,
     0.323494586,9765314,,instructions:u,1154496,100.00,,
     0.324648747,344,,branch-misses:u,1154944,100.00,,
     0.324648747,113,,cache-misses:u,1155136,100.00,,
     0.324648747,1524312,,bus-cycles:u,1155168,100.00,,
     0.324648747,9713039,,instructions:u,1155136,100.00,,
     0.325807355,348,,branch-misses:u,1157824,100.00,,
     0.325807355,33,,cache-misses:u,1157632,100.00,,
     0.325807355,1534163,,bus-cycles:u,1157600,100.00,,
     0.325807355,9819475,,instructions:u,1157632,100.00,,
     0.326961068,344,,branch-misses:u,1153824,100.00,,
     0.326961068,23,,cache-misses:u,1153824,100.00,,
     0.326961068,1528006,,bus-cycles:u,1153824,100.00,,
     0.326961068,9741606,,instructions:u,1153856,100.00,,
     0.328114237,344,,branch-misses:u,1154272,100.00,,
     0.328114237,129,,cache-misses:u,1154368,100.00,,
     0.328114237,1520268,,bus-cycles:u,1154624,100.00,,
     0.328114237,9712141,,instructions:u,1154592,100.00,,
     0.329272877,348,,branch-misses:u,1157792,100.00,,
     0.329272877,45,,cache-misses:u,1157760,100.00,,
     0.329272877,1530237,,bus-cycles:u,1157536,100.00,,
     0.329272877,9783740,,instructions:u,1157568,100.00,,
     0.330428926,346,,branch-misses:u,1156448,100.00,,
     0.330428926,42,,cache-misses:u,1156480,100.00,,
     0.330428926,1527216,,bus-cycles:u,1156544,100.00,,
     0.330428926,9741427,,instructions:u,1156512,100.00,,
     0.331587758,346,,branch-misses:u,1158976,100.00,,
     0.331587758,30,,cache-misses:u,1158880,100.00,,
     0.331587758,1527594,,bus-cycles:u,1158784,100.00,,
     0.331587758,9738104,,instructions:u,1158784,100.00,,
     0.332742878,343,,branch-misses:u,1155776,100.00,,
     0.332742878,106,,cache-misses:u,1155872,100.00,,
     0.332742878,1517634,,bus-cycles:u,1155936,100.00,,
     0.332742878,9681501,,instructions:u,1155872,100.00,,
     0.333902350,346,,branch-misses:u,1159008,100.00,,
     0.333902350,35,,cache-misses:u,1159424,100.00,,
     0.333902350,1536541,,bus-cycles:u,1159424,100.00,,
     0.333902350,9839413,,instructions:u,1159456,100.00,,
     0.335057407,346,,branch-misses:u,1154880,100.00,,
     0.335057407,36,,cache-misses:u,1154336,100.00,,
     0.335057407,1530610,,bus-cycles:u,1154304,100.00,,
     0.335057407,9792399,,instructions:u,1154304,100.00,,
     0.336210864,346,,branch-misses:u,1155008,100.00,,
     0.336210864,135,,cache-misses:u,1155328,100.00,,
     0.336210864,1522994,,bus-cycles:u,1155296,100.00,,
     0.336210864,9743252,,instructions:u,1155264,100.00,,
     0.337371680,346,,branch-misses:u,1159904,100.00,,
     0.337371680,42,,cache-misses:u,1159648,100.00,,
     0.337371680,1536464,,bus-cycles:u,1159616,100.00,,
     0.337371680,9818600,,instructions:u,1159648,100.00,,
     0.338525968,345,,branch-misses:u,1153952,100.00,,
     0.338525968,31,,cache-misses:u,1153920,100.00,,
     0.338525968,1529815,,bus-cycles:u,1153952,100.00,,
     0.338525968,9751759,,instructions:u,1153920,100.00,,
     0.339679969,346,,branch-misses:u,1154080,100.00,,
     0.339679969,25,,cache-misses:u,1154048,100.00,,
     0.339679969,1529578,,bus-cycles:u,1154048,100.00,,
     0.339679969,9755041,,instructions:u,1154080,100.00,,
     0.340833234,348,,branch-misses:u,1154880,100.00,,
     0.340833234,106,,cache-misses:u,1155136,100.00,,
     0.340833234,1523742,,bus-cycles:u,1155136,100.00,,
     0.340833234,9736872,,instructions:u,1155104,100.00,,
     0.341999041,350,,branch-misses:u,1164768,100.00,,
     0.341999041,44,,cache-misses:u,1164544,100.00,,
     0.341999041,1543768,,bus-cycles:u,1164576,100.00,,
     0.341999041,9862763,,instructions:u,1164640,100.00,,
     0.343169936,350,,branch-misses:u,1172544,100.00,,
     0.343169936,28,,cache-misses:u,1172608,100.00,,
     0.343169936,1554012,,bus-cycles:u,1172832,100.00,,
     0.343169936,9931425,,instructions:u,1172864,100.00,,
     0.344335232,350,,branch-misses:u,1165280,100.00,,
     0.344335232,105,,cache-misses:u,1165824,100.00,,
     0.344335232,1537486,,bus-cycles:u,1165568,100.00,,
     0.344335232,9831691,,instructions:u,1165568,100.00,,
     0.345496816,347,,branch-misses:u,1160096,100.00,,
     0.345496816,35,,cache-misses:u,1159520,100.00,,
     0.345496816,1537022,,bus-cycles:u,1159520,100.00,,
     0.345496816,9828039,,instructions:u,1159456,100.00,,
     0.346650721,347,,branch-misses:u,1153824,100.00,,
     0.346650721,30,,cache-misses:u,1153792,100.00,,
     0.346650721,1529105,,bus-cycles:u,1153792,100.00,,
     0.346650721,9782618,,instructions:u,1153824,100.00,,
     0.347804241,346,,branch-misses:u,1153632,100.00,,
     0.347804241,33,,cache-misses:u,1153344,100.00,,
     0.347804241,1529280,,bus-cycles:u,1153344,100.00,,
     0.347804241,9785562,,instructions:u,1153344,100.00,,
     0.348973185,350,,branch-misses:u,1170240,100.00,,
     0.348973185,89,,cache-misses:u,1171168,100.00,,
     0.348973185,1546646,,bus-cycles:u,1171200,100.00,,
     0.348973185,9885429,,instructions:u,1171232,100.00,,
     0.350129777,347,,branch-misses:u,1155488,100.00,,
     0.350129777,46,,cache-misses:u,1154912,100.00,,
     0.350129777,1530581,,bus-cycles:u,1154944,100.00,,
     0.350129777,9804029,,instructions:u,1154912,100.00,,
     0.351282882,346,,branch-misses:u,1153248,100.00,,
     0.351282882,38,,cache-misses:u,1153088,100.00,,
     0.351282882,1529643,,bus-cycles:u,1153024,100.00,,
     0.351282882,9773230,,instructions:u,1152992,100.00,,
     0.352435827,348,,branch-misses:u,1154048,100.00,,
     0.352435827,107,,cache-misses:u,1154240,100.00,,
     0.352435827,1524705,,bus-cycles:u,1154272,100.00,,
     0.352435827,9746373,,instructions:u,1154272,100.00,,
     0.353594883,346,,branch-misses:u,1159072,100.00,,
     0.353594883,37,,cache-misses:u,1158912,100.00,,
     0.353594883,1536639,,bus-cycles:u,1158880,100.00,,
     0.353594883,9818935,,instructions:u,1158912,100.00,,
     0.354749044,345,,branch-misses:u,1153408,100.00,,
     0.354749044,30,,cache-misses:u,1153504,100.00,,
     0.354749044,1529714,,bus-cycles:u,1153472,100.00,,
     0.354749044,9752985,,instructions:u,1153440,100.00,,
     0.355861224,330,,branch-misses:u,1108256,100.00,,
     0.355861224,63,,cache-misses:u,1108928,100.00,,
     0.355861224,1456314,,bus-cycles:u,1109376,100.00,,
     0.355861224,9290876,,instructions:u,1109632,100.00,,
     0.357021784,348,,branch-misses:u,1159744,100.00,,
     0.357021784,141,,cache-misses:u,1159040,100.00,,
     0.357021784,1536318,,bus-cycles:u,1158624,100.00,,
     0.357021784,9822114,,instructions:u,1158336,100.00,,
     0.358175785,346,,branch-misses:u,1153696,100.00,,
     0.358175785,51,,cache-misses:u,1153632,100.00,,
     0.358175785,1528078,,bus-cycles:u,1153568,100.00,,
     0.358175785,9776014,,instructions:u,1153568,100.00,,
     0.359330106,346,,branch-misses:u,1154432,100.00,,
     0.359330106,29,,cache-misses:u,1154464,100.00,,
     0.359330106,1530268,,bus-cycles:u,1154624,100.00,,
     0.359330106,9774625,,instructions:u,1154688,100.00,,
     0.360483850,344,,branch-misses:u,1155328,100.00,,
     0.360483850,118,,cache-misses:u,1155328,100.00,,
     0.360483850,1524122,,bus-cycles:u,1155680,100.00,,
     0.360483850,9725815,,instructions:u,1155648,100.00,,
     0.361644442,348,,branch-misses:u,1159168,100.00,,
     0.361644442,32,,cache-misses:u,1158944,100.00,,
     0.361644442,1534143,,bus-cycles:u,1158496,100.00,,
     0.361644442,9817519,,instructions:u,1158560,100.00,,
     0.362798027,343,,branch-misses:u,1153728,100.00,,
     0.362798027,37,,cache-misses:u,1153888,100.00,,
     0.362798027,1528345,,bus-cycles:u,1153856,100.00,,
     0.362798027,9777285,,instructions:u,1153888,100.00,,
     0.363951740,347,,branch-misses:u,1155584,100.00,,
     0.363951740,90,,cache-misses:u,1155680,100.00,,
     0.363951740,1524626,,bus-cycles:u,1155680,100.00,,
     0.363951740,9754032,,instructions:u,1155616,100.00,,
     0.365140041,356,,branch-misses:u,1190656,100.00,,
     0.365140041,59,,cache-misses:u,1191392,100.00,,
     0.365140041,1579223,,bus-cycles:u,1191392,100.00,,
     0.365140041,10103224,,instructions:u,1191520,100.00,,
     0.366302905,346,,branch-misses:u,1159360,100.00,,
     0.366302905,32,,cache-misses:u,1158624,100.00,,
     0.366302905,1535409,,bus-cycles:u,1158688,100.00,,
     0.366302905,9820307,,instructions:u,1158496,100.00,,
     0.367455466,346,,branch-misses:u,1152352,100.00,,
     0.367455466,32,,cache-misses:u,1152032,100.00,,
     0.367455466,1526890,,bus-cycles:u,1151904,100.00,,
     0.367455466,9772063,,instructions:u,1152000,100.00,,
     0.368607515,342,,branch-misses:u,1153152,100.00,,
     0.368607515,160,,cache-misses:u,1153600,100.00,,
     0.368607515,1513773,,bus-cycles:u,1153792,100.00,,
     0.368607515,9676610,,instructions:u,1153760,100.00,,
     0.369766443,346,,branch-misses:u,1158560,100.00,,
     0.369766443,38,,cache-misses:u,1158368,100.00,,
     0.369766443,1534259,,bus-cycles:u,1158208,100.00,,
     0.369766443,9812100,,instructions:u,1158176,100.00,,
     0.370920028,345,,branch-misses:u,1153120,100.00,,
     0.370920028,30,,cache-misses:u,1153056,100.00,,
     0.370920028,1529055,,bus-cycles:u,1153120,100.00,,
     0.370920028,9773479,,instructions:u,1153088,100.00,,
     0.372073004,345,,branch-misses:u,1154080,100.00,,
     0.372073004,108,,cache-misses:u,1154336,100.00,,
     0.372073004,1524965,,bus-cycles:u,1154976,100.00,,
     0.372073004,9757326,,instructions:u,1155008,100.00,,
     0.373232061,350,,branch-misses:u,1158688,100.00,,
     0.373232061,31,,cache-misses:u,1158432,100.00,,
     0.373232061,1535793,,bus-cycles:u,1157728,100.00,,
     0.373232061,9827363,,instructions:u,1157728,100.00,,
     0.374385869,344,,branch-misses:u,1153504,100.00,,
     0.374385869,32,,cache-misses:u,1153632,100.00,,
     0.374385869,1530028,,bus-cycles:u,1153728,100.00,,
     0.374385869,9787406,,instructions:u,1153696,100.00,,
     0.375538558,348,,branch-misses:u,1152736,100.00,,
     0.375538558,34,,cache-misses:u,1152800,100.00,,
     0.375538558,1528713,,bus-cycles:u,1152736,100.00,,
     0.375538558,9773462,,instructions:u,1152800,100.00,,
     0.376691055,345,,branch-misses:u,1153568,100.00,,
     0.376691055,125,,cache-misses:u,1153536,100.00,,
     0.376691055,1521284,,bus-cycles:u,1153568,100.00,,
     0.376691055,9715301,,instructions:u,1153536,100.00,,
     0.377849567,346,,branch-misses:u,1158176,100.00,,
     0.377849567,31,,cache-misses:u,1158144,100.00,,
     0.377849567,1534618,,bus-cycles:u,1158176,100.00,,
     0.377849567,9833999,,instructions:u,1158176,100.00,,
     0.379003600,347,,branch-misses:u,1154848,100.00,,
     0.379003600,28,,cache-misses:u,1154560,100.00,,
     0.379003600,1530324,,bus-cycles:u,1154528,100.00,,
     0.379003600,9789142,,instructions:u,1154496,100.00,,
     0.380157409,344,,branch-misses:u,1153728,100.00,,
     0.380157409,104,,cache-misses:u,1154240,100.00,,
     0.380157409,1525622,,bus-cycles:u,1154240,100.00,,
     0.380157409,9751008,,instructions:u,1154272,100.00,,
     0.381317265,346,,branch-misses:u,1159136,100.00,,
     0.381317265,34,,cache-misses:u,1158944,100.00,,
     0.381317265,1535969,,bus-cycles:u,1158944,100.00,,
     0.381317265,9822037,,instructions:u,1158976,100.00,,
     0.382471617,344,,branch-misses:u,1154272,100.00,,
     0.382471617,29,,cache-misses:u,1154304,100.00,,
     0.382471617,1530718,,bus-cycles:u,1154240,100.00,,
     0.382471617,9797662,,instructions:u,1154240,100.00,,
     0.383624818,344,,branch-misses:u,1153312,100.00,,
     0.383624818,39,,cache-misses:u,1153216,100.00,,
     0.383624818,1528717,,bus-cycles:u,1153248,100.00,,
     0.383624818,9782330,,instructions:u,1153216,100.00,,
     0.384777763,345,,branch-misses:u,1154144,100.00,,
     0.384777763,115,,cache-misses:u,1154272,100.00,,
     0.384777763,1522732,,bus-cycles:u,1154304,100.00,,
     0.384777763,9734183,,instructions:u,1154464,100.00,,
     0.385953010,351,,branch-misses:u,1176992,100.00,,
     0.385953010,36,,cache-misses:u,1177472,100.00,,
     0.385953010,1562158,,bus-cycles:u,1178048,100.00,,
     0.385953010,10000940,,instructions:u,1177920,100.00,,
     0.387112162,345,,branch-misses:u,1156736,100.00,,
     0.387112162,43,,cache-misses:u,1156288,100.00,,
     0.387112162,1532937,,bus-cycles:u,1155744,100.00,,
     0.387112162,9810573,,instructions:u,1155744,100.00,,
     0.388264979,342,,branch-misses:u,1153632,100.00,,
     0.388264979,102,,cache-misses:u,1154016,100.00,,
     0.388264979,1522125,,bus-cycles:u,1153920,100.00,,
     0.388264979,9733153,,instructions:u,1153920,100.00,,
     0.389425763,347,,branch-misses:u,1160288,100.00,,
     0.389425763,35,,cache-misses:u,1159808,100.00,,
     0.389425763,1538095,,bus-cycles:u,1159872,100.00,,
     0.389425763,9841334,,instructions:u,1159840,100.00,,
     0.390580659,345,,branch-misses:u,1154720,100.00,,
     0.390580659,25,,cache-misses:u,1154304,100.00,,
     0.390580659,1530867,,bus-cycles:u,1154304,100.00,,
     0.390580659,9774667,,instructions:u,1154336,100.00,,
     0.391732932,343,,branch-misses:u,1152320,100.00,,
     0.391732932,25,,cache-misses:u,1152768,100.00,,
     0.391732932,1528325,,bus-cycles:u,1152800,100.00,,
     0.391732932,9744058,,instructions:u,1152800,100.00,,
     0.392891412,350,,branch-misses:u,1166080,100.00,,
     0.392891412,102,,cache-misses:u,1167872,100.00,,
     0.392891412,1542893,,bus-cycles:u,1169184,100.00,,
     0.392891412,9858641,,instructions:u,1169856,100.00,,
     0.394092192,357,,branch-misses:u,1194656,100.00,,
     0.394092192,30,,cache-misses:u,1192768,100.00,,
     0.394092192,1580231,,bus-cycles:u,1191712,100.00,,
     0.394092192,10095592,,instructions:u,1191136,100.00,,
     0.395248689,345,,branch-misses:u,1155936,100.00,,
     0.395248689,26,,cache-misses:u,1155904,100.00,,
     0.395248689,1531824,,bus-cycles:u,1155520,100.00,,
     0.395248689,9761114,,instructions:u,1155456,100.00,,
     0.396402466,344,,branch-misses:u,1154368,100.00,,
     0.396402466,108,,cache-misses:u,1154592,100.00,,
     0.396402466,1523217,,bus-cycles:u,1154784,100.00,,
     0.396402466,9701941,,instructions:u,1154816,100.00,,
     0.397561234,347,,branch-misses:u,1158208,100.00,,
     0.397561234,35,,cache-misses:u,1158080,100.00,,
     0.397561234,1535921,,bus-cycles:u,1158016,100.00,,
     0.397561234,9835231,,instructions:u,1158624,100.00,,
     0.398715970,343,,branch-misses:u,1154720,100.00,,
     0.398715970,32,,cache-misses:u,1154592,100.00,,
     0.398715970,1531399,,bus-cycles:u,1154656,100.00,,
     0.398715970,9785442,,instructions:u,1154048,100.00,,
     0.399861044,345,,branch-misses:u,1146048,100.00,,
     0.399861044,37,,cache-misses:u,1146272,100.00,,
     0.399861044,1513015,,bus-cycles:u,1146304,100.00,,
     0.399861044,9648431,,instructions:u,1146240,100.00,,
     0.401018244,347,,branch-misses:u,1156512,100.00,,
     0.401018244,101,,cache-misses:u,1156640,100.00,,
     0.401018244,1534421,,bus-cycles:u,1156480,100.00,,
     0.401018244,9802078,,instructions:u,1156448,100.00,,
     0.402172693,344,,branch-misses:u,1154400,100.00,,
     0.402172693,33,,cache-misses:u,1154144,100.00,,
     0.402172693,1530792,,bus-cycles:u,1154176,100.00,,
     0.402172693,9790892,,instructions:u,1154176,100.00,,
     0.403325190,344,,branch-misses:u,1152704,100.00,,
     0.403325190,26,,cache-misses:u,1152672,100.00,,
     0.403325190,1528488,,bus-cycles:u,1152704,100.00,,
     0.403325190,9773654,,instructions:u,1152704,100.00,,
     0.404477783,342,,branch-misses:u,1153536,100.00,,
     0.404477783,99,,cache-misses:u,1154304,100.00,,
     0.404477783,1525412,,bus-cycles:u,1154304,100.00,,
     0.404477783,9744124,,instructions:u,1154336,100.00,,
     0.405636935,349,,branch-misses:u,1158400,100.00,,
     0.405636935,31,,cache-misses:u,1157760,100.00,,
     0.405636935,1534459,,bus-cycles:u,1157760,100.00,,
     0.405636935,9812424,,instructions:u,1157696,100.00,,
     0.406790615,345,,branch-misses:u,1153728,100.00,,
     0.406790615,26,,cache-misses:u,1154048,100.00,,
     0.406790615,1529333,,bus-cycles:u,1154048,100.00,,
     0.406790615,9748653,,instructions:u,1154144,100.00,,
     0.407957191,348,,branch-misses:u,1167968,100.00,,
     0.407957191,57,,cache-misses:u,1168384,100.00,,
     0.407957191,1542367,,bus-cycles:u,1168512,100.00,,
     0.407957191,9848079,,instructions:u,1168608,100.00,,
     0.409118263,346,,branch-misses:u,1160512,100.00,,
     0.409118263,70,,cache-misses:u,1159744,100.00,,
     0.409118263,1538294,,bus-cycles:u,1159648,100.00,,
     0.409118263,9831955,,instructions:u,1159488,100.00,,
     0.410271912,346,,branch-misses:u,1153216,100.00,,
     0.410271912,35,,cache-misses:u,1153152,100.00,,
     0.410271912,1530224,,bus-cycles:u,1153088,100.00,,
     0.410271912,9800310,,instructions:u,1153120,100.00,,
     0.411424536,344,,branch-misses:u,1152640,100.00,,
     0.411424536,32,,cache-misses:u,1152704,100.00,,
     0.411424536,1528759,,bus-cycles:u,1152672,100.00,,
     0.411424536,9782762,,instructions:u,1152672,100.00,,
     0.412577673,343,,branch-misses:u,1154112,100.00,,
     0.412577673,101,,cache-misses:u,1154144,100.00,,
     0.412577673,1523682,,bus-cycles:u,1154272,100.00,,
     0.412577673,9746755,,instructions:u,1154368,100.00,,
     0.413734426,346,,branch-misses:u,1156128,100.00,,
     0.413734426,27,,cache-misses:u,1156032,100.00,,
     0.413734426,1532492,,bus-cycles:u,1155936,100.00,,
     0.413734426,9816195,,instructions:u,1155808,100.00,,
     0.414887594,345,,branch-misses:u,1153248,100.00,,
     0.414887594,37,,cache-misses:u,1153280,100.00,,
     0.414887594,1529982,,bus-cycles:u,1153376,100.00,,
     0.414887594,9789222,,instructions:u,1153408,100.00,,
     0.416040315,343,,branch-misses:u,1145216,100.00,,
     0.416040315,182,,cache-misses:u,1145536,100.00,,
     0.416040315,1504907,,bus-cycles:u,1145696,100.00,,
     0.416040315,9617467,,instructions:u,1145952,100.00,,
     0.417199499,348,,branch-misses:u,1158432,100.00,,
     0.417199499,48,,cache-misses:u,1158112,100.00,,
     0.417199499,1535641,,bus-cycles:u,1157888,100.00,,
     0.417199499,9814875,,instructions:u,1157632,100.00,,
     0.418355836,346,,branch-misses:u,1155904,100.00,,
     0.418355836,41,,cache-misses:u,1155872,100.00,,
     0.418355836,1533388,,bus-cycles:u,1155840,100.00,,
     0.418355836,9801788,,instructions:u,1155808,100.00,,
     0.419509101,342,,branch-misses:u,1153408,100.00,,
     0.419509101,38,,cache-misses:u,1153408,100.00,,
     0.419509101,1529215,,bus-cycles:u,1153408,100.00,,
     0.419509101,9774278,,instructions:u,1153408,100.00,,
     0.420662109,345,,branch-misses:u,1154048,100.00,,
     0.420662109,109,,cache-misses:u,1154048,100.00,,
     0.420662109,1523581,,bus-cycles:u,1154048,100.00,,
     0.420662109,9736352,,instructions:u,1154048,100.00,,
     0.421819022,344,,branch-misses:u,1156448,100.00,,
     0.421819022,48,,cache-misses:u,1156512,100.00,,
     0.421819022,1534550,,bus-cycles:u,1156512,100.00,,
     0.421819022,9817055,,instructions:u,1156544,100.00,,
     0.422972383,345,,branch-misses:u,1153120,100.00,,
     0.422972383,25,,cache-misses:u,1153088,100.00,,
     0.422972383,1528579,,bus-cycles:u,1153088,100.00,,
     0.422972383,9763167,,instructions:u,1153056,100.00,,
     0.424126127,344,,branch-misses:u,1154848,100.00,,
     0.424126127,101,,cache-misses:u,1155104,100.00,,
     0.424126127,1524677,,bus-cycles:u,1155200,100.00,,
     0.424126127,9728881,,instructions:u,1155264,100.00,,
     0.425282976,345,,branch-misses:u,1156128,100.00,,
     0.425282976,30,,cache-misses:u,1155840,100.00,,
     0.425282976,1532598,,bus-cycles:u,1155744,100.00,,
     0.425282976,9818436,,instructions:u,1155712,100.00,,
     0.426435409,347,,branch-misses:u,1152416,100.00,,
     0.426435409,27,,cache-misses:u,1152064,100.00,,
     0.426435409,1528370,,bus-cycles:u,1152064,100.00,,
     0.426435409,9775116,,instructions:u,1152128,100.00,,
     0.427588417,345,,branch-misses:u,1153152,100.00,,
     0.427588417,31,,cache-misses:u,1153728,100.00,,
     0.427588417,1530398,,bus-cycles:u,1153728,100.00,,
     0.427588417,9790110,,instructions:u,1153664,100.00,,
     0.428755441,351,,branch-misses:u,1169152,100.00,,
     0.428755441,100,,cache-misses:u,1169024,100.00,,
     0.428755441,1545086,,bus-cycles:u,1169344,100.00,,
     0.428755441,9876555,,instructions:u,1169312,100.00,,
     0.429916513,347,,branch-misses:u,1159328,100.00,,
     0.429916513,37,,cache-misses:u,1159264,100.00,,
     0.429916513,1537043,,bus-cycles:u,1158880,100.00,,
     0.429916513,9834013,,instructions:u,1158944,100.00,,
     0.431069585,342,,branch-misses:u,1152992,100.00,,
     0.431069585,30,,cache-misses:u,1152608,100.00,,
     0.431069585,1528246,,bus-cycles:u,1152704,100.00,,
     0.431069585,9777809,,instructions:u,1152608,100.00,,
     0.432221666,346,,branch-misses:u,1153152,100.00,,
     0.432221666,123,,cache-misses:u,1153568,100.00,,
     0.432221666,1524312,,bus-cycles:u,1153568,100.00,,
     0.432221666,9755796,,instructions:u,1153568,100.00,,
     0.433379123,346,,branch-misses:u,1156640,100.00,,
     0.433379123,35,,cache-misses:u,1156320,100.00,,
     0.433379123,1534376,,bus-cycles:u,1156256,100.00,,
     0.433379123,9809111,,instructions:u,1156288,100.00,,
     0.434531875,344,,branch-misses:u,1152928,100.00,,
     0.434531875,29,,cache-misses:u,1153120,100.00,,
     0.434531875,1528503,,bus-cycles:u,1153152,100.00,,
     0.434531875,9744018,,instructions:u,1153184,100.00,,
     0.435683988,345,,branch-misses:u,1152032,100.00,,
     0.435683988,33,,cache-misses:u,1152128,100.00,,
     0.435683988,1527717,,bus-cycles:u,1152160,100.00,,
     0.435683988,9761667,,instructions:u,1152160,100.00,,
     0.436835845,344,,branch-misses:u,1152992,100.00,,
     0.436835845,104,,cache-misses:u,1153216,100.00,,
     0.436835845,1523328,,bus-cycles:u,1153248,100.00,,
     0.436835845,9744306,,instructions:u,1153216,100.00,,
     0.437993942,346,,branch-misses:u,1157344,100.00,,
     0.437993942,39,,cache-misses:u,1157088,100.00,,
     0.437993942,1535267,,bus-cycles:u,1157088,100.00,,
     0.437993942,9827308,,instructions:u,1157120,100.00,,
     0.439147462,346,,branch-misses:u,1153632,100.00,,
     0.439147462,29,,cache-misses:u,1153632,100.00,,
     0.439147462,1530249,,bus-cycles:u,1153600,100.00,,
     0.439147462,9779791,,instructions:u,1153600,100.00,,
     0.440299351,345,,branch-misses:u,1152928,100.00,,
     0.440299351,99,,cache-misses:u,1153344,100.00,,
     0.440299351,1524739,,bus-cycles:u,1153888,100.00,,
     0.440299351,9738301,,instructions:u,1153856,100.00,,
     0.441457287,348,,branch-misses:u,1157632,100.00,,
     0.441457287,34,,cache-misses:u,1157248,100.00,,
     0.441457287,1533923,,bus-cycles:u,1156704,100.00,,
     0.441457287,9814789,,instructions:u,1156768,100.00,,
     0.442611160,343,,branch-misses:u,1153504,100.00,,
     0.442611160,30,,cache-misses:u,1153536,100.00,,
     0.442611160,1529239,,bus-cycles:u,1153536,100.00,,
     0.442611160,9782028,,instructions:u,1153472,100.00,,
     0.443763785,346,,branch-misses:u,1152672,100.00,,
     0.443763785,31,,cache-misses:u,1152608,100.00,,
     0.443763785,1528551,,bus-cycles:u,1152608,100.00,,
     0.443763785,9775762,,instructions:u,1152608,100.00,,
     0.444932600,351,,branch-misses:u,1169888,100.00,,
     0.444932600,75,,cache-misses:u,1169952,100.00,,
     0.444932600,1544889,,bus-cycles:u,1169952,100.00,,
     0.444932600,9873141,,instructions:u,1170016,100.00,,
     0.446087881,346,,branch-misses:u,1154432,100.00,,
     0.446087881,29,,cache-misses:u,1154400,100.00,,
     0.446087881,1531334,,bus-cycles:u,1154400,100.00,,
     0.446087881,9799709,,instructions:u,1154368,100.00,,
     0.447242329,342,,branch-misses:u,1154560,100.00,,
     0.447242329,38,,cache-misses:u,1154560,100.00,,
     0.447242329,1531427,,bus-cycles:u,1154560,100.00,,
     0.447242329,9809922,,instructions:u,1154560,100.00,,
     0.448394826,345,,branch-misses:u,1153696,100.00,,
     0.448394826,102,,cache-misses:u,1153952,100.00,,
     0.448394826,1524088,,bus-cycles:u,1153952,100.00,,
     0.448394826,9743749,,instructions:u,1154176,100.00,,
     0.449551611,343,,branch-misses:u,1155936,100.00,,
     0.449551611,34,,cache-misses:u,1155712,100.00,,
     0.449551611,1531477,,bus-cycles:u,1155680,100.00,,
     0.449551611,9776803,,instructions:u,1155456,100.00,,
     0.450720938,347,,branch-misses:u,1170080,100.00,,
     0.450720938,24,,cache-misses:u,1170112,100.00,,
     0.450720938,1551480,,bus-cycles:u,1170144,100.00,,
     0.450720938,9888486,,instructions:u,1170112,100.00,,
     0.451861884,339,,branch-misses:u,1141152,100.00,,
     0.451861884,40,,cache-misses:u,1141184,100.00,,
     0.451861884,1507815,,bus-cycles:u,1141248,100.00,,
     0.451861884,9610664,,instructions:u,1141216,100.00,,
     0.453019884,345,,branch-misses:u,1157664,100.00,,
     0.453019884,85,,cache-misses:u,1157536,100.00,,
     0.453019884,1535126,,bus-cycles:u,1157440,100.00,,
     0.453019884,9822967,,instructions:u,1157472,100.00,,
     0.454173373,347,,branch-misses:u,1153216,100.00,,
     0.454173373,34,,cache-misses:u,1153216,100.00,,
     0.454173373,1530656,,bus-cycles:u,1153280,100.00,,
     0.454173373,9792447,,instructions:u,1153312,100.00,,
     0.455326126,346,,branch-misses:u,1152768,100.00,,
     0.455326126,29,,cache-misses:u,1152768,100.00,,
     0.455326126,1528812,,bus-cycles:u,1152704,100.00,,
     0.455326126,9779757,,instructions:u,1152704,100.00,,
     0.456478814,347,,branch-misses:u,1153792,100.00,,
     0.456478814,105,,cache-misses:u,1154176,100.00,,
     0.456478814,1526229,,bus-cycles:u,1154240,100.00,,
     0.456478814,9763916,,instructions:u,1154208,100.00,,
     0.457637071,347,,branch-misses:u,1157664,100.00,,
     0.457637071,38,,cache-misses:u,1157312,100.00,,
     0.457637071,1534849,,bus-cycles:u,1157280,100.00,,
     0.457637071,9819893,,instructions:u,1157344,100.00,,
     0.458790047,343,,branch-misses:u,1152832,100.00,,
     0.458790047,35,,cache-misses:u,1153152,100.00,,
     0.458790047,1529137,,bus-cycles:u,1153120,100.00,,
     0.458790047,9771975,,instructions:u,1153088,100.00,,
     0.459943344,347,,branch-misses:u,1154240,100.00,,
     0.459943344,72,,cache-misses:u,1154208,100.00,,
     0.459943344,1525837,,bus-cycles:u,1154560,100.00,,
     0.459943344,9736026,,instructions:u,1154560,100.00,,
     0.461102688,345,,branch-misses:u,1158720,100.00,,
     0.461102688,60,,cache-misses:u,1158496,100.00,,
     0.461102688,1535708,,bus-cycles:u,1158144,100.00,,
     0.461102688,9822999,,instructions:u,1158080,100.00,,
     0.462256657,345,,branch-misses:u,1154528,100.00,,
     0.462256657,30,,cache-misses:u,1154720,100.00,,
     0.462256657,1532463,,bus-cycles:u,1154784,100.00,,
     0.462256657,9801262,,instructions:u,1154848,100.00,,
     0.463410530,346,,branch-misses:u,1153536,100.00,,
     0.463410530,30,,cache-misses:u,1153568,100.00,,
     0.463410530,1530458,,bus-cycles:u,1153472,100.00,,
     0.463410530,9807311,,instructions:u,1153440,100.00,,
     0.464562195,346,,branch-misses:u,1152672,100.00,,
     0.464562195,112,,cache-misses:u,1152416,100.00,,
     0.464562195,1523643,,bus-cycles:u,1152480,100.00,,
     0.464562195,9739734,,instructions:u,1152512,100.00,,
     0.465721027,347,,branch-misses:u,1158080,100.00,,
     0.465721027,36,,cache-misses:u,1158368,100.00,,
     0.465721027,1535546,,bus-cycles:u,1158336,100.00,,
     0.465721027,9823499,,instructions:u,1158400,100.00,,
     0.466874548,346,,branch-misses:u,1153536,100.00,,
     0.466874548,30,,cache-misses:u,1153472,100.00,,
     0.466874548,1529305,,bus-cycles:u,1153536,100.00,,
     0.466874548,9782526,,instructions:u,1153472,100.00,,
     0.468027204,344,,branch-misses:u,1153792,100.00,,
     0.468027204,86,,cache-misses:u,1153824,100.00,,
     0.468027204,1524052,,bus-cycles:u,1154208,100.00,,
     0.468027204,9751946,,instructions:u,1154272,100.00,,
     0.469185365,346,,branch-misses:u,1157664,100.00,,
     0.469185365,48,,cache-misses:u,1157664,100.00,,
     0.469185365,1534164,,bus-cycles:u,1157632,100.00,,
     0.469185365,9816720,,instructions:u,1157856,100.00,,
     0.470339397,348,,branch-misses:u,1153728,100.00,,
     0.470339397,32,,cache-misses:u,1153376,100.00,,
     0.470339397,1528468,,bus-cycles:u,1152960,100.00,,
     0.470339397,9783903,,instructions:u,1152672,100.00,,
     0.471506581,350,,branch-misses:u,1168096,100.00,,
     0.471506581,32,,cache-misses:u,1168480,100.00,,
     0.471506581,1548279,,bus-cycles:u,1168512,100.00,,
     0.471506581,9908190,,instructions:u,1168512,100.00,,
     0.472661829,342,,branch-misses:u,1151872,100.00,,
     0.472661829,202,,cache-misses:u,1152160,100.00,,
     0.472661829,1511619,,bus-cycles:u,1152736,100.00,,
     0.472661829,9667101,,instructions:u,1152992,100.00,,
     0.473821654,345,,branch-misses:u,1158880,100.00,,
     0.473821654,33,,cache-misses:u,1158528,100.00,,
     0.473821654,1534330,,bus-cycles:u,1157984,100.00,,
     0.473821654,9815956,,instructions:u,1158112,100.00,,
     0.474976710,345,,branch-misses:u,1154688,100.00,,
     0.474976710,36,,cache-misses:u,1154400,100.00,,
     0.474976710,1530583,,bus-cycles:u,1154368,100.00,,
     0.474976710,9789886,,instructions:u,1153984,100.00,,
     0.476128247,345,,branch-misses:u,1152640,100.00,,
     0.476128247,98,,cache-misses:u,1153056,100.00,,
     0.476128247,1521847,,bus-cycles:u,1153440,100.00,,
     0.476128247,9739654,,instructions:u,1153888,100.00,,
     0.477287495,347,,branch-misses:u,1158400,100.00,,
     0.477287495,30,,cache-misses:u,1158304,100.00,,
     0.477287495,1534669,,bus-cycles:u,1157888,100.00,,
     0.477287495,9796575,,instructions:u,1157408,100.00,,
     0.478442104,345,,branch-misses:u,1154816,100.00,,
     0.478442104,28,,cache-misses:u,1154912,100.00,,
     0.478442104,1530757,,bus-cycles:u,1154944,100.00,,
     0.478442104,9790753,,instructions:u,1154976,100.00,,
     0.479595497,344,,branch-misses:u,1153408,100.00,,
     0.479595497,35,,cache-misses:u,1152960,100.00,,
     0.479595497,1527365,,bus-cycles:u,1152960,100.00,,
     0.479595497,9773193,,instructions:u,1152896,100.00,,
     0.480748057,348,,branch-misses:u,1153472,100.00,,
     0.480748057,110,,cache-misses:u,1153568,100.00,,
     0.480748057,1522374,,bus-cycles:u,1153632,100.00,,
     0.480748057,9747883,,instructions:u,1153632,100.00,,
     0.481904298,346,,branch-misses:u,1155648,100.00,,
     0.481904298,36,,cache-misses:u,1155584,100.00,,
     0.481904298,1531654,,bus-cycles:u,1155584,100.00,,
     0.481904298,9804665,,instructions:u,1155648,100.00,,
     0.483056379,345,,branch-misses:u,1152128,100.00,,
     0.483056379,25,,cache-misses:u,1152480,100.00,,
     0.483056379,1527974,,bus-cycles:u,1152352,100.00,,
     0.483056379,9745330,,instructions:u,1152320,100.00,,
     0.484209419,346,,branch-misses:u,1153920,100.00,,
     0.484209419,88,,cache-misses:u,1153728,100.00,,
     0.484209419,1524690,,bus-cycles:u,1153792,100.00,,
     0.484209419,9743974,,instructions:u,1153728,100.00,,
     0.485366364,347,,branch-misses:u,1156320,100.00,,
     0.485366364,33,,cache-misses:u,1156160,100.00,,
     0.485366364,1533263,,bus-cycles:u,1156160,100.00,,
     0.485366364,9823998,,instructions:u,1156320,100.00,,
     0.486521324,346,,branch-misses:u,1155104,100.00,,
     0.486521324,32,,cache-misses:u,1155456,100.00,,
     0.486521324,1531544,,bus-cycles:u,1155456,100.00,,
     0.486521324,9800093,,instructions:u,1155808,100.00,,
     0.487674525,345,,branch-misses:u,1153248,100.00,,
     0.487674525,34,,cache-misses:u,1152928,100.00,,
     0.487674525,1527687,,bus-cycles:u,1152736,100.00,,
     0.487674525,9773490,,instructions:u,1152288,100.00,,
     0.488827662,345,,branch-misses:u,1154048,100.00,,
     0.488827662,92,,cache-misses:u,1154080,100.00,,
     0.488827662,1525562,,bus-cycles:u,1154720,100.00,,
     0.488827662,9745636,,instructions:u,1154752,100.00,,
     0.489985566,345,,branch-misses:u,1157248,100.00,,
     0.489985566,38,,cache-misses:u,1157568,100.00,,
     0.489985566,1533327,,bus-cycles:u,1157088,100.00,,
     0.489985566,9812351,,instructions:u,1157088,100.00,,
     0.491139055,345,,branch-misses:u,1153504,100.00,,
     0.491139055,30,,cache-misses:u,1153440,100.00,,
     0.491139055,1528390,,bus-cycles:u,1153440,100.00,,
     0.491139055,9747163,,instructions:u,1153376,100.00,,
     0.492303487,349,,branch-misses:u,1165888,100.00,,
     0.492303487,121,,cache-misses:u,1165760,100.00,,
     0.492303487,1535202,,bus-cycles:u,1165856,100.00,,
     0.492303487,9814930,,instructions:u,1165920,100.00,,
     0.493465519,347,,branch-misses:u,1161312,100.00,,
     0.493465519,38,,cache-misses:u,1161088,100.00,,
     0.493465519,1538612,,bus-cycles:u,1161056,100.00,,
     0.493465519,9832923,,instructions:u,1161056,100.00,,
     0.494620575,347,,branch-misses:u,1154752,100.00,,
     0.494620575,30,,cache-misses:u,1155200,100.00,,
     0.494620575,1531403,,bus-cycles:u,1155168,100.00,,
     0.494620575,9794514,,instructions:u,1155200,100.00,,
     0.495774704,343,,branch-misses:u,1154272,100.00,,
     0.495774704,32,,cache-misses:u,1153728,100.00,,
     0.495774704,1529532,,bus-cycles:u,1153728,100.00,,
     0.495774704,9781982,,instructions:u,1153536,100.00,,
     0.497262528,442,,branch-misses:u,1492000,100.00,,
     0.497262528,93,,cache-misses:u,1493184,100.00,,
     0.497262528,1977184,,bus-cycles:u,1493376,100.00,,
     0.497262528,12636628,,instructions:u,1493952,100.00,,
     0.498428720,349,,branch-misses:u,1162560,100.00,,
     0.498428720,35,,cache-misses:u,1161440,100.00,,
     0.498428720,1540046,,bus-cycles:u,1161216,100.00,,
     0.498428720,9849884,,instructions:u,1160800,100.00,,
     0.499583360,347,,branch-misses:u,1154304,100.00,,
     0.499583360,42,,cache-misses:u,1154048,100.00,,
     0.499583360,1530106,,bus-cycles:u,1154080,100.00,,
     0.499583360,9790214,,instructions:u,1154048,100.00,,
     0.500736081,346,,branch-misses:u,1153920,100.00,,
     0.500736081,98,,cache-misses:u,1154560,100.00,,
     0.500736081,1523457,,bus-cycles:u,1154656,100.00,,
     0.500736081,9737897,,instructions:u,1154752,100.00,,
     0.501893826,344,,branch-misses:u,1157344,100.00,,
     0.501893826,30,,cache-misses:u,1157056,100.00,,
     0.501893826,1534779,,bus-cycles:u,1156928,100.00,,
     0.501893826,9805868,,instructions:u,1156864,100.00,,
     0.503046770,344,,branch-misses:u,1152512,100.00,,
     0.503046770,27,,cache-misses:u,1152480,100.00,,
     0.503046770,1527697,,bus-cycles:u,1152544,100.00,,
     0.503046770,9763927,,instructions:u,1152576,100.00,,
     0.504199555,345,,branch-misses:u,1153696,100.00,,
     0.504199555,96,,cache-misses:u,1153824,100.00,,
     0.504199555,1521393,,bus-cycles:u,1153760,100.00,,
     0.504199555,9734695,,instructions:u,1153664,100.00,,
     0.505357555,350,,branch-misses:u,1157376,100.00,,
     0.505357555,53,,cache-misses:u,1157184,100.00,,
     0.505357555,1535569,,bus-cycles:u,1157760,100.00,,
     0.505357555,9838015,,instructions:u,1157760,100.00,,
     0.506511300,343,,branch-misses:u,1153920,100.00,,
     0.506511300,31,,cache-misses:u,1154016,100.00,,
     0.506511300,1528882,,bus-cycles:u,1153440,100.00,,
     0.506511300,9761280,,instructions:u,1153632,100.00,,
     0.507664469,342,,branch-misses:u,1153024,100.00,,
     0.507664469,29,,cache-misses:u,1152960,100.00,,
     0.507664469,1529345,,bus-cycles:u,1152960,100.00,,
     0.507664469,9747936,,instructions:u,1152800,100.00,,
     0.508816806,342,,branch-misses:u,1153408,100.00,,
     0.508816806,87,,cache-misses:u,1153472,100.00,,
     0.508816806,1524495,,bus-cycles:u,1153472,100.00,,
     0.508816806,9740019,,instructions:u,1153440,100.00,,
     0.509973174,346,,branch-misses:u,1155776,100.00,,
     0.509973174,35,,cache-misses:u,1155712,100.00,,
     0.509973174,1532611,,bus-cycles:u,1155744,100.00,,
     0.509973174,9818190,,instructions:u,1155776,100.00,,
     0.511125671,347,,branch-misses:u,1152480,100.00,,
     0.511125671,37,,cache-misses:u,1152512,100.00,,
     0.511125671,1523176,,bus-cycles:u,1152512,100.00,,
     0.511125671,9739414,,instructions:u,1152544,100.00,,
     0.512277528,343,,branch-misses:u,1152480,100.00,,
     0.512277528,88,,cache-misses:u,1152608,100.00,,
     0.512277528,1520877,,bus-cycles:u,1152704,100.00,,
     0.512277528,9699467,,instructions:u,1152736,100.00,,
     0.513434632,347,,branch-misses:u,1157216,100.00,,
     0.513434632,35,,cache-misses:u,1157152,100.00,,
     0.513434632,1533306,,bus-cycles:u,1157056,100.00,,
     0.513434632,9801033,,instructions:u,1157056,100.00,,
     0.514607319,350,,branch-misses:u,1172960,100.00,,
     0.514607319,33,,cache-misses:u,1172960,100.00,,
     0.514607319,1554784,,bus-cycles:u,1172992,100.00,,
     0.514607319,9948391,,instructions:u,1172960,100.00,,
     0.515760712,345,,branch-misses:u,1152864,100.00,,
     0.515760712,34,,cache-misses:u,1152832,100.00,,
     0.515760712,1527896,,bus-cycles:u,1152832,100.00,,
     0.515760712,9772015,,instructions:u,1152832,100.00,,
     0.516928599,349,,branch-misses:u,1168384,100.00,,
     0.516928599,84,,cache-misses:u,1168384,100.00,,
     0.516928599,1543978,,bus-cycles:u,1168448,100.00,,
     0.516928599,9867450,,instructions:u,1168544,100.00,,
     0.518081800,344,,branch-misses:u,1152928,100.00,,
     0.518081800,34,,cache-misses:u,1152864,100.00,,
     0.518081800,1528116,,bus-cycles:u,1152736,100.00,,
     0.518081800,9769154,,instructions:u,1152736,100.00,,
     0.519234937,343,,branch-misses:u,1153152,100.00,,
     0.519234937,26,,cache-misses:u,1153216,100.00,,
     0.519234937,1529170,,bus-cycles:u,1153184,100.00,,
     0.519234937,9768729,,instructions:u,1153056,100.00,,
     0.520387018,346,,branch-misses:u,1153440,100.00,,
     0.520387018,101,,cache-misses:u,1153536,100.00,,
     0.520387018,1523985,,bus-cycles:u,1153632,100.00,,
     0.520387018,9744097,,instructions:u,1153696,100.00,,
     0.521545882,348,,branch-misses:u,1157824,100.00,,
     0.521545882,42,,cache-misses:u,1157728,100.00,,
     0.521545882,1533709,,bus-cycles:u,1157664,100.00,,
     0.521545882,9801005,,instructions:u,1157664,100.00,,
     0.522699947,344,,branch-misses:u,1154144,100.00,,
     0.522699947,30,,cache-misses:u,1154080,100.00,,
     0.522699947,1530567,,bus-cycles:u,1154112,100.00,,
     0.522699947,9755609,,instructions:u,1154048,100.00,,
     0.523860667,347,,branch-misses:u,1161664,100.00,,
     0.523860667,35,,cache-misses:u,1161824,100.00,,
     0.523860667,1535648,,bus-cycles:u,1161824,100.00,,
     0.523860667,9801705,,instructions:u,1161888,100.00,,
     0.525019147,344,,branch-misses:u,1158208,100.00,,
     0.525019147,85,,cache-misses:u,1158112,100.00,,
     0.525019147,1535187,,bus-cycles:u,1158176,100.00,,
     0.525019147,9810044,,instructions:u,1158176,100.00,,
     0.526172924,345,,branch-misses:u,1153472,100.00,,
     0.526172924,36,,cache-misses:u,1153408,100.00,,
     0.526172924,1529306,,bus-cycles:u,1153312,100.00,,
     0.526172924,9786439,,instructions:u,1153312,100.00,,
     0.527325324,343,,branch-misses:u,1152480,100.00,,
     0.527325324,30,,cache-misses:u,1152480,100.00,,
     0.527325324,1527746,,bus-cycles:u,1152512,100.00,,
     0.527325324,9764245,,instructions:u,1152480,100.00,,
     0.528477853,345,,branch-misses:u,1153600,100.00,,
     0.528477853,89,,cache-misses:u,1153792,100.00,,
     0.528477853,1524414,,bus-cycles:u,1153824,100.00,,
     0.528477853,9732039,,instructions:u,1153792,100.00,,
     0.529635118,346,,branch-misses:u,1156544,100.00,,
     0.529635118,33,,cache-misses:u,1156448,100.00,,
     0.529635118,1533323,,bus-cycles:u,1156416,100.00,,
     0.529635118,9793444,,instructions:u,1156416,100.00,,
     0.530788894,345,,branch-misses:u,1153696,100.00,,
     0.530788894,32,,cache-misses:u,1153632,100.00,,
     0.530788894,1529680,,bus-cycles:u,1153632,100.00,,
     0.530788894,9784472,,instructions:u,1153632,100.00,,
     0.531941455,345,,branch-misses:u,1149248,100.00,,
     0.531941455,156,,cache-misses:u,1149792,100.00,,
     0.531941455,1512041,,bus-cycles:u,1150080,100.00,,
     0.531941455,9669768,,instructions:u,1150336,100.00,,
     0.533101311,350,,branch-misses:u,1158848,100.00,,
     0.533101311,75,,cache-misses:u,1158304,100.00,,
     0.533101311,1533770,,bus-cycles:u,1158016,100.00,,
     0.533101311,9796022,,instructions:u,1157792,100.00,,
     0.534255184,344,,branch-misses:u,1153568,100.00,,
     0.534255184,36,,cache-misses:u,1153664,100.00,,
     0.534255184,1528590,,bus-cycles:u,1153632,100.00,,
     0.534255184,9763073,,instructions:u,1153728,100.00,,
     0.535421535,346,,branch-misses:u,1167360,100.00,,
     0.535421535,26,,cache-misses:u,1167392,100.00,,
     0.535421535,1548225,,bus-cycles:u,1167456,100.00,,
     0.535421535,9887985,,instructions:u,1167328,100.00,,
     0.536576176,344,,branch-misses:u,1154464,100.00,,
     0.536576176,106,,cache-misses:u,1154400,100.00,,
     0.536576176,1524697,,bus-cycles:u,1154400,100.00,,
     0.536576176,9758307,,instructions:u,1155008,100.00,,
     0.537733984,346,,branch-misses:u,1157344,100.00,,
     0.537733984,44,,cache-misses:u,1157184,100.00,,
     0.537733984,1534332,,bus-cycles:u,1157152,100.00,,
     0.537733984,9799014,,instructions:u,1156512,100.00,,
     0.538886769,344,,branch-misses:u,1152832,100.00,,
     0.538886769,29,,cache-misses:u,1152896,100.00,,
     0.538886769,1527802,,bus-cycles:u,1152864,100.00,,
     0.538886769,9753016,,instructions:u,1152896,100.00,,
     0.540039938,343,,branch-misses:u,1154080,100.00,,
     0.540039938,91,,cache-misses:u,1154112,100.00,,
     0.540039938,1523382,,bus-cycles:u,1154144,100.00,,
     0.540039938,9713875,,instructions:u,1154208,100.00,,
     0.541203474,345,,branch-misses:u,1163072,100.00,,
     0.541203474,35,,cache-misses:u,1163072,100.00,,
     0.541203474,1540833,,bus-cycles:u,1163072,100.00,,
     0.541203474,9860682,,instructions:u,1163008,100.00,,
     0.542356546,346,,branch-misses:u,1153056,100.00,,
     0.542356546,26,,cache-misses:u,1153024,100.00,,
     0.542356546,1528628,,bus-cycles:u,1152992,100.00,,
     0.542356546,9765534,,instructions:u,1152992,100.00,,
     0.543508915,345,,branch-misses:u,1152384,100.00,,
     0.543508915,29,,cache-misses:u,1152352,100.00,,
     0.543508915,1528117,,bus-cycles:u,1152352,100.00,,
     0.543508915,9780853,,instructions:u,1152352,100.00,,
     0.544661412,346,,branch-misses:u,1153600,100.00,,
     0.544661412,105,,cache-misses:u,1153728,100.00,,
     0.544661412,1522665,,bus-cycles:u,1153728,100.00,,
     0.544661412,9736247,,instructions:u,1153984,100.00,,
     0.545819540,344,,branch-misses:u,1157728,100.00,,
     0.545819540,32,,cache-misses:u,1157600,100.00,,
     0.545819540,1534731,,bus-cycles:u,1157568,100.00,,
     0.545819540,9820632,,instructions:u,1157312,100.00,,
     0.546973509,346,,branch-misses:u,1153600,100.00,,
     0.546973509,25,,cache-misses:u,1153600,100.00,,
     0.546973509,1529570,,bus-cycles:u,1153632,100.00,,
     0.546973509,9777807,,instructions:u,1153632,100.00,,
     0.548126038,345,,branch-misses:u,1153632,100.00,,
     0.548126038,91,,cache-misses:u,1153792,100.00,,
     0.548126038,1524963,,bus-cycles:u,1153792,100.00,,
     0.548126038,9742506,,instructions:u,1153824,100.00,,
     0.549283942,345,,branch-misses:u,1157504,100.00,,
     0.549283942,36,,cache-misses:u,1157120,100.00,,
     0.549283942,1534065,,bus-cycles:u,1157152,100.00,,
     0.549283942,9814745,,instructions:u,1157152,100.00,,
     0.550437815,345,,branch-misses:u,1153504,100.00,,
     0.550437815,41,,cache-misses:u,1153792,100.00,,
     0.550437815,1530167,,bus-cycles:u,1153824,100.00,,
     0.550437815,9780051,,instructions:u,1153856,100.00,,
     0.551590376,345,,branch-misses:u,1152640,100.00,,
     0.551590376,28,,cache-misses:u,1152576,100.00,,
     0.551590376,1528590,,bus-cycles:u,1152544,100.00,,
     0.551590376,9762868,,instructions:u,1152480,100.00,,
     0.552744056,346,,branch-misses:u,1154656,100.00,,
     0.552744056,100,,cache-misses:u,1154752,100.00,,
     0.552744056,1524141,,bus-cycles:u,1154784,100.00,,
     0.552744056,9732475,,instructions:u,1154752,100.00,,
     0.553902121,347,,branch-misses:u,1158048,100.00,,
     0.553902121,36,,cache-misses:u,1157984,100.00,,
     0.553902121,1534840,,bus-cycles:u,1157952,100.00,,
     0.553902121,9812559,,instructions:u,1157984,100.00,,
     0.555055929,343,,branch-misses:u,1153216,100.00,,
     0.555055929,30,,cache-misses:u,1153248,100.00,,
     0.555055929,1528708,,bus-cycles:u,1153216,100.00,,
     0.555055929,9766511,,instructions:u,1153216,100.00,,
     0.556207818,342,,branch-misses:u,1153728,100.00,,
     0.556207818,96,,cache-misses:u,1153760,100.00,,
     0.556207818,1524847,,bus-cycles:u,1153760,100.00,,
     0.556207818,9727241,,instructions:u,1153792,100.00,,
     0.557379609,350,,branch-misses:u,1171680,100.00,,
     0.557379609,38,,cache-misses:u,1171744,100.00,,
     0.557379609,1554162,,bus-cycles:u,1171808,100.00,,
     0.557379609,9938193,,instructions:u,1171872,100.00,,
     0.558534730,342,,branch-misses:u,1153824,100.00,,
     0.558534730,35,,cache-misses:u,1153728,100.00,,
     0.558534730,1530235,,bus-cycles:u,1153728,100.00,,
     0.558534730,9782995,,instructions:u,1153632,100.00,,
     0.559686779,346,,branch-misses:u,1152128,100.00,,
     0.559686779,32,,cache-misses:u,1152160,100.00,,
     0.559686779,1528490,,bus-cycles:u,1152096,100.00,,
     0.559686779,9781323,,instructions:u,1152096,100.00,,
     0.560838380,346,,branch-misses:u,1152640,100.00,,
     0.560838380,89,,cache-misses:u,1152640,100.00,,
     0.560838380,1523547,,bus-cycles:u,1152704,100.00,,
     0.560838380,9731018,,instructions:u,1152800,100.00,,
     0.561995260,344,,branch-misses:u,1156704,100.00,,
     0.561995260,34,,cache-misses:u,1156640,100.00,,
     0.561995260,1532937,,bus-cycles:u,1156608,100.00,,
     0.561995260,9793077,,instructions:u,1156480,100.00,,
     0.563148621,346,,branch-misses:u,1152832,100.00,,
     0.563148621,39,,cache-misses:u,1152768,100.00,,
     0.563148621,1528822,,bus-cycles:u,1152736,100.00,,
     0.563148621,9772454,,instructions:u,1152800,100.00,,
     0.564301822,344,,branch-misses:u,1154080,100.00,,
     0.564301822,106,,cache-misses:u,1154208,100.00,,
     0.564301822,1522863,,bus-cycles:u,1154208,100.00,,
     0.564301822,9741203,,instructions:u,1154144,100.00,,
     0.565458126,345,,branch-misses:u,1155616,100.00,,
     0.565458126,32,,cache-misses:u,1155552,100.00,,
     0.565458126,1532984,,bus-cycles:u,1155584,100.00,,
     0.565458126,9797707,,instructions:u,1155616,100.00,,
     0.566611039,342,,branch-misses:u,1153408,100.00,,
     0.566611039,33,,cache-misses:u,1153440,100.00,,
     0.566611039,1529916,,bus-cycles:u,1153440,100.00,,
     0.566611039,9782411,,instructions:u,1153408,100.00,,
     0.567764208,343,,branch-misses:u,1152800,100.00,,
     0.567764208,35,,cache-misses:u,1152736,100.00,,
     0.567764208,1529384,,bus-cycles:u,1152736,100.00,,
     0.567764208,9777215,,instructions:u,1152800,100.00,,
     0.568933055,348,,branch-misses:u,1170016,100.00,,
     0.568933055,93,,cache-misses:u,1170752,100.00,,
     0.568933055,1548526,,bus-cycles:u,1170752,100.00,,
     0.568933055,9896702,,instructions:u,1170752,100.00,,
     0.570088239,344,,branch-misses:u,1154336,100.00,,
     0.570088239,41,,cache-misses:u,1153632,100.00,,
     0.570088239,1529033,,bus-cycles:u,1153632,100.00,,
     0.570088239,9776976,,instructions:u,1153536,100.00,,
     0.571240576,342,,branch-misses:u,1152448,100.00,,
     0.571240576,35,,cache-misses:u,1152160,100.00,,
     0.571240576,1527755,,bus-cycles:u,1152128,100.00,,
     0.571240576,9770478,,instructions:u,1152192,100.00,,
     0.572391601,343,,branch-misses:u,1152096,100.00,,
     0.572391601,92,,cache-misses:u,1152480,100.00,,
     0.572391601,1523597,,bus-cycles:u,1152576,100.00,,
     0.572391601,9738455,,instructions:u,1152672,100.00,,
     0.573548194,344,,branch-misses:u,1155680,100.00,,
     0.573548194,36,,cache-misses:u,1155328,100.00,,
     0.573548194,1532777,,bus-cycles:u,1155264,100.00,,
     0.573548194,9802059,,instructions:u,1155168,100.00,,
     0.574701234,345,,branch-misses:u,1153248,100.00,,
     0.574701234,33,,cache-misses:u,1153280,100.00,,
     0.574701234,1530254,,bus-cycles:u,1153248,100.00,,
     0.574701234,9806615,,instructions:u,1153280,100.00,,
     0.575861123,346,,branch-misses:u,1161344,100.00,,
     0.575861123,36,,cache-misses:u,1161632,100.00,,
     0.575861123,1535850,,bus-cycles:u,1161632,100.00,,
     0.575861123,9824542,,instructions:u,1161600,100.00,,
     0.577018995,344,,branch-misses:u,1156992,100.00,,
     0.577018995,86,,cache-misses:u,1156960,100.00,,
     0.577018995,1534361,,bus-cycles:u,1156992,100.00,,
     0.577018995,9805520,,instructions:u,1156928,100.00,,
     0.578187042,348,,branch-misses:u,1168672,100.00,,
     0.578187042,35,,cache-misses:u,1168736,100.00,,
     0.578187042,1551173,,bus-cycles:u,1168928,100.00,,
     0.578187042,9908560,,instructions:u,1169120,100.00,,
     0.579341843,343,,branch-misses:u,1154240,100.00,,
     0.579341843,33,,cache-misses:u,1154336,100.00,,
     0.579341843,1530654,,bus-cycles:u,1154144,100.00,,
     0.579341843,9773238,,instructions:u,1153984,100.00,,
     0.580493892,343,,branch-misses:u,1152960,100.00,,
     0.580493892,122,,cache-misses:u,1152896,100.00,,
     0.580493892,1517023,,bus-cycles:u,1152864,100.00,,
     0.580493892,9707011,,instructions:u,1152864,100.00,,
     0.581651188,344,,branch-misses:u,1156800,100.00,,
     0.581651188,35,,cache-misses:u,1156704,100.00,,
     0.581651188,1533194,,bus-cycles:u,1156768,100.00,,
     0.581651188,9816764,,instructions:u,1156800,100.00,,
     0.582804293,341,,branch-misses:u,1152896,100.00,,
     0.582804293,33,,cache-misses:u,1152928,100.00,,
     0.582804293,1527378,,bus-cycles:u,1152864,100.00,,
     0.582804293,9763822,,instructions:u,1152864,100.00,,
     0.583957462,343,,branch-misses:u,1154400,100.00,,
     0.583957462,70,,cache-misses:u,1154752,100.00,,
     0.583957462,1523121,,bus-cycles:u,1154848,100.00,,
     0.583957462,9746263,,instructions:u,1154976,100.00,,
     0.585115142,344,,branch-misses:u,1156672,100.00,,
     0.585115142,74,,cache-misses:u,1156256,100.00,,
     0.585115142,1532678,,bus-cycles:u,1156192,100.00,,
     0.585115142,9806777,,instructions:u,1156064,100.00,,
     0.586267799,344,,branch-misses:u,1152800,100.00,,
     0.586267799,45,,cache-misses:u,1152864,100.00,,
     0.586267799,1527940,,bus-cycles:u,1152864,100.00,,
     0.586267799,9789607,,instructions:u,1152992,100.00,,
     0.587420391,343,,branch-misses:u,1152640,100.00,,
     0.587420391,32,,cache-misses:u,1152640,100.00,,
     0.587420391,1527218,,bus-cycles:u,1152800,100.00,,
     0.587420391,9780580,,instructions:u,1152736,100.00,,
     0.588572760,342,,branch-misses:u,1153472,100.00,,
     0.588572760,96,,cache-misses:u,1153568,100.00,,
     0.588572760,1523441,,bus-cycles:u,1153376,100.00,,
     0.588572760,9734338,,instructions:u,1153312,100.00,,
     0.589729609,346,,branch-misses:u,1156064,100.00,,
     0.589729609,38,,cache-misses:u,1155872,100.00,,
     0.589729609,1531799,,bus-cycles:u,1155872,100.00,,
     0.589729609,9789841,,instructions:u,1155904,100.00,,
     0.590883001,345,,branch-misses:u,1153376,100.00,,
     0.590883001,27,,cache-misses:u,1153472,100.00,,
     0.590883001,1528957,,bus-cycles:u,1153472,100.00,,
     0.590883001,9783199,,instructions:u,1153440,100.00,,
     0.592258421,407,,branch-misses:u,1375808,100.00,,
     0.592258421,196,,cache-misses:u,1378400,100.00,,
     0.592258421,1816785,,bus-cycles:u,1379200,100.00,,
     0.592258421,11637805,,instructions:u,1380576,100.00,,
     0.593481375,362,,branch-misses:u,1218464,100.00,,
     0.593481375,33,,cache-misses:u,1216672,100.00,,
     0.593481375,1613082,,bus-cycles:u,1216064,100.00,,
     0.593481375,10302875,,instructions:u,1214784,100.00,,
     0.594643311,346,,branch-misses:u,1161792,100.00,,
     0.594643311,34,,cache-misses:u,1161312,100.00,,
     0.594643311,1540170,,bus-cycles:u,1161248,100.00,,
     0.594643311,9849864,,instructions:u,1161216,100.00,,
     0.595799903,345,,branch-misses:u,1156128,100.00,,
     0.595799903,42,,cache-misses:u,1156192,100.00,,
     0.595799903,1532172,,bus-cycles:u,1156096,100.00,,
     0.595799903,9801882,,instructions:u,1156128,100.00,,
     0.596980967,352,,branch-misses:u,1182720,100.00,,
     0.596980967,90,,cache-misses:u,1182464,100.00,,
     0.596980967,1561438,,bus-cycles:u,1182528,100.00,,
     0.596980967,9977131,,instructions:u,1182528,100.00,,
     0.598138673,344,,branch-misses:u,1156160,100.00,,
     0.598138673,37,,cache-misses:u,1156000,100.00,,
     0.598138673,1532344,,bus-cycles:u,1156000,100.00,,
     0.598138673,9795452,,instructions:u,1155968,100.00,,
     0.599293659,344,,branch-misses:u,1155136,100.00,,
     0.599293659,32,,cache-misses:u,1155264,100.00,,
     0.599293659,1531322,,bus-cycles:u,1155200,100.00,,
     0.599293659,9797673,,instructions:u,1155200,100.00,,
     0.600473955,352,,branch-misses:u,1182464,100.00,,
     0.600473955,110,,cache-misses:u,1183616,100.00,,
     0.600473955,1564560,,bus-cycles:u,1183808,100.00,,
     0.600473955,10019869,,instructions:u,1184224,100.00,,
     0.601645867,348,,branch-misses:u,1170560,100.00,,
     0.601645867,39,,cache-misses:u,1169344,100.00,,
     0.601645867,1551430,,bus-cycles:u,1169696,100.00,,
     0.601645867,9910252,,instructions:u,1169216,100.00,,
     0.602802453,343,,branch-misses:u,1156576,100.00,,
     0.602802453,26,,cache-misses:u,1156480,100.00,,
     0.602802453,1531825,,bus-cycles:u,1155968,100.00,,
     0.602802453,9801011,,instructions:u,1155968,100.00,,
     0.603956671,344,,branch-misses:u,1154880,100.00,,
     0.603956671,68,,cache-misses:u,1155200,100.00,,
     0.603956671,1524898,,bus-cycles:u,1155264,100.00,,
     0.603956671,9767118,,instructions:u,1155296,100.00,,
     0.605117641,346,,branch-misses:u,1160416,100.00,,
     0.605117641,53,,cache-misses:u,1160096,100.00,,
     0.605117641,1538496,,bus-cycles:u,1160128,100.00,,
     0.605117641,9835290,,instructions:u,1160064,100.00,,
     0.606272147,344,,branch-misses:u,1154208,100.00,,
     0.606272147,25,,cache-misses:u,1154240,100.00,,
     0.606272147,1529117,,bus-cycles:u,1154240,100.00,,
     0.606272147,9761693,,instructions:u,1154400,100.00,,
     0.607423933,340,,branch-misses:u,1152064,100.00,,
     0.607423933,27,,cache-misses:u,1152064,100.00,,
     0.607423933,1527028,,bus-cycles:u,1152000,100.00,,
     0.607423933,9748402,,instructions:u,1151904,100.00,,
     0.608577832,343,,branch-misses:u,1154816,100.00,,
     0.608577832,86,,cache-misses:u,1154848,100.00,,
     0.608577832,1523893,,bus-cycles:u,1154880,100.00,,
     0.608577832,9725494,,instructions:u,1154944,100.00,,
     0.609736753,345,,branch-misses:u,1158592,100.00,,
     0.609736753,34,,cache-misses:u,1158592,100.00,,
     0.609736753,1536020,,bus-cycles:u,1158496,100.00,,
     0.609736753,9826461,,instructions:u,1158432,100.00,,
     0.610891932,343,,branch-misses:u,1155104,100.00,,
     0.610891932,33,,cache-misses:u,1155104,100.00,,
     0.610891932,1531759,,bus-cycles:u,1155104,100.00,,
     0.610891932,9803658,,instructions:u,1155040,100.00,,
     0.612044774,341,,branch-misses:u,1153760,100.00,,
     0.612044774,89,,cache-misses:u,1154048,100.00,,
     0.612044774,1525070,,bus-cycles:u,1154080,100.00,,
     0.612044774,9735051,,instructions:u,1154304,100.00,,
     0.613204432,345,,branch-misses:u,1159200,100.00,,
     0.613204432,43,,cache-misses:u,1158912,100.00,,
     0.613204432,1537029,,bus-cycles:u,1158880,100.00,,
     0.613204432,9825768,,instructions:u,1158720,100.00,,
     0.614358682,345,,branch-misses:u,1153920,100.00,,
     0.614358682,26,,cache-misses:u,1153920,100.00,,
     0.614358682,1531483,,bus-cycles:u,1153856,100.00,,
     0.614358682,9779338,,instructions:u,1153824,100.00,,
     0.615512260,346,,branch-misses:u,1153824,100.00,,
     0.615512260,33,,cache-misses:u,1153792,100.00,,
     0.615512260,1530601,,bus-cycles:u,1153856,100.00,,
     0.615512260,9806375,,instructions:u,1153856,100.00,,
     0.616665039,341,,branch-misses:u,1153536,100.00,,
     0.616665039,116,,cache-misses:u,1153632,100.00,,
     0.616665039,1522551,,bus-cycles:u,1153696,100.00,,
     0.616665039,9727888,,instructions:u,1153760,100.00,,
     0.617821433,344,,branch-misses:u,1156064,100.00,,
     0.617821433,33,,cache-misses:u,1155904,100.00,,
     0.617821433,1532768,,bus-cycles:u,1155872,100.00,,
     0.617821433,9802363,,instructions:u,1155840,100.00,,
     0.618974851,342,,branch-misses:u,1153120,100.00,,
     0.618974851,29,,cache-misses:u,1153152,100.00,,
     0.618974851,1529452,,bus-cycles:u,1153120,100.00,,
     0.618974851,9785731,,instructions:u,1153120,100.00,,
     0.620127949,343,,branch-misses:u,1154304,100.00,,
     0.620127949,101,,cache-misses:u,1154400,100.00,,
     0.620127949,1524980,,bus-cycles:u,1154368,100.00,,
     0.620127949,9755091,,instructions:u,1154368,100.00,,
     0.621302165,351,,branch-misses:u,1173728,100.00,,
     0.621302165,47,,cache-misses:u,1173792,100.00,,
     0.621302165,1557298,,bus-cycles:u,1173824,100.00,,
     0.621302165,9963047,,instructions:u,1173856,100.00,,
     0.622455552,342,,branch-misses:u,1153056,100.00,,
     0.622455552,33,,cache-misses:u,1153024,100.00,,
     0.622455552,1528629,,bus-cycles:u,1153024,100.00,,
     0.622455552,9748822,,instructions:u,1152960,100.00,,
     0.623608522,343,,branch-misses:u,1153120,100.00,,
     0.623608522,33,,cache-misses:u,1152704,100.00,,
     0.623608522,1528483,,bus-cycles:u,1152704,100.00,,
     0.623608522,9757547,,instructions:u,1152736,100.00,,
     0.624762164,343,,branch-misses:u,1154752,100.00,,
     0.624762164,91,,cache-misses:u,1155136,100.00,,
     0.624762164,1525596,,bus-cycles:u,1155136,100.00,,
     0.624762164,9751561,,instructions:u,1155136,100.00,,
     0.625920478,344,,branch-misses:u,1157728,100.00,,
     0.625920478,39,,cache-misses:u,1157632,100.00,,
     0.625920478,1534637,,bus-cycles:u,1157632,100.00,,
     0.625920478,9806197,,instructions:u,1157568,100.00,,
     0.627074408,343,,branch-misses:u,1153632,100.00,,
     0.627074408,30,,cache-misses:u,1153600,100.00,,
     0.627074408,1528563,,bus-cycles:u,1153536,100.00,,
     0.627074408,9747498,,instructions:u,1153632,100.00,,
     0.628227475,342,,branch-misses:u,1154176,100.00,,
     0.628227475,94,,cache-misses:u,1154336,100.00,,
     0.628227475,1524018,,bus-cycles:u,1154400,100.00,,
     0.628227475,9705380,,instructions:u,1154336,100.00,,
     0.629385053,344,,branch-misses:u,1156768,100.00,,
     0.629385053,42,,cache-misses:u,1156672,100.00,,
     0.629385053,1531952,,bus-cycles:u,1156672,100.00,,
     0.629385053,9789050,,instructions:u,1156736,100.00,,
     0.630538855,342,,branch-misses:u,1153888,100.00,,
     0.630538855,29,,cache-misses:u,1153920,100.00,,
     0.630538855,1528269,,bus-cycles:u,1153920,100.00,,
     0.630538855,9775075,,instructions:u,1153856,100.00,,
     0.631691793,345,,branch-misses:u,1153088,100.00,,
     0.631691793,29,,cache-misses:u,1152736,100.00,,
     0.631691793,1527656,,bus-cycles:u,1152640,100.00,,
     0.631691793,9774596,,instructions:u,1152672,100.00,,
     0.632843932,342,,branch-misses:u,1153312,100.00,,
     0.632843932,86,,cache-misses:u,1153824,100.00,,
     0.632843932,1525457,,bus-cycles:u,1153952,100.00,,
     0.632843932,9753473,,instructions:u,1153920,100.00,,
     0.634001158,346,,branch-misses:u,1156352,100.00,,
     0.634001158,32,,cache-misses:u,1156192,100.00,,
     0.634001158,1533048,,bus-cycles:u,1156160,100.00,,
     0.634001158,9793074,,instructions:u,1156192,100.00,,
     0.635155728,342,,branch-misses:u,1154528,100.00,,
     0.635155728,28,,cache-misses:u,1154528,100.00,,
     0.635155728,1529798,,bus-cycles:u,1154496,100.00,,
     0.635155728,9769180,,instructions:u,1154592,100.00,,
     0.636309242,343,,branch-misses:u,1154560,100.00,,
     0.636309242,96,,cache-misses:u,1154560,100.00,,
     0.636309242,1526591,,bus-cycles:u,1154784,100.00,,
     0.636309242,9740274,,instructions:u,1154688,100.00,,
     0.637467236,344,,branch-misses:u,1157760,100.00,,
     0.637467236,42,,cache-misses:u,1157824,100.00,,
     0.637467236,1534706,,bus-cycles:u,1157632,100.00,,
     0.637467236,9805218,,instructions:u,1157600,100.00,,
     0.638621550,341,,branch-misses:u,1154112,100.00,,
     0.638621550,30,,cache-misses:u,1154016,100.00,,
     0.638621550,1529282,,bus-cycles:u,1153984,100.00,,
     0.638621550,9747087,,instructions:u,1154016,100.00,,
     0.639775257,345,,branch-misses:u,1153664,100.00,,
     0.639775257,28,,cache-misses:u,1153600,100.00,,
     0.639775257,1529210,,bus-cycles:u,1153632,100.00,,
     0.639775257,9774260,,instructions:u,1153632,100.00,,
     0.640944065,349,,branch-misses:u,1169728,100.00,,
     0.640944065,81,,cache-misses:u,1169920,100.00,,
     0.640944065,1544728,,bus-cycles:u,1169920,100.00,,
     0.640944065,9873095,,instructions:u,1169952,100.00,,
     0.642099275,342,,branch-misses:u,1154560,100.00,,
     0.642099275,35,,cache-misses:u,1154432,100.00,,
     0.642099275,1529721,,bus-cycles:u,1154400,100.00,,
     0.642099275,9780251,,instructions:u,1154368,100.00,,
     0.643264149,347,,branch-misses:u,1165760,100.00,,
     0.643264149,29,,cache-misses:u,1165824,100.00,,
     0.643264149,1544971,,bus-cycles:u,1165856,100.00,,
     0.643264149,9871859,,instructions:u,1165888,100.00,,
     0.644418143,343,,branch-misses:u,1154336,100.00,,
     0.644418143,92,,cache-misses:u,1154368,100.00,,
     0.644418143,1525694,,bus-cycles:u,1154400,100.00,,
     0.644418143,9733230,,instructions:u,1154336,100.00,,
     0.645576489,345,,branch-misses:u,1157632,100.00,,
     0.645576489,43,,cache-misses:u,1157824,100.00,,
     0.645576489,1535121,,bus-cycles:u,1157760,100.00,,
     0.645576489,9817230,,instructions:u,1157760,100.00,,
     0.646730259,343,,branch-misses:u,1153696,100.00,,
     0.646730259,36,,cache-misses:u,1153440,100.00,,
     0.646730259,1529255,,bus-cycles:u,1153376,100.00,,
     0.646730259,9776586,,instructions:u,1153408,100.00,,
     0.647861535,337,,branch-misses:u,1132320,100.00,,
     0.647861535,49,,cache-misses:u,1132288,100.00,,
     0.647861535,1495602,,bus-cycles:u,1132352,100.00,,
     0.647861535,9573232,,instructions:u,1132320,100.00,,
     0.649020553,344,,branch-misses:u,1158592,100.00,,
     0.649020553,80,,cache-misses:u,1158656,100.00,,
     0.649020553,1535796,,bus-cycles:u,1158624,100.00,,
     0.649020553,9814133,,instructions:u,1158656,100.00,,
     0.650175027,343,,branch-misses:u,1154208,100.00,,
     0.650175027,31,,cache-misses:u,1154080,100.00,,
     0.650175027,1529441,,bus-cycles:u,1154176,100.00,,
     0.650175027,9778578,,instructions:u,1154176,100.00,,
     0.651330142,342,,branch-misses:u,1155168,100.00,,
     0.651330142,36,,cache-misses:u,1155200,100.00,,
     0.651330142,1531152,,bus-cycles:u,1155136,100.00,,
     0.651330142,9759225,,instructions:u,1155136,100.00,,
     0.652483336,339,,branch-misses:u,1149824,100.00,,
     0.652483336,206,,cache-misses:u,1149952,100.00,,
     0.652483336,1512241,,bus-cycles:u,1150400,100.00,,
     0.652483336,9649948,,instructions:u,1150624,100.00,,
     0.653642674,343,,branch-misses:u,1158592,100.00,,
     0.653642674,36,,cache-misses:u,1158528,100.00,,
     0.653642674,1534753,,bus-cycles:u,1158048,100.00,,
     0.653642674,9807996,,instructions:u,1157824,100.00,,
     0.654797660,346,,branch-misses:u,1154560,100.00,,
     0.654797660,31,,cache-misses:u,1154560,100.00,,
     0.654797660,1530309,,bus-cycles:u,1154592,100.00,,
     0.654797660,9791210,,instructions:u,1154560,100.00,,
     0.655951302,343,,branch-misses:u,1154624,100.00,,
     0.655951302,74,,cache-misses:u,1154656,100.00,,
     0.655951302,1524242,,bus-cycles:u,1154688,100.00,,
     0.655951302,9756368,,instructions:u,1154944,100.00,,
     0.657109296,344,,branch-misses:u,1157280,100.00,,
     0.657109296,67,,cache-misses:u,1156992,100.00,,
     0.657109296,1533257,,bus-cycles:u,1156992,100.00,,
     0.657109296,9798359,,instructions:u,1156768,100.00,,
     0.658262266,343,,branch-misses:u,1152992,100.00,,
     0.658262266,27,,cache-misses:u,1153408,100.00,,
     0.658262266,1528289,,bus-cycles:u,1153376,100.00,,
     0.658262266,9780447,,instructions:u,1153376,100.00,,
     0.659415077,343,,branch-misses:u,1152960,100.00,,
     0.659415077,33,,cache-misses:u,1152704,100.00,,
     0.659415077,1528049,,bus-cycles:u,1152736,100.00,,
     0.659415077,9777029,,instructions:u,1152736,100.00,,
     0.660567279,343,,branch-misses:u,1154304,100.00,,
     0.660567279,97,,cache-misses:u,1154464,100.00,,
     0.660567279,1525523,,bus-cycles:u,1154496,100.00,,
     0.660567279,9754424,,instructions:u,1154464,100.00,,
     0.661726041,346,,branch-misses:u,1156960,100.00,,
     0.661726041,34,,cache-misses:u,1157120,100.00,,
     0.661726041,1533521,,bus-cycles:u,1157088,100.00,,
     0.661726041,9808306,,instructions:u,1157152,100.00,,
     0.662879811,342,,branch-misses:u,1153824,100.00,,
     0.662879811,33,,cache-misses:u,1153600,100.00,,
     0.662879811,1529201,,bus-cycles:u,1153568,100.00,,
     0.662879811,9779630,,instructions:u,1153536,100.00,,
     0.664046316,347,,branch-misses:u,1168032,100.00,,
     0.664046316,82,,cache-misses:u,1168064,100.00,,
     0.664046316,1542031,,bus-cycles:u,1168128,100.00,,
     0.664046316,9865301,,instructions:u,1168192,100.00,,
     0.665205334,345,,branch-misses:u,1158272,100.00,,
     0.665205334,61,,cache-misses:u,1158208,100.00,,
     0.665205334,1534993,,bus-cycles:u,1158240,100.00,,
     0.665205334,9832187,,instructions:u,1158112,100.00,,
     0.666359712,342,,branch-misses:u,1154144,100.00,,
     0.666359712,38,,cache-misses:u,1154144,100.00,,
     0.666359712,1529223,,bus-cycles:u,1154048,100.00,,
     0.666359712,9768619,,instructions:u,1154080,100.00,,
     0.667516138,344,,branch-misses:u,1156320,100.00,,
     0.667516138,29,,cache-misses:u,1156352,100.00,,
     0.667516138,1531784,,bus-cycles:u,1156352,100.00,,
     0.667516138,9779933,,instructions:u,1156384,100.00,,
     0.668669428,342,,branch-misses:u,1154336,100.00,,
     0.668669428,101,,cache-misses:u,1154304,100.00,,
     0.668669428,1525023,,bus-cycles:u,1154336,100.00,,
     0.668669428,9752790,,instructions:u,1154336,100.00,,
     0.669827454,345,,branch-misses:u,1157408,100.00,,
     0.669827454,33,,cache-misses:u,1157344,100.00,,
     0.669827454,1533975,,bus-cycles:u,1157312,100.00,,
     0.669827454,9808547,,instructions:u,1157280,100.00,,
     0.670982856,343,,branch-misses:u,1155424,100.00,,
     0.670982856,28,,cache-misses:u,1155488,100.00,,
     0.670982856,1531451,,bus-cycles:u,1155456,100.00,,
     0.670982856,9786965,,instructions:u,1155456,100.00,,
     0.672137618,342,,branch-misses:u,1155904,100.00,,
     0.672137618,95,,cache-misses:u,1156032,100.00,,
     0.672137618,1527788,,bus-cycles:u,1156096,100.00,,
     0.672137618,9753717,,instructions:u,1156128,100.00,,
     0.673295644,345,,branch-misses:u,1157408,100.00,,
     0.673295644,42,,cache-misses:u,1157312,100.00,,
     0.673295644,1534026,,bus-cycles:u,1157312,100.00,,
     0.673295644,9806114,,instructions:u,1157248,100.00,,
     0.674449895,343,,branch-misses:u,1154080,100.00,,
     0.674449895,28,,cache-misses:u,1154080,100.00,,
     0.674449895,1529977,,bus-cycles:u,1154048,100.00,,
     0.674449895,9772815,,instructions:u,1154176,100.00,,
     0.675603569,343,,branch-misses:u,1153760,100.00,,
     0.675603569,30,,cache-misses:u,1153792,100.00,,
     0.675603569,1529563,,bus-cycles:u,1153792,100.00,,
     0.675603569,9764610,,instructions:u,1153728,100.00,,
     0.676756987,343,,branch-misses:u,1154592,100.00,,
     0.676756987,98,,cache-misses:u,1154496,100.00,,
     0.676756987,1524308,,bus-cycles:u,1154560,100.00,,
     0.676756987,9739400,,instructions:u,1154528,100.00,,
     0.677914853,344,,branch-misses:u,1157312,100.00,,
     0.677914853,35,,cache-misses:u,1157440,100.00,,
     0.677914853,1533803,,bus-cycles:u,1157376,100.00,,
     0.677914853,9823779,,instructions:u,1157408,100.00,,
     0.679069263,344,,branch-misses:u,1154176,100.00,,
     0.679069263,27,,cache-misses:u,1154080,100.00,,
     0.679069263,1530685,,bus-cycles:u,1154112,100.00,,
     0.679069263,9795096,,instructions:u,1154112,100.00,,
     0.680222330,346,,branch-misses:u,1154016,100.00,,
     0.680222330,93,,cache-misses:u,1154304,100.00,,
     0.680222330,1525578,,bus-cycles:u,1154272,100.00,,
     0.680222330,9763093,,instructions:u,1154272,100.00,,
     0.681380515,344,,branch-misses:u,1157632,100.00,,
     0.681380515,54,,cache-misses:u,1157344,100.00,,
     0.681380515,1533887,,bus-cycles:u,1157344,100.00,,
     0.681380515,9801904,,instructions:u,1157280,100.00,,
     0.682534030,342,,branch-misses:u,1153472,100.00,,
     0.682534030,28,,cache-misses:u,1153472,100.00,,
     0.682534030,1528148,,bus-cycles:u,1153504,100.00,,
     0.682534030,9742313,,instructions:u,1153664,100.00,,
     0.683687864,342,,branch-misses:u,1154016,100.00,,
     0.683687864,27,,cache-misses:u,1154016,100.00,,
     0.683687864,1528870,,bus-cycles:u,1154016,100.00,,
     0.683687864,9756621,,instructions:u,1153888,100.00,,
     0.684861728,348,,branch-misses:u,1175008,100.00,,
     0.684861728,88,,cache-misses:u,1175488,100.00,,
     0.684861728,1552981,,bus-cycles:u,1175584,100.00,,
     0.684861728,9926143,,instructions:u,1175744,100.00,,
     0.686024170,346,,branch-misses:u,1161984,100.00,,
     0.686024170,40,,cache-misses:u,1161600,100.00,,
     0.686024170,1539574,,bus-cycles:u,1161504,100.00,,
     0.686024170,9837054,,instructions:u,1161376,100.00,,
     0.687178164,341,,branch-misses:u,1153440,100.00,,
     0.687178164,25,,cache-misses:u,1153344,100.00,,
     0.687178164,1528752,,bus-cycles:u,1153440,100.00,,
     0.687178164,9740985,,instructions:u,1153472,100.00,,
     0.688331998,343,,branch-misses:u,1154912,100.00,,
     0.688331998,105,,cache-misses:u,1155008,100.00,,
     0.688331998,1523810,,bus-cycles:u,1154912,100.00,,
     0.688331998,9740915,,instructions:u,1154912,100.00,,
     0.689490120,343,,branch-misses:u,1157664,100.00,,
     0.689490120,41,,cache-misses:u,1157632,100.00,,
     0.689490120,1534678,,bus-cycles:u,1157632,100.00,,
     0.689490120,9815565,,instructions:u,1157600,100.00,,
     0.690644338,344,,branch-misses:u,1154112,100.00,,
     0.690644338,26,,cache-misses:u,1154048,100.00,,
     0.690644338,1529504,,bus-cycles:u,1154016,100.00,,
     0.690644338,9769230,,instructions:u,1153984,100.00,,
     0.691797661,343,,branch-misses:u,1153472,100.00,,
     0.691797661,39,,cache-misses:u,1153440,100.00,,
     0.691797661,1528985,,bus-cycles:u,1153504,100.00,,
     0.691797661,9781437,,instructions:u,1153472,100.00,,
     0.692969157,348,,branch-misses:u,1172416,100.00,,
     0.692969157,91,,cache-misses:u,1172576,100.00,,
     0.692969157,1548204,,bus-cycles:u,1172544,100.00,,
     0.692969157,9896828,,instructions:u,1172576,100.00,,
     0.694123855,342,,branch-misses:u,1154080,100.00,,
     0.694123855,34,,cache-misses:u,1153856,100.00,,
     0.694123855,1528871,,bus-cycles:u,1153824,100.00,,
     0.694123855,9769874,,instructions:u,1154336,100.00,,
     0.695278457,343,,branch-misses:u,1154624,100.00,,
     0.695278457,28,,cache-misses:u,1154688,100.00,,
     0.695278457,1530007,,bus-cycles:u,1154688,100.00,,
     0.695278457,9782488,,instructions:u,1154176,100.00,,
     0.696431332,345,,branch-misses:u,1153792,100.00,,
     0.696431332,94,,cache-misses:u,1153824,100.00,,
     0.696431332,1526669,,bus-cycles:u,1153888,100.00,,
     0.696431332,9764387,,instructions:u,1153824,100.00,,
     0.697588494,346,,branch-misses:u,1156544,100.00,,
     0.697588494,31,,cache-misses:u,1156608,100.00,,
     0.697588494,1533981,,bus-cycles:u,1156544,100.00,,
     0.697588494,9825402,,instructions:u,1156608,100.00,,
     0.698741976,343,,branch-misses:u,1153536,100.00,,
     0.698741976,33,,cache-misses:u,1153376,100.00,,
     0.698741976,1529880,,bus-cycles:u,1153344,100.00,,
     0.698741976,9784122,,instructions:u,1153376,100.00,,
     0.699860870,334,,branch-misses:u,1119872,100.00,,
     0.699860870,45,,cache-misses:u,1120064,100.00,,
     0.699860870,1478489,,bus-cycles:u,1120128,100.00,,
     0.699860870,9446659,,instructions:u,1120096,100.00,,
     0.701018672,344,,branch-misses:u,1156928,100.00,,
     0.701018672,85,,cache-misses:u,1156832,100.00,,
     0.701018672,1533613,,bus-cycles:u,1156864,100.00,,
     0.701018672,9800167,,instructions:u,1156896,100.00,,
     0.702172666,344,,branch-misses:u,1154176,100.00,,
     0.702172666,31,,cache-misses:u,1154112,100.00,,
     0.702172666,1530594,,bus-cycles:u,1154112,100.00,,
     0.702172666,9790872,,instructions:u,1154144,100.00,,
     0.703325764,343,,branch-misses:u,1153216,100.00,,
     0.703325764,46,,cache-misses:u,1153184,100.00,,
     0.703325764,1528867,,bus-cycles:u,1153120,100.00,,
     0.703325764,9778983,,instructions:u,1153120,100.00,,
     0.704480974,345,,branch-misses:u,1158176,100.00,,
     0.704480974,93,,cache-misses:u,1158752,100.00,,
     0.704480974,1532345,,bus-cycles:u,1159392,100.00,,
     0.704480974,9796276,,instructions:u,1159904,100.00,,
     0.705652759,349,,branch-misses:u,1169664,100.00,,
     0.705652759,32,,cache-misses:u,1169280,100.00,,
     0.705652759,1549401,,bus-cycles:u,1168672,100.00,,
     0.705652759,9903786,,instructions:u,1168640,100.00,,
     0.706822943,348,,branch-misses:u,1170560,100.00,,
     0.706822943,30,,cache-misses:u,1170752,100.00,,
     0.706822943,1552176,,bus-cycles:u,1170784,100.00,,
     0.706822943,9936777,,instructions:u,1170240,100.00,,
     0.707977546,347,,branch-misses:u,1154304,100.00,,
     0.707977546,98,,cache-misses:u,1154048,100.00,,
     0.707977546,1525660,,bus-cycles:u,1154080,100.00,,
     0.707977546,9756761,,instructions:u,1154208,100.00,,
     0.709136307,344,,branch-misses:u,1158976,100.00,,
     0.709136307,52,,cache-misses:u,1158720,100.00,,
     0.709136307,1536015,,bus-cycles:u,1158656,100.00,,
     0.709136307,9827321,,instructions:u,1158560,100.00,,
     0.710290334,342,,branch-misses:u,1153760,100.00,,
     0.710290334,28,,cache-misses:u,1154048,100.00,,
     0.710290334,1529691,,bus-cycles:u,1154048,100.00,,
     0.710290334,9766174,,instructions:u,1154048,100.00,,
     0.711443592,343,,branch-misses:u,1153312,100.00,,
     0.711443592,29,,cache-misses:u,1153280,100.00,,
     0.711443592,1528596,,bus-cycles:u,1153280,100.00,,
     0.711443592,9773670,,instructions:u,1153280,100.00,,
     0.712597522,340,,branch-misses:u,1150528,100.00,,
     0.712597522,204,,cache-misses:u,1151136,100.00,,
     0.712597522,1510190,,bus-cycles:u,1151424,100.00,,
     0.712597522,9664072,,instructions:u,1151648,100.00,,
     0.713756380,345,,branch-misses:u,1157888,100.00,,
     0.713756380,54,,cache-misses:u,1157312,100.00,,
     0.713756380,1534168,,bus-cycles:u,1156992,100.00,,
     0.713756380,9811117,,instructions:u,1156704,100.00,,
     0.714910118,342,,branch-misses:u,1153760,100.00,,
     0.714910118,37,,cache-misses:u,1153728,100.00,,
     0.714910118,1528899,,bus-cycles:u,1153760,100.00,,
     0.714910118,9771601,,instructions:u,1153792,100.00,,
     0.716063313,342,,branch-misses:u,1154336,100.00,,
     0.716063313,102,,cache-misses:u,1154272,100.00,,
     0.716063313,1523497,,bus-cycles:u,1154272,100.00,,
     0.716063313,9725619,,instructions:u,1154304,100.00,,
     0.717221114,343,,branch-misses:u,1156832,100.00,,
     0.717221114,39,,cache-misses:u,1156768,100.00,,
     0.717221114,1532495,,bus-cycles:u,1156736,100.00,,
     0.717221114,9793648,,instructions:u,1156736,100.00,,
     0.718375365,342,,branch-misses:u,1154336,100.00,,
     0.718375365,33,,cache-misses:u,1154496,100.00,,
     0.718375365,1529409,,bus-cycles:u,1154496,100.00,,
     0.718375365,9776548,,instructions:u,1154400,100.00,,
     0.719528879,343,,branch-misses:u,1153600,100.00,,
     0.719528879,27,,cache-misses:u,1153504,100.00,,
     0.719528879,1528939,,bus-cycles:u,1153600,100.00,,
     0.719528879,9749023,,instructions:u,1153664,100.00,,
     0.720681689,342,,branch-misses:u,1153632,100.00,,
     0.720681689,91,,cache-misses:u,1153728,100.00,,
     0.720681689,1524049,,bus-cycles:u,1153792,100.00,,
     0.720681689,9728623,,instructions:u,1153792,100.00,,
     0.721839875,343,,branch-misses:u,1157728,100.00,,
     0.721839875,31,,cache-misses:u,1157472,100.00,,
     0.721839875,1534414,,bus-cycles:u,1157280,100.00,,
     0.721839875,9806133,,instructions:u,1157312,100.00,,
     0.722993901,342,,branch-misses:u,1154080,100.00,,
     0.722993901,26,,cache-misses:u,1153952,100.00,,
     0.722993901,1530072,,bus-cycles:u,1154976,100.00,,
     0.722993901,9771999,,instructions:u,1154976,100.00,,
     0.724147576,344,,branch-misses:u,1154752,100.00,,
     0.724147576,94,,cache-misses:u,1155200,100.00,,
     0.724147576,1522817,,bus-cycles:u,1154272,100.00,,
     0.724147576,9739770,,instructions:u,1154272,100.00,,
     0.725305250,344,,branch-misses:u,1156896,100.00,,
     0.725305250,30,,cache-misses:u,1156736,100.00,,
     0.725305250,1532025,,bus-cycles:u,1156640,100.00,,
     0.725305250,9797123,,instructions:u,1156608,100.00,,
     0.726457964,343,,branch-misses:u,1152768,100.00,,
     0.726457964,31,,cache-misses:u,1152768,100.00,,
     0.726457964,1527093,,bus-cycles:u,1152832,100.00,,
     0.726457964,9768434,,instructions:u,1152832,100.00,,
     0.727624981,347,,branch-misses:u,1167936,100.00,,
     0.727624981,30,,cache-misses:u,1168000,100.00,,
     0.727624981,1547756,,bus-cycles:u,1168064,100.00,,
     0.727624981,9898055,,instructions:u,1168096,100.00,,
     0.728780991,344,,branch-misses:u,1156640,100.00,,
     0.728780991,104,,cache-misses:u,1156768,100.00,,
     0.728780991,1527086,,bus-cycles:u,1156736,100.00,,
     0.728780991,9776715,,instructions:u,1156736,100.00,,
     0.729968358,355,,branch-misses:u,1195040,100.00,,
     0.729968358,42,,cache-misses:u,1197504,100.00,,
     0.729968358,1588611,,bus-cycles:u,1198272,100.00,,
     0.729968358,10154886,,instructions:u,1198688,100.00,,
     0.731197256,362,,branch-misses:u,1221664,100.00,,
     0.731197256,28,,cache-misses:u,1219712,100.00,,
     0.731197256,1615442,,bus-cycles:u,1219168,100.00,,
     0.731197256,10317011,,instructions:u,1218912,100.00,,
     0.732367057,349,,branch-misses:u,1172128,100.00,,
     0.732367057,107,,cache-misses:u,1172640,100.00,,
     0.732367057,1547427,,bus-cycles:u,1172864,100.00,,
     0.732367057,9896627,,instructions:u,1173376,100.00,,
     0.733554360,351,,branch-misses:u,1185088,100.00,,
     0.733554360,37,,cache-misses:u,1184480,100.00,,
     0.733554360,1568820,,bus-cycles:u,1184416,100.00,,
     0.733554360,10017372,,instructions:u,1184064,100.00,,
     0.734716481,344,,branch-misses:u,1161888,100.00,,
     0.734716481,35,,cache-misses:u,1161504,100.00,,
     0.734716481,1538822,,bus-cycles:u,1161376,100.00,,
     0.734716481,9824525,,instructions:u,1161344,100.00,,
     0.735865196,342,,branch-misses:u,1149536,100.00,,
     0.735865196,38,,cache-misses:u,1149920,100.00,,
     0.735865196,1515999,,bus-cycles:u,1149696,100.00,,
     0.735865196,9693553,,instructions:u,1149472,100.00,,
     0.737026134,347,,branch-misses:u,1159904,100.00,,
     0.737026134,88,,cache-misses:u,1160064,100.00,,
     0.737026134,1536490,,bus-cycles:u,1160000,100.00,,
     0.737026134,9817061,,instructions:u,1159968,100.00,,
     0.738183264,343,,branch-misses:u,1157088,100.00,,
     0.738183264,30,,cache-misses:u,1156736,100.00,,
     0.738183264,1533384,,bus-cycles:u,1156672,100.00,,
     0.738183264,9793755,,instructions:u,1156640,100.00,,
     0.739337418,342,,branch-misses:u,1153824,100.00,,
     0.739337418,27,,cache-misses:u,1153472,100.00,,
     0.739337418,1527630,,bus-cycles:u,1153568,100.00,,
     0.739337418,9736562,,instructions:u,1153568,100.00,,
     0.740490772,341,,branch-misses:u,1154496,100.00,,
     0.740490772,120,,cache-misses:u,1155104,100.00,,
     0.740490772,1523335,,bus-cycles:u,1155136,100.00,,
     0.740490772,9742075,,instructions:u,1155232,100.00,,
     0.741648542,345,,branch-misses:u,1157280,100.00,,
     0.741648542,34,,cache-misses:u,1156672,100.00,,
     0.741648542,1534112,,bus-cycles:u,1156640,100.00,,
     0.741648542,9807595,,instructions:u,1156608,100.00,,
     0.742802280,343,,branch-misses:u,1153760,100.00,,
     0.742802280,33,,cache-misses:u,1153888,100.00,,
     0.742802280,1529125,,bus-cycles:u,1153824,100.00,,
     0.742802280,9779091,,instructions:u,1153824,100.00,,
     0.743955667,342,,branch-misses:u,1154048,100.00,,
     0.743955667,75,,cache-misses:u,1154624,100.00,,
     0.743955667,1524925,,bus-cycles:u,1154720,100.00,,
     0.743955667,9746202,,instructions:u,1154720,100.00,,
     0.745113181,343,,branch-misses:u,1157152,100.00,,
     0.745113181,52,,cache-misses:u,1156928,100.00,,
     0.745113181,1533400,,bus-cycles:u,1156896,100.00,,
     0.745113181,9801143,,instructions:u,1156864,100.00,,
     0.746266759,343,,branch-misses:u,1153664,100.00,,
     0.746266759,33,,cache-misses:u,1153600,100.00,,
     0.746266759,1529355,,bus-cycles:u,1153568,100.00,,
     0.746266759,9776268,,instructions:u,1153536,100.00,,
     0.747419761,341,,branch-misses:u,1152672,100.00,,
     0.747419761,31,,cache-misses:u,1152320,100.00,,
     0.747419761,1526832,,bus-cycles:u,1152352,100.00,,
     0.747419761,9748257,,instructions:u,1152352,100.00,,
     0.748572764,342,,branch-misses:u,1154496,100.00,,
     0.748572764,122,,cache-misses:u,1155136,100.00,,
     0.748572764,1522475,,bus-cycles:u,1155200,100.00,,
     0.748572764,9733480,,instructions:u,1155200,100.00,,
     0.749752451,350,,branch-misses:u,1179328,100.00,,
     0.749752451,32,,cache-misses:u,1179328,100.00,,
     0.749752451,1563766,,bus-cycles:u,1179264,100.00,,
     0.749752451,9984050,,instructions:u,1179264,100.00,,
     0.750908461,342,,branch-misses:u,1155680,100.00,,
     0.750908461,35,,cache-misses:u,1155296,100.00,,
     0.750908461,1531875,,bus-cycles:u,1155264,100.00,,
     0.750908461,9781610,,instructions:u,1155264,100.00,,
     0.752060600,342,,branch-misses:u,1152672,100.00,,
     0.752060600,108,,cache-misses:u,1152480,100.00,,
     0.752060600,1521839,,bus-cycles:u,1152480,100.00,,
     0.752060600,9730972,,instructions:u,1152544,100.00,,
     0.753217058,344,,branch-misses:u,1156224,100.00,,
     0.753217058,40,,cache-misses:u,1156032,100.00,,
     0.753217058,1531740,,bus-cycles:u,1156000,100.00,,
     0.753217058,9798666,,instructions:u,1156032,100.00,,
     0.754369804,343,,branch-misses:u,1152480,100.00,,
     0.754369804,28,,cache-misses:u,1152608,100.00,,
     0.754369804,1526957,,bus-cycles:u,1152640,100.00,,
     0.754369804,9794378,,instructions:u,1152512,100.00,,
     0.755523030,343,,branch-misses:u,1153280,100.00,,
     0.755523030,29,,cache-misses:u,1153280,100.00,,
     0.755523030,1527963,,bus-cycles:u,1153280,100.00,,
     0.755523030,9771805,,instructions:u,1153344,100.00,,
     0.756674529,343,,branch-misses:u,1152448,100.00,,
     0.756674529,99,,cache-misses:u,1152768,100.00,,
     0.756674529,1522991,,bus-cycles:u,1152768,100.00,,
     0.756674529,9747123,,instructions:u,1152768,100.00,,
     0.757833515,346,,branch-misses:u,1158688,100.00,,
     0.757833515,37,,cache-misses:u,1158208,100.00,,
     0.757833515,1535354,,bus-cycles:u,1158208,100.00,,
     0.757833515,9812794,,instructions:u,1158144,100.00,,
     0.758986901,344,,branch-misses:u,1153184,100.00,,
     0.758986901,39,,cache-misses:u,1153248,100.00,,
     0.758986901,1528608,,bus-cycles:u,1153216,100.00,,
     0.758986901,9755451,,instructions:u,1153248,100.00,,
     0.760140767,342,,branch-misses:u,1154976,100.00,,
     0.760140767,95,,cache-misses:u,1155040,100.00,,
     0.760140767,1525741,,bus-cycles:u,1155072,100.00,,
     0.760140767,9729987,,instructions:u,1155072,100.00,,
     0.761297065,345,,branch-misses:u,1155776,100.00,,
     0.761297065,34,,cache-misses:u,1155680,100.00,,
     0.761297065,1532423,,bus-cycles:u,1155680,100.00,,
     0.761297065,9805463,,instructions:u,1155680,100.00,,
     0.762449460,343,,branch-misses:u,1152224,100.00,,
     0.762449460,27,,cache-misses:u,1152384,100.00,,
     0.762449460,1527584,,bus-cycles:u,1152352,100.00,,
     0.762449460,9777233,,instructions:u,1152416,100.00,,
     0.763602846,344,,branch-misses:u,1153376,100.00,,
     0.763602846,31,,cache-misses:u,1153408,100.00,,
     0.763602846,1528254,,bus-cycles:u,1153408,100.00,,
     0.763602846,9772548,,instructions:u,1153344,100.00,,
     0.764765287,348,,branch-misses:u,1164640,100.00,,
     0.764765287,125,,cache-misses:u,1165664,100.00,,
     0.764765287,1537928,,bus-cycles:u,1166432,100.00,,
     0.764765287,9851039,,instructions:u,1167104,100.00,,
     0.765953038,352,,branch-misses:u,1187008,100.00,,
     0.765953038,37,,cache-misses:u,1186272,100.00,,
     0.765953038,1571992,,bus-cycles:u,1185984,100.00,,
     0.765953038,10042755,,instructions:u,1185568,100.00,,
     0.767111480,343,,branch-misses:u,1157856,100.00,,
     0.767111480,32,,cache-misses:u,1157632,100.00,,
     0.767111480,1533924,,bus-cycles:u,1157248,100.00,,
     0.767111480,9795913,,instructions:u,1156960,100.00,,
     0.768266114,343,,branch-misses:u,1155072,100.00,,
     0.768266114,104,,cache-misses:u,1154976,100.00,,
     0.768266114,1524728,,bus-cycles:u,1155008,100.00,,
     0.768266114,9741816,,instructions:u,1155200,100.00,,
     0.769422860,344,,branch-misses:u,1156384,100.00,,
     0.769422860,43,,cache-misses:u,1156288,100.00,,
     0.769422860,1532857,,bus-cycles:u,1156192,100.00,,
     0.769422860,9806957,,instructions:u,1156064,100.00,,
     0.770596532,350,,branch-misses:u,1174272,100.00,,
     0.770596532,30,,cache-misses:u,1174560,100.00,,
     0.770596532,1557029,,bus-cycles:u,1174528,100.00,,
     0.770596532,9958185,,instructions:u,1174528,100.00,,
     0.771752830,343,,branch-misses:u,1155584,100.00,,
     0.771752830,30,,cache-misses:u,1155392,100.00,,
     0.771752830,1532208,,bus-cycles:u,1155424,100.00,,
     0.771752830,9801550,,instructions:u,1155392,100.00,,
     0.772923623,347,,branch-misses:u,1167040,100.00,,
     0.772923623,182,,cache-misses:u,1167296,100.00,,
     0.772923623,1535908,,bus-cycles:u,1167712,100.00,,
     0.772923623,9821535,,instructions:u,1168064,100.00,,
     0.774086128,347,,branch-misses:u,1162016,100.00,,
     0.774086128,52,,cache-misses:u,1161856,100.00,,
     0.774086128,1540566,,bus-cycles:u,1161568,100.00,,
     0.774086128,9853736,,instructions:u,1161472,100.00,,
     0.775247706,345,,branch-misses:u,1161792,100.00,,
     0.775247706,30,,cache-misses:u,1161984,100.00,,
     0.775247706,1540402,,bus-cycles:u,1161984,100.00,,
     0.775247706,9844212,,instructions:u,1161888,100.00,,
     0.776404516,343,,branch-misses:u,1157696,100.00,,
     0.776404516,98,,cache-misses:u,1157376,100.00,,
     0.776404516,1528849,,bus-cycles:u,1157248,100.00,,
     0.776404516,9765598,,instructions:u,1157120,100.00,,
     0.777562606,344,,branch-misses:u,1157152,100.00,,
     0.777562606,34,,cache-misses:u,1157056,100.00,,
     0.777562606,1534865,,bus-cycles:u,1157056,100.00,,
     0.777562606,9813604,,instructions:u,1157088,100.00,,
     0.778718712,345,,branch-misses:u,1156320,100.00,,
     0.778718712,31,,cache-misses:u,1156320,100.00,,
     0.778718712,1533247,,bus-cycles:u,1156352,100.00,,
     0.778718712,9808044,,instructions:u,1156288,100.00,,
     0.779882369,346,,branch-misses:u,1164672,100.00,,
     0.779882369,38,,cache-misses:u,1164736,100.00,,
     0.779882369,1538595,,bus-cycles:u,1164704,100.00,,
     0.779882369,9839779,,instructions:u,1164704,100.00,,
     0.781042123,345,,branch-misses:u,1158912,100.00,,
     0.781042123,84,,cache-misses:u,1158976,100.00,,
     0.781042123,1536827,,bus-cycles:u,1158944,100.00,,
     0.781042123,9815203,,instructions:u,1158944,100.00,,
     0.782198581,344,,branch-misses:u,1156704,100.00,,
     0.782198581,35,,cache-misses:u,1156736,100.00,,
     0.782198581,1533586,,bus-cycles:u,1156736,100.00,,
     0.782198581,9815852,,instructions:u,1156704,100.00,,
     0.783353279,343,,branch-misses:u,1154176,100.00,,
     0.783353279,30,,cache-misses:u,1154144,100.00,,
     0.783353279,1529566,,bus-cycles:u,1154112,100.00,,
     0.783353279,9783824,,instructions:u,1154112,100.00,,
     0.784507081,344,,branch-misses:u,1154656,100.00,,
     0.784507081,96,,cache-misses:u,1154688,100.00,,
     0.784507081,1523882,,bus-cycles:u,1154720,100.00,,
     0.784507081,9747608,,instructions:u,1154720,100.00,,
     0.785663731,344,,branch-misses:u,1156000,100.00,,
     0.785663731,36,,cache-misses:u,1155904,100.00,,
     0.785663731,1531943,,bus-cycles:u,1155904,100.00,,
     0.785663731,9787471,,instructions:u,1156000,100.00,,
     0.786816253,342,,branch-misses:u,1152640,100.00,,
     0.786816253,35,,cache-misses:u,1152672,100.00,,
     0.786816253,1528362,,bus-cycles:u,1152736,100.00,,
     0.786816253,9756524,,instructions:u,1152672,100.00,,
     0.787971176,344,,branch-misses:u,1156160,100.00,,
     0.787971176,55,,cache-misses:u,1156224,100.00,,
     0.787971176,1528951,,bus-cycles:u,1156320,100.00,,
     0.787971176,9783719,,instructions:u,1156416,100.00,,
     0.789132337,344,,branch-misses:u,1160736,100.00,,
     0.789132337,72,,cache-misses:u,1161024,100.00,,
     0.789132337,1539535,,bus-cycles:u,1160896,100.00,,
     0.789132337,9837917,,instructions:u,1160768,100.00,,
     0.790288187,345,,branch-misses:u,1155328,100.00,,
     0.790288187,36,,cache-misses:u,1154976,100.00,,
     0.790288187,1531681,,bus-cycles:u,1155008,100.00,,
     0.790288187,9796355,,instructions:u,1155040,100.00,,
     0.791443429,341,,branch-misses:u,1155520,100.00,,
     0.791443429,29,,cache-misses:u,1155552,100.00,,
     0.791443429,1532222,,bus-cycles:u,1155520,100.00,,
     0.791443429,9768115,,instructions:u,1155488,100.00,,
     0.792617294,348,,branch-misses:u,1174848,100.00,,
     0.792617294,90,,cache-misses:u,1175424,100.00,,
     0.792617294,1551576,,bus-cycles:u,1175424,100.00,,
     0.792617294,9927991,,instructions:u,1175488,100.00,,
     0.793778423,346,,branch-misses:u,1160800,100.00,,
     0.793778423,37,,cache-misses:u,1160256,100.00,,
     0.793778423,1538823,,bus-cycles:u,1160288,100.00,,
     0.793778423,9847739,,instructions:u,1160288,100.00,,
     0.794934657,343,,branch-misses:u,1156256,100.00,,
     0.794934657,28,,cache-misses:u,1156192,100.00,,
     0.794934657,1531947,,bus-cycles:u,1156128,100.00,,
     0.794934657,9789043,,instructions:u,1156224,100.00,,
     0.796091883,344,,branch-misses:u,1157632,100.00,,
     0.796091883,98,,cache-misses:u,1157920,100.00,,
     0.796091883,1529997,,bus-cycles:u,1158240,100.00,,
     0.796091883,9763498,,instructions:u,1158144,100.00,,
     0.797249781,344,,branch-misses:u,1157792,100.00,,
     0.797249781,34,,cache-misses:u,1157536,100.00,,
     0.797249781,1534296,,bus-cycles:u,1157280,100.00,,
     0.797249781,9814916,,instructions:u,1157248,100.00,,
     0.798413758,346,,branch-misses:u,1167136,100.00,,
     0.798413758,41,,cache-misses:u,1168288,100.00,,
     0.798413758,1547769,,bus-cycles:u,1169280,100.00,,
     0.798413758,9899795,,instructions:u,1170048,100.00,,
     0.799603877,352,,branch-misses:u,1188512,100.00,,
     0.799603877,29,,cache-misses:u,1187616,100.00,,
     0.799603877,1572442,,bus-cycles:u,1187488,100.00,,
     0.799603877,10028124,,instructions:u,1187136,100.00,,
     0.800767054,345,,branch-misses:u,1163648,100.00,,
     0.800767054,95,,cache-misses:u,1164160,100.00,,
     0.800767054,1535949,,bus-cycles:u,1163680,100.00,,
     0.800767054,9802493,,instructions:u,1163904,100.00,,
     0.801933303,345,,branch-misses:u,1165664,100.00,,
     0.801933303,39,,cache-misses:u,1165152,100.00,,
     0.801933303,1541439,,bus-cycles:u,1164832,100.00,,
     0.801933303,9858761,,instructions:u,1164224,100.00,,
     0.803092193,343,,branch-misses:u,1158176,100.00,,
     0.803092193,29,,cache-misses:u,1158016,100.00,,
     0.803092193,1531683,,bus-cycles:u,1157984,100.00,,
     0.803092193,9797404,,instructions:u,1158016,100.00,,
     0.804249899,344,,branch-misses:u,1158496,100.00,,
     0.804249899,107,,cache-misses:u,1158560,100.00,,
     0.804249899,1523317,,bus-cycles:u,1158688,100.00,,
     0.804249899,9750284,,instructions:u,1158624,100.00,,
     0.805411988,345,,branch-misses:u,1161568,100.00,,
     0.805411988,41,,cache-misses:u,1161664,100.00,,
     0.805411988,1538034,,bus-cycles:u,1161472,100.00,,
     0.805411988,9825056,,instructions:u,1161536,100.00,,
     0.806568190,342,,branch-misses:u,1156736,100.00,,
     0.806568190,29,,cache-misses:u,1156512,100.00,,
     0.806568190,1529918,,bus-cycles:u,1156352,100.00,,
     0.806568190,9773659,,instructions:u,1156128,100.00,,
     0.807724040,343,,branch-misses:u,1154976,100.00,,
     0.807724040,29,,cache-misses:u,1155008,100.00,,
     0.807724040,1529386,,bus-cycles:u,1154976,100.00,,
     0.807724040,9783187,,instructions:u,1154944,100.00,,
     0.808881842,347,,branch-misses:u,1160096,100.00,,
     0.808881842,106,,cache-misses:u,1160608,100.00,,
     0.808881842,1528337,,bus-cycles:u,1161376,100.00,,
     0.808881842,9769907,,instructions:u,1161920,100.00,,
     0.810052667,346,,branch-misses:u,1169504,100.00,,
     0.810052667,28,,cache-misses:u,1169408,100.00,,
     0.810052667,1546788,,bus-cycles:u,1168800,100.00,,
     0.810052667,9885405,,instructions:u,1168512,100.00,,
     0.811210020,342,,branch-misses:u,1157280,100.00,,
     0.811210020,26,,cache-misses:u,1156736,100.00,,
     0.811210020,1529977,,bus-cycles:u,1156800,100.00,,
     0.811210020,9754745,,instructions:u,1156800,100.00,,
     0.812366606,343,,branch-misses:u,1156992,100.00,,
     0.812366606,99,,cache-misses:u,1157120,100.00,,
     0.812366606,1526470,,bus-cycles:u,1157088,100.00,,
     0.812366606,9756012,,instructions:u,1157024,100.00,,
     0.813542231,350,,branch-misses:u,1176032,100.00,,
     0.813542231,36,,cache-misses:u,1176224,100.00,,
     0.813542231,1557548,,bus-cycles:u,1176256,100.00,,
     0.813542231,9963859,,instructions:u,1176288,100.00,,
     0.814698976,343,,branch-misses:u,1156320,100.00,,
     0.814698976,29,,cache-misses:u,1156064,100.00,,
     0.814698976,1529494,,bus-cycles:u,1156032,100.00,,
     0.814698976,9771621,,instructions:u,1156000,100.00,,
     0.815865897,344,,branch-misses:u,1167296,100.00,,
     0.815865897,32,,cache-misses:u,1167616,100.00,,
     0.815865897,1540600,,bus-cycles:u,1167712,100.00,,
     0.815865897,9799001,,instructions:u,1167776,100.00,,
     0.817026131,346,,branch-misses:u,1160096,100.00,,
     0.817026131,91,,cache-misses:u,1159936,100.00,,
     0.817026131,1535463,,bus-cycles:u,1159840,100.00,,
     0.817026131,9814305,,instructions:u,1159808,100.00,,
     0.818191900,346,,branch-misses:u,1170144,100.00,,
     0.818191900,31,,cache-misses:u,1171200,100.00,,
     0.818191900,1548658,,bus-cycles:u,1172160,100.00,,
     0.818191900,9905021,,instructions:u,1172832,100.00,,
     0.819384770,353,,branch-misses:u,1189600,100.00,,
     0.819384770,31,,cache-misses:u,1189280,100.00,,
     0.819384770,1573307,,bus-cycles:u,1188672,100.00,,
     0.819384770,10047970,,instructions:u,1188320,100.00,,
     0.820816080,428,,branch-misses:u,1448800,100.00,,
     0.820816080,105,,cache-misses:u,1449184,100.00,,
     0.820816080,1916682,,bus-cycles:u,1450048,100.00,,
     0.820816080,12240618,,instructions:u,1449696,100.00,,
     0.822094126,375,,branch-misses:u,1260672,100.00,,
     0.822094126,31,,cache-misses:u,1257888,100.00,,
     0.822094126,1669044,,bus-cycles:u,1254976,100.00,,
     0.822094126,10661893,,instructions:u,1253184,100.00,,
     0.823254871,346,,branch-misses:u,1159584,100.00,,
     0.823254871,37,,cache-misses:u,1159168,100.00,,
     0.823254871,1543106,,bus-cycles:u,1158784,100.00,,
     0.823254871,9870714,,instructions:u,1158496,100.00,,
     0.824407202,346,,branch-misses:u,1152096,100.00,,
     0.824407202,105,,cache-misses:u,1151904,100.00,,
     0.824407202,1528915,,bus-cycles:u,1151840,100.00,,
     0.824407202,9780809,,instructions:u,1151776,100.00,,
     0.825557325,343,,branch-misses:u,1149888,100.00,,
     0.825557325,34,,cache-misses:u,1149760,100.00,,
     0.825557325,1530594,,bus-cycles:u,1149792,100.00,,
     0.825557325,9788342,,instructions:u,1149728,100.00,,
     0.826707991,344,,branch-misses:u,1150720,100.00,,
     0.826707991,32,,cache-misses:u,1150912,100.00,,
     0.826707991,1531437,,bus-cycles:u,1150944,100.00,,
     0.826707991,9792043,,instructions:u,1151040,100.00,,
     0.827857602,343,,branch-misses:u,1149696,100.00,,
     0.827857602,33,,cache-misses:u,1149600,100.00,,
     0.827857602,1525797,,bus-cycles:u,1149472,100.00,,
     0.827857602,9757257,,instructions:u,1149376,100.00,,
     0.829006125,342,,branch-misses:u,1148672,100.00,,
     0.829006125,90,,cache-misses:u,1148608,100.00,,
     0.829006125,1529309,,bus-cycles:u,1148736,100.00,,
     0.829006125,9774884,,instructions:u,1148704,100.00,,
     0.830153336,343,,branch-misses:u,1147264,100.00,,
     0.830153336,35,,cache-misses:u,1147264,100.00,,
     0.830153336,1526305,,bus-cycles:u,1147232,100.00,,
     0.830153336,9768259,,instructions:u,1147264,100.00,,
     0.831299203,342,,branch-misses:u,1146016,100.00,,
     0.831299203,31,,cache-misses:u,1146080,100.00,,
     0.831299203,1524499,,bus-cycles:u,1145984,100.00,,
     0.831299203,9765720,,instructions:u,1146112,100.00,,
     0.832446222,337,,branch-misses:u,1141824,100.00,,
     0.832446222,199,,cache-misses:u,1141760,100.00,,
     0.832446222,1503771,,bus-cycles:u,1141824,100.00,,
     0.832446222,9606977,,instructions:u,1141664,100.00,,
     0.833593945,344,,branch-misses:u,1147488,100.00,,
     0.833593945,32,,cache-misses:u,1148256,100.00,,
     0.833593945,1528160,,bus-cycles:u,1148256,100.00,,
     0.833593945,9761629,,instructions:u,1148384,100.00,,
     0.834741539,342,,branch-misses:u,1147648,100.00,,
     0.834741539,27,,cache-misses:u,1146880,100.00,,
     0.834741539,1526460,,bus-cycles:u,1147008,100.00,,
     0.834741539,9774330,,instructions:u,1146944,100.00,,
     0.835933098,357,,branch-misses:u,1192320,100.00,,
     0.835933098,82,,cache-misses:u,1192544,100.00,,
     0.835933098,1581862,,bus-cycles:u,1192448,100.00,,
     0.835933098,10128835,,instructions:u,1192384,100.00,,
     0.837081877,342,,branch-misses:u,1148256,100.00,,
     0.837081877,60,,cache-misses:u,1147840,100.00,,
     0.837081877,1528691,,bus-cycles:u,1147840,100.00,,
     0.837081877,9775949,,instructions:u,1147904,100.00,,
     0.838230463,342,,branch-misses:u,1148704,100.00,,
     0.838230463,30,,cache-misses:u,1148832,100.00,,
     0.838230463,1530178,,bus-cycles:u,1148896,100.00,,
     0.838230463,9769681,,instructions:u,1148960,100.00,,
     0.839375979,341,,branch-misses:u,1145600,100.00,,
     0.839375979,30,,cache-misses:u,1145600,100.00,,
     0.839375979,1525115,,bus-cycles:u,1145504,100.00,,
     0.839375979,9738640,,instructions:u,1145408,100.00,,
     0.840524757,344,,branch-misses:u,1149184,100.00,,
     0.840524757,101,,cache-misses:u,1149376,100.00,,
     0.840524757,1526353,,bus-cycles:u,1149376,100.00,,
     0.840524757,9765980,,instructions:u,1149568,100.00,,
     0.841672320,343,,branch-misses:u,1147488,100.00,,
     0.841672320,34,,cache-misses:u,1147392,100.00,,
     0.841672320,1526512,,bus-cycles:u,1147360,100.00,,
     0.841672320,9767097,,instructions:u,1147264,100.00,,
     0.842818539,341,,branch-misses:u,1146304,100.00,,
     0.842818539,31,,cache-misses:u,1146208,100.00,,
     0.842818539,1526101,,bus-cycles:u,1146240,100.00,,
     0.842818539,9754803,,instructions:u,1146144,100.00,,
     0.843963255,341,,branch-misses:u,1145280,100.00,,
     0.843963255,58,,cache-misses:u,1145376,100.00,,
     0.843963255,1518395,,bus-cycles:u,1145408,100.00,,
     0.843963255,9704342,,instructions:u,1145472,100.00,,
     0.845111873,343,,branch-misses:u,1148288,100.00,,
     0.845111873,56,,cache-misses:u,1148416,100.00,,
     0.845111873,1528664,,bus-cycles:u,1148480,100.00,,
     0.845111873,9763465,,instructions:u,1148608,100.00,,
     0.846259244,344,,branch-misses:u,1147520,100.00,,
     0.846259244,32,,cache-misses:u,1147264,100.00,,
     0.846259244,1527498,,bus-cycles:u,1147136,100.00,,
     0.846259244,9772052,,instructions:u,1146912,100.00,,
     0.847405271,342,,branch-misses:u,1146112,100.00,,
     0.847405271,31,,cache-misses:u,1146304,100.00,,
     0.847405271,1525902,,bus-cycles:u,1146304,100.00,,
     0.847405271,9764148,,instructions:u,1146400,100.00,,
     0.848554242,342,,branch-misses:u,1149088,100.00,,
     0.848554242,93,,cache-misses:u,1148992,100.00,,
     0.848554242,1525990,,bus-cycles:u,1149056,100.00,,
     0.848554242,9752486,,instructions:u,1149056,100.00,,
     0.849704589,344,,branch-misses:u,1150720,100.00,,
     0.849704589,32,,cache-misses:u,1150848,100.00,,
     0.849704589,1532123,,bus-cycles:u,1150880,100.00,,
     0.849704589,9796586,,instructions:u,1151104,100.00,,
     0.850856951,343,,branch-misses:u,1152288,100.00,,
     0.850856951,28,,cache-misses:u,1152256,100.00,,
     0.850856951,1533919,,bus-cycles:u,1152224,100.00,,
     0.850856951,9811318,,instructions:u,1151904,100.00,,
     0.852005410,345,,branch-misses:u,1148864,100.00,,
     0.852005410,93,,cache-misses:u,1148800,100.00,,
     0.852005410,1524909,,bus-cycles:u,1148704,100.00,,
     0.852005410,9757054,,instructions:u,1148672,100.00,,
     0.853154573,343,,branch-misses:u,1148928,100.00,,
     0.853154573,39,,cache-misses:u,1148896,100.00,,
     0.853154573,1529759,,bus-cycles:u,1148928,100.00,,
     0.853154573,9800165,,instructions:u,1149088,100.00,,
     0.854301368,342,,branch-misses:u,1146944,100.00,,
     0.854301368,28,,cache-misses:u,1146944,100.00,,
     0.854301368,1527258,,bus-cycles:u,1147040,100.00,,
     0.854301368,9750362,,instructions:u,1146976,100.00,,
     0.855447523,342,,branch-misses:u,1145952,100.00,,
     0.855447523,28,,cache-misses:u,1145888,100.00,,
     0.855447523,1525242,,bus-cycles:u,1145728,100.00,,
     0.855447523,9747224,,instructions:u,1145824,100.00,,
     0.856609580,347,,branch-misses:u,1163072,100.00,,
     0.856609580,111,,cache-misses:u,1163232,100.00,,
     0.856609580,1542909,,bus-cycles:u,1163232,100.00,,
     0.856609580,9860680,,instructions:u,1163136,100.00,,
     0.857761623,344,,branch-misses:u,1151616,100.00,,
     0.857761623,47,,cache-misses:u,1151616,100.00,,
     0.857761623,1533225,,bus-cycles:u,1151744,100.00,,
     0.857761623,9807373,,instructions:u,1151808,100.00,,
     0.858909314,341,,branch-misses:u,1147456,100.00,,
     0.858909314,29,,cache-misses:u,1147424,100.00,,
     0.858909314,1526877,,bus-cycles:u,1147424,100.00,,
     0.858909314,9729247,,instructions:u,1147424,100.00,,
     0.860058860,342,,branch-misses:u,1149952,100.00,,
     0.860058860,99,,cache-misses:u,1149952,100.00,,
     0.860058860,1527204,,bus-cycles:u,1149952,100.00,,
     0.860058860,9740043,,instructions:u,1150016,100.00,,
     0.861207927,343,,branch-misses:u,1148864,100.00,,
     0.861207927,37,,cache-misses:u,1148896,100.00,,
     0.861207927,1528712,,bus-cycles:u,1148864,100.00,,
     0.861207927,9781944,,instructions:u,1148800,100.00,,
     0.862354882,341,,branch-misses:u,1147040,100.00,,
     0.862354882,39,,cache-misses:u,1147104,100.00,,
     0.862354882,1527141,,bus-cycles:u,1147168,100.00,,
     0.862354882,9746216,,instructions:u,1147200,100.00,,
     0.863503245,345,,branch-misses:u,1148480,100.00,,
     0.863503245,43,,cache-misses:u,1148576,100.00,,
     0.863503245,1528847,,bus-cycles:u,1148576,100.00,,
     0.863503245,9803117,,instructions:u,1148512,100.00,,
     0.864651928,342,,branch-misses:u,1149152,100.00,,
     0.864651928,101,,cache-misses:u,1148896,100.00,,
     0.864651928,1525970,,bus-cycles:u,1148832,100.00,,
     0.864651928,9751432,,instructions:u,1148736,100.00,,
     0.865801314,342,,branch-misses:u,1149216,100.00,,
     0.865801314,31,,cache-misses:u,1149280,100.00,,
     0.865801314,1529625,,bus-cycles:u,1149312,100.00,,
     0.865801314,9772859,,instructions:u,1149280,100.00,,
     0.866949549,343,,branch-misses:u,1148352,100.00,,
     0.866949549,33,,cache-misses:u,1148256,100.00,,
     0.866949549,1528296,,bus-cycles:u,1148256,100.00,,
     0.866949549,9767906,,instructions:u,1148288,100.00,,
     0.868097848,337,,branch-misses:u,1139008,100.00,,
     0.868097848,209,,cache-misses:u,1139552,100.00,,
     0.868097848,1496871,,bus-cycles:u,1139584,100.00,,
     0.868097848,9573598,,instructions:u,1139776,100.00,,
     0.869246531,343,,branch-misses:u,1148352,100.00,,
     0.869246531,42,,cache-misses:u,1147904,100.00,,
     0.869246531,1527531,,bus-cycles:u,1147872,100.00,,
     0.869246531,9767983,,instructions:u,1147840,100.00,,
     0.870393678,342,,branch-misses:u,1147008,100.00,,
     0.870393678,30,,cache-misses:u,1146976,100.00,,
     0.870393678,1525956,,bus-cycles:u,1146976,100.00,,
     0.870393678,9749578,,instructions:u,1146912,100.00,,
     0.871540985,341,,branch-misses:u,1147808,100.00,,
     0.871540985,31,,cache-misses:u,1147840,100.00,,
     0.871540985,1526606,,bus-cycles:u,1147712,100.00,,
     0.871540985,9731559,,instructions:u,1147840,100.00,,
     0.872688900,343,,branch-misses:u,1148256,100.00,,
     0.872688900,111,,cache-misses:u,1148224,100.00,,
     0.872688900,1523642,,bus-cycles:u,1148288,100.00,,
     0.872688900,9739565,,instructions:u,1148288,100.00,,
     0.873838926,344,,branch-misses:u,1149440,100.00,,
     0.873838926,39,,cache-misses:u,1149408,100.00,,
     0.873838926,1530773,,bus-cycles:u,1149472,100.00,,
     0.873838926,9788345,,instructions:u,1149280,100.00,,
     0.874987065,344,,branch-misses:u,1148160,100.00,,
     0.874987065,34,,cache-misses:u,1148128,100.00,,
     0.874987065,1528542,,bus-cycles:u,1148032,100.00,,
     0.874987065,9766313,,instructions:u,1147968,100.00,,
     0.876134628,341,,branch-misses:u,1148160,100.00,,
     0.876134628,103,,cache-misses:u,1148224,100.00,,
     0.876134628,1524276,,bus-cycles:u,1148256,100.00,,
     0.876134628,9735429,,instructions:u,1148416,100.00,,
     0.877303341,348,,branch-misses:u,1169120,100.00,,
     0.877303341,28,,cache-misses:u,1169152,100.00,,
     0.877303341,1556941,,bus-cycles:u,1169152,100.00,,
     0.877303341,9951602,,instructions:u,1169120,100.00,,
     0.878450520,342,,branch-misses:u,1147072,100.00,,
     0.878450520,29,,cache-misses:u,1147008,100.00,,
     0.878450520,1527538,,bus-cycles:u,1146944,100.00,,
     0.878450520,9746606,,instructions:u,1146880,100.00,,
     0.879598755,343,,branch-misses:u,1148320,100.00,,
     0.879598755,29,,cache-misses:u,1148320,100.00,,
     0.879598755,1528521,,bus-cycles:u,1148448,100.00,,
     0.879598755,9760795,,instructions:u,1148448,100.00,,
     0.880747597,345,,branch-misses:u,1149216,100.00,,
     0.880747597,100,,cache-misses:u,1149216,100.00,,
     0.880747597,1525329,,bus-cycles:u,1149248,100.00,,
     0.880747597,9770165,,instructions:u,1149248,100.00,,
     0.881897240,343,,branch-misses:u,1149664,100.00,,
     0.881897240,35,,cache-misses:u,1149664,100.00,,
     0.881897240,1530616,,bus-cycles:u,1149600,100.00,,
     0.881897240,9778828,,instructions:u,1149600,100.00,,
     0.883047779,343,,branch-misses:u,1150400,100.00,,
     0.883047779,34,,cache-misses:u,1150368,100.00,,
     0.883047779,1531374,,bus-cycles:u,1150304,100.00,,
     0.883047779,9788252,,instructions:u,1150272,100.00,,
     0.884195214,342,,branch-misses:u,1147840,100.00,,
     0.884195214,92,,cache-misses:u,1147872,100.00,,
     0.884195214,1521286,,bus-cycles:u,1147904,100.00,,
     0.884195214,9725116,,instructions:u,1148000,100.00,,
     0.885346936,345,,branch-misses:u,1151584,100.00,,
     0.885346936,28,,cache-misses:u,1151552,100.00,,
     0.885346936,1532551,,bus-cycles:u,1151584,100.00,,
     0.885346936,9812806,,instructions:u,1151552,100.00,,
     0.886494083,342,,branch-misses:u,1147168,100.00,,
     0.886494083,33,,cache-misses:u,1147168,100.00,,
     0.886494083,1527421,,bus-cycles:u,1147168,100.00,,
     0.886494083,9785882,,instructions:u,1147040,100.00,,
     0.887641006,342,,branch-misses:u,1146784,100.00,,
     0.887641006,35,,cache-misses:u,1146816,100.00,,
     0.887641006,1526647,,bus-cycles:u,1146688,100.00,,
     0.887641006,9752492,,instructions:u,1146816,100.00,,
     0.888789497,345,,branch-misses:u,1148960,100.00,,
     0.888789497,99,,cache-misses:u,1148992,100.00,,
     0.888789497,1526295,,bus-cycles:u,1149120,100.00,,
     0.888789497,9746564,,instructions:u,1149088,100.00,,
     0.889938692,342,,branch-misses:u,1149344,100.00,,
     0.889938692,42,,cache-misses:u,1149216,100.00,,
     0.889938692,1529944,,bus-cycles:u,1149216,100.00,,
     0.889938692,9777132,,instructions:u,1149248,100.00,,
     0.891087342,344,,branch-misses:u,1148768,100.00,,
     0.891087342,31,,cache-misses:u,1148864,100.00,,
     0.891087342,1530033,,bus-cycles:u,1148864,100.00,,
     0.891087342,9786328,,instructions:u,1148864,100.00,,
     0.892234969,339,,branch-misses:u,1144544,100.00,,
     0.892234969,198,,cache-misses:u,1144736,100.00,,
     0.892234969,1512023,,bus-cycles:u,1144672,100.00,,
     0.892234969,9667768,,instructions:u,1144704,100.00,,
     0.893384132,343,,branch-misses:u,1148896,100.00,,
     0.893384132,36,,cache-misses:u,1148800,100.00,,
     0.893384132,1529633,,bus-cycles:u,1148864,100.00,,
     0.893384132,9780488,,instructions:u,1148864,100.00,,
     0.894529967,342,,branch-misses:u,1145888,100.00,,
     0.894529967,28,,cache-misses:u,1145888,100.00,,
     0.894529967,1525814,,bus-cycles:u,1145824,100.00,,
     0.894529967,9742310,,instructions:u,1145792,100.00,,
     0.895679546,342,,branch-misses:u,1149408,100.00,,
     0.895679546,28,,cache-misses:u,1149312,100.00,,
     0.895679546,1530200,,bus-cycles:u,1149376,100.00,,
     0.895679546,9777635,,instructions:u,1149376,100.00,,
     0.896827301,342,,branch-misses:u,1148544,100.00,,
     0.896827301,99,,cache-misses:u,1148544,100.00,,
     0.896827301,1523656,,bus-cycles:u,1148480,100.00,,
     0.896827301,9733994,,instructions:u,1148480,100.00,,
     0.897976591,345,,branch-misses:u,1148960,100.00,,
     0.897976591,31,,cache-misses:u,1149056,100.00,,
     0.897976591,1529322,,bus-cycles:u,1149088,100.00,,
     0.897976591,9784282,,instructions:u,1149088,100.00,,
     0.899145016,349,,branch-misses:u,1168832,100.00,,
     0.899145016,34,,cache-misses:u,1168896,100.00,,
     0.899145016,1556791,,bus-cycles:u,1168896,100.00,,
     0.899145016,9944490,,instructions:u,1168832,100.00,,
     0.900294851,343,,branch-misses:u,1150048,100.00,,
     0.900294851,91,,cache-misses:u,1149952,100.00,,
     0.900294851,1525789,,bus-cycles:u,1150080,100.00,,
     0.900294851,9763927,,instructions:u,1150208,100.00,,
     0.901443790,342,,branch-misses:u,1148768,100.00,,
     0.901443790,33,,cache-misses:u,1148768,100.00,,
     0.901443790,1529350,,bus-cycles:u,1148640,100.00,,
     0.901443790,9778860,,instructions:u,1148576,100.00,,
     0.902590905,344,,branch-misses:u,1147136,100.00,,
     0.902590905,41,,cache-misses:u,1147040,100.00,,
     0.902590905,1526767,,bus-cycles:u,1147072,100.00,,
     0.902590905,9780856,,instructions:u,1147008,100.00,,
     0.903737700,342,,branch-misses:u,1147008,100.00,,
     0.903737700,31,,cache-misses:u,1146976,100.00,,
     0.903737700,1526780,,bus-cycles:u,1146976,100.00,,
     0.903737700,9760864,,instructions:u,1147072,100.00,,
     0.904885007,343,,branch-misses:u,1147744,100.00,,
     0.904885007,96,,cache-misses:u,1147840,100.00,,
     0.904885007,1521355,,bus-cycles:u,1147840,100.00,,
     0.904885007,9718124,,instructions:u,1147840,100.00,,
     0.906032889,343,,branch-misses:u,1147712,100.00,,
     0.906032889,39,,cache-misses:u,1147712,100.00,,
     0.906032889,1528259,,bus-cycles:u,1147680,100.00,,
     0.906032889,9786029,,instructions:u,1147648,100.00,,
     0.907181860,343,,branch-misses:u,1149088,100.00,,
     0.907181860,37,,cache-misses:u,1149184,100.00,,
     0.907181860,1530328,,bus-cycles:u,1149248,100.00,,
     0.907181860,9789557,,instructions:u,1149216,100.00,,
     0.908330063,345,,branch-misses:u,1148640,100.00,,
     0.908330063,106,,cache-misses:u,1148480,100.00,,
     0.908330063,1524602,,bus-cycles:u,1148416,100.00,,
     0.908330063,9746892,,instructions:u,1148544,100.00,,
     0.909478266,341,,branch-misses:u,1147968,100.00,,
     0.909478266,36,,cache-misses:u,1148160,100.00,,
     0.909478266,1528384,,bus-cycles:u,1148256,100.00,,
     0.909478266,9762034,,instructions:u,1148288,100.00,,
     0.910629252,343,,branch-misses:u,1151232,100.00,,
     0.910629252,27,,cache-misses:u,1151200,100.00,,
     0.910629252,1532299,,bus-cycles:u,1151136,100.00,,
     0.910629252,9776027,,instructions:u,1151008,100.00,,
     0.911775887,344,,branch-misses:u,1146688,100.00,,
     0.911775887,33,,cache-misses:u,1146656,100.00,,
     0.911775887,1526233,,bus-cycles:u,1146656,100.00,,
     0.911775887,9772406,,instructions:u,1146624,100.00,,
     0.912964854,356,,branch-misses:u,1189696,100.00,,
     0.912964854,91,,cache-misses:u,1189696,100.00,,
     0.912964854,1579819,,bus-cycles:u,1189696,100.00,,
     0.912964854,10101571,,instructions:u,1189760,100.00,,
     0.914114785,343,,branch-misses:u,1149312,100.00,,
     0.914114785,38,,cache-misses:u,1149248,100.00,,
     0.914114785,1529751,,bus-cycles:u,1149216,100.00,,
     0.914114785,9782339,,instructions:u,1149216,100.00,,
     0.915263404,343,,branch-misses:u,1148832,100.00,,
     0.915263404,32,,cache-misses:u,1149312,100.00,,
     0.915263404,1529779,,bus-cycles:u,1149280,100.00,,
     0.915263404,9765493,,instructions:u,1149248,100.00,,
     0.916411926,344,,branch-misses:u,1148896,100.00,,
     0.916411926,105,,cache-misses:u,1148320,100.00,,
     0.916411926,1522229,,bus-cycles:u,1148384,100.00,,
     0.916411926,9739479,,instructions:u,1148448,100.00,,
     0.917557889,341,,branch-misses:u,1145728,100.00,,
     0.917557889,35,,cache-misses:u,1145856,100.00,,
     0.917557889,1524953,,bus-cycles:u,1145824,100.00,,
     0.917557889,9753671,,instructions:u,1145728,100.00,,
     0.918705132,344,,branch-misses:u,1147328,100.00,,
     0.918705132,36,,cache-misses:u,1147200,100.00,,
     0.918705132,1525811,,bus-cycles:u,1147168,100.00,,
     0.918705132,9778989,,instructions:u,1147232,100.00,,
     0.919865782,346,,branch-misses:u,1161024,100.00,,
     0.919865782,46,,cache-misses:u,1161280,100.00,,
     0.919865782,1541002,,bus-cycles:u,1161376,100.00,,
     0.919865782,9854866,,instructions:u,1161408,100.00,,
     0.921017440,343,,branch-misses:u,1151648,100.00,,
     0.921017440,78,,cache-misses:u,1151520,100.00,,
     0.921017440,1532341,,bus-cycles:u,1151520,100.00,,
     0.921017440,9783532,,instructions:u,1151456,100.00,,
     0.922166859,342,,branch-misses:u,1149024,100.00,,
     0.922166859,35,,cache-misses:u,1148928,100.00,,
     0.922166859,1529212,,bus-cycles:u,1148864,100.00,,
     0.922166859,9777530,,instructions:u,1148928,100.00,,
     0.923314198,344,,branch-misses:u,1147552,100.00,,
     0.923314198,28,,cache-misses:u,1147648,100.00,,
     0.923314198,1527428,,bus-cycles:u,1147616,100.00,,
     0.923314198,9751621,,instructions:u,1147648,100.00,,
     0.924462689,342,,branch-misses:u,1149280,100.00,,
     0.924462689,103,,cache-misses:u,1149280,100.00,,
     0.924462689,1525688,,bus-cycles:u,1149312,100.00,,
     0.924462689,9750222,,instructions:u,1149312,100.00,,
     0.925610508,342,,branch-misses:u,1147648,100.00,,
     0.925610508,39,,cache-misses:u,1147584,100.00,,
     0.925610508,1527600,,bus-cycles:u,1147648,100.00,,
     0.925610508,9759742,,instructions:u,1147616,100.00,,
     0.926757079,342,,branch-misses:u,1146400,100.00,,
     0.926757079,27,,cache-misses:u,1146304,100.00,,
     0.926757079,1525920,,bus-cycles:u,1146240,100.00,,
     0.926757079,9748985,,instructions:u,1146208,100.00,,
     0.927904482,342,,branch-misses:u,1148000,100.00,,
     0.927904482,48,,cache-misses:u,1148032,100.00,,
     0.927904482,1523984,,bus-cycles:u,1148096,100.00,,
     0.927904482,9734043,,instructions:u,1148096,100.00,,
     0.929053964,343,,branch-misses:u,1148992,100.00,,
     0.929053964,79,,cache-misses:u,1149056,100.00,,
     0.929053964,1530607,,bus-cycles:u,1148992,100.00,,
     0.929053964,9782749,,instructions:u,1148992,100.00,,
     0.930199768,341,,branch-misses:u,1146368,100.00,,
     0.930199768,31,,cache-misses:u,1146304,100.00,,
     0.930199768,1526440,,bus-cycles:u,1146400,100.00,,
     0.930199768,9727206,,instructions:u,1146400,100.00,,
     0.931348034,343,,branch-misses:u,1147904,100.00,,
     0.931348034,30,,cache-misses:u,1148032,100.00,,
     0.931348034,1529134,,bus-cycles:u,1147904,100.00,,
     0.931348034,9761173,,instructions:u,1147968,100.00,,
     0.932497037,343,,branch-misses:u,1149728,100.00,,
     0.932497037,99,,cache-misses:u,1149792,100.00,,
     0.932497037,1524707,,bus-cycles:u,1149824,100.00,,
     0.932497037,9748993,,instructions:u,1149696,100.00,,
     0.933644568,343,,branch-misses:u,1147456,100.00,,
     0.933644568,44,,cache-misses:u,1147456,100.00,,
     0.933644568,1527514,,bus-cycles:u,1147488,100.00,,
     0.933644568,9766344,,instructions:u,1147488,100.00,,
     0.934791843,342,,branch-misses:u,1146944,100.00,,
     0.934791843,31,,cache-misses:u,1146816,100.00,,
     0.934791843,1527116,,bus-cycles:u,1146784,100.00,,
     0.934791843,9748830,,instructions:u,1146912,100.00,,
     0.935939246,345,,branch-misses:u,1148320,100.00,,
     0.935939246,77,,cache-misses:u,1148416,100.00,,
     0.935939246,1524777,,bus-cycles:u,1148448,100.00,,
     0.935939246,9748685,,instructions:u,1148288,100.00,,
     0.937087769,342,,branch-misses:u,1148320,100.00,,
     0.937087769,58,,cache-misses:u,1148256,100.00,,
     0.937087769,1528733,,bus-cycles:u,1148224,100.00,,
     0.937087769,9784452,,instructions:u,1148288,100.00,,
     0.938235460,342,,branch-misses:u,1147424,100.00,,
     0.938235460,33,,cache-misses:u,1147392,100.00,,
     0.938235460,1526952,,bus-cycles:u,1147360,100.00,,
     0.938235460,9745030,,instructions:u,1147360,100.00,,
     0.939381487,342,,branch-misses:u,1146464,100.00,,
     0.939381487,37,,cache-misses:u,1146432,100.00,,
     0.939381487,1525596,,bus-cycles:u,1146400,100.00,,
     0.939381487,9761206,,instructions:u,1146368,100.00,,
     0.940530042,344,,branch-misses:u,1148672,100.00,,
     0.940530042,102,,cache-misses:u,1148704,100.00,,
     0.940530042,1524154,,bus-cycles:u,1148800,100.00,,
     0.940530042,9747809,,instructions:u,1148800,100.00,,
     0.941690339,347,,branch-misses:u,1160736,100.00,,
     0.941690339,29,,cache-misses:u,1160864,100.00,,
     0.941690339,1545905,,bus-cycles:u,1160896,100.00,,
     0.941690339,9896556,,instructions:u,1160960,100.00,,
     0.942837774,342,,branch-misses:u,1146944,100.00,,
     0.942837774,32,,cache-misses:u,1146784,100.00,,
     0.942837774,1526746,,bus-cycles:u,1146688,100.00,,
     0.942837774,9761330,,instructions:u,1146688,100.00,,
     0.943984793,343,,branch-misses:u,1147904,100.00,,
     0.943984793,65,,cache-misses:u,1147968,100.00,,
     0.943984793,1522163,,bus-cycles:u,1147904,100.00,,
     0.943984793,9745803,,instructions:u,1147904,100.00,,
     0.945134148,343,,branch-misses:u,1149152,100.00,,
     0.945134148,67,,cache-misses:u,1149248,100.00,,
     0.945134148,1529217,,bus-cycles:u,1149408,100.00,,
     0.945134148,9774129,,instructions:u,1149376,100.00,,
     0.946282575,343,,branch-misses:u,1148448,100.00,,
     0.946282575,37,,cache-misses:u,1148288,100.00,,
     0.946282575,1527628,,bus-cycles:u,1148224,100.00,,
     0.946282575,9762197,,instructions:u,1148096,100.00,,
     0.947429338,341,,branch-misses:u,1146880,100.00,,
     0.947429338,32,,cache-misses:u,1146816,100.00,,
     0.947429338,1525620,,bus-cycles:u,1146784,100.00,,
     0.947429338,9722752,,instructions:u,1146880,100.00,,
     0.948578148,342,,branch-misses:u,1149280,100.00,,
     0.948578148,96,,cache-misses:u,1149312,100.00,,
     0.948578148,1524554,,bus-cycles:u,1149280,100.00,,
     0.948578148,9744019,,instructions:u,1149280,100.00,,
     0.949726031,343,,branch-misses:u,1147680,100.00,,
     0.949726031,36,,cache-misses:u,1147744,100.00,,
     0.949726031,1526585,,bus-cycles:u,1147744,100.00,,
     0.949726031,9757243,,instructions:u,1147776,100.00,,
     0.950872314,343,,branch-misses:u,1146272,100.00,,
     0.950872314,34,,cache-misses:u,1146208,100.00,,
     0.950872314,1524878,,bus-cycles:u,1146272,100.00,,
     0.950872314,9749096,,instructions:u,1146272,100.00,,
     0.952020133,340,,branch-misses:u,1144384,100.00,,
     0.952020133,172,,cache-misses:u,1144544,100.00,,
     0.952020133,1512346,,bus-cycles:u,1144640,100.00,,
     0.952020133,9670479,,instructions:u,1144608,100.00,,
     0.953169072,343,,branch-misses:u,1148672,100.00,,
     0.953169072,48,,cache-misses:u,1148512,100.00,,
     0.953169072,1528539,,bus-cycles:u,1148384,100.00,,
     0.953169072,9774676,,instructions:u,1148448,100.00,,
     0.954318523,343,,branch-misses:u,1149504,100.00,,
     0.954318523,36,,cache-misses:u,1149568,100.00,,
     0.954318523,1530181,,bus-cycles:u,1149600,100.00,,
     0.954318523,9775529,,instructions:u,1149472,100.00,,
     0.955465638,341,,branch-misses:u,1147264,100.00,,
     0.955465638,31,,cache-misses:u,1147200,100.00,,
     0.955465638,1527198,,bus-cycles:u,1147200,100.00,,
     0.955465638,9753924,,instructions:u,1147264,100.00,,
     0.956612913,342,,branch-misses:u,1147680,100.00,,
     0.956612913,107,,cache-misses:u,1147776,100.00,,
     0.956612913,1522565,,bus-cycles:u,1147744,100.00,,
     0.956612913,9721534,,instructions:u,1147872,100.00,,
     0.957761723,344,,branch-misses:u,1148672,100.00,,
     0.957761723,30,,cache-misses:u,1148576,100.00,,
     0.957761723,1528658,,bus-cycles:u,1148608,100.00,,
     0.957761723,9792493,,instructions:u,1148448,100.00,,
     0.958908838,342,,branch-misses:u,1146880,100.00,,
     0.958908838,36,,cache-misses:u,1146976,100.00,,
     0.958908838,1525910,,bus-cycles:u,1146944,100.00,,
     0.958908838,9762476,,instructions:u,1146976,100.00,,
     0.960056241,341,,branch-misses:u,1147840,100.00,,
     0.960056241,95,,cache-misses:u,1147840,100.00,,
     0.960056241,1523406,,bus-cycles:u,1147904,100.00,,
     0.960056241,9716606,,instructions:u,1147936,100.00,,
     0.961204060,342,,branch-misses:u,1147680,100.00,,
     0.961204060,33,,cache-misses:u,1147648,100.00,,
     0.961204060,1527275,,bus-cycles:u,1147680,100.00,,
     0.961204060,9761563,,instructions:u,1147712,100.00,,
     0.962361958,345,,branch-misses:u,1158592,100.00,,
     0.962361958,31,,cache-misses:u,1158688,100.00,,
     0.962361958,1541938,,bus-cycles:u,1158592,100.00,,
     0.962361958,9865981,,instructions:u,1158656,100.00,,
     0.963509137,344,,branch-misses:u,1146944,100.00,,
     0.963509137,37,,cache-misses:u,1146784,100.00,,
     0.963509137,1526855,,bus-cycles:u,1146784,100.00,,
     0.963509137,9760239,,instructions:u,1146656,100.00,,
     0.964656700,341,,branch-misses:u,1148128,100.00,,
     0.964656700,111,,cache-misses:u,1148224,100.00,,
     0.964656700,1512901,,bus-cycles:u,1148224,100.00,,
     0.964656700,9671316,,instructions:u,1148224,100.00,,
     0.965806183,342,,branch-misses:u,1149152,100.00,,
     0.965806183,32,,cache-misses:u,1149152,100.00,,
     0.965806183,1529219,,bus-cycles:u,1149184,100.00,,
     0.965806183,9763522,,instructions:u,1149280,100.00,,
     0.966953905,342,,branch-misses:u,1147904,100.00,,
     0.966953905,31,,cache-misses:u,1147776,100.00,,
     0.966953905,1526388,,bus-cycles:u,1147808,100.00,,
     0.966953905,9754586,,instructions:u,1147648,100.00,,
     0.968101468,341,,branch-misses:u,1147968,100.00,,
     0.968101468,112,,cache-misses:u,1148096,100.00,,
     0.968101468,1518392,,bus-cycles:u,1148032,100.00,,
     0.968101468,9700288,,instructions:u,1148160,100.00,,
     0.969249927,344,,branch-misses:u,1147904,100.00,,
     0.969249927,39,,cache-misses:u,1147904,100.00,,
     0.969249927,1527350,,bus-cycles:u,1147872,100.00,,
     0.969249927,9760107,,instructions:u,1147808,100.00,,
     0.970397810,342,,branch-misses:u,1148384,100.00,,
     0.970397810,32,,cache-misses:u,1148384,100.00,,
     0.970397810,1527809,,bus-cycles:u,1148480,100.00,,
     0.970397810,9767122,,instructions:u,1148512,100.00,,
     0.971544125,342,,branch-misses:u,1146336,100.00,,
     0.971544125,30,,cache-misses:u,1146304,100.00,,
     0.971544125,1525216,,bus-cycles:u,1146240,100.00,,
     0.971544125,9757155,,instructions:u,1146240,100.00,,
     0.972693320,343,,branch-misses:u,1149344,100.00,,
     0.972693320,104,,cache-misses:u,1149280,100.00,,
     0.972693320,1524825,,bus-cycles:u,1149344,100.00,,
     0.972693320,9753853,,instructions:u,1149280,100.00,,
     0.973840499,342,,branch-misses:u,1147264,100.00,,
     0.973840499,35,,cache-misses:u,1147264,100.00,,
     0.973840499,1525830,,bus-cycles:u,1147232,100.00,,
     0.973840499,9763344,,instructions:u,1147296,100.00,,
     0.974986654,343,,branch-misses:u,1146016,100.00,,
     0.974986654,34,,cache-misses:u,1146080,100.00,,
     0.974986654,1523791,,bus-cycles:u,1146080,100.00,,
     0.974986654,9750123,,instructions:u,1146048,100.00,,
     0.976132969,343,,branch-misses:u,1147136,100.00,,
     0.976132969,103,,cache-misses:u,1147168,100.00,,
     0.976132969,1521346,,bus-cycles:u,1147168,100.00,,
     0.976132969,9732904,,instructions:u,1147232,100.00,,
     0.977280884,342,,branch-misses:u,1147744,100.00,,
     0.977280884,40,,cache-misses:u,1147840,100.00,,
     0.977280884,1527703,,bus-cycles:u,1147872,100.00,,
     0.977280884,9770371,,instructions:u,1147840,100.00,,
     0.978429471,343,,branch-misses:u,1148544,100.00,,
     0.978429471,36,,cache-misses:u,1148448,100.00,,
     0.978429471,1529620,,bus-cycles:u,1148448,100.00,,
     0.978429471,9782565,,instructions:u,1148416,100.00,,
     0.979575146,343,,branch-misses:u,1145920,100.00,,
     0.979575146,30,,cache-misses:u,1145952,100.00,,
     0.979575146,1525549,,bus-cycles:u,1145984,100.00,,
     0.979575146,9760535,,instructions:u,1146048,100.00,,
     0.980725396,344,,branch-misses:u,1150656,100.00,,
     0.980725396,92,,cache-misses:u,1150624,100.00,,
     0.980725396,1527263,,bus-cycles:u,1150560,100.00,,
     0.980725396,9773738,,instructions:u,1150528,100.00,,
     0.981872575,341,,branch-misses:u,1146976,100.00,,
     0.981872575,35,,cache-misses:u,1146944,100.00,,
     0.981872575,1527632,,bus-cycles:u,1146976,100.00,,
     0.981872575,9773245,,instructions:u,1147008,100.00,,
     0.983020746,341,,branch-misses:u,1148224,100.00,,
     0.983020746,38,,cache-misses:u,1148256,100.00,,
     0.983020746,1528939,,bus-cycles:u,1148288,100.00,,
     0.983020746,9766821,,instructions:u,1148288,100.00,,
     0.984180820,347,,branch-misses:u,1160800,100.00,,
     0.984180820,97,,cache-misses:u,1160896,100.00,,
     0.984180820,1540962,,bus-cycles:u,1160832,100.00,,
     0.984180820,9854013,,instructions:u,1160832,100.00,,
     0.985329886,343,,branch-misses:u,1148608,100.00,,
     0.985329886,29,,cache-misses:u,1148480,100.00,,
     0.985329886,1528935,,bus-cycles:u,1148544,100.00,,
     0.985329886,9784138,,instructions:u,1148512,100.00,,
     0.986476201,343,,branch-misses:u,1146048,100.00,,
     0.986476201,42,,cache-misses:u,1146016,100.00,,
     0.986476201,1525427,,bus-cycles:u,1145952,100.00,,
     0.986476201,9752978,,instructions:u,1145984,100.00,,
     0.987621717,341,,branch-misses:u,1145664,100.00,,
     0.987621717,33,,cache-misses:u,1145632,100.00,,
     0.987621717,1524918,,bus-cycles:u,1145664,100.00,,
     0.987621717,9719830,,instructions:u,1145632,100.00,,
     0.988769120,343,,branch-misses:u,1148160,100.00,,
     0.988769120,99,,cache-misses:u,1148384,100.00,,
     0.988769120,1523713,,bus-cycles:u,1148352,100.00,,
     0.988769120,9729189,,instructions:u,1148384,100.00,,
     0.989916746,342,,branch-misses:u,1147392,100.00,,
     0.989916746,32,,cache-misses:u,1147264,100.00,,
     0.989916746,1526795,,bus-cycles:u,1147296,100.00,,
     0.989916746,9769853,,instructions:u,1147264,100.00,,
     0.991064309,343,,branch-misses:u,1147744,100.00,,
     0.991064309,42,,cache-misses:u,1147680,100.00,,
     0.991064309,1528108,,bus-cycles:u,1147712,100.00,,
     0.991064309,9770122,,instructions:u,1147712,100.00,,
     0.992211616,343,,branch-misses:u,1147424,100.00,,
     0.992211616,104,,cache-misses:u,1147520,100.00,,
     0.992211616,1522872,,bus-cycles:u,1147424,100.00,,
     0.992211616,9738432,,instructions:u,1147392,100.00,,
     0.993359179,342,,branch-misses:u,1147776,100.00,,
     0.993359179,36,,cache-misses:u,1147808,100.00,,
     0.993359179,1527155,,bus-cycles:u,1147808,100.00,,
     0.993359179,9777482,,instructions:u,1147872,100.00,,
     0.994505462,341,,branch-misses:u,1145920,100.00,,
     0.994505462,34,,cache-misses:u,1145952,100.00,,
     0.994505462,1524340,,bus-cycles:u,1145984,100.00,,
     0.994505462,9733756,,instructions:u,1145952,100.00,,
     0.995651617,342,,branch-misses:u,1146272,100.00,,
     0.995651617,29,,cache-misses:u,1146240,100.00,,
     0.995651617,1524778,,bus-cycles:u,1146176,100.00,,
     0.995651617,9742201,,instructions:u,1146240,100.00,,
     0.996799500,341,,branch-misses:u,1149120,100.00,,
     0.996799500,123,,cache-misses:u,1149248,100.00,,
     0.996799500,1520512,,bus-cycles:u,1149376,100.00,,
     0.996799500,9721871,,instructions:u,1149280,100.00,,
     0.997955478,345,,branch-misses:u,1155328,100.00,,
     0.997955478,33,,cache-misses:u,1155104,100.00,,
     0.997955478,1537328,,bus-cycles:u,1155072,100.00,,
     0.997955478,9826066,,instructions:u,1155136,100.00,,
     0.999103329,340,,branch-misses:u,1147904,100.00,,
     0.999103329,30,,cache-misses:u,1147904,100.00,,
     0.999103329,1527820,,bus-cycles:u,1147904,100.00,,
     0.999103329,9737570,,instructions:u,1147840,100.00,,
     1.000251628,344,,branch-misses:u,1148864,100.00,,
     1.000251628,104,,cache-misses:u,1148896,100.00,,
     1.000251628,1523786,,bus-cycles:u,1148960,100.00,,
     1.000251628,9720374,,instructions:u,1148992,100.00,,
     1.001402902,343,,branch-misses:u,1151008,100.00,,
     1.001402902,41,,cache-misses:u,1150976,100.00,,
     1.001402902,1530833,,bus-cycles:u,1150848,100.00,,
     1.001402902,9785309,,instructions:u,1150880,100.00,,
     1.002551809,342,,branch-misses:u,1149024,100.00,,
     1.002551809,33,,cache-misses:u,1149120,100.00,,
     1.002551809,1528353,,bus-cycles:u,1149088,100.00,,
     1.002551809,9769392,,instructions:u,1149088,100.00,,
     1.003697356,342,,branch-misses:u,1145600,100.00,,
     1.003697356,31,,cache-misses:u,1145600,100.00,,
     1.003697356,1523844,,bus-cycles:u,1145696,100.00,,
     1.003697356,9748706,,instructions:u,1145632,100.00,,
     1.004856118,345,,branch-misses:u,1159520,100.00,,
     1.004856118,91,,cache-misses:u,1159456,100.00,,
     1.004856118,1535740,,bus-cycles:u,1159392,100.00,,
     1.004856118,9817118,,instructions:u,1159456,100.00,,
     1.006008033,344,,branch-misses:u,1151424,100.00,,
     1.006008033,31,,cache-misses:u,1151488,100.00,,
     1.006008033,1530984,,bus-cycles:u,1151520,100.00,,
     1.006008033,9790660,,instructions:u,1151488,100.00,,
     1.007158059,343,,branch-misses:u,1149856,100.00,,
     1.007158059,29,,cache-misses:u,1149920,100.00,,
     1.007158059,1529597,,bus-cycles:u,1149920,100.00,,
     1.007158059,9792121,,instructions:u,1149920,100.00,,
     1.008305590,342,,branch-misses:u,1148288,100.00,,
     1.008305590,100,,cache-misses:u,1148320,100.00,,
     1.008305590,1523660,,bus-cycles:u,1148416,100.00,,
     1.008305590,9741268,,instructions:u,1148384,100.00,,
     1.009454017,344,,branch-misses:u,1148384,100.00,,
     1.009454017,43,,cache-misses:u,1148192,100.00,,
     1.009454017,1528113,,bus-cycles:u,1148096,100.00,,
     1.009454017,9775900,,instructions:u,1148128,100.00,,
     1.010604140,342,,branch-misses:u,1150208,100.00,,
     1.010604140,36,,cache-misses:u,1150208,100.00,,
     1.010604140,1530304,,bus-cycles:u,1150208,100.00,,
     1.010604140,9776229,,instructions:u,1150144,100.00,,
     1.011751991,342,,branch-misses:u,1147840,100.00,,
     1.011751991,27,,cache-misses:u,1147872,100.00,,
     1.011751991,1527704,,bus-cycles:u,1147840,100.00,,
     1.011751991,9746313,,instructions:u,1147904,100.00,,
     1.012900673,341,,branch-misses:u,1144320,100.00,,
     1.012900673,194,,cache-misses:u,1144352,100.00,,
     1.012900673,1508478,,bus-cycles:u,1144448,100.00,,
     1.012900673,9636879,,instructions:u,1144448,100.00,,
     1.014051628,343,,branch-misses:u,1150784,100.00,,
     1.014051628,35,,cache-misses:u,1150816,100.00,,
     1.014051628,1529579,,bus-cycles:u,1150688,100.00,,
     1.014051628,9783206,,instructions:u,1150720,100.00,,
     1.015200119,344,,branch-misses:u,1148512,100.00,,
     1.015200119,34,,cache-misses:u,1148416,100.00,,
     1.015200119,1526474,,bus-cycles:u,1148512,100.00,,
     1.015200119,9765028,,instructions:u,1148448,100.00,,
     1.016347938,340,,branch-misses:u,1148256,100.00,,
     1.016347938,105,,cache-misses:u,1148128,100.00,,
     1.016347938,1518607,,bus-cycles:u,1148032,100.00,,
     1.016347938,9672992,,instructions:u,1147968,100.00,,
     1.017495372,340,,branch-misses:u,1146848,100.00,,
     1.017495372,42,,cache-misses:u,1146976,100.00,,
     1.017495372,1520519,,bus-cycles:u,1147008,100.00,,
     1.017495372,9705698,,instructions:u,1147232,100.00,,
     1.018642391,342,,branch-misses:u,1147136,100.00,,
     1.018642391,32,,cache-misses:u,1147104,100.00,,
     1.018642391,1524726,,bus-cycles:u,1147072,100.00,,
     1.018642391,9745867,,instructions:u,1146976,100.00,,
     1.019789666,343,,branch-misses:u,1147456,100.00,,
     1.019789666,26,,cache-misses:u,1147456,100.00,,
     1.019789666,1525182,,bus-cycles:u,1147424,100.00,,
     1.019789666,9741727,,instructions:u,1147296,100.00,,
     1.020956523,348,,branch-misses:u,1167776,100.00,,
     1.020956523,88,,cache-misses:u,1167680,100.00,,
     1.020956523,1547952,,bus-cycles:u,1167680,100.00,,
     1.020956523,9890442,,instructions:u,1167744,100.00,,
     1.022104470,343,,branch-misses:u,1147296,100.00,,
     1.022104470,31,,cache-misses:u,1147456,100.00,,
     1.022104470,1525760,,bus-cycles:u,1147552,100.00,,
     1.022104470,9755109,,instructions:u,1147584,100.00,,
     1.023251649,343,,branch-misses:u,1147552,100.00,,
     1.023251649,28,,cache-misses:u,1147520,100.00,,
     1.023251649,1526115,,bus-cycles:u,1147552,100.00,,
     1.023251649,9725997,,instructions:u,1147584,100.00,,
     1.024399404,342,,branch-misses:u,1148288,100.00,,
     1.024399404,102,,cache-misses:u,1148352,100.00,,
     1.024399404,1523159,,bus-cycles:u,1148288,100.00,,
     1.024399404,9751559,,instructions:u,1148256,100.00,,
     1.025558294,345,,branch-misses:u,1158688,100.00,,
     1.025558294,37,,cache-misses:u,1159200,100.00,,
     1.025558294,1542374,,bus-cycles:u,1159264,100.00,,
     1.025558294,9859817,,instructions:u,1159296,100.00,,
     1.026703873,342,,branch-misses:u,1145248,100.00,,
     1.026703873,34,,cache-misses:u,1144576,100.00,,
     1.026703873,1522824,,bus-cycles:u,1144480,100.00,,
     1.026703873,9722778,,instructions:u,1144480,100.00,,
     1.027854827,342,,branch-misses:u,1151808,100.00,,
     1.027854827,37,,cache-misses:u,1152000,100.00,,
     1.027854827,1527940,,bus-cycles:u,1152096,100.00,,
     1.027854827,9741240,,instructions:u,1152096,100.00,,
     1.029007062,343,,branch-misses:u,1151968,100.00,,
     1.029007062,84,,cache-misses:u,1151808,100.00,,
     1.029007062,1531787,,bus-cycles:u,1151776,100.00,,
     1.029007062,9790529,,instructions:u,1151744,100.00,,
     1.030153729,343,,branch-misses:u,1146496,100.00,,
     1.030153729,32,,cache-misses:u,1146592,100.00,,
     1.030153729,1525097,,bus-cycles:u,1146624,100.00,,
     1.030153729,9758271,,instructions:u,1146624,100.00,,
     1.031299148,343,,branch-misses:u,1145472,100.00,,
     1.031299148,30,,cache-misses:u,1145344,100.00,,
     1.031299148,1523582,,bus-cycles:u,1145312,100.00,,
     1.031299148,9752558,,instructions:u,1145344,100.00,,
     1.032445943,342,,branch-misses:u,1147968,100.00,,
     1.032445943,112,,cache-misses:u,1148352,100.00,,
     1.032445943,1521479,,bus-cycles:u,1148384,100.00,,
     1.032445943,9729650,,instructions:u,1148416,100.00,,
     1.033600961,345,,branch-misses:u,1154560,100.00,,
     1.033600961,38,,cache-misses:u,1154400,100.00,,
     1.033600961,1535789,,bus-cycles:u,1154400,100.00,,
     1.033600961,9818671,,instructions:u,1154368,100.00,,
     1.034749996,342,,branch-misses:u,1148672,100.00,,
     1.034749996,33,,cache-misses:u,1148544,100.00,,
     1.034749996,1527421,,bus-cycles:u,1148544,100.00,,
     1.034749996,9742114,,instructions:u,1148512,100.00,,
     1.035897623,342,,branch-misses:u,1148384,100.00,,
     1.035897623,47,,cache-misses:u,1148384,100.00,,
     1.035897623,1522578,,bus-cycles:u,1148352,100.00,,
     1.035897623,9737981,,instructions:u,1148384,100.00,,
     1.037046050,342,,branch-misses:u,1147904,100.00,,
     1.037046050,69,,cache-misses:u,1147840,100.00,,
     1.037046050,1527693,,bus-cycles:u,1147872,100.00,,
     1.037046050,9757159,,instructions:u,1147872,100.00,,
     1.038192557,344,,branch-misses:u,1146688,100.00,,
     1.038192557,35,,cache-misses:u,1146848,100.00,,
     1.038192557,1525980,,bus-cycles:u,1146816,100.00,,
     1.038192557,9764739,,instructions:u,1146784,100.00,,
     1.039339576,339,,branch-misses:u,1147104,100.00,,
     1.039339576,28,,cache-misses:u,1146976,100.00,,
     1.039339576,1525791,,bus-cycles:u,1146912,100.00,,
     1.039339576,9724793,,instructions:u,1146912,100.00,,
     1.040487970,342,,branch-misses:u,1149216,100.00,,
     1.040487970,99,,cache-misses:u,1149440,100.00,,
     1.040487970,1524207,,bus-cycles:u,1149696,100.00,,
     1.040487970,9711603,,instructions:u,1149792,100.00,,
     1.041636941,342,,branch-misses:u,1148736,100.00,,
     1.041636941,41,,cache-misses:u,1148608,100.00,,
     1.041636941,1527135,,bus-cycles:u,1148544,100.00,,
     1.041636941,9781269,,instructions:u,1148448,100.00,,
     1.042784696,342,,branch-misses:u,1147744,100.00,,
     1.042784696,31,,cache-misses:u,1147744,100.00,,
     1.042784696,1526530,,bus-cycles:u,1147680,100.00,,
     1.042784696,9758172,,instructions:u,1147712,100.00,,
     1.043933827,343,,branch-misses:u,1149600,100.00,,
     1.043933827,89,,cache-misses:u,1149536,100.00,,
     1.043933827,1523057,,bus-cycles:u,1149504,100.00,,
     1.043933827,9740829,,instructions:u,1149568,100.00,,
     1.045081806,342,,branch-misses:u,1147904,100.00,,
     1.045081806,56,,cache-misses:u,1147936,100.00,,
     1.045081806,1526398,,bus-cycles:u,1147904,100.00,,
     1.045081806,9756058,,instructions:u,1147840,100.00,,
     1.046228057,341,,branch-misses:u,1145920,100.00,,
     1.046228057,33,,cache-misses:u,1145920,100.00,,
     1.046228057,1524350,,bus-cycles:u,1145888,100.00,,
     1.046228057,9742879,,instructions:u,1145888,100.00,,
     1.047391842,347,,branch-misses:u,1164672,100.00,,
     1.047391842,29,,cache-misses:u,1164768,100.00,,
     1.047391842,1549213,,bus-cycles:u,1164768,100.00,,
     1.047391842,9891229,,instructions:u,1164736,100.00,,
     1.048541261,342,,branch-misses:u,1149152,100.00,,
     1.048541261,103,,cache-misses:u,1149120,100.00,,
     1.048541261,1524515,,bus-cycles:u,1149088,100.00,,
     1.048541261,9744968,,instructions:u,1149088,100.00,,
     1.049692791,344,,branch-misses:u,1151712,100.00,,
     1.049692791,44,,cache-misses:u,1151552,100.00,,
     1.049692791,1532944,,bus-cycles:u,1151584,100.00,,
     1.049692791,9801301,,instructions:u,1151616,100.00,,
     1.050839906,342,,branch-misses:u,1146912,100.00,,
     1.050839906,29,,cache-misses:u,1146976,100.00,,
     1.050839906,1526467,,bus-cycles:u,1147008,100.00,,
     1.050839906,9727218,,instructions:u,1146848,100.00,,
     1.051987597,341,,branch-misses:u,1148448,100.00,,
     1.051987597,79,,cache-misses:u,1148544,100.00,,
     1.051987597,1521693,,bus-cycles:u,1148544,100.00,,
     1.051987597,9699946,,instructions:u,1148672,100.00,,
     1.053137240,346,,branch-misses:u,1149024,100.00,,
     1.053137240,54,,cache-misses:u,1148960,100.00,,
     1.053137240,1528123,,bus-cycles:u,1148896,100.00,,
     1.053137240,9787673,,instructions:u,1148864,100.00,,
     1.054284963,341,,branch-misses:u,1147840,100.00,,
     1.054284963,29,,cache-misses:u,1147808,100.00,,
     1.054284963,1527109,,bus-cycles:u,1147904,100.00,,
     1.054284963,9768269,,instructions:u,1147936,100.00,,
     1.055431598,342,,branch-misses:u,1146752,100.00,,
     1.055431598,40,,cache-misses:u,1146784,100.00,,
     1.055431598,1525453,,bus-cycles:u,1146720,100.00,,
     1.055431598,9752251,,instructions:u,1146720,100.00,,
     1.056579321,341,,branch-misses:u,1148576,100.00,,
     1.056579321,91,,cache-misses:u,1148480,100.00,,
     1.056579321,1523670,,bus-cycles:u,1148480,100.00,,
     1.056579321,9717918,,instructions:u,1148416,100.00,,
     1.057727044,342,,branch-misses:u,1147200,100.00,,
     1.057727044,30,,cache-misses:u,1147296,100.00,,
     1.057727044,1526593,,bus-cycles:u,1147296,100.00,,
     1.057727044,9751224,,instructions:u,1147392,100.00,,
     1.058873071,341,,branch-misses:u,1146400,100.00,,
     1.058873071,26,,cache-misses:u,1146368,100.00,,
     1.058873071,1524709,,bus-cycles:u,1146464,100.00,,
     1.058873071,9746572,,instructions:u,1146464,100.00,,
     1.060023705,343,,branch-misses:u,1151072,100.00,,
     1.060023705,77,,cache-misses:u,1151136,100.00,,
     1.060023705,1527478,,bus-cycles:u,1151104,100.00,,
     1.060023705,9759406,,instructions:u,1151008,100.00,,
     1.061172132,344,,branch-misses:u,1148288,100.00,,
     1.061172132,57,,cache-misses:u,1148256,100.00,,
     1.061172132,1526813,,bus-cycles:u,1148160,100.00,,
     1.061172132,9755422,,instructions:u,1148256,100.00,,
     1.062320367,343,,branch-misses:u,1147936,100.00,,
     1.062320367,32,,cache-misses:u,1147872,100.00,,
     1.062320367,1526811,,bus-cycles:u,1147936,100.00,,
     1.062320367,9732518,,instructions:u,1147936,100.00,,
     1.063467130,341,,branch-misses:u,1146944,100.00,,
     1.063467130,29,,cache-misses:u,1146976,100.00,,
     1.063467130,1525854,,bus-cycles:u,1147008,100.00,,
     1.063467130,9741850,,instructions:u,1146880,100.00,,
     1.064611909,340,,branch-misses:u,1145632,100.00,,
     1.064611909,98,,cache-misses:u,1145760,100.00,,
     1.064611909,1516645,,bus-cycles:u,1145760,100.00,,
     1.064611909,9690840,,instructions:u,1145856,100.00,,
     1.065759984,343,,branch-misses:u,1147904,100.00,,
     1.065759984,32,,cache-misses:u,1147712,100.00,,
     1.065759984,1525619,,bus-cycles:u,1147616,100.00,,
     1.065759984,9772681,,instructions:u,1147648,100.00,,
     1.066907899,343,,branch-misses:u,1147584,100.00,,
     1.066907899,36,,cache-misses:u,1147552,100.00,,
     1.066907899,1526594,,bus-cycles:u,1147616,100.00,,
     1.066907899,9759800,,instructions:u,1147552,100.00,,
     1.068068356,345,,branch-misses:u,1161536,100.00,,
     1.068068356,101,,cache-misses:u,1161856,100.00,,
     1.068068356,1540158,,bus-cycles:u,1161984,100.00,,
     1.068068356,9825649,,instructions:u,1162112,100.00,,
     1.069223055,344,,branch-misses:u,1154272,100.00,,
     1.069223055,44,,cache-misses:u,1153984,100.00,,
     1.069223055,1534424,,bus-cycles:u,1153824,100.00,,
     1.069223055,9803559,,instructions:u,1153728,100.00,,
     1.070370266,343,,branch-misses:u,1146848,100.00,,
     1.070370266,26,,cache-misses:u,1146816,100.00,,
     1.070370266,1525163,,bus-cycles:u,1146816,100.00,,
     1.070370266,9773331,,instructions:u,1146848,100.00,,
     1.071516517,342,,branch-misses:u,1146368,100.00,,
     1.071516517,30,,cache-misses:u,1146432,100.00,,
     1.071516517,1524928,,bus-cycles:u,1146528,100.00,,
     1.071516517,9758634,,instructions:u,1146528,100.00,,
     1.072664111,341,,branch-misses:u,1144832,100.00,,
     1.072664111,189,,cache-misses:u,1144864,100.00,,
     1.072664111,1511336,,bus-cycles:u,1144832,100.00,,
     1.072664111,9660343,,instructions:u,1144800,100.00,,
     1.073813562,342,,branch-misses:u,1149152,100.00,,
     1.073813562,33,,cache-misses:u,1149152,100.00,,
     1.073813562,1527978,,bus-cycles:u,1149088,100.00,,
     1.073813562,9758274,,instructions:u,1149088,100.00,,
     1.074961189,339,,branch-misses:u,1147712,100.00,,
     1.074961189,32,,cache-misses:u,1147680,100.00,,
     1.074961189,1526508,,bus-cycles:u,1147744,100.00,,
     1.074961189,9726362,,instructions:u,1147744,100.00,,
     1.076110448,342,,branch-misses:u,1149824,100.00,,
     1.076110448,96,,cache-misses:u,1149856,100.00,,
     1.076110448,1524430,,bus-cycles:u,1149824,100.00,,
     1.076110448,9716418,,instructions:u,1149792,100.00,,
     1.077260634,343,,branch-misses:u,1149568,100.00,,
     1.077260634,29,,cache-misses:u,1149504,100.00,,
     1.077260634,1528464,,bus-cycles:u,1149536,100.00,,
     1.077260634,9777446,,instructions:u,1149568,100.00,,
     1.078408773,344,,branch-misses:u,1148544,100.00,,
     1.078408773,34,,cache-misses:u,1148576,100.00,,
     1.078408773,1527177,,bus-cycles:u,1148448,100.00,,
     1.078408773,9769443,,instructions:u,1148448,100.00,,
     1.079556720,342,,branch-misses:u,1147680,100.00,,
     1.079556720,34,,cache-misses:u,1147680,100.00,,
     1.079556720,1526407,,bus-cycles:u,1147776,100.00,,
     1.079556720,9770167,,instructions:u,1147744,100.00,,
     1.080703035,342,,branch-misses:u,1147040,100.00,,
     1.080703035,108,,cache-misses:u,1146976,100.00,,
     1.080703035,1517380,,bus-cycles:u,1146912,100.00,,
     1.080703035,9690580,,instructions:u,1146976,100.00,,
     1.081850790,342,,branch-misses:u,1147264,100.00,,
     1.081850790,29,,cache-misses:u,1147328,100.00,,
     1.081850790,1525685,,bus-cycles:u,1147296,100.00,,
     1.081850790,9758965,,instructions:u,1147264,100.00,,
     1.082997297,342,,branch-misses:u,1146688,100.00,,
     1.082997297,30,,cache-misses:u,1146720,100.00,,
     1.082997297,1525487,,bus-cycles:u,1146784,100.00,,
     1.082997297,9762571,,instructions:u,1146784,100.00,,
     1.084145020,344,,branch-misses:u,1148192,100.00,,
     1.084145020,98,,cache-misses:u,1148192,100.00,,
     1.084145020,1523795,,bus-cycles:u,1148192,100.00,,
     1.084145020,9748403,,instructions:u,1148160,100.00,,
     1.085293831,342,,branch-misses:u,1148576,100.00,,
     1.085293831,31,,cache-misses:u,1148576,100.00,,
     1.085293831,1527653,,bus-cycles:u,1148608,100.00,,
     1.085293831,9782550,,instructions:u,1148608,100.00,,
     1.086439410,342,,branch-misses:u,1145664,100.00,,
     1.086439410,34,,cache-misses:u,1145600,100.00,,
     1.086439410,1522914,,bus-cycles:u,1145600,100.00,,
     1.086439410,9735272,,instructions:u,1145632,100.00,,
     1.087585181,342,,branch-misses:u,1146240,100.00,,
     1.087585181,32,,cache-misses:u,1146368,100.00,,
     1.087585181,1524056,,bus-cycles:u,1146336,100.00,,
     1.087585181,9743299,,instructions:u,1146304,100.00,,
     1.088734760,342,,branch-misses:u,1150016,100.00,,
     1.088734760,99,,cache-misses:u,1149984,100.00,,
     1.088734760,1524824,,bus-cycles:u,1150016,100.00,,
     1.088734760,9750124,,instructions:u,1150080,100.00,,
     1.089906800,351,,branch-misses:u,1172704,100.00,,
     1.089906800,30,,cache-misses:u,1172768,100.00,,
     1.089906800,1560015,,bus-cycles:u,1172736,100.00,,
     1.089906800,9980848,,instructions:u,1172672,100.00,,
     1.091056315,342,,branch-misses:u,1148960,100.00,,
     1.091056315,31,,cache-misses:u,1148704,100.00,,
     1.091056315,1527596,,bus-cycles:u,1148672,100.00,,
     1.091056315,9767975,,instructions:u,1148672,100.00,,
     1.092205286,342,,branch-misses:u,1148992,100.00,,
     1.092205286,103,,cache-misses:u,1149216,100.00,,
     1.092205286,1525050,,bus-cycles:u,1149216,100.00,,
     1.092205286,9747390,,instructions:u,1149280,100.00,,
     1.093354736,343,,branch-misses:u,1149184,100.00,,
     1.093354736,36,,cache-misses:u,1149120,100.00,,
     1.093354736,1529550,,bus-cycles:u,1149120,100.00,,
     1.093354736,9778585,,instructions:u,1149088,100.00,,
     1.094501499,343,,branch-misses:u,1146848,100.00,,
     1.094501499,39,,cache-misses:u,1146848,100.00,,
     1.094501499,1526504,,bus-cycles:u,1146912,100.00,,
     1.094501499,9768282,,instructions:u,1146848,100.00,,
     1.095647494,343,,branch-misses:u,1146240,100.00,,
     1.095647494,43,,cache-misses:u,1146080,100.00,,
     1.095647494,1525296,,bus-cycles:u,1146080,100.00,,
     1.095647494,9756527,,instructions:u,1146144,100.00,,
     1.096795633,341,,branch-misses:u,1148768,100.00,,
     1.096795633,94,,cache-misses:u,1148928,100.00,,
     1.096795633,1521140,,bus-cycles:u,1148864,100.00,,
     1.096795633,9715872,,instructions:u,1148832,100.00,,
     1.097943420,343,,branch-misses:u,1147744,100.00,,
     1.097943420,29,,cache-misses:u,1147808,100.00,,
     1.097943420,1526430,,bus-cycles:u,1147872,100.00,,
     1.097943420,9761636,,instructions:u,1147840,100.00,,
     1.099090663,342,,branch-misses:u,1147296,100.00,,
     1.099090663,27,,cache-misses:u,1147200,100.00,,
     1.099090663,1526143,,bus-cycles:u,1147168,100.00,,
     1.099090663,9755662,,instructions:u,1147200,100.00,,
     1.100236626,342,,branch-misses:u,1146976,100.00,,
     1.100236626,105,,cache-misses:u,1147136,100.00,,
     1.100236626,1520909,,bus-cycles:u,1147264,100.00,,
     1.100236626,9732608,,instructions:u,1147392,100.00,,
     1.101385629,342,,branch-misses:u,1148224,100.00,,
     1.101385629,38,,cache-misses:u,1148096,100.00,,
     1.101385629,1526747,,bus-cycles:u,1148000,100.00,,
     1.101385629,9754454,,instructions:u,1147872,100.00,,
     1.102531528,341,,branch-misses:u,1145888,100.00,,
     1.102531528,26,,cache-misses:u,1145952,100.00,,
     1.102531528,1523505,,bus-cycles:u,1145888,100.00,,
     1.102531528,9708039,,instructions:u,1145824,100.00,,
     1.103677139,339,,branch-misses:u,1145312,100.00,,
     1.103677139,28,,cache-misses:u,1145248,100.00,,
     1.103677139,1523574,,bus-cycles:u,1145312,100.00,,
     1.103677139,9710520,,instructions:u,1145376,100.00,,
     1.104824414,342,,branch-misses:u,1148384,100.00,,
     1.104824414,105,,cache-misses:u,1148512,100.00,,
     1.104824414,1523227,,bus-cycles:u,1148576,100.00,,
     1.104824414,9739720,,instructions:u,1148608,100.00,,
     1.105978664,344,,branch-misses:u,1153984,100.00,,
     1.105978664,39,,cache-misses:u,1153824,100.00,,
     1.105978664,1534229,,bus-cycles:u,1153824,100.00,,
     1.105978664,9814943,,instructions:u,1153792,100.00,,
     1.107125747,342,,branch-misses:u,1146816,100.00,,
     1.107125747,43,,cache-misses:u,1146784,100.00,,
     1.107125747,1524938,,bus-cycles:u,1146656,100.00,,
     1.107125747,9753893,,instructions:u,1146592,100.00,,
     1.108272702,343,,branch-misses:u,1147392,100.00,,
     1.108272702,103,,cache-misses:u,1147424,100.00,,
     1.108272702,1522309,,bus-cycles:u,1147424,100.00,,
     1.108272702,9737723,,instructions:u,1147552,100.00,,
     1.109420777,342,,branch-misses:u,1148096,100.00,,
     1.109420777,34,,cache-misses:u,1148096,100.00,,
     1.109420777,1529144,,bus-cycles:u,1148128,100.00,,
     1.109420777,9779390,,instructions:u,1148096,100.00,,
     1.110581491,347,,branch-misses:u,1160992,100.00,,
     1.110581491,37,,cache-misses:u,1161120,100.00,,
     1.110581491,1545941,,bus-cycles:u,1161120,100.00,,
     1.110581491,9899450,,instructions:u,1161120,100.00,,
     1.111728542,342,,branch-misses:u,1147136,100.00,,
     1.111728542,38,,cache-misses:u,1147008,100.00,,
     1.111728542,1526974,,bus-cycles:u,1147008,100.00,,
     1.111728542,9768157,,instructions:u,1147040,100.00,,
     1.112875209,344,,branch-misses:u,1146720,100.00,,
     1.112875209,93,,cache-misses:u,1146720,100.00,,
     1.112875209,1521190,,bus-cycles:u,1146688,100.00,,
     1.112875209,9727775,,instructions:u,1146624,100.00,,
     1.114024083,341,,branch-misses:u,1149056,100.00,,
     1.114024083,31,,cache-misses:u,1149024,100.00,,
     1.114024083,1529276,,bus-cycles:u,1149088,100.00,,
     1.114024083,9781156,,instructions:u,1149056,100.00,,
     1.115172766,343,,branch-misses:u,1148864,100.00,,
     1.115172766,33,,cache-misses:u,1148896,100.00,,
     1.115172766,1528758,,bus-cycles:u,1148928,100.00,,
     1.115172766,9774184,,instructions:u,1148896,100.00,,
     1.116320457,341,,branch-misses:u,1148000,100.00,,
     1.116320457,100,,cache-misses:u,1148032,100.00,,
     1.116320457,1521075,,bus-cycles:u,1148000,100.00,,
     1.116320457,9713504,,instructions:u,1148064,100.00,,
     1.117468084,343,,branch-misses:u,1147424,100.00,,
     1.117468084,36,,cache-misses:u,1147392,100.00,,
     1.117468084,1525667,,bus-cycles:u,1147424,100.00,,
     1.117468084,9751516,,instructions:u,1147456,100.00,,
     1.118617567,343,,branch-misses:u,1149280,100.00,,
     1.118617567,38,,cache-misses:u,1149344,100.00,,
     1.118617567,1528288,,bus-cycles:u,1149216,100.00,,
     1.118617567,9780154,,instructions:u,1149248,100.00,,
     1.119763242,340,,branch-misses:u,1145792,100.00,,
     1.119763242,36,,cache-misses:u,1145728,100.00,,
     1.119763242,1524768,,bus-cycles:u,1145824,100.00,,
     1.119763242,9738610,,instructions:u,1145760,100.00,,
     1.120924979,347,,branch-misses:u,1162208,100.00,,
     1.120924979,97,,cache-misses:u,1162240,100.00,,
     1.120924979,1541961,,bus-cycles:u,1162272,100.00,,
     1.120924979,9848975,,instructions:u,1162400,100.00,,
     1.122070878,342,,branch-misses:u,1146016,100.00,,
     1.122070878,40,,cache-misses:u,1146016,100.00,,
     1.122070878,1525538,,bus-cycles:u,1146016,100.00,,
     1.122070878,9751128,,instructions:u,1145824,100.00,,
     1.123217065,341,,branch-misses:u,1145888,100.00,,
     1.123217065,30,,cache-misses:u,1145792,100.00,,
     1.123217065,1524798,,bus-cycles:u,1145760,100.00,,
     1.123217065,9736576,,instructions:u,1145888,100.00,,
     1.124364532,343,,branch-misses:u,1148256,100.00,,
     1.124364532,139,,cache-misses:u,1148352,100.00,,
     1.124364532,1519570,,bus-cycles:u,1148352,100.00,,
     1.124364532,9713265,,instructions:u,1148320,100.00,,
     1.125512511,343,,branch-misses:u,1147488,100.00,,
     1.125512511,33,,cache-misses:u,1147520,100.00,,
     1.125512511,1527451,,bus-cycles:u,1147584,100.00,,
     1.125512511,9768479,,instructions:u,1147584,100.00,,
     1.126659210,342,,branch-misses:u,1147072,100.00,,
     1.126659210,35,,cache-misses:u,1147072,100.00,,
     1.126659210,1526492,,bus-cycles:u,1146944,100.00,,
     1.126659210,9763689,,instructions:u,1146944,100.00,,
     1.127805141,342,,branch-misses:u,1146048,100.00,,
     1.127805141,33,,cache-misses:u,1146016,100.00,,
     1.127805141,1524630,,bus-cycles:u,1146112,100.00,,
     1.127805141,9750296,,instructions:u,1146080,100.00,,
     1.128964927,345,,branch-misses:u,1160096,100.00,,
     1.128964927,94,,cache-misses:u,1160064,100.00,,
     1.128964927,1536886,,bus-cycles:u,1160032,100.00,,
     1.128964927,9813722,,instructions:u,1160064,100.00,,
     1.130112298,342,,branch-misses:u,1147264,100.00,,
     1.130112298,33,,cache-misses:u,1147264,100.00,,
     1.130112298,1525675,,bus-cycles:u,1147168,100.00,,
     1.130112298,9749531,,instructions:u,1147168,100.00,,
     1.131257429,340,,branch-misses:u,1145344,100.00,,
     1.131257429,29,,cache-misses:u,1145312,100.00,,
     1.131257429,1522600,,bus-cycles:u,1145408,100.00,,
     1.131257429,9704502,,instructions:u,1145408,100.00,,
     1.132417567,343,,branch-misses:u,1157184,100.00,,
     1.132417567,189,,cache-misses:u,1157376,100.00,,
     1.132417567,1526463,,bus-cycles:u,1157408,100.00,,
     1.132417567,9728458,,instructions:u,1157376,100.00,,
     1.133564522,342,,branch-misses:u,1146528,100.00,,
     1.133564522,36,,cache-misses:u,1146528,100.00,,
     1.133564522,1523401,,bus-cycles:u,1146464,100.00,,
     1.133564522,9735849,,instructions:u,1146528,100.00,,
     1.134711477,343,,branch-misses:u,1147136,100.00,,
     1.134711477,30,,cache-misses:u,1147008,100.00,,
     1.134711477,1525156,,bus-cycles:u,1147072,100.00,,
     1.134711477,9749183,,instructions:u,1147136,100.00,,
     1.135860319,343,,branch-misses:u,1149184,100.00,,
     1.135860319,43,,cache-misses:u,1149344,100.00,,
     1.135860319,1521691,,bus-cycles:u,1149376,100.00,,
     1.135860319,9749979,,instructions:u,1149376,100.00,,
     1.137008458,342,,branch-misses:u,1147936,100.00,,
     1.137008458,92,,cache-misses:u,1147712,100.00,,
     1.137008458,1526073,,bus-cycles:u,1147680,100.00,,
     1.137008458,9746074,,instructions:u,1147616,100.00,,
     1.138154485,341,,branch-misses:u,1145824,100.00,,
     1.138154485,34,,cache-misses:u,1145824,100.00,,
     1.138154485,1524356,,bus-cycles:u,1145824,100.00,,
     1.138154485,9757926,,instructions:u,1145856,100.00,,
     1.139299104,341,,branch-misses:u,1144672,100.00,,
     1.139299104,32,,cache-misses:u,1144672,100.00,,
     1.139299104,1524065,,bus-cycles:u,1144608,100.00,,
     1.139299104,9758639,,instructions:u,1144576,100.00,,
     1.140445643,343,,branch-misses:u,1147616,100.00,,
     1.140445643,114,,cache-misses:u,1147840,100.00,,
     1.140445643,1521284,,bus-cycles:u,1148064,100.00,,
     1.140445643,9733804,,instructions:u,1148128,100.00,,
     1.141598614,345,,branch-misses:u,1152544,100.00,,
     1.141598614,43,,cache-misses:u,1152992,100.00,,
     1.141598614,1534456,,bus-cycles:u,1152864,100.00,,
     1.141598614,9819441,,instructions:u,1152800,100.00,,
     1.142746017,342,,branch-misses:u,1147040,100.00,,
     1.142746017,35,,cache-misses:u,1146464,100.00,,
     1.142746017,1525330,,bus-cycles:u,1146432,100.00,,
     1.142746017,9754487,,instructions:u,1146464,100.00,,
     1.143893388,342,,branch-misses:u,1148224,100.00,,
     1.143893388,44,,cache-misses:u,1148320,100.00,,
     1.143893388,1523519,,bus-cycles:u,1148320,100.00,,
     1.143893388,9741156,,instructions:u,1148384,100.00,,
     1.145042774,342,,branch-misses:u,1149248,100.00,,
     1.145042774,79,,cache-misses:u,1149152,100.00,,
     1.145042774,1529278,,bus-cycles:u,1149184,100.00,,
     1.145042774,9774272,,instructions:u,1149120,100.00,,
     1.146188578,342,,branch-misses:u,1145536,100.00,,
     1.146188578,30,,cache-misses:u,1145568,100.00,,
     1.146188578,1523991,,bus-cycles:u,1145504,100.00,,
     1.146188578,9746873,,instructions:u,1145472,100.00,,
     1.147335372,343,,branch-misses:u,1146912,100.00,,
     1.147335372,41,,cache-misses:u,1146848,100.00,,
     1.147335372,1526098,,bus-cycles:u,1146880,100.00,,
     1.147335372,9763501,,instructions:u,1146752,100.00,,
     1.148483479,344,,branch-misses:u,1148928,100.00,,
     1.148483479,112,,cache-misses:u,1149024,100.00,,
     1.148483479,1523245,,bus-cycles:u,1148992,100.00,,
     1.148483479,9743230,,instructions:u,1149152,100.00,,
     1.149632066,342,,branch-misses:u,1148096,100.00,,
     1.149632066,41,,cache-misses:u,1148064,100.00,,
     1.149632066,1527676,,bus-cycles:u,1148096,100.00,,
     1.149632066,9757384,,instructions:u,1148096,100.00,,
     1.150779405,342,,branch-misses:u,1147328,100.00,,
     1.150779405,34,,cache-misses:u,1147296,100.00,,
     1.150779405,1526531,,bus-cycles:u,1147296,100.00,,
     1.150779405,9765200,,instructions:u,1147200,100.00,,
     1.151926872,342,,branch-misses:u,1148288,100.00,,
     1.151926872,63,,cache-misses:u,1148288,100.00,,
     1.151926872,1521887,,bus-cycles:u,1148288,100.00,,
     1.151926872,9733954,,instructions:u,1148352,100.00,,
     1.153086818,346,,branch-misses:u,1159968,100.00,,
     1.153086818,73,,cache-misses:u,1160096,100.00,,
     1.153086818,1543697,,bus-cycles:u,1160064,100.00,,
     1.153086818,9863500,,instructions:u,1160096,100.00,,
     1.154232749,341,,branch-misses:u,1145856,100.00,,
     1.154232749,33,,cache-misses:u,1145760,100.00,,
     1.154232749,1524728,,bus-cycles:u,1145760,100.00,,
     1.154232749,9719088,,instructions:u,1145696,100.00,,
     1.155379768,342,,branch-misses:u,1147104,100.00,,
     1.155379768,29,,cache-misses:u,1147040,100.00,,
     1.155379768,1526822,,bus-cycles:u,1147072,100.00,,
     1.155379768,9765041,,instructions:u,1147008,100.00,,
     1.156527043,343,,branch-misses:u,1147744,100.00,,
     1.156527043,106,,cache-misses:u,1147744,100.00,,
     1.156527043,1522422,,bus-cycles:u,1147648,100.00,,
     1.156527043,9741556,,instructions:u,1147680,100.00,,
     1.157675469,345,,branch-misses:u,1148224,100.00,,
     1.157675469,44,,cache-misses:u,1148224,100.00,,
     1.157675469,1528854,,bus-cycles:u,1148288,100.00,,
     1.157675469,9781306,,instructions:u,1148288,100.00,,
     1.158821848,343,,branch-misses:u,1146400,100.00,,
     1.158821848,36,,cache-misses:u,1146368,100.00,,
     1.158821848,1525889,,bus-cycles:u,1146368,100.00,,
     1.158821848,9763890,,instructions:u,1146336,100.00,,
     1.159969283,342,,branch-misses:u,1147840,100.00,,
     1.159969283,85,,cache-misses:u,1147904,100.00,,
     1.159969283,1524127,,bus-cycles:u,1147840,100.00,,
     1.159969283,9744879,,instructions:u,1147840,100.00,,
     1.161121742,344,,branch-misses:u,1152352,100.00,,
     1.161121742,52,,cache-misses:u,1152352,100.00,,
     1.161121742,1533895,,bus-cycles:u,1152480,100.00,,
     1.161121742,9797840,,instructions:u,1152480,100.00,,
     1.162272024,343,,branch-misses:u,1150368,100.00,,
     1.162272024,37,,cache-misses:u,1150304,100.00,,
     1.162272024,1530338,,bus-cycles:u,1150176,100.00,,
     1.162272024,9791296,,instructions:u,1150208,100.00,,
     1.163419299,345,,branch-misses:u,1147040,100.00,,
     1.163419299,31,,cache-misses:u,1146944,100.00,,
     1.163419299,1526021,,bus-cycles:u,1146976,100.00,,
     1.163419299,9767011,,instructions:u,1146976,100.00,,
     1.164567726,343,,branch-misses:u,1149248,100.00,,
     1.164567726,100,,cache-misses:u,1149312,100.00,,
     1.164567726,1523721,,bus-cycles:u,1149280,100.00,,
     1.164567726,9732482,,instructions:u,1149312,100.00,,
     1.165714649,341,,branch-misses:u,1146752,100.00,,
     1.165714649,40,,cache-misses:u,1146816,100.00,,
     1.165714649,1525269,,bus-cycles:u,1146848,100.00,,
     1.165714649,9743705,,instructions:u,1146848,100.00,,
     1.166859748,341,,branch-misses:u,1145184,100.00,,
     1.166859748,31,,cache-misses:u,1145152,100.00,,
     1.166859748,1523950,,bus-cycles:u,1145152,100.00,,
     1.166859748,9727062,,instructions:u,1145120,100.00,,
     1.168005359,340,,branch-misses:u,1145760,100.00,,
     1.168005359,64,,cache-misses:u,1145920,100.00,,
     1.168005359,1520164,,bus-cycles:u,1145952,100.00,,
     1.168005359,9729539,,instructions:u,1146016,100.00,,
     1.169150427,343,,branch-misses:u,1144736,100.00,,
     1.169150427,58,,cache-misses:u,1144672,100.00,,
     1.169150427,1522978,,bus-cycles:u,1144640,100.00,,
     1.169150427,9751137,,instructions:u,1144576,100.00,,
     1.170296870,343,,branch-misses:u,1146592,100.00,,
     1.170296870,45,,cache-misses:u,1146432,100.00,,
     1.170296870,1526091,,bus-cycles:u,1146464,100.00,,
     1.170296870,9764915,,instructions:u,1146432,100.00,,
     1.171440241,341,,branch-misses:u,1143456,100.00,,
     1.171440241,37,,cache-misses:u,1143584,100.00,,
     1.171440241,1521928,,bus-cycles:u,1143584,100.00,,
     1.171440241,9724531,,instructions:u,1143584,100.00,,
     1.172584508,341,,branch-misses:u,1144864,100.00,,
     1.172584508,99,,cache-misses:u,1144896,100.00,,
     1.172584508,1519852,,bus-cycles:u,1144960,100.00,,
     1.172584508,9703342,,instructions:u,1145088,100.00,,
     1.173732487,343,,branch-misses:u,1147712,100.00,,
     1.173732487,34,,cache-misses:u,1147680,100.00,,
     1.173732487,1526342,,bus-cycles:u,1147552,100.00,,
     1.173732487,9763871,,instructions:u,1147616,100.00,,
     1.174890897,345,,branch-misses:u,1159072,100.00,,
     1.174890897,37,,cache-misses:u,1159072,100.00,,
     1.174890897,1541962,,bus-cycles:u,1159168,100.00,,
     1.174890897,9864823,,instructions:u,1159136,100.00,,
     1.176037180,343,,branch-misses:u,1146304,100.00,,
     1.176037180,97,,cache-misses:u,1146240,100.00,,
     1.176037180,1520644,,bus-cycles:u,1146240,100.00,,
     1.176037180,9729418,,instructions:u,1146176,100.00,,
     1.177190662,344,,branch-misses:u,1153472,100.00,,
     1.177190662,36,,cache-misses:u,1153504,100.00,,
     1.177190662,1535104,,bus-cycles:u,1153600,100.00,,
     1.177190662,9820596,,instructions:u,1153536,100.00,,
     1.178337553,341,,branch-misses:u,1146656,100.00,,
     1.178337553,34,,cache-misses:u,1146560,100.00,,
     1.178337553,1525046,,bus-cycles:u,1146432,100.00,,
     1.178337553,9751694,,instructions:u,1146496,100.00,,
     1.179484700,342,,branch-misses:u,1147552,100.00,,
     1.179484700,32,,cache-misses:u,1147616,100.00,,
     1.179484700,1526942,,bus-cycles:u,1147616,100.00,,
     1.179484700,9766950,,instructions:u,1147520,100.00,,
     1.180633287,342,,branch-misses:u,1149024,100.00,,
     1.180633287,111,,cache-misses:u,1149088,100.00,,
     1.180633287,1522371,,bus-cycles:u,1149024,100.00,,
     1.180633287,9739056,,instructions:u,1149024,100.00,,
     1.181779858,342,,branch-misses:u,1146464,100.00,,
     1.181779858,30,,cache-misses:u,1146464,100.00,,
     1.181779858,1524889,,bus-cycles:u,1146528,100.00,,
     1.181779858,9747367,,instructions:u,1146528,100.00,,
     1.182927133,341,,branch-misses:u,1147008,100.00,,
     1.182927133,29,,cache-misses:u,1146976,100.00,,
     1.182927133,1525914,,bus-cycles:u,1146912,100.00,,
     1.182927133,9734351,,instructions:u,1146912,100.00,,
     1.184074440,342,,branch-misses:u,1147808,100.00,,
     1.184074440,100,,cache-misses:u,1147776,100.00,,
     1.184074440,1523672,,bus-cycles:u,1147808,100.00,,
     1.184074440,9711218,,instructions:u,1147840,100.00,,
     1.185221587,341,,branch-misses:u,1147232,100.00,,
     1.185221587,36,,cache-misses:u,1147200,100.00,,
     1.185221587,1526629,,bus-cycles:u,1147200,100.00,,
     1.185221587,9757134,,instructions:u,1147200,100.00,,
     1.186368062,343,,branch-misses:u,1146624,100.00,,
     1.186368062,26,,cache-misses:u,1146720,100.00,,
     1.186368062,1525138,,bus-cycles:u,1146720,100.00,,
     1.186368062,9747139,,instructions:u,1146784,100.00,,
     1.187513385,343,,branch-misses:u,1145056,100.00,,
     1.187513385,42,,cache-misses:u,1145024,100.00,,
     1.187513385,1523043,,bus-cycles:u,1145056,100.00,,
     1.187513385,9733339,,instructions:u,1145024,100.00,,
     1.188659860,341,,branch-misses:u,1146976,100.00,,
     1.188659860,103,,cache-misses:u,1147040,100.00,,
     1.188659860,1521930,,bus-cycles:u,1147040,100.00,,
     1.188659860,9716903,,instructions:u,1147072,100.00,,
     1.189805439,342,,branch-misses:u,1145600,100.00,,
     1.189805439,30,,cache-misses:u,1145600,100.00,,
     1.189805439,1524174,,bus-cycles:u,1145600,100.00,,
     1.189805439,9741398,,instructions:u,1145600,100.00,,
     1.190951466,341,,branch-misses:u,1145888,100.00,,
     1.190951466,30,,cache-misses:u,1145856,100.00,,
     1.190951466,1523483,,bus-cycles:u,1145824,100.00,,
     1.190951466,9733478,,instructions:u,1145792,100.00,,
     1.192097781,339,,branch-misses:u,1143584,100.00,,
     1.192097781,198,,cache-misses:u,1143552,100.00,,
     1.192097781,1511107,,bus-cycles:u,1143616,100.00,,
     1.192097781,9664451,,instructions:u,1143616,100.00,,
     1.193245440,343,,branch-misses:u,1147328,100.00,,
     1.193245440,40,,cache-misses:u,1147296,100.00,,
     1.193245440,1526800,,bus-cycles:u,1147232,100.00,,
     1.193245440,9760722,,instructions:u,1147200,100.00,,
     1.194394411,342,,branch-misses:u,1149120,100.00,,
     1.194394411,29,,cache-misses:u,1149184,100.00,,
     1.194394411,1529265,,bus-cycles:u,1149184,100.00,,
     1.194394411,9769656,,instructions:u,1149216,100.00,,
     1.195553045,345,,branch-misses:u,1158880,100.00,,
     1.195553045,31,,cache-misses:u,1158912,100.00,,
     1.195553045,1542391,,bus-cycles:u,1158944,100.00,,
     1.195553045,9852273,,instructions:u,1158912,100.00,,
     1.196698624,342,,branch-misses:u,1145856,100.00,,
     1.196698624,114,,cache-misses:u,1145792,100.00,,
     1.196698624,1519456,,bus-cycles:u,1145824,100.00,,
     1.196698624,9709194,,instructions:u,1145760,100.00,,
     1.197844907,342,,branch-misses:u,1145728,100.00,,
     1.197844907,36,,cache-misses:u,1145696,100.00,,
     1.197844907,1523549,,bus-cycles:u,1145664,100.00,,
     1.197844907,9739358,,instructions:u,1145728,100.00,,
     1.198993558,343,,branch-misses:u,1148736,100.00,,
     1.198993558,28,,cache-misses:u,1148704,100.00,,
     1.198993558,1528116,,bus-cycles:u,1148704,100.00,,
     1.198993558,9762957,,instructions:u,1148704,100.00,,
     1.200140833,343,,branch-misses:u,1147744,100.00,,
     1.200140833,105,,cache-misses:u,1147872,100.00,,
     1.200140833,1523185,,bus-cycles:u,1147872,100.00,,
     1.200140833,9716739,,instructions:u,1147904,100.00,,
     1.201287692,342,,branch-misses:u,1146656,100.00,,
     1.201287692,34,,cache-misses:u,1146592,100.00,,
     1.201287692,1524375,,bus-cycles:u,1146592,100.00,,
     1.201287692,9733594,,instructions:u,1146656,100.00,,
     1.202433943,342,,branch-misses:u,1146304,100.00,,
     1.202433943,31,,cache-misses:u,1146240,100.00,,
     1.202433943,1524229,,bus-cycles:u,1146304,100.00,,
     1.202433943,9732073,,instructions:u,1146240,100.00,,
     1.203581538,342,,branch-misses:u,1147712,100.00,,
     1.203581538,30,,cache-misses:u,1147776,100.00,,
     1.203581538,1525321,,bus-cycles:u,1147680,100.00,,
     1.203581538,9760968,,instructions:u,1147680,100.00,,
     1.204727245,342,,branch-misses:u,1146208,100.00,,
     1.204727245,106,,cache-misses:u,1146272,100.00,,
     1.204727245,1518629,,bus-cycles:u,1146272,100.00,,
     1.204727245,9709244,,instructions:u,1146272,100.00,,
     1.205874840,341,,branch-misses:u,1147232,100.00,,
     1.205874840,28,,cache-misses:u,1147200,100.00,,
     1.205874840,1524794,,bus-cycles:u,1147232,100.00,,
     1.205874840,9739441,,instructions:u,1147232,100.00,,
     1.207019075,340,,branch-misses:u,1144544,100.00,,
     1.207019075,27,,cache-misses:u,1144576,100.00,,
     1.207019075,1522346,,bus-cycles:u,1144608,100.00,,
     1.207019075,9703218,,instructions:u,1144672,100.00,,
     1.208163790,341,,branch-misses:u,1145216,100.00,,
     1.208163790,90,,cache-misses:u,1145216,100.00,,
     1.208163790,1519647,,bus-cycles:u,1145216,100.00,,
     1.208163790,9700633,,instructions:u,1145056,100.00,,
     1.209311097,342,,branch-misses:u,1146816,100.00,,
     1.209311097,38,,cache-misses:u,1146624,100.00,,
     1.209311097,1525592,,bus-cycles:u,1146624,100.00,,
     1.209311097,9756298,,instructions:u,1146816,100.00,,
     1.210456004,342,,branch-misses:u,1145152,100.00,,
     1.210456004,34,,cache-misses:u,1145184,100.00,,
     1.210456004,1523643,,bus-cycles:u,1145152,100.00,,
     1.210456004,9744477,,instructions:u,1145056,100.00,,
     1.211600591,344,,branch-misses:u,1144704,100.00,,
     1.211600591,38,,cache-misses:u,1144672,100.00,,
     1.211600591,1523671,,bus-cycles:u,1144640,100.00,,
     1.211600591,9764505,,instructions:u,1144608,100.00,,
     1.212745914,342,,branch-misses:u,1146016,100.00,,
     1.212745914,105,,cache-misses:u,1146240,100.00,,
     1.212745914,1522643,,bus-cycles:u,1146336,100.00,,
     1.212745914,9730311,,instructions:u,1146432,100.00,,
     1.213897477,343,,branch-misses:u,1151200,100.00,,
     1.213897477,33,,cache-misses:u,1151072,100.00,,
     1.213897477,1532037,,bus-cycles:u,1150944,100.00,,
     1.213897477,9796133,,instructions:u,1150912,100.00,,
     1.215042416,342,,branch-misses:u,1145312,100.00,,
     1.215042416,28,,cache-misses:u,1145280,100.00,,
     1.215042416,1523594,,bus-cycles:u,1145376,100.00,,
     1.215042416,9743734,,instructions:u,1145344,100.00,,
     1.216205849,347,,branch-misses:u,1163648,100.00,,
     1.216205849,99,,cache-misses:u,1163776,100.00,,
     1.216205849,1543971,,bus-cycles:u,1163808,100.00,,
     1.216205849,9882538,,instructions:u,1163872,100.00,,
     1.217352964,344,,branch-misses:u,1146816,100.00,,
     1.217352964,35,,cache-misses:u,1146720,100.00,,
     1.217352964,1525692,,bus-cycles:u,1146656,100.00,,
     1.217352964,9758733,,instructions:u,1146496,100.00,,
     1.218498991,342,,branch-misses:u,1146112,100.00,,
     1.218498991,34,,cache-misses:u,1146144,100.00,,
     1.218498991,1524927,,bus-cycles:u,1146112,100.00,,
     1.218498991,9768021,,instructions:u,1146176,100.00,,
     1.219644603,341,,branch-misses:u,1145728,100.00,,
     1.219644603,27,,cache-misses:u,1145664,100.00,,
     1.219644603,1524393,,bus-cycles:u,1145728,100.00,,
     1.219644603,9729902,,instructions:u,1145728,100.00,,
     1.220789350,339,,branch-misses:u,1145248,100.00,,
     1.220789350,93,,cache-misses:u,1145312,100.00,,
     1.220789350,1518808,,bus-cycles:u,1145280,100.00,,
     1.220789350,9686633,,instructions:u,1145216,100.00,,
     1.221938704,344,,branch-misses:u,1149088,100.00,,
     1.221938704,39,,cache-misses:u,1149088,100.00,,
     1.221938704,1528138,,bus-cycles:u,1149024,100.00,,
     1.221938704,9786018,,instructions:u,1149120,100.00,,
     1.223082876,343,,branch-misses:u,1144224,100.00,,
     1.223082876,46,,cache-misses:u,1144192,100.00,,
     1.223082876,1521622,,bus-cycles:u,1144256,100.00,,
     1.223082876,9735334,,instructions:u,1144224,100.00,,
     1.224228679,342,,branch-misses:u,1146368,100.00,,
     1.224228679,113,,cache-misses:u,1146432,100.00,,
     1.224228679,1519889,,bus-cycles:u,1146496,100.00,,
     1.224228679,9720605,,instructions:u,1146560,100.00,,
     1.225375762,342,,branch-misses:u,1147136,100.00,,
     1.225375762,28,,cache-misses:u,1147104,100.00,,
     1.225375762,1525390,,bus-cycles:u,1147008,100.00,,
     1.225375762,9744562,,instructions:u,1146976,100.00,,
     1.226523933,342,,branch-misses:u,1147968,100.00,,
     1.226523933,28,,cache-misses:u,1147968,100.00,,
     1.226523933,1527353,,bus-cycles:u,1147968,100.00,,
     1.226523933,9759298,,instructions:u,1147904,100.00,,
     1.227668296,342,,branch-misses:u,1144512,100.00,,
     1.227668296,31,,cache-misses:u,1144480,100.00,,
     1.227668296,1522807,,bus-cycles:u,1144480,100.00,,
     1.227668296,9741488,,instructions:u,1144544,100.00,,
     1.228816819,342,,branch-misses:u,1149376,100.00,,
     1.228816819,111,,cache-misses:u,1149280,100.00,,
     1.228816819,1523679,,bus-cycles:u,1149312,100.00,,
     1.228816819,9724110,,instructions:u,1149280,100.00,,
     1.229962750,341,,branch-misses:u,1145568,100.00,,
     1.229962750,29,,cache-misses:u,1145728,100.00,,
     1.229962750,1523478,,bus-cycles:u,1145696,100.00,,
     1.229962750,9729539,,instructions:u,1145696,100.00,,
     1.231109225,342,,branch-misses:u,1146272,100.00,,
     1.231109225,30,,cache-misses:u,1146176,100.00,,
     1.231109225,1525232,,bus-cycles:u,1146176,100.00,,
     1.231109225,9720017,,instructions:u,1146176,100.00,,
     1.232257492,343,,branch-misses:u,1148800,100.00,,
     1.232257492,111,,cache-misses:u,1148832,100.00,,
     1.232257492,1525109,,bus-cycles:u,1148864,100.00,,
     1.232257492,9756327,,instructions:u,1148864,100.00,,
     1.233403295,341,,branch-misses:u,1145568,100.00,,
     1.233403295,38,,cache-misses:u,1145536,100.00,,
     1.233403295,1524750,,bus-cycles:u,1145536,100.00,,
     1.233403295,9751079,,instructions:u,1145504,100.00,,
     1.234550954,345,,branch-misses:u,1147744,100.00,,
     1.234550954,34,,cache-misses:u,1147712,100.00,,
     1.234550954,1528114,,bus-cycles:u,1147680,100.00,,
     1.234550954,9785740,,instructions:u,1147776,100.00,,
     1.235695509,342,,branch-misses:u,1144672,100.00,,
     1.235695509,31,,cache-misses:u,1144768,100.00,,
     1.235695509,1523237,,bus-cycles:u,1144832,100.00,,
     1.235695509,9733455,,instructions:u,1144768,100.00,,
     1.236841600,342,,branch-misses:u,1146528,100.00,,
     1.236841600,93,,cache-misses:u,1146368,100.00,,
     1.236841600,1520721,,bus-cycles:u,1146304,100.00,,
     1.236841600,9711802,,instructions:u,1146336,100.00,,
     1.237999274,345,,branch-misses:u,1157984,100.00,,
     1.237999274,33,,cache-misses:u,1158208,100.00,,
     1.237999274,1539691,,bus-cycles:u,1158272,100.00,,
     1.237999274,9839990,,instructions:u,1158208,100.00,,
     1.239146389,342,,branch-misses:u,1146752,100.00,,
     1.239146389,32,,cache-misses:u,1146656,100.00,,
     1.239146389,1525357,,bus-cycles:u,1146592,100.00,,
     1.239146389,9740352,,instructions:u,1146560,100.00,,
     1.240292384,342,,branch-misses:u,1146496,100.00,,
     1.240292384,98,,cache-misses:u,1146432,100.00,,
     1.240292384,1521147,,bus-cycles:u,1146464,100.00,,
     1.240292384,9704478,,instructions:u,1146528,100.00,,
     1.241438347,342,,branch-misses:u,1145728,100.00,,
     1.241438347,34,,cache-misses:u,1145760,100.00,,
     1.241438347,1524164,,bus-cycles:u,1145792,100.00,,
     1.241438347,9748536,,instructions:u,1145824,100.00,,
     1.242585238,342,,branch-misses:u,1146944,100.00,,
     1.242585238,29,,cache-misses:u,1146912,100.00,,
     1.242585238,1524643,,bus-cycles:u,1146784,100.00,,
     1.242585238,9743771,,instructions:u,1146816,100.00,,
     1.243729921,340,,branch-misses:u,1144800,100.00,,
     1.243729921,31,,cache-misses:u,1144832,100.00,,
     1.243729921,1523289,,bus-cycles:u,1144896,100.00,,
     1.243729921,9723623,,instructions:u,1144896,100.00,,
     1.244873260,342,,branch-misses:u,1144192,100.00,,
     1.244873260,97,,cache-misses:u,1144288,100.00,,
     1.244873260,1515333,,bus-cycles:u,1144320,100.00,,
     1.244873260,9691123,,instructions:u,1144224,100.00,,
     1.246021559,342,,branch-misses:u,1147744,100.00,,
     1.246021559,38,,cache-misses:u,1147648,100.00,,
     1.246021559,1526201,,bus-cycles:u,1147680,100.00,,
     1.246021559,9765454,,instructions:u,1147712,100.00,,
     1.247166562,343,,branch-misses:u,1145024,100.00,,
     1.247166562,31,,cache-misses:u,1144960,100.00,,
     1.247166562,1523375,,bus-cycles:u,1144928,100.00,,
     1.247166562,9747892,,instructions:u,1144928,100.00,,
     1.248311246,341,,branch-misses:u,1145376,100.00,,
     1.248311246,94,,cache-misses:u,1145504,100.00,,
     1.248311246,1519436,,bus-cycles:u,1145568,100.00,,
     1.248311246,9709350,,instructions:u,1145632,100.00,,
     1.249461272,342,,branch-misses:u,1150016,100.00,,
     1.249461272,39,,cache-misses:u,1149952,100.00,,
     1.249461272,1528908,,bus-cycles:u,1149952,100.00,,
     1.249461272,9769606,,instructions:u,1149888,100.00,,
     1.250608835,341,,branch-misses:u,1147328,100.00,,
     1.250608835,26,,cache-misses:u,1147296,100.00,,
     1.250608835,1525605,,bus-cycles:u,1147264,100.00,,
     1.250608835,9735419,,instructions:u,1147200,100.00,,
     1.251755950,343,,branch-misses:u,1147168,100.00,,
     1.251755950,31,,cache-misses:u,1147232,100.00,,
     1.251755950,1524958,,bus-cycles:u,1147264,100.00,,
     1.251755950,9767101,,instructions:u,1147360,100.00,,
     1.253219385,436,,branch-misses:u,1469664,100.00,,
     1.253219385,216,,cache-misses:u,1472160,100.00,,
     1.253219385,1943428,,bus-cycles:u,1473856,100.00,,
     1.253219385,12431074,,instructions:u,1474208,100.00,,
     1.254440220,363,,branch-misses:u,1211584,100.00,,
     1.254440220,37,,cache-misses:u,1209536,100.00,,
     1.254440220,1606024,,bus-cycles:u,1208064,100.00,,
     1.254440220,10288475,,instructions:u,1207872,100.00,,
     1.255597862,344,,branch-misses:u,1157408,100.00,,
     1.255597862,29,,cache-misses:u,1157056,100.00,,
     1.255597862,1536488,,bus-cycles:u,1156864,100.00,,
     1.255597862,9828686,,instructions:u,1156704,100.00,,
     1.256750033,341,,branch-misses:u,1152064,100.00,,
     1.256750033,106,,cache-misses:u,1152000,100.00,,
     1.256750033,1522923,,bus-cycles:u,1151936,100.00,,
     1.256750033,9730730,,instructions:u,1152064,100.00,,
     1.257902811,344,,branch-misses:u,1152736,100.00,,
     1.257902811,34,,cache-misses:u,1153088,100.00,,
     1.257902811,1532005,,bus-cycles:u,1153088,100.00,,
     1.257902811,9790831,,instructions:u,1152928,100.00,,
     1.259091618,355,,branch-misses:u,1189088,100.00,,
     1.259091618,39,,cache-misses:u,1189088,100.00,,
     1.259091618,1580181,,bus-cycles:u,1189120,100.00,,
     1.259091618,10108300,,instructions:u,1189120,100.00,,
     1.260244140,344,,branch-misses:u,1152672,100.00,,
     1.260244140,102,,cache-misses:u,1152352,100.00,,
     1.260244140,1526578,,bus-cycles:u,1152224,100.00,,
     1.260244140,9779424,,instructions:u,1152320,100.00,,
     1.261392951,344,,branch-misses:u,1148672,100.00,,
     1.261392951,28,,cache-misses:u,1148736,100.00,,
     1.261392951,1526569,,bus-cycles:u,1149024,100.00,,
     1.261392951,9751107,,instructions:u,1149056,100.00,,
     1.262541058,341,,branch-misses:u,1148192,100.00,,
     1.262541058,27,,cache-misses:u,1148032,100.00,,
     1.262541058,1525843,,bus-cycles:u,1147872,100.00,,
     1.262541058,9744845,,instructions:u,1147776,100.00,,
     1.263688941,343,,branch-misses:u,1147552,100.00,,
     1.263688941,30,,cache-misses:u,1147424,100.00,,
     1.263688941,1525668,,bus-cycles:u,1147392,100.00,,
     1.263688941,9762517,,instructions:u,1147424,100.00,,
     1.264836759,344,,branch-misses:u,1148576,100.00,,
     1.264836759,90,,cache-misses:u,1148736,100.00,,
     1.264836759,1523003,,bus-cycles:u,1148768,100.00,,
     1.264836759,9734488,,instructions:u,1148768,100.00,,
     1.265985698,342,,branch-misses:u,1148416,100.00,,
     1.265985698,25,,cache-misses:u,1148256,100.00,,
     1.265985698,1526480,,bus-cycles:u,1148224,100.00,,
     1.265985698,9747898,,instructions:u,1148256,100.00,,
     1.267131469,341,,branch-misses:u,1145856,100.00,,
     1.267131469,26,,cache-misses:u,1145984,100.00,,
     1.267131469,1524225,,bus-cycles:u,1146048,100.00,,
     1.267131469,9715043,,instructions:u,1146048,100.00,,
     1.268278808,343,,branch-misses:u,1148448,100.00,,
     1.268278808,98,,cache-misses:u,1148864,100.00,,
     1.268278808,1522443,,bus-cycles:u,1148800,100.00,,
     1.268278808,9719200,,instructions:u,1148800,100.00,,
     1.269429187,343,,branch-misses:u,1149888,100.00,,
     1.269429187,28,,cache-misses:u,1149600,100.00,,
     1.269429187,1528965,,bus-cycles:u,1149568,100.00,,
     1.269429187,9791190,,instructions:u,1149504,100.00,,
     1.270576366,343,,branch-misses:u,1146976,100.00,,
     1.270576366,54,,cache-misses:u,1146912,100.00,,
     1.270576366,1522424,,bus-cycles:u,1146880,100.00,,
     1.270576366,9731627,,instructions:u,1146912,100.00,,
     1.271723705,341,,branch-misses:u,1147520,100.00,,
     1.271723705,26,,cache-misses:u,1147424,100.00,,
     1.271723705,1526027,,bus-cycles:u,1147488,100.00,,
     1.271723705,9752033,,instructions:u,1147424,100.00,,
     1.272872196,342,,branch-misses:u,1149216,100.00,,
     1.272872196,84,,cache-misses:u,1149344,100.00,,
     1.272872196,1523373,,bus-cycles:u,1149344,100.00,,
     1.272872196,9735349,,instructions:u,1149376,100.00,,
     1.274020206,343,,branch-misses:u,1147456,100.00,,
     1.274020206,34,,cache-misses:u,1147424,100.00,,
     1.274020206,1526060,,bus-cycles:u,1147456,100.00,,
     1.274020206,9759145,,instructions:u,1147424,100.00,,
     1.275167513,342,,branch-misses:u,1147488,100.00,,
     1.275167513,26,,cache-misses:u,1147424,100.00,,
     1.275167513,1526039,,bus-cycles:u,1147328,100.00,,
     1.275167513,9761945,,instructions:u,1147360,100.00,,
     1.276315332,343,,branch-misses:u,1148736,100.00,,
     1.276315332,109,,cache-misses:u,1148864,100.00,,
     1.276315332,1522718,,bus-cycles:u,1148896,100.00,,
     1.276315332,9745506,,instructions:u,1148992,100.00,,
     1.277463919,344,,branch-misses:u,1148256,100.00,,
     1.277463919,28,,cache-misses:u,1148096,100.00,,
     1.277463919,1526681,,bus-cycles:u,1148096,100.00,,
     1.277463919,9767637,,instructions:u,1147936,100.00,,
     1.278610490,341,,branch-misses:u,1146240,100.00,,
     1.278610490,29,,cache-misses:u,1146304,100.00,,
     1.278610490,1524951,,bus-cycles:u,1146304,100.00,,
     1.278610490,9736551,,instructions:u,1146368,100.00,,
     1.279759109,341,,branch-misses:u,1148736,100.00,,
     1.279759109,27,,cache-misses:u,1148640,100.00,,
     1.279759109,1528921,,bus-cycles:u,1148608,100.00,,
     1.279759109,9759361,,instructions:u,1148608,100.00,,
     1.280938093,351,,branch-misses:u,1180352,100.00,,
     1.280938093,94,,cache-misses:u,1180832,100.00,,
     1.280938093,1566946,,bus-cycles:u,1180928,100.00,,
     1.280938093,10009649,,instructions:u,1180992,100.00,,
     1.282087191,343,,branch-misses:u,1148352,100.00,,
     1.282087191,42,,cache-misses:u,1147936,100.00,,
     1.282087191,1527789,,bus-cycles:u,1147904,100.00,,
     1.282087191,9773896,,instructions:u,1147744,100.00,,
     1.283233026,342,,branch-misses:u,1146080,100.00,,
     1.283233026,33,,cache-misses:u,1146080,100.00,,
     1.283233026,1524702,,bus-cycles:u,1146080,100.00,,
     1.283233026,9746404,,instructions:u,1146080,100.00,,
     1.284379661,342,,branch-misses:u,1146976,100.00,,
     1.284379661,100,,cache-misses:u,1146944,100.00,,
     1.284379661,1521523,,bus-cycles:u,1146944,100.00,,
     1.284379661,9727056,,instructions:u,1147072,100.00,,
     1.285526776,343,,branch-misses:u,1146560,100.00,,
     1.285526776,36,,cache-misses:u,1146592,100.00,,
     1.285526776,1526108,,bus-cycles:u,1146560,100.00,,
     1.285526776,9770380,,instructions:u,1146528,100.00,,
     1.286671812,342,,branch-misses:u,1145184,100.00,,
     1.286671812,36,,cache-misses:u,1145248,100.00,,
     1.286671812,1524022,,bus-cycles:u,1145216,100.00,,
     1.286671812,9750009,,instructions:u,1145248,100.00,,
     1.287817103,344,,branch-misses:u,1145696,100.00,,
     1.287817103,33,,cache-misses:u,1145664,100.00,,
     1.287817103,1524201,,bus-cycles:u,1145728,100.00,,
     1.287817103,9751499,,instructions:u,1145728,100.00,,
     1.288974745,346,,branch-misses:u,1158080,100.00,,
     1.288974745,84,,cache-misses:u,1158048,100.00,,
     1.288974745,1534554,,bus-cycles:u,1158016,100.00,,
     1.288974745,9808150,,instructions:u,1157888,100.00,,
     1.290120964,341,,branch-misses:u,1145664,100.00,,
     1.290120964,32,,cache-misses:u,1145632,100.00,,
     1.290120964,1523964,,bus-cycles:u,1145664,100.00,,
     1.290120964,9734636,,instructions:u,1145696,100.00,,
     1.291266127,342,,branch-misses:u,1145280,100.00,,
     1.291266127,27,,cache-misses:u,1145344,100.00,,
     1.291266127,1524109,,bus-cycles:u,1145280,100.00,,
     1.291266127,9748837,,instructions:u,1145376,100.00,,
     1.292413562,342,,branch-misses:u,1148320,100.00,,
     1.292413562,102,,cache-misses:u,1148448,100.00,,
     1.292413562,1523737,,bus-cycles:u,1148480,100.00,,
     1.292413562,9745069,,instructions:u,1148480,100.00,,
     1.293561733,343,,branch-misses:u,1147488,100.00,,
     1.293561733,42,,cache-misses:u,1147264,100.00,,
     1.293561733,1526525,,bus-cycles:u,1147328,100.00,,
     1.293561733,9753799,,instructions:u,1147296,100.00,,
     1.294706832,342,,branch-misses:u,1145632,100.00,,
     1.294706832,32,,cache-misses:u,1145664,100.00,,
     1.294706832,1523290,,bus-cycles:u,1145632,100.00,,
     1.294706832,9725976,,instructions:u,1145632,100.00,,
     1.295853883,342,,branch-misses:u,1147104,100.00,,
     1.295853883,37,,cache-misses:u,1147200,100.00,,
     1.295853883,1520147,,bus-cycles:u,1147136,100.00,,
     1.295853883,9711167,,instructions:u,1147136,100.00,,
     1.297003589,342,,branch-misses:u,1149792,100.00,,
     1.297003589,81,,cache-misses:u,1149760,100.00,,
     1.297003589,1528614,,bus-cycles:u,1149856,100.00,,
     1.297003589,9764408,,instructions:u,1149792,100.00,,
     1.298150352,341,,branch-misses:u,1146624,100.00,,
     1.298150352,34,,cache-misses:u,1146624,100.00,,
     1.298150352,1523927,,bus-cycles:u,1146496,100.00,,
     1.298150352,9747100,,instructions:u,1146560,100.00,,
     1.299295707,344,,branch-misses:u,1145408,100.00,,
     1.299295707,35,,cache-misses:u,1145344,100.00,,
     1.299295707,1521495,,bus-cycles:u,1145408,100.00,,
     1.299295707,9732442,,instructions:u,1145312,100.00,,
     1.300444486,342,,branch-misses:u,1149664,100.00,,
     1.300444486,103,,cache-misses:u,1149792,100.00,,
     1.300444486,1520656,,bus-cycles:u,1149824,100.00,,
     1.300444486,9720678,,instructions:u,1149952,100.00,,
     1.301605104,345,,branch-misses:u,1160544,100.00,,
     1.301605104,37,,cache-misses:u,1160544,100.00,,
     1.301605104,1542861,,bus-cycles:u,1160512,100.00,,
     1.301605104,9865284,,instructions:u,1160480,100.00,,
     1.302753915,342,,branch-misses:u,1148352,100.00,,
     1.302753915,30,,cache-misses:u,1148384,100.00,,
     1.302753915,1526461,,bus-cycles:u,1148352,100.00,,
     1.302753915,9778971,,instructions:u,1148352,100.00,,
     1.303902693,343,,branch-misses:u,1149696,100.00,,
     1.303902693,57,,cache-misses:u,1149536,100.00,,
     1.303902693,1523761,,bus-cycles:u,1149536,100.00,,
     1.303902693,9746422,,instructions:u,1149568,100.00,,
     1.305050192,343,,branch-misses:u,1146880,100.00,,
     1.305050192,77,,cache-misses:u,1146912,100.00,,
     1.305050192,1524757,,bus-cycles:u,1146912,100.00,,
     1.305050192,9742728,,instructions:u,1146880,100.00,,
     1.306196187,340,,branch-misses:u,1146080,100.00,,
     1.306196187,32,,cache-misses:u,1146080,100.00,,
     1.306196187,1523214,,bus-cycles:u,1146080,100.00,,
     1.306196187,9726189,,instructions:u,1146080,100.00,,
     1.307341543,341,,branch-misses:u,1145408,100.00,,
     1.307341543,26,,cache-misses:u,1145408,100.00,,
     1.307341543,1523154,,bus-cycles:u,1145440,100.00,,
     1.307341543,9708726,,instructions:u,1145408,100.00,,
     1.308488562,342,,branch-misses:u,1147584,100.00,,
     1.308488562,94,,cache-misses:u,1147616,100.00,,
     1.308488562,1523828,,bus-cycles:u,1147616,100.00,,
     1.308488562,9749172,,instructions:u,1147680,100.00,,
     1.309635069,342,,branch-misses:u,1146208,100.00,,
     1.309635069,29,,cache-misses:u,1146144,100.00,,
     1.309635069,1523711,,bus-cycles:u,1146176,100.00,,
     1.309635069,9739436,,instructions:u,1146144,100.00,,
     1.310782055,343,,branch-misses:u,1147136,100.00,,
     1.310782055,36,,cache-misses:u,1147104,100.00,,
     1.310782055,1525019,,bus-cycles:u,1147072,100.00,,
     1.310782055,9755803,,instructions:u,1147072,100.00,,
     1.311928339,339,,branch-misses:u,1142944,100.00,,
     1.311928339,144,,cache-misses:u,1143328,100.00,,
     1.311928339,1507603,,bus-cycles:u,1143328,100.00,,
     1.311928339,9635886,,instructions:u,1143328,100.00,,
     1.313075357,342,,branch-misses:u,1146816,100.00,,
     1.313075357,101,,cache-misses:u,1146688,100.00,,
     1.313075357,1524485,,bus-cycles:u,1146752,100.00,,
     1.313075357,9745249,,instructions:u,1146720,100.00,,
     1.314224136,344,,branch-misses:u,1148416,100.00,,
     1.314224136,29,,cache-misses:u,1148256,100.00,,
     1.314224136,1527182,,bus-cycles:u,1148128,100.00,,
     1.314224136,9749743,,instructions:u,1148192,100.00,,
     1.315370067,341,,branch-misses:u,1146048,100.00,,
     1.315370067,34,,cache-misses:u,1146016,100.00,,
     1.315370067,1524227,,bus-cycles:u,1146112,100.00,,
     1.315370067,9747563,,instructions:u,1146080,100.00,,
     1.316515039,343,,branch-misses:u,1146656,100.00,,
     1.316515039,116,,cache-misses:u,1147104,100.00,,
     1.316515039,1518663,,bus-cycles:u,1147200,100.00,,
     1.316515039,9708001,,instructions:u,1147264,100.00,,
     1.317673032,345,,branch-misses:u,1157120,100.00,,
     1.317673032,46,,cache-misses:u,1156800,100.00,,
     1.317673032,1537416,,bus-cycles:u,1156704,100.00,,
     1.317673032,9824985,,instructions:u,1156576,100.00,,
     1.318821235,341,,branch-misses:u,1147776,100.00,,
     1.318821235,30,,cache-misses:u,1147680,100.00,,
     1.318821235,1525715,,bus-cycles:u,1147648,100.00,,
     1.318821235,9724833,,instructions:u,1147808,100.00,,
     1.319966622,341,,branch-misses:u,1146496,100.00,,
     1.319966622,58,,cache-misses:u,1146592,100.00,,
     1.319966622,1519137,,bus-cycles:u,1146592,100.00,,
     1.319966622,9692353,,instructions:u,1146560,100.00,,
     1.321117289,342,,branch-misses:u,1150560,100.00,,
     1.321117289,58,,cache-misses:u,1150592,100.00,,
     1.321117289,1528547,,bus-cycles:u,1150624,100.00,,
     1.321117289,9775919,,instructions:u,1150560,100.00,,
     1.322267156,343,,branch-misses:u,1149664,100.00,,
     1.322267156,34,,cache-misses:u,1149504,100.00,,
     1.322267156,1529020,,bus-cycles:u,1149376,100.00,,
     1.322267156,9781054,,instructions:u,1149440,100.00,,
     1.323434557,349,,branch-misses:u,1167616,100.00,,
     1.323434557,39,,cache-misses:u,1167776,100.00,,
     1.323434557,1553294,,bus-cycles:u,1168000,100.00,,
     1.323434557,9937192,,instructions:u,1168032,100.00,,
     1.324583815,343,,branch-misses:u,1149728,100.00,,
     1.324583815,99,,cache-misses:u,1149792,100.00,,
     1.324583815,1521800,,bus-cycles:u,1149696,100.00,,
     1.324583815,9728951,,instructions:u,1149632,100.00,,
     1.325736722,346,,branch-misses:u,1152192,100.00,,
     1.325736722,34,,cache-misses:u,1152128,100.00,,
     1.325736722,1531980,,bus-cycles:u,1152032,100.00,,
     1.325736722,9792225,,instructions:u,1152000,100.00,,
     1.326885148,342,,branch-misses:u,1148576,100.00,,
     1.326885148,26,,cache-misses:u,1148480,100.00,,
     1.326885148,1527184,,bus-cycles:u,1148608,100.00,,
     1.326885148,9764379,,instructions:u,1148672,100.00,,
     1.328035591,343,,branch-misses:u,1151232,100.00,,
     1.328035591,115,,cache-misses:u,1151360,100.00,,
     1.328035591,1523131,,bus-cycles:u,1151392,100.00,,
     1.328035591,9732354,,instructions:u,1151264,100.00,,
     1.329184626,343,,branch-misses:u,1148416,100.00,,
     1.329184626,34,,cache-misses:u,1148288,100.00,,
     1.329184626,1526385,,bus-cycles:u,1148192,100.00,,
     1.329184626,9768366,,instructions:u,1148288,100.00,,
     1.330329629,341,,branch-misses:u,1145056,100.00,,
     1.330329629,32,,cache-misses:u,1145088,100.00,,
     1.330329629,1521839,,bus-cycles:u,1145120,100.00,,
     1.330329629,9720997,,instructions:u,1145152,100.00,,
     1.331476424,341,,branch-misses:u,1146976,100.00,,
     1.331476424,28,,cache-misses:u,1146944,100.00,,
     1.331476424,1524349,,bus-cycles:u,1146880,100.00,,
     1.331476424,9733815,,instructions:u,1146816,100.00,,
     1.332621491,341,,branch-misses:u,1145952,100.00,,
     1.332621491,113,,cache-misses:u,1145952,100.00,,
     1.332621491,1515859,,bus-cycles:u,1145952,100.00,,
     1.332621491,9691668,,instructions:u,1145984,100.00,,
     1.333770462,342,,branch-misses:u,1148672,100.00,,
     1.333770462,33,,cache-misses:u,1148736,100.00,,
     1.333770462,1527151,,bus-cycles:u,1148768,100.00,,
     1.333770462,9765618,,instructions:u,1148832,100.00,,
     1.334915369,342,,branch-misses:u,1144640,100.00,,
     1.334915369,30,,cache-misses:u,1144544,100.00,,
     1.334915369,1520998,,bus-cycles:u,1144576,100.00,,
     1.334915369,9746969,,instructions:u,1144544,100.00,,
     1.336062292,342,,branch-misses:u,1147872,100.00,,
     1.336062292,102,,cache-misses:u,1148032,100.00,,
     1.336062292,1520174,,bus-cycles:u,1148064,100.00,,
     1.336062292,9717979,,instructions:u,1148032,100.00,,
     1.337211071,341,,branch-misses:u,1148032,100.00,,
     1.337211071,34,,cache-misses:u,1147712,100.00,,
     1.337211071,1525163,,bus-cycles:u,1147776,100.00,,
     1.337211071,9754812,,instructions:u,1147808,100.00,,
     1.338357578,343,,branch-misses:u,1146624,100.00,,
     1.338357578,35,,cache-misses:u,1146784,100.00,,
     1.338357578,1524602,,bus-cycles:u,1146624,100.00,,
     1.338357578,9745442,,instructions:u,1146560,100.00,,
     1.339504533,341,,branch-misses:u,1147040,100.00,,
     1.339504533,35,,cache-misses:u,1147040,100.00,,
     1.339504533,1524935,,bus-cycles:u,1147136,100.00,,
     1.339504533,9741227,,instructions:u,1147168,100.00,,
     1.340636993,340,,branch-misses:u,1135936,100.00,,
     1.340636993,111,,cache-misses:u,1137024,100.00,,
     1.340636993,1506953,,bus-cycles:u,1137696,100.00,,
     1.340636993,9632548,,instructions:u,1138240,100.00,,
     1.341815721,350,,branch-misses:u,1177184,100.00,,
     1.341815721,30,,cache-misses:u,1176640,100.00,,
     1.341815721,1562717,,bus-cycles:u,1176000,100.00,,
     1.341815721,9981152,,instructions:u,1175552,100.00,,
     1.342968499,342,,branch-misses:u,1151968,100.00,,
     1.342968499,31,,cache-misses:u,1151520,100.00,,
     1.342968499,1530413,,bus-cycles:u,1151552,100.00,,
     1.342968499,9774216,,instructions:u,1151552,100.00,,
     1.344138204,347,,branch-misses:u,1170112,100.00,,
     1.344138204,107,,cache-misses:u,1170176,100.00,,
     1.344138204,1550362,,bus-cycles:u,1170080,100.00,,
     1.344138204,9912517,,instructions:u,1170080,100.00,,
     1.345290534,343,,branch-misses:u,1151936,100.00,,
     1.345290534,34,,cache-misses:u,1151776,100.00,,
     1.345290534,1531243,,bus-cycles:u,1151712,100.00,,
     1.345290534,9774728,,instructions:u,1151648,100.00,,
     1.346438353,340,,branch-misses:u,1147872,100.00,,
     1.346438353,26,,cache-misses:u,1148032,100.00,,
     1.346438353,1526363,,bus-cycles:u,1148192,100.00,,
     1.346438353,9727285,,instructions:u,1148224,100.00,,
     1.347585468,341,,branch-misses:u,1146720,100.00,,
     1.347585468,30,,cache-misses:u,1146528,100.00,,
     1.347585468,1524660,,bus-cycles:u,1146400,100.00,,
     1.347585468,9714997,,instructions:u,1146240,100.00,,
     1.348731623,339,,branch-misses:u,1147520,100.00,,
     1.348731623,107,,cache-misses:u,1147744,100.00,,
     1.348731623,1516482,,bus-cycles:u,1147776,100.00,,
     1.348731623,9685017,,instructions:u,1147936,100.00,,
     1.349888593,345,,branch-misses:u,1156480,100.00,,
     1.349888593,35,,cache-misses:u,1156384,100.00,,
     1.349888593,1534737,,bus-cycles:u,1156384,100.00,,
     1.349888593,9835928,,instructions:u,1156384,100.00,,
     1.351164559,379,,branch-misses:u,1278624,100.00,,
     1.351164559,43,,cache-misses:u,1280128,100.00,,
     1.351164559,1697295,,bus-cycles:u,1280768,100.00,,
     1.351164559,10862940,,instructions:u,1281344,100.00,,
     1.352361269,354,,branch-misses:u,1197408,100.00,,
     1.352361269,103,,cache-misses:u,1197408,100.00,,
     1.352361269,1577116,,bus-cycles:u,1197696,100.00,,
     1.352361269,10084377,,instructions:u,1197952,100.00,,
     1.353571450,360,,branch-misses:u,1209152,100.00,,
     1.353571450,34,,cache-misses:u,1209120,100.00,,
     1.353571450,1602616,,bus-cycles:u,1209344,100.00,,
     1.353571450,10254543,,instructions:u,1209216,100.00,,
     1.354763264,354,,branch-misses:u,1191136,100.00,,
     1.354763264,34,,cache-misses:u,1190016,100.00,,
     1.354763264,1580232,,bus-cycles:u,1189216,100.00,,
     1.354763264,10094712,,instructions:u,1188832,100.00,,
     1.355924106,346,,branch-misses:u,1160800,100.00,,
     1.355924106,80,,cache-misses:u,1160736,100.00,,
     1.355924106,1536868,,bus-cycles:u,1160416,100.00,,
     1.355924106,9814497,,instructions:u,1159968,100.00,,
     1.357079956,344,,branch-misses:u,1155008,100.00,,
     1.357079956,52,,cache-misses:u,1154976,100.00,,
     1.357079956,1535244,,bus-cycles:u,1155008,100.00,,
     1.357079956,9814300,,instructions:u,1155136,100.00,,
     1.358232094,340,,branch-misses:u,1152192,100.00,,
     1.358232094,31,,cache-misses:u,1152000,100.00,,
     1.358232094,1531022,,bus-cycles:u,1152032,100.00,,
     1.358232094,9734007,,instructions:u,1151904,100.00,,
     1.359380489,342,,branch-misses:u,1148384,100.00,,
     1.359380489,35,,cache-misses:u,1148320,100.00,,
     1.359380489,1526493,,bus-cycles:u,1148160,100.00,,
     1.359380489,9769460,,instructions:u,1148288,100.00,,
     1.360529460,342,,branch-misses:u,1149408,100.00,,
     1.360529460,111,,cache-misses:u,1149536,100.00,,
     1.360529460,1522986,,bus-cycles:u,1149632,100.00,,
     1.360529460,9738608,,instructions:u,1149472,100.00,,
     1.361679838,344,,branch-misses:u,1150112,100.00,,
     1.361679838,43,,cache-misses:u,1149984,100.00,,
     1.361679838,1529252,,bus-cycles:u,1149984,100.00,,
     1.361679838,9790132,,instructions:u,1150176,100.00,,
     1.362829609,345,,branch-misses:u,1149984,100.00,,
     1.362829609,33,,cache-misses:u,1150048,100.00,,
     1.362829609,1530036,,bus-cycles:u,1149920,100.00,,
     1.362829609,9782383,,instructions:u,1149824,100.00,,
     1.363978132,341,,branch-misses:u,1148928,100.00,,
     1.363978132,88,,cache-misses:u,1148960,100.00,,
     1.363978132,1521062,,bus-cycles:u,1148960,100.00,,
     1.363978132,9721271,,instructions:u,1148928,100.00,,
     1.365157403,351,,branch-misses:u,1179488,100.00,,
     1.365157403,67,,cache-misses:u,1179744,100.00,,
     1.365157403,1568949,,bus-cycles:u,1179872,100.00,,
     1.365157403,10029296,,instructions:u,1179840,100.00,,
     1.366310502,344,,branch-misses:u,1152800,100.00,,
     1.366310502,32,,cache-misses:u,1152576,100.00,,
     1.366310502,1533143,,bus-cycles:u,1152416,100.00,,
     1.366310502,9794509,,instructions:u,1152480,100.00,,
     1.367457841,343,,branch-misses:u,1147456,100.00,,
     1.367457841,29,,cache-misses:u,1147296,100.00,,
     1.367457841,1525582,,bus-cycles:u,1147392,100.00,,
     1.367457841,9774031,,instructions:u,1147328,100.00,,
     1.368606587,342,,branch-misses:u,1149248,100.00,,
     1.368606587,110,,cache-misses:u,1149344,100.00,,
     1.368606587,1523846,,bus-cycles:u,1149344,100.00,,
     1.368606587,9740356,,instructions:u,1149408,100.00,,
     1.369758310,343,,branch-misses:u,1151456,100.00,,
     1.369758310,41,,cache-misses:u,1151456,100.00,,
     1.369758310,1532380,,bus-cycles:u,1151392,100.00,,
     1.369758310,9793184,,instructions:u,1151392,100.00,,
     1.370905969,343,,branch-misses:u,1147744,100.00,,
     1.370905969,34,,cache-misses:u,1147648,100.00,,
     1.370905969,1527158,,bus-cycles:u,1147776,100.00,,
     1.370905969,9787629,,instructions:u,1147744,100.00,,
     1.372055356,341,,branch-misses:u,1146208,100.00,,
     1.372055356,209,,cache-misses:u,1146176,100.00,,
     1.372055356,1512006,,bus-cycles:u,1146080,100.00,,
     1.372055356,9667657,,instructions:u,1146080,100.00,,
     1.373205286,342,,branch-misses:u,1149472,100.00,,
     1.373205286,33,,cache-misses:u,1149472,100.00,,
     1.373205286,1529473,,bus-cycles:u,1149504,100.00,,
     1.373205286,9779836,,instructions:u,1149440,100.00,,
     1.374354961,342,,branch-misses:u,1149760,100.00,,
     1.374354961,29,,cache-misses:u,1149856,100.00,,
     1.374354961,1529747,,bus-cycles:u,1149888,100.00,,
     1.374354961,9750103,,instructions:u,1149920,100.00,,
     1.375505308,343,,branch-misses:u,1150432,100.00,,
     1.375505308,31,,cache-misses:u,1150240,100.00,,
     1.375505308,1530547,,bus-cycles:u,1150176,100.00,,
     1.375505308,9789333,,instructions:u,1150208,100.00,,
     1.376652455,341,,branch-misses:u,1147616,100.00,,
     1.376652455,128,,cache-misses:u,1147680,100.00,,
     1.376652455,1518913,,bus-cycles:u,1147680,100.00,,
     1.376652455,9707642,,instructions:u,1147680,100.00,,
     1.377799729,342,,branch-misses:u,1147008,100.00,,
     1.377799729,42,,cache-misses:u,1146944,100.00,,
     1.377799729,1525188,,bus-cycles:u,1146976,100.00,,
     1.377799729,9747660,,instructions:u,1146944,100.00,,
     1.378944893,341,,branch-misses:u,1145248,100.00,,
     1.378944893,28,,cache-misses:u,1145312,100.00,,
     1.378944893,1523867,,bus-cycles:u,1145344,100.00,,
     1.378944893,9730147,,instructions:u,1145376,100.00,,
     1.380090504,341,,branch-misses:u,1146208,100.00,,
     1.380090504,133,,cache-misses:u,1146272,100.00,,
     1.380090504,1516769,,bus-cycles:u,1146272,100.00,,
     1.380090504,9697895,,instructions:u,1146272,100.00,,
     1.381238067,341,,branch-misses:u,1147360,100.00,,
     1.381238067,29,,cache-misses:u,1147360,100.00,,
     1.381238067,1526432,,bus-cycles:u,1147264,100.00,,
     1.381238067,9748766,,instructions:u,1147296,100.00,,
     1.382382686,341,,branch-misses:u,1144288,100.00,,
     1.382382686,26,,cache-misses:u,1144256,100.00,,
     1.382382686,1521885,,bus-cycles:u,1144224,100.00,,
     1.382382686,9732818,,instructions:u,1144192,100.00,,
     1.383527273,341,,branch-misses:u,1144736,100.00,,
     1.383527273,32,,cache-misses:u,1144704,100.00,,
     1.383527273,1522216,,bus-cycles:u,1144736,100.00,,
     1.383527273,9738117,,instructions:u,1144704,100.00,,
     1.384672724,343,,branch-misses:u,1146336,100.00,,
     1.384672724,112,,cache-misses:u,1146528,100.00,,
     1.384672724,1519434,,bus-cycles:u,1146656,100.00,,
     1.384672724,9719042,,instructions:u,1146720,100.00,,
     1.385821503,342,,branch-misses:u,1148480,100.00,,
     1.385821503,28,,cache-misses:u,1148384,100.00,,
     1.385821503,1526855,,bus-cycles:u,1148320,100.00,,
     1.385821503,9751612,,instructions:u,1148288,100.00,,
     1.386978953,345,,branch-misses:u,1159584,100.00,,
     1.386978953,26,,cache-misses:u,1159520,100.00,,
     1.386978953,1542322,,bus-cycles:u,1159520,100.00,,
     1.386978953,9832012,,instructions:u,1159520,100.00,,
     1.388127796,342,,branch-misses:u,1147264,100.00,,
     1.388127796,103,,cache-misses:u,1147264,100.00,,
     1.388127796,1521162,,bus-cycles:u,1147264,100.00,,
     1.388127796,9721864,,instructions:u,1147264,100.00,,
     1.389274559,342,,branch-misses:u,1146560,100.00,,
     1.389274559,37,,cache-misses:u,1146592,100.00,,
     1.389274559,1525578,,bus-cycles:u,1146528,100.00,,
     1.389274559,9746416,,instructions:u,1146560,100.00,,
     1.390419658,342,,branch-misses:u,1145216,100.00,,
     1.390419658,26,,cache-misses:u,1145216,100.00,,
     1.390419658,1523622,,bus-cycles:u,1145248,100.00,,
     1.390419658,9746894,,instructions:u,1145184,100.00,,
     1.391564437,342,,branch-misses:u,1144896,100.00,,
     1.391564437,30,,cache-misses:u,1144864,100.00,,
     1.391564437,1523448,,bus-cycles:u,1144928,100.00,,
     1.391564437,9742861,,instructions:u,1144960,100.00,,
     1.392722175,345,,branch-misses:u,1158176,100.00,,
     1.392722175,109,,cache-misses:u,1158144,100.00,,
     1.392722175,1536291,,bus-cycles:u,1158112,100.00,,
     1.392722175,9819957,,instructions:u,1158048,100.00,,
     1.393869194,341,,branch-misses:u,1146784,100.00,,
     1.393869194,32,,cache-misses:u,1146848,100.00,,
     1.393869194,1525896,,bus-cycles:u,1146816,100.00,,
     1.393869194,9742698,,instructions:u,1146880,100.00,,
     1.395014133,341,,branch-misses:u,1145120,100.00,,
     1.395014133,26,,cache-misses:u,1145152,100.00,,
     1.395014133,1523164,,bus-cycles:u,1145152,100.00,,
     1.395014133,9732941,,instructions:u,1145152,100.00,,
     1.396160832,344,,branch-misses:u,1147136,100.00,,
     1.396160832,111,,cache-misses:u,1147072,100.00,,
     1.396160832,1522007,,bus-cycles:u,1147200,100.00,,
     1.396160832,9731812,,instructions:u,1147136,100.00,,
     1.397307755,342,,branch-misses:u,1146784,100.00,,
     1.397307755,32,,cache-misses:u,1146880,100.00,,
     1.397307755,1525439,,bus-cycles:u,1146688,100.00,,
     1.397307755,9753729,,instructions:u,1146720,100.00,,
     1.398454742,342,,branch-misses:u,1146944,100.00,,
     1.398454742,31,,cache-misses:u,1146912,100.00,,
     1.398454742,1526600,,bus-cycles:u,1146976,100.00,,
     1.398454742,9762528,,instructions:u,1147008,100.00,,
     1.399600417,343,,branch-misses:u,1145952,100.00,,
     1.399600417,28,,cache-misses:u,1145888,100.00,,
     1.399600417,1524857,,bus-cycles:u,1145920,100.00,,
     1.399600417,9770223,,instructions:u,1145952,100.00,,
     1.400747564,342,,branch-misses:u,1147488,100.00,,
     1.400747564,114,,cache-misses:u,1147488,100.00,,
     1.400747564,1522751,,bus-cycles:u,1147488,100.00,,
     1.400747564,9737440,,instructions:u,1147456,100.00,,
     1.401895543,345,,branch-misses:u,1147712,100.00,,
     1.401895543,37,,cache-misses:u,1147744,100.00,,
     1.401895543,1527095,,bus-cycles:u,1147744,100.00,,
     1.401895543,9759862,,instructions:u,1147744,100.00,,
     1.403041570,341,,branch-misses:u,1146176,100.00,,
     1.403041570,29,,cache-misses:u,1146176,100.00,,
     1.403041570,1525743,,bus-cycles:u,1146176,100.00,,
     1.403041570,9746235,,instructions:u,1146112,100.00,,
     1.404187565,341,,branch-misses:u,1146528,100.00,,
     1.404187565,101,,cache-misses:u,1146528,100.00,,
     1.404187565,1519905,,bus-cycles:u,1146496,100.00,,
     1.404187565,9693283,,instructions:u,1146592,100.00,,
     1.405334776,342,,branch-misses:u,1146912,100.00,,
     1.405334776,42,,cache-misses:u,1146912,100.00,,
     1.405334776,1525591,,bus-cycles:u,1146976,100.00,,
     1.405334776,9758826,,instructions:u,1146976,100.00,,
     1.406479971,342,,branch-misses:u,1145344,100.00,,
     1.406479971,30,,cache-misses:u,1145312,100.00,,
     1.406479971,1523177,,bus-cycles:u,1145280,100.00,,
     1.406479971,9743119,,instructions:u,1145248,100.00,,
     1.407637069,345,,branch-misses:u,1157536,100.00,,
     1.407637069,38,,cache-misses:u,1157600,100.00,,
     1.407637069,1539614,,bus-cycles:u,1157632,100.00,,
     1.407637069,9823045,,instructions:u,1157568,100.00,,
     1.408785560,345,,branch-misses:u,1148736,100.00,,
     1.408785560,105,,cache-misses:u,1148800,100.00,,
     1.408785560,1522395,,bus-cycles:u,1148768,100.00,,
     1.408785560,9723873,,instructions:u,1148768,100.00,,
     1.409933347,343,,branch-misses:u,1147520,100.00,,
     1.409933347,36,,cache-misses:u,1147456,100.00,,
     1.409933347,1526654,,bus-cycles:u,1147488,100.00,,
     1.409933347,9775266,,instructions:u,1147552,100.00,,
     1.411079214,342,,branch-misses:u,1145824,100.00,,
     1.411079214,27,,cache-misses:u,1145760,100.00,,
     1.411079214,1524226,,bus-cycles:u,1145728,100.00,,
     1.411079214,9768357,,instructions:u,1145760,100.00,,
     1.412225785,342,,branch-misses:u,1147136,100.00,,
     1.412225785,100,,cache-misses:u,1147200,100.00,,
     1.412225785,1520958,,bus-cycles:u,1147200,100.00,,
     1.412225785,9735296,,instructions:u,1147136,100.00,,
     1.413372932,344,,branch-misses:u,1147136,100.00,,
     1.413372932,45,,cache-misses:u,1147200,100.00,,
     1.413372932,1526184,,bus-cycles:u,1147168,100.00,,
     1.413372932,9752153,,instructions:u,1147200,100.00,,
     1.414519439,342,,branch-misses:u,1146400,100.00,,
     1.414519439,29,,cache-misses:u,1146368,100.00,,
     1.414519439,1525695,,bus-cycles:u,1146400,100.00,,
     1.414519439,9733618,,instructions:u,1146432,100.00,,
     1.415664506,341,,branch-misses:u,1145184,100.00,,
     1.415664506,30,,cache-misses:u,1145152,100.00,,
     1.415664506,1523680,,bus-cycles:u,1145216,100.00,,
     1.415664506,9713949,,instructions:u,1145184,100.00,,
     1.416811365,341,,branch-misses:u,1147360,100.00,,
     1.416811365,101,,cache-misses:u,1147392,100.00,,
     1.416811365,1519911,,bus-cycles:u,1147360,100.00,,
     1.416811365,9717022,,instructions:u,1147360,100.00,,
     1.417958480,344,,branch-misses:u,1146880,100.00,,
     1.417958480,36,,cache-misses:u,1146784,100.00,,
     1.417958480,1526143,,bus-cycles:u,1146688,100.00,,
     1.417958480,9756599,,instructions:u,1146688,100.00,,
     1.419103291,342,,branch-misses:u,1144928,100.00,,
     1.419103291,35,,cache-misses:u,1144928,100.00,,
     1.419103291,1524226,,bus-cycles:u,1144992,100.00,,
     1.419103291,9728924,,instructions:u,1144928,100.00,,
     1.420249446,344,,branch-misses:u,1146528,100.00,,
     1.420249446,94,,cache-misses:u,1146624,100.00,,
     1.420249446,1520210,,bus-cycles:u,1146688,100.00,,
     1.420249446,9718759,,instructions:u,1146720,100.00,,
     1.421397041,342,,branch-misses:u,1147552,100.00,,
     1.421397041,35,,cache-misses:u,1147328,100.00,,
     1.421397041,1526414,,bus-cycles:u,1147328,100.00,,
     1.421397041,9760992,,instructions:u,1147392,100.00,,
     1.422542780,340,,branch-misses:u,1145728,100.00,,
     1.422542780,33,,cache-misses:u,1145856,100.00,,
     1.422542780,1524374,,bus-cycles:u,1145792,100.00,,
     1.422542780,9718832,,instructions:u,1145728,100.00,,
     1.423689383,342,,branch-misses:u,1146720,100.00,,
     1.423689383,33,,cache-misses:u,1146720,100.00,,
     1.423689383,1526531,,bus-cycles:u,1146720,100.00,,
     1.423689383,9764817,,instructions:u,1146752,100.00,,
     1.424835346,343,,branch-misses:u,1146400,100.00,,
     1.424835346,101,,cache-misses:u,1146400,100.00,,
     1.424835346,1521808,,bus-cycles:u,1146432,100.00,,
     1.424835346,9718818,,instructions:u,1146368,100.00,,
     1.425982333,343,,branch-misses:u,1146784,100.00,,
     1.425982333,33,,cache-misses:u,1146880,100.00,,
     1.425982333,1526420,,bus-cycles:u,1146848,100.00,,
     1.425982333,9762877,,instructions:u,1146944,100.00,,
     1.427127656,342,,branch-misses:u,1145472,100.00,,
     1.427127656,25,,cache-misses:u,1145504,100.00,,
     1.427127656,1523935,,bus-cycles:u,1145600,100.00,,
     1.427127656,9713061,,instructions:u,1145568,100.00,,
     1.428281459,344,,branch-misses:u,1153920,100.00,,
     1.428281459,99,,cache-misses:u,1153824,100.00,,
     1.428281459,1530791,,bus-cycles:u,1153792,100.00,,
     1.428281459,9770019,,instructions:u,1153792,100.00,,
     1.429441500,346,,branch-misses:u,1160512,100.00,,
     1.429441500,36,,cache-misses:u,1160608,100.00,,
     1.429441500,1543254,,bus-cycles:u,1160576,100.00,,
     1.429441500,9884751,,instructions:u,1160544,100.00,,
     1.430588167,344,,branch-misses:u,1146464,100.00,,
     1.430588167,34,,cache-misses:u,1146368,100.00,,
     1.430588167,1525148,,bus-cycles:u,1146336,100.00,,
     1.430588167,9755291,,instructions:u,1146368,100.00,,
     1.431733522,341,,branch-misses:u,1145472,100.00,,
     1.431733522,31,,cache-misses:u,1145472,100.00,,
     1.431733522,1524566,,bus-cycles:u,1145504,100.00,,
     1.431733522,9747814,,instructions:u,1145440,100.00,,
     1.432879837,339,,branch-misses:u,1143584,100.00,,
     1.432879837,184,,cache-misses:u,1144544,100.00,,
     1.432879837,1507602,,bus-cycles:u,1144576,100.00,,
     1.432879837,9633201,,instructions:u,1144672,100.00,,
     1.434035911,344,,branch-misses:u,1155456,100.00,,
     1.434035911,29,,cache-misses:u,1155008,100.00,,
     1.434035911,1535456,,bus-cycles:u,1154976,100.00,,
     1.434035911,9823540,,instructions:u,1154976,100.00,,
     1.435186450,342,,branch-misses:u,1150528,100.00,,
     1.435186450,29,,cache-misses:u,1150080,100.00,,
     1.435186450,1529232,,bus-cycles:u,1150048,100.00,,
     1.435186450,9775307,,instructions:u,1149984,100.00,,
     1.436355675,353,,branch-misses:u,1184928,100.00,,
     1.436355675,111,,cache-misses:u,1187744,100.00,,
     1.436355675,1575584,,bus-cycles:u,1190144,100.00,,
     1.436355675,10064101,,instructions:u,1191552,100.00,,
     1.437606043,368,,branch-misses:u,1237568,100.00,,
     1.437606043,33,,cache-misses:u,1235328,100.00,,
     1.437606043,1641532,,bus-cycles:u,1233376,100.00,,
     1.437606043,10483846,,instructions:u,1232480,100.00,,
     1.438765797,346,,branch-misses:u,1158144,100.00,,
     1.438765797,28,,cache-misses:u,1157728,100.00,,
     1.438765797,1539861,,bus-cycles:u,1157376,100.00,,
     1.438765797,9844921,,instructions:u,1157024,100.00,,
     1.439915984,343,,branch-misses:u,1149856,100.00,,
     1.439915984,67,,cache-misses:u,1149888,100.00,,
     1.439915984,1524167,,bus-cycles:u,1149888,100.00,,
     1.439915984,9746722,,instructions:u,1149888,100.00,,
     1.441067546,345,,branch-misses:u,1151488,100.00,,
     1.441067546,69,,cache-misses:u,1151264,100.00,,
     1.441067546,1531275,,bus-cycles:u,1151168,100.00,,
     1.441067546,9794438,,instructions:u,1151072,100.00,,
     1.442214405,341,,branch-misses:u,1146720,100.00,,
     1.442214405,31,,cache-misses:u,1146560,100.00,,
     1.442214405,1524533,,bus-cycles:u,1146592,100.00,,
     1.442214405,9732807,,instructions:u,1146592,100.00,,
     1.443360240,342,,branch-misses:u,1145472,100.00,,
     1.443360240,27,,cache-misses:u,1145440,100.00,,
     1.443360240,1523724,,bus-cycles:u,1145440,100.00,,
     1.443360240,9760679,,instructions:u,1145472,100.00,,
     1.444507963,344,,branch-misses:u,1151616,100.00,,
     1.444507963,112,,cache-misses:u,1152160,100.00,,
     1.444507963,1525976,,bus-cycles:u,1152192,100.00,,
     1.444507963,9761187,,instructions:u,1152192,100.00,,
     1.445687011,351,,branch-misses:u,1176224,100.00,,
     1.445687011,33,,cache-misses:u,1175808,100.00,,
     1.445687011,1564421,,bus-cycles:u,1175680,100.00,,
     1.445687011,10006561,,instructions:u,1175584,100.00,,
     1.446837965,343,,branch-misses:u,1151200,100.00,,
     1.446837965,28,,cache-misses:u,1151136,100.00,,
     1.446837965,1531545,,bus-cycles:u,1151200,100.00,,
     1.446837965,9790524,,instructions:u,1151200,100.00,,
     1.447991192,345,,branch-misses:u,1155072,100.00,,
     1.447991192,63,,cache-misses:u,1156000,100.00,,
     1.447991192,1531400,,bus-cycles:u,1156096,100.00,,
     1.447991192,9811093,,instructions:u,1156224,100.00,,
     1.449161696,350,,branch-misses:u,1168512,100.00,,
     1.449161696,66,,cache-misses:u,1167552,100.00,,
     1.449161696,1554293,,bus-cycles:u,1167424,100.00,,
     1.449161696,9929910,,instructions:u,1167264,100.00,,
     1.450369125,359,,branch-misses:u,1209216,100.00,,
     1.450369125,31,,cache-misses:u,1210720,100.00,,
     1.450369125,1612372,,bus-cycles:u,1210720,100.00,,
     1.450369125,10280498,,instructions:u,1211360,100.00,,
     1.451527023,346,,branch-misses:u,1155904,100.00,,
     1.451527023,28,,cache-misses:u,1154432,100.00,,
     1.451527023,1538030,,bus-cycles:u,1154496,100.00,,
     1.451527023,9835584,,instructions:u,1153888,100.00,,
     1.452672538,341,,branch-misses:u,1146336,100.00,,
     1.452672538,114,,cache-misses:u,1146432,100.00,,
     1.452672538,1520392,,bus-cycles:u,1146368,100.00,,
     1.452672538,9733478,,instructions:u,1146368,100.00,,
     1.453823205,343,,branch-misses:u,1150016,100.00,,
     1.453823205,31,,cache-misses:u,1149920,100.00,,
     1.453823205,1530747,,bus-cycles:u,1149920,100.00,,
     1.453823205,9780037,,instructions:u,1150048,100.00,,
     1.454968272,341,,branch-misses:u,1145120,100.00,,
     1.454968272,29,,cache-misses:u,1145056,100.00,,
     1.454968272,1524608,,bus-cycles:u,1145152,100.00,,
     1.454968272,9732582,,instructions:u,1145056,100.00,,
     1.456114075,340,,branch-misses:u,1146752,100.00,,
     1.456114075,106,,cache-misses:u,1146944,100.00,,
     1.456114075,1518171,,bus-cycles:u,1146880,100.00,,
     1.456114075,9681821,,instructions:u,1146880,100.00,,
     1.457263526,343,,branch-misses:u,1149216,100.00,,
     1.457263526,36,,cache-misses:u,1149408,100.00,,
     1.457263526,1530393,,bus-cycles:u,1149472,100.00,,
     1.457263526,9797156,,instructions:u,1149472,100.00,,
     1.458416272,345,,branch-misses:u,1152960,100.00,,
     1.458416272,31,,cache-misses:u,1152672,100.00,,
     1.458416272,1534472,,bus-cycles:u,1152704,100.00,,
     1.458416272,9814280,,instructions:u,1152736,100.00,,
     1.459564667,343,,branch-misses:u,1148032,100.00,,
     1.459564667,30,,cache-misses:u,1147936,100.00,,
     1.459564667,1528832,,bus-cycles:u,1147872,100.00,,
     1.459564667,9781633,,instructions:u,1147840,100.00,,
     1.460711846,342,,branch-misses:u,1149216,100.00,,
     1.460711846,104,,cache-misses:u,1149920,100.00,,
     1.460711846,1521306,,bus-cycles:u,1149952,100.00,,
     1.460711846,9721196,,instructions:u,1150048,100.00,,
     1.461875919,346,,branch-misses:u,1162368,100.00,,
     1.461875919,27,,cache-misses:u,1161920,100.00,,
     1.461875919,1546846,,bus-cycles:u,1161888,100.00,,
     1.461875919,9879241,,instructions:u,1161792,100.00,,
     1.463026266,342,,branch-misses:u,1150272,100.00,,
     1.463026266,28,,cache-misses:u,1150144,100.00,,
     1.463026266,1531168,,bus-cycles:u,1150112,100.00,,
     1.463026266,9781775,,instructions:u,1150144,100.00,,
     1.464172485,343,,branch-misses:u,1147040,100.00,,
     1.464172485,111,,cache-misses:u,1147136,100.00,,
     1.464172485,1521426,,bus-cycles:u,1147200,100.00,,
     1.464172485,9732802,,instructions:u,1147232,100.00,,
     1.465320111,345,,branch-misses:u,1147136,100.00,,
     1.465320111,36,,cache-misses:u,1147072,100.00,,
     1.465320111,1527268,,bus-cycles:u,1147072,100.00,,
     1.465320111,9784173,,instructions:u,1147040,100.00,,
     1.466466746,342,,branch-misses:u,1146816,100.00,,
     1.466466746,31,,cache-misses:u,1146688,100.00,,
     1.466466746,1527017,,bus-cycles:u,1146560,100.00,,
     1.466466746,9751532,,instructions:u,1146560,100.00,,
     1.467614021,343,,branch-misses:u,1147456,100.00,,
     1.467614021,31,,cache-misses:u,1147424,100.00,,
     1.467614021,1528113,,bus-cycles:u,1147520,100.00,,
     1.467614021,9762551,,instructions:u,1147552,100.00,,
     1.468762288,342,,branch-misses:u,1149120,100.00,,
     1.468762288,101,,cache-misses:u,1149280,100.00,,
     1.468762288,1524355,,bus-cycles:u,1149280,100.00,,
     1.468762288,9758234,,instructions:u,1149216,100.00,,
     1.469912539,345,,branch-misses:u,1149888,100.00,,
     1.469912539,34,,cache-misses:u,1149920,100.00,,
     1.469912539,1531544,,bus-cycles:u,1149888,100.00,,
     1.469912539,9797687,,instructions:u,1149824,100.00,,
     1.471060518,341,,branch-misses:u,1147680,100.00,,
     1.471060518,31,,cache-misses:u,1147520,100.00,,
     1.471060518,1528414,,bus-cycles:u,1147584,100.00,,
     1.471060518,9739904,,instructions:u,1147584,100.00,,
     1.472233294,349,,branch-misses:u,1174432,100.00,,
     1.472233294,102,,cache-misses:u,1174656,100.00,,
     1.472233294,1557946,,bus-cycles:u,1174688,100.00,,
     1.472233294,9953592,,instructions:u,1174848,100.00,,
     1.473384089,343,,branch-misses:u,1149824,100.00,,
     1.473384089,32,,cache-misses:u,1150976,100.00,,
     1.473384089,1531576,,bus-cycles:u,1150912,100.00,,
     1.473384089,9795773,,instructions:u,1150816,100.00,,
     1.474531524,343,,branch-misses:u,1147136,100.00,,
     1.474531524,26,,cache-misses:u,1145760,100.00,,
     1.474531524,1525491,,bus-cycles:u,1145728,100.00,,
     1.474531524,9756317,,instructions:u,1145664,100.00,,
     1.475675311,343,,branch-misses:u,1143872,100.00,,
     1.475675311,32,,cache-misses:u,1143872,100.00,,
     1.475675311,1523104,,bus-cycles:u,1143840,100.00,,
     1.475675311,9743579,,instructions:u,1143872,100.00,,
     1.476818746,340,,branch-misses:u,1144928,100.00,,
     1.476818746,117,,cache-misses:u,1144992,100.00,,
     1.476818746,1516478,,bus-cycles:u,1145056,100.00,,
     1.476818746,9691320,,instructions:u,1145056,100.00,,
     1.477968133,344,,branch-misses:u,1148192,100.00,,
     1.477968133,30,,cache-misses:u,1148064,100.00,,
     1.477968133,1528252,,bus-cycles:u,1148128,100.00,,
     1.477968133,9765971,,instructions:u,1148192,100.00,,
     1.479121519,345,,branch-misses:u,1161344,100.00,,
     1.479121519,30,,cache-misses:u,1164224,100.00,,
     1.479121519,1551452,,bus-cycles:u,1165760,100.00,,
     1.479121519,9905767,,instructions:u,1167488,100.00,,
     1.480337747,360,,branch-misses:u,1211488,100.00,,
     1.480337747,124,,cache-misses:u,1209696,100.00,,
     1.480337747,1595809,,bus-cycles:u,1208448,100.00,,
     1.480337747,10182866,,instructions:u,1207104,100.00,,
     1.481508124,351,,branch-misses:u,1173024,100.00,,
     1.481508124,29,,cache-misses:u,1173824,100.00,,
     1.481508124,1562412,,bus-cycles:u,1174688,100.00,,
     1.481508124,9991042,,instructions:u,1175200,100.00,,
     1.482702274,357,,branch-misses:u,1193376,100.00,,
     1.482702274,27,,cache-misses:u,1194016,100.00,,
     1.482702274,1589434,,bus-cycles:u,1194112,100.00,,
     1.482702274,10171073,,instructions:u,1194432,100.00,,
     1.483877418,349,,branch-misses:u,1172736,100.00,,
     1.483877418,42,,cache-misses:u,1171040,100.00,,
     1.483877418,1550304,,bus-cycles:u,1170144,100.00,,
     1.483877418,9910639,,instructions:u,1169280,100.00,,
     1.485038324,347,,branch-misses:u,1160320,100.00,,
     1.485038324,86,,cache-misses:u,1160032,100.00,,
     1.485038324,1544775,,bus-cycles:u,1159616,100.00,,
     1.485038324,9874924,,instructions:u,1159264,100.00,,
     1.486188030,345,,branch-misses:u,1148928,100.00,,
     1.486188030,30,,cache-misses:u,1148512,100.00,,
     1.486188030,1529393,,bus-cycles:u,1148448,100.00,,
     1.486188030,9796957,,instructions:u,1148416,100.00,,
     1.487353831,351,,branch-misses:u,1170464,100.00,,
     1.487353831,34,,cache-misses:u,1171872,100.00,,
     1.487353831,1561212,,bus-cycles:u,1173408,100.00,,
     1.487353831,9991361,,instructions:u,1174400,100.00,,
     1.488542350,353,,branch-misses:u,1185568,100.00,,
     1.488542350,114,,cache-misses:u,1184768,100.00,,
     1.488542350,1568283,,bus-cycles:u,1183872,100.00,,
     1.488542350,10027123,,instructions:u,1183168,100.00,,
     1.489701560,347,,branch-misses:u,1158912,100.00,,
     1.489701560,38,,cache-misses:u,1158496,100.00,,
     1.489701560,1541705,,bus-cycles:u,1157984,100.00,,
     1.489701560,9854094,,instructions:u,1157856,100.00,,
     1.490851682,342,,branch-misses:u,1149664,100.00,,
     1.490851682,35,,cache-misses:u,1149568,100.00,,
     1.490851682,1528462,,bus-cycles:u,1149504,100.00,,
     1.490851682,9779512,,instructions:u,1149472,100.00,,
     1.491998669,340,,branch-misses:u,1142304,100.00,,
     1.491998669,194,,cache-misses:u,1142240,100.00,,
     1.491998669,1505956,,bus-cycles:u,1142208,100.00,,
     1.491998669,9641654,,instructions:u,1142176,100.00,,
     1.493189076,355,,branch-misses:u,1191456,100.00,,
     1.493189076,53,,cache-misses:u,1192352,100.00,,
     1.493189076,1587274,,bus-cycles:u,1192928,100.00,,
     1.493189076,10137402,,instructions:u,1192896,100.00,,
     1.494356029,350,,branch-misses:u,1172192,100.00,,
     1.494356029,31,,cache-misses:u,1173056,100.00,,
     1.494356029,1562812,,bus-cycles:u,1173792,100.00,,
     1.494356029,9990842,,instructions:u,1174432,100.00,,
     1.495571937,363,,branch-misses:u,1214688,100.00,,
     1.495571937,32,,cache-misses:u,1214464,100.00,,
     1.495571937,1614792,,bus-cycles:u,1214112,100.00,,
     1.495571937,10339869,,instructions:u,1213888,100.00,,
     1.496767879,354,,branch-misses:u,1195296,100.00,,
     1.496767879,103,,cache-misses:u,1195552,100.00,,
     1.496767879,1581883,,bus-cycles:u,1196512,100.00,,
     1.496767879,10111636,,instructions:u,1197312,100.00,,
     1.497986762,362,,branch-misses:u,1216928,100.00,,
     1.497986762,36,,cache-misses:u,1216480,100.00,,
     1.497986762,1617741,,bus-cycles:u,1216000,100.00,,
     1.497986762,10350666,,instructions:u,1215872,100.00,,
     1.499164594,351,,branch-misses:u,1180096,100.00,,
     1.499164594,35,,cache-misses:u,1180576,100.00,,
     1.499164594,1568651,,bus-cycles:u,1180128,100.00,,
     1.499164594,10026825,,instructions:u,1179296,100.00,,
     1.500385814,364,,branch-misses:u,1222400,100.00,,
     1.500385814,119,,cache-misses:u,1222624,100.00,,
     1.500385814,1616452,,bus-cycles:u,1222400,100.00,,
     1.500385814,10343383,,instructions:u,1222464,100.00,,
     1.501586075,355,,branch-misses:u,1196032,100.00,,
     1.501586075,36,,cache-misses:u,1194496,100.00,,
     1.501586075,1589213,,bus-cycles:u,1193888,100.00,,
     1.501586075,10146681,,instructions:u,1193632,100.00,,
     1.502740069,344,,branch-misses:u,1153184,100.00,,
     1.502740069,34,,cache-misses:u,1152736,100.00,,
     1.502740069,1534497,,bus-cycles:u,1152704,100.00,,
     1.502740069,9815165,,instructions:u,1152608,100.00,,
     1.503880369,342,,branch-misses:u,1145824,100.00,,
     1.503880369,54,,cache-misses:u,1147744,100.00,,
     1.503880369,1522390,,bus-cycles:u,1148768,100.00,,
     1.503880369,9751410,,instructions:u,1149664,100.00,,
     1.505088502,360,,branch-misses:u,1205984,100.00,,
     1.505088502,93,,cache-misses:u,1205216,100.00,,
     1.505088502,1602438,,bus-cycles:u,1204992,100.00,,
     1.505088502,10241339,,instructions:u,1204960,100.00,,
     1.506275677,354,,branch-misses:u,1185120,100.00,,
     1.506275677,31,,cache-misses:u,1184448,100.00,,
     1.506275677,1577341,,bus-cycles:u,1183968,100.00,,
     1.506275677,10072938,,instructions:u,1183392,100.00,,
     1.507432743,345,,branch-misses:u,1156768,100.00,,
     1.507432743,26,,cache-misses:u,1156608,100.00,,
     1.507432743,1540762,,bus-cycles:u,1156256,100.00,,
     1.507432743,9855067,,instructions:u,1155968,100.00,,
     1.508582833,344,,branch-misses:u,1150784,100.00,,
     1.508582833,130,,cache-misses:u,1150944,100.00,,
     1.508582833,1525563,,bus-cycles:u,1151136,100.00,,
     1.508582833,9747888,,instructions:u,1151168,100.00,,
     1.509739515,343,,branch-misses:u,1155424,100.00,,
     1.509739515,33,,cache-misses:u,1154880,100.00,,
     1.509739515,1536260,,bus-cycles:u,1154688,100.00,,
     1.509739515,9812240,,instructions:u,1154624,100.00,,
     1.510887462,342,,branch-misses:u,1147968,100.00,,
     1.510887462,34,,cache-misses:u,1147936,100.00,,
     1.510887462,1527978,,bus-cycles:u,1147872,100.00,,
     1.510887462,9755684,,instructions:u,1147904,100.00,,
     1.512035473,342,,branch-misses:u,1148512,100.00,,
     1.512035473,87,,cache-misses:u,1149216,100.00,,
     1.512035473,1522939,,bus-cycles:u,1149248,100.00,,
     1.512035473,9734688,,instructions:u,1149312,100.00,,
     1.513188315,345,,branch-misses:u,1152576,100.00,,
     1.513188315,46,,cache-misses:u,1151968,100.00,,
     1.513188315,1533420,,bus-cycles:u,1151936,100.00,,
     1.513188315,9798120,,instructions:u,1151840,100.00,,
     1.514378434,353,,branch-misses:u,1190528,100.00,,
     1.514378434,30,,cache-misses:u,1190592,100.00,,
     1.514378434,1585627,,bus-cycles:u,1190592,100.00,,
     1.514378434,10103719,,instructions:u,1190656,100.00,,
     1.515529132,342,,branch-misses:u,1150304,100.00,,
     1.515529132,33,,cache-misses:u,1150240,100.00,,
     1.515529132,1530939,,bus-cycles:u,1150176,100.00,,
     1.515529132,9759647,,instructions:u,1150112,100.00,,
     1.516674648,343,,branch-misses:u,1146272,100.00,,
     1.516674648,123,,cache-misses:u,1146304,100.00,,
     1.516674648,1519418,,bus-cycles:u,1146400,100.00,,
     1.516674648,9722611,,instructions:u,1146496,100.00,,
     1.517826850,343,,branch-misses:u,1152224,100.00,,
     1.517826850,42,,cache-misses:u,1152096,100.00,,
     1.517826850,1533349,,bus-cycles:u,1152096,100.00,,
     1.517826850,9800079,,instructions:u,1151936,100.00,,
     1.518975085,344,,branch-misses:u,1147552,100.00,,
     1.518975085,31,,cache-misses:u,1147584,100.00,,
     1.518975085,1526659,,bus-cycles:u,1147520,100.00,,
     1.518975085,9761267,,instructions:u,1147584,100.00,,
     1.520122488,342,,branch-misses:u,1150720,100.00,,
     1.520122488,106,,cache-misses:u,1151232,100.00,,
     1.520122488,1527151,,bus-cycles:u,1152128,100.00,,
     1.520122488,9760390,,instructions:u,1152288,100.00,,
     1.521291649,349,,branch-misses:u,1167552,100.00,,
     1.521291649,35,,cache-misses:u,1167168,100.00,,
     1.521291649,1552445,,bus-cycles:u,1166336,100.00,,
     1.521291649,9924044,,instructions:u,1166208,100.00,,
     1.522440971,344,,branch-misses:u,1148128,100.00,,
     1.522440971,33,,cache-misses:u,1147904,100.00,,
     1.522440971,1528129,,bus-cycles:u,1147872,100.00,,
     1.522440971,9778859,,instructions:u,1147840,100.00,,
     1.523590358,344,,branch-misses:u,1149376,100.00,,
     1.523590358,57,,cache-misses:u,1149280,100.00,,
     1.523590358,1524897,,bus-cycles:u,1149472,100.00,,
     1.523590358,9747714,,instructions:u,1149504,100.00,,
     1.524736641,340,,branch-misses:u,1147392,100.00,,
     1.524736641,124,,cache-misses:u,1147648,100.00,,
     1.524736641,1516029,,bus-cycles:u,1147456,100.00,,
     1.524736641,9683136,,instructions:u,1147488,100.00,,
     1.525892011,344,,branch-misses:u,1154976,100.00,,
     1.525892011,31,,cache-misses:u,1154784,100.00,,
     1.525892011,1537932,,bus-cycles:u,1155680,100.00,,
     1.525892011,9833891,,instructions:u,1155584,100.00,,
     1.527051765,345,,branch-misses:u,1159904,100.00,,
     1.527051765,26,,cache-misses:u,1159840,100.00,,
     1.527051765,1541304,,bus-cycles:u,1158944,100.00,,
     1.527051765,9849099,,instructions:u,1159008,100.00,,
     1.528201247,345,,branch-misses:u,1152064,100.00,,
     1.528201247,124,,cache-misses:u,1153280,100.00,,
     1.528201247,1527099,,bus-cycles:u,1153696,100.00,,
     1.528201247,9777596,,instructions:u,1154272,100.00,,
     1.529378087,352,,branch-misses:u,1174464,100.00,,
     1.529378087,38,,cache-misses:u,1173536,100.00,,
     1.529378087,1560183,,bus-cycles:u,1173600,100.00,,
     1.529378087,9974720,,instructions:u,1172992,100.00,,
     1.530528690,342,,branch-misses:u,1150848,100.00,,
     1.530528690,34,,cache-misses:u,1150752,100.00,,
     1.530528690,1530186,,bus-cycles:u,1150272,100.00,,
     1.530528690,9773727,,instructions:u,1150272,100.00,,
     1.531676701,341,,branch-misses:u,1147936,100.00,,
     1.531676701,28,,cache-misses:u,1147840,100.00,,
     1.531676701,1527954,,bus-cycles:u,1147808,100.00,,
     1.531676701,9741730,,instructions:u,1147840,100.00,,
     1.532825064,343,,branch-misses:u,1148960,100.00,,
     1.532825064,116,,cache-misses:u,1150400,100.00,,
     1.532825064,1523499,,bus-cycles:u,1150336,100.00,,
     1.532825064,9741635,,instructions:u,1150432,100.00,,
     1.533983026,349,,branch-misses:u,1157856,100.00,,
     1.533983026,35,,cache-misses:u,1156928,100.00,,
     1.533983026,1540700,,bus-cycles:u,1156992,100.00,,
     1.533983026,9857093,,instructions:u,1156896,100.00,,
     1.535132924,342,,branch-misses:u,1149888,100.00,,
     1.535132924,34,,cache-misses:u,1149504,100.00,,
     1.535132924,1529549,,bus-cycles:u,1149408,100.00,,
     1.535132924,9770770,,instructions:u,1149312,100.00,,
     1.536316419,354,,branch-misses:u,1186016,100.00,,
     1.536316419,111,,cache-misses:u,1186368,100.00,,
     1.536316419,1570988,,bus-cycles:u,1186496,100.00,,
     1.536316419,10025105,,instructions:u,1186688,100.00,,
     1.537474989,344,,branch-misses:u,1156128,100.00,,
     1.537474989,39,,cache-misses:u,1155680,100.00,,
     1.537474989,1538603,,bus-cycles:u,1155712,100.00,,
     1.537474989,9835054,,instructions:u,1155584,100.00,,
     1.538623832,345,,branch-misses:u,1149504,100.00,,
     1.538623832,38,,cache-misses:u,1149568,100.00,,
     1.538623832,1529084,,bus-cycles:u,1149536,100.00,,
     1.538623832,9767781,,instructions:u,1149440,100.00,,
     1.539774243,341,,branch-misses:u,1149984,100.00,,
     1.539774243,33,,cache-misses:u,1149984,100.00,,
     1.539774243,1529778,,bus-cycles:u,1150016,100.00,,
     1.539774243,9755847,,instructions:u,1150112,100.00,,
     1.540934348,346,,branch-misses:u,1160544,100.00,,
     1.540934348,103,,cache-misses:u,1160992,100.00,,
     1.540934348,1537696,,bus-cycles:u,1161056,100.00,,
     1.540934348,9821564,,instructions:u,1161056,100.00,,
     1.542084439,343,,branch-misses:u,1149888,100.00,,
     1.542084439,39,,cache-misses:u,1149408,100.00,,
     1.542084439,1529944,,bus-cycles:u,1149280,100.00,,
     1.542084439,9777275,,instructions:u,1149312,100.00,,
     1.543232674,343,,branch-misses:u,1148384,100.00,,
     1.543232674,30,,cache-misses:u,1148416,100.00,,
     1.543232674,1528396,,bus-cycles:u,1148480,100.00,,
     1.543232674,9781912,,instructions:u,1148416,100.00,,
     1.544386188,345,,branch-misses:u,1154688,100.00,,
     1.544386188,123,,cache-misses:u,1154816,100.00,,
     1.544386188,1526977,,bus-cycles:u,1154816,100.00,,
     1.544386188,9766770,,instructions:u,1154848,100.00,,
     1.545542710,343,,branch-misses:u,1155744,100.00,,
     1.545542710,37,,cache-misses:u,1155680,100.00,,
     1.545542710,1538667,,bus-cycles:u,1155680,100.00,,
     1.545542710,9827872,,instructions:u,1155680,100.00,,
     1.546695137,342,,branch-misses:u,1152640,100.00,,
     1.546695137,38,,cache-misses:u,1152736,100.00,,
     1.546695137,1534550,,bus-cycles:u,1152736,100.00,,
     1.546695137,9794160,,instructions:u,1152736,100.00,,
     1.547854698,345,,branch-misses:u,1160320,100.00,,
     1.547854698,44,,cache-misses:u,1160256,100.00,,
     1.547854698,1535370,,bus-cycles:u,1160224,100.00,,
     1.547854698,9821516,,instructions:u,1160288,100.00,,
     1.549014324,346,,branch-misses:u,1158848,100.00,,
     1.549014324,98,,cache-misses:u,1158816,100.00,,
     1.549014324,1541884,,bus-cycles:u,1158784,100.00,,
     1.549014324,9854391,,instructions:u,1158688,100.00,,
     1.550168446,344,,branch-misses:u,1154176,100.00,,
     1.550168446,34,,cache-misses:u,1153984,100.00,,
     1.550168446,1536314,,bus-cycles:u,1153920,100.00,,
     1.550168446,9819065,,instructions:u,1153888,100.00,,
     1.551317833,343,,branch-misses:u,1149344,100.00,,
     1.551317833,41,,cache-misses:u,1149440,100.00,,
     1.551317833,1530868,,bus-cycles:u,1149536,100.00,,
     1.551317833,9796532,,instructions:u,1149664,100.00,,
     1.552468723,339,,branch-misses:u,1145600,100.00,,
     1.552468723,209,,cache-misses:u,1147008,100.00,,
     1.552468723,1506591,,bus-cycles:u,1147200,100.00,,
     1.552468723,9629744,,instructions:u,1147296,100.00,,
     1.553634940,347,,branch-misses:u,1164992,100.00,,
     1.553634940,33,,cache-misses:u,1163808,100.00,,
     1.553634940,1548395,,bus-cycles:u,1163904,100.00,,
     1.553634940,9907913,,instructions:u,1163776,100.00,,
     1.554794342,351,,branch-misses:u,1159008,100.00,,
     1.554794342,29,,cache-misses:u,1158720,100.00,,
     1.554794342,1541087,,bus-cycles:u,1158400,100.00,,
     1.554794342,9855693,,instructions:u,1158400,100.00,,
     1.555954032,346,,branch-misses:u,1160384,100.00,,
     1.555954032,64,,cache-misses:u,1160512,100.00,,
     1.555954032,1536935,,bus-cycles:u,1160608,100.00,,
     1.555954032,9824471,,instructions:u,1160512,100.00,,
     1.557133047,352,,branch-misses:u,1179232,100.00,,
     1.557133047,71,,cache-misses:u,1179648,100.00,,
     1.557133047,1569858,,bus-cycles:u,1179616,100.00,,
     1.557133047,10034872,,instructions:u,1179712,100.00,,
     1.558290913,347,,branch-misses:u,1157760,100.00,,
     1.558290913,31,,cache-misses:u,1157280,100.00,,
     1.558290913,1540946,,bus-cycles:u,1157184,100.00,,
     1.558290913,9875460,,instructions:u,1157184,100.00,,
     1.559443948,346,,branch-misses:u,1153088,100.00,,
     1.559443948,30,,cache-misses:u,1153152,100.00,,
     1.559443948,1536968,,bus-cycles:u,1153184,100.00,,
     1.559443948,9826323,,instructions:u,1153184,100.00,,
     1.560594582,344,,branch-misses:u,1150912,100.00,,
     1.560594582,105,,cache-misses:u,1151008,100.00,,
     1.560594582,1527616,,bus-cycles:u,1151040,100.00,,
     1.560594582,9768756,,instructions:u,1151040,100.00,,
     1.561747201,344,,branch-misses:u,1152448,100.00,,
     1.561747201,33,,cache-misses:u,1152256,100.00,,
     1.561747201,1534279,,bus-cycles:u,1152224,100.00,,
     1.561747201,9815194,,instructions:u,1152192,100.00,,
     1.562901067,344,,branch-misses:u,1153664,100.00,,
     1.562901067,28,,cache-misses:u,1153696,100.00,,
     1.562901067,1535430,,bus-cycles:u,1153728,100.00,,
     1.562901067,9825165,,instructions:u,1153696,100.00,,
     1.564056757,346,,branch-misses:u,1156480,100.00,,
     1.564056757,93,,cache-misses:u,1156576,100.00,,
     1.564056757,1532041,,bus-cycles:u,1156544,100.00,,
     1.564056757,9798874,,instructions:u,1156576,100.00,,
     1.565214239,343,,branch-misses:u,1157280,100.00,,
     1.565214239,32,,cache-misses:u,1157312,100.00,,
     1.565214239,1540864,,bus-cycles:u,1157376,100.00,,
     1.565214239,9833606,,instructions:u,1157376,100.00,,
     1.566372233,346,,branch-misses:u,1158176,100.00,,
     1.566372233,29,,cache-misses:u,1158176,100.00,,
     1.566372233,1541598,,bus-cycles:u,1158112,100.00,,
     1.566372233,9846923,,instructions:u,1158080,100.00,,
     1.567532178,348,,branch-misses:u,1159616,100.00,,
     1.567532178,30,,cache-misses:u,1159424,100.00,,
     1.567532178,1543077,,bus-cycles:u,1159424,100.00,,
     1.567532178,9870847,,instructions:u,1159424,100.00,,
     1.568687901,345,,branch-misses:u,1156448,100.00,,
     1.568687901,102,,cache-misses:u,1156544,100.00,,
     1.568687901,1533542,,bus-cycles:u,1156544,100.00,,
     1.568687901,9796838,,instructions:u,1156576,100.00,,
     1.569846022,344,,branch-misses:u,1157952,100.00,,
     1.569846022,38,,cache-misses:u,1158080,100.00,,
     1.569846022,1541428,,bus-cycles:u,1158112,100.00,,
     1.569846022,9858536,,instructions:u,1158080,100.00,,
     1.570996241,343,,branch-misses:u,1150464,100.00,,
     1.570996241,27,,cache-misses:u,1150304,100.00,,
     1.570996241,1532176,,bus-cycles:u,1150240,100.00,,
     1.570996241,9787893,,instructions:u,1150272,100.00,,
     1.572155323,345,,branch-misses:u,1159744,100.00,,
     1.572155323,96,,cache-misses:u,1159904,100.00,,
     1.572155323,1537111,,bus-cycles:u,1160064,100.00,,
     1.572155323,9815586,,instructions:u,1160096,100.00,,
     1.573316868,347,,branch-misses:u,1161120,100.00,,
     1.573316868,31,,cache-misses:u,1161088,100.00,,
     1.573316868,1544941,,bus-cycles:u,1160992,100.00,,
     1.573316868,9889206,,instructions:u,1160928,100.00,,
     1.574476814,347,,branch-misses:u,1159968,100.00,,
     1.574476814,34,,cache-misses:u,1159776,100.00,,
     1.574476814,1543363,,bus-cycles:u,1159712,100.00,,
     1.574476814,9870509,,instructions:u,1159744,100.00,,
     1.575636696,345,,branch-misses:u,1159680,100.00,,
     1.575636696,30,,cache-misses:u,1159648,100.00,,
     1.575636696,1543075,,bus-cycles:u,1159648,100.00,,
     1.575636696,9855633,,instructions:u,1159712,100.00,,
     1.576798817,347,,branch-misses:u,1162848,100.00,,
     1.576798817,103,,cache-misses:u,1162944,100.00,,
     1.576798817,1542822,,bus-cycles:u,1163008,100.00,,
     1.576798817,9848502,,instructions:u,1162944,100.00,,
     1.577959626,348,,branch-misses:u,1160512,100.00,,
     1.577959626,41,,cache-misses:u,1160512,100.00,,
     1.577959626,1545548,,bus-cycles:u,1160480,100.00,,
     1.577959626,9887518,,instructions:u,1160512,100.00,,
     1.579131603,350,,branch-misses:u,1172416,100.00,,
     1.579131603,29,,cache-misses:u,1172608,100.00,,
     1.579131603,1561620,,bus-cycles:u,1172608,100.00,,
     1.579131603,9986059,,instructions:u,1172512,100.00,,
     1.580282237,343,,branch-misses:u,1150976,100.00,,
     1.580282237,107,,cache-misses:u,1150912,100.00,,
     1.580282237,1526357,,bus-cycles:u,1150848,100.00,,
     1.580282237,9762412,,instructions:u,1150912,100.00,,
     1.581437096,344,,branch-misses:u,1155072,100.00,,
     1.581437096,38,,cache-misses:u,1155008,100.00,,
     1.581437096,1537744,,bus-cycles:u,1155104,100.00,,
     1.581437096,9828932,,instructions:u,1155040,100.00,,
     1.582594066,347,,branch-misses:u,1156224,100.00,,
     1.582594066,30,,cache-misses:u,1156064,100.00,,
     1.582594066,1539749,,bus-cycles:u,1156064,100.00,,
     1.582594066,9861293,,instructions:u,1156096,100.00,,
     1.583742492,343,,branch-misses:u,1148928,100.00,,
     1.583742492,34,,cache-misses:u,1149024,100.00,,
     1.583742492,1529424,,bus-cycles:u,1148992,100.00,,
     1.583742492,9783369,,instructions:u,1148992,100.00,,
     1.584892103,343,,branch-misses:u,1150656,100.00,,
     1.584892103,104,,cache-misses:u,1151168,100.00,,
     1.584892103,1526971,,bus-cycles:u,1151264,100.00,,
     1.584892103,9748439,,instructions:u,1151296,100.00,,
     1.586055952,348,,branch-misses:u,1163168,100.00,,
     1.586055952,32,,cache-misses:u,1162848,100.00,,
     1.586055952,1547651,,bus-cycles:u,1162816,100.00,,
     1.586055952,9902404,,instructions:u,1162848,100.00,,
     1.587217530,349,,branch-misses:u,1161216,100.00,,
     1.587217530,35,,cache-misses:u,1161024,100.00,,
     1.587217530,1545961,,bus-cycles:u,1160992,100.00,,
     1.587217530,9894328,,instructions:u,1160960,100.00,,
     1.588366149,342,,branch-misses:u,1149472,100.00,,
     1.588366149,109,,cache-misses:u,1149472,100.00,,
     1.588366149,1522716,,bus-cycles:u,1149440,100.00,,
     1.588366149,9732884,,instructions:u,1149408,100.00,,
     1.589527662,346,,branch-misses:u,1161216,100.00,,
     1.589527662,31,,cache-misses:u,1161248,100.00,,
     1.589527662,1546330,,bus-cycles:u,1161856,100.00,,
     1.589527662,9880174,,instructions:u,1161920,100.00,,
     1.590687608,346,,branch-misses:u,1160128,100.00,,
     1.590687608,31,,cache-misses:u,1160000,100.00,,
     1.590687608,1542526,,bus-cycles:u,1159392,100.00,,
     1.590687608,9868851,,instructions:u,1159360,100.00,,
     1.591843298,345,,branch-misses:u,1155776,100.00,,
     1.591843298,40,,cache-misses:u,1167264,100.00,,
     1.591843298,1548421,,bus-cycles:u,1167776,100.00,,
     1.591843298,9885847,,instructions:u,1167712,100.00,,
     1.593007915,452,,branch-misses:u,1166304,100.00,,
     1.593007915,172,,cache-misses:u,1155936,100.00,,
     1.593007915,1452223,,bus-cycles:u,1155680,100.00,,
     1.593007915,9083635,,instructions:u,1155680,100.00,,
     1.593255570,0,,branch-misses:u,176544,100.00,,
     1.593255570,0,,cache-misses:u,172896,100.00,,
     1.593255570,0,,bus-cycles:u,170176,100.00,,
     1.593255570,0,,instructions:u,167744,100.00,,
