     0.001077214,839,,branch-misses:u,492192,100.00,,
     0.001077214,312,,cache-misses:u,498208,100.00,,
     0.001077214,55516,,bus-cycles:u,501408,100.00,,
     0.001077214,32394,,instructions:u,505248,100.00,,
     0.002414605,1919,,branch-misses:u,1330944,100.00,,
     0.002414605,2132,,cache-misses:u,1329472,100.00,,
     0.002414605,1321051,,bus-cycles:u,1329056,100.00,,
     0.002414605,7486605,,instructions:u,1327872,100.00,,
     0.003588889,350,,branch-misses:u,1170592,100.00,,
     0.003588889,55,,cache-misses:u,1168736,100.00,,
     0.003588889,1553141,,bus-cycles:u,1168480,100.00,,
     0.003588889,9930864,,instructions:u,1168416,100.00,,
     0.004739146,347,,branch-misses:u,1149920,100.00,,
     0.004739146,43,,cache-misses:u,1149792,100.00,,
     0.004739146,1528550,,bus-cycles:u,1149760,100.00,,
     0.004739146,9762837,,instructions:u,1149632,100.00,,
     0.005886523,342,,branch-misses:u,1148096,100.00,,
     0.005886523,146,,cache-misses:u,1148288,100.00,,
     0.005886523,1508227,,bus-cycles:u,1148320,100.00,,
     0.005886523,9640899,,instructions:u,1148352,100.00,,
     0.007037387,345,,branch-misses:u,1150688,100.00,,
     0.007037387,42,,cache-misses:u,1150592,100.00,,
     0.007037387,1529764,,bus-cycles:u,1150656,100.00,,
     0.007037387,9769874,,instructions:u,1150624,100.00,,
     0.008186012,345,,branch-misses:u,1148640,100.00,,
     0.008186012,32,,cache-misses:u,1148576,100.00,,
     0.008186012,1527343,,bus-cycles:u,1148544,100.00,,
     0.008186012,9753881,,instructions:u,1148608,100.00,,
     0.009332686,344,,branch-misses:u,1146752,100.00,,
     0.009332686,34,,cache-misses:u,1146688,100.00,,
     0.009332686,1524961,,bus-cycles:u,1146592,100.00,,
     0.009332686,9747487,,instructions:u,1146528,100.00,,
     0.010496700,346,,branch-misses:u,1164896,100.00,,
     0.010496700,97,,cache-misses:u,1165024,100.00,,
     0.010496700,1542512,,bus-cycles:u,1164992,100.00,,
     0.010496700,9857918,,instructions:u,1165024,100.00,,
     0.011647180,342,,branch-misses:u,1150080,100.00,,
     0.011647180,39,,cache-misses:u,1149920,100.00,,
     0.011647180,1529287,,bus-cycles:u,1150016,100.00,,
     0.011647180,9771579,,instructions:u,1149984,100.00,,
     0.012795325,342,,branch-misses:u,1148640,100.00,,
     0.012795325,34,,cache-misses:u,1148928,100.00,,
     0.012795325,1528438,,bus-cycles:u,1148832,100.00,,
     0.012795325,9760096,,instructions:u,1148832,100.00,,
     0.013951597,345,,branch-misses:u,1160192,100.00,,
     0.013951597,133,,cache-misses:u,1160448,100.00,,
     0.013951597,1529380,,bus-cycles:u,1160832,100.00,,
     0.013951597,9768106,,instructions:u,1161248,100.00,,
     0.015133848,352,,branch-misses:u,1179328,100.00,,
     0.015133848,41,,cache-misses:u,1179200,100.00,,
     0.015133848,1568307,,bus-cycles:u,1178912,100.00,,
     0.015133848,10017170,,instructions:u,1178624,100.00,,
     0.016288840,343,,branch-misses:u,1154592,100.00,,
     0.016288840,39,,cache-misses:u,1154656,100.00,,
     0.016288840,1536770,,bus-cycles:u,1154624,100.00,,
     0.016288840,9809142,,instructions:u,1154528,100.00,,
     0.017439544,342,,branch-misses:u,1151296,100.00,,
     0.017439544,54,,cache-misses:u,1151296,100.00,,
     0.017439544,1523035,,bus-cycles:u,1151296,100.00,,
     0.017439544,9732850,,instructions:u,1151424,100.00,,
     0.018593416,343,,branch-misses:u,1153920,100.00,,
     0.018593416,79,,cache-misses:u,1153984,100.00,,
     0.018593416,1534324,,bus-cycles:u,1154016,100.00,,
     0.018593416,9787696,,instructions:u,1153984,100.00,,
     0.019749976,346,,branch-misses:u,1156544,100.00,,
     0.019749976,39,,cache-misses:u,1156384,100.00,,
     0.019749976,1536684,,bus-cycles:u,1156384,100.00,,
     0.019749976,9813872,,instructions:u,1156256,100.00,,
     0.020899401,342,,branch-misses:u,1150176,100.00,,
     0.020899401,40,,cache-misses:u,1150080,100.00,,
     0.020899401,1529970,,bus-cycles:u,1150080,100.00,,
     0.020899401,9776908,,instructions:u,1150144,100.00,,
     0.022055416,325,,branch-misses:u,1158336,100.00,,
     0.022055416,284,,cache-misses:u,1158752,100.00,,
     0.022055416,1444648,,bus-cycles:u,1159232,100.00,,
     0.022055416,9222932,,instructions:u,1159456,100.00,,
     0.023275868,364,,branch-misses:u,1219360,100.00,,
     0.023275868,44,,cache-misses:u,1219424,100.00,,
     0.023275868,1621719,,bus-cycles:u,1218912,100.00,,
     0.023275868,10354005,,instructions:u,1218720,100.00,,
     0.024439530,347,,branch-misses:u,1164672,100.00,,
     0.024439530,40,,cache-misses:u,1164096,100.00,,
     0.024439530,1548216,,bus-cycles:u,1164224,100.00,,
     0.024439530,9892074,,instructions:u,1164192,100.00,,
     0.025601945,344,,branch-misses:u,1161632,100.00,,
     0.025601945,136,,cache-misses:u,1162144,100.00,,
     0.025601945,1535750,,bus-cycles:u,1162080,100.00,,
     0.025601945,9799521,,instructions:u,1161984,100.00,,
     0.026765895,348,,branch-misses:u,1163136,100.00,,
     0.026765895,38,,cache-misses:u,1163040,100.00,,
     0.026765895,1547647,,bus-cycles:u,1163040,100.00,,
     0.026765895,9886432,,instructions:u,1163136,100.00,,
     0.027917815,343,,branch-misses:u,1152160,100.00,,
     0.027917815,34,,cache-misses:u,1151712,100.00,,
     0.027917815,1532820,,bus-cycles:u,1151616,100.00,,
     0.027917815,9803057,,instructions:u,1151552,100.00,,
     0.029071431,347,,branch-misses:u,1153728,100.00,,
     0.029071431,34,,cache-misses:u,1153824,100.00,,
     0.029071431,1535593,,bus-cycles:u,1153760,100.00,,
     0.029071431,9805386,,instructions:u,1153824,100.00,,
     0.030222648,342,,branch-misses:u,1151744,100.00,,
     0.030222648,121,,cache-misses:u,1152064,100.00,,
     0.030222648,1525689,,bus-cycles:u,1152128,100.00,,
     0.030222648,9747852,,instructions:u,1152160,100.00,,
     0.031378312,344,,branch-misses:u,1155488,100.00,,
     0.031378312,44,,cache-misses:u,1155232,100.00,,
     0.031378312,1537273,,bus-cycles:u,1155136,100.00,,
     0.031378312,9818124,,instructions:u,1155040,100.00,,
     0.032527768,343,,branch-misses:u,1149536,100.00,,
     0.032527768,33,,cache-misses:u,1149664,100.00,,
     0.032527768,1529557,,bus-cycles:u,1149792,100.00,,
     0.032527768,9770283,,instructions:u,1149856,100.00,,
     0.033677161,343,,branch-misses:u,1149888,100.00,,
     0.033677161,107,,cache-misses:u,1149888,100.00,,
     0.033677161,1522788,,bus-cycles:u,1149920,100.00,,
     0.033677161,9725993,,instructions:u,1150080,100.00,,
     0.034831609,344,,branch-misses:u,1154496,100.00,,
     0.034831609,38,,cache-misses:u,1154464,100.00,,
     0.034831609,1535302,,bus-cycles:u,1154432,100.00,,
     0.034831609,9806837,,instructions:u,1154176,100.00,,
     0.035982506,342,,branch-misses:u,1151584,100.00,,
     0.035982506,33,,cache-misses:u,1151488,100.00,,
     0.035982506,1531902,,bus-cycles:u,1151648,100.00,,
     0.035982506,9785581,,instructions:u,1151648,100.00,,
     0.037138201,344,,branch-misses:u,1155360,100.00,,
     0.037138201,35,,cache-misses:u,1155360,100.00,,
     0.037138201,1537626,,bus-cycles:u,1155200,100.00,,
     0.037138201,9824404,,instructions:u,1155264,100.00,,
     0.038290922,343,,branch-misses:u,1153696,100.00,,
     0.038290922,127,,cache-misses:u,1153824,100.00,,
     0.038290922,1526078,,bus-cycles:u,1153920,100.00,,
     0.038290922,9751324,,instructions:u,1153920,100.00,,
     0.039452408,346,,branch-misses:u,1161120,100.00,,
     0.039452408,37,,cache-misses:u,1160800,100.00,,
     0.039452408,1544151,,bus-cycles:u,1160608,100.00,,
     0.039452408,9860591,,instructions:u,1160672,100.00,,
     0.040603561,343,,branch-misses:u,1151456,100.00,,
     0.040603561,34,,cache-misses:u,1151872,100.00,,
     0.040603561,1532392,,bus-cycles:u,1151936,100.00,,
     0.040603561,9786112,,instructions:u,1151872,100.00,,
     0.041754809,342,,branch-misses:u,1151648,100.00,,
     0.041754809,113,,cache-misses:u,1151584,100.00,,
     0.041754809,1523899,,bus-cycles:u,1151584,100.00,,
     0.041754809,9724900,,instructions:u,1151616,100.00,,
     0.042922759,347,,branch-misses:u,1167808,100.00,,
     0.042922759,44,,cache-misses:u,1167520,100.00,,
     0.042922759,1552489,,bus-cycles:u,1167488,100.00,,
     0.042922759,9908089,,instructions:u,1167424,100.00,,
     0.044115536,356,,branch-misses:u,1193024,100.00,,
     0.044115536,34,,cache-misses:u,1193184,100.00,,
     0.044115536,1586793,,bus-cycles:u,1193344,100.00,,
     0.044115536,10145271,,instructions:u,1193376,100.00,,
     0.045269280,343,,branch-misses:u,1154048,100.00,,
     0.045269280,31,,cache-misses:u,1153792,100.00,,
     0.045269280,1535299,,bus-cycles:u,1153632,100.00,,
     0.045269280,9802045,,instructions:u,1153600,100.00,,
     0.046420432,341,,branch-misses:u,1152192,100.00,,
     0.046420432,103,,cache-misses:u,1152608,100.00,,
     0.046420432,1527097,,bus-cycles:u,1152704,100.00,,
     0.046420432,9748425,,instructions:u,1152800,100.00,,
     0.047577631,346,,branch-misses:u,1156384,100.00,,
     0.047577631,39,,cache-misses:u,1156000,100.00,,
     0.047577631,1538428,,bus-cycles:u,1155936,100.00,,
     0.047577631,9827127,,instructions:u,1155872,100.00,,
     0.048728848,343,,branch-misses:u,1152800,100.00,,
     0.048728848,34,,cache-misses:u,1153920,100.00,,
     0.048728848,1538812,,bus-cycles:u,1154016,100.00,,
     0.048728848,9822839,,instructions:u,1153984,100.00,,
     0.049898589,350,,branch-misses:u,1169824,100.00,,
     0.049898589,115,,cache-misses:u,1169280,100.00,,
     0.049898589,1549615,,bus-cycles:u,1169216,100.00,,
     0.049898589,9880260,,instructions:u,1169280,100.00,,
     0.051063851,346,,branch-misses:u,1164512,100.00,,
     0.051063851,36,,cache-misses:u,1164160,100.00,,
     0.051063851,1549124,,bus-cycles:u,1164160,100.00,,
     0.051063851,9892963,,instructions:u,1164128,100.00,,
     0.052214940,343,,branch-misses:u,1150848,100.00,,
     0.052214940,35,,cache-misses:u,1150496,100.00,,
     0.052214940,1530654,,bus-cycles:u,1150464,100.00,,
     0.052214940,9774096,,instructions:u,1150432,100.00,,
     0.053365484,342,,branch-misses:u,1150848,100.00,,
     0.053365484,36,,cache-misses:u,1155712,100.00,,
     0.053365484,1538017,,bus-cycles:u,1161760,100.00,,
     0.053365484,9830620,,instructions:u,1161856,100.00,,
     0.054531034,346,,branch-misses:u,1166112,100.00,,
     0.054531034,108,,cache-misses:u,1161280,100.00,,
     0.054531034,1536607,,bus-cycles:u,1155168,100.00,,
     0.054531034,9807321,,instructions:u,1155200,100.00,,
     0.055681931,343,,branch-misses:u,1150624,100.00,,
     0.055681931,39,,cache-misses:u,1150688,100.00,,
     0.055681931,1531359,,bus-cycles:u,1150784,100.00,,
     0.055681931,9775827,,instructions:u,1150592,100.00,,
     0.056832827,341,,branch-misses:u,1151232,100.00,,
     0.056832827,39,,cache-misses:u,1151296,100.00,,
     0.056832827,1532155,,bus-cycles:u,1151328,100.00,,
     0.056832827,9785652,,instructions:u,1151392,100.00,,
     0.057983212,343,,branch-misses:u,1151328,100.00,,
     0.057983212,111,,cache-misses:u,1151360,100.00,,
     0.057983212,1524401,,bus-cycles:u,1151296,100.00,,
     0.057983212,9743961,,instructions:u,1151360,100.00,,
     0.059261765,381,,branch-misses:u,1280928,100.00,,
     0.059261765,37,,cache-misses:u,1281824,100.00,,
     0.059261765,1706786,,bus-cycles:u,1282144,100.00,,
     0.059261765,10895345,,instructions:u,1282528,100.00,,
     0.060438769,350,,branch-misses:u,1175712,100.00,,
     0.060438769,34,,cache-misses:u,1175200,100.00,,
     0.060438769,1563229,,bus-cycles:u,1175104,100.00,,
     0.060438769,9994605,,instructions:u,1174720,100.00,,
     0.061599040,347,,branch-misses:u,1162272,100.00,,
     0.061599040,103,,cache-misses:u,1162400,100.00,,
     0.061599040,1540325,,bus-cycles:u,1162304,100.00,,
     0.061599040,9839096,,instructions:u,1162400,100.00,,
     0.062773164,349,,branch-misses:u,1173888,100.00,,
     0.062773164,40,,cache-misses:u,1173824,100.00,,
     0.062773164,1561435,,bus-cycles:u,1173728,100.00,,
     0.062773164,9972285,,instructions:u,1173664,100.00,,
     0.063941978,348,,branch-misses:u,1168416,100.00,,
     0.063941978,34,,cache-misses:u,1168512,100.00,,
     0.063941978,1555225,,bus-cycles:u,1168576,100.00,,
     0.063941978,9936972,,instructions:u,1168512,100.00,,
     0.065106792,348,,branch-misses:u,1164896,100.00,,
     0.065106792,34,,cache-misses:u,1164512,100.00,,
     0.065106792,1549538,,bus-cycles:u,1164512,100.00,,
     0.065106792,9897737,,instructions:u,1164608,100.00,,
     0.066324460,363,,branch-misses:u,1219168,100.00,,
     0.066324460,122,,cache-misses:u,1219904,100.00,,
     0.066324460,1616720,,bus-cycles:u,1220416,100.00,,
     0.066324460,10335354,,instructions:u,1220448,100.00,,
     0.067498392,349,,branch-misses:u,1172640,100.00,,
     0.067498392,39,,cache-misses:u,1172096,100.00,,
     0.067498392,1559705,,bus-cycles:u,1171584,100.00,,
     0.067498392,9960380,,instructions:u,1171424,100.00,,
     0.068659239,346,,branch-misses:u,1161024,100.00,,
     0.068659239,32,,cache-misses:u,1161088,100.00,,
     0.068659239,1544801,,bus-cycles:u,1161056,100.00,,
     0.068659239,9861284,,instructions:u,1161056,100.00,,
     0.069818070,346,,branch-misses:u,1159584,100.00,,
     0.069818070,116,,cache-misses:u,1159488,100.00,,
     0.069818070,1534049,,bus-cycles:u,1159488,100.00,,
     0.069818070,9804118,,instructions:u,1159616,100.00,,
     0.070984196,347,,branch-misses:u,1165376,100.00,,
     0.070984196,44,,cache-misses:u,1165568,100.00,,
     0.070984196,1550790,,bus-cycles:u,1165472,100.00,,
     0.070984196,9900638,,instructions:u,1165440,100.00,,
     0.072139892,345,,branch-misses:u,1155232,100.00,,
     0.072139892,35,,cache-misses:u,1154592,100.00,,
     0.072139892,1537283,,bus-cycles:u,1154624,100.00,,
     0.072139892,9811212,,instructions:u,1154432,100.00,,
     0.073289892,343,,branch-misses:u,1149952,100.00,,
     0.073289892,38,,cache-misses:u,1150272,100.00,,
     0.073289892,1531651,,bus-cycles:u,1150400,100.00,,
     0.073289892,9785962,,instructions:u,1150560,100.00,,
     0.074461169,349,,branch-misses:u,1171328,100.00,,
     0.074461169,103,,cache-misses:u,1171136,100.00,,
     0.074461169,1551258,,bus-cycles:u,1170976,100.00,,
     0.074461169,9909826,,instructions:u,1170880,100.00,,
     0.075613538,344,,branch-misses:u,1152288,100.00,,
     0.075613538,45,,cache-misses:u,1152544,100.00,,
     0.075613538,1535776,,bus-cycles:u,1152576,100.00,,
     0.075613538,9796563,,instructions:u,1152576,100.00,,
     0.076761971,342,,branch-misses:u,1148544,100.00,,
     0.076761971,32,,cache-misses:u,1148224,100.00,,
     0.076761971,1528815,,bus-cycles:u,1148192,100.00,,
     0.076761971,9775597,,instructions:u,1148256,100.00,,
     0.077913283,344,,branch-misses:u,1151936,100.00,,
     0.077913283,111,,cache-misses:u,1152224,100.00,,
     0.077913283,1527264,,bus-cycles:u,1152256,100.00,,
     0.077913283,9752291,,instructions:u,1152224,100.00,,
     0.079065459,344,,branch-misses:u,1152000,100.00,,
     0.079065459,40,,cache-misses:u,1151936,100.00,,
     0.079065459,1533395,,bus-cycles:u,1151936,100.00,,
     0.079065459,9797192,,instructions:u,1151904,100.00,,
     0.080212389,341,,branch-misses:u,1146944,100.00,,
     0.080212389,41,,cache-misses:u,1146720,100.00,,
     0.080212389,1527296,,bus-cycles:u,1146752,100.00,,
     0.080212389,9743827,,instructions:u,1146784,100.00,,
     0.081359062,342,,branch-misses:u,1147168,100.00,,
     0.081359062,48,,cache-misses:u,1147168,100.00,,
     0.081359062,1527973,,bus-cycles:u,1147104,100.00,,
     0.081359062,9750236,,instructions:u,1147136,100.00,,
     0.082643982,368,,branch-misses:u,1261696,100.00,,
     0.082643982,199,,cache-misses:u,1262688,100.00,,
     0.082643982,1639024,,bus-cycles:u,1263104,100.00,,
     0.082643982,10470832,,instructions:u,1263328,100.00,,
     0.083802493,344,,branch-misses:u,1154976,100.00,,
     0.083802493,46,,cache-misses:u,1154048,100.00,,
     0.083802493,1536657,,bus-cycles:u,1153696,100.00,,
     0.083802493,9814660,,instructions:u,1153376,100.00,,
     0.084951694,342,,branch-misses:u,1149728,100.00,,
     0.084951694,43,,cache-misses:u,1150016,100.00,,
     0.084951694,1531203,,bus-cycles:u,1150208,100.00,,
     0.084951694,9777450,,instructions:u,1150304,100.00,,
     0.086103071,342,,branch-misses:u,1154336,100.00,,
     0.086103071,123,,cache-misses:u,1154368,100.00,,
     0.086103071,1522761,,bus-cycles:u,1154176,100.00,,
     0.086103071,9727164,,instructions:u,1154272,100.00,,
     0.087331585,366,,branch-misses:u,1226720,100.00,,
     0.087331585,32,,cache-misses:u,1227200,100.00,,
     0.087331585,1633986,,bus-cycles:u,1227200,100.00,,
     0.087331585,10433549,,instructions:u,1227232,100.00,,
     0.088498063,347,,branch-misses:u,1165760,100.00,,
     0.088498063,40,,cache-misses:u,1165088,100.00,,
     0.088498063,1551515,,bus-cycles:u,1165024,100.00,,
     0.088498063,9906938,,instructions:u,1164928,100.00,,
     0.089651711,344,,branch-misses:u,1154976,100.00,,
     0.089651711,108,,cache-misses:u,1155296,100.00,,
     0.089651711,1529920,,bus-cycles:u,1155328,100.00,,
     0.089651711,9771153,,instructions:u,1155296,100.00,,
     0.090810574,345,,branch-misses:u,1157792,100.00,,
     0.090810574,37,,cache-misses:u,1157664,100.00,,
     0.090810574,1541374,,bus-cycles:u,1157600,100.00,,
     0.090810574,9834552,,instructions:u,1157568,100.00,,
     0.091962207,343,,branch-misses:u,1151840,100.00,,
     0.091962207,35,,cache-misses:u,1151424,100.00,,
     0.091962207,1533357,,bus-cycles:u,1151392,100.00,,
     0.091962207,9790336,,instructions:u,1151424,100.00,,
     0.093116942,344,,branch-misses:u,1154976,100.00,,
     0.093116942,34,,cache-misses:u,1155040,100.00,,
     0.093116942,1537670,,bus-cycles:u,1155136,100.00,,
     0.093116942,9817175,,instructions:u,1155040,100.00,,
     0.094269407,344,,branch-misses:u,1153504,100.00,,
     0.094269407,110,,cache-misses:u,1153952,100.00,,
     0.094269407,1528276,,bus-cycles:u,1154016,100.00,,
     0.094269407,9758815,,instructions:u,1154080,100.00,,
     0.095428974,346,,branch-misses:u,1159168,100.00,,
     0.095428974,36,,cache-misses:u,1158912,100.00,,
     0.095428974,1542152,,bus-cycles:u,1158752,100.00,,
     0.095428974,9848151,,instructions:u,1158784,100.00,,
     0.096580574,343,,branch-misses:u,1151488,100.00,,
     0.096580574,33,,cache-misses:u,1151424,100.00,,
     0.096580574,1532895,,bus-cycles:u,1151552,100.00,,
     0.096580574,9784085,,instructions:u,1151488,100.00,,
     0.097731087,341,,branch-misses:u,1151200,100.00,,
     0.097731087,120,,cache-misses:u,1151488,100.00,,
     0.097731087,1525916,,bus-cycles:u,1151488,100.00,,
     0.097731087,9740755,,instructions:u,1151584,100.00,,
     0.098887966,345,,branch-misses:u,1156704,100.00,,
     0.098887966,46,,cache-misses:u,1156352,100.00,,
     0.098887966,1540500,,bus-cycles:u,1156384,100.00,,
     0.098887966,9833819,,instructions:u,1156288,100.00,,
     0.100042382,344,,branch-misses:u,1154592,100.00,,
     0.100042382,35,,cache-misses:u,1154688,100.00,,
     0.100042382,1538024,,bus-cycles:u,1155104,100.00,,
     0.100042382,9822774,,instructions:u,1155104,100.00,,
     0.101192895,344,,branch-misses:u,1150624,100.00,,
     0.101192895,32,,cache-misses:u,1150400,100.00,,
     0.101192895,1531431,,bus-cycles:u,1149920,100.00,,
     0.101192895,9769537,,instructions:u,1149920,100.00,,
     0.102344783,342,,branch-misses:u,1153184,100.00,,
     0.102344783,99,,cache-misses:u,1153824,100.00,,
     0.102344783,1528062,,bus-cycles:u,1153920,100.00,,
     0.102344783,9757386,,instructions:u,1153952,100.00,,
     0.103505342,345,,branch-misses:u,1159680,100.00,,
     0.103505342,37,,cache-misses:u,1159264,100.00,,
     0.103505342,1542303,,bus-cycles:u,1159200,100.00,,
     0.103505342,9847949,,instructions:u,1159168,100.00,,
     0.104659758,344,,branch-misses:u,1156448,100.00,,
     0.104659758,34,,cache-misses:u,1156960,100.00,,
     0.104659758,1538592,,bus-cycles:u,1156896,100.00,,
     0.104659758,9823289,,instructions:u,1156896,100.00,,
     0.105826939,348,,branch-misses:u,1166784,100.00,,
     0.105826939,115,,cache-misses:u,1166496,100.00,,
     0.105826939,1545249,,bus-cycles:u,1166624,100.00,,
     0.105826939,9872925,,instructions:u,1166624,100.00,,
     0.106988682,345,,branch-misses:u,1161088,100.00,,
     0.106988682,36,,cache-misses:u,1160928,100.00,,
     0.106988682,1544540,,bus-cycles:u,1160736,100.00,,
     0.106988682,9866386,,instructions:u,1160800,100.00,,
     0.108141498,343,,branch-misses:u,1152832,100.00,,
     0.108141498,28,,cache-misses:u,1152544,100.00,,
     0.108141498,1533524,,bus-cycles:u,1152608,100.00,,
     0.108141498,9779800,,instructions:u,1152576,100.00,,
     0.109340450,357,,branch-misses:u,1199360,100.00,,
     0.109340450,36,,cache-misses:u,1200000,100.00,,
     0.109340450,1597805,,bus-cycles:u,1200000,100.00,,
     0.109340450,10214602,,instructions:u,1200096,100.00,,
     0.111335546,597,,branch-misses:u,2010592,100.00,,
     0.111335546,100,,cache-misses:u,2017600,100.00,,
     0.111335546,2683707,,bus-cycles:u,2023136,100.00,,
     0.111335546,17165522,,instructions:u,2028032,100.00,,
     0.112609909,375,,branch-misses:u,1262016,100.00,,
     0.112609909,43,,cache-misses:u,1258240,100.00,,
     0.112609909,1666254,,bus-cycles:u,1255904,100.00,,
     0.112609909,10623931,,instructions:u,1253920,100.00,,
     0.113847925,367,,branch-misses:u,1238528,100.00,,
     0.113847925,124,,cache-misses:u,1238080,100.00,,
     0.113847925,1630161,,bus-cycles:u,1237984,100.00,,
     0.113847925,10411652,,instructions:u,1238048,100.00,,
     0.115080791,364,,branch-misses:u,1232000,100.00,,
     0.115080791,41,,cache-misses:u,1232000,100.00,,
     0.115080791,1633487,,bus-cycles:u,1232000,100.00,,
     0.115080791,10440639,,instructions:u,1231968,100.00,,
     0.116307642,365,,branch-misses:u,1227072,100.00,,
     0.116307642,32,,cache-misses:u,1226816,100.00,,
     0.116307642,1626269,,bus-cycles:u,1226752,100.00,,
     0.116307642,10403165,,instructions:u,1226688,100.00,,
     0.117532605,358,,branch-misses:u,1227296,100.00,,
     0.117532605,148,,cache-misses:u,1228064,100.00,,
     0.117532605,1601003,,bus-cycles:u,1228352,100.00,,
     0.117532605,10227141,,instructions:u,1228512,100.00,,
     0.118771646,367,,branch-misses:u,1237248,100.00,,
     0.118771646,76,,cache-misses:u,1236672,100.00,,
     0.118771646,1638321,,bus-cycles:u,1236576,100.00,,
     0.118771646,10464245,,instructions:u,1236640,100.00,,
     0.119997921,363,,branch-misses:u,1226368,100.00,,
     0.119997921,55,,cache-misses:u,1226016,100.00,,
     0.119997921,1624916,,bus-cycles:u,1225888,100.00,,
     0.119997921,10372518,,instructions:u,1225728,100.00,,
     0.121221700,363,,branch-misses:u,1224064,100.00,,
     0.121221700,31,,cache-misses:u,1224064,100.00,,
     0.121221700,1622793,,bus-cycles:u,1224064,100.00,,
     0.121221700,10345648,,instructions:u,1224032,100.00,,
     0.122476930,373,,branch-misses:u,1256640,100.00,,
     0.122476930,99,,cache-misses:u,1257472,100.00,,
     0.122476930,1659122,,bus-cycles:u,1257408,100.00,,
     0.122476930,10605404,,instructions:u,1257472,100.00,,
     0.123706436,364,,branch-misses:u,1228640,100.00,,
     0.123706436,35,,cache-misses:u,1227904,100.00,,
     0.123706436,1628346,,bus-cycles:u,1227904,100.00,,
     0.123706436,10401218,,instructions:u,1227872,100.00,,
     0.124933479,364,,branch-misses:u,1226592,100.00,,
     0.124933479,32,,cache-misses:u,1226784,100.00,,
     0.124933479,1626219,,bus-cycles:u,1226848,100.00,,
     0.124933479,10380809,,instructions:u,1226720,100.00,,
     0.126160074,363,,branch-misses:u,1227808,100.00,,
     0.126160074,115,,cache-misses:u,1227584,100.00,,
     0.126160074,1620506,,bus-cycles:u,1227584,100.00,,
     0.126160074,10349985,,instructions:u,1227648,100.00,,
     0.127389388,365,,branch-misses:u,1229184,100.00,,
     0.127389388,36,,cache-misses:u,1229248,100.00,,
     0.127389388,1629638,,bus-cycles:u,1229216,100.00,,
     0.127389388,10406624,,instructions:u,1229280,100.00,,
     0.128615823,363,,branch-misses:u,1226624,100.00,,
     0.128615823,31,,cache-misses:u,1226752,100.00,,
     0.128615823,1626102,,bus-cycles:u,1226784,100.00,,
     0.128615823,10384853,,instructions:u,1226720,100.00,,
     0.129844562,364,,branch-misses:u,1229312,100.00,,
     0.129844562,100,,cache-misses:u,1229024,100.00,,
     0.129844562,1623549,,bus-cycles:u,1228992,100.00,,
     0.129844562,10366161,,instructions:u,1229024,100.00,,
     0.131072372,364,,branch-misses:u,1227744,100.00,,
     0.131072372,36,,cache-misses:u,1227744,100.00,,
     0.131072372,1628040,,bus-cycles:u,1227840,100.00,,
     0.131072372,10403388,,instructions:u,1227872,100.00,,
     0.132360588,383,,branch-misses:u,1288864,100.00,,
     0.132360588,29,,cache-misses:u,1289376,100.00,,
     0.132360588,1709571,,bus-cycles:u,1289120,100.00,,
     0.132360588,10922767,,instructions:u,1289152,100.00,,
     0.133591886,364,,branch-misses:u,1232224,100.00,,
     0.133591886,112,,cache-misses:u,1232224,100.00,,
     0.133591886,1626161,,bus-cycles:u,1232576,100.00,,
     0.133591886,10392927,,instructions:u,1232576,100.00,,
     0.134826320,366,,branch-misses:u,1233824,100.00,,
     0.134826320,33,,cache-misses:u,1234336,100.00,,
     0.134826320,1636958,,bus-cycles:u,1234112,100.00,,
     0.134826320,10458734,,instructions:u,1234080,100.00,,
     0.136055026,365,,branch-misses:u,1228832,100.00,,
     0.136055026,30,,cache-misses:u,1227904,100.00,,
     0.136055026,1628365,,bus-cycles:u,1227904,100.00,,
     0.136055026,10394458,,instructions:u,1227872,100.00,,
     0.137283509,363,,branch-misses:u,1227936,100.00,,
     0.137283509,34,,cache-misses:u,1228160,100.00,,
     0.137283509,1628580,,bus-cycles:u,1228192,100.00,,
     0.137283509,10405383,,instructions:u,1228128,100.00,,
     0.138531572,371,,branch-misses:u,1249760,100.00,,
     0.138531572,97,,cache-misses:u,1250208,100.00,,
     0.138531572,1651844,,bus-cycles:u,1250496,100.00,,
     0.138531572,10551289,,instructions:u,1250560,100.00,,
     0.139760662,365,,branch-misses:u,1228480,100.00,,
     0.139760662,39,,cache-misses:u,1227712,100.00,,
     0.139760662,1628368,,bus-cycles:u,1227488,100.00,,
     0.139760662,10400371,,instructions:u,1227424,100.00,,
     0.140986649,363,,branch-misses:u,1226208,100.00,,
     0.140986649,32,,cache-misses:u,1226272,100.00,,
     0.140986649,1626626,,bus-cycles:u,1226240,100.00,,
     0.140986649,10386995,,instructions:u,1226400,100.00,,
     0.142214236,365,,branch-misses:u,1228064,100.00,,
     0.142214236,115,,cache-misses:u,1228320,100.00,,
     0.142214236,1620859,,bus-cycles:u,1228288,100.00,,
     0.142214236,10361371,,instructions:u,1228320,100.00,,
     0.143442175,363,,branch-misses:u,1227776,100.00,,
     0.143442175,36,,cache-misses:u,1227456,100.00,,
     0.143442175,1628570,,bus-cycles:u,1227520,100.00,,
     0.143442175,10396306,,instructions:u,1227328,100.00,,
     0.144666850,364,,branch-misses:u,1224160,100.00,,
     0.144666850,35,,cache-misses:u,1224096,100.00,,
     0.144666850,1623393,,bus-cycles:u,1223936,100.00,,
     0.144666850,10374333,,instructions:u,1224000,100.00,,
     0.145891333,354,,branch-misses:u,1200992,100.00,,
     0.145891333,265,,cache-misses:u,1202400,100.00,,
     0.145891333,1572325,,bus-cycles:u,1203456,100.00,,
     0.145891333,10043363,,instructions:u,1203680,100.00,,
     0.147139108,371,,branch-misses:u,1246688,100.00,,
     0.147139108,36,,cache-misses:u,1245536,100.00,,
     0.147139108,1649500,,bus-cycles:u,1244672,100.00,,
     0.147139108,10533400,,instructions:u,1244544,100.00,,
     0.148365159,363,,branch-misses:u,1225440,100.00,,
     0.148365159,36,,cache-misses:u,1225632,100.00,,
     0.148365159,1625398,,bus-cycles:u,1225600,100.00,,
     0.148365159,10377979,,instructions:u,1225632,100.00,,
     0.149588683,365,,branch-misses:u,1225696,100.00,,
     0.149588683,119,,cache-misses:u,1225824,100.00,,
     0.149588683,1616318,,bus-cycles:u,1225440,100.00,,
     0.149588683,10332310,,instructions:u,1224896,100.00,,
     0.150770038,350,,branch-misses:u,1180128,100.00,,
     0.150770038,42,,cache-misses:u,1179360,100.00,,
     0.150770038,1563723,,bus-cycles:u,1179008,100.00,,
     0.150770038,9979969,,instructions:u,1178688,100.00,,
     0.152040849,381,,branch-misses:u,1276928,100.00,,
     0.152040849,36,,cache-misses:u,1278752,100.00,,
     0.152040849,1698366,,bus-cycles:u,1280672,100.00,,
     0.152040849,10871306,,instructions:u,1282048,100.00,,
     0.153284048,367,,branch-misses:u,1238592,100.00,,
     0.153284048,35,,cache-misses:u,1237632,100.00,,
     0.153284048,1639539,,bus-cycles:u,1236064,100.00,,
     0.153284048,10467944,,instructions:u,1235168,100.00,,
     0.154559690,379,,branch-misses:u,1275616,100.00,,
     0.154559690,83,,cache-misses:u,1275328,100.00,,
     0.154559690,1684542,,bus-cycles:u,1275232,100.00,,
     0.154559690,10756574,,instructions:u,1275072,100.00,,
     0.155773520,361,,branch-misses:u,1213408,100.00,,
     0.155773520,35,,cache-misses:u,1213216,100.00,,
     0.155773520,1608269,,bus-cycles:u,1213632,100.00,,
     0.155773520,10270124,,instructions:u,1214048,100.00,,
     0.156998995,362,,branch-misses:u,1225344,100.00,,
     0.156998995,37,,cache-misses:u,1225632,100.00,,
     0.156998995,1624949,,bus-cycles:u,1225728,100.00,,
     0.156998995,10372072,,instructions:u,1225792,100.00,,
     0.158223350,363,,branch-misses:u,1225568,100.00,,
     0.158223350,116,,cache-misses:u,1226048,100.00,,
     0.158223350,1616155,,bus-cycles:u,1226208,100.00,,
     0.158223350,10324092,,instructions:u,1226304,100.00,,
     0.159456312,365,,branch-misses:u,1232512,100.00,,
     0.159456312,37,,cache-misses:u,1232256,100.00,,
     0.159456312,1633257,,bus-cycles:u,1232032,100.00,,
     0.159456312,10429395,,instructions:u,1231872,100.00,,
     0.160680027,363,,branch-misses:u,1223008,100.00,,
     0.160680027,35,,cache-misses:u,1222720,100.00,,
     0.160680027,1622013,,bus-cycles:u,1222720,100.00,,
     0.160680027,10350322,,instructions:u,1222784,100.00,,
     0.161902719,363,,branch-misses:u,1224640,100.00,,
     0.161902719,115,,cache-misses:u,1224768,100.00,,
     0.161902719,1617311,,bus-cycles:u,1224864,100.00,,
     0.161902719,10333004,,instructions:u,1224896,100.00,,
     0.163133537,365,,branch-misses:u,1229504,100.00,,
     0.163133537,38,,cache-misses:u,1229472,100.00,,
     0.163133537,1629495,,bus-cycles:u,1229440,100.00,,
     0.163133537,10417061,,instructions:u,1229376,100.00,,
     0.164355973,362,,branch-misses:u,1222432,100.00,,
     0.164355973,34,,cache-misses:u,1222816,100.00,,
     0.164355973,1620122,,bus-cycles:u,1222720,100.00,,
     0.164355973,10345415,,instructions:u,1222752,100.00,,
     0.165577512,362,,branch-misses:u,1223616,100.00,,
     0.165577512,114,,cache-misses:u,1223232,100.00,,
     0.165577512,1613887,,bus-cycles:u,1223296,100.00,,
     0.165577512,10322059,,instructions:u,1223264,100.00,,
     0.166807403,363,,branch-misses:u,1229056,100.00,,
     0.166807403,41,,cache-misses:u,1228896,100.00,,
     0.166807403,1628509,,bus-cycles:u,1228832,100.00,,
     0.166807403,10399582,,instructions:u,1228896,100.00,,
     0.168030062,362,,branch-misses:u,1222144,100.00,,
     0.168030062,36,,cache-misses:u,1222016,100.00,,
     0.168030062,1619270,,bus-cycles:u,1221984,100.00,,
     0.168030062,10339478,,instructions:u,1221952,100.00,,
     0.169251474,362,,branch-misses:u,1221696,100.00,,
     0.169251474,31,,cache-misses:u,1221824,100.00,,
     0.169251474,1619658,,bus-cycles:u,1221856,100.00,,
     0.169251474,10341713,,instructions:u,1221760,100.00,,
     0.170502641,371,,branch-misses:u,1252576,100.00,,
     0.170502641,105,,cache-misses:u,1252512,100.00,,
     0.170502641,1651962,,bus-cycles:u,1252608,100.00,,
     0.170502641,10556793,,instructions:u,1252704,100.00,,
     0.171727092,362,,branch-misses:u,1223488,100.00,,
     0.171727092,44,,cache-misses:u,1223360,100.00,,
     0.171727092,1620779,,bus-cycles:u,1223264,100.00,,
     0.171727092,10342811,,instructions:u,1223232,100.00,,
     0.172947128,363,,branch-misses:u,1220256,100.00,,
     0.172947128,41,,cache-misses:u,1220448,100.00,,
     0.172947128,1616372,,bus-cycles:u,1220512,100.00,,
     0.172947128,10316563,,instructions:u,1220544,100.00,,
     0.174171355,362,,branch-misses:u,1226880,100.00,,
     0.174171355,113,,cache-misses:u,1227648,100.00,,
     0.174171355,1615003,,bus-cycles:u,1227648,100.00,,
     0.174171355,10319784,,instructions:u,1227680,100.00,,
     0.175407932,366,,branch-misses:u,1235360,100.00,,
     0.175407932,43,,cache-misses:u,1234912,100.00,,
     0.175407932,1636644,,bus-cycles:u,1234848,100.00,,
     0.175407932,10452391,,instructions:u,1234880,100.00,,
     0.176631008,363,,branch-misses:u,1222432,100.00,,
     0.176631008,32,,cache-misses:u,1221920,100.00,,
     0.176631008,1618533,,bus-cycles:u,1221856,100.00,,
     0.176631008,10337876,,instructions:u,1221760,100.00,,
     0.177881214,367,,branch-misses:u,1252416,100.00,,
     0.177881214,147,,cache-misses:u,1253344,100.00,,
     0.177881214,1640981,,bus-cycles:u,1253536,100.00,,
     0.177881214,10480635,,instructions:u,1253728,100.00,,
     0.179116096,365,,branch-misses:u,1233856,100.00,,
     0.179116096,45,,cache-misses:u,1233856,100.00,,
     0.179116096,1634894,,bus-cycles:u,1233792,100.00,,
     0.179116096,10439707,,instructions:u,1233568,100.00,,
     0.180339939,363,,branch-misses:u,1223232,100.00,,
     0.180339939,32,,cache-misses:u,1222208,100.00,,
     0.180339939,1619591,,bus-cycles:u,1222080,100.00,,
     0.180339939,10342368,,instructions:u,1222112,100.00,,
     0.181560167,361,,branch-misses:u,1222304,100.00,,
     0.181560167,108,,cache-misses:u,1222528,100.00,,
     0.181560167,1608485,,bus-cycles:u,1222624,100.00,,
     0.181560167,10267486,,instructions:u,1222624,100.00,,
     0.182789674,364,,branch-misses:u,1228448,100.00,,
     0.182789674,56,,cache-misses:u,1228672,100.00,,
     0.182789674,1627849,,bus-cycles:u,1228736,100.00,,
     0.182789674,10395919,,instructions:u,1228736,100.00,,
     0.184011885,363,,branch-misses:u,1221824,100.00,,
     0.184011885,37,,cache-misses:u,1221696,100.00,,
     0.184011885,1618443,,bus-cycles:u,1221600,100.00,,
     0.184011885,10347523,,instructions:u,1221568,100.00,,
     0.185231889,361,,branch-misses:u,1220288,100.00,,
     0.185231889,33,,cache-misses:u,1219968,100.00,,
     0.185231889,1616270,,bus-cycles:u,1219936,100.00,,
     0.185231889,10325260,,instructions:u,1219968,100.00,,
     0.186479057,369,,branch-misses:u,1248288,100.00,,
     0.186479057,99,,cache-misses:u,1248448,100.00,,
     0.186479057,1648279,,bus-cycles:u,1248608,100.00,,
     0.186479057,10530497,,instructions:u,1248704,100.00,,
     0.187700404,364,,branch-misses:u,1221408,100.00,,
     0.187700404,41,,cache-misses:u,1221952,100.00,,
     0.187700404,1620610,,bus-cycles:u,1222112,100.00,,
     0.187700404,10345842,,instructions:u,1221984,100.00,,
     0.188921912,363,,branch-misses:u,1221440,100.00,,
     0.188921912,34,,cache-misses:u,1220960,100.00,,
     0.188921912,1618913,,bus-cycles:u,1220736,100.00,,
     0.188921912,10342816,,instructions:u,1220768,100.00,,
     0.190142844,362,,branch-misses:u,1222272,100.00,,
     0.190142844,119,,cache-misses:u,1222912,100.00,,
     0.190142844,1610513,,bus-cycles:u,1222944,100.00,,
     0.190142844,10291023,,instructions:u,1222944,100.00,,
     0.191371647,364,,branch-misses:u,1228224,100.00,,
     0.191371647,34,,cache-misses:u,1228224,100.00,,
     0.191371647,1628563,,bus-cycles:u,1228128,100.00,,
     0.191371647,10393650,,instructions:u,1228128,100.00,,
     0.192596610,363,,branch-misses:u,1225120,100.00,,
     0.192596610,42,,cache-misses:u,1224512,100.00,,
     0.192596610,1623176,,bus-cycles:u,1224544,100.00,,
     0.192596610,10364942,,instructions:u,1224544,100.00,,
     0.193818054,361,,branch-misses:u,1222464,100.00,,
     0.193818054,118,,cache-misses:u,1222752,100.00,,
     0.193818054,1608643,,bus-cycles:u,1222784,100.00,,
     0.193818054,10272852,,instructions:u,1222784,100.00,,
     0.195047336,364,,branch-misses:u,1228640,100.00,,
     0.195047336,46,,cache-misses:u,1228352,100.00,,
     0.195047336,1628170,,bus-cycles:u,1228288,100.00,,
     0.195047336,10401696,,instructions:u,1228288,100.00,,
     0.196268396,363,,branch-misses:u,1220512,100.00,,
     0.196268396,44,,cache-misses:u,1220352,100.00,,
     0.196268396,1618307,,bus-cycles:u,1220224,100.00,,
     0.196268396,10355886,,instructions:u,1220192,100.00,,
     0.197488176,362,,branch-misses:u,1221824,100.00,,
     0.197488176,86,,cache-misses:u,1222080,100.00,,
     0.197488176,1611718,,bus-cycles:u,1222336,100.00,,
     0.197488176,10294404,,instructions:u,1222464,100.00,,
     0.198721938,366,,branch-misses:u,1233088,100.00,,
     0.198721938,72,,cache-misses:u,1232832,100.00,,
     0.198721938,1633110,,bus-cycles:u,1232736,100.00,,
     0.198721938,10431413,,instructions:u,1232672,100.00,,
     0.199967217,370,,branch-misses:u,1245728,100.00,,
     0.199967217,38,,cache-misses:u,1246016,100.00,,
     0.199967217,1651241,,bus-cycles:u,1246048,100.00,,
     0.199967217,10543713,,instructions:u,1246016,100.00,,
     0.201190197,362,,branch-misses:u,1222848,100.00,,
     0.201190197,48,,cache-misses:u,1222848,100.00,,
     0.201190197,1620208,,bus-cycles:u,1222816,100.00,,
     0.201190197,10344832,,instructions:u,1222816,100.00,,
     0.202413112,362,,branch-misses:u,1223936,100.00,,
     0.202413112,100,,cache-misses:u,1224288,100.00,,
     0.202413112,1615543,,bus-cycles:u,1224384,100.00,,
     0.202413112,10312365,,instructions:u,1224352,100.00,,
     0.203642875,364,,branch-misses:u,1229184,100.00,,
     0.203642875,44,,cache-misses:u,1228672,100.00,,
     0.203642875,1626770,,bus-cycles:u,1228544,100.00,,
     0.203642875,10397902,,instructions:u,1228576,100.00,,
     0.204863998,363,,branch-misses:u,1221248,100.00,,
     0.204863998,36,,cache-misses:u,1221088,100.00,,
     0.204863998,1617610,,bus-cycles:u,1221120,100.00,,
     0.204863998,10345615,,instructions:u,1221088,100.00,,
     0.206084194,361,,branch-misses:u,1221312,100.00,,
     0.206084194,113,,cache-misses:u,1222464,100.00,,
     0.206084194,1611412,,bus-cycles:u,1222496,100.00,,
     0.206084194,10294904,,instructions:u,1222784,100.00,,
     0.207312997,362,,branch-misses:u,1228192,100.00,,
     0.207312997,42,,cache-misses:u,1227200,100.00,,
     0.207312997,1626967,,bus-cycles:u,1227136,100.00,,
     0.207312997,10363052,,instructions:u,1226848,100.00,,
     0.208535113,362,,branch-misses:u,1221664,100.00,,
     0.208535113,34,,cache-misses:u,1222144,100.00,,
     0.208535113,1619631,,bus-cycles:u,1222112,100.00,,
     0.208535113,10340958,,instructions:u,1222112,100.00,,
     0.209757292,362,,branch-misses:u,1224000,100.00,,
     0.209757292,116,,cache-misses:u,1223680,100.00,,
     0.209757292,1611939,,bus-cycles:u,1223808,100.00,,
     0.209757292,10279931,,instructions:u,1224032,100.00,,
     0.210985519,363,,branch-misses:u,1227488,100.00,,
     0.210985519,38,,cache-misses:u,1227264,100.00,,
     0.210985519,1626476,,bus-cycles:u,1227232,100.00,,
     0.210985519,10382483,,instructions:u,1227168,100.00,,
     0.212207347,362,,branch-misses:u,1221408,100.00,,
     0.212207347,33,,cache-misses:u,1221536,100.00,,
     0.212207347,1618680,,bus-cycles:u,1221440,100.00,,
     0.212207347,10330904,,instructions:u,1221312,100.00,,
     0.213395485,351,,branch-misses:u,1190048,100.00,,
     0.213395485,60,,cache-misses:u,1190592,100.00,,
     0.213395485,1567500,,bus-cycles:u,1190784,100.00,,
     0.213395485,10009851,,instructions:u,1191136,100.00,,
     0.214626623,366,,branch-misses:u,1230368,100.00,,
     0.214626623,80,,cache-misses:u,1229984,100.00,,
     0.214626623,1629519,,bus-cycles:u,1229760,100.00,,
     0.214626623,10413422,,instructions:u,1229504,100.00,,
     0.215848930,361,,branch-misses:u,1221728,100.00,,
     0.215848930,35,,cache-misses:u,1221536,100.00,,
     0.215848930,1619172,,bus-cycles:u,1221600,100.00,,
     0.215848930,10337587,,instructions:u,1221504,100.00,,
     0.217069414,363,,branch-misses:u,1220800,100.00,,
     0.217069414,33,,cache-misses:u,1220928,100.00,,
     0.217069414,1618643,,bus-cycles:u,1220928,100.00,,
     0.217069414,10326911,,instructions:u,1220896,100.00,,
     0.218290826,362,,branch-misses:u,1223840,100.00,,
     0.218290826,118,,cache-misses:u,1224544,100.00,,
     0.218290826,1615727,,bus-cycles:u,1224672,100.00,,
     0.218290826,10328852,,instructions:u,1224736,100.00,,
     0.219525516,366,,branch-misses:u,1233440,100.00,,
     0.219525516,36,,cache-misses:u,1233024,100.00,,
     0.219525516,1632920,,bus-cycles:u,1232864,100.00,,
     0.219525516,10427343,,instructions:u,1232800,100.00,,
     0.220748175,361,,branch-misses:u,1222208,100.00,,
     0.220748175,36,,cache-misses:u,1221632,100.00,,
     0.220748175,1619592,,bus-cycles:u,1221696,100.00,,
     0.220748175,10338843,,instructions:u,1221728,100.00,,
     0.221987824,369,,branch-misses:u,1241856,100.00,,
     0.221987824,119,,cache-misses:u,1242496,100.00,,
     0.221987824,1639771,,bus-cycles:u,1242720,100.00,,
     0.221987824,10482077,,instructions:u,1243136,100.00,,
     0.223212531,364,,branch-misses:u,1223680,100.00,,
     0.223212531,38,,cache-misses:u,1223520,100.00,,
     0.223212531,1622290,,bus-cycles:u,1223360,100.00,,
     0.223212531,10360413,,instructions:u,1222752,100.00,,
     0.224428152,362,,branch-misses:u,1215520,100.00,,
     0.224428152,34,,cache-misses:u,1215488,100.00,,
     0.224428152,1612022,,bus-cycles:u,1215200,100.00,,
     0.224428152,10308354,,instructions:u,1215200,100.00,,
     0.225645852,358,,branch-misses:u,1218912,100.00,,
     0.225645852,119,,cache-misses:u,1218784,100.00,,
     0.225645852,1604730,,bus-cycles:u,1219104,100.00,,
     0.225645852,10258508,,instructions:u,1219680,100.00,,
     0.226877950,366,,branch-misses:u,1231840,100.00,,
     0.226877950,35,,cache-misses:u,1231680,100.00,,
     0.226877950,1633111,,bus-cycles:u,1231488,100.00,,
     0.226877950,10417927,,instructions:u,1231040,100.00,,
     0.228098914,362,,branch-misses:u,1220256,100.00,,
     0.228098914,38,,cache-misses:u,1220288,100.00,,
     0.228098914,1618712,,bus-cycles:u,1220320,100.00,,
     0.228098914,10336644,,instructions:u,1220352,100.00,,
     0.229318982,363,,branch-misses:u,1220096,100.00,,
     0.229318982,30,,cache-misses:u,1220192,100.00,,
     0.229318982,1618744,,bus-cycles:u,1220192,100.00,,
     0.229318982,10341012,,instructions:u,1220160,100.00,,
     0.230568709,371,,branch-misses:u,1251392,100.00,,
     0.230568709,94,,cache-misses:u,1251136,100.00,,
     0.230568709,1653300,,bus-cycles:u,1251200,100.00,,
     0.230568709,10566997,,instructions:u,1251552,100.00,,
     0.231790825,362,,branch-misses:u,1221184,100.00,,
     0.231790825,46,,cache-misses:u,1221152,100.00,,
     0.231790825,1618944,,bus-cycles:u,1221088,100.00,,
     0.231790825,10329670,,instructions:u,1220768,100.00,,
     0.233011404,362,,branch-misses:u,1220576,100.00,,
     0.233011404,36,,cache-misses:u,1220512,100.00,,
     0.233011404,1618689,,bus-cycles:u,1220544,100.00,,
     0.233011404,10338210,,instructions:u,1220608,100.00,,
     0.234232496,363,,branch-misses:u,1223136,100.00,,
     0.234232496,120,,cache-misses:u,1223712,100.00,,
     0.234232496,1615582,,bus-cycles:u,1223872,100.00,,
     0.234232496,10321234,,instructions:u,1223968,100.00,,
     0.235459699,364,,branch-misses:u,1226368,100.00,,
     0.235459699,40,,cache-misses:u,1226496,100.00,,
     0.235459699,1626492,,bus-cycles:u,1226336,100.00,,
     0.235459699,10381635,,instructions:u,1226144,100.00,,
     0.236682807,363,,branch-misses:u,1222496,100.00,,
     0.236682807,37,,cache-misses:u,1222464,100.00,,
     0.236682807,1621027,,bus-cycles:u,1222464,100.00,,
     0.236682807,10346356,,instructions:u,1222496,100.00,,
     0.237903547,362,,branch-misses:u,1222400,100.00,,
     0.237903547,110,,cache-misses:u,1222528,100.00,,
     0.237903547,1612753,,bus-cycles:u,1222624,100.00,,
     0.237903547,10309591,,instructions:u,1222752,100.00,,
     0.239133085,365,,branch-misses:u,1229024,100.00,,
     0.239133085,41,,cache-misses:u,1228288,100.00,,
     0.239133085,1628840,,bus-cycles:u,1228160,100.00,,
     0.239133085,10395928,,instructions:u,1228000,100.00,,
     0.240353793,363,,branch-misses:u,1220288,100.00,,
     0.240353793,33,,cache-misses:u,1220352,100.00,,
     0.240353793,1618075,,bus-cycles:u,1220320,100.00,,
     0.240353793,10336583,,instructions:u,1220320,100.00,,
     0.241573381,361,,branch-misses:u,1221344,100.00,,
     0.241573381,156,,cache-misses:u,1221440,100.00,,
     0.241573381,1606569,,bus-cycles:u,1221536,100.00,,
     0.241573381,10262214,,instructions:u,1221888,100.00,,
     0.242801704,365,,branch-misses:u,1227616,100.00,,
     0.242801704,44,,cache-misses:u,1227584,100.00,,
     0.242801704,1627495,,bus-cycles:u,1227584,100.00,,
     0.242801704,10393409,,instructions:u,1227232,100.00,,
     0.244023051,361,,branch-misses:u,1220992,100.00,,
     0.244023051,35,,cache-misses:u,1221056,100.00,,
     0.244023051,1619321,,bus-cycles:u,1220992,100.00,,
     0.244023051,10331231,,instructions:u,1220992,100.00,,
     0.245262668,371,,branch-misses:u,1240704,100.00,,
     0.245262668,35,,cache-misses:u,1240704,100.00,,
     0.245262668,1646634,,bus-cycles:u,1240704,100.00,,
     0.245262668,10536855,,instructions:u,1240768,100.00,,
     0.246521737,373,,branch-misses:u,1260448,100.00,,
     0.246521737,109,,cache-misses:u,1260416,100.00,,
     0.246521737,1665744,,bus-cycles:u,1260544,100.00,,
     0.246521737,10645764,,instructions:u,1260864,100.00,,
     0.247712338,353,,branch-misses:u,1189440,100.00,,
     0.247712338,32,,cache-misses:u,1188384,100.00,,
     0.247712338,1574030,,bus-cycles:u,1187488,100.00,,
     0.247712338,10038148,,instructions:u,1186400,100.00,,
     0.248883551,346,,branch-misses:u,1171424,100.00,,
     0.248883551,30,,cache-misses:u,1172064,100.00,,
     0.248883551,1553815,,bus-cycles:u,1172000,100.00,,
     0.248883551,9893251,,instructions:u,1171904,100.00,,
     0.250058635,350,,branch-misses:u,1181600,100.00,,
     0.250058635,110,,cache-misses:u,1183456,100.00,,
     0.250058635,1562596,,bus-cycles:u,1184416,100.00,,
     0.250058635,9987257,,instructions:u,1184704,100.00,,
     0.251296588,366,,branch-misses:u,1232448,100.00,,
     0.251296588,34,,cache-misses:u,1230432,100.00,,
     0.251296588,1630516,,bus-cycles:u,1229504,100.00,,
     0.251296588,10411695,,instructions:u,1229408,100.00,,
     0.252463898,346,,branch-misses:u,1166720,100.00,,
     0.252463898,36,,cache-misses:u,1166976,100.00,,
     0.252463898,1547261,,bus-cycles:u,1167040,100.00,,
     0.252463898,9885352,,instructions:u,1166944,100.00,,
     0.253637222,350,,branch-misses:u,1180160,100.00,,
     0.253637222,104,,cache-misses:u,1181056,100.00,,
     0.253637222,1560599,,bus-cycles:u,1182208,100.00,,
     0.253637222,9978864,,instructions:u,1182400,100.00,,
     0.254853931,359,,branch-misses:u,1210144,100.00,,
     0.254853931,33,,cache-misses:u,1208736,100.00,,
     0.254853931,1601142,,bus-cycles:u,1207616,100.00,,
     0.254853931,10215080,,instructions:u,1207360,100.00,,
     0.256019033,344,,branch-misses:u,1164800,100.00,,
     0.256019033,62,,cache-misses:u,1164704,100.00,,
     0.256019033,1534620,,bus-cycles:u,1164672,100.00,,
     0.256019033,9797927,,instructions:u,1164704,100.00,,
     0.257177416,343,,branch-misses:u,1158336,100.00,,
     0.257177416,34,,cache-misses:u,1158432,100.00,,
     0.257177416,1534230,,bus-cycles:u,1158432,100.00,,
     0.257177416,9810024,,instructions:u,1158400,100.00,,
     0.258333816,343,,branch-misses:u,1157952,100.00,,
     0.258333816,104,,cache-misses:u,1158048,100.00,,
     0.258333816,1528421,,bus-cycles:u,1158144,100.00,,
     0.258333816,9759106,,instructions:u,1158240,100.00,,
     0.259506628,347,,branch-misses:u,1172032,100.00,,
     0.259506628,38,,cache-misses:u,1172160,100.00,,
     0.259506628,1553484,,bus-cycles:u,1172448,100.00,,
     0.259506628,9897594,,instructions:u,1172320,100.00,,
     0.260666131,343,,branch-misses:u,1159168,100.00,,
     0.260666131,37,,cache-misses:u,1158816,100.00,,
     0.260666131,1535741,,bus-cycles:u,1158944,100.00,,
     0.260666131,9807046,,instructions:u,1158944,100.00,,
     0.261822019,344,,branch-misses:u,1157280,100.00,,
     0.261822019,104,,cache-misses:u,1157344,100.00,,
     0.261822019,1527673,,bus-cycles:u,1156928,100.00,,
     0.261822019,9765028,,instructions:u,1157024,100.00,,
     0.262985457,345,,branch-misses:u,1164096,100.00,,
     0.262985457,34,,cache-misses:u,1164000,100.00,,
     0.262985457,1542903,,bus-cycles:u,1163808,100.00,,
     0.262985457,9825652,,instructions:u,1163712,100.00,,
     0.264142657,344,,branch-misses:u,1157248,100.00,,
     0.264142657,35,,cache-misses:u,1157216,100.00,,
     0.264142657,1534014,,bus-cycles:u,1157280,100.00,,
     0.264142657,9811634,,instructions:u,1157280,100.00,,
     0.265302896,345,,branch-misses:u,1159232,100.00,,
     0.265302896,42,,cache-misses:u,1159296,100.00,,
     0.265302896,1536462,,bus-cycles:u,1158912,100.00,,
     0.265302896,9813519,,instructions:u,1158976,100.00,,
     0.266554062,373,,branch-misses:u,1254976,100.00,,
     0.266554062,104,,cache-misses:u,1257312,100.00,,
     0.266554062,1659927,,bus-cycles:u,1258592,100.00,,
     0.266554062,10602226,,instructions:u,1258560,100.00,,
     0.267731066,349,,branch-misses:u,1173824,100.00,,
     0.267731066,34,,cache-misses:u,1172032,100.00,,
     0.267731066,1552448,,bus-cycles:u,1170752,100.00,,
     0.267731066,9914455,,instructions:u,1170720,100.00,,
     0.268887337,344,,branch-misses:u,1157024,100.00,,
     0.268887337,39,,cache-misses:u,1156480,100.00,,
     0.268887337,1532880,,bus-cycles:u,1156800,100.00,,
     0.268887337,9786991,,instructions:u,1156864,100.00,,
     0.270043929,343,,branch-misses:u,1157216,100.00,,
     0.270043929,108,,cache-misses:u,1157760,100.00,,
     0.270043929,1528209,,bus-cycles:u,1157888,100.00,,
     0.270043929,9766909,,instructions:u,1157920,100.00,,
     0.271209319,345,,branch-misses:u,1164160,100.00,,
     0.271209319,32,,cache-misses:u,1163616,100.00,,
     0.271209319,1541784,,bus-cycles:u,1163584,100.00,,
     0.271209319,9840666,,instructions:u,1163488,100.00,,
     0.272364055,343,,branch-misses:u,1154848,100.00,,
     0.272364055,33,,cache-misses:u,1155296,100.00,,
     0.272364055,1530162,,bus-cycles:u,1155232,100.00,,
     0.272364055,9765371,,instructions:u,1155264,100.00,,
     0.273519622,343,,branch-misses:u,1158912,100.00,,
     0.273519622,90,,cache-misses:u,1158912,100.00,,
     0.273519622,1531281,,bus-cycles:u,1160000,100.00,,
     0.273519622,9777509,,instructions:u,1160544,100.00,,
     0.274699282,349,,branch-misses:u,1177600,100.00,,
     0.274699282,50,,cache-misses:u,1177056,100.00,,
     0.274699282,1558748,,bus-cycles:u,1176032,100.00,,
     0.274699282,9952766,,instructions:u,1175456,100.00,,
     0.275858113,344,,branch-misses:u,1158336,100.00,,
     0.275858113,33,,cache-misses:u,1158368,100.00,,
     0.275858113,1535001,,bus-cycles:u,1158432,100.00,,
     0.275858113,9815623,,instructions:u,1158432,100.00,,
     0.277014384,344,,branch-misses:u,1156288,100.00,,
     0.277014384,37,,cache-misses:u,1157344,100.00,,
     0.277014384,1533900,,bus-cycles:u,1157312,100.00,,
     0.277014384,9802576,,instructions:u,1157344,100.00,,
     0.278172000,343,,branch-misses:u,1158880,100.00,,
     0.278172000,110,,cache-misses:u,1158272,100.00,,
     0.278172000,1526496,,bus-cycles:u,1158208,100.00,,
     0.278172000,9750576,,instructions:u,1158176,100.00,,
     0.279336942,346,,branch-misses:u,1165856,100.00,,
     0.279336942,47,,cache-misses:u,1166208,100.00,,
     0.279336942,1545612,,bus-cycles:u,1166112,100.00,,
     0.279336942,9871558,,instructions:u,1166144,100.00,,
     0.280495901,343,,branch-misses:u,1158016,100.00,,
     0.280495901,34,,cache-misses:u,1157696,100.00,,
     0.280495901,1534448,,bus-cycles:u,1157728,100.00,,
     0.280495901,9795877,,instructions:u,1157696,100.00,,
     0.281651468,344,,branch-misses:u,1156512,100.00,,
     0.281651468,111,,cache-misses:u,1156800,100.00,,
     0.281651468,1528119,,bus-cycles:u,1157024,100.00,,
     0.281651468,9757971,,instructions:u,1157152,100.00,,
     0.282826265,348,,branch-misses:u,1174848,100.00,,
     0.282826265,40,,cache-misses:u,1174112,100.00,,
     0.282826265,1555896,,bus-cycles:u,1173888,100.00,,
     0.282826265,9933796,,instructions:u,1173824,100.00,,
     0.283983208,342,,branch-misses:u,1156256,100.00,,
     0.283983208,44,,cache-misses:u,1156832,100.00,,
     0.283983208,1532994,,bus-cycles:u,1156896,100.00,,
     0.283983208,9784372,,instructions:u,1156832,100.00,,
     0.285138840,343,,branch-misses:u,1155616,100.00,,
     0.285138840,34,,cache-misses:u,1154976,100.00,,
     0.285138840,1530869,,bus-cycles:u,1155040,100.00,,
     0.285138840,9775010,,instructions:u,1155136,100.00,,
     0.286295879,344,,branch-misses:u,1157920,100.00,,
     0.286295879,93,,cache-misses:u,1158400,100.00,,
     0.286295879,1529884,,bus-cycles:u,1158400,100.00,,
     0.286295879,9770515,,instructions:u,1158560,100.00,,
     0.287464597,347,,branch-misses:u,1170496,100.00,,
     0.287464597,40,,cache-misses:u,1170624,100.00,,
     0.287464597,1551174,,bus-cycles:u,1170304,100.00,,
     0.287464597,9919385,,instructions:u,1170080,100.00,,
     0.288686680,363,,branch-misses:u,1224544,100.00,,
     0.288686680,40,,cache-misses:u,1224800,100.00,,
     0.288686680,1623629,,bus-cycles:u,1225248,100.00,,
     0.288686680,10371199,,instructions:u,1225312,100.00,,
     0.289865860,349,,branch-misses:u,1178304,100.00,,
     0.289865860,101,,cache-misses:u,1178304,100.00,,
     0.289865860,1553888,,bus-cycles:u,1178304,100.00,,
     0.289865860,9925340,,instructions:u,1178592,100.00,,
     0.291046351,351,,branch-misses:u,1179456,100.00,,
     0.291046351,45,,cache-misses:u,1179648,100.00,,
     0.291046351,1562276,,bus-cycles:u,1179200,100.00,,
     0.291046351,9977272,,instructions:u,1179104,100.00,,
     0.292215420,346,,branch-misses:u,1169280,100.00,,
     0.292215420,47,,cache-misses:u,1168960,100.00,,
     0.292215420,1549533,,bus-cycles:u,1169280,100.00,,
     0.292215420,9895791,,instructions:u,1168992,100.00,,
     0.293403558,353,,branch-misses:u,1188864,100.00,,
     0.293403558,56,,cache-misses:u,1188736,100.00,,
     0.293403558,1568679,,bus-cycles:u,1189152,100.00,,
     0.293403558,10031590,,instructions:u,1189472,100.00,,
     0.294576627,347,,branch-misses:u,1172416,100.00,,
     0.294576627,86,,cache-misses:u,1171904,100.00,,
     0.294576627,1552392,,bus-cycles:u,1172352,100.00,,
     0.294576627,9920549,,instructions:u,1172640,100.00,,
     0.295740641,345,,branch-misses:u,1163520,100.00,,
     0.295740641,35,,cache-misses:u,1163712,100.00,,
     0.295740641,1541160,,bus-cycles:u,1163392,100.00,,
     0.295740641,9819526,,instructions:u,1162944,100.00,,
     0.296902415,344,,branch-misses:u,1161440,100.00,,
     0.296902415,34,,cache-misses:u,1161504,100.00,,
     0.296902415,1539798,,bus-cycles:u,1160896,100.00,,
     0.296902415,9833428,,instructions:u,1160768,100.00,,
     0.298059039,345,,branch-misses:u,1158240,100.00,,
     0.298059039,109,,cache-misses:u,1158144,100.00,,
     0.298059039,1530866,,bus-cycles:u,1158144,100.00,,
     0.298059039,9778849,,instructions:u,1158240,100.00,,
     0.299221869,345,,branch-misses:u,1161760,100.00,,
     0.299221869,37,,cache-misses:u,1162464,100.00,,
     0.299221869,1542427,,bus-cycles:u,1162400,100.00,,
     0.299221869,9859605,,instructions:u,1162304,100.00,,
     0.300377341,342,,branch-misses:u,1155264,100.00,,
     0.300377341,32,,cache-misses:u,1154368,100.00,,
     0.300377341,1531099,,bus-cycles:u,1154400,100.00,,
     0.300377341,9767979,,instructions:u,1154784,100.00,,
     0.301536300,344,,branch-misses:u,1161536,100.00,,
     0.301536300,107,,cache-misses:u,1162976,100.00,,
     0.301536300,1533314,,bus-cycles:u,1163840,100.00,,
     0.301536300,9802005,,instructions:u,1164320,100.00,,
     0.302771341,366,,branch-misses:u,1234432,100.00,,
     0.302771341,42,,cache-misses:u,1234272,100.00,,
     0.302771341,1636020,,bus-cycles:u,1234272,100.00,,
     0.302771341,10444937,,instructions:u,1234176,100.00,,
     0.304000464,363,,branch-misses:u,1229024,100.00,,
     0.304000464,34,,cache-misses:u,1228512,100.00,,
     0.304000464,1629479,,bus-cycles:u,1228416,100.00,,
     0.304000464,10385843,,instructions:u,1228448,100.00,,
     0.305222995,363,,branch-misses:u,1223104,100.00,,
     0.305222995,31,,cache-misses:u,1223360,100.00,,
     0.305222995,1621990,,bus-cycles:u,1223392,100.00,,
     0.305222995,10351531,,instructions:u,1223456,100.00,,
     0.306475826,371,,branch-misses:u,1253792,100.00,,
     0.306475826,102,,cache-misses:u,1254944,100.00,,
     0.306475826,1658829,,bus-cycles:u,1255264,100.00,,
     0.306475826,10592819,,instructions:u,1255232,100.00,,
     0.307703540,365,,branch-misses:u,1226816,100.00,,
     0.307703540,41,,cache-misses:u,1225600,100.00,,
     0.307703540,1624252,,bus-cycles:u,1225312,100.00,,
     0.307703540,10371611,,instructions:u,1225280,100.00,,
     0.308925496,361,,branch-misses:u,1222016,100.00,,
     0.308925496,40,,cache-misses:u,1222080,100.00,,
     0.308925496,1620707,,bus-cycles:u,1222016,100.00,,
     0.308925496,10347620,,instructions:u,1222016,100.00,,
     0.310199698,378,,branch-misses:u,1279840,100.00,,
     0.310199698,108,,cache-misses:u,1280608,100.00,,
     0.310199698,1691873,,bus-cycles:u,1280992,100.00,,
     0.310199698,10798667,,instructions:u,1281280,100.00,,
     0.311441746,368,,branch-misses:u,1237120,100.00,,
     0.311441746,36,,cache-misses:u,1236512,100.00,,
     0.311441746,1639054,,bus-cycles:u,1236192,100.00,,
     0.311441746,10462900,,instructions:u,1235968,100.00,,
     0.312666965,362,,branch-misses:u,1224736,100.00,,
     0.312666965,39,,cache-misses:u,1224352,100.00,,
     0.312666965,1623476,,bus-cycles:u,1224320,100.00,,
     0.312666965,10365009,,instructions:u,1224256,100.00,,
     0.313888473,364,,branch-misses:u,1224288,100.00,,
     0.313888473,115,,cache-misses:u,1225376,100.00,,
     0.313888473,1618790,,bus-cycles:u,1225472,100.00,,
     0.313888473,10350035,,instructions:u,1225600,100.00,,
     0.315129274,367,,branch-misses:u,1239264,100.00,,
     0.315129274,45,,cache-misses:u,1238752,100.00,,
     0.315129274,1642043,,bus-cycles:u,1238688,100.00,,
     0.315129274,10488662,,instructions:u,1238560,100.00,,
     0.316353821,363,,branch-misses:u,1224000,100.00,,
     0.316353821,37,,cache-misses:u,1223456,100.00,,
     0.316353821,1622245,,bus-cycles:u,1223488,100.00,,
     0.316353821,10353912,,instructions:u,1223744,100.00,,
     0.317574369,360,,branch-misses:u,1222112,100.00,,
     0.317574369,109,,cache-misses:u,1222272,100.00,,
     0.317574369,1608506,,bus-cycles:u,1222368,100.00,,
     0.317574369,10280540,,instructions:u,1222240,100.00,,
     0.318803171,366,,branch-misses:u,1227680,100.00,,
     0.318803171,43,,cache-misses:u,1227744,100.00,,
     0.318803171,1627652,,bus-cycles:u,1227584,100.00,,
     0.318803171,10393665,,instructions:u,1227456,100.00,,
     0.320023431,363,,branch-misses:u,1220992,100.00,,
     0.320023431,37,,cache-misses:u,1220832,100.00,,
     0.320023431,1619537,,bus-cycles:u,1220832,100.00,,
     0.320023431,10347785,,instructions:u,1220832,100.00,,
     0.321243915,361,,branch-misses:u,1220000,100.00,,
     0.321243915,38,,cache-misses:u,1220096,100.00,,
     0.321243915,1618190,,bus-cycles:u,1220096,100.00,,
     0.321243915,10331132,,instructions:u,1220128,100.00,,
     0.322496842,372,,branch-misses:u,1254272,100.00,,
     0.322496842,87,,cache-misses:u,1254592,100.00,,
     0.322496842,1659445,,bus-cycles:u,1254592,100.00,,
     0.322496842,10577925,,instructions:u,1254624,100.00,,
     0.323682516,351,,branch-misses:u,1184544,100.00,,
     0.323682516,37,,cache-misses:u,1183168,100.00,,
     0.323682516,1567796,,bus-cycles:u,1182368,100.00,,
     0.323682516,10003814,,instructions:u,1181504,100.00,,
     0.324839331,343,,branch-misses:u,1156864,100.00,,
     0.324839331,37,,cache-misses:u,1156992,100.00,,
     0.324839331,1533327,,bus-cycles:u,1156992,100.00,,
     0.324839331,9788375,,instructions:u,1156992,100.00,,
     0.325995123,342,,branch-misses:u,1156608,100.00,,
     0.325995123,122,,cache-misses:u,1156768,100.00,,
     0.325995123,1522868,,bus-cycles:u,1156800,100.00,,
     0.325995123,9737450,,instructions:u,1156832,100.00,,
     0.327167424,349,,branch-misses:u,1174272,100.00,,
     0.327167424,35,,cache-misses:u,1174400,100.00,,
     0.327167424,1556491,,bus-cycles:u,1174464,100.00,,
     0.327167424,9939713,,instructions:u,1174432,100.00,,
     0.328337677,347,,branch-misses:u,1168256,100.00,,
     0.328337677,34,,cache-misses:u,1167904,100.00,,
     0.328337677,1546145,,bus-cycles:u,1167584,100.00,,
     0.328337677,9862319,,instructions:u,1167552,100.00,,
     0.329502331,343,,branch-misses:u,1166848,100.00,,
     0.329502331,89,,cache-misses:u,1167456,100.00,,
     0.329502331,1539847,,bus-cycles:u,1167808,100.00,,
     0.329502331,9834130,,instructions:u,1167840,100.00,,
     0.330672680,346,,branch-misses:u,1168576,100.00,,
     0.330672680,55,,cache-misses:u,1168544,100.00,,
     0.330672680,1547402,,bus-cycles:u,1168512,100.00,,
     0.330672680,9883162,,instructions:u,1168448,100.00,,
     0.331865937,354,,branch-misses:u,1194240,100.00,,
     0.331865937,38,,cache-misses:u,1193792,100.00,,
     0.331865937,1581935,,bus-cycles:u,1193696,100.00,,
     0.331865937,10086126,,instructions:u,1193856,100.00,,
     0.333024608,343,,branch-misses:u,1159136,100.00,,
     0.333024608,41,,cache-misses:u,1159040,100.00,,
     0.333024608,1535391,,bus-cycles:u,1159040,100.00,,
     0.333024608,9806003,,instructions:u,1158912,100.00,,
     0.334180847,343,,branch-misses:u,1156672,100.00,,
     0.334180847,109,,cache-misses:u,1156704,100.00,,
     0.334180847,1523246,,bus-cycles:u,1156768,100.00,,
     0.334180847,9739153,,instructions:u,1156832,100.00,,
     0.335345853,346,,branch-misses:u,1163744,100.00,,
     0.335345853,33,,cache-misses:u,1164192,100.00,,
     0.335345853,1543147,,bus-cycles:u,1164096,100.00,,
     0.335345853,9855948,,instructions:u,1164064,100.00,,
     0.336502925,343,,branch-misses:u,1157664,100.00,,
     0.336502925,30,,cache-misses:u,1157152,100.00,,
     0.336502925,1533092,,bus-cycles:u,1157184,100.00,,
     0.336502925,9784914,,instructions:u,1157152,100.00,,
     0.337658204,342,,branch-misses:u,1156160,100.00,,
     0.337658204,110,,cache-misses:u,1156288,100.00,,
     0.337658204,1526508,,bus-cycles:u,1156416,100.00,,
     0.337658204,9757937,,instructions:u,1156704,100.00,,
     0.338823978,345,,branch-misses:u,1165120,100.00,,
     0.338823978,53,,cache-misses:u,1165152,100.00,,
     0.338823978,1542635,,bus-cycles:u,1164736,100.00,,
     0.338823978,9847339,,instructions:u,1164480,100.00,,
     0.339980282,344,,branch-misses:u,1157056,100.00,,
     0.339980282,30,,cache-misses:u,1156928,100.00,,
     0.339980282,1532597,,bus-cycles:u,1157216,100.00,,
     0.339980282,9810001,,instructions:u,1157216,100.00,,
     0.341138089,344,,branch-misses:u,1157024,100.00,,
     0.341138089,32,,cache-misses:u,1157056,100.00,,
     0.341138089,1532615,,bus-cycles:u,1157056,100.00,,
     0.341138089,9784157,,instructions:u,1157088,100.00,,
     0.342294425,341,,branch-misses:u,1157760,100.00,,
     0.342294425,109,,cache-misses:u,1157888,100.00,,
     0.342294425,1524144,,bus-cycles:u,1158016,100.00,,
     0.342294425,9721713,,instructions:u,1157952,100.00,,
     0.343459431,346,,branch-misses:u,1164352,100.00,,
     0.343459431,39,,cache-misses:u,1164512,100.00,,
     0.343459431,1542573,,bus-cycles:u,1164320,100.00,,
     0.343459431,9848269,,instructions:u,1164320,100.00,,
     0.344615094,343,,branch-misses:u,1155360,100.00,,
     0.344615094,35,,cache-misses:u,1155008,100.00,,
     0.344615094,1529643,,bus-cycles:u,1155040,100.00,,
     0.344615094,9782875,,instructions:u,1155040,100.00,,
     0.345769734,342,,branch-misses:u,1156128,100.00,,
     0.345769734,99,,cache-misses:u,1156544,100.00,,
     0.345769734,1526028,,bus-cycles:u,1156608,100.00,,
     0.345769734,9760935,,instructions:u,1156704,100.00,,
     0.346943283,349,,branch-misses:u,1173696,100.00,,
     0.346943283,35,,cache-misses:u,1173472,100.00,,
     0.346943283,1553324,,bus-cycles:u,1173440,100.00,,
     0.346943283,9922731,,instructions:u,1173984,100.00,,
     0.348101634,343,,branch-misses:u,1157344,100.00,,
     0.348101634,37,,cache-misses:u,1157184,100.00,,
     0.348101634,1531757,,bus-cycles:u,1156896,100.00,,
     0.348101634,9776720,,instructions:u,1156288,100.00,,
     0.349257618,342,,branch-misses:u,1156192,100.00,,
     0.349257618,32,,cache-misses:u,1156192,100.00,,
     0.349257618,1531095,,bus-cycles:u,1156480,100.00,,
     0.349257618,9780858,,instructions:u,1156512,100.00,,
     0.350412705,342,,branch-misses:u,1156480,100.00,,
     0.350412705,106,,cache-misses:u,1156576,100.00,,
     0.350412705,1525336,,bus-cycles:u,1156704,100.00,,
     0.350412705,9743255,,instructions:u,1156896,100.00,,
     0.351577455,346,,branch-misses:u,1164288,100.00,,
     0.351577455,31,,cache-misses:u,1164128,100.00,,
     0.351577455,1541466,,bus-cycles:u,1163904,100.00,,
     0.351577455,9834239,,instructions:u,1163616,100.00,,
     0.352734463,342,,branch-misses:u,1156800,100.00,,
     0.352734463,33,,cache-misses:u,1157184,100.00,,
     0.352734463,1531856,,bus-cycles:u,1157312,100.00,,
     0.352734463,9780073,,instructions:u,1157408,100.00,,
     0.353926440,356,,branch-misses:u,1194784,100.00,,
     0.353926440,106,,cache-misses:u,1194848,100.00,,
     0.353926440,1575358,,bus-cycles:u,1194880,100.00,,
     0.353926440,10070423,,instructions:u,1194848,100.00,,
     0.355094453,345,,branch-misses:u,1166784,100.00,,
     0.355094453,36,,cache-misses:u,1166432,100.00,,
     0.355094453,1544503,,bus-cycles:u,1166336,100.00,,
     0.355094453,9863855,,instructions:u,1166304,100.00,,
     0.356250405,343,,branch-misses:u,1155040,100.00,,
     0.356250405,34,,cache-misses:u,1154880,100.00,,
     0.356250405,1529210,,bus-cycles:u,1154880,100.00,,
     0.356250405,9768672,,instructions:u,1154944,100.00,,
     0.357399926,341,,branch-misses:u,1150720,100.00,,
     0.357399926,59,,cache-misses:u,1151136,100.00,,
     0.357399926,1519493,,bus-cycles:u,1151200,100.00,,
     0.357399926,9722924,,instructions:u,1151200,100.00,,
     0.358562020,344,,branch-misses:u,1161728,100.00,,
     0.358562020,86,,cache-misses:u,1161408,100.00,,
     0.358562020,1537898,,bus-cycles:u,1161408,100.00,,
     0.358562020,9828760,,instructions:u,1161600,100.00,,
     0.359718132,343,,branch-misses:u,1156064,100.00,,
     0.359718132,34,,cache-misses:u,1156032,100.00,,
     0.359718132,1531162,,bus-cycles:u,1156000,100.00,,
     0.359718132,9776769,,instructions:u,1155744,100.00,,
     0.360872644,341,,branch-misses:u,1154976,100.00,,
     0.360872644,35,,cache-misses:u,1154912,100.00,,
     0.360872644,1529822,,bus-cycles:u,1154848,100.00,,
     0.360872644,9774569,,instructions:u,1154880,100.00,,
     0.362030067,345,,branch-misses:u,1159968,100.00,,
     0.362030067,113,,cache-misses:u,1160320,100.00,,
     0.362030067,1531287,,bus-cycles:u,1160544,100.00,,
     0.362030067,9785569,,instructions:u,1160576,100.00,,
     0.363208479,349,,branch-misses:u,1178848,100.00,,
     0.363208479,41,,cache-misses:u,1179072,100.00,,
     0.363208479,1561369,,bus-cycles:u,1179072,100.00,,
     0.363208479,9970470,,instructions:u,1179072,100.00,,
     0.364379244,347,,branch-misses:u,1169248,100.00,,
     0.364379244,38,,cache-misses:u,1168896,100.00,,
     0.364379244,1547859,,bus-cycles:u,1168768,100.00,,
     0.364379244,9870288,,instructions:u,1168800,100.00,,
     0.365545433,347,,branch-misses:u,1168032,100.00,,
     0.365545433,100,,cache-misses:u,1168416,100.00,,
     0.365545433,1541336,,bus-cycles:u,1168544,100.00,,
     0.365545433,9856781,,instructions:u,1168640,100.00,,
     0.366736611,351,,branch-misses:u,1191200,100.00,,
     0.366736611,50,,cache-misses:u,1191552,100.00,,
     0.366736611,1577085,,bus-cycles:u,1191456,100.00,,
     0.366736611,10076559,,instructions:u,1191488,100.00,,
     0.367907856,347,,branch-misses:u,1170368,100.00,,
     0.367907856,41,,cache-misses:u,1169632,100.00,,
     0.367907856,1551299,,bus-cycles:u,1169632,100.00,,
     0.367907856,9905982,,instructions:u,1169472,100.00,,
     0.369069630,343,,branch-misses:u,1160864,100.00,,
     0.369069630,36,,cache-misses:u,1160864,100.00,,
     0.369069630,1537341,,bus-cycles:u,1160736,100.00,,
     0.369069630,9818367,,instructions:u,1160736,100.00,,
     0.370229773,344,,branch-misses:u,1162464,100.00,,
     0.370229773,141,,cache-misses:u,1162784,100.00,,
     0.370229773,1532105,,bus-cycles:u,1163488,100.00,,
     0.370229773,9786748,,instructions:u,1163552,100.00,,
     0.371401018,348,,branch-misses:u,1170272,100.00,,
     0.371401018,45,,cache-misses:u,1169792,100.00,,
     0.371401018,1549184,,bus-cycles:u,1169088,100.00,,
     0.371401018,9893254,,instructions:u,1168992,100.00,,
     0.372559113,343,,branch-misses:u,1157216,100.00,,
     0.372559113,40,,cache-misses:u,1157184,100.00,,
     0.372559113,1534186,,bus-cycles:u,1157280,100.00,,
     0.372559113,9801934,,instructions:u,1157248,100.00,,
     0.373717112,345,,branch-misses:u,1160864,100.00,,
     0.373717112,104,,cache-misses:u,1162336,100.00,,
     0.373717112,1534718,,bus-cycles:u,1163264,100.00,,
     0.373717112,9799526,,instructions:u,1164192,100.00,,
     0.375001937,381,,branch-misses:u,1285728,100.00,,
     0.375001937,33,,cache-misses:u,1286304,100.00,,
     0.375001937,1705116,,bus-cycles:u,1286176,100.00,,
     0.375001937,10893809,,instructions:u,1286080,100.00,,
     0.376231731,364,,branch-misses:u,1228128,100.00,,
     0.376231731,35,,cache-misses:u,1227168,100.00,,
     0.376231731,1625783,,bus-cycles:u,1227136,100.00,,
     0.376231731,10373744,,instructions:u,1227072,100.00,,
     0.377481522,374,,branch-misses:u,1265472,100.00,,
     0.377481522,75,,cache-misses:u,1269248,100.00,,
     0.377481522,1677791,,bus-cycles:u,1270560,100.00,,
     0.377481522,10725479,,instructions:u,1271904,100.00,,
     0.378826815,394,,branch-misses:u,1331232,100.00,,
     0.378826815,60,,cache-misses:u,1328384,100.00,,
     0.378826815,1759095,,bus-cycles:u,1327328,100.00,,
     0.378826815,11229427,,instructions:u,1326624,100.00,,
     0.380064288,368,,branch-misses:u,1237376,100.00,,
     0.380064288,44,,cache-misses:u,1237376,100.00,,
     0.380064288,1639545,,bus-cycles:u,1237152,100.00,,
     0.380064288,10468906,,instructions:u,1236672,100.00,,
     0.381294818,364,,branch-misses:u,1229856,100.00,,
     0.381294818,40,,cache-misses:u,1228800,100.00,,
     0.381294818,1628247,,bus-cycles:u,1228832,100.00,,
     0.381294818,10396514,,instructions:u,1228800,100.00,,
     0.382583450,382,,branch-misses:u,1289664,100.00,,
     0.382583450,92,,cache-misses:u,1290176,100.00,,
     0.382583450,1702535,,bus-cycles:u,1290208,100.00,,
     0.382583450,10874261,,instructions:u,1290176,100.00,,
     0.383808989,363,,branch-misses:u,1224864,100.00,,
     0.383808989,35,,cache-misses:u,1224224,100.00,,
     0.383808989,1622633,,bus-cycles:u,1224224,100.00,,
     0.383808989,10356683,,instructions:u,1224320,100.00,,
     0.385031777,363,,branch-misses:u,1222944,100.00,,
     0.385031777,33,,cache-misses:u,1223008,100.00,,
     0.385031777,1620563,,bus-cycles:u,1222944,100.00,,
     0.385031777,10346667,,instructions:u,1222880,100.00,,
     0.386254116,363,,branch-misses:u,1223264,100.00,,
     0.386254116,107,,cache-misses:u,1223936,100.00,,
     0.386254116,1615881,,bus-cycles:u,1224096,100.00,,
     0.386254116,10325419,,instructions:u,1224256,100.00,,
     0.387482855,364,,branch-misses:u,1228320,100.00,,
     0.387482855,37,,cache-misses:u,1228160,100.00,,
     0.387482855,1628235,,bus-cycles:u,1228288,100.00,,
     0.387482855,10397085,,instructions:u,1228128,100.00,,
     0.388705578,364,,branch-misses:u,1222688,100.00,,
     0.388705578,33,,cache-misses:u,1222208,100.00,,
     0.388705578,1618625,,bus-cycles:u,1221920,100.00,,
     0.388705578,10336146,,instructions:u,1221952,100.00,,
     0.389926926,361,,branch-misses:u,1222496,100.00,,
     0.389926926,128,,cache-misses:u,1223232,100.00,,
     0.389926926,1612544,,bus-cycles:u,1223328,100.00,,
     0.389926926,10311117,,instructions:u,1223360,100.00,,
     0.391153841,364,,branch-misses:u,1226336,100.00,,
     0.391153841,37,,cache-misses:u,1225600,100.00,,
     0.391153841,1624247,,bus-cycles:u,1225536,100.00,,
     0.391153841,10372605,,instructions:u,1225440,100.00,,
     0.392375285,362,,branch-misses:u,1221152,100.00,,
     0.392375285,41,,cache-misses:u,1221088,100.00,,
     0.392375285,1617698,,bus-cycles:u,1221024,100.00,,
     0.392375285,10328669,,instructions:u,1221056,100.00,,
     0.393594969,362,,branch-misses:u,1221216,100.00,,
     0.393594969,109,,cache-misses:u,1221824,100.00,,
     0.393594969,1612623,,bus-cycles:u,1221952,100.00,,
     0.393594969,10298414,,instructions:u,1222048,100.00,,
     0.394822236,363,,branch-misses:u,1226880,100.00,,
     0.394822236,38,,cache-misses:u,1226752,100.00,,
     0.394822236,1626114,,bus-cycles:u,1226656,100.00,,
     0.394822236,10383813,,instructions:u,1226560,100.00,,
     0.396043712,362,,branch-misses:u,1221440,100.00,,
     0.396043712,37,,cache-misses:u,1221056,100.00,,
     0.396043712,1617621,,bus-cycles:u,1221088,100.00,,
     0.396043712,10323504,,instructions:u,1221088,100.00,,
     0.397264964,361,,branch-misses:u,1221440,100.00,,
     0.397264964,54,,cache-misses:u,1221440,100.00,,
     0.397264964,1617193,,bus-cycles:u,1221440,100.00,,
     0.397264964,10331924,,instructions:u,1221472,100.00,,
     0.398583542,391,,branch-misses:u,1320544,100.00,,
     0.398583542,103,,cache-misses:u,1321248,100.00,,
     0.398583542,1741079,,bus-cycles:u,1321184,100.00,,
     0.398583542,11138687,,instructions:u,1321344,100.00,,
     0.399812792,364,,branch-misses:u,1227872,100.00,,
     0.399812792,39,,cache-misses:u,1227424,100.00,,
     0.399812792,1625417,,bus-cycles:u,1227456,100.00,,
     0.399812792,10374685,,instructions:u,1227360,100.00,,
     0.401035548,362,,branch-misses:u,1222336,100.00,,
     0.401035548,47,,cache-misses:u,1222112,100.00,,
     0.401035548,1618658,,bus-cycles:u,1222112,100.00,,
     0.401035548,10331636,,instructions:u,1221952,100.00,,
     0.402258207,362,,branch-misses:u,1224544,100.00,,
     0.402258207,118,,cache-misses:u,1225024,100.00,,
     0.402258207,1613378,,bus-cycles:u,1224992,100.00,,
     0.402258207,10312110,,instructions:u,1225056,100.00,,
     0.403488418,364,,branch-misses:u,1229440,100.00,,
     0.403488418,49,,cache-misses:u,1228896,100.00,,
     0.403488418,1627660,,bus-cycles:u,1228960,100.00,,
     0.403488418,10398700,,instructions:u,1228960,100.00,,
     0.404710565,361,,branch-misses:u,1221664,100.00,,
     0.404710565,43,,cache-misses:u,1221696,100.00,,
     0.404710565,1617781,,bus-cycles:u,1221664,100.00,,
     0.404710565,10324590,,instructions:u,1221632,100.00,,
     0.405931977,362,,branch-misses:u,1223232,100.00,,
     0.405931977,131,,cache-misses:u,1223680,100.00,,
     0.405931977,1613059,,bus-cycles:u,1223680,100.00,,
     0.405931977,10310743,,instructions:u,1223712,100.00,,
     0.407159532,364,,branch-misses:u,1226944,100.00,,
     0.407159532,41,,cache-misses:u,1226848,100.00,,
     0.407159532,1624934,,bus-cycles:u,1226848,100.00,,
     0.407159532,10373157,,instructions:u,1226816,100.00,,
     0.408381872,361,,branch-misses:u,1221824,100.00,,
     0.408381872,35,,cache-misses:u,1221408,100.00,,
     0.408381872,1618205,,bus-cycles:u,1221472,100.00,,
     0.408381872,10341337,,instructions:u,1221504,100.00,,
     0.409626159,333,,branch-misses:u,1203232,100.00,,
     0.409626159,441,,cache-misses:u,1197568,100.00,,
     0.409626159,1419583,,bus-cycles:u,1192000,100.00,,
     0.409626159,9004326,,instructions:u,1186464,100.00,,
     0.410826647,254,,branch-misses:u,850432,100.00,,
     0.410826647,715,,cache-misses:u,854304,100.00,,
     0.410826647,1118996,,bus-cycles:u,856864,100.00,,
     0.410826647,7133915,,instructions:u,859488,100.00,,
     0.411976104,345,,branch-misses:u,1148736,100.00,,
     0.411976104,76,,cache-misses:u,1147648,100.00,,
     0.411976104,1525732,,bus-cycles:u,1147712,100.00,,
     0.411976104,9757696,,instructions:u,1147680,100.00,,
     0.413122393,343,,branch-misses:u,1146112,100.00,,
     0.413122393,36,,cache-misses:u,1146112,100.00,,
     0.413122393,1523678,,bus-cycles:u,1146080,100.00,,
     0.413122393,9740786,,instructions:u,1146016,100.00,,
     0.414266667,341,,branch-misses:u,1145152,100.00,,
     0.414266667,160,,cache-misses:u,1145152,100.00,,
     0.414266667,1500319,,bus-cycles:u,1145248,100.00,,
     0.414266667,9581336,,instructions:u,1145344,100.00,,
     0.415415164,341,,branch-misses:u,1148096,100.00,,
     0.415415164,37,,cache-misses:u,1148064,100.00,,
     0.415415164,1525632,,bus-cycles:u,1147968,100.00,,
     0.415415164,9745100,,instructions:u,1147872,100.00,,
     0.416559469,341,,branch-misses:u,1144224,100.00,,
     0.416559469,32,,cache-misses:u,1144096,100.00,,
     0.416559469,1520605,,bus-cycles:u,1144064,100.00,,
     0.416559469,9700527,,instructions:u,1144064,100.00,,
     0.417703743,340,,branch-misses:u,1145312,100.00,,
     0.417703743,108,,cache-misses:u,1145472,100.00,,
     0.417703743,1513239,,bus-cycles:u,1145568,100.00,,
     0.417703743,9665938,,instructions:u,1145696,100.00,,
     0.418851568,341,,branch-misses:u,1147488,100.00,,
     0.418851568,31,,cache-misses:u,1147552,100.00,,
     0.418851568,1524354,,bus-cycles:u,1147488,100.00,,
     0.418851568,9735452,,instructions:u,1147424,100.00,,
     0.420010431,347,,branch-misses:u,1159200,100.00,,
     0.420010431,30,,cache-misses:u,1159168,100.00,,
     0.420010431,1540932,,bus-cycles:u,1159104,100.00,,
     0.420010431,9840373,,instructions:u,1159040,100.00,,
     0.421154577,340,,branch-misses:u,1143808,100.00,,
     0.421154577,29,,cache-misses:u,1143648,100.00,,
     0.421154577,1520821,,bus-cycles:u,1143712,100.00,,
     0.421154577,9709437,,instructions:u,1143744,100.00,,
     0.422298211,335,,branch-misses:u,1144832,100.00,,
     0.422298211,130,,cache-misses:u,1145056,100.00,,
     0.422298211,1493515,,bus-cycles:u,1145120,100.00,,
     0.422298211,9547901,,instructions:u,1145184,100.00,,
     0.423448724,342,,branch-misses:u,1150208,100.00,,
     0.423448724,32,,cache-misses:u,1150272,100.00,,
     0.423448724,1528679,,bus-cycles:u,1150208,100.00,,
     0.423448724,9753445,,instructions:u,1150112,100.00,,
     0.424593285,341,,branch-misses:u,1144256,100.00,,
     0.424593285,28,,cache-misses:u,1143968,100.00,,
     0.424593285,1520482,,bus-cycles:u,1143904,100.00,,
     0.424593285,9713660,,instructions:u,1143936,100.00,,
     0.425737687,342,,branch-misses:u,1145536,100.00,,
     0.425737687,109,,cache-misses:u,1145568,100.00,,
     0.425737687,1514180,,bus-cycles:u,1145664,100.00,,
     0.425737687,9672417,,instructions:u,1145696,100.00,,
     0.426887368,344,,branch-misses:u,1149344,100.00,,
     0.426887368,32,,cache-misses:u,1149344,100.00,,
     0.426887368,1527646,,bus-cycles:u,1149216,100.00,,
     0.426887368,9769326,,instructions:u,1149184,100.00,,
     0.428032633,340,,branch-misses:u,1145120,100.00,,
     0.428032633,37,,cache-misses:u,1145056,100.00,,
     0.428032633,1521358,,bus-cycles:u,1145024,100.00,,
     0.428032633,9719128,,instructions:u,1145056,100.00,,
     0.429177035,340,,branch-misses:u,1144608,100.00,,
     0.429177035,31,,cache-misses:u,1144640,100.00,,
     0.429177035,1521544,,bus-cycles:u,1144704,100.00,,
     0.429177035,9711573,,instructions:u,1144672,100.00,,
     0.430321885,341,,branch-misses:u,1146048,100.00,,
     0.430321885,107,,cache-misses:u,1146176,100.00,,
     0.430321885,1517193,,bus-cycles:u,1146240,100.00,,
     0.430321885,9698448,,instructions:u,1146240,100.00,,
     0.431471085,342,,branch-misses:u,1148800,100.00,,
     0.431471085,36,,cache-misses:u,1148704,100.00,,
     0.431471085,1528099,,bus-cycles:u,1148640,100.00,,
     0.431471085,9765167,,instructions:u,1148576,100.00,,
     0.432615583,341,,branch-misses:u,1144608,100.00,,
     0.432615583,28,,cache-misses:u,1144576,100.00,,
     0.432615583,1522804,,bus-cycles:u,1144576,100.00,,
     0.432615583,9722260,,instructions:u,1144704,100.00,,
     0.433759153,342,,branch-misses:u,1144320,100.00,,
     0.433759153,98,,cache-misses:u,1144480,100.00,,
     0.433759153,1517945,,bus-cycles:u,1144608,100.00,,
     0.433759153,9711163,,instructions:u,1144544,100.00,,
     0.434907074,342,,branch-misses:u,1147712,100.00,,
     0.434907074,35,,cache-misses:u,1147808,100.00,,
     0.434907074,1526676,,bus-cycles:u,1147680,100.00,,
     0.434907074,9757305,,instructions:u,1147616,100.00,,
     0.436051508,341,,branch-misses:u,1144576,100.00,,
     0.436051508,34,,cache-misses:u,1144352,100.00,,
     0.436051508,1522909,,bus-cycles:u,1144320,100.00,,
     0.436051508,9727890,,instructions:u,1144448,100.00,,
     0.437196581,341,,branch-misses:u,1145248,100.00,,
     0.437196581,30,,cache-misses:u,1145312,100.00,,
     0.437196581,1522685,,bus-cycles:u,1145440,100.00,,
     0.437196581,9738037,,instructions:u,1145248,100.00,,
     0.438342551,342,,branch-misses:u,1147008,100.00,,
     0.438342551,105,,cache-misses:u,1147008,100.00,,
     0.438342551,1516787,,bus-cycles:u,1146976,100.00,,
     0.438342551,9699121,,instructions:u,1147104,100.00,,
     0.439493703,343,,branch-misses:u,1150144,100.00,,
     0.439493703,31,,cache-misses:u,1150112,100.00,,
     0.439493703,1529532,,bus-cycles:u,1150080,100.00,,
     0.439493703,9787384,,instructions:u,1149952,100.00,,
     0.440652054,346,,branch-misses:u,1159168,100.00,,
     0.440652054,30,,cache-misses:u,1159328,100.00,,
     0.440652054,1542848,,bus-cycles:u,1159360,100.00,,
     0.440652054,9844381,,instructions:u,1159456,100.00,,
     0.441797896,341,,branch-misses:u,1146240,100.00,,
     0.441797896,95,,cache-misses:u,1146400,100.00,,
     0.441797896,1515910,,bus-cycles:u,1146496,100.00,,
     0.441797896,9686266,,instructions:u,1146624,100.00,,
     0.442951064,344,,branch-misses:u,1153184,100.00,,
     0.442951064,29,,cache-misses:u,1152800,100.00,,
     0.442951064,1534254,,bus-cycles:u,1152672,100.00,,
     0.442951064,9809706,,instructions:u,1152544,100.00,,
     0.444097449,341,,branch-misses:u,1146016,100.00,,
     0.444097449,36,,cache-misses:u,1146080,100.00,,
     0.444097449,1523989,,bus-cycles:u,1145984,100.00,,
     0.444097449,9737083,,instructions:u,1146016,100.00,,
     0.445241243,343,,branch-misses:u,1144064,100.00,,
     0.445241243,33,,cache-misses:u,1144064,100.00,,
     0.445241243,1522530,,bus-cycles:u,1144160,100.00,,
     0.445241243,9711475,,instructions:u,1144160,100.00,,
     0.446385101,341,,branch-misses:u,1145472,100.00,,
     0.446385101,90,,cache-misses:u,1145536,100.00,,
     0.446385101,1517256,,bus-cycles:u,1145728,100.00,,
     0.446385101,9694885,,instructions:u,1145824,100.00,,
     0.447534654,342,,branch-misses:u,1148768,100.00,,
     0.447534654,44,,cache-misses:u,1148864,100.00,,
     0.447534654,1528822,,bus-cycles:u,1148672,100.00,,
     0.447534654,9756133,,instructions:u,1148544,100.00,,
     0.448679535,341,,branch-misses:u,1144640,100.00,,
     0.448679535,35,,cache-misses:u,1144608,100.00,,
     0.448679535,1522981,,bus-cycles:u,1144640,100.00,,
     0.448679535,9723319,,instructions:u,1144640,100.00,,
     0.449823137,341,,branch-misses:u,1144608,100.00,,
     0.449823137,100,,cache-misses:u,1144608,100.00,,
     0.449823137,1515595,,bus-cycles:u,1144736,100.00,,
     0.449823137,9682695,,instructions:u,1144896,100.00,,
     0.450972146,342,,branch-misses:u,1148864,100.00,,
     0.450972146,31,,cache-misses:u,1148768,100.00,,
     0.450972146,1528255,,bus-cycles:u,1148640,100.00,,
     0.450972146,9766274,,instructions:u,1148448,100.00,,
     0.452116644,341,,branch-misses:u,1144320,100.00,,
     0.452116644,34,,cache-misses:u,1144192,100.00,,
     0.452116644,1522244,,bus-cycles:u,1144128,100.00,,
     0.452116644,9711284,,instructions:u,1144192,100.00,,
     0.453260118,340,,branch-misses:u,1143680,100.00,,
     0.453260118,41,,cache-misses:u,1143808,100.00,,
     0.453260118,1522692,,bus-cycles:u,1143840,100.00,,
     0.453260118,9723771,,instructions:u,1143872,100.00,,
     0.454402984,340,,branch-misses:u,1143744,100.00,,
     0.454402984,103,,cache-misses:u,1143904,100.00,,
     0.454402984,1512521,,bus-cycles:u,1144000,100.00,,
     0.454402984,9659932,,instructions:u,1144064,100.00,,
     0.455551737,342,,branch-misses:u,1148832,100.00,,
     0.455551737,34,,cache-misses:u,1148640,100.00,,
     0.455551737,1526932,,bus-cycles:u,1148544,100.00,,
     0.455551737,9753234,,instructions:u,1148448,100.00,,
     0.456696394,341,,branch-misses:u,1144288,100.00,,
     0.456696394,33,,cache-misses:u,1144320,100.00,,
     0.456696394,1521618,,bus-cycles:u,1144320,100.00,,
     0.456696394,9715049,,instructions:u,1144256,100.00,,
     0.457840156,342,,branch-misses:u,1144384,100.00,,
     0.457840156,95,,cache-misses:u,1144384,100.00,,
     0.457840156,1517010,,bus-cycles:u,1144448,100.00,,
     0.457840156,9686256,,instructions:u,1144608,100.00,,
     0.458986893,342,,branch-misses:u,1146528,100.00,,
     0.458986893,30,,cache-misses:u,1146496,100.00,,
     0.458986893,1526053,,bus-cycles:u,1146304,100.00,,
     0.458986893,9749019,,instructions:u,1146080,100.00,,
     0.460130367,341,,branch-misses:u,1143552,100.00,,
     0.460130367,35,,cache-misses:u,1143456,100.00,,
     0.460130367,1522088,,bus-cycles:u,1143520,100.00,,
     0.460130367,9723027,,instructions:u,1143552,100.00,,
     0.461274193,339,,branch-misses:u,1144096,100.00,,
     0.461274193,37,,cache-misses:u,1144096,100.00,,
     0.461274193,1522888,,bus-cycles:u,1144096,100.00,,
     0.461274193,9693572,,instructions:u,1144128,100.00,,
     0.462448669,350,,branch-misses:u,1175808,100.00,,
     0.462448669,75,,cache-misses:u,1176256,100.00,,
     0.462448669,1557975,,bus-cycles:u,1176320,100.00,,
     0.462448669,9958917,,instructions:u,1176320,100.00,,
     0.463597166,343,,branch-misses:u,1148032,100.00,,
     0.463597166,33,,cache-misses:u,1147680,100.00,,
     0.463597166,1526652,,bus-cycles:u,1147616,100.00,,
     0.463597166,9755505,,instructions:u,1147584,100.00,,
     0.464742368,340,,branch-misses:u,1145280,100.00,,
     0.464742368,32,,cache-misses:u,1145152,100.00,,
     0.464742368,1522837,,bus-cycles:u,1145184,100.00,,
     0.464742368,9719727,,instructions:u,1145184,100.00,,
     0.465887217,341,,branch-misses:u,1145600,100.00,,
     0.465887217,115,,cache-misses:u,1145632,100.00,,
     0.465887217,1513622,,bus-cycles:u,1145568,100.00,,
     0.465887217,9671645,,instructions:u,1145568,100.00,,
     0.467036130,341,,branch-misses:u,1148896,100.00,,
     0.467036130,44,,cache-misses:u,1149056,100.00,,
     0.467036130,1526300,,bus-cycles:u,1149120,100.00,,
     0.467036130,9734258,,instructions:u,1149088,100.00,,
     0.468180820,342,,branch-misses:u,1144256,100.00,,
     0.468180820,32,,cache-misses:u,1144128,100.00,,
     0.468180820,1520816,,bus-cycles:u,1144064,100.00,,
     0.468180820,9723624,,instructions:u,1144064,100.00,,
     0.469324774,339,,branch-misses:u,1144064,100.00,,
     0.469324774,32,,cache-misses:u,1144032,100.00,,
     0.469324774,1520873,,bus-cycles:u,1144000,100.00,,
     0.469324774,9704555,,instructions:u,1144064,100.00,,
     0.470486100,347,,branch-misses:u,1162016,100.00,,
     0.470486100,83,,cache-misses:u,1162112,100.00,,
     0.470486100,1539789,,bus-cycles:u,1162272,100.00,,
     0.470486100,9843205,,instructions:u,1162304,100.00,,
     0.471629958,340,,branch-misses:u,1144000,100.00,,
     0.471629958,37,,cache-misses:u,1143904,100.00,,
     0.471629958,1521478,,bus-cycles:u,1143808,100.00,,
     0.471629958,9725097,,instructions:u,1143712,100.00,,
     0.472774520,340,,branch-misses:u,1144448,100.00,,
     0.472774520,37,,cache-misses:u,1144448,100.00,,
     0.472774520,1521852,,bus-cycles:u,1144384,100.00,,
     0.472774520,9717766,,instructions:u,1144352,100.00,,
     0.473918474,339,,branch-misses:u,1145088,100.00,,
     0.473918474,147,,cache-misses:u,1145472,100.00,,
     0.473918474,1510359,,bus-cycles:u,1145664,100.00,,
     0.473918474,9655181,,instructions:u,1145856,100.00,,
     0.475073721,343,,branch-misses:u,1155040,100.00,,
     0.475073721,42,,cache-misses:u,1154784,100.00,,
     0.475073721,1534657,,bus-cycles:u,1154656,100.00,,
     0.475073721,9805155,,instructions:u,1154528,100.00,,
     0.476217611,342,,branch-misses:u,1143936,100.00,,
     0.476217611,28,,cache-misses:u,1143840,100.00,,
     0.476217611,1521233,,bus-cycles:u,1143712,100.00,,
     0.476217611,9712121,,instructions:u,1143744,100.00,,
     0.477361789,340,,branch-misses:u,1144000,100.00,,
     0.477361789,30,,cache-misses:u,1144128,100.00,,
     0.477361789,1521742,,bus-cycles:u,1144224,100.00,,
     0.477361789,9767361,,instructions:u,1156640,100.00,,
     0.478522540,345,,branch-misses:u,1161760,100.00,,
     0.478522540,97,,cache-misses:u,1161760,100.00,,
     0.478522540,1535348,,bus-cycles:u,1161888,100.00,,
     0.478522540,9763632,,instructions:u,1149408,100.00,,
     0.479667933,342,,branch-misses:u,1145152,100.00,,
     0.479667933,35,,cache-misses:u,1144992,100.00,,
     0.479667933,1521338,,bus-cycles:u,1144896,100.00,,
     0.479667933,9717047,,instructions:u,1144928,100.00,,
     0.480811599,340,,branch-misses:u,1143520,100.00,,
     0.480811599,33,,cache-misses:u,1143424,100.00,,
     0.480811599,1519441,,bus-cycles:u,1143424,100.00,,
     0.480811599,9708945,,instructions:u,1143456,100.00,,
     0.481956129,342,,branch-misses:u,1145504,100.00,,
     0.481956129,92,,cache-misses:u,1145824,100.00,,
     0.481956129,1518099,,bus-cycles:u,1145856,100.00,,
     0.481956129,9700124,,instructions:u,1145856,100.00,,
     0.483122383,348,,branch-misses:u,1166240,100.00,,
     0.483122383,33,,cache-misses:u,1166240,100.00,,
     0.483122383,1551051,,bus-cycles:u,1166240,100.00,,
     0.483122383,9922461,,instructions:u,1166176,100.00,,
     0.484267456,341,,branch-misses:u,1145088,100.00,,
     0.484267456,33,,cache-misses:u,1145024,100.00,,
     0.484267456,1522594,,bus-cycles:u,1145056,100.00,,
     0.484267456,9722141,,instructions:u,1145088,100.00,,
     0.485388246,334,,branch-misses:u,1121472,100.00,,
     0.485388246,51,,cache-misses:u,1121312,100.00,,
     0.485388246,1483880,,bus-cycles:u,1121280,100.00,,
     0.485388246,9489654,,instructions:u,1121472,100.00,,
     0.486537191,343,,branch-misses:u,1148768,100.00,,
     0.486537191,75,,cache-misses:u,1148704,100.00,,
     0.486537191,1527243,,bus-cycles:u,1148672,100.00,,
     0.486537191,9758818,,instructions:u,1148512,100.00,,
     0.487681593,340,,branch-misses:u,1144256,100.00,,
     0.487681593,34,,cache-misses:u,1144416,100.00,,
     0.487681593,1521885,,bus-cycles:u,1144448,100.00,,
     0.487681593,9717877,,instructions:u,1144384,100.00,,
     0.488825355,342,,branch-misses:u,1144032,100.00,,
     0.488825355,36,,cache-misses:u,1144064,100.00,,
     0.488825355,1521655,,bus-cycles:u,1144032,100.00,,
     0.488825355,9714041,,instructions:u,1144032,100.00,,
     0.489969084,340,,branch-misses:u,1144672,100.00,,
     0.489969084,98,,cache-misses:u,1144608,100.00,,
     0.489969084,1512812,,bus-cycles:u,1144672,100.00,,
     0.489969084,9657685,,instructions:u,1144736,100.00,,
     0.491116046,341,,branch-misses:u,1146336,100.00,,
     0.491116046,36,,cache-misses:u,1146336,100.00,,
     0.491116046,1523993,,bus-cycles:u,1146304,100.00,,
     0.491116046,9727645,,instructions:u,1146240,100.00,,
     0.492259391,340,,branch-misses:u,1143680,100.00,,
     0.492259391,31,,cache-misses:u,1143648,100.00,,
     0.492259391,1520636,,bus-cycles:u,1143648,100.00,,
     0.492259391,9716736,,instructions:u,1143680,100.00,,
     0.493385748,336,,branch-misses:u,1127200,100.00,,
     0.493385748,38,,cache-misses:u,1127328,100.00,,
     0.493385748,1492830,,bus-cycles:u,1127392,100.00,,
     0.493385748,9541095,,instructions:u,1127520,100.00,,
     0.494535045,342,,branch-misses:u,1149120,100.00,,
     0.494535045,70,,cache-misses:u,1148928,100.00,,
     0.494535045,1526718,,bus-cycles:u,1148928,100.00,,
     0.494535045,9752295,,instructions:u,1148864,100.00,,
     0.495678679,342,,branch-misses:u,1143744,100.00,,
     0.495678679,38,,cache-misses:u,1143744,100.00,,
     0.495678679,1520719,,bus-cycles:u,1143648,100.00,,
     0.495678679,9711383,,instructions:u,1143584,100.00,,
     0.496821833,340,,branch-misses:u,1143360,100.00,,
     0.496821833,31,,cache-misses:u,1143360,100.00,,
     0.496821833,1521156,,bus-cycles:u,1143296,100.00,,
     0.496821833,9717549,,instructions:u,1143296,100.00,,
     0.497965083,339,,branch-misses:u,1143968,100.00,,
     0.497965083,103,,cache-misses:u,1144096,100.00,,
     0.497965083,1516096,,bus-cycles:u,1144224,100.00,,
     0.497965083,9677939,,instructions:u,1144256,100.00,,
     0.499112908,341,,branch-misses:u,1147328,100.00,,
     0.499112908,48,,cache-misses:u,1147360,100.00,,
     0.499112908,1527057,,bus-cycles:u,1147328,100.00,,
     0.499112908,9754487,,instructions:u,1147360,100.00,,
     0.500256862,340,,branch-misses:u,1144032,100.00,,
     0.500256862,30,,cache-misses:u,1143968,100.00,,
     0.500256862,1521973,,bus-cycles:u,1143904,100.00,,
     0.500256862,9714067,,instructions:u,1143904,100.00,,
     0.501384787,336,,branch-misses:u,1129024,100.00,,
     0.501384787,65,,cache-misses:u,1129088,100.00,,
     0.501384787,1491903,,bus-cycles:u,1129120,100.00,,
     0.501384787,9543422,,instructions:u,1129056,100.00,,
     0.502532452,342,,branch-misses:u,1147328,100.00,,
     0.502532452,99,,cache-misses:u,1147360,100.00,,
     0.502532452,1526014,,bus-cycles:u,1147360,100.00,,
     0.502532452,9747980,,instructions:u,1147328,100.00,,
     0.503675957,341,,branch-misses:u,1143744,100.00,,
     0.503675957,39,,cache-misses:u,1143584,100.00,,
     0.503675957,1521464,,bus-cycles:u,1143520,100.00,,
     0.503675957,9724957,,instructions:u,1143616,100.00,,
     0.504831781,344,,branch-misses:u,1156064,100.00,,
     0.504831781,34,,cache-misses:u,1156288,100.00,,
     0.504831781,1537852,,bus-cycles:u,1156416,100.00,,
     0.504831781,9829141,,instructions:u,1156416,100.00,,
     0.505976375,339,,branch-misses:u,1145248,100.00,,
     0.505976375,101,,cache-misses:u,1145408,100.00,,
     0.505976375,1515243,,bus-cycles:u,1145408,100.00,,
     0.505976375,9681827,,instructions:u,1145536,100.00,,
     0.507128871,343,,branch-misses:u,1152288,100.00,,
     0.507128871,36,,cache-misses:u,1152192,100.00,,
     0.507128871,1532451,,bus-cycles:u,1152032,100.00,,
     0.507128871,9800801,,instructions:u,1151840,100.00,,
     0.508274073,342,,branch-misses:u,1145344,100.00,,
     0.508274073,29,,cache-misses:u,1145024,100.00,,
     0.508274073,1522388,,bus-cycles:u,1145024,100.00,,
     0.508274073,9731239,,instructions:u,1144960,100.00,,
     0.509388016,332,,branch-misses:u,1114464,100.00,,
     0.509388016,43,,cache-misses:u,1114560,100.00,,
     0.509388016,1477068,,bus-cycles:u,1114848,100.00,,
     0.509388016,9427572,,instructions:u,1115072,100.00,,
     0.510535105,340,,branch-misses:u,1146944,100.00,,
     0.510535105,75,,cache-misses:u,1146912,100.00,,
     0.510535105,1513954,,bus-cycles:u,1146688,100.00,,
     0.510535105,9679544,,instructions:u,1146560,100.00,,
     0.511678643,341,,branch-misses:u,1143712,100.00,,
     0.511678643,38,,cache-misses:u,1143584,100.00,,
     0.511678643,1520825,,bus-cycles:u,1143616,100.00,,
     0.511678643,9717106,,instructions:u,1143584,100.00,,
     0.512821541,340,,branch-misses:u,1142688,100.00,,
     0.512821541,39,,cache-misses:u,1142816,100.00,,
     0.512821541,1519776,,bus-cycles:u,1142816,100.00,,
     0.512821541,9707117,,instructions:u,1142848,100.00,,
     0.513965047,340,,branch-misses:u,1144608,100.00,,
     0.513965047,108,,cache-misses:u,1144544,100.00,,
     0.513965047,1514493,,bus-cycles:u,1144576,100.00,,
     0.513965047,9673497,,instructions:u,1144608,100.00,,
     0.515113448,341,,branch-misses:u,1148224,100.00,,
     0.515113448,28,,cache-misses:u,1148288,100.00,,
     0.515113448,1525870,,bus-cycles:u,1148224,100.00,,
     0.515113448,9743060,,instructions:u,1148160,100.00,,
     0.516257114,341,,branch-misses:u,1143488,100.00,,
     0.516257114,34,,cache-misses:u,1143328,100.00,,
     0.516257114,1520099,,bus-cycles:u,1143296,100.00,,
     0.516257114,9716407,,instructions:u,1143328,100.00,,
     0.517386990,336,,branch-misses:u,1130560,100.00,,
     0.517386990,45,,cache-misses:u,1130752,100.00,,
     0.517386990,1494521,,bus-cycles:u,1130848,100.00,,
     0.517386990,9543677,,instructions:u,1130848,100.00,,
     0.518535903,342,,branch-misses:u,1148960,100.00,,
     0.518535903,79,,cache-misses:u,1148896,100.00,,
     0.518535903,1527127,,bus-cycles:u,1148864,100.00,,
     0.518535903,9756526,,instructions:u,1148864,100.00,,
     0.519680592,340,,branch-misses:u,1144576,100.00,,
     0.519680592,47,,cache-misses:u,1144480,100.00,,
     0.519680592,1520962,,bus-cycles:u,1144480,100.00,,
     0.519680592,9710295,,instructions:u,1144480,100.00,,
     0.520824034,340,,branch-misses:u,1143584,100.00,,
     0.520824034,28,,cache-misses:u,1143616,100.00,,
     0.520824034,1520019,,bus-cycles:u,1143584,100.00,,
     0.520824034,9708114,,instructions:u,1143552,100.00,,
     0.521968916,339,,branch-misses:u,1146080,100.00,,
     0.521968916,111,,cache-misses:u,1146304,100.00,,
     0.521968916,1515388,,bus-cycles:u,1146368,100.00,,
     0.521968916,9691569,,instructions:u,1146368,100.00,,
     0.523116741,343,,branch-misses:u,1147424,100.00,,
     0.523116741,31,,cache-misses:u,1147360,100.00,,
     0.523116741,1526646,,bus-cycles:u,1147232,100.00,,
     0.523116741,9749049,,instructions:u,1147232,100.00,,
     0.524261079,340,,branch-misses:u,1144160,100.00,,
     0.524261079,32,,cache-misses:u,1144032,100.00,,
     0.524261079,1521828,,bus-cycles:u,1144096,100.00,,
     0.524261079,9714470,,instructions:u,1144096,100.00,,
     0.525388971,335,,branch-misses:u,1129376,100.00,,
     0.525388971,52,,cache-misses:u,1129696,100.00,,
     0.525388971,1493366,,bus-cycles:u,1129856,100.00,,
     0.525388971,9533452,,instructions:u,1129984,100.00,,
     0.526546267,345,,branch-misses:u,1156928,100.00,,
     0.526546267,82,,cache-misses:u,1156704,100.00,,
     0.526546267,1539734,,bus-cycles:u,1156608,100.00,,
     0.526546267,9829490,,instructions:u,1156544,100.00,,
     0.527691820,341,,branch-misses:u,1145440,100.00,,
     0.527691820,29,,cache-misses:u,1145408,100.00,,
     0.527691820,1524466,,bus-cycles:u,1145376,100.00,,
     0.527691820,9748530,,instructions:u,1145344,100.00,,
     0.528836350,342,,branch-misses:u,1144384,100.00,,
     0.528836350,29,,cache-misses:u,1144288,100.00,,
     0.528836350,1521854,,bus-cycles:u,1144288,100.00,,
     0.528836350,9732518,,instructions:u,1144256,100.00,,
     0.529979696,340,,branch-misses:u,1144256,100.00,,
     0.529979696,110,,cache-misses:u,1144544,100.00,,
     0.529979696,1515365,,bus-cycles:u,1144704,100.00,,
     0.529979696,9681501,,instructions:u,1144736,100.00,,
     0.531126401,342,,branch-misses:u,1146656,100.00,,
     0.531126401,37,,cache-misses:u,1146432,100.00,,
     0.531126401,1524771,,bus-cycles:u,1146272,100.00,,
     0.531126401,9748083,,instructions:u,1146304,100.00,,
     0.532271187,340,,branch-misses:u,1144864,100.00,,
     0.532271187,32,,cache-misses:u,1144800,100.00,,
     0.532271187,1522678,,bus-cycles:u,1144768,100.00,,
     0.532271187,9719770,,instructions:u,1144768,100.00,,
     0.533384554,330,,branch-misses:u,1114048,100.00,,
     0.533384554,65,,cache-misses:u,1114144,100.00,,
     0.533384554,1469153,,bus-cycles:u,1114176,100.00,,
     0.533384554,9370944,,instructions:u,1114112,100.00,,
     0.534531291,341,,branch-misses:u,1146528,100.00,,
     0.534531291,110,,cache-misses:u,1146784,100.00,,
     0.534531291,1525164,,bus-cycles:u,1146880,100.00,,
     0.534531291,9743823,,instructions:u,1146912,100.00,,
     0.535678125,342,,branch-misses:u,1147104,100.00,,
     0.535678125,34,,cache-misses:u,1147136,100.00,,
     0.535678125,1525015,,bus-cycles:u,1147040,100.00,,
     0.535678125,9752495,,instructions:u,1146976,100.00,,
     0.536823166,342,,branch-misses:u,1145152,100.00,,
     0.536823166,31,,cache-misses:u,1144992,100.00,,
     0.536823166,1522227,,bus-cycles:u,1144960,100.00,,
     0.536823166,9736444,,instructions:u,1145024,100.00,,
     0.537967248,342,,branch-misses:u,1145056,100.00,,
     0.537967248,115,,cache-misses:u,1145440,100.00,,
     0.537967248,1514750,,bus-cycles:u,1145536,100.00,,
     0.537967248,9678215,,instructions:u,1145632,100.00,,
     0.539121120,343,,branch-misses:u,1153568,100.00,,
     0.539121120,37,,cache-misses:u,1153120,100.00,,
     0.539121120,1533944,,bus-cycles:u,1153184,100.00,,
     0.539121120,9796325,,instructions:u,1153088,100.00,,
     0.540265906,342,,branch-misses:u,1144704,100.00,,
     0.540265906,37,,cache-misses:u,1144576,100.00,,
     0.540265906,1521928,,bus-cycles:u,1144416,100.00,,
     0.540265906,9714662,,instructions:u,1144384,100.00,,
     0.541388359,333,,branch-misses:u,1123264,100.00,,
     0.541388359,43,,cache-misses:u,1123520,100.00,,
     0.541388359,1486476,,bus-cycles:u,1123712,100.00,,
     0.541388359,9491750,,instructions:u,1123840,100.00,,
     0.542538552,343,,branch-misses:u,1150528,100.00,,
     0.542538552,67,,cache-misses:u,1150816,100.00,,
     0.542538552,1530444,,bus-cycles:u,1150656,100.00,,
     0.542538552,9778300,,instructions:u,1150560,100.00,,
     0.543684329,342,,branch-misses:u,1145408,100.00,,
     0.543684329,35,,cache-misses:u,1144896,100.00,,
     0.543684329,1522893,,bus-cycles:u,1144928,100.00,,
     0.543684329,9737693,,instructions:u,1144896,100.00,,
     0.544829083,341,,branch-misses:u,1144480,100.00,,
     0.544829083,33,,cache-misses:u,1144416,100.00,,
     0.544829083,1522492,,bus-cycles:u,1144384,100.00,,
     0.544829083,9735802,,instructions:u,1144352,100.00,,
     0.545971693,340,,branch-misses:u,1143776,100.00,,
     0.545971693,105,,cache-misses:u,1143936,100.00,,
     0.545971693,1514887,,bus-cycles:u,1144000,100.00,,
     0.545971693,9680983,,instructions:u,1144160,100.00,,
     0.547132604,346,,branch-misses:u,1160704,100.00,,
     0.547132604,39,,cache-misses:u,1161024,100.00,,
     0.547132604,1544482,,bus-cycles:u,1161024,100.00,,
     0.547132604,9872079,,instructions:u,1160864,100.00,,
     0.548277613,341,,branch-misses:u,1144960,100.00,,
     0.548277613,30,,cache-misses:u,1144576,100.00,,
     0.548277613,1522154,,bus-cycles:u,1144480,100.00,,
     0.548277613,9725084,,instructions:u,1144576,100.00,,
     0.549386757,330,,branch-misses:u,1109824,100.00,,
     0.549386757,39,,cache-misses:u,1110144,100.00,,
     0.549386757,1468448,,bus-cycles:u,1110272,100.00,,
     0.549386757,9390771,,instructions:u,1110240,100.00,,
     0.550535734,345,,branch-misses:u,1148896,100.00,,
     0.550535734,81,,cache-misses:u,1148672,100.00,,
     0.550535734,1527588,,bus-cycles:u,1148512,100.00,,
     0.550535734,9763639,,instructions:u,1148512,100.00,,
     0.551679720,340,,branch-misses:u,1143744,100.00,,
     0.551679720,35,,cache-misses:u,1143584,100.00,,
     0.551679720,1521122,,bus-cycles:u,1143616,100.00,,
     0.551679720,9710193,,instructions:u,1143616,100.00,,
     0.552823482,341,,branch-misses:u,1144000,100.00,,
     0.552823482,39,,cache-misses:u,1143904,100.00,,
     0.552823482,1521280,,bus-cycles:u,1143872,100.00,,
     0.552823482,9724327,,instructions:u,1143872,100.00,,
     0.553966604,339,,branch-misses:u,1144384,100.00,,
     0.553966604,107,,cache-misses:u,1144672,100.00,,
     0.553966604,1514634,,bus-cycles:u,1144736,100.00,,
     0.553966604,9675995,,instructions:u,1144672,100.00,,
     0.555116861,342,,branch-misses:u,1149696,100.00,,
     0.555116861,32,,cache-misses:u,1149888,100.00,,
     0.555116861,1529319,,bus-cycles:u,1149888,100.00,,
     0.555116861,9769436,,instructions:u,1149856,100.00,,
     0.556261422,341,,branch-misses:u,1144416,100.00,,
     0.556261422,34,,cache-misses:u,1144192,100.00,,
     0.556261422,1522275,,bus-cycles:u,1144288,100.00,,
     0.556261422,9717299,,instructions:u,1144384,100.00,,
     0.557384996,335,,branch-misses:u,1124352,100.00,,
     0.557384996,45,,cache-misses:u,1124256,100.00,,
     0.557384996,1488190,,bus-cycles:u,1124160,100.00,,
     0.557384996,9507335,,instructions:u,1124128,100.00,,
     0.558531445,341,,branch-misses:u,1146336,100.00,,
     0.558531445,67,,cache-misses:u,1146432,100.00,,
     0.558531445,1525176,,bus-cycles:u,1146560,100.00,,
     0.558531445,9751194,,instructions:u,1146560,100.00,,
     0.559675399,340,,branch-misses:u,1143872,100.00,,
     0.559675399,35,,cache-misses:u,1143712,100.00,,
     0.559675399,1521057,,bus-cycles:u,1143520,100.00,,
     0.559675399,9721570,,instructions:u,1143552,100.00,,
     0.560818073,339,,branch-misses:u,1142912,100.00,,
     0.560818073,33,,cache-misses:u,1142848,100.00,,
     0.560818073,1520779,,bus-cycles:u,1142912,100.00,,
     0.560818073,9706994,,instructions:u,1142880,100.00,,
     0.561960427,340,,branch-misses:u,1143520,100.00,,
     0.561960427,111,,cache-misses:u,1144032,100.00,,
     0.561960427,1514383,,bus-cycles:u,1144224,100.00,,
     0.561960427,9670192,,instructions:u,1144416,100.00,,
     0.563111579,343,,branch-misses:u,1150880,100.00,,
     0.563111579,34,,cache-misses:u,1150752,100.00,,
     0.563111579,1529934,,bus-cycles:u,1150528,100.00,,
     0.563111579,9784338,,instructions:u,1150368,100.00,,
     0.564256013,341,,branch-misses:u,1144032,100.00,,
     0.564256013,30,,cache-misses:u,1143712,100.00,,
     0.564256013,1520905,,bus-cycles:u,1143744,100.00,,
     0.564256013,9709177,,instructions:u,1143744,100.00,,
     0.565385346,335,,branch-misses:u,1130176,100.00,,
     0.565385346,48,,cache-misses:u,1130336,100.00,,
     0.565385346,1494783,,bus-cycles:u,1130400,100.00,,
     0.565385346,9545091,,instructions:u,1130496,100.00,,
     0.566532563,341,,branch-misses:u,1146976,100.00,,
     0.566532563,88,,cache-misses:u,1146880,100.00,,
     0.566532563,1524679,,bus-cycles:u,1146784,100.00,,
     0.566532563,9739667,,instructions:u,1146656,100.00,,
     0.567688098,344,,branch-misses:u,1156192,100.00,,
     0.567688098,31,,cache-misses:u,1156320,100.00,,
     0.567688098,1537259,,bus-cycles:u,1156416,100.00,,
     0.567688098,9813506,,instructions:u,1156416,100.00,,
     0.568833204,341,,branch-misses:u,1144896,100.00,,
     0.568833204,34,,cache-misses:u,1144768,100.00,,
     0.568833204,1521514,,bus-cycles:u,1144672,100.00,,
     0.568833204,9715959,,instructions:u,1144672,100.00,,
     0.569976486,340,,branch-misses:u,1144704,100.00,,
     0.569976486,103,,cache-misses:u,1144960,100.00,,
     0.569976486,1514343,,bus-cycles:u,1145088,100.00,,
     0.569976486,9683836,,instructions:u,1145152,100.00,,
     0.571130518,343,,branch-misses:u,1153568,100.00,,
     0.571130518,34,,cache-misses:u,1153632,100.00,,
     0.571130518,1532926,,bus-cycles:u,1153632,100.00,,
     0.571130518,9795777,,instructions:u,1153632,100.00,,
     0.572275847,341,,branch-misses:u,1144896,100.00,,
     0.572275847,32,,cache-misses:u,1144512,100.00,,
     0.572275847,1520336,,bus-cycles:u,1144384,100.00,,
     0.572275847,9707153,,instructions:u,1144320,100.00,,
     0.573385535,330,,branch-misses:u,1110368,100.00,,
     0.573385535,66,,cache-misses:u,1110752,100.00,,
     0.573385535,1468842,,bus-cycles:u,1110784,100.00,,
     0.573385535,9372808,,instructions:u,1110848,100.00,,
     0.574532849,341,,branch-misses:u,1147488,100.00,,
     0.574532849,84,,cache-misses:u,1147360,100.00,,
     0.574532849,1525555,,bus-cycles:u,1147360,100.00,,
     0.574532849,9744758,,instructions:u,1147264,100.00,,
     0.575676834,341,,branch-misses:u,1143840,100.00,,
     0.575676834,33,,cache-misses:u,1143520,100.00,,
     0.575676834,1520177,,bus-cycles:u,1143488,100.00,,
     0.575676834,9717360,,instructions:u,1143520,100.00,,
     0.576820212,340,,branch-misses:u,1143488,100.00,,
     0.576820212,27,,cache-misses:u,1143552,100.00,,
     0.576820212,1520729,,bus-cycles:u,1143584,100.00,,
     0.576820212,9707806,,instructions:u,1143552,100.00,,
     0.577962310,340,,branch-misses:u,1142880,100.00,,
     0.577962310,104,,cache-misses:u,1143200,100.00,,
     0.577962310,1513296,,bus-cycles:u,1143328,100.00,,
     0.577962310,9665511,,instructions:u,1143456,100.00,,
     0.579109879,341,,branch-misses:u,1147552,100.00,,
     0.579109879,32,,cache-misses:u,1147328,100.00,,
     0.579109879,1524201,,bus-cycles:u,1147264,100.00,,
     0.579109879,9727406,,instructions:u,1147104,100.00,,
     0.580253609,339,,branch-misses:u,1143520,100.00,,
     0.580253609,29,,cache-misses:u,1143488,100.00,,
     0.580253609,1519282,,bus-cycles:u,1143392,100.00,,
     0.580253609,9665146,,instructions:u,1143488,100.00,,
     0.581385437,336,,branch-misses:u,1132480,100.00,,
     0.581385437,45,,cache-misses:u,1132512,100.00,,
     0.581385437,1498529,,bus-cycles:u,1132576,100.00,,
     0.581385437,9570396,,instructions:u,1132608,100.00,,
     0.582532335,342,,branch-misses:u,1147136,100.00,,
     0.582532335,82,,cache-misses:u,1147136,100.00,,
     0.582532335,1525441,,bus-cycles:u,1147520,100.00,,
     0.582532335,9753812,,instructions:u,1147488,100.00,,
     0.583676320,340,,branch-misses:u,1143744,100.00,,
     0.583676320,38,,cache-misses:u,1143744,100.00,,
     0.583676320,1520191,,bus-cycles:u,1143232,100.00,,
     0.583676320,9721332,,instructions:u,1143264,100.00,,
     0.584819314,341,,branch-misses:u,1143232,100.00,,
     0.584819314,31,,cache-misses:u,1143040,100.00,,
     0.584819314,1519410,,bus-cycles:u,1143136,100.00,,
     0.584819314,9699577,,instructions:u,1143072,100.00,,
     0.585960901,339,,branch-misses:u,1142496,100.00,,
     0.585960901,95,,cache-misses:u,1143008,100.00,,
     0.585960901,1512969,,bus-cycles:u,1143008,100.00,,
     0.585960901,9650794,,instructions:u,1143008,100.00,,
     0.587108854,342,,branch-misses:u,1147872,100.00,,
     0.587108854,39,,cache-misses:u,1147456,100.00,,
     0.587108854,1524666,,bus-cycles:u,1147424,100.00,,
     0.587108854,9732004,,instructions:u,1147456,100.00,,
     0.588264741,344,,branch-misses:u,1156608,100.00,,
     0.588264741,43,,cache-misses:u,1156832,100.00,,
     0.588264741,1536785,,bus-cycles:u,1156864,100.00,,
     0.588264741,9804049,,instructions:u,1156864,100.00,,
     0.589385819,334,,branch-misses:u,1120864,100.00,,
     0.589385819,46,,cache-misses:u,1120736,100.00,,
     0.589385819,1481516,,bus-cycles:u,1120768,100.00,,
     0.589385819,9478285,,instructions:u,1120736,100.00,,
     0.590534476,342,,branch-misses:u,1148704,100.00,,
     0.590534476,77,,cache-misses:u,1148672,100.00,,
     0.590534476,1526570,,bus-cycles:u,1148640,100.00,,
     0.590534476,9754533,,instructions:u,1148736,100.00,,
     0.591679070,341,,branch-misses:u,1144416,100.00,,
     0.591679070,33,,cache-misses:u,1144480,100.00,,
     0.591679070,1521663,,bus-cycles:u,1144384,100.00,,
     0.591679070,9727476,,instructions:u,1144224,100.00,,
     0.592822544,341,,branch-misses:u,1143744,100.00,,
     0.592822544,32,,cache-misses:u,1143520,100.00,,
     0.592822544,1520097,,bus-cycles:u,1143584,100.00,,
     0.592822544,9711428,,instructions:u,1143616,100.00,,
     0.593965122,339,,branch-misses:u,1143744,100.00,,
     0.593965122,149,,cache-misses:u,1143904,100.00,,
     0.593965122,1511218,,bus-cycles:u,1143968,100.00,,
     0.593965122,9653531,,instructions:u,1144064,100.00,,
     0.595113107,341,,branch-misses:u,1147648,100.00,,
     0.595113107,48,,cache-misses:u,1147584,100.00,,
     0.595113107,1526173,,bus-cycles:u,1147488,100.00,,
     0.595113107,9746237,,instructions:u,1147392,100.00,,
     0.596257412,343,,branch-misses:u,1144032,100.00,,
     0.596257412,34,,cache-misses:u,1144032,100.00,,
     0.596257412,1522512,,bus-cycles:u,1144096,100.00,,
     0.596257412,9747092,,instructions:u,1144128,100.00,,
     0.597385657,335,,branch-misses:u,1129024,100.00,,
     0.597385657,56,,cache-misses:u,1128960,100.00,,
     0.597385657,1493142,,bus-cycles:u,1128960,100.00,,
     0.597385657,9536954,,instructions:u,1129024,100.00,,
     0.598532394,343,,branch-misses:u,1146816,100.00,,
     0.598532394,88,,cache-misses:u,1146848,100.00,,
     0.598532394,1526819,,bus-cycles:u,1146784,100.00,,
     0.598532394,9752605,,instructions:u,1146720,100.00,,
     0.599675932,340,,branch-misses:u,1143360,100.00,,
     0.599675932,30,,cache-misses:u,1143328,100.00,,
     0.599675932,1521343,,bus-cycles:u,1143424,100.00,,
     0.599675932,9706912,,instructions:u,1143456,100.00,,
     0.600818606,340,,branch-misses:u,1142816,100.00,,
     0.600818606,34,,cache-misses:u,1142816,100.00,,
     0.600818606,1520240,,bus-cycles:u,1142784,100.00,,
     0.600818606,9703296,,instructions:u,1142720,100.00,,
     0.601961184,341,,branch-misses:u,1143392,100.00,,
     0.601961184,117,,cache-misses:u,1143872,100.00,,
     0.601961184,1515131,,bus-cycles:u,1143936,100.00,,
     0.601961184,9674898,,instructions:u,1144032,100.00,,
     0.603112049,342,,branch-misses:u,1151008,100.00,,
     0.603112049,33,,cache-misses:u,1150944,100.00,,
     0.603112049,1531583,,bus-cycles:u,1150912,100.00,,
     0.603112049,9776916,,instructions:u,1150880,100.00,,
     0.604257154,341,,branch-misses:u,1144896,100.00,,
     0.604257154,32,,cache-misses:u,1144576,100.00,,
     0.604257154,1522437,,bus-cycles:u,1144512,100.00,,
     0.604257154,9717783,,instructions:u,1144480,100.00,,
     0.605386519,337,,branch-misses:u,1130208,100.00,,
     0.605386519,47,,cache-misses:u,1130240,100.00,,
     0.605386519,1497245,,bus-cycles:u,1130304,100.00,,
     0.605386519,9573252,,instructions:u,1130368,100.00,,
     0.606536328,342,,branch-misses:u,1149792,100.00,,
     0.606536328,70,,cache-misses:u,1149824,100.00,,
     0.606536328,1530400,,bus-cycles:u,1149792,100.00,,
     0.606536328,9770302,,instructions:u,1149792,100.00,,
     0.607680473,341,,branch-misses:u,1144320,100.00,,
     0.607680473,30,,cache-misses:u,1144256,100.00,,
     0.607680473,1522187,,bus-cycles:u,1144224,100.00,,
     0.607680473,9719141,,instructions:u,1144224,100.00,,
     0.608824235,340,,branch-misses:u,1143520,100.00,,
     0.608824235,31,,cache-misses:u,1143552,100.00,,
     0.608824235,1521288,,bus-cycles:u,1143552,100.00,,
     0.608824235,9713022,,instructions:u,1143488,100.00,,
     0.609978395,344,,branch-misses:u,1154976,100.00,,
     0.609978395,93,,cache-misses:u,1155168,100.00,,
     0.609978395,1532251,,bus-cycles:u,1155808,100.00,,
     0.609978395,9788897,,instructions:u,1155872,100.00,,
     0.611126988,344,,branch-misses:u,1148640,100.00,,
     0.611126988,34,,cache-misses:u,1148448,100.00,,
     0.611126988,1526022,,bus-cycles:u,1147840,100.00,,
     0.611126988,9777367,,instructions:u,1147776,100.00,,
     0.612270750,340,,branch-misses:u,1143872,100.00,,
     0.612270750,36,,cache-misses:u,1144000,100.00,,
     0.612270750,1521455,,bus-cycles:u,1143936,100.00,,
     0.612270750,9717792,,instructions:u,1143904,100.00,,
     0.613384437,331,,branch-misses:u,1114048,100.00,,
     0.613384437,46,,cache-misses:u,1113888,100.00,,
     0.613384437,1473769,,bus-cycles:u,1113920,100.00,,
     0.613384437,9407386,,instructions:u,1113984,100.00,,
     0.614544036,345,,branch-misses:u,1160256,100.00,,
     0.614544036,85,,cache-misses:u,1160320,100.00,,
     0.614544036,1542988,,bus-cycles:u,1160384,100.00,,
     0.614544036,9861609,,instructions:u,1160384,100.00,,
     0.615689494,342,,branch-misses:u,1145120,100.00,,
     0.615689494,35,,cache-misses:u,1145056,100.00,,
     0.615689494,1522198,,bus-cycles:u,1145024,100.00,,
     0.615689494,9721201,,instructions:u,1145024,100.00,,
     0.616834151,340,,branch-misses:u,1144352,100.00,,
     0.616834151,32,,cache-misses:u,1144352,100.00,,
     0.616834151,1521796,,bus-cycles:u,1144384,100.00,,
     0.616834151,9718893,,instructions:u,1144384,100.00,,
     0.617977337,342,,branch-misses:u,1144288,100.00,,
     0.617977337,101,,cache-misses:u,1144384,100.00,,
     0.617977337,1516475,,bus-cycles:u,1144352,100.00,,
     0.617977337,9689409,,instructions:u,1144352,100.00,,
     0.619124746,342,,branch-misses:u,1147168,100.00,,
     0.619124746,31,,cache-misses:u,1147104,100.00,,
     0.619124746,1525666,,bus-cycles:u,1147072,100.00,,
     0.619124746,9744786,,instructions:u,1147104,100.00,,
     0.620269596,341,,branch-misses:u,1144704,100.00,,
     0.620269596,37,,cache-misses:u,1144672,100.00,,
     0.620269596,1521234,,bus-cycles:u,1144736,100.00,,
     0.620269596,9715399,,instructions:u,1144704,100.00,,
     0.621389682,332,,branch-misses:u,1120704,100.00,,
     0.621389682,62,,cache-misses:u,1120736,100.00,,
     0.621389682,1494184,,bus-cycles:u,1129376,100.00,,
     0.621389682,9538546,,instructions:u,1129472,100.00,,
     0.622545058,344,,branch-misses:u,1155584,100.00,,
     0.622545058,78,,cache-misses:u,1155616,100.00,,
     0.622545058,1524140,,bus-cycles:u,1146976,100.00,,
     0.622545058,9740779,,instructions:u,1146848,100.00,,
     0.623689427,341,,branch-misses:u,1144128,100.00,,
     0.623689427,32,,cache-misses:u,1144064,100.00,,
     0.623689427,1521838,,bus-cycles:u,1144032,100.00,,
     0.623689427,9735388,,instructions:u,1144064,100.00,,
     0.624832485,343,,branch-misses:u,1143360,100.00,,
     0.624832485,30,,cache-misses:u,1143424,100.00,,
     0.624832485,1521672,,bus-cycles:u,1143424,100.00,,
     0.624832485,9718718,,instructions:u,1143456,100.00,,
     0.625975895,340,,branch-misses:u,1144640,100.00,,
     0.625975895,101,,cache-misses:u,1145248,100.00,,
     0.625975895,1513898,,bus-cycles:u,1145728,100.00,,
     0.625975895,9682578,,instructions:u,1145728,100.00,,
     0.627123944,341,,branch-misses:u,1147520,100.00,,
     0.627123944,36,,cache-misses:u,1146848,100.00,,
     0.627123944,1524360,,bus-cycles:u,1146336,100.00,,
     0.627123944,9730807,,instructions:u,1146272,100.00,,
     0.628267674,340,,branch-misses:u,1143520,100.00,,
     0.628267674,34,,cache-misses:u,1143520,100.00,,
     0.628267674,1520266,,bus-cycles:u,1143584,100.00,,
     0.628267674,9707622,,instructions:u,1143616,100.00,,
     0.629389296,333,,branch-misses:u,1122656,100.00,,
     0.629389296,40,,cache-misses:u,1122624,100.00,,
     0.629389296,1495118,,bus-cycles:u,1130464,100.00,,
     0.629389296,9552536,,instructions:u,1131040,100.00,,
     0.630558621,348,,branch-misses:u,1169504,100.00,,
     0.630558621,78,,cache-misses:u,1170016,100.00,,
     0.630558621,1545497,,bus-cycles:u,1162112,100.00,,
     0.630558621,9876597,,instructions:u,1161536,100.00,,
     0.631706126,342,,branch-misses:u,1147360,100.00,,
     0.631706126,33,,cache-misses:u,1146816,100.00,,
     0.631706126,1523965,,bus-cycles:u,1146848,100.00,,
     0.631706126,9728254,,instructions:u,1146880,100.00,,
     0.632849600,340,,branch-misses:u,1143328,100.00,,
     0.632849600,33,,cache-misses:u,1143488,100.00,,
     0.632849600,1520380,,bus-cycles:u,1143552,100.00,,
     0.632849600,9713956,,instructions:u,1143520,100.00,,
     0.633992818,339,,branch-misses:u,1143968,100.00,,
     0.633992818,94,,cache-misses:u,1144064,100.00,,
     0.633992818,1511118,,bus-cycles:u,1144128,100.00,,
     0.633992818,9649431,,instructions:u,1144192,100.00,,
     0.635146690,343,,branch-misses:u,1153952,100.00,,
     0.635146690,46,,cache-misses:u,1154336,100.00,,
     0.635146690,1534604,,bus-cycles:u,1154240,100.00,,
     0.635146690,9803971,,instructions:u,1154208,100.00,,
     0.636291572,341,,branch-misses:u,1144576,100.00,,
     0.636291572,36,,cache-misses:u,1144544,100.00,,
     0.636291572,1522271,,bus-cycles:u,1144640,100.00,,
     0.636291572,9733612,,instructions:u,1144640,100.00,,
     0.637435206,340,,branch-misses:u,1144352,100.00,,
     0.637435206,61,,cache-misses:u,1144000,100.00,,
     0.637435206,1515468,,bus-cycles:u,1143904,100.00,,
     0.637435206,9674524,,instructions:u,1143936,100.00,,
     0.638584118,345,,branch-misses:u,1149440,100.00,,
     0.638584118,60,,cache-misses:u,1149280,100.00,,
     0.638584118,1527926,,bus-cycles:u,1149248,100.00,,
     0.638584118,9756441,,instructions:u,1149184,100.00,,
     0.639729128,340,,branch-misses:u,1144352,100.00,,
     0.639729128,35,,cache-misses:u,1144256,100.00,,
     0.639729128,1522539,,bus-cycles:u,1144288,100.00,,
     0.639729128,9719008,,instructions:u,1144288,100.00,,
     0.640872570,341,,branch-misses:u,1143744,100.00,,
     0.640872570,36,,cache-misses:u,1143744,100.00,,
     0.640872570,1521419,,bus-cycles:u,1143712,100.00,,
     0.640872570,9719898,,instructions:u,1143648,100.00,,
     0.642015852,340,,branch-misses:u,1144000,100.00,,
     0.642015852,100,,cache-misses:u,1144128,100.00,,
     0.642015852,1514956,,bus-cycles:u,1144160,100.00,,
     0.642015852,9677600,,instructions:u,1144160,100.00,,
     0.643163581,342,,branch-misses:u,1147808,100.00,,
     0.643163581,33,,cache-misses:u,1148064,100.00,,
     0.643163581,1526578,,bus-cycles:u,1147968,100.00,,
     0.643163581,9761333,,instructions:u,1147968,100.00,,
     0.644308079,341,,branch-misses:u,1144352,100.00,,
     0.644308079,30,,cache-misses:u,1144000,100.00,,
     0.644308079,1522057,,bus-cycles:u,1144032,100.00,,
     0.644308079,9718831,,instructions:u,1144096,100.00,,
     0.645451169,341,,branch-misses:u,1143648,100.00,,
     0.645451169,67,,cache-misses:u,1143904,100.00,,
     0.645451169,1516296,,bus-cycles:u,1143968,100.00,,
     0.645451169,9689230,,instructions:u,1144032,100.00,,
     0.646598610,341,,branch-misses:u,1147616,100.00,,
     0.646598610,65,,cache-misses:u,1147744,100.00,,
     0.646598610,1526611,,bus-cycles:u,1147712,100.00,,
     0.646598610,9749953,,instructions:u,1147648,100.00,,
     0.647743107,341,,branch-misses:u,1144192,100.00,,
     0.647743107,35,,cache-misses:u,1144128,100.00,,
     0.647743107,1521558,,bus-cycles:u,1144096,100.00,,
     0.647743107,9716738,,instructions:u,1144064,100.00,,
     0.648887189,340,,branch-misses:u,1144448,100.00,,
     0.648887189,33,,cache-misses:u,1144224,100.00,,
     0.648887189,1521862,,bus-cycles:u,1144288,100.00,,
     0.648887189,9718277,,instructions:u,1144320,100.00,,
     0.650030887,340,,branch-misses:u,1144512,100.00,,
     0.650030887,102,,cache-misses:u,1144608,100.00,,
     0.650030887,1516117,,bus-cycles:u,1144608,100.00,,
     0.650030887,9680306,,instructions:u,1144640,100.00,,
     0.651179544,343,,branch-misses:u,1148672,100.00,,
     0.651179544,34,,cache-misses:u,1148768,100.00,,
     0.651179544,1527271,,bus-cycles:u,1148736,100.00,,
     0.651179544,9747199,,instructions:u,1148704,100.00,,
     0.652334984,344,,branch-misses:u,1155808,100.00,,
     0.652334984,34,,cache-misses:u,1155712,100.00,,
     0.652334984,1537412,,bus-cycles:u,1155712,100.00,,
     0.652334984,9812082,,instructions:u,1155712,100.00,,
     0.653479129,339,,branch-misses:u,1144704,100.00,,
     0.653479129,95,,cache-misses:u,1144640,100.00,,
     0.653479129,1512251,,bus-cycles:u,1144640,100.00,,
     0.653479129,9660238,,instructions:u,1144672,100.00,,
     0.654627114,342,,branch-misses:u,1147584,100.00,,
     0.654627114,77,,cache-misses:u,1147488,100.00,,
     0.654627114,1526342,,bus-cycles:u,1147552,100.00,,
     0.654627114,9751516,,instructions:u,1147520,100.00,,
     0.655771260,340,,branch-misses:u,1143904,100.00,,
     0.655771260,34,,cache-misses:u,1143936,100.00,,
     0.655771260,1521479,,bus-cycles:u,1143776,100.00,,
     0.655771260,9716272,,instructions:u,1143744,100.00,,
     0.656914414,341,,branch-misses:u,1143360,100.00,,
     0.656914414,35,,cache-misses:u,1143296,100.00,,
     0.656914414,1521648,,bus-cycles:u,1143392,100.00,,
     0.656914414,9711748,,instructions:u,1143424,100.00,,
     0.658059136,340,,branch-misses:u,1146816,100.00,,
     0.658059136,102,,cache-misses:u,1147936,100.00,,
     0.658059136,1520494,,bus-cycles:u,1148384,100.00,,
     0.658059136,9718812,,instructions:u,1148704,100.00,,
     0.659220686,345,,branch-misses:u,1160640,100.00,,
     0.659220686,35,,cache-misses:u,1159872,100.00,,
     0.659220686,1542065,,bus-cycles:u,1159456,100.00,,
     0.659220686,9839210,,instructions:u,1159168,100.00,,
     0.660367008,341,,branch-misses:u,1146240,100.00,,
     0.660367008,33,,cache-misses:u,1146144,100.00,,
     0.660367008,1523624,,bus-cycles:u,1146208,100.00,,
     0.660367008,9726418,,instructions:u,1146144,100.00,,
     0.661511537,340,,branch-misses:u,1145312,100.00,,
     0.661511537,94,,cache-misses:u,1145440,100.00,,
     0.661511537,1512482,,bus-cycles:u,1145344,100.00,,
     0.661511537,9670120,,instructions:u,1145312,100.00,,
     0.662661314,343,,branch-misses:u,1149344,100.00,,
     0.662661314,59,,cache-misses:u,1149280,100.00,,
     0.662661314,1527782,,bus-cycles:u,1149824,100.00,,
     0.662661314,9764854,,instructions:u,1149888,100.00,,
     0.663806836,341,,branch-misses:u,1145664,100.00,,
     0.663806836,30,,cache-misses:u,1145984,100.00,,
     0.663806836,1522776,,bus-cycles:u,1145472,100.00,,
     0.663806836,9725266,,instructions:u,1145472,100.00,,
     0.664952325,340,,branch-misses:u,1145760,100.00,,
     0.664952325,32,,cache-misses:u,1145216,100.00,,
     0.664952325,1522584,,bus-cycles:u,1145248,100.00,,
     0.664952325,9723728,,instructions:u,1145248,100.00,,
     0.666096503,341,,branch-misses:u,1144736,100.00,,
     0.666096503,125,,cache-misses:u,1145056,100.00,,
     0.666096503,1512886,,bus-cycles:u,1145056,100.00,,
     0.666096503,9669468,,instructions:u,1145056,100.00,,
     0.667245864,342,,branch-misses:u,1149280,100.00,,
     0.667245864,34,,cache-misses:u,1149184,100.00,,
     0.667245864,1527773,,bus-cycles:u,1149120,100.00,,
     0.667245864,9754288,,instructions:u,1149120,100.00,,
     0.668390969,340,,branch-misses:u,1145248,100.00,,
     0.668390969,32,,cache-misses:u,1145024,100.00,,
     0.668390969,1522034,,bus-cycles:u,1145120,100.00,,
     0.668390969,9718832,,instructions:u,1145056,100.00,,
     0.669535467,341,,branch-misses:u,1145344,100.00,,
     0.669535467,103,,cache-misses:u,1145472,100.00,,
     0.669535467,1514357,,bus-cycles:u,1145408,100.00,,
     0.669535467,9668254,,instructions:u,1145504,100.00,,
     0.670685756,342,,branch-misses:u,1150048,100.00,,
     0.670685756,37,,cache-misses:u,1149856,100.00,,
     0.670685756,1528827,,bus-cycles:u,1149792,100.00,,
     0.670685756,9769136,,instructions:u,1149760,100.00,,
     0.671830797,341,,branch-misses:u,1145120,100.00,,
     0.671830797,33,,cache-misses:u,1145120,100.00,,
     0.671830797,1523533,,bus-cycles:u,1145152,100.00,,
     0.671830797,9717848,,instructions:u,1145152,100.00,,
     0.672990012,345,,branch-misses:u,1160064,100.00,,
     0.672990012,33,,cache-misses:u,1160256,100.00,,
     0.672990012,1542716,,bus-cycles:u,1160320,100.00,,
     0.672990012,9858226,,instructions:u,1160320,100.00,,
     0.674134766,340,,branch-misses:u,1144736,100.00,,
     0.674134766,100,,cache-misses:u,1144736,100.00,,
     0.674134766,1516817,,bus-cycles:u,1144800,100.00,,
     0.674134766,9679214,,instructions:u,1144864,100.00,,
     0.675282047,343,,branch-misses:u,1147104,100.00,,
     0.675282047,32,,cache-misses:u,1147104,100.00,,
     0.675282047,1525490,,bus-cycles:u,1146944,100.00,,
     0.675282047,9753587,,instructions:u,1146880,100.00,,
     0.676426193,339,,branch-misses:u,1144224,100.00,,
     0.676426193,34,,cache-misses:u,1144128,100.00,,
     0.676426193,1521305,,bus-cycles:u,1144160,100.00,,
     0.676426193,9722343,,instructions:u,1144160,100.00,,
     0.677569155,340,,branch-misses:u,1143456,100.00,,
     0.677569155,99,,cache-misses:u,1143616,100.00,,
     0.677569155,1512643,,bus-cycles:u,1143616,100.00,,
     0.677569155,9652849,,instructions:u,1143552,100.00,,
     0.678717332,341,,branch-misses:u,1148160,100.00,,
     0.678717332,51,,cache-misses:u,1148224,100.00,,
     0.678717332,1526725,,bus-cycles:u,1148224,100.00,,
     0.678717332,9748418,,instructions:u,1148256,100.00,,
     0.679862118,341,,branch-misses:u,1144704,100.00,,
     0.679862118,31,,cache-misses:u,1144448,100.00,,
     0.679862118,1522352,,bus-cycles:u,1144384,100.00,,
     0.679862118,9724582,,instructions:u,1144416,100.00,,
     0.681005048,340,,branch-misses:u,1143072,100.00,,
     0.681005048,31,,cache-misses:u,1143136,100.00,,
     0.681005048,1520641,,bus-cycles:u,1143200,100.00,,
     0.681005048,9701887,,instructions:u,1143200,100.00,,
     0.682147562,344,,branch-misses:u,1143872,100.00,,
     0.682147562,85,,cache-misses:u,1144256,100.00,,
     0.682147562,1516687,,bus-cycles:u,1144320,100.00,,
     0.682147562,9687074,,instructions:u,1144320,100.00,,
     0.683297338,342,,branch-misses:u,1148928,100.00,,
     0.683297338,38,,cache-misses:u,1148544,100.00,,
     0.683297338,1526338,,bus-cycles:u,1148480,100.00,,
     0.683297338,9742753,,instructions:u,1148480,100.00,,
     0.684441260,341,,branch-misses:u,1144416,100.00,,
     0.684441260,29,,cache-misses:u,1144256,100.00,,
     0.684441260,1521395,,bus-cycles:u,1144256,100.00,,
     0.684441260,9716551,,instructions:u,1144256,100.00,,
     0.685584606,339,,branch-misses:u,1143648,100.00,,
     0.685584606,98,,cache-misses:u,1143840,100.00,,
     0.685584606,1513235,,bus-cycles:u,1143872,100.00,,
     0.685584606,9663003,,instructions:u,1143936,100.00,,
     0.686730895,341,,branch-misses:u,1146368,100.00,,
     0.686730895,36,,cache-misses:u,1146240,100.00,,
     0.686730895,1523391,,bus-cycles:u,1146176,100.00,,
     0.686730895,9736383,,instructions:u,1146048,100.00,,
     0.687875201,341,,branch-misses:u,1144512,100.00,,
     0.687875201,29,,cache-misses:u,1144512,100.00,,
     0.687875201,1521790,,bus-cycles:u,1144512,100.00,,
     0.687875201,9719498,,instructions:u,1144544,100.00,,
     0.689019091,339,,branch-misses:u,1143648,100.00,,
     0.689019091,28,,cache-misses:u,1143584,100.00,,
     0.689019091,1520659,,bus-cycles:u,1143616,100.00,,
     0.689019091,9707034,,instructions:u,1143616,100.00,,
     0.690161669,340,,branch-misses:u,1143680,100.00,,
     0.690161669,137,,cache-misses:u,1143680,100.00,,
     0.690161669,1511134,,bus-cycles:u,1143680,100.00,,
     0.690161669,9653437,,instructions:u,1143680,100.00,,
     0.691310262,342,,branch-misses:u,1148288,100.00,,
     0.691310262,38,,cache-misses:u,1148448,100.00,,
     0.691310262,1527305,,bus-cycles:u,1148480,100.00,,
     0.691310262,9753640,,instructions:u,1148512,100.00,,
     0.692454664,340,,branch-misses:u,1144288,100.00,,
     0.692454664,30,,cache-misses:u,1144224,100.00,,
     0.692454664,1521590,,bus-cycles:u,1144128,100.00,,
     0.692454664,9717600,,instructions:u,1144096,100.00,,
     0.693597338,340,,branch-misses:u,1143648,100.00,,
     0.693597338,104,,cache-misses:u,1143552,100.00,,
     0.693597338,1513151,,bus-cycles:u,1143680,100.00,,
     0.693597338,9663663,,instructions:u,1143648,100.00,,
     0.694756297,346,,branch-misses:u,1159040,100.00,,
     0.694756297,37,,cache-misses:u,1159552,100.00,,
     0.694756297,1542623,,bus-cycles:u,1159552,100.00,,
     0.694756297,9855252,,instructions:u,1159584,100.00,,
     0.695901850,341,,branch-misses:u,1145440,100.00,,
     0.695901850,31,,cache-misses:u,1144896,100.00,,
     0.695901850,1522314,,bus-cycles:u,1144832,100.00,,
     0.695901850,9723779,,instructions:u,1144864,100.00,,
     0.697045836,341,,branch-misses:u,1143872,100.00,,
     0.697045836,32,,cache-misses:u,1143776,100.00,,
     0.697045836,1521642,,bus-cycles:u,1143808,100.00,,
     0.697045836,9716869,,instructions:u,1143840,100.00,,
     0.698189694,340,,branch-misses:u,1144544,100.00,,
     0.698189694,93,,cache-misses:u,1144960,100.00,,
     0.698189694,1511886,,bus-cycles:u,1145120,100.00,,
     0.698189694,9660637,,instructions:u,1145152,100.00,,
     0.699339534,344,,branch-misses:u,1150048,100.00,,
     0.699339534,32,,cache-misses:u,1149824,100.00,,
     0.699339534,1528620,,bus-cycles:u,1149664,100.00,,
     0.699339534,9766579,,instructions:u,1149664,100.00,,
     0.700483968,341,,branch-misses:u,1144224,100.00,,
     0.700483968,29,,cache-misses:u,1144224,100.00,,
     0.700483968,1520934,,bus-cycles:u,1144192,100.00,,
     0.700483968,9712642,,instructions:u,1144096,100.00,,
     0.701627730,340,,branch-misses:u,1144640,100.00,,
     0.701627730,101,,cache-misses:u,1144608,100.00,,
     0.701627730,1513780,,bus-cycles:u,1144672,100.00,,
     0.701627730,9662381,,instructions:u,1144704,100.00,,
     0.702776419,341,,branch-misses:u,1148576,100.00,,
     0.702776419,37,,cache-misses:u,1148576,100.00,,
     0.702776419,1526389,,bus-cycles:u,1148576,100.00,,
     0.702776419,9748355,,instructions:u,1148608,100.00,,
     0.703921365,341,,branch-misses:u,1145088,100.00,,
     0.703921365,32,,cache-misses:u,1145120,100.00,,
     0.703921365,1521103,,bus-cycles:u,1145056,100.00,,
     0.703921365,9716515,,instructions:u,1144960,100.00,,
     0.705065382,340,,branch-misses:u,1144192,100.00,,
     0.705065382,26,,cache-misses:u,1144160,100.00,,
     0.705065382,1520984,,bus-cycles:u,1144096,100.00,,
     0.705065382,9717175,,instructions:u,1144160,100.00,,
     0.706209272,340,,branch-misses:u,1144736,100.00,,
     0.706209272,118,,cache-misses:u,1145056,100.00,,
     0.706209272,1512870,,bus-cycles:u,1145280,100.00,,
     0.706209272,9672360,,instructions:u,1145504,100.00,,
     0.707363432,345,,branch-misses:u,1153984,100.00,,
     0.707363432,35,,cache-misses:u,1153664,100.00,,
     0.707363432,1533718,,bus-cycles:u,1153472,100.00,,
     0.707363432,9809417,,instructions:u,1153248,100.00,,
     0.708507706,340,,branch-misses:u,1143872,100.00,,
     0.708507706,50,,cache-misses:u,1143808,100.00,,
     0.708507706,1521080,,bus-cycles:u,1143872,100.00,,
     0.708507706,9710363,,instructions:u,1143808,100.00,,
     0.709650828,340,,branch-misses:u,1144224,100.00,,
     0.709650828,106,,cache-misses:u,1144416,100.00,,
     0.709650828,1514007,,bus-cycles:u,1144352,100.00,,
     0.709650828,9681016,,instructions:u,1144864,100.00,,
     0.710798813,341,,branch-misses:u,1147712,100.00,,
     0.710798813,46,,cache-misses:u,1147520,100.00,,
     0.710798813,1526647,,bus-cycles:u,1147488,100.00,,
     0.710798813,9743446,,instructions:u,1147008,100.00,,
     0.711942479,341,,branch-misses:u,1143520,100.00,,
     0.711942479,28,,cache-misses:u,1143552,100.00,,
     0.711942479,1521110,,bus-cycles:u,1143616,100.00,,
     0.711942479,9720630,,instructions:u,1143648,100.00,,
     0.713085665,340,,branch-misses:u,1143264,100.00,,
     0.713085665,27,,cache-misses:u,1143328,100.00,,
     0.713085665,1520183,,bus-cycles:u,1143296,100.00,,
     0.713085665,9709782,,instructions:u,1143232,100.00,,
     0.714228051,340,,branch-misses:u,1143680,100.00,,
     0.714228051,130,,cache-misses:u,1143776,100.00,,
     0.714228051,1512652,,bus-cycles:u,1143776,100.00,,
     0.714228051,9661063,,instructions:u,1143840,100.00,,
     0.715389025,346,,branch-misses:u,1160832,100.00,,
     0.715389025,36,,cache-misses:u,1160768,100.00,,
     0.715389025,1543762,,bus-cycles:u,1161280,100.00,,
     0.715389025,9865163,,instructions:u,1161280,100.00,,
     0.716534099,340,,branch-misses:u,1145056,100.00,,
     0.716534099,40,,cache-misses:u,1144992,100.00,,
     0.716534099,1521698,,bus-cycles:u,1144512,100.00,,
     0.716534099,9714507,,instructions:u,1144480,100.00,,
     0.717677093,339,,branch-misses:u,1143552,100.00,,
     0.717677093,107,,cache-misses:u,1143840,100.00,,
     0.717677093,1514874,,bus-cycles:u,1143968,100.00,,
     0.717677093,9679732,,instructions:u,1144064,100.00,,
     0.718827605,343,,branch-misses:u,1150496,100.00,,
     0.718827605,30,,cache-misses:u,1150272,100.00,,
     0.718827605,1528407,,bus-cycles:u,1150112,100.00,,
     0.718827605,9775216,,instructions:u,1149984,100.00,,
     0.719971655,342,,branch-misses:u,1143776,100.00,,
     0.719971655,31,,cache-misses:u,1143904,100.00,,
     0.719971655,1520361,,bus-cycles:u,1143936,100.00,,
     0.719971655,9720852,,instructions:u,1143968,100.00,,
     0.721115737,340,,branch-misses:u,1144288,100.00,,
     0.721115737,30,,cache-misses:u,1144064,100.00,,
     0.721115737,1520133,,bus-cycles:u,1144032,100.00,,
     0.721115737,9704981,,instructions:u,1144064,100.00,,
     0.722259115,340,,branch-misses:u,1144064,100.00,,
     0.722259115,86,,cache-misses:u,1144000,100.00,,
     0.722259115,1511812,,bus-cycles:u,1144032,100.00,,
     0.722259115,9648298,,instructions:u,1144000,100.00,,
     0.723405436,340,,branch-misses:u,1146400,100.00,,
     0.723405436,50,,cache-misses:u,1146784,100.00,,
     0.723405436,1523819,,bus-cycles:u,1146784,100.00,,
     0.723405436,9734269,,instructions:u,1146784,100.00,,
     0.724550446,341,,branch-misses:u,1145120,100.00,,
     0.724550446,29,,cache-misses:u,1144800,100.00,,
     0.724550446,1521903,,bus-cycles:u,1144736,100.00,,
     0.724550446,9717403,,instructions:u,1144800,100.00,,
     0.725693088,339,,branch-misses:u,1144704,100.00,,
     0.725693088,103,,cache-misses:u,1144896,100.00,,
     0.725693088,1511526,,bus-cycles:u,1144992,100.00,,
     0.725693088,9658834,,instructions:u,1144992,100.00,,
     0.726843920,343,,branch-misses:u,1149440,100.00,,
     0.726843920,31,,cache-misses:u,1149536,100.00,,
     0.726843920,1527741,,bus-cycles:u,1149472,100.00,,
     0.726843920,9754939,,instructions:u,1149376,100.00,,
     0.727988578,340,,branch-misses:u,1144256,100.00,,
     0.727988578,33,,cache-misses:u,1143936,100.00,,
     0.727988578,1520177,,bus-cycles:u,1143968,100.00,,
     0.727988578,9712597,,instructions:u,1143968,100.00,,
     0.729131764,341,,branch-misses:u,1143584,100.00,,
     0.729131764,31,,cache-misses:u,1144192,100.00,,
     0.729131764,1520727,,bus-cycles:u,1144256,100.00,,
     0.729131764,9709281,,instructions:u,1144256,100.00,,
     0.730275526,343,,branch-misses:u,1144672,100.00,,
     0.730275526,95,,cache-misses:u,1144192,100.00,,
     0.730275526,1512171,,bus-cycles:u,1144064,100.00,,
     0.730275526,9653402,,instructions:u,1144128,100.00,,
     0.731422871,341,,branch-misses:u,1147136,100.00,,
     0.731422871,34,,cache-misses:u,1146976,100.00,,
     0.731422871,1523618,,bus-cycles:u,1147040,100.00,,
     0.731422871,9736381,,instructions:u,1147040,100.00,,
     0.732566441,340,,branch-misses:u,1143488,100.00,,
     0.732566441,36,,cache-misses:u,1143584,100.00,,
     0.732566441,1519222,,bus-cycles:u,1143520,100.00,,
     0.732566441,9712036,,instructions:u,1143520,100.00,,
     0.733708923,341,,branch-misses:u,1143616,100.00,,
     0.733708923,103,,cache-misses:u,1143968,100.00,,
     0.733708923,1511115,,bus-cycles:u,1144096,100.00,,
     0.733708923,9668073,,instructions:u,1144160,100.00,,
     0.734857420,341,,branch-misses:u,1148032,100.00,,
     0.734857420,35,,cache-misses:u,1147616,100.00,,
     0.734857420,1524370,,bus-cycles:u,1147456,100.00,,
     0.734857420,9736541,,instructions:u,1147360,100.00,,
     0.736001246,340,,branch-misses:u,1143712,100.00,,
     0.736001246,33,,cache-misses:u,1143808,100.00,,
     0.736001246,1519987,,bus-cycles:u,1143936,100.00,,
     0.736001246,9698682,,instructions:u,1143936,100.00,,
     0.737155374,344,,branch-misses:u,1154848,100.00,,
     0.737155374,32,,cache-misses:u,1155168,100.00,,
     0.737155374,1535639,,bus-cycles:u,1155264,100.00,,
     0.737155374,9822550,,instructions:u,1155456,100.00,,
     0.738300191,340,,branch-misses:u,1145472,100.00,,
     0.738300191,91,,cache-misses:u,1145248,100.00,,
     0.738300191,1514869,,bus-cycles:u,1145184,100.00,,
     0.738300191,9668130,,instructions:u,1144960,100.00,,
     0.739448720,342,,branch-misses:u,1148096,100.00,,
     0.739448720,29,,cache-misses:u,1147904,100.00,,
     0.739448720,1525534,,bus-cycles:u,1147840,100.00,,
     0.739448720,9751315,,instructions:u,1147840,100.00,,
     0.740593538,341,,branch-misses:u,1144640,100.00,,
     0.740593538,33,,cache-misses:u,1144768,100.00,,
     0.740593538,1522569,,bus-cycles:u,1144768,100.00,,
     0.740593538,9729268,,instructions:u,1144832,100.00,,
     0.741736244,340,,branch-misses:u,1143776,100.00,,
     0.741736244,106,,cache-misses:u,1143936,100.00,,
     0.741736244,1513449,,bus-cycles:u,1144064,100.00,,
     0.741736244,9665048,,instructions:u,1144160,100.00,,
     0.742885829,341,,branch-misses:u,1149376,100.00,,
     0.742885829,51,,cache-misses:u,1149184,100.00,,
     0.742885829,1526329,,bus-cycles:u,1149056,100.00,,
     0.742885829,9747867,,instructions:u,1148896,100.00,,
     0.744029846,342,,branch-misses:u,1143744,100.00,,
     0.744029846,30,,cache-misses:u,1143744,100.00,,
     0.744029846,1520299,,bus-cycles:u,1143712,100.00,,
     0.744029846,9727820,,instructions:u,1143744,100.00,,
     0.745173352,340,,branch-misses:u,1143648,100.00,,
     0.745173352,34,,cache-misses:u,1143648,100.00,,
     0.745173352,1520332,,bus-cycles:u,1143616,100.00,,
     0.745173352,9717165,,instructions:u,1143648,100.00,,
     0.746317018,343,,branch-misses:u,1144864,100.00,,
     0.746317018,93,,cache-misses:u,1144928,100.00,,
     0.746317018,1515064,,bus-cycles:u,1144960,100.00,,
     0.746317018,9680913,,instructions:u,1144992,100.00,,
     0.747465355,341,,branch-misses:u,1148032,100.00,,
     0.747465355,36,,cache-misses:u,1148096,100.00,,
     0.747465355,1526244,,bus-cycles:u,1148128,100.00,,
     0.747465355,9746704,,instructions:u,1148096,100.00,,
     0.748609469,340,,branch-misses:u,1144352,100.00,,
     0.748609469,31,,cache-misses:u,1144320,100.00,,
     0.748609469,1520812,,bus-cycles:u,1144320,100.00,,
     0.748609469,9711457,,instructions:u,1144320,100.00,,
     0.749752495,340,,branch-misses:u,1143456,100.00,,
     0.749752495,105,,cache-misses:u,1143424,100.00,,
     0.749752495,1514216,,bus-cycles:u,1143424,100.00,,
     0.749752495,9669050,,instructions:u,1143328,100.00,,
     0.750900928,342,,branch-misses:u,1148384,100.00,,
     0.750900928,37,,cache-misses:u,1148448,100.00,,
     0.750900928,1527517,,bus-cycles:u,1148480,100.00,,
     0.750900928,9766459,,instructions:u,1148576,100.00,,
     0.752045489,342,,branch-misses:u,1144704,100.00,,
     0.752045489,32,,cache-misses:u,1144640,100.00,,
     0.752045489,1522047,,bus-cycles:u,1144608,100.00,,
     0.752045489,9717976,,instructions:u,1144640,100.00,,
     0.753188867,341,,branch-misses:u,1143264,100.00,,
     0.753188867,30,,cache-misses:u,1143136,100.00,,
     0.753188867,1519780,,bus-cycles:u,1143104,100.00,,
     0.753188867,9702671,,instructions:u,1143040,100.00,,
     0.754331989,340,,branch-misses:u,1144064,100.00,,
     0.754331989,85,,cache-misses:u,1144160,100.00,,
     0.754331989,1516446,,bus-cycles:u,1144224,100.00,,
     0.754331989,9682130,,instructions:u,1144320,100.00,,
     0.755480486,341,,branch-misses:u,1147968,100.00,,
     0.755480486,36,,cache-misses:u,1148064,100.00,,
     0.755480486,1527773,,bus-cycles:u,1148032,100.00,,
     0.755480486,9750575,,instructions:u,1148000,100.00,,
     0.756623576,341,,branch-misses:u,1143296,100.00,,
     0.756623576,34,,cache-misses:u,1143104,100.00,,
     0.756623576,1521308,,bus-cycles:u,1143072,100.00,,
     0.756623576,9710941,,instructions:u,1143040,100.00,,
     0.757776136,342,,branch-misses:u,1153760,100.00,,
     0.757776136,114,,cache-misses:u,1153888,100.00,,
     0.757776136,1527720,,bus-cycles:u,1154016,100.00,,
     0.757776136,9763831,,instructions:u,1154080,100.00,,
     0.758926201,343,,branch-misses:u,1149792,100.00,,
     0.758926201,35,,cache-misses:u,1149632,100.00,,
     0.758926201,1527715,,bus-cycles:u,1149504,100.00,,
     0.758926201,9766696,,instructions:u,1149408,100.00,,
     0.760069707,340,,branch-misses:u,1143520,100.00,,
     0.760069707,36,,cache-misses:u,1143616,100.00,,
     0.760069707,1520305,,bus-cycles:u,1143616,100.00,,
     0.760069707,9715189,,instructions:u,1143584,100.00,,
     0.761213501,340,,branch-misses:u,1143584,100.00,,
     0.761213501,35,,cache-misses:u,1143616,100.00,,
     0.761213501,1521495,,bus-cycles:u,1143616,100.00,,
     0.761213501,9712831,,instructions:u,1143648,100.00,,
     0.762358254,341,,branch-misses:u,1145888,100.00,,
     0.762358254,81,,cache-misses:u,1146272,100.00,,
     0.762358254,1518130,,bus-cycles:u,1146368,100.00,,
     0.762358254,9696062,,instructions:u,1146368,100.00,,
     0.762759846,154,,branch-misses:u,332544,100.00,,
     0.762759846,96,,cache-misses:u,329472,100.00,,
     0.762759846,123803,,bus-cycles:u,326912,100.00,,
     0.762759846,570850,,instructions:u,324448,100.00,,
