     0.001075610,1079,,branch-misses:u,531840,100.00,,
     0.001075610,342,,cache-misses:u,538944,100.00,,
     0.001075610,58461,,bus-cycles:u,542336,100.00,,
     0.001075610,36332,,instructions:u,545504,100.00,,
     0.002419923,1668,,branch-misses:u,1033792,100.00,,
     0.002419923,2099,,cache-misses:u,1030976,100.00,,
     0.002419923,973637,,bus-cycles:u,1030912,100.00,,
     0.002419923,5490190,,instructions:u,1031104,100.00,,
     0.003602413,312,,branch-misses:u,1176096,100.00,,
     0.003602413,75,,cache-misses:u,1171808,100.00,,
     0.003602413,1381941,,bus-cycles:u,1168480,100.00,,
     0.003602413,8825494,,instructions:u,1165120,100.00,,
     0.004773414,256,,branch-misses:u,920672,100.00,,
     0.004773414,728,,cache-misses:u,923872,100.00,,
     0.004773414,1150248,,bus-cycles:u,926688,100.00,,
     0.004773414,7354206,,instructions:u,929664,100.00,,
     0.005937376,327,,branch-misses:u,1158912,100.00,,
     0.005937376,39,,cache-misses:u,1155712,100.00,,
     0.005937376,1449990,,bus-cycles:u,1152896,100.00,,
     0.005937376,9261496,,instructions:u,1149920,100.00,,
     0.007087866,270,,branch-misses:u,1035360,100.00,,
     0.007087866,784,,cache-misses:u,1038688,100.00,,
     0.007087866,1222132,,bus-cycles:u,1041536,100.00,,
     0.007087866,7794124,,instructions:u,1044640,100.00,,
     0.008250003,307,,branch-misses:u,1162272,100.00,,
     0.008250003,116,,cache-misses:u,1162304,100.00,,
     0.008250003,1360879,,bus-cycles:u,1162304,100.00,,
     0.008250003,8696242,,instructions:u,1162112,100.00,,
     0.009416973,308,,branch-misses:u,1166080,100.00,,
     0.009416973,36,,cache-misses:u,1165632,100.00,,
     0.009416973,1377415,,bus-cycles:u,1165696,100.00,,
     0.009416973,8807138,,instructions:u,1165696,100.00,,
     0.010577575,309,,branch-misses:u,1160672,100.00,,
     0.010577575,32,,cache-misses:u,1160672,100.00,,
     0.010577575,1371308,,bus-cycles:u,1160544,100.00,,
     0.010577575,8780470,,instructions:u,1160512,100.00,,
     0.011738305,275,,branch-misses:u,1051744,100.00,,
     0.011738305,306,,cache-misses:u,1051808,100.00,,
     0.011738305,1224334,,bus-cycles:u,1051936,100.00,,
     0.011738305,7827921,,instructions:u,1052096,100.00,,
     0.012898938,321,,branch-misses:u,1150528,100.00,,
     0.012898938,451,,cache-misses:u,1150848,100.00,,
     0.012898938,1427732,,bus-cycles:u,1150656,100.00,,
     0.012898938,9120563,,instructions:u,1150432,100.00,,
     0.014054612,327,,branch-misses:u,1155104,100.00,,
     0.014054612,39,,cache-misses:u,1154720,100.00,,
     0.014054612,1450287,,bus-cycles:u,1154688,100.00,,
     0.014054612,9285413,,instructions:u,1154624,100.00,,
     0.015207950,324,,branch-misses:u,1153152,100.00,,
     0.015207950,32,,cache-misses:u,1152928,100.00,,
     0.015207950,1448452,,bus-cycles:u,1152928,100.00,,
     0.015207950,9257453,,instructions:u,1152896,100.00,,
     0.016362696,302,,branch-misses:u,1052384,100.00,,
     0.016362696,704,,cache-misses:u,1052928,100.00,,
     0.016362696,1329291,,bus-cycles:u,1053120,100.00,,
     0.016362696,8503262,,instructions:u,1053248,100.00,,
     0.017525442,346,,branch-misses:u,1161248,100.00,,
     0.017525442,67,,cache-misses:u,1160640,100.00,,
     0.017525442,1545788,,bus-cycles:u,1160256,100.00,,
     0.017525442,9881724,,instructions:u,1160064,100.00,,
     0.018676187,343,,branch-misses:u,1150688,100.00,,
     0.018676187,36,,cache-misses:u,1150688,100.00,,
     0.018676187,1532384,,bus-cycles:u,1150688,100.00,,
     0.018676187,9796378,,instructions:u,1150560,100.00,,
     0.019823637,343,,branch-misses:u,1147808,100.00,,
     0.019823637,111,,cache-misses:u,1147712,100.00,,
     0.019823637,1518693,,bus-cycles:u,1147776,100.00,,
     0.019823637,9722665,,instructions:u,1147776,100.00,,
     0.020974543,345,,branch-misses:u,1150464,100.00,,
     0.020974543,53,,cache-misses:u,1150464,100.00,,
     0.020974543,1532841,,bus-cycles:u,1150432,100.00,,
     0.020974543,9813650,,instructions:u,1150400,100.00,,
     0.022122377,345,,branch-misses:u,1147840,100.00,,
     0.022122377,31,,cache-misses:u,1147904,100.00,,
     0.022122377,1529111,,bus-cycles:u,1147904,100.00,,
     0.022122377,9789048,,instructions:u,1147872,100.00,,
     0.023297794,351,,branch-misses:u,1175584,100.00,,
     0.023297794,32,,cache-misses:u,1176000,100.00,,
     0.023297794,1567422,,bus-cycles:u,1176032,100.00,,
     0.023297794,10031280,,instructions:u,1176128,100.00,,
     0.024450556,334,,branch-misses:u,1153664,100.00,,
     0.024450556,238,,cache-misses:u,1153760,100.00,,
     0.024450556,1487198,,bus-cycles:u,1153792,100.00,,
     0.024450556,9511407,,instructions:u,1154080,100.00,,
     0.025609782,344,,branch-misses:u,1158368,100.00,,
     0.025609782,38,,cache-misses:u,1158688,100.00,,
     0.025609782,1544440,,bus-cycles:u,1158560,100.00,,
     0.025609782,9868477,,instructions:u,1158368,100.00,,
     0.026760016,347,,branch-misses:u,1150144,100.00,,
     0.026760016,30,,cache-misses:u,1149632,100.00,,
     0.026760016,1532763,,bus-cycles:u,1149696,100.00,,
     0.026760016,9816683,,instructions:u,1149568,100.00,,
     0.027909962,342,,branch-misses:u,1150368,100.00,,
     0.027909962,119,,cache-misses:u,1150496,100.00,,
     0.027909962,1524861,,bus-cycles:u,1150592,100.00,,
     0.027909962,9759535,,instructions:u,1150624,100.00,,
     0.029063811,345,,branch-misses:u,1153408,100.00,,
     0.029063811,32,,cache-misses:u,1153024,100.00,,
     0.029063811,1536743,,bus-cycles:u,1152864,100.00,,
     0.029063811,9831549,,instructions:u,1152832,100.00,,
     0.030213373,343,,branch-misses:u,1149664,100.00,,
     0.030213373,40,,cache-misses:u,1149568,100.00,,
     0.030213373,1531699,,bus-cycles:u,1149696,100.00,,
     0.030213373,9811476,,instructions:u,1149664,100.00,,
     0.031363511,344,,branch-misses:u,1150144,100.00,,
     0.031363511,31,,cache-misses:u,1150144,100.00,,
     0.031363511,1532729,,bus-cycles:u,1150080,100.00,,
     0.031363511,9814097,,instructions:u,1150080,100.00,,
     0.032513073,343,,branch-misses:u,1149824,100.00,,
     0.032513073,109,,cache-misses:u,1149920,100.00,,
     0.032513073,1526088,,bus-cycles:u,1149920,100.00,,
     0.032513073,9762991,,instructions:u,1149920,100.00,,
     0.033664075,344,,branch-misses:u,1150784,100.00,,
     0.033664075,34,,cache-misses:u,1150752,100.00,,
     0.033664075,1533357,,bus-cycles:u,1150752,100.00,,
     0.033664075,9815970,,instructions:u,1150752,100.00,,
     0.034813220,344,,branch-misses:u,1149024,100.00,,
     0.034813220,38,,cache-misses:u,1148960,100.00,,
     0.034813220,1531404,,bus-cycles:u,1148992,100.00,,
     0.034813220,9795461,,instructions:u,1149024,100.00,,
     0.035961374,343,,branch-misses:u,1148448,100.00,,
     0.035961374,110,,cache-misses:u,1148448,100.00,,
     0.035961374,1524033,,bus-cycles:u,1148384,100.00,,
     0.035961374,9746235,,instructions:u,1148320,100.00,,
     0.037111512,343,,branch-misses:u,1150048,100.00,,
     0.037111512,34,,cache-misses:u,1150176,100.00,,
     0.037111512,1532644,,bus-cycles:u,1150176,100.00,,
     0.037111512,9801361,,instructions:u,1150304,100.00,,
     0.038260562,342,,branch-misses:u,1148896,100.00,,
     0.038260562,27,,cache-misses:u,1149056,100.00,,
     0.038260562,1531124,,bus-cycles:u,1148992,100.00,,
     0.038260562,9778908,,instructions:u,1148864,100.00,,
     0.039409452,344,,branch-misses:u,1148896,100.00,,
     0.039409452,35,,cache-misses:u,1148768,100.00,,
     0.039409452,1530944,,bus-cycles:u,1148864,100.00,,
     0.039409452,9798323,,instructions:u,1148928,100.00,,
     0.040558629,344,,branch-misses:u,1149440,100.00,,
     0.040558629,114,,cache-misses:u,1149440,100.00,,
     0.040558629,1523648,,bus-cycles:u,1149312,100.00,,
     0.040558629,9742415,,instructions:u,1149344,100.00,,
     0.041708607,343,,branch-misses:u,1149824,100.00,,
     0.041708607,38,,cache-misses:u,1149664,100.00,,
     0.041708607,1531593,,bus-cycles:u,1149792,100.00,,
     0.041708607,9808271,,instructions:u,1149792,100.00,,
     0.042856185,345,,branch-misses:u,1147552,100.00,,
     0.042856185,33,,cache-misses:u,1147488,100.00,,
     0.042856185,1528941,,bus-cycles:u,1147424,100.00,,
     0.042856185,9789658,,instructions:u,1147328,100.00,,
     0.044025459,350,,branch-misses:u,1169536,100.00,,
     0.044025459,101,,cache-misses:u,1170112,100.00,,
     0.044025459,1555929,,bus-cycles:u,1170176,100.00,,
     0.044025459,9951469,,instructions:u,1170144,100.00,,
     0.045176909,343,,branch-misses:u,1151072,100.00,,
     0.045176909,33,,cache-misses:u,1150784,100.00,,
     0.045176909,1534018,,bus-cycles:u,1150752,100.00,,
     0.045176909,9804562,,instructions:u,1150816,100.00,,
     0.046325222,343,,branch-misses:u,1148352,100.00,,
     0.046325222,37,,cache-misses:u,1148192,100.00,,
     0.046325222,1530568,,bus-cycles:u,1148160,100.00,,
     0.046325222,9803259,,instructions:u,1148096,100.00,,
     0.047472768,345,,branch-misses:u,1147584,100.00,,
     0.047472768,29,,cache-misses:u,1147616,100.00,,
     0.047472768,1528741,,bus-cycles:u,1147648,100.00,,
     0.047472768,9774404,,instructions:u,1147648,100.00,,
     0.048621306,343,,branch-misses:u,1148448,100.00,,
     0.048621306,92,,cache-misses:u,1148384,100.00,,
     0.048621306,1526858,,bus-cycles:u,1148416,100.00,,
     0.048621306,9754039,,instructions:u,1148448,100.00,,
     0.049769716,343,,branch-misses:u,1148384,100.00,,
     0.049769716,33,,cache-misses:u,1148288,100.00,,
     0.049769716,1530265,,bus-cycles:u,1148352,100.00,,
     0.049769716,9780498,,instructions:u,1148320,100.00,,
     0.050918030,342,,branch-misses:u,1148256,100.00,,
     0.050918030,31,,cache-misses:u,1148352,100.00,,
     0.050918030,1530088,,bus-cycles:u,1148192,100.00,,
     0.050918030,9767707,,instructions:u,1148192,100.00,,
     0.052066183,343,,branch-misses:u,1148480,100.00,,
     0.052066183,107,,cache-misses:u,1148544,100.00,,
     0.052066183,1523999,,bus-cycles:u,1148576,100.00,,
     0.052066183,9759011,,instructions:u,1148576,100.00,,
     0.053215297,345,,branch-misses:u,1148928,100.00,,
     0.053215297,32,,cache-misses:u,1148928,100.00,,
     0.053215297,1531464,,bus-cycles:u,1148992,100.00,,
     0.053215297,9814131,,instructions:u,1149088,100.00,,
     0.054362491,343,,branch-misses:u,1147264,100.00,,
     0.054362491,28,,cache-misses:u,1147200,100.00,,
     0.054362491,1529280,,bus-cycles:u,1147200,100.00,,
     0.054362491,9795221,,instructions:u,1147136,100.00,,
     0.055510229,343,,branch-misses:u,1147776,100.00,,
     0.055510229,33,,cache-misses:u,1147648,100.00,,
     0.055510229,1529695,,bus-cycles:u,1147616,100.00,,
     0.055510229,9793801,,instructions:u,1147648,100.00,,
     0.056658415,344,,branch-misses:u,1148320,100.00,,
     0.056658415,98,,cache-misses:u,1148512,100.00,,
     0.056658415,1525373,,bus-cycles:u,1148448,100.00,,
     0.056658415,9752815,,instructions:u,1148416,100.00,,
     0.057807657,343,,branch-misses:u,1149024,100.00,,
     0.057807657,28,,cache-misses:u,1148992,100.00,,
     0.057807657,1531293,,bus-cycles:u,1149056,100.00,,
     0.057807657,9805609,,instructions:u,1148992,100.00,,
     0.058954786,345,,branch-misses:u,1147136,100.00,,
     0.058954786,36,,cache-misses:u,1147104,100.00,,
     0.058954786,1528920,,bus-cycles:u,1147104,100.00,,
     0.058954786,9796089,,instructions:u,1147040,100.00,,
     0.060102876,299,,branch-misses:u,1148896,100.00,,
     0.060102876,260,,cache-misses:u,1149248,100.00,,
     0.060102876,1326675,,bus-cycles:u,1149344,100.00,,
     0.060102876,8487843,,instructions:u,1149440,100.00,,
     0.061252374,343,,branch-misses:u,1148800,100.00,,
     0.061252374,46,,cache-misses:u,1148544,100.00,,
     0.061252374,1530373,,bus-cycles:u,1148448,100.00,,
     0.061252374,9806803,,instructions:u,1148448,100.00,,
     0.062400560,345,,branch-misses:u,1148096,100.00,,
     0.062400560,33,,cache-misses:u,1148000,100.00,,
     0.062400560,1530496,,bus-cycles:u,1148032,100.00,,
     0.062400560,9795661,,instructions:u,1148032,100.00,,
     0.063547722,343,,branch-misses:u,1147296,100.00,,
     0.063547722,32,,cache-misses:u,1147200,100.00,,
     0.063547722,1529352,,bus-cycles:u,1147200,100.00,,
     0.063547722,9787977,,instructions:u,1147200,100.00,,
     0.064734691,354,,branch-misses:u,1187552,100.00,,
     0.064734691,100,,cache-misses:u,1188128,100.00,,
     0.064734691,1577120,,bus-cycles:u,1188256,100.00,,
     0.064734691,10080002,,instructions:u,1188288,100.00,,
     0.065899197,348,,branch-misses:u,1163872,100.00,,
     0.065899197,32,,cache-misses:u,1163744,100.00,,
     0.065899197,1551391,,bus-cycles:u,1163616,100.00,,
     0.065899197,9922130,,instructions:u,1163680,100.00,,
     0.067047767,342,,branch-misses:u,1148512,100.00,,
     0.067047767,31,,cache-misses:u,1148096,100.00,,
     0.067047767,1530018,,bus-cycles:u,1148128,100.00,,
     0.067047767,9759666,,instructions:u,1148096,100.00,,
     0.068197457,343,,branch-misses:u,1150016,100.00,,
     0.068197457,96,,cache-misses:u,1150048,100.00,,
     0.068197457,1527120,,bus-cycles:u,1149984,100.00,,
     0.068197457,9745726,,instructions:u,1150048,100.00,,
     0.069347562,343,,branch-misses:u,1149888,100.00,,
     0.069347562,41,,cache-misses:u,1149856,100.00,,
     0.069347562,1533287,,bus-cycles:u,1149888,100.00,,
     0.069347562,9800266,,instructions:u,1149760,100.00,,
     0.070494628,344,,branch-misses:u,1147136,100.00,,
     0.070494628,37,,cache-misses:u,1147136,100.00,,
     0.070494628,1529479,,bus-cycles:u,1147136,100.00,,
     0.070494628,9793750,,instructions:u,1147136,100.00,,
     0.071642878,343,,branch-misses:u,1148384,100.00,,
     0.071642878,50,,cache-misses:u,1148608,100.00,,
     0.071642878,1526545,,bus-cycles:u,1148576,100.00,,
     0.071642878,9776897,,instructions:u,1148608,100.00,,
     0.072791608,343,,branch-misses:u,1148416,100.00,,
     0.072791608,63,,cache-misses:u,1148320,100.00,,
     0.072791608,1531475,,bus-cycles:u,1148320,100.00,,
     0.072791608,9781826,,instructions:u,1148256,100.00,,
     0.073938514,344,,branch-misses:u,1147040,100.00,,
     0.073938514,34,,cache-misses:u,1146976,100.00,,
     0.073938514,1529137,,bus-cycles:u,1146976,100.00,,
     0.073938514,9787721,,instructions:u,1147104,100.00,,
     0.075085259,343,,branch-misses:u,1146720,100.00,,
     0.075085259,38,,cache-misses:u,1146880,100.00,,
     0.075085259,1528331,,bus-cycles:u,1146880,100.00,,
     0.075085259,9784469,,instructions:u,1146848,100.00,,
     0.076233573,343,,branch-misses:u,1148448,100.00,,
     0.076233573,108,,cache-misses:u,1148384,100.00,,
     0.076233573,1525202,,bus-cycles:u,1148352,100.00,,
     0.076233573,9767228,,instructions:u,1148384,100.00,,
     0.077381823,344,,branch-misses:u,1148064,100.00,,
     0.077381823,32,,cache-misses:u,1147904,100.00,,
     0.077381823,1529796,,bus-cycles:u,1147904,100.00,,
     0.077381823,9778739,,instructions:u,1147872,100.00,,
     0.078528217,341,,branch-misses:u,1146464,100.00,,
     0.078528217,27,,cache-misses:u,1146624,100.00,,
     0.078528217,1528518,,bus-cycles:u,1146688,100.00,,
     0.078528217,9750958,,instructions:u,1146720,100.00,,
     0.079676115,343,,branch-misses:u,1147872,100.00,,
     0.079676115,66,,cache-misses:u,1147840,100.00,,
     0.079676115,1526074,,bus-cycles:u,1147840,100.00,,
     0.079676115,9780160,,instructions:u,1147776,100.00,,
     0.080824301,343,,branch-misses:u,1148192,100.00,,
     0.080824301,64,,cache-misses:u,1148224,100.00,,
     0.080824301,1530844,,bus-cycles:u,1148224,100.00,,
     0.080824301,9790586,,instructions:u,1148288,100.00,,
     0.081971270,343,,branch-misses:u,1147040,100.00,,
     0.081971270,32,,cache-misses:u,1147008,100.00,,
     0.081971270,1529022,,bus-cycles:u,1146912,100.00,,
     0.081971270,9787305,,instructions:u,1146880,100.00,,
     0.083117984,344,,branch-misses:u,1146624,100.00,,
     0.083117984,30,,cache-misses:u,1146592,100.00,,
     0.083117984,1528586,,bus-cycles:u,1146720,100.00,,
     0.083117984,9789636,,instructions:u,1146688,100.00,,
     0.084265498,343,,branch-misses:u,1147936,100.00,,
     0.084265498,103,,cache-misses:u,1147968,100.00,,
     0.084265498,1523451,,bus-cycles:u,1147936,100.00,,
     0.084265498,9749427,,instructions:u,1147968,100.00,,
     0.085423092,345,,branch-misses:u,1159904,100.00,,
     0.085423092,38,,cache-misses:u,1161568,100.00,,
     0.085423092,1548387,,bus-cycles:u,1162496,100.00,,
     0.085423092,9910230,,instructions:u,1163680,100.00,,
     0.086654317,368,,branch-misses:u,1229856,100.00,,
     0.086654317,36,,cache-misses:u,1229024,100.00,,
     0.086654317,1636927,,bus-cycles:u,1228416,100.00,,
     0.086654317,10457417,,instructions:u,1227648,100.00,,
     0.087810279,347,,branch-misses:u,1155584,100.00,,
     0.087810279,96,,cache-misses:u,1155360,100.00,,
     0.087810279,1535058,,bus-cycles:u,1155200,100.00,,
     0.087810279,9825022,,instructions:u,1154848,100.00,,
     0.088963457,343,,branch-misses:u,1152384,100.00,,
     0.088963457,45,,cache-misses:u,1152000,100.00,,
     0.088963457,1535267,,bus-cycles:u,1151968,100.00,,
     0.088963457,9827633,,instructions:u,1152064,100.00,,
     0.090110171,343,,branch-misses:u,1146560,100.00,,
     0.090110171,34,,cache-misses:u,1146400,100.00,,
     0.090110171,1528130,,bus-cycles:u,1146400,100.00,,
     0.090110171,9779947,,instructions:u,1146144,100.00,,
     0.091256180,344,,branch-misses:u,1145952,100.00,,
     0.091256180,35,,cache-misses:u,1145984,100.00,,
     0.091256180,1527549,,bus-cycles:u,1145856,100.00,,
     0.091256180,9776648,,instructions:u,1145824,100.00,,
     0.092401710,341,,branch-misses:u,1145888,100.00,,
     0.092401710,107,,cache-misses:u,1145792,100.00,,
     0.092401710,1520251,,bus-cycles:u,1145888,100.00,,
     0.092401710,9722801,,instructions:u,1146112,100.00,,
     0.093549384,343,,branch-misses:u,1147232,100.00,,
     0.093549384,32,,cache-misses:u,1147392,100.00,,
     0.093549384,1529189,,bus-cycles:u,1147232,100.00,,
     0.093549384,9788914,,instructions:u,1147200,100.00,,
     0.094695618,343,,branch-misses:u,1146336,100.00,,
     0.094695618,31,,cache-misses:u,1146176,100.00,,
     0.094695618,1528789,,bus-cycles:u,1146304,100.00,,
     0.094695618,9788590,,instructions:u,1146336,100.00,,
     0.095842940,342,,branch-misses:u,1147392,100.00,,
     0.095842940,106,,cache-misses:u,1147488,100.00,,
     0.095842940,1524503,,bus-cycles:u,1147424,100.00,,
     0.095842940,9751690,,instructions:u,1147392,100.00,,
     0.096991573,345,,branch-misses:u,1148640,100.00,,
     0.096991573,29,,cache-misses:u,1148544,100.00,,
     0.096991573,1532262,,bus-cycles:u,1148544,100.00,,
     0.096991573,9817489,,instructions:u,1148544,100.00,,
     0.098137327,343,,branch-misses:u,1145568,100.00,,
     0.098137327,30,,cache-misses:u,1145600,100.00,,
     0.098137327,1528988,,bus-cycles:u,1145664,100.00,,
     0.098137327,9788098,,instructions:u,1145696,100.00,,
     0.099283145,343,,branch-misses:u,1145888,100.00,,
     0.099283145,29,,cache-misses:u,1145984,100.00,,
     0.099283145,1528481,,bus-cycles:u,1145952,100.00,,
     0.099283145,9775969,,instructions:u,1145952,100.00,,
     0.100430883,335,,branch-misses:u,1131232,100.00,,
     0.100430883,218,,cache-misses:u,1131168,100.00,,
     0.100430883,1481897,,bus-cycles:u,1131200,100.00,,
     0.100430883,9474743,,instructions:u,1131232,100.00,,
     0.101579965,343,,branch-misses:u,1148224,100.00,,
     0.101579965,45,,cache-misses:u,1148256,100.00,,
     0.101579965,1530888,,bus-cycles:u,1148160,100.00,,
     0.101579965,9809373,,instructions:u,1148096,100.00,,
     0.102725335,344,,branch-misses:u,1145312,100.00,,
     0.102725335,34,,cache-misses:u,1145152,100.00,,
     0.102725335,1526942,,bus-cycles:u,1145216,100.00,,
     0.102725335,9760468,,instructions:u,1145184,100.00,,
     0.103873040,341,,branch-misses:u,1148320,100.00,,
     0.103873040,118,,cache-misses:u,1148704,100.00,,
     0.103873040,1524159,,bus-cycles:u,1148704,100.00,,
     0.103873040,9711277,,instructions:u,1148736,100.00,,
     0.105024810,345,,branch-misses:u,1151424,100.00,,
     0.105024810,32,,cache-misses:u,1151328,100.00,,
     0.105024810,1534548,,bus-cycles:u,1151360,100.00,,
     0.105024810,9818258,,instructions:u,1151328,100.00,,
     0.106171684,342,,branch-misses:u,1146720,100.00,,
     0.106171684,40,,cache-misses:u,1146624,100.00,,
     0.106171684,1528985,,bus-cycles:u,1146464,100.00,,
     0.106171684,9788194,,instructions:u,1146432,100.00,,
     0.107317278,343,,branch-misses:u,1145568,100.00,,
     0.107317278,38,,cache-misses:u,1145504,100.00,,
     0.107317278,1527707,,bus-cycles:u,1145664,100.00,,
     0.107317278,9783498,,instructions:u,1145792,100.00,,
     0.108482936,350,,branch-misses:u,1166208,100.00,,
     0.108482936,115,,cache-misses:u,1166464,100.00,,
     0.108482936,1549091,,bus-cycles:u,1166432,100.00,,
     0.108482936,9913873,,instructions:u,1166368,100.00,,
     0.109633073,344,,branch-misses:u,1149632,100.00,,
     0.109633073,42,,cache-misses:u,1149472,100.00,,
     0.109633073,1533086,,bus-cycles:u,1149440,100.00,,
     0.109633073,9810835,,instructions:u,1149504,100.00,,
     0.110780427,342,,branch-misses:u,1147392,100.00,,
     0.110780427,38,,cache-misses:u,1147360,100.00,,
     0.110780427,1530195,,bus-cycles:u,1147360,100.00,,
     0.110780427,9785914,,instructions:u,1147328,100.00,,
     0.111929733,344,,branch-misses:u,1149696,100.00,,
     0.111929733,118,,cache-misses:u,1149664,100.00,,
     0.111929733,1525703,,bus-cycles:u,1149664,100.00,,
     0.111929733,9765164,,instructions:u,1149568,100.00,,
     0.113079327,344,,branch-misses:u,1149344,100.00,,
     0.113079327,35,,cache-misses:u,1149376,100.00,,
     0.113079327,1532596,,bus-cycles:u,1149408,100.00,,
     0.113079327,9813540,,instructions:u,1149440,100.00,,
     0.114226777,343,,branch-misses:u,1147328,100.00,,
     0.114226777,33,,cache-misses:u,1147136,100.00,,
     0.114226777,1529855,,bus-cycles:u,1146976,100.00,,
     0.114226777,9790078,,instructions:u,1147040,100.00,,
     0.115374354,343,,branch-misses:u,1147616,100.00,,
     0.115374354,30,,cache-misses:u,1147584,100.00,,
     0.115374354,1531286,,bus-cycles:u,1147680,100.00,,
     0.115374354,9783426,,instructions:u,1147648,100.00,,
     0.116522412,343,,branch-misses:u,1148416,100.00,,
     0.116522412,112,,cache-misses:u,1148512,100.00,,
     0.116522412,1526085,,bus-cycles:u,1148576,100.00,,
     0.116522412,9762985,,instructions:u,1148608,100.00,,
     0.117672134,344,,branch-misses:u,1149376,100.00,,
     0.117672134,33,,cache-misses:u,1149376,100.00,,
     0.117672134,1531721,,bus-cycles:u,1149408,100.00,,
     0.117672134,9818324,,instructions:u,1149408,100.00,,
     0.118819808,344,,branch-misses:u,1147552,100.00,,
     0.118819808,34,,cache-misses:u,1147520,100.00,,
     0.118819808,1529346,,bus-cycles:u,1147488,100.00,,
     0.118819808,9795202,,instructions:u,1147488,100.00,,
     0.119967610,343,,branch-misses:u,1148288,100.00,,
     0.119967610,108,,cache-misses:u,1148448,100.00,,
     0.119967610,1525413,,bus-cycles:u,1148480,100.00,,
     0.119967610,9765346,,instructions:u,1148448,100.00,,
     0.121116435,343,,branch-misses:u,1148448,100.00,,
     0.121116435,36,,cache-misses:u,1148352,100.00,,
     0.121116435,1530632,,bus-cycles:u,1148352,100.00,,
     0.121116435,9783630,,instructions:u,1148448,100.00,,
     0.122263565,342,,branch-misses:u,1147200,100.00,,
     0.122263565,28,,cache-misses:u,1147072,100.00,,
     0.122263565,1528382,,bus-cycles:u,1146944,100.00,,
     0.122263565,9763935,,instructions:u,1146880,100.00,,
     0.123410695,341,,branch-misses:u,1147040,100.00,,
     0.123410695,31,,cache-misses:u,1147072,100.00,,
     0.123410695,1528662,,bus-cycles:u,1147168,100.00,,
     0.123410695,9754812,,instructions:u,1147104,100.00,,
     0.124558881,342,,branch-misses:u,1148480,100.00,,
     0.124558881,124,,cache-misses:u,1148640,100.00,,
     0.124558881,1519534,,bus-cycles:u,1148640,100.00,,
     0.124558881,9714355,,instructions:u,1148640,100.00,,
     0.125707547,342,,branch-misses:u,1148384,100.00,,
     0.125707547,36,,cache-misses:u,1148192,100.00,,
     0.125707547,1529654,,bus-cycles:u,1148224,100.00,,
     0.125707547,9778679,,instructions:u,1148128,100.00,,
     0.126853877,342,,branch-misses:u,1146240,100.00,,
     0.126853877,34,,cache-misses:u,1146368,100.00,,
     0.126853877,1527449,,bus-cycles:u,1146304,100.00,,
     0.126853877,9745752,,instructions:u,1146528,100.00,,
     0.128003438,343,,branch-misses:u,1150048,100.00,,
     0.128003438,101,,cache-misses:u,1150048,100.00,,
     0.128003438,1527082,,bus-cycles:u,1150080,100.00,,
     0.128003438,9773190,,instructions:u,1149984,100.00,,
     0.129163432,347,,branch-misses:u,1159808,100.00,,
     0.129163432,33,,cache-misses:u,1160032,100.00,,
     0.129163432,1545060,,bus-cycles:u,1160032,100.00,,
     0.129163432,9898091,,instructions:u,1159936,100.00,,
     0.130312450,342,,branch-misses:u,1148864,100.00,,
     0.130312450,33,,cache-misses:u,1148704,100.00,,
     0.130312450,1529569,,bus-cycles:u,1148768,100.00,,
     0.130312450,9789106,,instructions:u,1148960,100.00,,
     0.131458972,342,,branch-misses:u,1146560,100.00,,
     0.131458972,36,,cache-misses:u,1146528,100.00,,
     0.131458972,1526593,,bus-cycles:u,1146432,100.00,,
     0.131458972,9754392,,instructions:u,1146432,100.00,,
     0.132606998,341,,branch-misses:u,1148320,100.00,,
     0.132606998,95,,cache-misses:u,1148320,100.00,,
     0.132606998,1522643,,bus-cycles:u,1148352,100.00,,
     0.132606998,9740775,,instructions:u,1148288,100.00,,
     0.133754607,343,,branch-misses:u,1147296,100.00,,
     0.133754607,41,,cache-misses:u,1147296,100.00,,
     0.133754607,1527787,,bus-cycles:u,1147296,100.00,,
     0.133754607,9781676,,instructions:u,1147232,100.00,,
     0.134901353,343,,branch-misses:u,1146688,100.00,,
     0.134901353,32,,cache-misses:u,1146688,100.00,,
     0.134901353,1526767,,bus-cycles:u,1146688,100.00,,
     0.134901353,9780543,,instructions:u,1146720,100.00,,
     0.136048963,343,,branch-misses:u,1147904,100.00,,
     0.136048963,103,,cache-misses:u,1147840,100.00,,
     0.136048963,1523792,,bus-cycles:u,1147744,100.00,,
     0.136048963,9757899,,instructions:u,1147680,100.00,,
     0.137196509,343,,branch-misses:u,1147360,100.00,,
     0.137196509,35,,cache-misses:u,1147424,100.00,,
     0.137196509,1529321,,bus-cycles:u,1147488,100.00,,
     0.137196509,9787554,,instructions:u,1147584,100.00,,
     0.138342551,343,,branch-misses:u,1145984,100.00,,
     0.138342551,39,,cache-misses:u,1145888,100.00,,
     0.138342551,1526983,,bus-cycles:u,1145888,100.00,,
     0.138342551,9772130,,instructions:u,1145728,100.00,,
     0.139488689,342,,branch-misses:u,1146176,100.00,,
     0.139488689,37,,cache-misses:u,1146336,100.00,,
     0.139488689,1527974,,bus-cycles:u,1146400,100.00,,
     0.139488689,9788202,,instructions:u,1146560,100.00,,
     0.140636010,344,,branch-misses:u,1147648,100.00,,
     0.140636010,94,,cache-misses:u,1147552,100.00,,
     0.140636010,1523974,,bus-cycles:u,1147552,100.00,,
     0.140636010,9747679,,instructions:u,1147424,100.00,,
     0.141782788,343,,branch-misses:u,1146464,100.00,,
     0.141782788,35,,cache-misses:u,1146464,100.00,,
     0.141782788,1528758,,bus-cycles:u,1146432,100.00,,
     0.141782788,9784319,,instructions:u,1146400,100.00,,
     0.142929022,342,,branch-misses:u,1146176,100.00,,
     0.142929022,39,,cache-misses:u,1146272,100.00,,
     0.142929022,1526613,,bus-cycles:u,1146272,100.00,,
     0.142929022,9764018,,instructions:u,1146304,100.00,,
     0.144075416,343,,branch-misses:u,1146720,100.00,,
     0.144075416,103,,cache-misses:u,1146720,100.00,,
     0.144075416,1522997,,bus-cycles:u,1146528,100.00,,
     0.144075416,9748062,,instructions:u,1146528,100.00,,
     0.145222354,344,,branch-misses:u,1146624,100.00,,
     0.145222354,36,,cache-misses:u,1146560,100.00,,
     0.145222354,1528838,,bus-cycles:u,1146784,100.00,,
     0.145222354,9793727,,instructions:u,1146880,100.00,,
     0.146368715,343,,branch-misses:u,1146368,100.00,,
     0.146368715,35,,cache-misses:u,1146432,100.00,,
     0.146368715,1527871,,bus-cycles:u,1146368,100.00,,
     0.146368715,9771366,,instructions:u,1146304,100.00,,
     0.147514565,341,,branch-misses:u,1145824,100.00,,
     0.147514565,35,,cache-misses:u,1145760,100.00,,
     0.147514565,1527153,,bus-cycles:u,1145792,100.00,,
     0.147514565,9737215,,instructions:u,1145888,100.00,,
     0.148662655,343,,branch-misses:u,1148576,100.00,,
     0.148662655,101,,cache-misses:u,1148672,100.00,,
     0.148662655,1525327,,bus-cycles:u,1148672,100.00,,
     0.148662655,9752887,,instructions:u,1148672,100.00,,
     0.149810585,343,,branch-misses:u,1147424,100.00,,
     0.149810585,33,,cache-misses:u,1147360,100.00,,
     0.149810585,1529087,,bus-cycles:u,1147296,100.00,,
     0.149810585,9756054,,instructions:u,1147136,100.00,,
     0.150968211,347,,branch-misses:u,1157888,100.00,,
     0.150968211,34,,cache-misses:u,1158080,100.00,,
     0.150968211,1543997,,bus-cycles:u,1158080,100.00,,
     0.150968211,9894014,,instructions:u,1158176,100.00,,
     0.152116428,344,,branch-misses:u,1148096,100.00,,
     0.152116428,102,,cache-misses:u,1147776,100.00,,
     0.152116428,1524604,,bus-cycles:u,1147840,100.00,,
     0.152116428,9769069,,instructions:u,1147936,100.00,,
     0.153265606,344,,branch-misses:u,1149120,100.00,,
     0.153265606,35,,cache-misses:u,1149152,100.00,,
     0.153265606,1531324,,bus-cycles:u,1149120,100.00,,
     0.153265606,9800367,,instructions:u,1149120,100.00,,
     0.154411936,342,,branch-misses:u,1146432,100.00,,
     0.154411936,37,,cache-misses:u,1146432,100.00,,
     0.154411936,1527941,,bus-cycles:u,1146464,100.00,,
     0.154411936,9783772,,instructions:u,1146368,100.00,,
     0.155558714,343,,branch-misses:u,1146848,100.00,,
     0.155558714,40,,cache-misses:u,1146848,100.00,,
     0.155558714,1528112,,bus-cycles:u,1146752,100.00,,
     0.155558714,9772625,,instructions:u,1146656,100.00,,
     0.156719188,347,,branch-misses:u,1160384,100.00,,
     0.156719188,79,,cache-misses:u,1160448,100.00,,
     0.156719188,1541947,,bus-cycles:u,1160480,100.00,,
     0.156719188,9864418,,instructions:u,1160608,100.00,,
     0.157865582,343,,branch-misses:u,1146176,100.00,,
     0.157865582,40,,cache-misses:u,1146208,100.00,,
     0.157865582,1528304,,bus-cycles:u,1146240,100.00,,
     0.157865582,9786345,,instructions:u,1146112,100.00,,
     0.159011175,343,,branch-misses:u,1145696,100.00,,
     0.159011175,37,,cache-misses:u,1145632,100.00,,
     0.159011175,1527641,,bus-cycles:u,1145664,100.00,,
     0.159011175,9782115,,instructions:u,1145888,100.00,,
     0.160157985,342,,branch-misses:u,1147200,100.00,,
     0.160157985,115,,cache-misses:u,1147296,100.00,,
     0.160157985,1524081,,bus-cycles:u,1147296,100.00,,
     0.160157985,9746567,,instructions:u,1147104,100.00,,
     0.161305307,342,,branch-misses:u,1146976,100.00,,
     0.161305307,34,,cache-misses:u,1146912,100.00,,
     0.161305307,1528929,,bus-cycles:u,1146848,100.00,,
     0.161305307,9778443,,instructions:u,1146816,100.00,,
     0.162451381,343,,branch-misses:u,1146048,100.00,,
     0.162451381,34,,cache-misses:u,1145888,100.00,,
     0.162451381,1526998,,bus-cycles:u,1145888,100.00,,
     0.162451381,9776389,,instructions:u,1145984,100.00,,
     0.163597359,343,,branch-misses:u,1146016,100.00,,
     0.163597359,35,,cache-misses:u,1146080,100.00,,
     0.163597359,1527543,,bus-cycles:u,1146112,100.00,,
     0.163597359,9781728,,instructions:u,1146048,100.00,,
     0.164754056,345,,branch-misses:u,1156960,100.00,,
     0.164754056,86,,cache-misses:u,1157056,100.00,,
     0.164754056,1537871,,bus-cycles:u,1157088,100.00,,
     0.164754056,9831865,,instructions:u,1157216,100.00,,
     0.165901410,342,,branch-misses:u,1147072,100.00,,
     0.165901410,37,,cache-misses:u,1147072,100.00,,
     0.165901410,1529212,,bus-cycles:u,1147072,100.00,,
     0.165901410,9762263,,instructions:u,1147104,100.00,,
     0.167047548,343,,branch-misses:u,1146272,100.00,,
     0.167047548,29,,cache-misses:u,1146272,100.00,,
     0.167047548,1527687,,bus-cycles:u,1146240,100.00,,
     0.167047548,9782954,,instructions:u,1146208,100.00,,
     0.168194422,342,,branch-misses:u,1147168,100.00,,
     0.168194422,99,,cache-misses:u,1147072,100.00,,
     0.168194422,1523445,,bus-cycles:u,1147072,100.00,,
     0.168194422,9746991,,instructions:u,1146912,100.00,,
     0.169341968,343,,branch-misses:u,1147264,100.00,,
     0.169341968,36,,cache-misses:u,1147232,100.00,,
     0.169341968,1528988,,bus-cycles:u,1147264,100.00,,
     0.169341968,9777566,,instructions:u,1147392,100.00,,
     0.170487850,341,,branch-misses:u,1145824,100.00,,
     0.170487850,30,,cache-misses:u,1145792,100.00,,
     0.170487850,1527043,,bus-cycles:u,1145600,100.00,,
     0.170487850,9743082,,instructions:u,1145504,100.00,,
     0.171647843,347,,branch-misses:u,1160448,100.00,,
     0.171647843,42,,cache-misses:u,1160896,100.00,,
     0.171647843,1541762,,bus-cycles:u,1161088,100.00,,
     0.171647843,9871670,,instructions:u,1161152,100.00,,
     0.172797085,344,,branch-misses:u,1148800,100.00,,
     0.172797085,74,,cache-misses:u,1148480,100.00,,
     0.172797085,1530844,,bus-cycles:u,1148448,100.00,,
     0.172797085,9796415,,instructions:u,1148480,100.00,,
     0.173943223,342,,branch-misses:u,1146176,100.00,,
     0.173943223,32,,cache-misses:u,1146112,100.00,,
     0.173943223,1527810,,bus-cycles:u,1146080,100.00,,
     0.173943223,9777027,,instructions:u,1145984,100.00,,
     0.175089169,343,,branch-misses:u,1145952,100.00,,
     0.175089169,40,,cache-misses:u,1146144,100.00,,
     0.175089169,1527829,,bus-cycles:u,1146176,100.00,,
     0.175089169,9772782,,instructions:u,1146272,100.00,,
     0.176236171,343,,branch-misses:u,1147040,100.00,,
     0.176236171,97,,cache-misses:u,1146816,100.00,,
     0.176236171,1523120,,bus-cycles:u,1146848,100.00,,
     0.176236171,9753295,,instructions:u,1146816,100.00,,
     0.177383588,342,,branch-misses:u,1147392,100.00,,
     0.177383588,36,,cache-misses:u,1147616,100.00,,
     0.177383588,1530068,,bus-cycles:u,1147616,100.00,,
     0.177383588,9770989,,instructions:u,1147552,100.00,,
     0.178531486,344,,branch-misses:u,1147872,100.00,,
     0.178531486,31,,cache-misses:u,1147680,100.00,,
     0.178531486,1530022,,bus-cycles:u,1147584,100.00,,
     0.178531486,9791853,,instructions:u,1147680,100.00,,
     0.179679192,342,,branch-misses:u,1147968,100.00,,
     0.179679192,69,,cache-misses:u,1148000,100.00,,
     0.179679192,1524737,,bus-cycles:u,1148160,100.00,,
     0.179679192,9735177,,instructions:u,1148000,100.00,,
     0.180827730,342,,branch-misses:u,1148288,100.00,,
     0.180827730,60,,cache-misses:u,1148288,100.00,,
     0.180827730,1529949,,bus-cycles:u,1148224,100.00,,
     0.180827730,9781732,,instructions:u,1148256,100.00,,
     0.181973548,343,,branch-misses:u,1145760,100.00,,
     0.181973548,36,,cache-misses:u,1145696,100.00,,
     0.181973548,1526939,,bus-cycles:u,1145792,100.00,,
     0.181973548,9775259,,instructions:u,1145888,100.00,,
     0.183119685,342,,branch-misses:u,1146304,100.00,,
     0.183119685,36,,cache-misses:u,1146304,100.00,,
     0.183119685,1527813,,bus-cycles:u,1146176,100.00,,
     0.183119685,9785292,,instructions:u,1146240,100.00,,
     0.184267967,343,,branch-misses:u,1148608,100.00,,
     0.184267967,105,,cache-misses:u,1148768,100.00,,
     0.184267967,1526044,,bus-cycles:u,1148800,100.00,,
     0.184267967,9764245,,instructions:u,1148832,100.00,,
     0.185416697,344,,branch-misses:u,1148224,100.00,,
     0.185416697,28,,cache-misses:u,1148000,100.00,,
     0.185416697,1531321,,bus-cycles:u,1147968,100.00,,
     0.185416697,9806400,,instructions:u,1147872,100.00,,
     0.186563155,342,,branch-misses:u,1146592,100.00,,
     0.186563155,36,,cache-misses:u,1146656,100.00,,
     0.186563155,1529515,,bus-cycles:u,1146720,100.00,,
     0.186563155,9770565,,instructions:u,1146784,100.00,,
     0.187709613,342,,branch-misses:u,1146880,100.00,,
     0.187709613,76,,cache-misses:u,1146944,100.00,,
     0.187709613,1521339,,bus-cycles:u,1146912,100.00,,
     0.187709613,9742062,,instructions:u,1146784,100.00,,
     0.188857959,345,,branch-misses:u,1147904,100.00,,
     0.188857959,66,,cache-misses:u,1147808,100.00,,
     0.188857959,1530824,,bus-cycles:u,1147776,100.00,,
     0.188857959,9790617,,instructions:u,1147808,100.00,,
     0.190003776,342,,branch-misses:u,1145824,100.00,,
     0.190003776,31,,cache-misses:u,1145984,100.00,,
     0.190003776,1527553,,bus-cycles:u,1146016,100.00,,
     0.190003776,9764359,,instructions:u,1146048,100.00,,
     0.191150522,344,,branch-misses:u,1146720,100.00,,
     0.191150522,35,,cache-misses:u,1146752,100.00,,
     0.191150522,1528547,,bus-cycles:u,1146784,100.00,,
     0.191150522,9746446,,instructions:u,1146816,100.00,,
     0.192309972,346,,branch-misses:u,1159872,100.00,,
     0.192309972,108,,cache-misses:u,1160128,100.00,,
     0.192309972,1540605,,bus-cycles:u,1160096,100.00,,
     0.192309972,9850365,,instructions:u,1160032,100.00,,
     0.193461710,345,,branch-misses:u,1151616,100.00,,
     0.193461710,53,,cache-misses:u,1151488,100.00,,
     0.193461710,1534616,,bus-cycles:u,1151552,100.00,,
     0.193461710,9837840,,instructions:u,1151584,100.00,,
     0.194611080,344,,branch-misses:u,1149152,100.00,,
     0.194611080,29,,cache-misses:u,1148832,100.00,,
     0.194611080,1530153,,bus-cycles:u,1148704,100.00,,
     0.194611080,9786901,,instructions:u,1148672,100.00,,
     0.195757825,340,,branch-misses:u,1147104,100.00,,
     0.195757825,84,,cache-misses:u,1147232,100.00,,
     0.195757825,1524195,,bus-cycles:u,1147264,100.00,,
     0.195757825,9717379,,instructions:u,1147360,100.00,,
     0.196905083,343,,branch-misses:u,1146944,100.00,,
     0.196905083,50,,cache-misses:u,1146944,100.00,,
     0.196905083,1528492,,bus-cycles:u,1146848,100.00,,
     0.196905083,9790268,,instructions:u,1146784,100.00,,
     0.198051157,343,,branch-misses:u,1146048,100.00,,
     0.198051157,32,,cache-misses:u,1146080,100.00,,
     0.198051157,1526557,,bus-cycles:u,1146240,100.00,,
     0.198051157,9771460,,instructions:u,1146208,100.00,,
     0.199196847,342,,branch-misses:u,1145632,100.00,,
     0.199196847,30,,cache-misses:u,1145600,100.00,,
     0.199196847,1526184,,bus-cycles:u,1145568,100.00,,
     0.199196847,9771685,,instructions:u,1145568,100.00,,
     0.200343817,343,,branch-misses:u,1147360,100.00,,
     0.200343817,98,,cache-misses:u,1147264,100.00,,
     0.200343817,1522563,,bus-cycles:u,1147200,100.00,,
     0.200343817,9743112,,instructions:u,1147232,100.00,,
     0.201491747,342,,branch-misses:u,1147584,100.00,,
     0.201491747,31,,cache-misses:u,1147552,100.00,,
     0.201491747,1529217,,bus-cycles:u,1147584,100.00,,
     0.201491747,9788354,,instructions:u,1147616,100.00,,
     0.202637756,342,,branch-misses:u,1146048,100.00,,
     0.202637756,39,,cache-misses:u,1146240,100.00,,
     0.202637756,1526856,,bus-cycles:u,1146144,100.00,,
     0.202637756,9756191,,instructions:u,1146144,100.00,,
     0.203784822,343,,branch-misses:u,1147040,100.00,,
     0.203784822,92,,cache-misses:u,1146976,100.00,,
     0.203784822,1523818,,bus-cycles:u,1147104,100.00,,
     0.203784822,9760593,,instructions:u,1147040,100.00,,
     0.204931728,343,,branch-misses:u,1147040,100.00,,
     0.204931728,39,,cache-misses:u,1146944,100.00,,
     0.204931728,1527941,,bus-cycles:u,1147008,100.00,,
     0.204931728,9784549,,instructions:u,1147040,100.00,,
     0.206077834,342,,branch-misses:u,1145952,100.00,,
     0.206077834,32,,cache-misses:u,1146048,100.00,,
     0.206077834,1526738,,bus-cycles:u,1145984,100.00,,
     0.206077834,9774767,,instructions:u,1146016,100.00,,
     0.207224068,342,,branch-misses:u,1146432,100.00,,
     0.207224068,33,,cache-misses:u,1146496,100.00,,
     0.207224068,1527671,,bus-cycles:u,1146400,100.00,,
     0.207224068,9779535,,instructions:u,1146432,100.00,,
     0.208371517,344,,branch-misses:u,1147680,100.00,,
     0.208371517,97,,cache-misses:u,1147584,100.00,,
     0.208371517,1523187,,bus-cycles:u,1147712,100.00,,
     0.208371517,9738828,,instructions:u,1147680,100.00,,
     0.209519383,342,,branch-misses:u,1147456,100.00,,
     0.209519383,33,,cache-misses:u,1147520,100.00,,
     0.209519383,1528886,,bus-cycles:u,1147584,100.00,,
     0.209519383,9789132,,instructions:u,1147552,100.00,,
     0.210666097,344,,branch-misses:u,1146784,100.00,,
     0.210666097,30,,cache-misses:u,1146624,100.00,,
     0.210666097,1527805,,bus-cycles:u,1146560,100.00,,
     0.210666097,9782320,,instructions:u,1146560,100.00,,
     0.211813163,343,,branch-misses:u,1147424,100.00,,
     0.211813163,96,,cache-misses:u,1147552,100.00,,
     0.211813163,1523317,,bus-cycles:u,1147616,100.00,,
     0.211813163,9750964,,instructions:u,1147712,100.00,,
     0.212960645,343,,branch-misses:u,1147168,100.00,,
     0.212960645,43,,cache-misses:u,1146944,100.00,,
     0.212960645,1528225,,bus-cycles:u,1146848,100.00,,
     0.212960645,9799542,,instructions:u,1146720,100.00,,
     0.214118750,346,,branch-misses:u,1158240,100.00,,
     0.214118750,36,,cache-misses:u,1158464,100.00,,
     0.214118750,1543557,,bus-cycles:u,1158464,100.00,,
     0.214118750,9883273,,instructions:u,1158496,100.00,,
     0.215267064,343,,branch-misses:u,1148032,100.00,,
     0.215267064,42,,cache-misses:u,1148064,100.00,,
     0.215267064,1529160,,bus-cycles:u,1148128,100.00,,
     0.215267064,9795917,,instructions:u,1148192,100.00,,
     0.216415186,344,,branch-misses:u,1148544,100.00,,
     0.216415186,108,,cache-misses:u,1148544,100.00,,
     0.216415186,1523784,,bus-cycles:u,1148480,100.00,,
     0.216415186,9744276,,instructions:u,1148416,100.00,,
     0.217563244,344,,branch-misses:u,1147872,100.00,,
     0.217563244,32,,cache-misses:u,1147872,100.00,,
     0.217563244,1528989,,bus-cycles:u,1147936,100.00,,
     0.217563244,9794826,,instructions:u,1148000,100.00,,
     0.218709926,342,,branch-misses:u,1146624,100.00,,
     0.218709926,47,,cache-misses:u,1146592,100.00,,
     0.218709926,1527437,,bus-cycles:u,1146592,100.00,,
     0.218709926,9767885,,instructions:u,1146656,100.00,,
     0.219857696,342,,branch-misses:u,1148096,100.00,,
     0.219857696,103,,cache-misses:u,1148224,100.00,,
     0.219857696,1522891,,bus-cycles:u,1148128,100.00,,
     0.219857696,9745457,,instructions:u,1148000,100.00,,
     0.221004697,342,,branch-misses:u,1146592,100.00,,
     0.221004697,37,,cache-misses:u,1146432,100.00,,
     0.221004697,1527405,,bus-cycles:u,1146400,100.00,,
     0.221004697,9765689,,instructions:u,1146432,100.00,,
     0.222150099,344,,branch-misses:u,1145376,100.00,,
     0.222150099,27,,cache-misses:u,1145440,100.00,,
     0.222150099,1526353,,bus-cycles:u,1145536,100.00,,
     0.222150099,9780618,,instructions:u,1145536,100.00,,
     0.223296301,342,,branch-misses:u,1146176,100.00,,
     0.223296301,35,,cache-misses:u,1146240,100.00,,
     0.223296301,1527937,,bus-cycles:u,1146240,100.00,,
     0.223296301,9775921,,instructions:u,1146240,100.00,,
     0.224444903,343,,branch-misses:u,1149152,100.00,,
     0.224444903,107,,cache-misses:u,1149152,100.00,,
     0.224444903,1526044,,bus-cycles:u,1149088,100.00,,
     0.224444903,9751170,,instructions:u,1149088,100.00,,
     0.225593857,342,,branch-misses:u,1148480,100.00,,
     0.225593857,40,,cache-misses:u,1148512,100.00,,
     0.225593857,1528864,,bus-cycles:u,1148576,100.00,,
     0.225593857,9768768,,instructions:u,1148608,100.00,,
     0.226739866,342,,branch-misses:u,1146080,100.00,,
     0.226739866,33,,cache-misses:u,1145920,100.00,,
     0.226739866,1526574,,bus-cycles:u,1145856,100.00,,
     0.226739866,9755813,,instructions:u,1145760,100.00,,
     0.227886260,343,,branch-misses:u,1146528,100.00,,
     0.227886260,97,,cache-misses:u,1146688,100.00,,
     0.227886260,1521362,,bus-cycles:u,1146592,100.00,,
     0.227886260,9744217,,instructions:u,1146656,100.00,,
     0.229034126,343,,branch-misses:u,1147840,100.00,,
     0.229034126,35,,cache-misses:u,1147840,100.00,,
     0.229034126,1530365,,bus-cycles:u,1148032,100.00,,
     0.229034126,9797871,,instructions:u,1148000,100.00,,
     0.230181960,343,,branch-misses:u,1147776,100.00,,
     0.230181960,40,,cache-misses:u,1147808,100.00,,
     0.230181960,1529494,,bus-cycles:u,1147776,100.00,,
     0.230181960,9773551,,instructions:u,1147712,100.00,,
     0.231329122,340,,branch-misses:u,1147040,100.00,,
     0.231329122,34,,cache-misses:u,1146944,100.00,,
     0.231329122,1527853,,bus-cycles:u,1146944,100.00,,
     0.231329122,9755125,,instructions:u,1147040,100.00,,
     0.232477884,344,,branch-misses:u,1149088,100.00,,
     0.232477884,103,,cache-misses:u,1149088,100.00,,
     0.232477884,1526064,,bus-cycles:u,1149056,100.00,,
     0.232477884,9753468,,instructions:u,1149024,100.00,,
     0.233625205,345,,branch-misses:u,1147072,100.00,,
     0.233625205,33,,cache-misses:u,1147072,100.00,,
     0.233625205,1529388,,bus-cycles:u,1147040,100.00,,
     0.233625205,9787658,,instructions:u,1147072,100.00,,
     0.234783151,346,,branch-misses:u,1158144,100.00,,
     0.234783151,39,,cache-misses:u,1158336,100.00,,
     0.234783151,1544803,,bus-cycles:u,1158432,100.00,,
     0.234783151,9887695,,instructions:u,1158336,100.00,,
     0.235932969,345,,branch-misses:u,1150048,100.00,,
     0.235932969,111,,cache-misses:u,1149920,100.00,,
     0.235932969,1527362,,bus-cycles:u,1149952,100.00,,
     0.235932969,9780719,,instructions:u,1150016,100.00,,
     0.237082755,343,,branch-misses:u,1149408,100.00,,
     0.237082755,53,,cache-misses:u,1149248,100.00,,
     0.237082755,1532944,,bus-cycles:u,1149184,100.00,,
     0.237082755,9793553,,instructions:u,1149216,100.00,,
     0.238230941,344,,branch-misses:u,1148128,100.00,,
     0.238230941,31,,cache-misses:u,1148128,100.00,,
     0.238230941,1531074,,bus-cycles:u,1148128,100.00,,
     0.238230941,9809754,,instructions:u,1148128,100.00,,
     0.239379094,343,,branch-misses:u,1148128,100.00,,
     0.239379094,32,,cache-misses:u,1148224,100.00,,
     0.239379094,1531383,,bus-cycles:u,1148192,100.00,,
     0.239379094,9811517,,instructions:u,1148064,100.00,,
     0.240526800,343,,branch-misses:u,1147808,100.00,,
     0.240526800,105,,cache-misses:u,1147840,100.00,,
     0.240526800,1525160,,bus-cycles:u,1147808,100.00,,
     0.240526800,9756534,,instructions:u,1147968,100.00,,
     0.241675594,342,,branch-misses:u,1148864,100.00,,
     0.241675594,29,,cache-misses:u,1148832,100.00,,
     0.241675594,1531019,,bus-cycles:u,1148832,100.00,,
     0.241675594,9800485,,instructions:u,1148608,100.00,,
     0.242821892,343,,branch-misses:u,1146176,100.00,,
     0.242821892,35,,cache-misses:u,1146208,100.00,,
     0.242821892,1527481,,bus-cycles:u,1146080,100.00,,
     0.242821892,9779513,,instructions:u,1146272,100.00,,
     0.243969438,343,,branch-misses:u,1147584,100.00,,
     0.243969438,102,,cache-misses:u,1147520,100.00,,
     0.243969438,1524366,,bus-cycles:u,1147616,100.00,,
     0.243969438,9743412,,instructions:u,1147456,100.00,,
     0.245116791,342,,branch-misses:u,1147488,100.00,,
     0.245116791,33,,cache-misses:u,1147520,100.00,,
     0.245116791,1529502,,bus-cycles:u,1147648,100.00,,
     0.245116791,9775757,,instructions:u,1147712,100.00,,
     0.246262833,342,,branch-misses:u,1145824,100.00,,
     0.246262833,32,,cache-misses:u,1145888,100.00,,
     0.246262833,1527363,,bus-cycles:u,1145824,100.00,,
     0.246262833,9753001,,instructions:u,1145952,100.00,,
     0.247408683,342,,branch-misses:u,1145984,100.00,,
     0.247408683,27,,cache-misses:u,1145952,100.00,,
     0.247408683,1527045,,bus-cycles:u,1145824,100.00,,
     0.247408683,9759678,,instructions:u,1145664,100.00,,
     0.248556389,342,,branch-misses:u,1148032,100.00,,
     0.248556389,115,,cache-misses:u,1148000,100.00,,
     0.248556389,1522293,,bus-cycles:u,1148128,100.00,,
     0.248556389,9737539,,instructions:u,1148256,100.00,,
     0.249704511,344,,branch-misses:u,1147808,100.00,,
     0.249704511,32,,cache-misses:u,1147840,100.00,,
     0.249704511,1530226,,bus-cycles:u,1147872,100.00,,
     0.249704511,9802575,,instructions:u,1147744,100.00,,
     0.250850937,343,,branch-misses:u,1146400,100.00,,
     0.250850937,31,,cache-misses:u,1146400,100.00,,
     0.250850937,1527208,,bus-cycles:u,1146432,100.00,,
     0.250850937,9781792,,instructions:u,1146528,100.00,,
     0.251998898,342,,branch-misses:u,1148384,100.00,,
     0.251998898,110,,cache-misses:u,1148256,100.00,,
     0.251998898,1523781,,bus-cycles:u,1148160,100.00,,
     0.251998898,9745646,,instructions:u,1148256,100.00,,
     0.253147084,342,,branch-misses:u,1147648,100.00,,
     0.253147084,42,,cache-misses:u,1147680,100.00,,
     0.253147084,1529560,,bus-cycles:u,1147648,100.00,,
     0.253147084,9790776,,instructions:u,1147584,100.00,,
     0.254294182,344,,branch-misses:u,1147264,100.00,,
     0.254294182,29,,cache-misses:u,1147360,100.00,,
     0.254294182,1528757,,bus-cycles:u,1147520,100.00,,
     0.254294182,9792543,,instructions:u,1147328,100.00,,
     0.255440544,342,,branch-misses:u,1146336,100.00,,
     0.255440544,30,,cache-misses:u,1146208,100.00,,
     0.255440544,1527305,,bus-cycles:u,1146144,100.00,,
     0.255440544,9787717,,instructions:u,1146304,100.00,,
     0.256641113,356,,branch-misses:u,1200928,100.00,,
     0.256641113,121,,cache-misses:u,1201280,100.00,,
     0.256641113,1582986,,bus-cycles:u,1201280,100.00,,
     0.256641113,10115143,,instructions:u,1201312,100.00,,
     0.257793395,346,,branch-misses:u,1152064,100.00,,
     0.257793395,44,,cache-misses:u,1152000,100.00,,
     0.257793395,1534043,,bus-cycles:u,1151968,100.00,,
     0.257793395,9831945,,instructions:u,1151936,100.00,,
     0.258941837,344,,branch-misses:u,1148448,100.00,,
     0.258941837,32,,cache-misses:u,1148288,100.00,,
     0.258941837,1527066,,bus-cycles:u,1148288,100.00,,
     0.258941837,9773627,,instructions:u,1148224,100.00,,
     0.260090823,342,,branch-misses:u,1149408,100.00,,
     0.260090823,104,,cache-misses:u,1149408,100.00,,
     0.260090823,1524648,,bus-cycles:u,1149376,100.00,,
     0.260090823,9759856,,instructions:u,1149504,100.00,,
     0.261242913,342,,branch-misses:u,1151840,100.00,,
     0.261242913,33,,cache-misses:u,1151712,100.00,,
     0.261242913,1532954,,bus-cycles:u,1151648,100.00,,
     0.261242913,9781000,,instructions:u,1151584,100.00,,
     0.262391546,343,,branch-misses:u,1148320,100.00,,
     0.262391546,37,,cache-misses:u,1148448,100.00,,
     0.262391546,1530365,,bus-cycles:u,1148576,100.00,,
     0.262391546,9796104,,instructions:u,1148576,100.00,,
     0.263539092,344,,branch-misses:u,1147680,100.00,,
     0.263539092,29,,cache-misses:u,1147520,100.00,,
     0.263539092,1529815,,bus-cycles:u,1147552,100.00,,
     0.263539092,9796468,,instructions:u,1147616,100.00,,
     0.264697454,346,,branch-misses:u,1159136,100.00,,
     0.264697454,87,,cache-misses:u,1159008,100.00,,
     0.264697454,1538106,,bus-cycles:u,1158912,100.00,,
     0.264697454,9835437,,instructions:u,1158848,100.00,,
     0.265845544,343,,branch-misses:u,1147328,100.00,,
     0.265845544,34,,cache-misses:u,1147360,100.00,,
     0.265845544,1529476,,bus-cycles:u,1147360,100.00,,
     0.265845544,9780580,,instructions:u,1147392,100.00,,
     0.266992578,342,,branch-misses:u,1146912,100.00,,
     0.266992578,34,,cache-misses:u,1146976,100.00,,
     0.266992578,1528787,,bus-cycles:u,1147008,100.00,,
     0.266992578,9762284,,instructions:u,1146880,100.00,,
     0.268140379,344,,branch-misses:u,1148224,100.00,,
     0.268140379,104,,cache-misses:u,1148160,100.00,,
     0.268140379,1524970,,bus-cycles:u,1148096,100.00,,
     0.268140379,9765815,,instructions:u,1148096,100.00,,
     0.269288469,344,,branch-misses:u,1147648,100.00,,
     0.269288469,33,,cache-misses:u,1147776,100.00,,
     0.269288469,1530216,,bus-cycles:u,1147840,100.00,,
     0.269288469,9796027,,instructions:u,1147936,100.00,,
     0.270435631,342,,branch-misses:u,1147264,100.00,,
     0.270435631,30,,cache-misses:u,1147232,100.00,,
     0.270435631,1529377,,bus-cycles:u,1147232,100.00,,
     0.270435631,9770915,,instructions:u,1147232,100.00,,
     0.271582249,344,,branch-misses:u,1146560,100.00,,
     0.271582249,35,,cache-misses:u,1146688,100.00,,
     0.271582249,1528614,,bus-cycles:u,1146688,100.00,,
     0.271582249,9785088,,instructions:u,1146784,100.00,,
     0.272749027,348,,branch-misses:u,1167168,100.00,,
     0.272749027,81,,cache-misses:u,1166976,100.00,,
     0.272749027,1552276,,bus-cycles:u,1167040,100.00,,
     0.272749027,9916266,,instructions:u,1166976,100.00,,
     0.273896700,343,,branch-misses:u,1147328,100.00,,
     0.273896700,34,,cache-misses:u,1147456,100.00,,
     0.273896700,1529214,,bus-cycles:u,1147392,100.00,,
     0.273896700,9790318,,instructions:u,1147200,100.00,,
     0.275044118,345,,branch-misses:u,1147456,100.00,,
     0.275044118,31,,cache-misses:u,1147424,100.00,,
     0.275044118,1529643,,bus-cycles:u,1147392,100.00,,
     0.275044118,9795281,,instructions:u,1147552,100.00,,
     0.276193008,341,,branch-misses:u,1149248,100.00,,
     0.276193008,124,,cache-misses:u,1149312,100.00,,
     0.276193008,1517663,,bus-cycles:u,1149408,100.00,,
     0.276193008,9697866,,instructions:u,1149440,100.00,,
     0.277354186,345,,branch-misses:u,1161088,100.00,,
     0.277354186,38,,cache-misses:u,1161312,100.00,,
     0.277354186,1547952,,bus-cycles:u,1161248,100.00,,
     0.277354186,9893723,,instructions:u,1161152,100.00,,
     0.278502244,343,,branch-misses:u,1147776,100.00,,
     0.278502244,36,,cache-misses:u,1147552,100.00,,
     0.278502244,1529118,,bus-cycles:u,1147552,100.00,,
     0.278502244,9767993,,instructions:u,1147520,100.00,,
     0.279649245,343,,branch-misses:u,1147296,100.00,,
     0.279649245,40,,cache-misses:u,1147264,100.00,,
     0.279649245,1525136,,bus-cycles:u,1147296,100.00,,
     0.279649245,9760117,,instructions:u,1147296,100.00,,
     0.280796791,343,,branch-misses:u,1147424,100.00,,
     0.280796791,74,,cache-misses:u,1147392,100.00,,
     0.280796791,1529790,,bus-cycles:u,1147424,100.00,,
     0.280796791,9777350,,instructions:u,1147520,100.00,,
     0.281943633,341,,branch-misses:u,1146656,100.00,,
     0.281943633,32,,cache-misses:u,1146656,100.00,,
     0.281943633,1529565,,bus-cycles:u,1146592,100.00,,
     0.281943633,9776076,,instructions:u,1146592,100.00,,
     0.283091979,343,,branch-misses:u,1148288,100.00,,
     0.283091979,38,,cache-misses:u,1148192,100.00,,
     0.283091979,1531070,,bus-cycles:u,1148128,100.00,,
     0.283091979,9790266,,instructions:u,1148192,100.00,,
     0.284239557,343,,branch-misses:u,1148128,100.00,,
     0.284239557,115,,cache-misses:u,1148224,100.00,,
     0.284239557,1525279,,bus-cycles:u,1148288,100.00,,
     0.284239557,9768156,,instructions:u,1148352,100.00,,
     0.285388767,345,,branch-misses:u,1148864,100.00,,
     0.285388767,32,,cache-misses:u,1148768,100.00,,
     0.285388767,1531157,,bus-cycles:u,1148672,100.00,,
     0.285388767,9807509,,instructions:u,1148480,100.00,,
     0.286534968,342,,branch-misses:u,1146048,100.00,,
     0.286534968,33,,cache-misses:u,1146208,100.00,,
     0.286534968,1527850,,bus-cycles:u,1146336,100.00,,
     0.286534968,9779530,,instructions:u,1146432,100.00,,
     0.287682834,343,,branch-misses:u,1148192,100.00,,
     0.287682834,75,,cache-misses:u,1148224,100.00,,
     0.287682834,1525227,,bus-cycles:u,1148224,100.00,,
     0.287682834,9758627,,instructions:u,1148224,100.00,,
     0.288831372,344,,branch-misses:u,1148352,100.00,,
     0.288831372,57,,cache-misses:u,1148288,100.00,,
     0.288831372,1530995,,bus-cycles:u,1148224,100.00,,
     0.288831372,9804440,,instructions:u,1148256,100.00,,
     0.289978822,343,,branch-misses:u,1147392,100.00,,
     0.289978822,33,,cache-misses:u,1147296,100.00,,
     0.289978822,1530649,,bus-cycles:u,1147392,100.00,,
     0.289978822,9801298,,instructions:u,1147328,100.00,,
     0.291126144,344,,branch-misses:u,1147296,100.00,,
     0.291126144,28,,cache-misses:u,1147360,100.00,,
     0.291126144,1529195,,bus-cycles:u,1147200,100.00,,
     0.291126144,9789849,,instructions:u,1147200,100.00,,
     0.292274297,342,,branch-misses:u,1148512,100.00,,
     0.292274297,102,,cache-misses:u,1148384,100.00,,
     0.292274297,1524983,,bus-cycles:u,1148384,100.00,,
     0.292274297,9740915,,instructions:u,1148416,100.00,,
     0.293423187,343,,branch-misses:u,1148832,100.00,,
     0.293423187,35,,cache-misses:u,1148992,100.00,,
     0.293423187,1532109,,bus-cycles:u,1149152,100.00,,
     0.293423187,9789056,,instructions:u,1149120,100.00,,
     0.294570413,342,,branch-misses:u,1146976,100.00,,
     0.294570413,32,,cache-misses:u,1146784,100.00,,
     0.294570413,1528919,,bus-cycles:u,1146688,100.00,,
     0.294570413,9771120,,instructions:u,1146560,100.00,,
     0.295718279,344,,branch-misses:u,1148128,100.00,,
     0.295718279,66,,cache-misses:u,1148160,100.00,,
     0.295718279,1525947,,bus-cycles:u,1148096,100.00,,
     0.295718279,9745293,,instructions:u,1148224,100.00,,
     0.296865985,344,,branch-misses:u,1147392,100.00,,
     0.296865985,62,,cache-misses:u,1147552,100.00,,
     0.296865985,1530435,,bus-cycles:u,1147712,100.00,,
     0.296865985,9779467,,instructions:u,1147616,100.00,,
     0.298013147,342,,branch-misses:u,1147264,100.00,,
     0.298013147,29,,cache-misses:u,1147104,100.00,,
     0.298013147,1529564,,bus-cycles:u,1146944,100.00,,
     0.298013147,9761011,,instructions:u,1147104,100.00,,
     0.299169524,345,,branch-misses:u,1156608,100.00,,
     0.299169524,33,,cache-misses:u,1157056,100.00,,
     0.299169524,1542339,,bus-cycles:u,1157152,100.00,,
     0.299169524,9848599,,instructions:u,1157088,100.00,,
     0.300319662,343,,branch-misses:u,1150304,100.00,,
     0.300319662,112,,cache-misses:u,1150112,100.00,,
     0.300319662,1527288,,bus-cycles:u,1150080,100.00,,
     0.300319662,9750482,,instructions:u,1150080,100.00,,
     0.301468136,343,,branch-misses:u,1148128,100.00,,
     0.301468136,32,,cache-misses:u,1147968,100.00,,
     0.301468136,1530428,,bus-cycles:u,1148000,100.00,,
     0.301468136,9787913,,instructions:u,1148000,100.00,,
     0.302615714,342,,branch-misses:u,1147520,100.00,,
     0.302615714,30,,cache-misses:u,1147520,100.00,,
     0.302615714,1529746,,bus-cycles:u,1147392,100.00,,
     0.302615714,9761933,,instructions:u,1147488,100.00,,
     0.303763420,342,,branch-misses:u,1148000,100.00,,
     0.303763420,74,,cache-misses:u,1148000,100.00,,
     0.303763420,1523799,,bus-cycles:u,1148096,100.00,,
     0.303763420,9731581,,instructions:u,1148000,100.00,,
     0.304911893,343,,branch-misses:u,1148416,100.00,,
     0.304911893,45,,cache-misses:u,1148576,100.00,,
     0.304911893,1530955,,bus-cycles:u,1148672,100.00,,
     0.304911893,9792459,,instructions:u,1148640,100.00,,
     0.306062351,344,,branch-misses:u,1150304,100.00,,
     0.306062351,47,,cache-misses:u,1150176,100.00,,
     0.306062351,1532640,,bus-cycles:u,1150080,100.00,,
     0.306062351,9810203,,instructions:u,1150080,100.00,,
     0.307210473,344,,branch-misses:u,1148096,100.00,,
     0.307210473,34,,cache-misses:u,1148128,100.00,,
     0.307210473,1530529,,bus-cycles:u,1148160,100.00,,
     0.307210473,9799275,,instructions:u,1148192,100.00,,
     0.308358723,340,,branch-misses:u,1148576,100.00,,
     0.308358723,107,,cache-misses:u,1148640,100.00,,
     0.308358723,1516709,,bus-cycles:u,1148608,100.00,,
     0.308358723,9682828,,instructions:u,1148640,100.00,,
     0.309507741,344,,branch-misses:u,1148768,100.00,,
     0.309507741,35,,cache-misses:u,1148544,100.00,,
     0.309507741,1530601,,bus-cycles:u,1148576,100.00,,
     0.309507741,9796493,,instructions:u,1148448,100.00,,
     0.310655510,343,,branch-misses:u,1147840,100.00,,
     0.310655510,31,,cache-misses:u,1147904,100.00,,
     0.310655510,1529612,,bus-cycles:u,1147936,100.00,,
     0.310655510,9791636,,instructions:u,1147904,100.00,,
     0.311804016,341,,branch-misses:u,1148512,100.00,,
     0.311804016,95,,cache-misses:u,1148704,100.00,,
     0.311804016,1523950,,bus-cycles:u,1148640,100.00,,
     0.311804016,9761681,,instructions:u,1148800,100.00,,
     0.312952330,344,,branch-misses:u,1148128,100.00,,
     0.312952330,38,,cache-misses:u,1148000,100.00,,
     0.312952330,1529305,,bus-cycles:u,1148000,100.00,,
     0.312952330,9786992,,instructions:u,1147968,100.00,,
     0.314098852,341,,branch-misses:u,1146656,100.00,,
     0.314098852,30,,cache-misses:u,1146592,100.00,,
     0.314098852,1528029,,bus-cycles:u,1146624,100.00,,
     0.314098852,9763218,,instructions:u,1146656,100.00,,
     0.315246142,342,,branch-misses:u,1147200,100.00,,
     0.315246142,31,,cache-misses:u,1147264,100.00,,
     0.315246142,1528373,,bus-cycles:u,1147296,100.00,,
     0.315246142,9744124,,instructions:u,1147328,100.00,,
     0.316394360,342,,branch-misses:u,1148416,100.00,,
     0.316394360,91,,cache-misses:u,1148512,100.00,,
     0.316394360,1525308,,bus-cycles:u,1148480,100.00,,
     0.316394360,9745861,,instructions:u,1148448,100.00,,
     0.317542961,342,,branch-misses:u,1148480,100.00,,
     0.317542961,29,,cache-misses:u,1148320,100.00,,
     0.317542961,1530082,,bus-cycles:u,1148320,100.00,,
     0.317542961,9791607,,instructions:u,1148320,100.00,,
     0.318689771,343,,branch-misses:u,1146784,100.00,,
     0.318689771,30,,cache-misses:u,1146784,100.00,,
     0.318689771,1527844,,bus-cycles:u,1146720,100.00,,
     0.318689771,9774102,,instructions:u,1146560,100.00,,
     0.319848837,346,,branch-misses:u,1159264,100.00,,
     0.319848837,101,,cache-misses:u,1159392,100.00,,
     0.319848837,1540620,,bus-cycles:u,1159456,100.00,,
     0.319848837,9860673,,instructions:u,1159584,100.00,,
     0.320998687,342,,branch-misses:u,1149728,100.00,,
     0.320998687,37,,cache-misses:u,1149472,100.00,,
     0.320998687,1532511,,bus-cycles:u,1149504,100.00,,
     0.320998687,9764137,,instructions:u,1149504,100.00,,
     0.322145529,342,,branch-misses:u,1146880,100.00,,
     0.322145529,35,,cache-misses:u,1147072,100.00,,
     0.322145529,1529044,,bus-cycles:u,1146976,100.00,,
     0.322145529,9779719,,instructions:u,1146944,100.00,,
     0.323292946,345,,branch-misses:u,1147360,100.00,,
     0.323292946,33,,cache-misses:u,1147296,100.00,,
     0.323292946,1529352,,bus-cycles:u,1147232,100.00,,
     0.323292946,9788818,,instructions:u,1147072,100.00,,
     0.324441132,343,,branch-misses:u,1148160,100.00,,
     0.324441132,94,,cache-misses:u,1148192,100.00,,
     0.324441132,1525977,,bus-cycles:u,1148384,100.00,,
     0.324441132,9755504,,instructions:u,1148640,100.00,,
     0.325588774,342,,branch-misses:u,1147616,100.00,,
     0.325588774,33,,cache-misses:u,1147584,100.00,,
     0.325588774,1529998,,bus-cycles:u,1147552,100.00,,
     0.325588774,9791977,,instructions:u,1147520,100.00,,
     0.326735296,342,,branch-misses:u,1146560,100.00,,
     0.326735296,38,,cache-misses:u,1146592,100.00,,
     0.326735296,1528758,,bus-cycles:u,1146592,100.00,,
     0.326735296,9776012,,instructions:u,1146592,100.00,,
     0.327882682,341,,branch-misses:u,1147456,100.00,,
     0.327882682,113,,cache-misses:u,1147552,100.00,,
     0.327882682,1522653,,bus-cycles:u,1147424,100.00,,
     0.327882682,9739478,,instructions:u,1147424,100.00,,
     0.329030003,345,,branch-misses:u,1147232,100.00,,
     0.329030003,32,,cache-misses:u,1147168,100.00,,
     0.329030003,1529032,,bus-cycles:u,1147296,100.00,,
     0.329030003,9772516,,instructions:u,1147232,100.00,,
     0.330177357,342,,branch-misses:u,1147296,100.00,,
     0.330177357,27,,cache-misses:u,1147360,100.00,,
     0.330177357,1529930,,bus-cycles:u,1147232,100.00,,
     0.330177357,9768059,,instructions:u,1147168,100.00,,
     0.331323207,343,,branch-misses:u,1145952,100.00,,
     0.331323207,32,,cache-misses:u,1145888,100.00,,
     0.331323207,1527790,,bus-cycles:u,1145824,100.00,,
     0.331323207,9780634,,instructions:u,1145856,100.00,,
     0.332469697,341,,branch-misses:u,1146496,100.00,,
     0.332469697,93,,cache-misses:u,1146496,100.00,,
     0.332469697,1522903,,bus-cycles:u,1146560,100.00,,
     0.332469697,9716232,,instructions:u,1146560,100.00,,
     0.333617787,344,,branch-misses:u,1148064,100.00,,
     0.333617787,45,,cache-misses:u,1148096,100.00,,
     0.333617787,1531120,,bus-cycles:u,1148160,100.00,,
     0.333617787,9785302,,instructions:u,1148256,100.00,,
     0.334764757,343,,branch-misses:u,1147008,100.00,,
     0.334764757,30,,cache-misses:u,1147072,100.00,,
     0.334764757,1529622,,bus-cycles:u,1147168,100.00,,
     0.334764757,9798427,,instructions:u,1147168,100.00,,
     0.335913870,343,,branch-misses:u,1149536,100.00,,
     0.335913870,101,,cache-misses:u,1149408,100.00,,
     0.335913870,1525865,,bus-cycles:u,1149280,100.00,,
     0.335913870,9769337,,instructions:u,1149248,100.00,,
     0.337061896,343,,branch-misses:u,1147680,100.00,,
     0.337061896,33,,cache-misses:u,1147712,100.00,,
     0.337061896,1530332,,bus-cycles:u,1147680,100.00,,
     0.337061896,9791394,,instructions:u,1147616,100.00,,
     0.338210082,342,,branch-misses:u,1148128,100.00,,
     0.338210082,34,,cache-misses:u,1148192,100.00,,
     0.338210082,1531358,,bus-cycles:u,1148128,100.00,,
     0.338210082,9804181,,instructions:u,1148256,100.00,,
     0.339357468,344,,branch-misses:u,1147488,100.00,,
     0.339357468,32,,cache-misses:u,1147488,100.00,,
     0.339357468,1529823,,bus-cycles:u,1147648,100.00,,
     0.339357468,9797368,,instructions:u,1147584,100.00,,
     0.340518006,347,,branch-misses:u,1161056,100.00,,
     0.340518006,99,,cache-misses:u,1161120,100.00,,
     0.340518006,1541428,,bus-cycles:u,1161120,100.00,,
     0.340518006,9856445,,instructions:u,1161024,100.00,,
     0.341667919,344,,branch-misses:u,1149344,100.00,,
     0.341667919,32,,cache-misses:u,1149248,100.00,,
     0.341667919,1531317,,bus-cycles:u,1149120,100.00,,
     0.341667919,9809660,,instructions:u,1149088,100.00,,
     0.342815913,343,,branch-misses:u,1147968,100.00,,
     0.342815913,40,,cache-misses:u,1148064,100.00,,
     0.342815913,1530574,,bus-cycles:u,1148256,100.00,,
     0.342815913,9787488,,instructions:u,1148384,100.00,,
     0.343964099,343,,branch-misses:u,1148224,100.00,,
     0.343964099,121,,cache-misses:u,1148064,100.00,,
     0.343964099,1526315,,bus-cycles:u,1147968,100.00,,
     0.343964099,9766352,,instructions:u,1148032,100.00,,
     0.345112765,345,,branch-misses:u,1148672,100.00,,
     0.345112765,35,,cache-misses:u,1148832,100.00,,
     0.345112765,1532301,,bus-cycles:u,1148832,100.00,,
     0.345112765,9808240,,instructions:u,1148864,100.00,,
     0.346260247,343,,branch-misses:u,1147552,100.00,,
     0.346260247,30,,cache-misses:u,1147552,100.00,,
     0.346260247,1530360,,bus-cycles:u,1147648,100.00,,
     0.346260247,9795484,,instructions:u,1147552,100.00,,
     0.347407600,343,,branch-misses:u,1147392,100.00,,
     0.347407600,36,,cache-misses:u,1147392,100.00,,
     0.347407600,1529692,,bus-cycles:u,1147296,100.00,,
     0.347407600,9794476,,instructions:u,1147328,100.00,,
     0.348556554,343,,branch-misses:u,1148832,100.00,,
     0.348556554,105,,cache-misses:u,1148768,100.00,,
     0.348556554,1526269,,bus-cycles:u,1148736,100.00,,
     0.348556554,9758986,,instructions:u,1148640,100.00,,
     0.349703940,343,,branch-misses:u,1147296,100.00,,
     0.349703940,33,,cache-misses:u,1147328,100.00,,
     0.349703940,1529251,,bus-cycles:u,1147360,100.00,,
     0.349703940,9792812,,instructions:u,1147424,100.00,,
     0.350849854,343,,branch-misses:u,1145856,100.00,,
     0.350849854,31,,cache-misses:u,1145760,100.00,,
     0.350849854,1527143,,bus-cycles:u,1145632,100.00,,
     0.350849854,9769522,,instructions:u,1145504,100.00,,
     0.351995288,342,,branch-misses:u,1145632,100.00,,
     0.351995288,100,,cache-misses:u,1145792,100.00,,
     0.351995288,1522262,,bus-cycles:u,1145952,100.00,,
     0.351995288,9742530,,instructions:u,1146112,100.00,,
     0.353144402,342,,branch-misses:u,1149120,100.00,,
     0.353144402,37,,cache-misses:u,1148928,100.00,,
     0.353144402,1530881,,bus-cycles:u,1148832,100.00,,
     0.353144402,9786069,,instructions:u,1148832,100.00,,
     0.354290827,342,,branch-misses:u,1146240,100.00,,
     0.354290827,31,,cache-misses:u,1146304,100.00,,
     0.354290827,1527620,,bus-cycles:u,1146336,100.00,,
     0.354290827,9762113,,instructions:u,1146304,100.00,,
     0.355436933,342,,branch-misses:u,1146272,100.00,,
     0.355436933,32,,cache-misses:u,1146272,100.00,,
     0.355436933,1527568,,bus-cycles:u,1146304,100.00,,
     0.355436933,9754027,,instructions:u,1146240,100.00,,
     0.356584191,344,,branch-misses:u,1147840,100.00,,
     0.356584191,106,,cache-misses:u,1148160,100.00,,
     0.356584191,1524586,,bus-cycles:u,1148192,100.00,,
     0.356584191,9759761,,instructions:u,1148320,100.00,,
     0.357738617,344,,branch-misses:u,1154016,100.00,,
     0.357738617,36,,cache-misses:u,1153728,100.00,,
     0.357738617,1537213,,bus-cycles:u,1153664,100.00,,
     0.357738617,9825569,,instructions:u,1153696,100.00,,
     0.358886035,342,,branch-misses:u,1147200,100.00,,
     0.358886035,36,,cache-misses:u,1147040,100.00,,
     0.358886035,1529082,,bus-cycles:u,1147040,100.00,,
     0.358886035,9771866,,instructions:u,1146912,100.00,,
     0.360034892,343,,branch-misses:u,1148896,100.00,,
     0.360034892,92,,cache-misses:u,1148960,100.00,,
     0.360034892,1526807,,bus-cycles:u,1148992,100.00,,
     0.360034892,9760528,,instructions:u,1148992,100.00,,
     0.361183206,344,,branch-misses:u,1148480,100.00,,
     0.361183206,33,,cache-misses:u,1148608,100.00,,
     0.361183206,1531134,,bus-cycles:u,1148576,100.00,,
     0.361183206,9805775,,instructions:u,1148640,100.00,,
     0.362343392,347,,branch-misses:u,1160192,100.00,,
     0.362343392,33,,cache-misses:u,1160192,100.00,,
     0.362343392,1546849,,bus-cycles:u,1160288,100.00,,
     0.362343392,9899114,,instructions:u,1160224,100.00,,
     0.363491546,343,,branch-misses:u,1148064,100.00,,
     0.363491546,45,,cache-misses:u,1148064,100.00,,
     0.363491546,1530428,,bus-cycles:u,1148160,100.00,,
     0.363491546,9783316,,instructions:u,1148096,100.00,,
     0.364639220,342,,branch-misses:u,1147680,100.00,,
     0.364639220,95,,cache-misses:u,1147808,100.00,,
     0.364639220,1525089,,bus-cycles:u,1147616,100.00,,
     0.364639220,9756397,,instructions:u,1147776,100.00,,
     0.365787885,344,,branch-misses:u,1148672,100.00,,
     0.365787885,31,,cache-misses:u,1148672,100.00,,
     0.365787885,1531654,,bus-cycles:u,1148736,100.00,,
     0.365787885,9803192,,instructions:u,1148672,100.00,,
     0.366935399,344,,branch-misses:u,1147520,100.00,,
     0.366935399,32,,cache-misses:u,1147360,100.00,,
     0.366935399,1529982,,bus-cycles:u,1147424,100.00,,
     0.366935399,9797729,,instructions:u,1147424,100.00,,
     0.368084961,344,,branch-misses:u,1149600,100.00,,
     0.368084961,106,,cache-misses:u,1149568,100.00,,
     0.368084961,1528662,,bus-cycles:u,1149472,100.00,,
     0.368084961,9779261,,instructions:u,1149504,100.00,,
     0.369233307,342,,branch-misses:u,1148320,100.00,,
     0.369233307,42,,cache-misses:u,1148416,100.00,,
     0.369233307,1531653,,bus-cycles:u,1148320,100.00,,
     0.369233307,9787340,,instructions:u,1148352,100.00,,
     0.370382325,344,,branch-misses:u,1149088,100.00,,
     0.370382325,36,,cache-misses:u,1148896,100.00,,
     0.370382325,1532726,,bus-cycles:u,1148960,100.00,,
     0.370382325,9811377,,instructions:u,1148768,100.00,,
     0.371529711,344,,branch-misses:u,1147296,100.00,,
     0.371529711,37,,cache-misses:u,1147232,100.00,,
     0.371529711,1530247,,bus-cycles:u,1147328,100.00,,
     0.371529711,9798100,,instructions:u,1147488,100.00,,
     0.372688424,346,,branch-misses:u,1159296,100.00,,
     0.372688424,111,,cache-misses:u,1159296,100.00,,
     0.372688424,1537365,,bus-cycles:u,1159360,100.00,,
     0.372688424,9837953,,instructions:u,1159328,100.00,,
     0.373836130,343,,branch-misses:u,1147136,100.00,,
     0.373836130,35,,cache-misses:u,1147328,100.00,,
     0.373836130,1529728,,bus-cycles:u,1147232,100.00,,
     0.373836130,9789000,,instructions:u,1147104,100.00,,
     0.374982716,342,,branch-misses:u,1146432,100.00,,
     0.374982716,31,,cache-misses:u,1146368,100.00,,
     0.374982716,1528462,,bus-cycles:u,1146368,100.00,,
     0.374982716,9775563,,instructions:u,1146432,100.00,,
     0.376129238,343,,branch-misses:u,1147072,100.00,,
     0.376129238,109,,cache-misses:u,1147040,100.00,,
     0.376129238,1521446,,bus-cycles:u,1147008,100.00,,
     0.376129238,9745849,,instructions:u,1147136,100.00,,
     0.377277520,344,,branch-misses:u,1147936,100.00,,
     0.377277520,30,,cache-misses:u,1147936,100.00,,
     0.377277520,1531015,,bus-cycles:u,1147936,100.00,,
     0.377277520,9806731,,instructions:u,1147776,100.00,,
     0.378424553,343,,branch-misses:u,1147104,100.00,,
     0.378424553,29,,cache-misses:u,1146976,100.00,,
     0.378424553,1529403,,bus-cycles:u,1146944,100.00,,
     0.378424553,9794910,,instructions:u,1147104,100.00,,
     0.379571395,343,,branch-misses:u,1146720,100.00,,
     0.379571395,32,,cache-misses:u,1147008,100.00,,
     0.379571395,1529056,,bus-cycles:u,1147040,100.00,,
     0.379571395,9782987,,instructions:u,1146912,100.00,,
     0.380729533,345,,branch-misses:u,1158528,100.00,,
     0.380729533,86,,cache-misses:u,1158336,100.00,,
     0.380729533,1538982,,bus-cycles:u,1158368,100.00,,
     0.380729533,9831375,,instructions:u,1158464,100.00,,
     0.381877079,344,,branch-misses:u,1147136,100.00,,
     0.381877079,36,,cache-misses:u,1147232,100.00,,
     0.381877079,1529126,,bus-cycles:u,1147168,100.00,,
     0.381877079,9790753,,instructions:u,1147040,100.00,,
     0.383037201,346,,branch-misses:u,1160384,100.00,,
     0.383037201,31,,cache-misses:u,1160416,100.00,,
     0.383037201,1546341,,bus-cycles:u,1160480,100.00,,
     0.383037201,9889356,,instructions:u,1160576,100.00,,
     0.384187178,343,,branch-misses:u,1150304,100.00,,
     0.384187178,104,,cache-misses:u,1150176,100.00,,
     0.384187178,1527315,,bus-cycles:u,1150112,100.00,,
     0.384187178,9765904,,instructions:u,1150176,100.00,,
     0.385335652,344,,branch-misses:u,1148000,100.00,,
     0.385335652,35,,cache-misses:u,1148160,100.00,,
     0.385335652,1530693,,bus-cycles:u,1148224,100.00,,
     0.385335652,9802395,,instructions:u,1148160,100.00,,
     0.386482494,342,,branch-misses:u,1146944,100.00,,
     0.386482494,33,,cache-misses:u,1146848,100.00,,
     0.386482494,1528522,,bus-cycles:u,1146720,100.00,,
     0.386482494,9781916,,instructions:u,1146816,100.00,,
     0.387629400,342,,branch-misses:u,1146848,100.00,,
     0.387629400,37,,cache-misses:u,1146848,100.00,,
     0.387629400,1522375,,bus-cycles:u,1146944,100.00,,
     0.387629400,9728847,,instructions:u,1146880,100.00,,
     0.388778642,342,,branch-misses:u,1149216,100.00,,
     0.388778642,76,,cache-misses:u,1149184,100.00,,
     0.388778642,1532335,,bus-cycles:u,1149184,100.00,,
     0.388778642,9794819,,instructions:u,1149184,100.00,,
     0.389926027,343,,branch-misses:u,1147328,100.00,,
     0.389926027,36,,cache-misses:u,1147296,100.00,,
     0.389926027,1530437,,bus-cycles:u,1147328,100.00,,
     0.389926027,9779823,,instructions:u,1147296,100.00,,
     0.391073477,342,,branch-misses:u,1147392,100.00,,
     0.391073477,34,,cache-misses:u,1147584,100.00,,
     0.391073477,1529964,,bus-cycles:u,1147424,100.00,,
     0.391073477,9775052,,instructions:u,1147424,100.00,,
     0.392220287,343,,branch-misses:u,1147200,100.00,,
     0.392220287,101,,cache-misses:u,1147040,100.00,,
     0.392220287,1524341,,bus-cycles:u,1147168,100.00,,
     0.392220287,9745076,,instructions:u,1147200,100.00,,
     0.393368409,344,,branch-misses:u,1147936,100.00,,
     0.393368409,30,,cache-misses:u,1148064,100.00,,
     0.393368409,1531726,,bus-cycles:u,1148160,100.00,,
     0.393368409,9808808,,instructions:u,1148032,100.00,,
     0.394515219,343,,branch-misses:u,1146752,100.00,,
     0.394515219,32,,cache-misses:u,1146720,100.00,,
     0.394515219,1529711,,bus-cycles:u,1146688,100.00,,
     0.394515219,9796495,,instructions:u,1146848,100.00,,
     0.395664620,343,,branch-misses:u,1149856,100.00,,
     0.395664620,63,,cache-misses:u,1149920,100.00,,
     0.395664620,1527484,,bus-cycles:u,1149728,100.00,,
     0.395664620,9760067,,instructions:u,1149760,100.00,,
     0.396813190,343,,branch-misses:u,1148032,100.00,,
     0.396813190,70,,cache-misses:u,1148000,100.00,,
     0.396813190,1531424,,bus-cycles:u,1148192,100.00,,
     0.396813190,9793577,,instructions:u,1148160,100.00,,
     0.397959936,344,,branch-misses:u,1146784,100.00,,
     0.397959936,33,,cache-misses:u,1146592,100.00,,
     0.397959936,1528497,,bus-cycles:u,1146528,100.00,,
     0.397959936,9788312,,instructions:u,1146496,100.00,,
     0.399106522,343,,branch-misses:u,1146752,100.00,,
     0.399106522,34,,cache-misses:u,1146784,100.00,,
     0.399106522,1528837,,bus-cycles:u,1146656,100.00,,
     0.399106522,9774739,,instructions:u,1146656,100.00,,
     0.400253972,340,,branch-misses:u,1147264,100.00,,
     0.400253972,102,,cache-misses:u,1147424,100.00,,
     0.400253972,1523954,,bus-cycles:u,1147616,100.00,,
     0.400253972,9711085,,instructions:u,1147648,100.00,,
     0.401402414,343,,branch-misses:u,1148608,100.00,,
     0.401402414,35,,cache-misses:u,1148544,100.00,,
     0.401402414,1531890,,bus-cycles:u,1148512,100.00,,
     0.401402414,9789778,,instructions:u,1148512,100.00,,
     0.402549319,343,,branch-misses:u,1146912,100.00,,
     0.402549319,40,,cache-misses:u,1146880,100.00,,
     0.402549319,1528915,,bus-cycles:u,1146848,100.00,,
     0.402549319,9789567,,instructions:u,1146752,100.00,,
     0.403697025,344,,branch-misses:u,1147648,100.00,,
     0.403697025,46,,cache-misses:u,1147744,100.00,,
     0.403697025,1525576,,bus-cycles:u,1147840,100.00,,
     0.403697025,9777899,,instructions:u,1147840,100.00,,
     0.404859163,347,,branch-misses:u,1162272,100.00,,
     0.404859163,66,,cache-misses:u,1162496,100.00,,
     0.404859163,1549825,,bus-cycles:u,1162464,100.00,,
     0.404859163,9911887,,instructions:u,1162464,100.00,,
     0.406007701,342,,branch-misses:u,1148512,100.00,,
     0.406007701,29,,cache-misses:u,1148288,100.00,,
     0.406007701,1530823,,bus-cycles:u,1148288,100.00,,
     0.406007701,9769816,,instructions:u,1148384,100.00,,
     0.407154895,345,,branch-misses:u,1147040,100.00,,
     0.407154895,29,,cache-misses:u,1147040,100.00,,
     0.407154895,1528710,,bus-cycles:u,1146912,100.00,,
     0.407154895,9799089,,instructions:u,1146912,100.00,,
     0.408303912,342,,branch-misses:u,1149056,100.00,,
     0.408303912,88,,cache-misses:u,1149056,100.00,,
     0.408303912,1526506,,bus-cycles:u,1149152,100.00,,
     0.408303912,9748094,,instructions:u,1149088,100.00,,
     0.409451714,344,,branch-misses:u,1147808,100.00,,
     0.409451714,32,,cache-misses:u,1147744,100.00,,
     0.409451714,1530777,,bus-cycles:u,1147808,100.00,,
     0.409451714,9783599,,instructions:u,1147840,100.00,,
     0.410598716,343,,branch-misses:u,1147136,100.00,,
     0.410598716,34,,cache-misses:u,1147232,100.00,,
     0.410598716,1529238,,bus-cycles:u,1147168,100.00,,
     0.410598716,9786775,,instructions:u,1147040,100.00,,
     0.411746998,343,,branch-misses:u,1148224,100.00,,
     0.411746998,93,,cache-misses:u,1148256,100.00,,
     0.411746998,1525442,,bus-cycles:u,1148096,100.00,,
     0.411746998,9758637,,instructions:u,1148256,100.00,,
     0.412895216,343,,branch-misses:u,1148256,100.00,,
     0.412895216,47,,cache-misses:u,1148544,100.00,,
     0.412895216,1531383,,bus-cycles:u,1148704,100.00,,
     0.412895216,9798015,,instructions:u,1148704,100.00,,
     0.414044361,345,,branch-misses:u,1149120,100.00,,
     0.414044361,32,,cache-misses:u,1148768,100.00,,
     0.414044361,1531587,,bus-cycles:u,1148672,100.00,,
     0.414044361,9806404,,instructions:u,1148576,100.00,,
     0.415191171,344,,branch-misses:u,1146816,100.00,,
     0.415191171,32,,cache-misses:u,1146816,100.00,,
     0.415191171,1529289,,bus-cycles:u,1146976,100.00,,
     0.415191171,9786087,,instructions:u,1147040,100.00,,
     0.416338717,340,,branch-misses:u,1147840,100.00,,
     0.416338717,100,,cache-misses:u,1147840,100.00,,
     0.416338717,1524040,,bus-cycles:u,1147808,100.00,,
     0.416338717,9749558,,instructions:u,1147712,100.00,,
     0.417486711,344,,branch-misses:u,1147744,100.00,,
     0.417486711,40,,cache-misses:u,1147712,100.00,,
     0.417486711,1530483,,bus-cycles:u,1147712,100.00,,
     0.417486711,9798696,,instructions:u,1147648,100.00,,
     0.418633489,342,,branch-misses:u,1146624,100.00,,
     0.418633489,35,,cache-misses:u,1146720,100.00,,
     0.418633489,1528824,,bus-cycles:u,1146656,100.00,,
     0.418633489,9785185,,instructions:u,1146816,100.00,,
     0.419781899,346,,branch-misses:u,1148864,100.00,,
     0.419781899,82,,cache-misses:u,1148864,100.00,,
     0.419781899,1526483,,bus-cycles:u,1148864,100.00,,
     0.419781899,9774112,,instructions:u,1148832,100.00,,
     0.420930852,342,,branch-misses:u,1148576,100.00,,
     0.420930852,61,,cache-misses:u,1148544,100.00,,
     0.420930852,1531012,,bus-cycles:u,1148448,100.00,,
     0.420930852,9785272,,instructions:u,1148448,100.00,,
     0.422078430,343,,branch-misses:u,1147680,100.00,,
     0.422078430,36,,cache-misses:u,1147552,100.00,,
     0.422078430,1529263,,bus-cycles:u,1147680,100.00,,
     0.422078430,9781505,,instructions:u,1147584,100.00,,
     0.423225976,343,,branch-misses:u,1147424,100.00,,
     0.423225976,30,,cache-misses:u,1147424,100.00,,
     0.423225976,1529407,,bus-cycles:u,1147360,100.00,,
     0.423225976,9795798,,instructions:u,1147456,100.00,,
     0.424374194,343,,branch-misses:u,1148320,100.00,,
     0.424374194,97,,cache-misses:u,1148288,100.00,,
     0.424374194,1525431,,bus-cycles:u,1148256,100.00,,
     0.424374194,9756912,,instructions:u,1148192,100.00,,
     0.425534124,347,,branch-misses:u,1160096,100.00,,
     0.425534124,32,,cache-misses:u,1160448,100.00,,
     0.425534124,1547138,,bus-cycles:u,1160544,100.00,,
     0.425534124,9893237,,instructions:u,1160608,100.00,,
     0.426682917,344,,branch-misses:u,1148672,100.00,,
     0.426682917,36,,cache-misses:u,1148448,100.00,,
     0.426682917,1530953,,bus-cycles:u,1148544,100.00,,
     0.426682917,9799013,,instructions:u,1148480,100.00,,
     0.427830911,342,,branch-misses:u,1148256,100.00,,
     0.427830911,105,,cache-misses:u,1148192,100.00,,
     0.427830911,1524638,,bus-cycles:u,1148064,100.00,,
     0.427830911,9756466,,instructions:u,1148192,100.00,,
     0.428979033,343,,branch-misses:u,1147744,100.00,,
     0.428979033,50,,cache-misses:u,1147744,100.00,,
     0.428979033,1529797,,bus-cycles:u,1147840,100.00,,
     0.428979033,9774115,,instructions:u,1147808,100.00,,
     0.430126835,345,,branch-misses:u,1147712,100.00,,
     0.430126835,37,,cache-misses:u,1147680,100.00,,
     0.430126835,1529512,,bus-cycles:u,1147648,100.00,,
     0.430126835,9792290,,instructions:u,1147648,100.00,,
     0.431273261,343,,branch-misses:u,1146656,100.00,,
     0.431273261,35,,cache-misses:u,1146560,100.00,,
     0.431273261,1527542,,bus-cycles:u,1146528,100.00,,
     0.431273261,9778116,,instructions:u,1146496,100.00,,
     0.432421958,342,,branch-misses:u,1148896,100.00,,
     0.432421958,98,,cache-misses:u,1149056,100.00,,
     0.432421958,1526056,,bus-cycles:u,1149088,100.00,,
     0.432421958,9742629,,instructions:u,1149120,100.00,,
     0.433569984,343,,branch-misses:u,1147808,100.00,,
     0.433569984,38,,cache-misses:u,1147776,100.00,,
     0.433569984,1529779,,bus-cycles:u,1147552,100.00,,
     0.433569984,9777363,,instructions:u,1147584,100.00,,
     0.434716314,342,,branch-misses:u,1146272,100.00,,
     0.434716314,32,,cache-misses:u,1146176,100.00,,
     0.434716314,1528862,,bus-cycles:u,1146432,100.00,,
     0.434716314,9765031,,instructions:u,1146368,100.00,,
     0.435863572,344,,branch-misses:u,1147328,100.00,,
     0.435863572,95,,cache-misses:u,1147520,100.00,,
     0.435863572,1523153,,bus-cycles:u,1147488,100.00,,
     0.435863572,9735263,,instructions:u,1147520,100.00,,
     0.437011886,344,,branch-misses:u,1148192,100.00,,
     0.437011886,38,,cache-misses:u,1148192,100.00,,
     0.437011886,1530989,,bus-cycles:u,1148160,100.00,,
     0.437011886,9802455,,instructions:u,1148128,100.00,,
     0.438158376,343,,branch-misses:u,1146560,100.00,,
     0.438158376,51,,cache-misses:u,1146496,100.00,,
     0.438158376,1528731,,bus-cycles:u,1146528,100.00,,
     0.438158376,9777935,,instructions:u,1146464,100.00,,
     0.439305985,343,,branch-misses:u,1147648,100.00,,
     0.439305985,35,,cache-misses:u,1147712,100.00,,
     0.439305985,1529826,,bus-cycles:u,1147744,100.00,,
     0.439305985,9786083,,instructions:u,1147776,100.00,,
     0.440453595,342,,branch-misses:u,1148000,100.00,,
     0.440453595,99,,cache-misses:u,1148000,100.00,,
     0.440453595,1523655,,bus-cycles:u,1147968,100.00,,
     0.440453595,9755615,,instructions:u,1148000,100.00,,
     0.441601973,344,,branch-misses:u,1148128,100.00,,
     0.441601973,36,,cache-misses:u,1148064,100.00,,
     0.441601973,1530565,,bus-cycles:u,1148064,100.00,,
     0.441601973,9786861,,instructions:u,1148064,100.00,,
     0.442749615,343,,branch-misses:u,1147488,100.00,,
     0.442749615,34,,cache-misses:u,1147552,100.00,,
     0.442749615,1529830,,bus-cycles:u,1147552,100.00,,
     0.442749615,9788966,,instructions:u,1147616,100.00,,
     0.443898281,343,,branch-misses:u,1148960,100.00,,
     0.443898281,107,,cache-misses:u,1148928,100.00,,
     0.443898281,1525587,,bus-cycles:u,1148864,100.00,,
     0.443898281,9759850,,instructions:u,1148800,100.00,,
     0.445047042,342,,branch-misses:u,1148544,100.00,,
     0.445047042,37,,cache-misses:u,1148544,100.00,,
     0.445047042,1531140,,bus-cycles:u,1148640,100.00,,
     0.445047042,9779688,,instructions:u,1148672,100.00,,
     0.446194108,343,,branch-misses:u,1146976,100.00,,
     0.446194108,33,,cache-misses:u,1146880,100.00,,
     0.446194108,1529263,,bus-cycles:u,1146656,100.00,,
     0.446194108,9785684,,instructions:u,1146656,100.00,,
     0.447351606,347,,branch-misses:u,1157792,100.00,,
     0.447351606,33,,cache-misses:u,1158144,100.00,,
     0.447351606,1544756,,bus-cycles:u,1158272,100.00,,
     0.447351606,9891329,,instructions:u,1158176,100.00,,
     0.448501392,343,,branch-misses:u,1149888,100.00,,
     0.448501392,97,,cache-misses:u,1149536,100.00,,
     0.448501392,1526870,,bus-cycles:u,1149568,100.00,,
     0.448501392,9757728,,instructions:u,1149728,100.00,,
     0.449650282,343,,branch-misses:u,1148640,100.00,,
     0.449650282,39,,cache-misses:u,1148736,100.00,,
     0.449650282,1531439,,bus-cycles:u,1148768,100.00,,
     0.449650282,9802288,,instructions:u,1148704,100.00,,
     0.450798083,343,,branch-misses:u,1147712,100.00,,
     0.450798083,35,,cache-misses:u,1147584,100.00,,
     0.450798083,1529254,,bus-cycles:u,1147552,100.00,,
     0.450798083,9790373,,instructions:u,1147456,100.00,,
     0.451946077,344,,branch-misses:u,1148128,100.00,,
     0.451946077,98,,cache-misses:u,1148224,100.00,,
     0.451946077,1526530,,bus-cycles:u,1148256,100.00,,
     0.451946077,9763615,,instructions:u,1148320,100.00,,
     0.453094295,343,,branch-misses:u,1148096,100.00,,
     0.453094295,39,,cache-misses:u,1148064,100.00,,
     0.453094295,1529482,,bus-cycles:u,1147968,100.00,,
     0.453094295,9790508,,instructions:u,1147968,100.00,,
     0.454241361,342,,branch-misses:u,1147232,100.00,,
     0.454241361,35,,cache-misses:u,1147264,100.00,,
     0.454241361,1528105,,bus-cycles:u,1147264,100.00,,
     0.454241361,9765350,,instructions:u,1147264,100.00,,
     0.455389547,342,,branch-misses:u,1148064,100.00,,
     0.455389547,31,,cache-misses:u,1148064,100.00,,
     0.455389547,1529620,,bus-cycles:u,1148192,100.00,,
     0.455389547,9789399,,instructions:u,1148224,100.00,,
     0.456537957,341,,branch-misses:u,1148416,100.00,,
     0.456537957,91,,cache-misses:u,1148352,100.00,,
     0.456537957,1524706,,bus-cycles:u,1148224,100.00,,
     0.456537957,9741845,,instructions:u,1148160,100.00,,
     0.457686014,344,,branch-misses:u,1148032,100.00,,
     0.457686014,36,,cache-misses:u,1147968,100.00,,
     0.457686014,1529521,,bus-cycles:u,1148032,100.00,,
     0.457686014,9781906,,instructions:u,1148096,100.00,,
     0.458833432,343,,branch-misses:u,1147488,100.00,,
     0.458833432,28,,cache-misses:u,1147488,100.00,,
     0.458833432,1528805,,bus-cycles:u,1147456,100.00,,
     0.458833432,9762249,,instructions:u,1147360,100.00,,
     0.459981554,340,,branch-misses:u,1148096,100.00,,
     0.459981554,95,,cache-misses:u,1148128,100.00,,
     0.459981554,1524382,,bus-cycles:u,1148256,100.00,,
     0.459981554,9728489,,instructions:u,1148320,100.00,,
     0.461130252,343,,branch-misses:u,1148704,100.00,,
     0.461130252,38,,cache-misses:u,1148768,100.00,,
     0.461130252,1529992,,bus-cycles:u,1148672,100.00,,
     0.461130252,9776472,,instructions:u,1148672,100.00,,
     0.462277734,342,,branch-misses:u,1147328,100.00,,
     0.462277734,27,,cache-misses:u,1147296,100.00,,
     0.462277734,1528773,,bus-cycles:u,1147168,100.00,,
     0.462277734,9755343,,instructions:u,1147168,100.00,,
     0.463424575,343,,branch-misses:u,1147104,100.00,,
     0.463424575,33,,cache-misses:u,1147008,100.00,,
     0.463424575,1529070,,bus-cycles:u,1147104,100.00,,
     0.463424575,9785160,,instructions:u,1147136,100.00,,
     0.464572697,343,,branch-misses:u,1148064,100.00,,
     0.464572697,99,,cache-misses:u,1148064,100.00,,
     0.464572697,1525107,,bus-cycles:u,1148096,100.00,,
     0.464572697,9755887,,instructions:u,1148096,100.00,,
     0.465721491,343,,branch-misses:u,1148800,100.00,,
     0.465721491,39,,cache-misses:u,1148832,100.00,,
     0.465721491,1531498,,bus-cycles:u,1148960,100.00,,
     0.465721491,9806048,,instructions:u,1148896,100.00,,
     0.466867917,343,,branch-misses:u,1146336,100.00,,
     0.466867917,31,,cache-misses:u,1146304,100.00,,
     0.466867917,1528573,,bus-cycles:u,1146240,100.00,,
     0.466867917,9786963,,instructions:u,1146304,100.00,,
     0.468026951,348,,branch-misses:u,1159328,100.00,,
     0.468026951,103,,cache-misses:u,1159520,100.00,,
     0.468026951,1540916,,bus-cycles:u,1159424,100.00,,
     0.468026951,9864877,,instructions:u,1159360,100.00,,
     0.469177856,343,,branch-misses:u,1150688,100.00,,
     0.469177856,33,,cache-misses:u,1150592,100.00,,
     0.469177856,1533995,,bus-cycles:u,1150624,100.00,,
     0.469177856,9806867,,instructions:u,1150688,100.00,,
     0.470325818,343,,branch-misses:u,1147936,100.00,,
     0.470325818,28,,cache-misses:u,1147936,100.00,,
     0.470325818,1530307,,bus-cycles:u,1147872,100.00,,
     0.470325818,9787076,,instructions:u,1147872,100.00,,
     0.471473652,344,,branch-misses:u,1147840,100.00,,
     0.471473652,30,,cache-misses:u,1147840,100.00,,
     0.471473652,1530587,,bus-cycles:u,1147936,100.00,,
     0.471473652,9778281,,instructions:u,1147968,100.00,,
     0.472621262,342,,branch-misses:u,1147712,100.00,,
     0.472621262,82,,cache-misses:u,1147744,100.00,,
     0.472621262,1523580,,bus-cycles:u,1147744,100.00,,
     0.472621262,9738569,,instructions:u,1147648,100.00,,
     0.473770280,344,,branch-misses:u,1149024,100.00,,
     0.473770280,33,,cache-misses:u,1149024,100.00,,
     0.473770280,1531020,,bus-cycles:u,1148960,100.00,,
     0.473770280,9788356,,instructions:u,1149024,100.00,,
     0.474917890,342,,branch-misses:u,1147584,100.00,,
     0.474917890,31,,cache-misses:u,1147712,100.00,,
     0.474917890,1530583,,bus-cycles:u,1147680,100.00,,
     0.474917890,9765461,,instructions:u,1147744,100.00,,
     0.476066395,343,,branch-misses:u,1148448,100.00,,
     0.476066395,102,,cache-misses:u,1148288,100.00,,
     0.476066395,1526048,,bus-cycles:u,1148256,100.00,,
     0.476066395,9764008,,instructions:u,1148160,100.00,,
     0.477214549,343,,branch-misses:u,1148320,100.00,,
     0.477214549,35,,cache-misses:u,1148384,100.00,,
     0.477214549,1530390,,bus-cycles:u,1148544,100.00,,
     0.477214549,9796389,,instructions:u,1148576,100.00,,
     0.478363407,343,,branch-misses:u,1148768,100.00,,
     0.478363407,31,,cache-misses:u,1148736,100.00,,
     0.478363407,1531431,,bus-cycles:u,1148544,100.00,,
     0.478363407,9806738,,instructions:u,1148544,100.00,,
     0.479511977,346,,branch-misses:u,1148512,100.00,,
     0.479511977,30,,cache-misses:u,1148512,100.00,,
     0.479511977,1531374,,bus-cycles:u,1148640,100.00,,
     0.479511977,9800337,,instructions:u,1148544,100.00,,
     0.480661219,342,,branch-misses:u,1149632,100.00,,
     0.480661219,95,,cache-misses:u,1149696,100.00,,
     0.480661219,1526630,,bus-cycles:u,1149664,100.00,,
     0.480661219,9753839,,instructions:u,1149792,100.00,,
     0.481811580,343,,branch-misses:u,1149952,100.00,,
     0.481811580,49,,cache-misses:u,1149888,100.00,,
     0.481811580,1532557,,bus-cycles:u,1149920,100.00,,
     0.481811580,9793690,,instructions:u,1149888,100.00,,
     0.482958806,343,,branch-misses:u,1147232,100.00,,
     0.482958806,41,,cache-misses:u,1147136,100.00,,
     0.482958806,1529533,,bus-cycles:u,1147168,100.00,,
     0.482958806,9792946,,instructions:u,1147168,100.00,,
     0.484107152,343,,branch-misses:u,1148512,100.00,,
     0.484107152,97,,cache-misses:u,1148416,100.00,,
     0.484107152,1523902,,bus-cycles:u,1148256,100.00,,
     0.484107152,9737504,,instructions:u,1148288,100.00,,
     0.485255498,343,,branch-misses:u,1148192,100.00,,
     0.485255498,36,,cache-misses:u,1148416,100.00,,
     0.485255498,1530363,,bus-cycles:u,1148416,100.00,,
     0.485255498,9781845,,instructions:u,1148384,100.00,,
     0.486403396,343,,branch-misses:u,1148032,100.00,,
     0.486403396,33,,cache-misses:u,1147840,100.00,,
     0.486403396,1530898,,bus-cycles:u,1147936,100.00,,
     0.486403396,9781680,,instructions:u,1147808,100.00,,
     0.487550782,344,,branch-misses:u,1147264,100.00,,
     0.487550782,35,,cache-misses:u,1147552,100.00,,
     0.487550782,1530146,,bus-cycles:u,1147584,100.00,,
     0.487550782,9796215,,instructions:u,1147616,100.00,,
     0.488709751,346,,branch-misses:u,1159072,100.00,,
     0.488709751,81,,cache-misses:u,1159072,100.00,,
     0.488709751,1539466,,bus-cycles:u,1159040,100.00,,
     0.488709751,9848337,,instructions:u,1159040,100.00,,
     0.489868529,346,,branch-misses:u,1158912,100.00,,
     0.489868529,34,,cache-misses:u,1159104,100.00,,
     0.489868529,1545141,,bus-cycles:u,1159104,100.00,,
     0.489868529,9873953,,instructions:u,1159136,100.00,,
     0.491016907,342,,branch-misses:u,1148128,100.00,,
     0.491016907,32,,cache-misses:u,1147776,100.00,,
     0.491016907,1530092,,bus-cycles:u,1147808,100.00,,
     0.491016907,9756242,,instructions:u,1147904,100.00,,
     0.492165029,343,,branch-misses:u,1148544,100.00,,
     0.492165029,107,,cache-misses:u,1148544,100.00,,
     0.492165029,1527502,,bus-cycles:u,1148544,100.00,,
     0.492165029,9765519,,instructions:u,1148544,100.00,,
     0.493313246,344,,branch-misses:u,1147872,100.00,,
     0.493313246,37,,cache-misses:u,1147936,100.00,,
     0.493313246,1531042,,bus-cycles:u,1147936,100.00,,
     0.493313246,9809758,,instructions:u,1147904,100.00,,
     0.494460280,344,,branch-misses:u,1147104,100.00,,
     0.494460280,33,,cache-misses:u,1147136,100.00,,
     0.494460280,1529768,,bus-cycles:u,1147168,100.00,,
     0.494460280,9798607,,instructions:u,1147136,100.00,,
     0.495608114,343,,branch-misses:u,1147712,100.00,,
     0.495608114,37,,cache-misses:u,1147584,100.00,,
     0.495608114,1530006,,bus-cycles:u,1153536,100.00,,
     0.495608114,9801671,,instructions:u,1153568,100.00,,
     0.496766252,344,,branch-misses:u,1158336,100.00,,
     0.496766252,115,,cache-misses:u,1158592,100.00,,
     0.496766252,1535906,,bus-cycles:u,1152576,100.00,,
     0.496766252,9815751,,instructions:u,1152416,100.00,,
     0.497914182,344,,branch-misses:u,1147776,100.00,,
     0.497914182,37,,cache-misses:u,1147808,100.00,,
     0.497914182,1530093,,bus-cycles:u,1147872,100.00,,
     0.497914182,9803244,,instructions:u,1148032,100.00,,
     0.499061471,342,,branch-misses:u,1147296,100.00,,
     0.499061471,33,,cache-misses:u,1147104,100.00,,
     0.499061471,1529784,,bus-cycles:u,1146976,100.00,,
     0.499061471,9783982,,instructions:u,1146944,100.00,,
     0.500209977,344,,branch-misses:u,1148832,100.00,,
     0.500209977,106,,cache-misses:u,1148992,100.00,,
     0.500209977,1525835,,bus-cycles:u,1149088,100.00,,
     0.500209977,9764145,,instructions:u,1149088,100.00,,
     0.501359923,344,,branch-misses:u,1149664,100.00,,
     0.501359923,36,,cache-misses:u,1149664,100.00,,
     0.501359923,1531772,,bus-cycles:u,1149664,100.00,,
     0.501359923,9802993,,instructions:u,1149664,100.00,,
     0.502508045,343,,branch-misses:u,1148160,100.00,,
     0.502508045,32,,cache-misses:u,1148032,100.00,,
     0.502508045,1530109,,bus-cycles:u,1148000,100.00,,
     0.502508045,9789253,,instructions:u,1148000,100.00,,
     0.503655879,342,,branch-misses:u,1148128,100.00,,
     0.503655879,56,,cache-misses:u,1148192,100.00,,
     0.503655879,1525248,,bus-cycles:u,1148224,100.00,,
     0.503655879,9753606,,instructions:u,1148192,100.00,,
     0.504804417,344,,branch-misses:u,1148256,100.00,,
     0.504804417,71,,cache-misses:u,1148320,100.00,,
     0.504804417,1530902,,bus-cycles:u,1148320,100.00,,
     0.504804417,9786884,,instructions:u,1148384,100.00,,
     0.505951834,342,,branch-misses:u,1147232,100.00,,
     0.505951834,34,,cache-misses:u,1147104,100.00,,
     0.505951834,1529146,,bus-cycles:u,1147136,100.00,,
     0.505951834,9751299,,instructions:u,1147136,100.00,,
     0.507099028,343,,branch-misses:u,1147360,100.00,,
     0.507099028,34,,cache-misses:u,1147136,100.00,,
     0.507099028,1528745,,bus-cycles:u,1147008,100.00,,
     0.507099028,9769780,,instructions:u,1147008,100.00,,
     0.508247022,343,,branch-misses:u,1148032,100.00,,
     0.508247022,118,,cache-misses:u,1148096,100.00,,
     0.508247022,1521926,,bus-cycles:u,1148160,100.00,,
     0.508247022,9736368,,instructions:u,1148192,100.00,,
     0.509394696,342,,branch-misses:u,1147648,100.00,,
     0.509394696,39,,cache-misses:u,1147808,100.00,,
     0.509394696,1529712,,bus-cycles:u,1147936,100.00,,
     0.509394696,9778343,,instructions:u,1147904,100.00,,
     0.510555170,348,,branch-misses:u,1160736,100.00,,
     0.510555170,34,,cache-misses:u,1160928,100.00,,
     0.510555170,1547329,,bus-cycles:u,1160736,100.00,,
     0.510555170,9905282,,instructions:u,1160608,100.00,,
     0.511704219,344,,branch-misses:u,1148928,100.00,,
     0.511704219,59,,cache-misses:u,1148672,100.00,,
     0.511704219,1526810,,bus-cycles:u,1148832,100.00,,
     0.511704219,9772481,,instructions:u,1148960,100.00,,
     0.512853205,341,,branch-misses:u,1148896,100.00,,
     0.512853205,60,,cache-misses:u,1149024,100.00,,
     0.512853205,1532304,,bus-cycles:u,1148864,100.00,,
     0.512853205,9788760,,instructions:u,1148864,100.00,,
     0.514001039,343,,branch-misses:u,1147840,100.00,,
     0.514001039,34,,cache-misses:u,1147872,100.00,,
     0.514001039,1531163,,bus-cycles:u,1147936,100.00,,
     0.514001039,9800575,,instructions:u,1147904,100.00,,
     0.515147785,343,,branch-misses:u,1146656,100.00,,
     0.515147785,29,,cache-misses:u,1146560,100.00,,
     0.515147785,1528658,,bus-cycles:u,1146560,100.00,,
     0.515147785,9776971,,instructions:u,1146464,100.00,,
     0.516295811,344,,branch-misses:u,1148192,100.00,,
     0.516295811,96,,cache-misses:u,1148224,100.00,,
     0.516295811,1526189,,bus-cycles:u,1148096,100.00,,
     0.516295811,9761995,,instructions:u,1148064,100.00,,
     0.517443132,343,,branch-misses:u,1147296,100.00,,
     0.517443132,35,,cache-misses:u,1147104,100.00,,
     0.517443132,1529761,,bus-cycles:u,1147296,100.00,,
     0.517443132,9796762,,instructions:u,1147392,100.00,,
     0.518589878,344,,branch-misses:u,1146624,100.00,,
     0.518589878,35,,cache-misses:u,1146656,100.00,,
     0.518589878,1528289,,bus-cycles:u,1146560,100.00,,
     0.518589878,9779030,,instructions:u,1146464,100.00,,
     0.519736912,342,,branch-misses:u,1147168,100.00,,
     0.519736912,94,,cache-misses:u,1147104,100.00,,
     0.519736912,1523187,,bus-cycles:u,1147136,100.00,,
     0.519736912,9741416,,instructions:u,1147296,100.00,,
     0.520884970,343,,branch-misses:u,1148032,100.00,,
     0.520884970,52,,cache-misses:u,1148128,100.00,,
     0.520884970,1530710,,bus-cycles:u,1148160,100.00,,
     0.520884970,9793768,,instructions:u,1148160,100.00,,
     0.522031492,344,,branch-misses:u,1146560,100.00,,
     0.522031492,34,,cache-misses:u,1146592,100.00,,
     0.522031492,1528923,,bus-cycles:u,1146560,100.00,,
     0.522031492,9789422,,instructions:u,1146464,100.00,,
     0.523178686,343,,branch-misses:u,1147200,100.00,,
     0.523178686,37,,cache-misses:u,1147232,100.00,,
     0.523178686,1529056,,bus-cycles:u,1147360,100.00,,
     0.523178686,9786678,,instructions:u,1147456,100.00,,
     0.524325879,341,,branch-misses:u,1147200,100.00,,
     0.524325879,100,,cache-misses:u,1147136,100.00,,
     0.524325879,1524295,,bus-cycles:u,1147072,100.00,,
     0.524325879,9740391,,instructions:u,1147072,100.00,,
     0.525474769,344,,branch-misses:u,1148832,100.00,,
     0.525474769,37,,cache-misses:u,1148800,100.00,,
     0.525474769,1531293,,bus-cycles:u,1148640,100.00,,
     0.525474769,9805364,,instructions:u,1148512,100.00,,
     0.526622059,343,,branch-misses:u,1147328,100.00,,
     0.526622059,34,,cache-misses:u,1147424,100.00,,
     0.526622059,1530003,,bus-cycles:u,1147616,100.00,,
     0.526622059,9786091,,instructions:u,1147680,100.00,,
     0.527770629,342,,branch-misses:u,1148544,100.00,,
     0.527770629,78,,cache-misses:u,1148544,100.00,,
     0.527770629,1526383,,bus-cycles:u,1148480,100.00,,
     0.527770629,9730821,,instructions:u,1148448,100.00,,
     0.528918271,344,,branch-misses:u,1147744,100.00,,
     0.528918271,49,,cache-misses:u,1148000,100.00,,
     0.528918271,1530105,,bus-cycles:u,1148064,100.00,,
     0.528918271,9776743,,instructions:u,1148032,100.00,,
     0.530066776,343,,branch-misses:u,1148448,100.00,,
     0.530066776,38,,cache-misses:u,1148192,100.00,,
     0.530066776,1530382,,bus-cycles:u,1148192,100.00,,
     0.530066776,9802117,,instructions:u,1148288,100.00,,
     0.531227506,347,,branch-misses:u,1160960,100.00,,
     0.531227506,54,,cache-misses:u,1161184,100.00,,
     0.531227506,1548438,,bus-cycles:u,1161120,100.00,,
     0.531227506,9911591,,instructions:u,1161024,100.00,,
     0.532376716,344,,branch-misses:u,1149408,100.00,,
     0.532376716,102,,cache-misses:u,1149216,100.00,,
     0.532376716,1525354,,bus-cycles:u,1149280,100.00,,
     0.532376716,9747544,,instructions:u,1149376,100.00,,
     0.533526054,344,,branch-misses:u,1149024,100.00,,
     0.533526054,33,,cache-misses:u,1149152,100.00,,
     0.533526054,1532198,,bus-cycles:u,1149120,100.00,,
     0.533526054,9803550,,instructions:u,1149120,100.00,,
     0.534673152,342,,branch-misses:u,1146976,100.00,,
     0.534673152,30,,cache-misses:u,1146624,100.00,,
     0.534673152,1528417,,bus-cycles:u,1146528,100.00,,
     0.534673152,9768978,,instructions:u,1146560,100.00,,
     0.535820697,343,,branch-misses:u,1147680,100.00,,
     0.535820697,101,,cache-misses:u,1147744,100.00,,
     0.535820697,1525124,,bus-cycles:u,1147840,100.00,,
     0.535820697,9742132,,instructions:u,1147808,100.00,,
     0.536968947,347,,branch-misses:u,1148192,100.00,,
     0.536968947,34,,cache-misses:u,1148544,100.00,,
     0.536968947,1531163,,bus-cycles:u,1148544,100.00,,
     0.536968947,9814000,,instructions:u,1148608,100.00,,
     0.538116237,342,,branch-misses:u,1147264,100.00,,
     0.538116237,36,,cache-misses:u,1147072,100.00,,
     0.538116237,1529185,,bus-cycles:u,1147072,100.00,,
     0.538116237,9775571,,instructions:u,1147040,100.00,,
     0.539263591,342,,branch-misses:u,1147360,100.00,,
     0.539263591,34,,cache-misses:u,1147296,100.00,,
     0.539263591,1528921,,bus-cycles:u,1147200,100.00,,
     0.539263591,9754829,,instructions:u,1147264,100.00,,
     0.540412673,342,,branch-misses:u,1149440,100.00,,
     0.540412673,102,,cache-misses:u,1149472,100.00,,
     0.540412673,1526244,,bus-cycles:u,1149536,100.00,,
     0.540412673,9754452,,instructions:u,1149504,100.00,,
     0.541561947,343,,branch-misses:u,1148928,100.00,,
     0.541561947,36,,cache-misses:u,1148928,100.00,,
     0.541561947,1531906,,bus-cycles:u,1148928,100.00,,
     0.541561947,9784990,,instructions:u,1148832,100.00,,
     0.542709108,344,,branch-misses:u,1147232,100.00,,
     0.542709108,34,,cache-misses:u,1147136,100.00,,
     0.542709108,1528798,,bus-cycles:u,1146976,100.00,,
     0.542709108,9793370,,instructions:u,1147008,100.00,,
     0.543856046,342,,branch-misses:u,1146880,100.00,,
     0.543856046,97,,cache-misses:u,1146784,100.00,,
     0.543856046,1523355,,bus-cycles:u,1146912,100.00,,
     0.543856046,9755439,,instructions:u,1146880,100.00,,
     0.545003880,343,,branch-misses:u,1147808,100.00,,
     0.545003880,34,,cache-misses:u,1147840,100.00,,
     0.545003880,1530083,,bus-cycles:u,1147936,100.00,,
     0.545003880,9788872,,instructions:u,1147936,100.00,,
     0.546150562,343,,branch-misses:u,1146688,100.00,,
     0.546150562,40,,cache-misses:u,1146816,100.00,,
     0.546150562,1528427,,bus-cycles:u,1146720,100.00,,
     0.546150562,9793568,,instructions:u,1146784,100.00,,
     0.547297308,343,,branch-misses:u,1146816,100.00,,
     0.547297308,50,,cache-misses:u,1146848,100.00,,
     0.547297308,1528499,,bus-cycles:u,1146848,100.00,,
     0.547297308,9780117,,instructions:u,1146848,100.00,,
     0.548445781,344,,branch-misses:u,1148736,100.00,,
     0.548445781,99,,cache-misses:u,1148672,100.00,,
     0.548445781,1526076,,bus-cycles:u,1148576,100.00,,
     0.548445781,9756121,,instructions:u,1148640,100.00,,
     0.549594159,344,,branch-misses:u,1148064,100.00,,
     0.549594159,34,,cache-misses:u,1148192,100.00,,
     0.549594159,1530130,,bus-cycles:u,1148320,100.00,,
     0.549594159,9794294,,instructions:u,1148224,100.00,,
     0.550742313,342,,branch-misses:u,1148000,100.00,,
     0.550742313,40,,cache-misses:u,1147936,100.00,,
     0.550742313,1529984,,bus-cycles:u,1147968,100.00,,
     0.550742313,9780245,,instructions:u,1148000,100.00,,
     0.551891299,343,,branch-misses:u,1149184,100.00,,
     0.551891299,96,,cache-misses:u,1148992,100.00,,
     0.551891299,1526099,,bus-cycles:u,1148992,100.00,,
     0.551891299,9748784,,instructions:u,1149024,100.00,,
     0.553050813,346,,branch-misses:u,1159680,100.00,,
     0.553050813,32,,cache-misses:u,1160096,100.00,,
     0.553050813,1545715,,bus-cycles:u,1160032,100.00,,
     0.553050813,9896445,,instructions:u,1159968,100.00,,
     0.554200310,345,,branch-misses:u,1149344,100.00,,
     0.554200310,34,,cache-misses:u,1149056,100.00,,
     0.554200310,1531396,,bus-cycles:u,1148992,100.00,,
     0.554200310,9806582,,instructions:u,1149024,100.00,,
     0.555347600,343,,branch-misses:u,1147232,100.00,,
     0.555347600,34,,cache-misses:u,1147296,100.00,,
     0.555347600,1528834,,bus-cycles:u,1147424,100.00,,
     0.555347600,9787076,,instructions:u,1147392,100.00,,
     0.556497002,342,,branch-misses:u,1149536,100.00,,
     0.556497002,108,,cache-misses:u,1149440,100.00,,
     0.556497002,1525991,,bus-cycles:u,1149376,100.00,,
     0.556497002,9743513,,instructions:u,1149376,100.00,,
     0.557644964,343,,branch-misses:u,1147904,100.00,,
     0.557644964,43,,cache-misses:u,1147904,100.00,,
     0.557644964,1530349,,bus-cycles:u,1147872,100.00,,
     0.557644964,9792585,,instructions:u,1147904,100.00,,
     0.558792446,344,,branch-misses:u,1147488,100.00,,
     0.558792446,31,,cache-misses:u,1147520,100.00,,
     0.558792446,1529623,,bus-cycles:u,1147648,100.00,,
     0.558792446,9795298,,instructions:u,1147616,100.00,,
     0.559939992,342,,branch-misses:u,1147840,100.00,,
     0.559939992,99,,cache-misses:u,1147872,100.00,,
     0.559939992,1524616,,bus-cycles:u,1147872,100.00,,
     0.559939992,9747611,,instructions:u,1147904,100.00,,
     0.561089137,344,,branch-misses:u,1148960,100.00,,
     0.561089137,34,,cache-misses:u,1148928,100.00,,
     0.561089137,1531487,,bus-cycles:u,1148928,100.00,,
     0.561089137,9807210,,instructions:u,1148896,100.00,,
     0.562238219,344,,branch-misses:u,1149024,100.00,,
     0.562238219,35,,cache-misses:u,1148960,100.00,,
     0.562238219,1531924,,bus-cycles:u,1148960,100.00,,
     0.562238219,9806737,,instructions:u,1148960,100.00,,
     0.563387141,342,,branch-misses:u,1148928,100.00,,
     0.563387141,33,,cache-misses:u,1148960,100.00,,
     0.563387141,1531489,,bus-cycles:u,1148864,100.00,,
     0.563387141,9803873,,instructions:u,1148768,100.00,,
     0.564535967,344,,branch-misses:u,1149152,100.00,,
     0.564535967,107,,cache-misses:u,1149248,100.00,,
     0.564535967,1524286,,bus-cycles:u,1149280,100.00,,
     0.564535967,9756055,,instructions:u,1149280,100.00,,
     0.565684345,343,,branch-misses:u,1148096,100.00,,
     0.565684345,31,,cache-misses:u,1147872,100.00,,
     0.565684345,1530748,,bus-cycles:u,1147872,100.00,,
     0.565684345,9807383,,instructions:u,1147936,100.00,,
     0.566831602,343,,branch-misses:u,1147264,100.00,,
     0.566831602,39,,cache-misses:u,1147328,100.00,,
     0.566831602,1530232,,bus-cycles:u,1147232,100.00,,
     0.566831602,9798108,,instructions:u,1147296,100.00,,
     0.567979372,343,,branch-misses:u,1147776,100.00,,
     0.567979372,103,,cache-misses:u,1147936,100.00,,
     0.567979372,1524763,,bus-cycles:u,1148064,100.00,,
     0.567979372,9748970,,instructions:u,1147968,100.00,,
     0.569126982,344,,branch-misses:u,1147712,100.00,,
     0.569126982,34,,cache-misses:u,1147712,100.00,,
     0.569126982,1529495,,bus-cycles:u,1147648,100.00,,
     0.569126982,9794447,,instructions:u,1147584,100.00,,
     0.570274368,343,,branch-misses:u,1147168,100.00,,
     0.570274368,35,,cache-misses:u,1147136,100.00,,
     0.570274368,1528591,,bus-cycles:u,1147104,100.00,,
     0.570274368,9790036,,instructions:u,1147232,100.00,,
     0.571422074,343,,branch-misses:u,1147712,100.00,,
     0.571422074,33,,cache-misses:u,1147680,100.00,,
     0.571422074,1529864,,bus-cycles:u,1147776,100.00,,
     0.571422074,9790910,,instructions:u,1147680,100.00,,
     0.572569684,341,,branch-misses:u,1148000,100.00,,
     0.572569684,103,,cache-misses:u,1147968,100.00,,
     0.572569684,1525973,,bus-cycles:u,1148000,100.00,,
     0.572569684,9753324,,instructions:u,1148128,100.00,,
     0.573730349,348,,branch-misses:u,1160544,100.00,,
     0.573730349,36,,cache-misses:u,1160896,100.00,,
     0.573730349,1548117,,bus-cycles:u,1160768,100.00,,
     0.573730349,9919684,,instructions:u,1160704,100.00,,
     0.574880935,344,,branch-misses:u,1150432,100.00,,
     0.574880935,29,,cache-misses:u,1150048,100.00,,
     0.574880935,1533911,,bus-cycles:u,1150080,100.00,,
     0.574880935,9803075,,instructions:u,1150112,100.00,,
     0.576029665,342,,branch-misses:u,1149056,100.00,,
     0.576029665,94,,cache-misses:u,1149152,100.00,,
     0.576029665,1527379,,bus-cycles:u,1149120,100.00,,
     0.576029665,9740275,,instructions:u,1149152,100.00,,
     0.577178587,345,,branch-misses:u,1148512,100.00,,
     0.577178587,34,,cache-misses:u,1148544,100.00,,
     0.577178587,1532207,,bus-cycles:u,1148608,100.00,,
     0.577178587,9799997,,instructions:u,1148672,100.00,,
     0.578325460,343,,branch-misses:u,1147040,100.00,,
     0.578325460,31,,cache-misses:u,1146912,100.00,,
     0.578325460,1529612,,bus-cycles:u,1146976,100.00,,
     0.578325460,9796969,,instructions:u,1146880,100.00,,
     0.579472558,344,,branch-misses:u,1147072,100.00,,
     0.579472558,33,,cache-misses:u,1147040,100.00,,
     0.579472558,1529552,,bus-cycles:u,1147040,100.00,,
     0.579472558,9794632,,instructions:u,1147040,100.00,,
     0.580619912,342,,branch-misses:u,1147264,100.00,,
     0.580619912,89,,cache-misses:u,1147296,100.00,,
     0.580619912,1523248,,bus-cycles:u,1147264,100.00,,
     0.580619912,9734360,,instructions:u,1147392,100.00,,
     0.581768802,342,,branch-misses:u,1148928,100.00,,
     0.581768802,41,,cache-misses:u,1148864,100.00,,
     0.581768802,1530621,,bus-cycles:u,1148704,100.00,,
     0.581768802,9778919,,instructions:u,1148608,100.00,,
     0.582915420,342,,branch-misses:u,1146624,100.00,,
     0.582915420,33,,cache-misses:u,1146720,100.00,,
     0.582915420,1528080,,bus-cycles:u,1146880,100.00,,
     0.582915420,9759566,,instructions:u,1146912,100.00,,
     0.584062838,343,,branch-misses:u,1147712,100.00,,
     0.584062838,99,,cache-misses:u,1147840,100.00,,
     0.584062838,1522888,,bus-cycles:u,1147872,100.00,,
     0.584062838,9718480,,instructions:u,1147712,100.00,,
     0.585210671,342,,branch-misses:u,1147456,100.00,,
     0.585210671,30,,cache-misses:u,1147456,100.00,,
     0.585210671,1528486,,bus-cycles:u,1147232,100.00,,
     0.585210671,9773727,,instructions:u,1147328,100.00,,
     0.586356713,342,,branch-misses:u,1146112,100.00,,
     0.586356713,31,,cache-misses:u,1145984,100.00,,
     0.586356713,1527397,,bus-cycles:u,1146144,100.00,,
     0.586356713,9744205,,instructions:u,1146208,100.00,,
     0.587503523,343,,branch-misses:u,1146880,100.00,,
     0.587503523,33,,cache-misses:u,1146880,100.00,,
     0.587503523,1529877,,bus-cycles:u,1146880,100.00,,
     0.587503523,9789086,,instructions:u,1146848,100.00,,
     0.588651677,343,,branch-misses:u,1148160,100.00,,
     0.588651677,92,,cache-misses:u,1148128,100.00,,
     0.588651677,1524961,,bus-cycles:u,1148160,100.00,,
     0.588651677,9752721,,instructions:u,1148160,100.00,,
     0.589799639,343,,branch-misses:u,1147872,100.00,,
     0.589799639,40,,cache-misses:u,1147904,100.00,,
     0.589799639,1529604,,bus-cycles:u,1147840,100.00,,
     0.589799639,9782795,,instructions:u,1147808,100.00,,
     0.590946417,343,,branch-misses:u,1146752,100.00,,
     0.590946417,30,,cache-misses:u,1146656,100.00,,
     0.590946417,1527926,,bus-cycles:u,1146560,100.00,,
     0.590946417,9778167,,instructions:u,1146560,100.00,,
     0.592093706,343,,branch-misses:u,1147456,100.00,,
     0.592093706,101,,cache-misses:u,1147712,100.00,,
     0.592093706,1524693,,bus-cycles:u,1147872,100.00,,
     0.592093706,9762168,,instructions:u,1147936,100.00,,
     0.593241572,343,,branch-misses:u,1147776,100.00,,
     0.593241572,32,,cache-misses:u,1147680,100.00,,
     0.593241572,1529934,,bus-cycles:u,1147616,100.00,,
     0.593241572,9784235,,instructions:u,1147584,100.00,,
     0.594388926,341,,branch-misses:u,1147392,100.00,,
     0.594388926,32,,cache-misses:u,1147392,100.00,,
     0.594388926,1528640,,bus-cycles:u,1147328,100.00,,
     0.594388926,9748820,,instructions:u,1147264,100.00,,
     0.595547608,346,,branch-misses:u,1158912,100.00,,
     0.595547608,35,,cache-misses:u,1159136,100.00,,
     0.595547608,1544868,,bus-cycles:u,1159296,100.00,,
     0.595547608,9875829,,instructions:u,1159232,100.00,,
     0.596708913,348,,branch-misses:u,1161408,100.00,,
     0.596708913,84,,cache-misses:u,1161344,100.00,,
     0.596708913,1541951,,bus-cycles:u,1161280,100.00,,
     0.596708913,9865147,,instructions:u,1161472,100.00,,
     0.597857291,342,,branch-misses:u,1148032,100.00,,
     0.597857291,41,,cache-misses:u,1147872,100.00,,
     0.597857291,1529726,,bus-cycles:u,1147936,100.00,,
     0.597857291,9788795,,instructions:u,1147872,100.00,,
     0.599004997,343,,branch-misses:u,1147680,100.00,,
     0.599004997,32,,cache-misses:u,1147680,100.00,,
     0.599004997,1530216,,bus-cycles:u,1147648,100.00,,
     0.599004997,9770743,,instructions:u,1147616,100.00,,
     0.600153823,343,,branch-misses:u,1149120,100.00,,
     0.600153823,100,,cache-misses:u,1149024,100.00,,
     0.600153823,1527094,,bus-cycles:u,1148992,100.00,,
     0.600153823,9770829,,instructions:u,1149024,100.00,,
     0.601302585,344,,branch-misses:u,1148544,100.00,,
     0.601302585,30,,cache-misses:u,1148512,100.00,,
     0.601302585,1531064,,bus-cycles:u,1148544,100.00,,
     0.601302585,9789206,,instructions:u,1148480,100.00,,
     0.602449171,341,,branch-misses:u,1146528,100.00,,
     0.602449171,32,,cache-misses:u,1146592,100.00,,
     0.602449171,1528525,,bus-cycles:u,1146560,100.00,,
     0.602449171,9745709,,instructions:u,1146592,100.00,,
     0.603595756,343,,branch-misses:u,1146624,100.00,,
     0.603595756,33,,cache-misses:u,1146656,100.00,,
     0.603595756,1528575,,bus-cycles:u,1146720,100.00,,
     0.603595756,9785256,,instructions:u,1146752,100.00,,
     0.604752774,345,,branch-misses:u,1157152,100.00,,
     0.604752774,92,,cache-misses:u,1157152,100.00,,
     0.604752774,1536975,,bus-cycles:u,1157120,100.00,,
     0.604752774,9819841,,instructions:u,1157088,100.00,,
     0.605900480,343,,branch-misses:u,1147520,100.00,,
     0.605900480,42,,cache-misses:u,1147456,100.00,,
     0.605900480,1529098,,bus-cycles:u,1147488,100.00,,
     0.605900480,9780817,,instructions:u,1147488,100.00,,
     0.607047674,343,,branch-misses:u,1147264,100.00,,
     0.607047674,31,,cache-misses:u,1147232,100.00,,
     0.607047674,1528694,,bus-cycles:u,1147104,100.00,,
     0.607047674,9786926,,instructions:u,1147136,100.00,,
     0.608195444,342,,branch-misses:u,1148096,100.00,,
     0.608195444,100,,cache-misses:u,1148160,100.00,,
     0.608195444,1524299,,bus-cycles:u,1148288,100.00,,
     0.608195444,9737185,,instructions:u,1148288,100.00,,
     0.609344397,343,,branch-misses:u,1148768,100.00,,
     0.609344397,35,,cache-misses:u,1148672,100.00,,
     0.609344397,1530153,,bus-cycles:u,1148544,100.00,,
     0.609344397,9789785,,instructions:u,1148416,100.00,,
     0.610492391,342,,branch-misses:u,1147872,100.00,,
     0.610492391,36,,cache-misses:u,1147936,100.00,,
     0.610492391,1529025,,bus-cycles:u,1147936,100.00,,
     0.610492391,9787877,,instructions:u,1148096,100.00,,
     0.611642113,343,,branch-misses:u,1149760,100.00,,
     0.611642113,44,,cache-misses:u,1149920,100.00,,
     0.611642113,1526895,,bus-cycles:u,1150016,100.00,,
     0.611642113,9770396,,instructions:u,1149984,100.00,,
     0.612792059,344,,branch-misses:u,1149920,100.00,,
     0.612792059,67,,cache-misses:u,1149856,100.00,,
     0.612792059,1531600,,bus-cycles:u,1149888,100.00,,
     0.612792059,9781846,,instructions:u,1149856,100.00,,
     0.613939509,344,,branch-misses:u,1147456,100.00,,
     0.613939509,38,,cache-misses:u,1147264,100.00,,
     0.613939509,1528692,,bus-cycles:u,1147136,100.00,,
     0.613939509,9785393,,instructions:u,1147104,100.00,,
     0.615086254,341,,branch-misses:u,1146752,100.00,,
     0.615086254,40,,cache-misses:u,1146816,100.00,,
     0.615086254,1528421,,bus-cycles:u,1146944,100.00,,
     0.615086254,9771071,,instructions:u,1147008,100.00,,
     0.616247144,345,,branch-misses:u,1161440,100.00,,
     0.616247144,95,,cache-misses:u,1161760,100.00,,
     0.616247144,1541590,,bus-cycles:u,1161664,100.00,,
     0.616247144,9829969,,instructions:u,1161536,100.00,,
     0.617396770,342,,branch-misses:u,1149088,100.00,,
     0.617396770,39,,cache-misses:u,1148864,100.00,,
     0.617396770,1531735,,bus-cycles:u,1148992,100.00,,
     0.617396770,9794798,,instructions:u,1149088,100.00,,
     0.618545020,344,,branch-misses:u,1148256,100.00,,
     0.618545020,30,,cache-misses:u,1148256,100.00,,
     0.618545020,1530706,,bus-cycles:u,1148160,100.00,,
     0.618545020,9772190,,instructions:u,1148192,100.00,,
     0.619692534,341,,branch-misses:u,1147840,100.00,,
     0.619692534,77,,cache-misses:u,1147840,100.00,,
     0.619692534,1522560,,bus-cycles:u,1147808,100.00,,
     0.619692534,9712682,,instructions:u,1147808,100.00,,
     0.620841103,343,,branch-misses:u,1148160,100.00,,
     0.620841103,64,,cache-misses:u,1148096,100.00,,
     0.620841103,1531358,,bus-cycles:u,1148160,100.00,,
     0.620841103,9800853,,instructions:u,1148224,100.00,,
     0.621987817,343,,branch-misses:u,1146784,100.00,,
     0.621987817,34,,cache-misses:u,1146944,100.00,,
     0.621987817,1529168,,bus-cycles:u,1146880,100.00,,
     0.621987817,9789131,,instructions:u,1146848,100.00,,
     0.623134499,345,,branch-misses:u,1146752,100.00,,
     0.623134499,31,,cache-misses:u,1146688,100.00,,
     0.623134499,1528978,,bus-cycles:u,1146752,100.00,,
     0.623134499,9803562,,instructions:u,1146720,100.00,,
     0.624283229,343,,branch-misses:u,1149088,100.00,,
     0.624283229,107,,cache-misses:u,1148960,100.00,,
     0.624283229,1525983,,bus-cycles:u,1148864,100.00,,
     0.624283229,9773999,,instructions:u,1148928,100.00,,
     0.625430999,343,,branch-misses:u,1147360,100.00,,
     0.625430999,34,,cache-misses:u,1147424,100.00,,
     0.625430999,1529610,,bus-cycles:u,1147520,100.00,,
     0.625430999,9792634,,instructions:u,1147456,100.00,,
     0.626577937,343,,branch-misses:u,1147040,100.00,,
     0.626577937,38,,cache-misses:u,1147200,100.00,,
     0.626577937,1528955,,bus-cycles:u,1147232,100.00,,
     0.626577937,9779388,,instructions:u,1147104,100.00,,
     0.627725514,342,,branch-misses:u,1147552,100.00,,
     0.627725514,79,,cache-misses:u,1147488,100.00,,
     0.627725514,1524103,,bus-cycles:u,1147456,100.00,,
     0.627725514,9758023,,instructions:u,1147552,100.00,,
     0.628873572,344,,branch-misses:u,1148096,100.00,,
     0.628873572,61,,cache-misses:u,1148128,100.00,,
     0.628873572,1530798,,bus-cycles:u,1148096,100.00,,
     0.628873572,9798255,,instructions:u,1148096,100.00,,
     0.630020606,344,,branch-misses:u,1146848,100.00,,
     0.630020606,30,,cache-misses:u,1146592,100.00,,
     0.630020606,1528776,,bus-cycles:u,1146560,100.00,,
     0.630020606,9788806,,instructions:u,1146528,100.00,,
     0.631166776,343,,branch-misses:u,1146272,100.00,,
     0.631166776,40,,cache-misses:u,1146400,100.00,,
     0.631166776,1528292,,bus-cycles:u,1146464,100.00,,
     0.631166776,9779771,,instructions:u,1146496,100.00,,
     0.632314418,342,,branch-misses:u,1147968,100.00,,
     0.632314418,100,,cache-misses:u,1148096,100.00,,
     0.632314418,1523868,,bus-cycles:u,1148096,100.00,,
     0.632314418,9747442,,instructions:u,1148224,100.00,,
     0.633462763,344,,branch-misses:u,1148000,100.00,,
     0.633462763,33,,cache-misses:u,1147968,100.00,,
     0.633462763,1530187,,bus-cycles:u,1147968,100.00,,
     0.633462763,9803650,,instructions:u,1147680,100.00,,
     0.634609477,343,,branch-misses:u,1146880,100.00,,
     0.634609477,33,,cache-misses:u,1146784,100.00,,
     0.634609477,1529049,,bus-cycles:u,1146752,100.00,,
     0.634609477,9756262,,instructions:u,1146912,100.00,,
     0.635758175,343,,branch-misses:u,1148672,100.00,,
     0.635758175,77,,cache-misses:u,1148672,100.00,,
     0.635758175,1526521,,bus-cycles:u,1148736,100.00,,
     0.635758175,9776365,,instructions:u,1148768,100.00,,
     0.636906169,343,,branch-misses:u,1148064,100.00,,
     0.636906169,47,,cache-misses:u,1148352,100.00,,
     0.636906169,1530296,,bus-cycles:u,1148256,100.00,,
     0.636906169,9798121,,instructions:u,1148256,100.00,,
     0.638067123,347,,branch-misses:u,1161120,100.00,,
     0.638067123,38,,cache-misses:u,1160960,100.00,,
     0.638067123,1547794,,bus-cycles:u,1161056,100.00,,
     0.638067123,9900767,,instructions:u,1160960,100.00,,
     0.639215340,344,,branch-misses:u,1147936,100.00,,
     0.639215340,36,,cache-misses:u,1148000,100.00,,
     0.639215340,1530050,,bus-cycles:u,1147968,100.00,,
     0.639215340,9787989,,instructions:u,1148128,100.00,,
     0.640363494,342,,branch-misses:u,1148544,100.00,,
     0.640363494,100,,cache-misses:u,1148448,100.00,,
     0.640363494,1525283,,bus-cycles:u,1148320,100.00,,
     0.640363494,9734335,,instructions:u,1148256,100.00,,
     0.641513376,343,,branch-misses:u,1149568,100.00,,
     0.641513376,36,,cache-misses:u,1149600,100.00,,
     0.641513376,1532952,,bus-cycles:u,1149760,100.00,,
     0.641513376,9813859,,instructions:u,1149792,100.00,,
     0.642660314,343,,branch-misses:u,1146848,100.00,,
     0.642660314,34,,cache-misses:u,1146816,100.00,,
     0.642660314,1529378,,bus-cycles:u,1146784,100.00,,
     0.642660314,9791690,,instructions:u,1146688,100.00,,
     0.643808404,344,,branch-misses:u,1148128,100.00,,
     0.643808404,96,,cache-misses:u,1148192,100.00,,
     0.643808404,1526655,,bus-cycles:u,1148160,100.00,,
     0.643808404,9775118,,instructions:u,1148192,100.00,,
     0.644956974,344,,branch-misses:u,1148640,100.00,,
     0.644956974,36,,cache-misses:u,1148512,100.00,,
     0.644956974,1531724,,bus-cycles:u,1148480,100.00,,
     0.644956974,9806966,,instructions:u,1148320,100.00,,
     0.646104199,343,,branch-misses:u,1147136,100.00,,
     0.646104199,33,,cache-misses:u,1147296,100.00,,
     0.646104199,1530237,,bus-cycles:u,1147328,100.00,,
     0.646104199,9772507,,instructions:u,1147488,100.00,,
     0.647251681,342,,branch-misses:u,1147488,100.00,,
     0.647251681,34,,cache-misses:u,1147328,100.00,,
     0.647251681,1530010,,bus-cycles:u,1147296,100.00,,
     0.647251681,9778870,,instructions:u,1147264,100.00,,
     0.648400379,343,,branch-misses:u,1148832,100.00,,
     0.648400379,106,,cache-misses:u,1148960,100.00,,
     0.648400379,1527264,,bus-cycles:u,1149024,100.00,,
     0.648400379,9772915,,instructions:u,1149184,100.00,,
     0.649549077,345,,branch-misses:u,1148576,100.00,,
     0.649549077,34,,cache-misses:u,1148608,100.00,,
     0.649549077,1531802,,bus-cycles:u,1148576,100.00,,
     0.649549077,9799855,,instructions:u,1148512,100.00,,
     0.650696815,343,,branch-misses:u,1147840,100.00,,
     0.650696815,28,,cache-misses:u,1147680,100.00,,
     0.650696815,1529805,,bus-cycles:u,1147680,100.00,,
     0.650696815,9772619,,instructions:u,1147648,100.00,,
     0.651843976,342,,branch-misses:u,1147520,100.00,,
     0.651843976,104,,cache-misses:u,1147648,100.00,,
     0.651843976,1523866,,bus-cycles:u,1147648,100.00,,
     0.651843976,9728338,,instructions:u,1147616,100.00,,
     0.652992226,342,,branch-misses:u,1147776,100.00,,
     0.652992226,35,,cache-misses:u,1147744,100.00,,
     0.652992226,1530014,,bus-cycles:u,1147712,100.00,,
     0.652992226,9781180,,instructions:u,1147648,100.00,,
     0.654139292,340,,branch-misses:u,1147200,100.00,,
     0.654139292,35,,cache-misses:u,1146976,100.00,,
     0.654139292,1528175,,bus-cycles:u,1146912,100.00,,
     0.654139292,9783842,,instructions:u,1147040,100.00,,
     0.655285974,343,,branch-misses:u,1146720,100.00,,
     0.655285974,32,,cache-misses:u,1146848,100.00,,
     0.655285974,1529102,,bus-cycles:u,1146816,100.00,,
     0.655285974,9790803,,instructions:u,1146848,100.00,,
     0.656433808,343,,branch-misses:u,1147680,100.00,,
     0.656433808,101,,cache-misses:u,1147712,100.00,,
     0.656433808,1524906,,bus-cycles:u,1147680,100.00,,
     0.656433808,9750208,,instructions:u,1147616,100.00,,
     0.657581866,342,,branch-misses:u,1148192,100.00,,
     0.657581866,34,,cache-misses:u,1148224,100.00,,
     0.657581866,1531218,,bus-cycles:u,1148416,100.00,,
     0.657581866,9784973,,instructions:u,1148384,100.00,,
     0.659100673,453,,branch-misses:u,1519936,100.00,,
     0.659100673,33,,cache-misses:u,1520416,100.00,,
     0.659100673,2029073,,bus-cycles:u,1520704,100.00,,
     0.659100673,12947720,,instructions:u,1520960,100.00,,
     0.660255387,344,,branch-misses:u,1153952,100.00,,
     0.660255387,106,,cache-misses:u,1153536,100.00,,
     0.660255387,1531987,,bus-cycles:u,1153152,100.00,,
     0.660255387,9786662,,instructions:u,1152832,100.00,,
     0.661405205,343,,branch-misses:u,1149504,100.00,,
     0.661405205,34,,cache-misses:u,1149600,100.00,,
     0.661405205,1532658,,bus-cycles:u,1149632,100.00,,
     0.661405205,9791925,,instructions:u,1149600,100.00,,
     0.662553743,344,,branch-misses:u,1148448,100.00,,
     0.662553743,36,,cache-misses:u,1148160,100.00,,
     0.662553743,1530932,,bus-cycles:u,1148096,100.00,,
     0.662553743,9806529,,instructions:u,1148128,100.00,,
     0.663701417,343,,branch-misses:u,1147712,100.00,,
     0.663701417,52,,cache-misses:u,1147648,100.00,,
     0.663701417,1523652,,bus-cycles:u,1147616,100.00,,
     0.663701417,9764158,,instructions:u,1147744,100.00,,
     0.664851394,344,,branch-misses:u,1149952,100.00,,
     0.664851394,56,,cache-misses:u,1149952,100.00,,
     0.664851394,1531476,,bus-cycles:u,1150048,100.00,,
     0.664851394,9818726,,instructions:u,1149888,100.00,,
     0.665998524,343,,branch-misses:u,1147200,100.00,,
     0.665998524,37,,cache-misses:u,1147392,100.00,,
     0.665998524,1529677,,bus-cycles:u,1147392,100.00,,
     0.665998524,9792059,,instructions:u,1147360,100.00,,
     0.667146294,343,,branch-misses:u,1147744,100.00,,
     0.667146294,46,,cache-misses:u,1147680,100.00,,
     0.667146294,1530186,,bus-cycles:u,1147680,100.00,,
     0.667146294,9794571,,instructions:u,1147744,100.00,,
     0.668296304,345,,branch-misses:u,1150336,100.00,,
     0.668296304,96,,cache-misses:u,1150432,100.00,,
     0.668296304,1529248,,bus-cycles:u,1150400,100.00,,
     0.668296304,9788716,,instructions:u,1150400,100.00,,
     0.669445002,343,,branch-misses:u,1148320,100.00,,
     0.669445002,33,,cache-misses:u,1148288,100.00,,
     0.669445002,1530823,,bus-cycles:u,1148288,100.00,,
     0.669445002,9796763,,instructions:u,1148320,100.00,,
     0.670593411,344,,branch-misses:u,1148512,100.00,,
     0.670593411,41,,cache-misses:u,1148512,100.00,,
     0.670593411,1531617,,bus-cycles:u,1148544,100.00,,
     0.670593411,9804169,,instructions:u,1148544,100.00,,
     0.671741661,342,,branch-misses:u,1148480,100.00,,
     0.671741661,95,,cache-misses:u,1148416,100.00,,
     0.671741661,1526505,,bus-cycles:u,1148384,100.00,,
     0.671741661,9754441,,instructions:u,1148320,100.00,,
     0.672890103,343,,branch-misses:u,1148096,100.00,,
     0.672890103,43,,cache-misses:u,1148096,100.00,,
     0.672890103,1530311,,bus-cycles:u,1148128,100.00,,
     0.672890103,9783739,,instructions:u,1148064,100.00,,
     0.674037937,344,,branch-misses:u,1147840,100.00,,
     0.674037937,35,,cache-misses:u,1147936,100.00,,
     0.674037937,1530804,,bus-cycles:u,1147840,100.00,,
     0.674037937,9778508,,instructions:u,1147936,100.00,,
     0.675184683,342,,branch-misses:u,1146848,100.00,,
     0.675184683,31,,cache-misses:u,1146752,100.00,,
     0.675184683,1529233,,bus-cycles:u,1146688,100.00,,
     0.675184683,9771622,,instructions:u,1146688,100.00,,
     0.676333669,343,,branch-misses:u,1148992,100.00,,
     0.676333669,102,,cache-misses:u,1148960,100.00,,
     0.676333669,1527830,,bus-cycles:u,1149024,100.00,,
     0.676333669,9763668,,instructions:u,1149120,100.00,,
     0.677482558,343,,branch-misses:u,1148896,100.00,,
     0.677482558,36,,cache-misses:u,1148864,100.00,,
     0.677482558,1531767,,bus-cycles:u,1148928,100.00,,
     0.677482558,9788764,,instructions:u,1148800,100.00,,
     0.678630168,344,,branch-misses:u,1147552,100.00,,
     0.678630168,34,,cache-misses:u,1147648,100.00,,
     0.678630168,1530201,,bus-cycles:u,1147584,100.00,,
     0.678630168,9795125,,instructions:u,1147584,100.00,,
     0.679777874,343,,branch-misses:u,1147808,100.00,,
     0.679777874,80,,cache-misses:u,1147808,100.00,,
     0.679777874,1526696,,bus-cycles:u,1147840,100.00,,
     0.679777874,9771258,,instructions:u,1147904,100.00,,
     0.680940780,348,,branch-misses:u,1163072,100.00,,
     0.680940780,46,,cache-misses:u,1163072,100.00,,
     0.680940780,1550533,,bus-cycles:u,1163200,100.00,,
     0.680940780,9924142,,instructions:u,1163136,100.00,,
     0.682088326,343,,branch-misses:u,1147360,100.00,,
     0.682088326,29,,cache-misses:u,1147328,100.00,,
     0.682088326,1529132,,bus-cycles:u,1147200,100.00,,
     0.682088326,9796194,,instructions:u,1147264,100.00,,
     0.683235935,342,,branch-misses:u,1147584,100.00,,
     0.683235935,29,,cache-misses:u,1147616,100.00,,
     0.683235935,1529416,,bus-cycles:u,1147616,100.00,,
     0.683235935,9777667,,instructions:u,1147616,100.00,,
     0.684383833,344,,branch-misses:u,1147936,100.00,,
     0.684383833,101,,cache-misses:u,1147840,100.00,,
     0.684383833,1525494,,bus-cycles:u,1147776,100.00,,
     0.684383833,9747752,,instructions:u,1147776,100.00,,
     0.685531603,342,,branch-misses:u,1147840,100.00,,
     0.685531603,33,,cache-misses:u,1147840,100.00,,
     0.685531603,1529863,,bus-cycles:u,1147904,100.00,,
     0.685531603,9799918,,instructions:u,1147872,100.00,,
     0.686678413,343,,branch-misses:u,1146624,100.00,,
     0.686678413,36,,cache-misses:u,1146752,100.00,,
     0.686678413,1529037,,bus-cycles:u,1146784,100.00,,
     0.686678413,9784702,,instructions:u,1146848,100.00,,
     0.687826343,343,,branch-misses:u,1148160,100.00,,
     0.687826343,94,,cache-misses:u,1148160,100.00,,
     0.687826343,1525614,,bus-cycles:u,1148192,100.00,,
     0.687826343,9772495,,instructions:u,1148160,100.00,,
     0.688974592,344,,branch-misses:u,1148096,100.00,,
     0.688974592,32,,cache-misses:u,1148032,100.00,,
     0.688974592,1530885,,bus-cycles:u,1147968,100.00,,
     0.688974592,9788147,,instructions:u,1147904,100.00,,
     0.690120570,341,,branch-misses:u,1146144,100.00,,
     0.690120570,34,,cache-misses:u,1146016,100.00,,
     0.690120570,1527711,,bus-cycles:u,1146048,100.00,,
     0.690120570,9736259,,instructions:u,1146080,100.00,,
     0.691266836,342,,branch-misses:u,1146176,100.00,,
     0.691266836,35,,cache-misses:u,1146176,100.00,,
     0.691266836,1527250,,bus-cycles:u,1146144,100.00,,
     0.691266836,9756485,,instructions:u,1146112,100.00,,
     0.692414222,342,,branch-misses:u,1147424,100.00,,
     0.692414222,100,,cache-misses:u,1147520,100.00,,
     0.692414222,1525050,,bus-cycles:u,1147520,100.00,,
     0.692414222,9749387,,instructions:u,1147552,100.00,,
     0.693562344,343,,branch-misses:u,1148064,100.00,,
     0.693562344,35,,cache-misses:u,1148128,100.00,,
     0.693562344,1529565,,bus-cycles:u,1148096,100.00,,
     0.693562344,9789082,,instructions:u,1148096,100.00,,
     0.694708578,343,,branch-misses:u,1146400,100.00,,
     0.694708578,34,,cache-misses:u,1146336,100.00,,
     0.694708578,1527383,,bus-cycles:u,1146368,100.00,,
     0.694708578,9771253,,instructions:u,1146304,100.00,,
     0.695856507,343,,branch-misses:u,1147808,100.00,,
     0.695856507,97,,cache-misses:u,1147872,100.00,,
     0.695856507,1526108,,bus-cycles:u,1147904,100.00,,
     0.695856507,9762688,,instructions:u,1147936,100.00,,
     0.697003765,344,,branch-misses:u,1147232,100.00,,
     0.697003765,32,,cache-misses:u,1147200,100.00,,
     0.697003765,1529248,,bus-cycles:u,1147104,100.00,,
     0.697003765,9803245,,instructions:u,1147136,100.00,,
     0.698150863,342,,branch-misses:u,1147072,100.00,,
     0.698150863,37,,cache-misses:u,1147040,100.00,,
     0.698150863,1527651,,bus-cycles:u,1147104,100.00,,
     0.698150863,9779663,,instructions:u,1147104,100.00,,
     0.699296873,342,,branch-misses:u,1146016,100.00,,
     0.699296873,38,,cache-misses:u,1146048,100.00,,
     0.699296873,1527550,,bus-cycles:u,1146016,100.00,,
     0.699296873,9765582,,instructions:u,1146080,100.00,,
     0.700446083,345,,branch-misses:u,1149600,100.00,,
     0.700446083,101,,cache-misses:u,1149600,100.00,,
     0.700446083,1526851,,bus-cycles:u,1149632,100.00,,
     0.700446083,9773263,,instructions:u,1149504,100.00,,
     0.701606940,346,,branch-misses:u,1160672,100.00,,
     0.701606940,34,,cache-misses:u,1161024,100.00,,
     0.701606940,1546402,,bus-cycles:u,1161088,100.00,,
     0.701606940,9897480,,instructions:u,1161216,100.00,,
     0.702754806,343,,branch-misses:u,1147744,100.00,,
     0.702754806,33,,cache-misses:u,1147392,100.00,,
     0.702754806,1529027,,bus-cycles:u,1147360,100.00,,
     0.702754806,9786706,,instructions:u,1147200,100.00,,
     0.703902128,343,,branch-misses:u,1147648,100.00,,
     0.703902128,100,,cache-misses:u,1147520,100.00,,
     0.703902128,1525467,,bus-cycles:u,1147520,100.00,,
     0.703902128,9770072,,instructions:u,1147584,100.00,,
     0.705050986,344,,branch-misses:u,1148448,100.00,,
     0.705050986,34,,cache-misses:u,1148640,100.00,,
     0.705050986,1530339,,bus-cycles:u,1148608,100.00,,
     0.705050986,9796879,,instructions:u,1148608,100.00,,
     0.706196740,343,,branch-misses:u,1145952,100.00,,
     0.706196740,31,,cache-misses:u,1145856,100.00,,
     0.706196740,1526726,,bus-cycles:u,1145920,100.00,,
     0.706196740,9784758,,instructions:u,1145984,100.00,,
     0.707344189,343,,branch-misses:u,1147264,100.00,,
     0.707344189,33,,cache-misses:u,1147296,100.00,,
     0.707344189,1528967,,bus-cycles:u,1147264,100.00,,
     0.707344189,9775117,,instructions:u,1147200,100.00,,
     0.708492695,342,,branch-misses:u,1148928,100.00,,
     0.708492695,100,,cache-misses:u,1148800,100.00,,
     0.708492695,1526942,,bus-cycles:u,1148832,100.00,,
     0.708492695,9755104,,instructions:u,1148864,100.00,,
     0.709640273,342,,branch-misses:u,1147168,100.00,,
     0.709640273,30,,cache-misses:u,1147232,100.00,,
     0.709640273,1528987,,bus-cycles:u,1147168,100.00,,
     0.709640273,9789609,,instructions:u,1147136,100.00,,
     0.710787659,344,,branch-misses:u,1147456,100.00,,
     0.710787659,32,,cache-misses:u,1147456,100.00,,
     0.710787659,1529308,,bus-cycles:u,1147392,100.00,,
     0.710787659,9796894,,instructions:u,1147456,100.00,,
     0.711935205,343,,branch-misses:u,1147872,100.00,,
     0.711935205,91,,cache-misses:u,1147808,100.00,,
     0.711935205,1523906,,bus-cycles:u,1147872,100.00,,
     0.711935205,9756797,,instructions:u,1147872,100.00,,
     0.713082719,343,,branch-misses:u,1147232,100.00,,
     0.713082719,34,,cache-misses:u,1147360,100.00,,
     0.713082719,1529297,,bus-cycles:u,1147456,100.00,,
     0.713082719,9778318,,instructions:u,1147392,100.00,,
     0.714229400,343,,branch-misses:u,1146656,100.00,,
     0.714229400,31,,cache-misses:u,1146528,100.00,,
     0.714229400,1528153,,bus-cycles:u,1146432,100.00,,
     0.714229400,9787655,,instructions:u,1146432,100.00,,
     0.715376242,342,,branch-misses:u,1146816,100.00,,
     0.715376242,49,,cache-misses:u,1146976,100.00,,
     0.715376242,1528295,,bus-cycles:u,1146976,100.00,,
     0.715376242,9787061,,instructions:u,1146976,100.00,,
     0.716523980,342,,branch-misses:u,1148160,100.00,,
     0.716523980,94,,cache-misses:u,1148128,100.00,,
     0.716523980,1521989,,bus-cycles:u,1148096,100.00,,
     0.716523980,9728355,,instructions:u,1148096,100.00,,
     0.717672134,343,,branch-misses:u,1147680,100.00,,
     0.717672134,39,,cache-misses:u,1147552,100.00,,
     0.717672134,1529022,,bus-cycles:u,1147616,100.00,,
     0.717672134,9775554,,instructions:u,1147616,100.00,,
     0.718818080,341,,branch-misses:u,1146016,100.00,,
     0.718818080,29,,cache-misses:u,1146144,100.00,,
     0.718818080,1527174,,bus-cycles:u,1146144,100.00,,
     0.718818080,9758638,,instructions:u,1146112,100.00,,
     0.719965049,344,,branch-misses:u,1147040,100.00,,
     0.719965049,107,,cache-misses:u,1146944,100.00,,
     0.719965049,1523348,,bus-cycles:u,1146848,100.00,,
     0.719965049,9764087,,instructions:u,1147008,100.00,,
     0.721112723,342,,branch-misses:u,1147680,100.00,,
     0.721112723,45,,cache-misses:u,1147648,100.00,,
     0.721112723,1528726,,bus-cycles:u,1147744,100.00,,
     0.721112723,9777453,,instructions:u,1147648,100.00,,
     0.722283853,351,,branch-misses:u,1171296,100.00,,
     0.722283853,29,,cache-misses:u,1171712,100.00,,
     0.722283853,1560967,,bus-cycles:u,1171808,100.00,,
     0.722283853,9994523,,instructions:u,1171872,100.00,,
     0.723433735,343,,branch-misses:u,1149664,100.00,,
     0.723433735,30,,cache-misses:u,1149344,100.00,,
     0.723433735,1531292,,bus-cycles:u,1149248,100.00,,
     0.723433735,9795757,,instructions:u,1149248,100.00,,
     0.724582241,343,,branch-misses:u,1148512,100.00,,
     0.724582241,110,,cache-misses:u,1148512,100.00,,
     0.724582241,1525375,,bus-cycles:u,1148576,100.00,,
     0.724582241,9757794,,instructions:u,1148544,100.00,,
     0.725729850,342,,branch-misses:u,1148128,100.00,,
     0.725729850,38,,cache-misses:u,1148160,100.00,,
     0.725729850,1529537,,bus-cycles:u,1148000,100.00,,
     0.725729850,9779561,,instructions:u,1148000,100.00,,
     0.726876756,344,,branch-misses:u,1146432,100.00,,
     0.726876756,34,,cache-misses:u,1146368,100.00,,
     0.726876756,1528124,,bus-cycles:u,1146464,100.00,,
     0.726876756,9769713,,instructions:u,1146400,100.00,,
     0.728025326,342,,branch-misses:u,1149024,100.00,,
     0.728025326,99,,cache-misses:u,1149088,100.00,,
     0.728025326,1524714,,bus-cycles:u,1149120,100.00,,
     0.728025326,9734187,,instructions:u,1149152,100.00,,
     0.729172968,343,,branch-misses:u,1147200,100.00,,
     0.729172968,34,,cache-misses:u,1147136,100.00,,
     0.729172968,1529847,,bus-cycles:u,1147136,100.00,,
     0.729172968,9793078,,instructions:u,1147136,100.00,,
     0.730318946,342,,branch-misses:u,1146016,100.00,,
     0.730318946,46,,cache-misses:u,1146112,100.00,,
     0.730318946,1528472,,bus-cycles:u,1146112,100.00,,
     0.730318946,9782438,,instructions:u,1146144,100.00,,
     0.731465532,343,,branch-misses:u,1146560,100.00,,
     0.731465532,48,,cache-misses:u,1146464,100.00,,
     0.731465532,1528260,,bus-cycles:u,1146400,100.00,,
     0.731465532,9781769,,instructions:u,1146368,100.00,,
     0.732612565,343,,branch-misses:u,1147328,100.00,,
     0.732612565,98,,cache-misses:u,1147488,100.00,,
     0.732612565,1524410,,bus-cycles:u,1147392,100.00,,
     0.732612565,9751128,,instructions:u,1147296,100.00,,
     0.733760335,344,,branch-misses:u,1147648,100.00,,
     0.733760335,32,,cache-misses:u,1147616,100.00,,
     0.733760335,1530185,,bus-cycles:u,1147840,100.00,,
     0.733760335,9799924,,instructions:u,1147968,100.00,,
     0.734909129,343,,branch-misses:u,1148608,100.00,,
     0.734909129,38,,cache-misses:u,1148832,100.00,,
     0.734909129,1530541,,bus-cycles:u,1148704,100.00,,
     0.734909129,9791225,,instructions:u,1148672,100.00,,
     0.736057571,343,,branch-misses:u,1148736,100.00,,
     0.736057571,106,,cache-misses:u,1148512,100.00,,
     0.736057571,1525763,,bus-cycles:u,1148512,100.00,,
     0.736057571,9762532,,instructions:u,1148544,100.00,,
     0.737205501,341,,branch-misses:u,1147648,100.00,,
     0.737205501,30,,cache-misses:u,1147584,100.00,,
     0.737205501,1529862,,bus-cycles:u,1147584,100.00,,
     0.737205501,9803528,,instructions:u,1147584,100.00,,
     0.738353526,344,,branch-misses:u,1148032,100.00,,
     0.738353526,33,,cache-misses:u,1148032,100.00,,
     0.738353526,1530863,,bus-cycles:u,1148064,100.00,,
     0.738353526,9796377,,instructions:u,1147968,100.00,,
     0.739500304,343,,branch-misses:u,1146784,100.00,,
     0.739500304,33,,cache-misses:u,1146688,100.00,,
     0.739500304,1528682,,bus-cycles:u,1146656,100.00,,
     0.739500304,9785742,,instructions:u,1146720,100.00,,
     0.740647754,342,,branch-misses:u,1147584,100.00,,
     0.740647754,99,,cache-misses:u,1147616,100.00,,
     0.740647754,1523907,,bus-cycles:u,1147648,100.00,,
     0.740647754,9742973,,instructions:u,1147680,100.00,,
     0.741795684,343,,branch-misses:u,1147808,100.00,,
     0.741795684,35,,cache-misses:u,1147840,100.00,,
     0.741795684,1530014,,bus-cycles:u,1147776,100.00,,
     0.741795684,9794761,,instructions:u,1147776,100.00,,
     0.742943230,344,,branch-misses:u,1147488,100.00,,
     0.742943230,35,,cache-misses:u,1147616,100.00,,
     0.742943230,1529795,,bus-cycles:u,1147712,100.00,,
     0.742943230,9792446,,instructions:u,1147616,100.00,,
     0.744100567,346,,branch-misses:u,1158016,100.00,,
     0.744100567,130,,cache-misses:u,1158272,100.00,,
     0.744100567,1536177,,bus-cycles:u,1158304,100.00,,
     0.744100567,9843633,,instructions:u,1158400,100.00,,
     0.745251889,343,,branch-misses:u,1150912,100.00,,
     0.745251889,37,,cache-misses:u,1150816,100.00,,
     0.745251889,1533709,,bus-cycles:u,1150720,100.00,,
     0.745251889,9816635,,instructions:u,1150656,100.00,,
     0.746398219,342,,branch-misses:u,1146176,100.00,,
     0.746398219,33,,cache-misses:u,1145984,100.00,,
     0.746398219,1527479,,bus-cycles:u,1145984,100.00,,
     0.746398219,9780660,,instructions:u,1146048,100.00,,
     0.747544869,343,,branch-misses:u,1146560,100.00,,
     0.747544869,35,,cache-misses:u,1146336,100.00,,
     0.747544869,1527687,,bus-cycles:u,1146304,100.00,,
     0.747544869,9779915,,instructions:u,1146208,100.00,,
     0.748704799,348,,branch-misses:u,1160448,100.00,,
     0.748704799,86,,cache-misses:u,1160672,100.00,,
     0.748704799,1542010,,bus-cycles:u,1160704,100.00,,
     0.748704799,9867901,,instructions:u,1160896,100.00,,
     0.749851864,342,,branch-misses:u,1146784,100.00,,
     0.749851864,37,,cache-misses:u,1146752,100.00,,
     0.749851864,1528360,,bus-cycles:u,1146752,100.00,,
     0.749851864,9779860,,instructions:u,1146688,100.00,,
     0.750998290,343,,branch-misses:u,1146304,100.00,,
     0.750998290,38,,cache-misses:u,1146208,100.00,,
     0.750998290,1526889,,bus-cycles:u,1146208,100.00,,
     0.750998290,9780281,,instructions:u,1146176,100.00,,
     0.752146732,342,,branch-misses:u,1148736,100.00,,
     0.752146732,109,,cache-misses:u,1148864,100.00,,
     0.752146732,1523976,,bus-cycles:u,1148768,100.00,,
     0.752146732,9754770,,instructions:u,1148704,100.00,,
     0.753294342,344,,branch-misses:u,1147360,100.00,,
     0.753294342,37,,cache-misses:u,1147328,100.00,,
     0.753294342,1530252,,bus-cycles:u,1147360,100.00,,
     0.753294342,9792131,,instructions:u,1147296,100.00,,
     0.754440672,343,,branch-misses:u,1146144,100.00,,
     0.754440672,32,,cache-misses:u,1146016,100.00,,
     0.754440672,1528702,,bus-cycles:u,1146080,100.00,,
     0.754440672,9792698,,instructions:u,1146144,100.00,,
     0.755587546,342,,branch-misses:u,1147008,100.00,,
     0.755587546,37,,cache-misses:u,1147072,100.00,,
     0.755587546,1530740,,bus-cycles:u,1147104,100.00,,
     0.755587546,9791780,,instructions:u,1147136,100.00,,
     0.756744499,346,,branch-misses:u,1157472,100.00,,
     0.756744499,84,,cache-misses:u,1157408,100.00,,
     0.756744499,1538447,,bus-cycles:u,1157376,100.00,,
     0.756744499,9843161,,instructions:u,1157312,100.00,,
     0.757891373,343,,branch-misses:u,1146432,100.00,,
     0.757891373,36,,cache-misses:u,1146400,100.00,,
     0.757891373,1529218,,bus-cycles:u,1146400,100.00,,
     0.757891373,9789817,,instructions:u,1146432,100.00,,
     0.759037319,343,,branch-misses:u,1145920,100.00,,
     0.759037319,30,,cache-misses:u,1146080,100.00,,
     0.759037319,1528984,,bus-cycles:u,1146080,100.00,,
     0.759037319,9755191,,instructions:u,1146048,100.00,,
     0.760184257,341,,branch-misses:u,1146944,100.00,,
     0.760184257,93,,cache-misses:u,1146944,100.00,,
     0.760184257,1522987,,bus-cycles:u,1146976,100.00,,
     0.760184257,9721470,,instructions:u,1147040,100.00,,
     0.761332699,344,,branch-misses:u,1148384,100.00,,
     0.761332699,39,,cache-misses:u,1148320,100.00,,
     0.761332699,1531159,,bus-cycles:u,1148320,100.00,,
     0.761332699,9785811,,instructions:u,1148288,100.00,,
     0.762478452,343,,branch-misses:u,1145952,100.00,,
     0.762478452,31,,cache-misses:u,1145952,100.00,,
     0.762478452,1528195,,bus-cycles:u,1145984,100.00,,
     0.762478452,9780911,,instructions:u,1146048,100.00,,
     0.763627278,342,,branch-misses:u,1149024,100.00,,
     0.763627278,37,,cache-misses:u,1149056,100.00,,
     0.763627278,1526148,,bus-cycles:u,1149056,100.00,,
     0.763627278,9771906,,instructions:u,1149024,100.00,,
     0.764786280,347,,branch-misses:u,1158944,100.00,,
     0.764786280,66,,cache-misses:u,1159072,100.00,,
     0.764786280,1545861,,bus-cycles:u,1159104,100.00,,
     0.764786280,9882784,,instructions:u,1159104,100.00,,
     0.765934178,343,,branch-misses:u,1147648,100.00,,
     0.765934178,33,,cache-misses:u,1147488,100.00,,
     0.765934178,1530593,,bus-cycles:u,1147424,100.00,,
     0.765934178,9793334,,instructions:u,1147392,100.00,,
     0.767080732,342,,branch-misses:u,1146592,100.00,,
     0.767080732,34,,cache-misses:u,1146560,100.00,,
     0.767080732,1528705,,bus-cycles:u,1146592,100.00,,
     0.767080732,9772349,,instructions:u,1146688,100.00,,
     0.768228597,345,,branch-misses:u,1147808,100.00,,
     0.768228597,108,,cache-misses:u,1147776,100.00,,
     0.768228597,1525679,,bus-cycles:u,1147744,100.00,,
     0.768228597,9768045,,instructions:u,1147648,100.00,,
     0.769376175,343,,branch-misses:u,1147552,100.00,,
     0.769376175,37,,cache-misses:u,1147488,100.00,,
     0.769376175,1529942,,bus-cycles:u,1147456,100.00,,
     0.769376175,9794985,,instructions:u,1147456,100.00,,
     0.770522985,343,,branch-misses:u,1146848,100.00,,
     0.770522985,30,,cache-misses:u,1146848,100.00,,
     0.770522985,1529513,,bus-cycles:u,1146880,100.00,,
     0.770522985,9797753,,instructions:u,1146912,100.00,,
     0.771669443,343,,branch-misses:u,1146464,100.00,,
     0.771669443,62,,cache-misses:u,1146496,100.00,,
     0.771669443,1524671,,bus-cycles:u,1146528,100.00,,
     0.771669443,9763545,,instructions:u,1146464,100.00,,
     0.772815965,343,,branch-misses:u,1146528,100.00,,
     0.772815965,62,,cache-misses:u,1146592,100.00,,
     0.772815965,1529668,,bus-cycles:u,1146528,100.00,,
     0.772815965,9791732,,instructions:u,1146656,100.00,,
     0.773961559,342,,branch-misses:u,1145632,100.00,,
     0.773961559,35,,cache-misses:u,1145632,100.00,,
     0.773961559,1528846,,bus-cycles:u,1145664,100.00,,
     0.773961559,9776528,,instructions:u,1145536,100.00,,
     0.775108336,344,,branch-misses:u,1146784,100.00,,
     0.775108336,31,,cache-misses:u,1146656,100.00,,
     0.775108336,1529849,,bus-cycles:u,1146624,100.00,,
     0.775108336,9773244,,instructions:u,1146752,100.00,,
     0.776254378,342,,branch-misses:u,1146048,100.00,,
     0.776254378,100,,cache-misses:u,1146208,100.00,,
     0.776254378,1523724,,bus-cycles:u,1146176,100.00,,
     0.776254378,9741814,,instructions:u,1146144,100.00,,
     0.777402244,343,,branch-misses:u,1147904,100.00,,
     0.777402244,39,,cache-misses:u,1147872,100.00,,
     0.777402244,1531105,,bus-cycles:u,1147904,100.00,,
     0.777402244,9777531,,instructions:u,1147808,100.00,,
     0.778548894,343,,branch-misses:u,1146624,100.00,,
     0.778548894,33,,cache-misses:u,1146624,100.00,,
     0.778548894,1528729,,bus-cycles:u,1146656,100.00,,
     0.778548894,9791144,,instructions:u,1146656,100.00,,
     0.779695256,344,,branch-misses:u,1146336,100.00,,
     0.779695256,61,,cache-misses:u,1146304,100.00,,
     0.779695256,1524936,,bus-cycles:u,1146336,100.00,,
     0.779695256,9769601,,instructions:u,1146368,100.00,,
     0.780842738,342,,branch-misses:u,1147488,100.00,,
     0.780842738,66,,cache-misses:u,1147392,100.00,,
     0.780842738,1529162,,bus-cycles:u,1147296,100.00,,
     0.780842738,9788698,,instructions:u,1147296,100.00,,
     0.781989739,343,,branch-misses:u,1147040,100.00,,
     0.781989739,34,,cache-misses:u,1147200,100.00,,
     0.781989739,1529923,,bus-cycles:u,1147200,100.00,,
     0.781989739,9790931,,instructions:u,1147136,100.00,,
     0.783135397,341,,branch-misses:u,1145664,100.00,,
     0.783135397,40,,cache-misses:u,1145696,100.00,,
     0.783135397,1527998,,bus-cycles:u,1145728,100.00,,
     0.783135397,9767096,,instructions:u,1145824,100.00,,
     0.784282335,343,,branch-misses:u,1147232,100.00,,
     0.784282335,95,,cache-misses:u,1147200,100.00,,
     0.784282335,1525381,,bus-cycles:u,1147200,100.00,,
     0.784282335,9762895,,instructions:u,1147232,100.00,,
     0.785430713,345,,branch-misses:u,1148064,100.00,,
     0.785430713,32,,cache-misses:u,1148032,100.00,,
     0.785430713,1531991,,bus-cycles:u,1148032,100.00,,
     0.785430713,9804389,,instructions:u,1147936,100.00,,
     0.786591123,346,,branch-misses:u,1160576,100.00,,
     0.786591123,31,,cache-misses:u,1160736,100.00,,
     0.786591123,1548822,,bus-cycles:u,1160800,100.00,,
     0.786591123,9875124,,instructions:u,1160864,100.00,,
     0.787738668,343,,branch-misses:u,1147424,100.00,,
     0.787738668,77,,cache-misses:u,1147360,100.00,,
     0.787738668,1525269,,bus-cycles:u,1147328,100.00,,
     0.787738668,9770034,,instructions:u,1147392,100.00,,
     0.788886022,342,,branch-misses:u,1147392,100.00,,
     0.788886022,43,,cache-misses:u,1147200,100.00,,
     0.788886022,1529890,,bus-cycles:u,1147136,100.00,,
     0.788886022,9796609,,instructions:u,1147072,100.00,,
     0.790032672,343,,branch-misses:u,1146656,100.00,,
     0.790032672,37,,cache-misses:u,1146752,100.00,,
     0.790032672,1529726,,bus-cycles:u,1146784,100.00,,
     0.790032672,9792466,,instructions:u,1146784,100.00,,
     0.791178266,344,,branch-misses:u,1145664,100.00,,
     0.791178266,32,,cache-misses:u,1145568,100.00,,
     0.791178266,1527744,,bus-cycles:u,1145632,100.00,,
     0.791178266,9785909,,instructions:u,1145600,100.00,,
     0.792324916,342,,branch-misses:u,1146816,100.00,,
     0.792324916,102,,cache-misses:u,1146880,100.00,,
     0.792324916,1523554,,bus-cycles:u,1146816,100.00,,
     0.792324916,9744267,,instructions:u,1146816,100.00,,
     0.793473101,342,,branch-misses:u,1147968,100.00,,
     0.793473101,33,,cache-misses:u,1147936,100.00,,
     0.793473101,1531330,,bus-cycles:u,1147936,100.00,,
     0.793473101,9782928,,instructions:u,1147936,100.00,,
     0.794619111,342,,branch-misses:u,1145984,100.00,,
     0.794619111,36,,cache-misses:u,1146048,100.00,,
     0.794619111,1528447,,bus-cycles:u,1146080,100.00,,
     0.794619111,9773220,,instructions:u,1146048,100.00,,
     0.795767681,344,,branch-misses:u,1148480,100.00,,
     0.795767681,85,,cache-misses:u,1148416,100.00,,
     0.795767681,1526577,,bus-cycles:u,1148384,100.00,,
     0.795767681,9778199,,instructions:u,1148416,100.00,,
     0.796915067,343,,branch-misses:u,1147488,100.00,,
     0.796915067,46,,cache-misses:u,1147520,100.00,,
     0.796915067,1530299,,bus-cycles:u,1147520,100.00,,
     0.796915067,9775809,,instructions:u,1147520,100.00,,
     0.798061173,341,,branch-misses:u,1146048,100.00,,
     0.798061173,33,,cache-misses:u,1146016,100.00,,
     0.798061173,1528171,,bus-cycles:u,1146080,100.00,,
     0.798061173,9748305,,instructions:u,1146080,100.00,,
     0.799207087,342,,branch-misses:u,1146016,100.00,,
     0.799207087,33,,cache-misses:u,1146016,100.00,,
     0.799207087,1528238,,bus-cycles:u,1146016,100.00,,
     0.799207087,9781894,,instructions:u,1146048,100.00,,
     0.800353800,343,,branch-misses:u,1146688,100.00,,
     0.800353800,96,,cache-misses:u,1146752,100.00,,
     0.800353800,1524248,,bus-cycles:u,1146688,100.00,,
     0.800353800,9756208,,instructions:u,1146816,100.00,,
     0.801501090,344,,branch-misses:u,1147200,100.00,,
     0.801501090,31,,cache-misses:u,1147136,100.00,,
     0.801501090,1529693,,bus-cycles:u,1147200,100.00,,
     0.801501090,9782054,,instructions:u,1147040,100.00,,
     0.802647068,341,,branch-misses:u,1146016,100.00,,
     0.802647068,30,,cache-misses:u,1146112,100.00,,
     0.802647068,1527693,,bus-cycles:u,1146080,100.00,,
     0.802647068,9737237,,instructions:u,1146048,100.00,,
     0.803793142,342,,branch-misses:u,1146240,100.00,,
     0.803793142,93,,cache-misses:u,1146240,100.00,,
     0.803793142,1523918,,bus-cycles:u,1146208,100.00,,
     0.803793142,9747828,,instructions:u,1146240,100.00,,
     0.804939856,343,,branch-misses:u,1146656,100.00,,
     0.804939856,41,,cache-misses:u,1146720,100.00,,
     0.804939856,1529256,,bus-cycles:u,1146784,100.00,,
     0.804939856,9795143,,instructions:u,1146784,100.00,,
     0.806085930,342,,branch-misses:u,1145984,100.00,,
     0.806085930,34,,cache-misses:u,1145984,100.00,,
     0.806085930,1527353,,bus-cycles:u,1145984,100.00,,
     0.806085930,9765669,,instructions:u,1145984,100.00,,
     0.807242915,347,,branch-misses:u,1157280,100.00,,
     0.807242915,31,,cache-misses:u,1157280,100.00,,
     0.807242915,1543039,,bus-cycles:u,1157248,100.00,,
     0.807242915,9883476,,instructions:u,1157248,100.00,,
     0.808391133,343,,branch-misses:u,1148128,100.00,,
     0.808391133,96,,cache-misses:u,1147936,100.00,,
     0.808391133,1523578,,bus-cycles:u,1147936,100.00,,
     0.808391133,9746400,,instructions:u,1147936,100.00,,
     0.809538839,343,,branch-misses:u,1147552,100.00,,
     0.809538839,31,,cache-misses:u,1147744,100.00,,
     0.809538839,1530441,,bus-cycles:u,1147744,100.00,,
     0.809538839,9784395,,instructions:u,1147808,100.00,,
     0.810684401,342,,branch-misses:u,1145600,100.00,,
     0.810684401,38,,cache-misses:u,1145568,100.00,,
     0.810684401,1527943,,bus-cycles:u,1145568,100.00,,
     0.810684401,9762873,,instructions:u,1145568,100.00,,
     0.811830571,343,,branch-misses:u,1146208,100.00,,
     0.811830571,111,,cache-misses:u,1146240,100.00,,
     0.811830571,1523500,,bus-cycles:u,1146240,100.00,,
     0.811830571,9760253,,instructions:u,1146208,100.00,,
     0.812977412,343,,branch-misses:u,1146880,100.00,,
     0.812977412,32,,cache-misses:u,1146784,100.00,,
     0.812977412,1529843,,bus-cycles:u,1146784,100.00,,
     0.812977412,9785178,,instructions:u,1146784,100.00,,
     0.814124254,342,,branch-misses:u,1146784,100.00,,
     0.814124254,31,,cache-misses:u,1146784,100.00,,
     0.814124254,1529803,,bus-cycles:u,1146784,100.00,,
     0.814124254,9755972,,instructions:u,1146784,100.00,,
     0.815271416,343,,branch-misses:u,1147200,100.00,,
     0.815271416,34,,cache-misses:u,1147328,100.00,,
     0.815271416,1530651,,bus-cycles:u,1147360,100.00,,
     0.815271416,9796491,,instructions:u,1147360,100.00,,
     0.816420178,344,,branch-misses:u,1148640,100.00,,
     0.816420178,107,,cache-misses:u,1148640,100.00,,
     0.816420178,1528388,,bus-cycles:u,1148480,100.00,,
     0.816420178,9780111,,instructions:u,1148576,100.00,,
     0.817567020,342,,branch-misses:u,1147008,100.00,,
     0.817567020,32,,cache-misses:u,1146912,100.00,,
     0.817567020,1530276,,bus-cycles:u,1147040,100.00,,
     0.817567020,9799371,,instructions:u,1146944,100.00,,
     0.818712934,342,,branch-misses:u,1145824,100.00,,
     0.818712934,34,,cache-misses:u,1145856,100.00,,
     0.818712934,1528647,,bus-cycles:u,1145856,100.00,,
     0.818712934,9777658,,instructions:u,1145824,100.00,,
     0.819859743,343,,branch-misses:u,1147136,100.00,,
     0.819859743,103,,cache-misses:u,1147168,100.00,,
     0.819859743,1525157,,bus-cycles:u,1147168,100.00,,
     0.819859743,9743270,,instructions:u,1147232,100.00,,
     0.821007321,343,,branch-misses:u,1147296,100.00,,
     0.821007321,41,,cache-misses:u,1147200,100.00,,
     0.821007321,1530260,,bus-cycles:u,1147104,100.00,,
     0.821007321,9786681,,instructions:u,1147104,100.00,,
     0.822153715,343,,branch-misses:u,1146400,100.00,,
     0.822153715,34,,cache-misses:u,1146464,100.00,,
     0.822153715,1529132,,bus-cycles:u,1146592,100.00,,
     0.822153715,9770031,,instructions:u,1146592,100.00,,
     0.823300269,342,,branch-misses:u,1146528,100.00,,
     0.823300269,34,,cache-misses:u,1146528,100.00,,
     0.823300269,1528281,,bus-cycles:u,1146432,100.00,,
     0.823300269,9782965,,instructions:u,1146400,100.00,,
     0.824447239,345,,branch-misses:u,1147328,100.00,,
     0.824447239,102,,cache-misses:u,1147328,100.00,,
     0.824447239,1523945,,bus-cycles:u,1147392,100.00,,
     0.824447239,9746974,,instructions:u,1147424,100.00,,
     0.825594784,343,,branch-misses:u,1147168,100.00,,
     0.825594784,36,,cache-misses:u,1147200,100.00,,
     0.825594784,1529632,,bus-cycles:u,1147136,100.00,,
     0.825594784,9788401,,instructions:u,1147040,100.00,,
     0.826740634,341,,branch-misses:u,1145920,100.00,,
     0.826740634,46,,cache-misses:u,1145952,100.00,,
     0.826740634,1528021,,bus-cycles:u,1146016,100.00,,
     0.826740634,9740021,,instructions:u,1146048,100.00,,
     0.827887796,342,,branch-misses:u,1147168,100.00,,
     0.827887796,105,,cache-misses:u,1147072,100.00,,
     0.827887796,1524331,,bus-cycles:u,1147040,100.00,,
     0.827887796,9742206,,instructions:u,1147072,100.00,,
     0.829046510,347,,branch-misses:u,1158880,100.00,,
     0.829046510,34,,cache-misses:u,1159008,100.00,,
     0.829046510,1545374,,bus-cycles:u,1158976,100.00,,
     0.829046510,9882208,,instructions:u,1158912,100.00,,
     0.830193448,342,,branch-misses:u,1146848,100.00,,
     0.830193448,27,,cache-misses:u,1146688,100.00,,
     0.830193448,1529403,,bus-cycles:u,1146720,100.00,,
     0.830193448,9750322,,instructions:u,1146848,100.00,,
     0.831339810,342,,branch-misses:u,1146304,100.00,,
     0.831339810,36,,cache-misses:u,1146240,100.00,,
     0.831339810,1528346,,bus-cycles:u,1146336,100.00,,
     0.831339810,9775300,,instructions:u,1146272,100.00,,
     0.832487355,342,,branch-misses:u,1147936,100.00,,
     0.832487355,111,,cache-misses:u,1148064,100.00,,
     0.832487355,1524605,,bus-cycles:u,1147968,100.00,,
     0.832487355,9752489,,instructions:u,1148064,100.00,,
     0.833634965,343,,branch-misses:u,1147296,100.00,,
     0.833634965,46,,cache-misses:u,1147328,100.00,,
     0.833634965,1529881,,bus-cycles:u,1147328,100.00,,
     0.833634965,9804754,,instructions:u,1147232,100.00,,
     0.834781135,344,,branch-misses:u,1146112,100.00,,
     0.834781135,30,,cache-misses:u,1145984,100.00,,
     0.834781135,1527984,,bus-cycles:u,1145952,100.00,,
     0.834781135,9790367,,instructions:u,1145952,100.00,,
     0.835927785,342,,branch-misses:u,1146720,100.00,,
     0.835927785,96,,cache-misses:u,1146848,100.00,,
     0.835927785,1523309,,bus-cycles:u,1146912,100.00,,
     0.835927785,9738030,,instructions:u,1147008,100.00,,
     0.837076259,343,,branch-misses:u,1148320,100.00,,
     0.837076259,35,,cache-misses:u,1148160,100.00,,
     0.837076259,1531321,,bus-cycles:u,1148160,100.00,,
     0.837076259,9789694,,instructions:u,1148032,100.00,,
     0.838222908,343,,branch-misses:u,1146784,100.00,,
     0.838222908,32,,cache-misses:u,1146720,100.00,,
     0.838222908,1528815,,bus-cycles:u,1146656,100.00,,
     0.838222908,9785265,,instructions:u,1146688,100.00,,
     0.839368822,343,,branch-misses:u,1145888,100.00,,
     0.839368822,34,,cache-misses:u,1145952,100.00,,
     0.839368822,1527470,,bus-cycles:u,1145920,100.00,,
     0.839368822,9781337,,instructions:u,1145952,100.00,,
     0.840515209,344,,branch-misses:u,1146752,100.00,,
     0.840515209,94,,cache-misses:u,1146848,100.00,,
     0.840515209,1524843,,bus-cycles:u,1146912,100.00,,
     0.840515209,9752237,,instructions:u,1146880,100.00,,
     0.841662361,343,,branch-misses:u,1146816,100.00,,
     0.841662361,36,,cache-misses:u,1146848,100.00,,
     0.841662361,1528876,,bus-cycles:u,1146848,100.00,,
     0.841662361,9793921,,instructions:u,1146848,100.00,,
     0.842807113,342,,branch-misses:u,1144768,100.00,,
     0.842807113,39,,cache-misses:u,1144672,100.00,,
     0.842807113,1526706,,bus-cycles:u,1144704,100.00,,
     0.842807113,9761363,,instructions:u,1144736,100.00,,
     0.843953753,343,,branch-misses:u,1146880,100.00,,
     0.843953753,104,,cache-misses:u,1146976,100.00,,
     0.843953753,1524897,,bus-cycles:u,1147008,100.00,,
     0.843953753,9755826,,instructions:u,1147008,100.00,,
     0.845100809,343,,branch-misses:u,1146912,100.00,,
     0.845100809,34,,cache-misses:u,1146848,100.00,,
     0.845100809,1530302,,bus-cycles:u,1146848,100.00,,
     0.845100809,9800164,,instructions:u,1146720,100.00,,
     0.846248025,345,,branch-misses:u,1147104,100.00,,
     0.846248025,34,,cache-misses:u,1147136,100.00,,
     0.846248025,1530212,,bus-cycles:u,1147136,100.00,,
     0.846248025,9802308,,instructions:u,1147200,100.00,,
     0.847394506,343,,branch-misses:u,1146528,100.00,,
     0.847394506,37,,cache-misses:u,1146528,100.00,,
     0.847394506,1530312,,bus-cycles:u,1146496,100.00,,
     0.847394506,9793076,,instructions:u,1146528,100.00,,
     0.848541594,342,,branch-misses:u,1147168,100.00,,
     0.848541594,101,,cache-misses:u,1147168,100.00,,
     0.848541594,1526138,,bus-cycles:u,1147200,100.00,,
     0.848541594,9755581,,instructions:u,1147104,100.00,,
     0.849699210,346,,branch-misses:u,1157760,100.00,,
     0.849699210,40,,cache-misses:u,1158112,100.00,,
     0.849699210,1546090,,bus-cycles:u,1158112,100.00,,
     0.849699210,9881225,,instructions:u,1158208,100.00,,
     0.850846234,345,,branch-misses:u,1146976,100.00,,
     0.850846234,33,,cache-misses:u,1146528,100.00,,
     0.850846234,1529581,,bus-cycles:u,1146496,100.00,,
     0.850846234,9797946,,instructions:u,1146496,100.00,,
     0.851994634,343,,branch-misses:u,1148384,100.00,,
     0.851994634,96,,cache-misses:u,1148480,100.00,,
     0.851994634,1528007,,bus-cycles:u,1148448,100.00,,
     0.851994634,9772299,,instructions:u,1148480,100.00,,
     0.853141850,343,,branch-misses:u,1147360,100.00,,
     0.853141850,37,,cache-misses:u,1147328,100.00,,
     0.853141850,1530054,,bus-cycles:u,1147328,100.00,,
     0.853141850,9796520,,instructions:u,1147328,100.00,,
     0.854288682,343,,branch-misses:u,1146656,100.00,,
     0.854288682,32,,cache-misses:u,1146560,100.00,,
     0.854288682,1528721,,bus-cycles:u,1146592,100.00,,
     0.854288682,9788736,,instructions:u,1146496,100.00,,
     0.855434587,343,,branch-misses:u,1145888,100.00,,
     0.855434587,31,,cache-misses:u,1145952,100.00,,
     0.855434587,1528591,,bus-cycles:u,1145888,100.00,,
     0.855434587,9785739,,instructions:u,1145888,100.00,,
     0.856581835,343,,branch-misses:u,1147712,100.00,,
     0.856581835,104,,cache-misses:u,1147744,100.00,,
     0.856581835,1525792,,bus-cycles:u,1147744,100.00,,
     0.856581835,9755065,,instructions:u,1147808,100.00,,
     0.857729211,344,,branch-misses:u,1147104,100.00,,
     0.857729211,34,,cache-misses:u,1147040,100.00,,
     0.857729211,1529598,,bus-cycles:u,1147104,100.00,,
     0.857729211,9800126,,instructions:u,1147104,100.00,,
     0.858875531,342,,branch-misses:u,1146240,100.00,,
     0.858875531,39,,cache-misses:u,1146272,100.00,,
     0.858875531,1528675,,bus-cycles:u,1146272,100.00,,
     0.858875531,9765590,,instructions:u,1146176,100.00,,
     0.860023547,341,,branch-misses:u,1148032,100.00,,
     0.860023547,92,,cache-misses:u,1148032,100.00,,
     0.860023547,1525271,,bus-cycles:u,1148032,100.00,,
     0.860023547,9723369,,instructions:u,1148128,100.00,,
     0.861170635,343,,branch-misses:u,1147136,100.00,,
     0.861170635,34,,cache-misses:u,1147008,100.00,,
     0.861170635,1529370,,bus-cycles:u,1146944,100.00,,
     0.861170635,9782174,,instructions:u,1147008,100.00,,
     0.862316988,344,,branch-misses:u,1146336,100.00,,
     0.862316988,35,,cache-misses:u,1146464,100.00,,
     0.862316988,1529067,,bus-cycles:u,1146528,100.00,,
     0.862316988,9799514,,instructions:u,1146464,100.00,,
     0.863464268,343,,branch-misses:u,1147232,100.00,,
     0.863464268,36,,cache-misses:u,1147296,100.00,,
     0.863464268,1530033,,bus-cycles:u,1147296,100.00,,
     0.863464268,9776374,,instructions:u,1147296,100.00,,
     0.864610844,343,,branch-misses:u,1146720,100.00,,
     0.864610844,91,,cache-misses:u,1146656,100.00,,
     0.864610844,1523595,,bus-cycles:u,1146624,100.00,,
     0.864610844,9731762,,instructions:u,1146656,100.00,,
     0.865758316,342,,branch-misses:u,1147360,100.00,,
     0.865758316,34,,cache-misses:u,1147328,100.00,,
     0.865758316,1528841,,bus-cycles:u,1147264,100.00,,
     0.865758316,9783890,,instructions:u,1147200,100.00,,
     0.866907644,345,,branch-misses:u,1149344,100.00,,
     0.866907644,30,,cache-misses:u,1149376,100.00,,
     0.866907644,1532417,,bus-cycles:u,1149376,100.00,,
     0.866907644,9806701,,instructions:u,1149312,100.00,,
     0.868054444,342,,branch-misses:u,1147232,100.00,,
     0.868054444,130,,cache-misses:u,1147200,100.00,,
     0.868054444,1523294,,bus-cycles:u,1147200,100.00,,
     0.868054444,9751312,,instructions:u,1147360,100.00,,
     0.869203325,344,,branch-misses:u,1148512,100.00,,
     0.869203325,32,,cache-misses:u,1148672,100.00,,
     0.869203325,1531159,,bus-cycles:u,1148736,100.00,,
     0.869203325,9797453,,instructions:u,1148672,100.00,,
     0.870360909,345,,branch-misses:u,1157792,100.00,,
     0.870360909,34,,cache-misses:u,1158080,100.00,,
     0.870360909,1544282,,bus-cycles:u,1158080,100.00,,
     0.870360909,9880527,,instructions:u,1158080,100.00,,
     0.871508445,344,,branch-misses:u,1147360,100.00,,
     0.871508445,32,,cache-misses:u,1147040,100.00,,
     0.871508445,1529749,,bus-cycles:u,1147072,100.00,,
     0.871508445,9810502,,instructions:u,1147072,100.00,,
     0.872655437,342,,branch-misses:u,1147104,100.00,,
     0.872655437,100,,cache-misses:u,1147008,100.00,,
     0.872655437,1523079,,bus-cycles:u,1146944,100.00,,
     0.872655437,9742784,,instructions:u,1146976,100.00,,
     0.873803805,344,,branch-misses:u,1148320,100.00,,
     0.873803805,35,,cache-misses:u,1148256,100.00,,
     0.873803805,1530751,,bus-cycles:u,1148320,100.00,,
     0.873803805,9799714,,instructions:u,1148288,100.00,,
     0.874951021,343,,branch-misses:u,1147296,100.00,,
     0.874951021,39,,cache-misses:u,1147392,100.00,,
     0.874951021,1529654,,bus-cycles:u,1147392,100.00,,
     0.874951021,9793707,,instructions:u,1147360,100.00,,
     0.876098045,342,,branch-misses:u,1147040,100.00,,
     0.876098045,105,,cache-misses:u,1146976,100.00,,
     0.876098045,1523595,,bus-cycles:u,1146912,100.00,,
     0.876098045,9752358,,instructions:u,1146944,100.00,,
     0.877245582,345,,branch-misses:u,1147456,100.00,,
     0.877245582,33,,cache-misses:u,1147552,100.00,,
     0.877245582,1530247,,bus-cycles:u,1147680,100.00,,
     0.877245582,9798510,,instructions:u,1147552,100.00,,
     0.878391454,343,,branch-misses:u,1145888,100.00,,
     0.878391454,32,,cache-misses:u,1145888,100.00,,
     0.878391454,1527824,,bus-cycles:u,1145792,100.00,,
     0.878391454,9784805,,instructions:u,1145888,100.00,,
     0.879537262,343,,branch-misses:u,1145792,100.00,,
     0.879537262,32,,cache-misses:u,1145728,100.00,,
     0.879537262,1527824,,bus-cycles:u,1145728,100.00,,
     0.879537262,9776028,,instructions:u,1145824,100.00,,
     0.880697086,346,,branch-misses:u,1160064,100.00,,
     0.880697086,103,,cache-misses:u,1160032,100.00,,
     0.880697086,1541713,,bus-cycles:u,1160032,100.00,,
     0.880697086,9850827,,instructions:u,1159968,100.00,,
     0.881843886,343,,branch-misses:u,1146688,100.00,,
     0.881843886,50,,cache-misses:u,1146752,100.00,,
     0.881843886,1528363,,bus-cycles:u,1146784,100.00,,
     0.881843886,9786886,,instructions:u,1146784,100.00,,
     0.882989950,343,,branch-misses:u,1146016,100.00,,
     0.882989950,32,,cache-misses:u,1146048,100.00,,
     0.882989950,1527363,,bus-cycles:u,1146016,100.00,,
     0.882989950,9778983,,instructions:u,1146016,100.00,,
     0.884137262,343,,branch-misses:u,1147680,100.00,,
     0.884137262,99,,cache-misses:u,1147616,100.00,,
     0.884137262,1525681,,bus-cycles:u,1147648,100.00,,
     0.884137262,9756644,,instructions:u,1147680,100.00,,
     0.885285855,343,,branch-misses:u,1148352,100.00,,
     0.885285855,37,,cache-misses:u,1148320,100.00,,
     0.885285855,1531616,,bus-cycles:u,1148288,100.00,,
     0.885285855,9787994,,instructions:u,1148224,100.00,,
     0.886432207,342,,branch-misses:u,1146368,100.00,,
     0.886432207,32,,cache-misses:u,1146496,100.00,,
     0.886432207,1528798,,bus-cycles:u,1146528,100.00,,
     0.886432207,9784705,,instructions:u,1146496,100.00,,
     0.887578239,343,,branch-misses:u,1146048,100.00,,
     0.887578239,30,,cache-misses:u,1145920,100.00,,
     0.887578239,1528237,,bus-cycles:u,1145888,100.00,,
     0.887578239,9787983,,instructions:u,1145952,100.00,,
     0.888735183,346,,branch-misses:u,1157408,100.00,,
     0.888735183,85,,cache-misses:u,1157408,100.00,,
     0.888735183,1535501,,bus-cycles:u,1157440,100.00,,
     0.888735183,9817721,,instructions:u,1157504,100.00,,
     0.889882207,342,,branch-misses:u,1146560,100.00,,
     0.889882207,40,,cache-misses:u,1146528,100.00,,
     0.889882207,1528621,,bus-cycles:u,1146528,100.00,,
     0.889882207,9771287,,instructions:u,1146464,100.00,,
     0.891027791,342,,branch-misses:u,1145536,100.00,,
     0.891027791,37,,cache-misses:u,1145568,100.00,,
     0.891027791,1527203,,bus-cycles:u,1145536,100.00,,
     0.891027791,9758641,,instructions:u,1145568,100.00,,
     0.892187231,347,,branch-misses:u,1160032,100.00,,
     0.892187231,112,,cache-misses:u,1160480,100.00,,
     0.892187231,1540224,,bus-cycles:u,1160640,100.00,,
     0.892187231,9867347,,instructions:u,1160640,100.00,,
     0.893336783,344,,branch-misses:u,1148928,100.00,,
     0.893336783,35,,cache-misses:u,1148384,100.00,,
     0.893336783,1531035,,bus-cycles:u,1148192,100.00,,
     0.893336783,9800736,,instructions:u,1148128,100.00,,
     0.894482720,344,,branch-misses:u,1146080,100.00,,
     0.894482720,31,,cache-misses:u,1146144,100.00,,
     0.894482720,1528762,,bus-cycles:u,1146144,100.00,,
     0.894482720,9795171,,instructions:u,1146080,100.00,,
     0.895629456,343,,branch-misses:u,1147008,100.00,,
     0.895629456,50,,cache-misses:u,1147008,100.00,,
     0.895629456,1525963,,bus-cycles:u,1147104,100.00,,
     0.895629456,9768792,,instructions:u,1147232,100.00,,
     0.896776992,343,,branch-misses:u,1147200,100.00,,
     0.896776992,72,,cache-misses:u,1147392,100.00,,
     0.896776992,1530805,,bus-cycles:u,1147296,100.00,,
     0.896776992,9788519,,instructions:u,1147296,100.00,,
     0.897923024,343,,branch-misses:u,1146208,100.00,,
     0.897923024,32,,cache-misses:u,1146080,100.00,,
     0.897923024,1527709,,bus-cycles:u,1146144,100.00,,
     0.897923024,9786902,,instructions:u,1146048,100.00,,
     0.899068512,344,,branch-misses:u,1145344,100.00,,
     0.899068512,35,,cache-misses:u,1145376,100.00,,
     0.899068512,1527237,,bus-cycles:u,1145248,100.00,,
     0.899068512,9776861,,instructions:u,1145280,100.00,,
     0.900214928,342,,branch-misses:u,1146720,100.00,,
     0.900214928,100,,cache-misses:u,1146784,100.00,,
     0.900214928,1524067,,bus-cycles:u,1146848,100.00,,
     0.900214928,9753505,,instructions:u,1146912,100.00,,
     0.901362209,343,,branch-misses:u,1147008,100.00,,
     0.901362209,36,,cache-misses:u,1147008,100.00,,
     0.901362209,1528824,,bus-cycles:u,1147040,100.00,,
     0.901362209,9781939,,instructions:u,1147008,100.00,,
     0.902508017,343,,branch-misses:u,1145984,100.00,,
     0.902508017,31,,cache-misses:u,1145920,100.00,,
     0.902508017,1527705,,bus-cycles:u,1145952,100.00,,
     0.902508017,9791862,,instructions:u,1145984,100.00,,
     0.903655393,342,,branch-misses:u,1147552,100.00,,
     0.903655393,41,,cache-misses:u,1147552,100.00,,
     0.903655393,1525646,,bus-cycles:u,1147488,100.00,,
     0.903655393,9746439,,instructions:u,1147456,100.00,,
     0.904802673,343,,branch-misses:u,1147040,100.00,,
     0.904802673,69,,cache-misses:u,1147008,100.00,,
     0.904802673,1529027,,bus-cycles:u,1147040,100.00,,
     0.904802673,9791985,,instructions:u,1147040,100.00,,
     0.905949761,344,,branch-misses:u,1147072,100.00,,
     0.905949761,36,,cache-misses:u,1147040,100.00,,
     0.905949761,1529638,,bus-cycles:u,1147072,100.00,,
     0.905949761,9776750,,instructions:u,1147040,100.00,,
     0.907095730,342,,branch-misses:u,1145920,100.00,,
     0.907095730,33,,cache-misses:u,1145952,100.00,,
     0.907095730,1527761,,bus-cycles:u,1145888,100.00,,
     0.907095730,9758127,,instructions:u,1145920,100.00,,
     0.908242338,343,,branch-misses:u,1147072,100.00,,
     0.908242338,99,,cache-misses:u,1147040,100.00,,
     0.908242338,1521630,,bus-cycles:u,1147008,100.00,,
     0.908242338,9733349,,instructions:u,1147040,100.00,,
     0.909388850,344,,branch-misses:u,1146112,100.00,,
     0.909388850,34,,cache-misses:u,1146080,100.00,,
     0.909388850,1528091,,bus-cycles:u,1146144,100.00,,
     0.909388850,9785212,,instructions:u,1146112,100.00,,
     0.910534050,342,,branch-misses:u,1145248,100.00,,
     0.910534050,32,,cache-misses:u,1145440,100.00,,
     0.910534050,1527813,,bus-cycles:u,1145472,100.00,,
     0.910534050,9756051,,instructions:u,1145440,100.00,,
     0.911681010,343,,branch-misses:u,1146976,100.00,,
     0.911681010,69,,cache-misses:u,1146944,100.00,,
     0.911681010,1525826,,bus-cycles:u,1146912,100.00,,
     0.911681010,9753409,,instructions:u,1146944,100.00,,
     0.912839618,346,,branch-misses:u,1158848,100.00,,
     0.912839618,65,,cache-misses:u,1159104,100.00,,
     0.912839618,1545791,,bus-cycles:u,1159200,100.00,,
     0.912839618,9892413,,instructions:u,1159136,100.00,,
     0.913986962,343,,branch-misses:u,1147040,100.00,,
     0.913986962,50,,cache-misses:u,1146752,100.00,,
     0.913986962,1529065,,bus-cycles:u,1146624,100.00,,
     0.913986962,9795903,,instructions:u,1146720,100.00,,
     0.915133187,344,,branch-misses:u,1146400,100.00,,
     0.915133187,37,,cache-misses:u,1146240,100.00,,
     0.915133187,1527908,,bus-cycles:u,1146240,100.00,,
     0.915133187,9780248,,instructions:u,1146144,100.00,,
     0.916280083,342,,branch-misses:u,1146784,100.00,,
     0.916280083,103,,cache-misses:u,1146976,100.00,,
     0.916280083,1525214,,bus-cycles:u,1147008,100.00,,
     0.916280083,9754595,,instructions:u,1147136,100.00,,
     0.917428451,343,,branch-misses:u,1148448,100.00,,
     0.917428451,43,,cache-misses:u,1148320,100.00,,
     0.917428451,1530081,,bus-cycles:u,1148384,100.00,,
     0.917428451,9781800,,instructions:u,1148288,100.00,,
     0.918575539,342,,branch-misses:u,1147104,100.00,,
     0.918575539,30,,cache-misses:u,1147072,100.00,,
     0.918575539,1528904,,bus-cycles:u,1147040,100.00,,
     0.918575539,9769569,,instructions:u,1146944,100.00,,
     0.919722723,343,,branch-misses:u,1147264,100.00,,
     0.919722723,66,,cache-misses:u,1147264,100.00,,
     0.919722723,1524937,,bus-cycles:u,1147264,100.00,,
     0.919722723,9760001,,instructions:u,1147392,100.00,,
     0.920869491,343,,branch-misses:u,1146816,100.00,,
     0.920869491,63,,cache-misses:u,1146944,100.00,,
     0.920869491,1528951,,bus-cycles:u,1146912,100.00,,
     0.920869491,9786066,,instructions:u,1146880,100.00,,
     0.922015748,342,,branch-misses:u,1146176,100.00,,
     0.922015748,33,,cache-misses:u,1146176,100.00,,
     0.922015748,1527975,,bus-cycles:u,1146208,100.00,,
     0.922015748,9752068,,instructions:u,1146208,100.00,,
     0.923163220,343,,branch-misses:u,1147552,100.00,,
     0.923163220,32,,cache-misses:u,1147552,100.00,,
     0.923163220,1530419,,bus-cycles:u,1147552,100.00,,
     0.923163220,9792736,,instructions:u,1147616,100.00,,
     0.924311492,341,,branch-misses:u,1148640,100.00,,
     0.924311492,102,,cache-misses:u,1148672,100.00,,
     0.924311492,1526951,,bus-cycles:u,1148672,100.00,,
     0.924311492,9755189,,instructions:u,1148576,100.00,,
     0.925458868,343,,branch-misses:u,1146976,100.00,,
     0.925458868,32,,cache-misses:u,1146880,100.00,,
     0.925458868,1529465,,bus-cycles:u,1146784,100.00,,
     0.925458868,9778334,,instructions:u,1146816,100.00,,
     0.926604324,344,,branch-misses:u,1145440,100.00,,
     0.926604324,32,,cache-misses:u,1145408,100.00,,
     0.926604324,1527546,,bus-cycles:u,1145440,100.00,,
     0.926604324,9786157,,instructions:u,1145504,100.00,,
     0.927751252,343,,branch-misses:u,1146976,100.00,,
     0.927751252,76,,cache-misses:u,1146976,100.00,,
     0.927751252,1525177,,bus-cycles:u,1147008,100.00,,
     0.927751252,9767818,,instructions:u,1147104,100.00,,
     0.928898149,341,,branch-misses:u,1147008,100.00,,
     0.928898149,53,,cache-misses:u,1147008,100.00,,
     0.928898149,1528742,,bus-cycles:u,1146944,100.00,,
     0.928898149,9776306,,instructions:u,1146752,100.00,,
     0.930044565,343,,branch-misses:u,1146304,100.00,,
     0.930044565,32,,cache-misses:u,1146432,100.00,,
     0.930044565,1528812,,bus-cycles:u,1146528,100.00,,
     0.930044565,9779678,,instructions:u,1146560,100.00,,
     0.931190405,344,,branch-misses:u,1145888,100.00,,
     0.931190405,35,,cache-misses:u,1145888,100.00,,
     0.931190405,1527443,,bus-cycles:u,1145792,100.00,,
     0.931190405,9787608,,instructions:u,1145824,100.00,,
     0.932337493,341,,branch-misses:u,1147488,100.00,,
     0.932337493,119,,cache-misses:u,1147488,100.00,,
     0.932337493,1517333,,bus-cycles:u,1147584,100.00,,
     0.932337493,9707785,,instructions:u,1147680,100.00,,
     0.933486021,343,,branch-misses:u,1148256,100.00,,
     0.933486021,39,,cache-misses:u,1148224,100.00,,
     0.933486021,1530352,,bus-cycles:u,1148224,100.00,,
     0.933486021,9795617,,instructions:u,1148128,100.00,,
     0.934644053,345,,branch-misses:u,1158208,100.00,,
     0.934644053,47,,cache-misses:u,1158560,100.00,,
     0.934644053,1544096,,bus-cycles:u,1158624,100.00,,
     0.934644053,9867354,,instructions:u,1158624,100.00,,
     0.935793669,344,,branch-misses:u,1149376,100.00,,
     0.935793669,120,,cache-misses:u,1148928,100.00,,
     0.935793669,1527109,,bus-cycles:u,1148768,100.00,,
     0.935793669,9781770,,instructions:u,1148768,100.00,,
     0.936942230,344,,branch-misses:u,1148576,100.00,,
     0.936942230,36,,cache-misses:u,1148544,100.00,,
     0.936942230,1531978,,bus-cycles:u,1148576,100.00,,
     0.936942230,9793394,,instructions:u,1148576,100.00,,
     0.938088198,341,,branch-misses:u,1145984,100.00,,
     0.938088198,35,,cache-misses:u,1146112,100.00,,
     0.938088198,1528730,,bus-cycles:u,1146112,100.00,,
     0.938088198,9769126,,instructions:u,1146016,100.00,,
     0.939233718,342,,branch-misses:u,1145600,100.00,,
     0.939233718,44,,cache-misses:u,1145600,100.00,,
     0.939233718,1527870,,bus-cycles:u,1145568,100.00,,
     0.939233718,9765173,,instructions:u,1145568,100.00,,
     0.940381030,344,,branch-misses:u,1147392,100.00,,
     0.940381030,109,,cache-misses:u,1147296,100.00,,
     0.940381030,1525916,,bus-cycles:u,1147424,100.00,,
     0.940381030,9768607,,instructions:u,1147456,100.00,,
     0.941528406,343,,branch-misses:u,1147392,100.00,,
     0.941528406,37,,cache-misses:u,1147488,100.00,,
     0.941528406,1529567,,bus-cycles:u,1147424,100.00,,
     0.941528406,9793451,,instructions:u,1147520,100.00,,
     0.942675174,344,,branch-misses:u,1146752,100.00,,
     0.942675174,34,,cache-misses:u,1146592,100.00,,
     0.942675174,1528145,,bus-cycles:u,1146560,100.00,,
     0.942675174,9766146,,instructions:u,1146560,100.00,,
     0.943822135,340,,branch-misses:u,1147264,100.00,,
     0.943822135,106,,cache-misses:u,1147328,100.00,,
     0.943822135,1523026,,bus-cycles:u,1147424,100.00,,
     0.943822135,9715533,,instructions:u,1147424,100.00,,
     0.944969383,343,,branch-misses:u,1146912,100.00,,
     0.944969383,40,,cache-misses:u,1146880,100.00,,
     0.944969383,1528582,,bus-cycles:u,1146720,100.00,,
     0.944969383,9787826,,instructions:u,1146720,100.00,,
     0.946115287,343,,branch-misses:u,1145888,100.00,,
     0.946115287,32,,cache-misses:u,1145952,100.00,,
     0.946115287,1528238,,bus-cycles:u,1146080,100.00,,
     0.946115287,9787194,,instructions:u,1146016,100.00,,
     0.947260743,341,,branch-misses:u,1145536,100.00,,
     0.947260743,35,,cache-misses:u,1145568,100.00,,
     0.947260743,1527685,,bus-cycles:u,1145504,100.00,,
     0.947260743,9780656,,instructions:u,1145472,100.00,,
     0.948408247,344,,branch-misses:u,1147488,100.00,,
     0.948408247,103,,cache-misses:u,1147584,100.00,,
     0.948408247,1525182,,bus-cycles:u,1147616,100.00,,
     0.948408247,9763771,,instructions:u,1147680,100.00,,
     0.949555175,342,,branch-misses:u,1146944,100.00,,
     0.949555175,41,,cache-misses:u,1146848,100.00,,
     0.949555175,1528948,,bus-cycles:u,1146880,100.00,,
     0.949555175,9767162,,instructions:u,1146848,100.00,,
     0.950702104,342,,branch-misses:u,1147008,100.00,,
     0.950702104,35,,cache-misses:u,1146976,100.00,,
     0.950702104,1529320,,bus-cycles:u,1146944,100.00,,
     0.950702104,9766610,,instructions:u,1146976,100.00,,
     0.951850376,344,,branch-misses:u,1148608,100.00,,
     0.951850376,102,,cache-misses:u,1148672,100.00,,
     0.951850376,1527350,,bus-cycles:u,1148704,100.00,,
     0.951850376,9790023,,instructions:u,1148704,100.00,,
     0.952998648,344,,branch-misses:u,1147936,100.00,,
     0.952998648,35,,cache-misses:u,1147872,100.00,,
     0.952998648,1529956,,bus-cycles:u,1147776,100.00,,
     0.952998648,9794562,,instructions:u,1147808,100.00,,
     0.954145224,343,,branch-misses:u,1146624,100.00,,
     0.954145224,31,,cache-misses:u,1146720,100.00,,
     0.954145224,1528927,,bus-cycles:u,1146816,100.00,,
     0.954145224,9787273,,instructions:u,1146720,100.00,,
     0.955303576,347,,branch-misses:u,1158496,100.00,,
     0.955303576,33,,cache-misses:u,1158624,100.00,,
     0.955303576,1545076,,bus-cycles:u,1158656,100.00,,
     0.955303576,9894941,,instructions:u,1158720,100.00,,
     0.956452488,344,,branch-misses:u,1149024,100.00,,
     0.956452488,112,,cache-misses:u,1148960,100.00,,
     0.956452488,1525272,,bus-cycles:u,1148864,100.00,,
     0.956452488,9759248,,instructions:u,1148832,100.00,,
     0.957599928,342,,branch-misses:u,1147168,100.00,,
     0.957599928,34,,cache-misses:u,1147072,100.00,,
     0.957599928,1528329,,bus-cycles:u,1147168,100.00,,
     0.957599928,9788718,,instructions:u,1147200,100.00,,
     0.958746153,344,,branch-misses:u,1146176,100.00,,
     0.958746153,34,,cache-misses:u,1146048,100.00,,
     0.958746153,1527377,,bus-cycles:u,1145920,100.00,,
     0.958746153,9777509,,instructions:u,1145888,100.00,,
     0.959892761,342,,branch-misses:u,1146688,100.00,,
     0.959892761,108,,cache-misses:u,1146880,100.00,,
     0.959892761,1523731,,bus-cycles:u,1146976,100.00,,
     0.959892761,9744172,,instructions:u,1146976,100.00,,
     0.961040041,343,,branch-misses:u,1147232,100.00,,
     0.961040041,36,,cache-misses:u,1147104,100.00,,
     0.961040041,1529034,,bus-cycles:u,1147104,100.00,,
     0.961040041,9785959,,instructions:u,1147136,100.00,,
     0.962187129,344,,branch-misses:u,1147168,100.00,,
     0.962187129,33,,cache-misses:u,1147264,100.00,,
     0.962187129,1528838,,bus-cycles:u,1147232,100.00,,
     0.962187129,9791418,,instructions:u,1147200,100.00,,
     0.963333897,343,,branch-misses:u,1146752,100.00,,
     0.963333897,32,,cache-misses:u,1146720,100.00,,
     0.963333897,1528221,,bus-cycles:u,1146720,100.00,,
     0.963333897,9784536,,instructions:u,1146752,100.00,,
     0.964481049,343,,branch-misses:u,1147232,100.00,,
     0.964481049,107,,cache-misses:u,1147264,100.00,,
     0.964481049,1525134,,bus-cycles:u,1147200,100.00,,
     0.964481049,9751385,,instructions:u,1147296,100.00,,
     0.965629258,345,,branch-misses:u,1148064,100.00,,
     0.965629258,41,,cache-misses:u,1147936,100.00,,
     0.965629258,1529778,,bus-cycles:u,1148000,100.00,,
     0.965629258,9795521,,instructions:u,1147872,100.00,,
     0.966774554,341,,branch-misses:u,1145376,100.00,,
     0.966774554,41,,cache-misses:u,1145504,100.00,,
     0.966774554,1527030,,bus-cycles:u,1145568,100.00,,
     0.966774554,9763305,,instructions:u,1145632,100.00,,
     0.967921898,343,,branch-misses:u,1147392,100.00,,
     0.967921898,108,,cache-misses:u,1147360,100.00,,
     0.967921898,1524422,,bus-cycles:u,1147296,100.00,,
     0.967921898,9763850,,instructions:u,1147296,100.00,,
     0.969069178,344,,branch-misses:u,1147360,100.00,,
     0.969069178,35,,cache-misses:u,1147360,100.00,,
     0.969069178,1529106,,bus-cycles:u,1147360,100.00,,
     0.969069178,9795966,,instructions:u,1147296,100.00,,
     0.970216266,343,,branch-misses:u,1147008,100.00,,
     0.970216266,36,,cache-misses:u,1146976,100.00,,
     0.970216266,1529550,,bus-cycles:u,1147008,100.00,,
     0.970216266,9792867,,instructions:u,1147072,100.00,,
     0.971362458,343,,branch-misses:u,1146208,100.00,,
     0.971362458,32,,cache-misses:u,1146272,100.00,,
     0.971362458,1527925,,bus-cycles:u,1146208,100.00,,
     0.971362458,9779379,,instructions:u,1146176,100.00,,
     0.972508587,342,,branch-misses:u,1146240,100.00,,
     0.972508587,102,,cache-misses:u,1146208,100.00,,
     0.972508587,1521132,,bus-cycles:u,1146208,100.00,,
     0.972508587,9726769,,instructions:u,1146240,100.00,,
     0.973655707,343,,branch-misses:u,1147040,100.00,,
     0.973655707,41,,cache-misses:u,1146816,100.00,,
     0.973655707,1528529,,bus-cycles:u,1146848,100.00,,
     0.973655707,9786945,,instructions:u,1146784,100.00,,
     0.974801035,343,,branch-misses:u,1145312,100.00,,
     0.974801035,34,,cache-misses:u,1145600,100.00,,
     0.974801035,1526395,,bus-cycles:u,1145600,100.00,,
     0.974801035,9772460,,instructions:u,1145600,100.00,,
     0.975947963,343,,branch-misses:u,1147008,100.00,,
     0.975947963,105,,cache-misses:u,1146912,100.00,,
     0.975947963,1523288,,bus-cycles:u,1146976,100.00,,
     0.975947963,9752592,,instructions:u,1146976,100.00,,
     0.977105291,346,,branch-misses:u,1157504,100.00,,
     0.977105291,31,,cache-misses:u,1157568,100.00,,
     0.977105291,1541418,,bus-cycles:u,1157632,100.00,,
     0.977105291,9854726,,instructions:u,1157600,100.00,,
     0.978252443,342,,branch-misses:u,1147040,100.00,,
     0.978252443,35,,cache-misses:u,1146976,100.00,,
     0.978252443,1527870,,bus-cycles:u,1146848,100.00,,
     0.978252443,9780624,,instructions:u,1146944,100.00,,
     0.979398380,343,,branch-misses:u,1145920,100.00,,
     0.979398380,36,,cache-misses:u,1145888,100.00,,
     0.979398380,1526838,,bus-cycles:u,1145920,100.00,,
     0.979398380,9779897,,instructions:u,1145792,100.00,,
     0.980545820,343,,branch-misses:u,1147328,100.00,,
     0.980545820,102,,cache-misses:u,1147328,100.00,,
     0.980545820,1524468,,bus-cycles:u,1147296,100.00,,
     0.980545820,9762216,,instructions:u,1147456,100.00,,
     0.981692428,343,,branch-misses:u,1146720,100.00,,
     0.981692428,34,,cache-misses:u,1146752,100.00,,
     0.981692428,1528396,,bus-cycles:u,1146752,100.00,,
     0.981692428,9780558,,instructions:u,1146720,100.00,,
     0.982837980,342,,branch-misses:u,1145568,100.00,,
     0.982837980,37,,cache-misses:u,1145504,100.00,,
     0.982837980,1526624,,bus-cycles:u,1145568,100.00,,
     0.982837980,9779753,,instructions:u,1145504,100.00,,
     0.983984652,344,,branch-misses:u,1146688,100.00,,
     0.983984652,109,,cache-misses:u,1146752,100.00,,
     0.983984652,1522858,,bus-cycles:u,1146688,100.00,,
     0.983984652,9740217,,instructions:u,1146752,100.00,,
     0.985131324,343,,branch-misses:u,1146752,100.00,,
     0.985131324,35,,cache-misses:u,1146784,100.00,,
     0.985131324,1528407,,bus-cycles:u,1146816,100.00,,
     0.985131324,9783390,,instructions:u,1146752,100.00,,
     0.986277709,343,,branch-misses:u,1146272,100.00,,
     0.986277709,35,,cache-misses:u,1146240,100.00,,
     0.986277709,1527660,,bus-cycles:u,1146176,100.00,,
     0.986277709,9769416,,instructions:u,1146144,100.00,,
     0.987422909,343,,branch-misses:u,1145280,100.00,,
     0.987422909,33,,cache-misses:u,1145280,100.00,,
     0.987422909,1526720,,bus-cycles:u,1145184,100.00,,
     0.987422909,9775493,,instructions:u,1145312,100.00,,
     0.988569197,342,,branch-misses:u,1146560,100.00,,
     0.988569197,106,,cache-misses:u,1146656,100.00,,
     0.988569197,1523241,,bus-cycles:u,1146880,100.00,,
     0.988569197,9736906,,instructions:u,1146816,100.00,,
     0.989717021,343,,branch-misses:u,1147584,100.00,,
     0.989717021,34,,cache-misses:u,1147648,100.00,,
     0.989717021,1529956,,bus-cycles:u,1147584,100.00,,
     0.989717021,9780477,,instructions:u,1147552,100.00,,
     0.990861805,342,,branch-misses:u,1144768,100.00,,
     0.990861805,32,,cache-misses:u,1144672,100.00,,
     0.990861805,1526189,,bus-cycles:u,1144704,100.00,,
     0.990861805,9758973,,instructions:u,1144672,100.00,,
     0.992008381,342,,branch-misses:u,1147136,100.00,,
     0.992008381,125,,cache-misses:u,1147424,100.00,,
     0.992008381,1521871,,bus-cycles:u,1147424,100.00,,
     0.992008381,9715113,,instructions:u,1147520,100.00,,
     0.993157774,343,,branch-misses:u,1148992,100.00,,
     0.993157774,37,,cache-misses:u,1148704,100.00,,
     0.993157774,1530947,,bus-cycles:u,1148672,100.00,,
     0.993157774,9792324,,instructions:u,1148640,100.00,,
     0.994303582,342,,branch-misses:u,1145696,100.00,,
     0.994303582,39,,cache-misses:u,1145568,100.00,,
     0.994303582,1526319,,bus-cycles:u,1145568,100.00,,
     0.994303582,9758646,,instructions:u,1145632,100.00,,
     0.995449422,344,,branch-misses:u,1145984,100.00,,
     0.995449422,33,,cache-misses:u,1146336,100.00,,
     0.995449422,1526572,,bus-cycles:u,1146304,100.00,,
     0.995449422,9769769,,instructions:u,1146272,100.00,,
     0.996596350,341,,branch-misses:u,1147200,100.00,,
     0.996596350,99,,cache-misses:u,1146976,100.00,,
     0.996596350,1521915,,bus-cycles:u,1147072,100.00,,
     0.996596350,9727417,,instructions:u,1147040,100.00,,
     0.997754926,346,,branch-misses:u,1158528,100.00,,
     0.997754926,36,,cache-misses:u,1158848,100.00,,
     0.997754926,1544099,,bus-cycles:u,1158848,100.00,,
     0.997754926,9848123,,instructions:u,1158848,100.00,,
     0.998902174,341,,branch-misses:u,1147008,100.00,,
     0.998902174,35,,cache-misses:u,1146624,100.00,,
     0.998902174,1527443,,bus-cycles:u,1146560,100.00,,
     0.998902174,9737326,,instructions:u,1146592,100.00,,
     1.000049455,343,,branch-misses:u,1147360,100.00,,
     1.000049455,115,,cache-misses:u,1147296,100.00,,
     1.000049455,1525059,,bus-cycles:u,1147296,100.00,,
     1.000049455,9765775,,instructions:u,1147200,100.00,,
     1.001196287,343,,branch-misses:u,1146784,100.00,,
     1.001196287,35,,cache-misses:u,1146944,100.00,,
     1.001196287,1528075,,bus-cycles:u,1146944,100.00,,
     1.001196287,9777666,,instructions:u,1147040,100.00,,
     1.002342095,343,,branch-misses:u,1145888,100.00,,
     1.002342095,31,,cache-misses:u,1145920,100.00,,
     1.002342095,1525928,,bus-cycles:u,1145888,100.00,,
     1.002342095,9770355,,instructions:u,1145888,100.00,,
     1.003487967,341,,branch-misses:u,1145856,100.00,,
     1.003487967,31,,cache-misses:u,1145760,100.00,,
     1.003487967,1525988,,bus-cycles:u,1145760,100.00,,
     1.003487967,9771132,,instructions:u,1145792,100.00,,
     1.004635951,343,,branch-misses:u,1148352,100.00,,
     1.004635951,101,,cache-misses:u,1148416,100.00,,
     1.004635951,1523801,,bus-cycles:u,1148480,100.00,,
     1.004635951,9741209,,instructions:u,1148480,100.00,,
     1.005784159,342,,branch-misses:u,1147904,100.00,,
     1.005784159,44,,cache-misses:u,1147840,100.00,,
     1.005784159,1528781,,bus-cycles:u,1147808,100.00,,
     1.005784159,9776621,,instructions:u,1147712,100.00,,
     1.006929840,343,,branch-misses:u,1145568,100.00,,
     1.006929840,42,,cache-misses:u,1145504,100.00,,
     1.006929840,1526924,,bus-cycles:u,1145472,100.00,,
     1.006929840,9775721,,instructions:u,1145472,100.00,,
     1.008075936,343,,branch-misses:u,1146528,100.00,,
     1.008075936,99,,cache-misses:u,1146656,100.00,,
     1.008075936,1520567,,bus-cycles:u,1146720,100.00,,
     1.008075936,9739757,,instructions:u,1146752,100.00,,
     1.009223664,343,,branch-misses:u,1147328,100.00,,
     1.009223664,34,,cache-misses:u,1147584,100.00,,
     1.009223664,1529343,,bus-cycles:u,1147552,100.00,,
     1.009223664,9791058,,instructions:u,1147616,100.00,,
     1.010370048,342,,branch-misses:u,1146432,100.00,,
     1.010370048,34,,cache-misses:u,1146112,100.00,,
     1.010370048,1527523,,bus-cycles:u,1146112,100.00,,
     1.010370048,9777072,,instructions:u,1145984,100.00,,
     1.011515632,342,,branch-misses:u,1145504,100.00,,
     1.011515632,42,,cache-misses:u,1145600,100.00,,
     1.011515632,1526851,,bus-cycles:u,1145632,100.00,,
     1.011515632,9763009,,instructions:u,1145632,100.00,,
     1.012663424,344,,branch-misses:u,1147904,100.00,,
     1.012663424,117,,cache-misses:u,1147712,100.00,,
     1.012663424,1524334,,bus-cycles:u,1147648,100.00,,
     1.012663424,9747189,,instructions:u,1147680,100.00,,
     1.013808881,343,,branch-misses:u,1145440,100.00,,
     1.013808881,28,,cache-misses:u,1145504,100.00,,
     1.013808881,1526462,,bus-cycles:u,1145504,100.00,,
     1.013808881,9776120,,instructions:u,1145568,100.00,,
     1.014956097,343,,branch-misses:u,1147328,100.00,,
     1.014956097,30,,cache-misses:u,1147200,100.00,,
     1.014956097,1528452,,bus-cycles:u,1147200,100.00,,
     1.014956097,9785138,,instructions:u,1147136,100.00,,
     1.016103857,344,,branch-misses:u,1147744,100.00,,
     1.016103857,102,,cache-misses:u,1147808,100.00,,
     1.016103857,1525066,,bus-cycles:u,1147872,100.00,,
     1.016103857,9760587,,instructions:u,1147904,100.00,,
     1.017250209,342,,branch-misses:u,1146336,100.00,,
     1.017250209,31,,cache-misses:u,1146464,100.00,,
     1.017250209,1527280,,bus-cycles:u,1146400,100.00,,
     1.017250209,9763865,,instructions:u,1146400,100.00,,
     1.018405553,344,,branch-misses:u,1155424,100.00,,
     1.018405553,32,,cache-misses:u,1155712,100.00,,
     1.018405553,1539933,,bus-cycles:u,1155776,100.00,,
     1.018405553,9859158,,instructions:u,1155808,100.00,,
     1.019552225,345,,branch-misses:u,1146688,100.00,,
     1.019552225,33,,cache-misses:u,1146368,100.00,,
     1.019552225,1527187,,bus-cycles:u,1146272,100.00,,
     1.019552225,9778547,,instructions:u,1146272,100.00,,
     1.020710065,344,,branch-misses:u,1158240,100.00,,
     1.020710065,90,,cache-misses:u,1158144,100.00,,
     1.020710065,1538865,,bus-cycles:u,1158240,100.00,,
     1.020710065,9841275,,instructions:u,1158208,100.00,,
     1.021856034,342,,branch-misses:u,1145536,100.00,,
     1.021856034,40,,cache-misses:u,1145632,100.00,,
     1.021856034,1526283,,bus-cycles:u,1145568,100.00,,
     1.021856034,9750055,,instructions:u,1145440,100.00,,
     1.023001458,342,,branch-misses:u,1145568,100.00,,
     1.023001458,34,,cache-misses:u,1145504,100.00,,
     1.023001458,1526358,,bus-cycles:u,1145536,100.00,,
     1.023001458,9757158,,instructions:u,1145664,100.00,,
     1.024147938,343,,branch-misses:u,1146784,100.00,,
     1.024147938,101,,cache-misses:u,1146784,100.00,,
     1.024147938,1523250,,bus-cycles:u,1146720,100.00,,
     1.024147938,9734406,,instructions:u,1146688,100.00,,
     1.025295026,342,,branch-misses:u,1146688,100.00,,
     1.025295026,33,,cache-misses:u,1146752,100.00,,
     1.025295026,1527638,,bus-cycles:u,1146784,100.00,,
     1.025295026,9786177,,instructions:u,1146784,100.00,,
     1.026440706,342,,branch-misses:u,1145728,100.00,,
     1.026440706,32,,cache-misses:u,1145696,100.00,,
     1.026440706,1525519,,bus-cycles:u,1145696,100.00,,
     1.026440706,9762975,,instructions:u,1145664,100.00,,
     1.027585170,342,,branch-misses:u,1144384,100.00,,
     1.027585170,40,,cache-misses:u,1144384,100.00,,
     1.027585170,1524149,,bus-cycles:u,1144416,100.00,,
     1.027585170,9741597,,instructions:u,1144384,100.00,,
     1.028739938,344,,branch-misses:u,1154912,100.00,,
     1.028739938,91,,cache-misses:u,1154848,100.00,,
     1.028739938,1533845,,bus-cycles:u,1154784,100.00,,
     1.028739938,9800941,,instructions:u,1154816,100.00,,
     1.029885715,343,,branch-misses:u,1145760,100.00,,
     1.029885715,31,,cache-misses:u,1145696,100.00,,
     1.029885715,1525839,,bus-cycles:u,1145696,100.00,,
     1.029885715,9763620,,instructions:u,1145632,100.00,,
     1.031030371,341,,branch-misses:u,1144672,100.00,,
     1.031030371,31,,cache-misses:u,1144768,100.00,,
     1.031030371,1525076,,bus-cycles:u,1144800,100.00,,
     1.031030371,9722623,,instructions:u,1144800,100.00,,
     1.032176883,341,,branch-misses:u,1146912,100.00,,
     1.032176883,99,,cache-misses:u,1147008,100.00,,
     1.032176883,1523153,,bus-cycles:u,1147072,100.00,,
     1.032176883,9727720,,instructions:u,1147232,100.00,,
     1.033323107,342,,branch-misses:u,1145856,100.00,,
     1.033323107,36,,cache-misses:u,1145760,100.00,,
     1.033323107,1526651,,bus-cycles:u,1145664,100.00,,
     1.033323107,9759123,,instructions:u,1145536,100.00,,
     1.034467987,342,,branch-misses:u,1144864,100.00,,
     1.034467987,27,,cache-misses:u,1144864,100.00,,
     1.034467987,1525235,,bus-cycles:u,1144960,100.00,,
     1.034467987,9754077,,instructions:u,1145056,100.00,,
     1.035612804,343,,branch-misses:u,1150880,100.00,,
     1.035612804,35,,cache-misses:u,1151360,100.00,,
     1.035612804,1530163,,bus-cycles:u,1151424,100.00,,
     1.035612804,9775782,,instructions:u,1151424,100.00,,
     1.036767860,343,,branch-misses:u,1149152,100.00,,
     1.036767860,65,,cache-misses:u,1148704,100.00,,
     1.036767860,1530018,,bus-cycles:u,1148576,100.00,,
     1.036767860,9781751,,instructions:u,1148480,100.00,,
     1.037914052,343,,branch-misses:u,1146144,100.00,,
     1.037914052,31,,cache-misses:u,1146176,100.00,,
     1.037914052,1526877,,bus-cycles:u,1146272,100.00,,
     1.037914052,9770797,,instructions:u,1146336,100.00,,
     1.039058964,342,,branch-misses:u,1144768,100.00,,
     1.039058964,33,,cache-misses:u,1144768,100.00,,
     1.039058964,1524720,,bus-cycles:u,1144672,100.00,,
     1.039058964,9744765,,instructions:u,1144640,100.00,,
     1.040219428,346,,branch-misses:u,1161056,100.00,,
     1.040219428,102,,cache-misses:u,1161024,100.00,,
     1.040219428,1541335,,bus-cycles:u,1161120,100.00,,
     1.040219428,9864608,,instructions:u,1161216,100.00,,
     1.041366708,344,,branch-misses:u,1146912,100.00,,
     1.041366708,32,,cache-misses:u,1146912,100.00,,
     1.041366708,1527004,,bus-cycles:u,1146816,100.00,,
     1.041366708,9782613,,instructions:u,1146720,100.00,,
     1.042511780,343,,branch-misses:u,1145056,100.00,,
     1.042511780,31,,cache-misses:u,1145088,100.00,,
     1.042511780,1525462,,bus-cycles:u,1145088,100.00,,
     1.042511780,9760810,,instructions:u,1145120,100.00,,
     1.043658773,341,,branch-misses:u,1147008,100.00,,
     1.043658773,63,,cache-misses:u,1146976,100.00,,
     1.043658773,1523064,,bus-cycles:u,1146912,100.00,,
     1.043658773,9748530,,instructions:u,1146976,100.00,,
     1.044805029,342,,branch-misses:u,1146208,100.00,,
     1.044805029,61,,cache-misses:u,1146176,100.00,,
     1.044805029,1526553,,bus-cycles:u,1146240,100.00,,
     1.044805029,9747636,,instructions:u,1146144,100.00,,
     1.045949429,341,,branch-misses:u,1144448,100.00,,
     1.045949429,47,,cache-misses:u,1144480,100.00,,
     1.045949429,1525072,,bus-cycles:u,1144512,100.00,,
     1.045949429,9757702,,instructions:u,1144448,100.00,,
     1.047094661,342,,branch-misses:u,1145312,100.00,,
     1.047094661,31,,cache-misses:u,1145312,100.00,,
     1.047094661,1525642,,bus-cycles:u,1145312,100.00,,
     1.047094661,9741141,,instructions:u,1145376,100.00,,
     1.048240853,341,,branch-misses:u,1146176,100.00,,
     1.048240853,94,,cache-misses:u,1146080,100.00,,
     1.048240853,1523134,,bus-cycles:u,1146016,100.00,,
     1.048240853,9746694,,instructions:u,1146080,100.00,,
     1.049386950,342,,branch-misses:u,1146016,100.00,,
     1.049386950,30,,cache-misses:u,1146048,100.00,,
     1.049386950,1526820,,bus-cycles:u,1146048,100.00,,
     1.049386950,9760032,,instructions:u,1146048,100.00,,
     1.050531542,342,,branch-misses:u,1144672,100.00,,
     1.050531542,37,,cache-misses:u,1144704,100.00,,
     1.050531542,1524876,,bus-cycles:u,1144800,100.00,,
     1.050531542,9763647,,instructions:u,1144832,100.00,,
     1.051677766,343,,branch-misses:u,1146304,100.00,,
     1.051677766,74,,cache-misses:u,1146304,100.00,,
     1.051677766,1520735,,bus-cycles:u,1146240,100.00,,
     1.051677766,9731485,,instructions:u,1146208,100.00,,
     1.052823318,342,,branch-misses:u,1145440,100.00,,
     1.052823318,62,,cache-misses:u,1145440,100.00,,
     1.052823318,1525017,,bus-cycles:u,1145472,100.00,,
     1.052823318,9745990,,instructions:u,1145440,100.00,,
     1.053968998,341,,branch-misses:u,1145824,100.00,,
     1.053968998,25,,cache-misses:u,1145824,100.00,,
     1.053968998,1525385,,bus-cycles:u,1145792,100.00,,
     1.053968998,9723417,,instructions:u,1145728,100.00,,
     1.055113814,342,,branch-misses:u,1144768,100.00,,
     1.055113814,33,,cache-misses:u,1144832,100.00,,
     1.055113814,1524203,,bus-cycles:u,1144864,100.00,,
     1.055113814,9756948,,instructions:u,1144960,100.00,,
     1.056259911,342,,branch-misses:u,1146432,100.00,,
     1.056259911,103,,cache-misses:u,1146496,100.00,,
     1.056259911,1521336,,bus-cycles:u,1146464,100.00,,
     1.056259911,9730986,,instructions:u,1146432,100.00,,
     1.057405879,341,,branch-misses:u,1145632,100.00,,
     1.057405879,36,,cache-misses:u,1145600,100.00,,
     1.057405879,1525829,,bus-cycles:u,1145664,100.00,,
     1.057405879,9757129,,instructions:u,1145632,100.00,,
     1.058550439,342,,branch-misses:u,1144512,100.00,,
     1.058550439,27,,cache-misses:u,1144448,100.00,,
     1.058550439,1523754,,bus-cycles:u,1144352,100.00,,
     1.058550439,9753028,,instructions:u,1144384,100.00,,
     1.059695863,342,,branch-misses:u,1145952,100.00,,
     1.059695863,52,,cache-misses:u,1146048,100.00,,
     1.059695863,1520617,,bus-cycles:u,1146080,100.00,,
     1.059695863,9726469,,instructions:u,1146080,100.00,,
     1.060854567,346,,branch-misses:u,1158400,100.00,,
     1.060854567,58,,cache-misses:u,1158464,100.00,,
     1.060854567,1543071,,bus-cycles:u,1158560,100.00,,
     1.060854567,9894233,,instructions:u,1158592,100.00,,
     1.062001399,343,,branch-misses:u,1146720,100.00,,
     1.062001399,33,,cache-misses:u,1146688,100.00,,
     1.062001399,1527970,,bus-cycles:u,1146624,100.00,,
     1.062001399,9780862,,instructions:u,1146592,100.00,,
     1.063146472,342,,branch-misses:u,1144992,100.00,,
     1.063146472,39,,cache-misses:u,1144832,100.00,,
     1.063146472,1525897,,bus-cycles:u,1144800,100.00,,
     1.063146472,9770828,,instructions:u,1144864,100.00,,
     1.064293016,432,,branch-misses:u,1146784,100.00,,
     1.064293016,157,,cache-misses:u,1146624,100.00,,
     1.064293016,1503166,,bus-cycles:u,1146496,100.00,,
     1.064293016,9538301,,instructions:u,1146336,100.00,,
     1.064485269,37,,branch-misses:u,145440,100.00,,
     1.064485269,25,,cache-misses:u,143040,100.00,,
     1.064485269,5739,,bus-cycles:u,140704,100.00,,
     1.064485269,545,,instructions:u,138368,100.00,,
