     0.001072642,1063,,branch-misses:u,548512,100.00,,
     0.001072642,354,,cache-misses:u,553888,100.00,,
     0.001072642,60609,,bus-cycles:u,557248,100.00,,
     0.001072642,36496,,instructions:u,560064,100.00,,
     0.002350601,1569,,branch-misses:u,1273056,100.00,,
     0.002350601,2016,,cache-misses:u,1271456,100.00,,
     0.002350601,1485282,,bus-cycles:u,1270752,100.00,,
     0.002350601,8758894,,instructions:u,1270624,100.00,,
     0.003507789,247,,branch-misses:u,906784,100.00,,
     0.003507789,779,,cache-misses:u,906560,100.00,,
     0.003507789,1048346,,bus-cycles:u,907200,100.00,,
     0.003507789,6683997,,instructions:u,907584,100.00,,
     0.004683858,313,,branch-misses:u,1170688,100.00,,
     0.004683858,40,,cache-misses:u,1167136,100.00,,
     0.004683858,1377347,,bus-cycles:u,1163840,100.00,,
     0.004683858,8776900,,instructions:u,1160768,100.00,,
     0.005837142,273,,branch-misses:u,977280,100.00,,
     0.005837142,724,,cache-misses:u,980000,100.00,,
     0.005837142,1208100,,bus-cycles:u,982816,100.00,,
     0.005837142,7731615,,instructions:u,985824,100.00,,
     0.006995610,344,,branch-misses:u,1154400,100.00,,
     0.006995610,103,,cache-misses:u,1151680,100.00,,
     0.006995610,1436079,,bus-cycles:u,1148864,100.00,,
     0.006995610,9162265,,instructions:u,1145856,100.00,,
     0.008146558,275,,branch-misses:u,1036096,100.00,,
     0.008146558,715,,cache-misses:u,1039072,100.00,,
     0.008146558,1221069,,bus-cycles:u,1041856,100.00,,
     0.008146558,7808241,,instructions:u,1044768,100.00,,
     0.009307426,314,,branch-misses:u,1160160,100.00,,
     0.009307426,37,,cache-misses:u,1160224,100.00,,
     0.009307426,1371604,,bus-cycles:u,1160320,100.00,,
     0.009307426,8762759,,instructions:u,1160256,100.00,,
     0.010467270,313,,branch-misses:u,1159680,100.00,,
     0.010467270,38,,cache-misses:u,1159616,100.00,,
     0.010467270,1370520,,bus-cycles:u,1159488,100.00,,
     0.010467270,8767242,,instructions:u,1159520,100.00,,
     0.011640042,290,,branch-misses:u,1050432,100.00,,
     0.011640042,744,,cache-misses:u,1050560,100.00,,
     0.011640042,1267590,,bus-cycles:u,1050592,100.00,,
     0.011640042,8089255,,instructions:u,1050624,100.00,,
     0.012793838,329,,branch-misses:u,1152768,100.00,,
     0.012793838,42,,cache-misses:u,1152704,100.00,,
     0.012793838,1448675,,bus-cycles:u,1152672,100.00,,
     0.012793838,9248815,,instructions:u,1152576,100.00,,
     0.013946066,331,,branch-misses:u,1152320,100.00,,
     0.013946066,40,,cache-misses:u,1152096,100.00,,
     0.013946066,1447764,,bus-cycles:u,1152000,100.00,,
     0.013946066,9250532,,instructions:u,1151872,100.00,,
     0.015099190,295,,branch-misses:u,1043200,100.00,,
     0.015099190,703,,cache-misses:u,1043872,100.00,,
     0.015099190,1293496,,bus-cycles:u,1044288,100.00,,
     0.015099190,8252687,,instructions:u,1044576,100.00,,
     0.016261594,353,,branch-misses:u,1160448,100.00,,
     0.016261594,89,,cache-misses:u,1159680,100.00,,
     0.016261594,1544507,,bus-cycles:u,1159200,100.00,,
     0.016261594,9867483,,instructions:u,1158848,100.00,,
     0.017409309,347,,branch-misses:u,1147424,100.00,,
     0.017409309,44,,cache-misses:u,1147328,100.00,,
     0.017409309,1528545,,bus-cycles:u,1147264,100.00,,
     0.017409309,9763344,,instructions:u,1147200,100.00,,
     0.018561601,347,,branch-misses:u,1152576,100.00,,
     0.018561601,48,,cache-misses:u,1152512,100.00,,
     0.018561601,1525266,,bus-cycles:u,1152512,100.00,,
     0.018561601,9740620,,instructions:u,1152544,100.00,,
     0.019710149,348,,branch-misses:u,1148128,100.00,,
     0.019710149,100,,cache-misses:u,1148224,100.00,,
     0.019710149,1529966,,bus-cycles:u,1148224,100.00,,
     0.019710149,9782252,,instructions:u,1148256,100.00,,
     0.020855689,347,,branch-misses:u,1145216,100.00,,
     0.020855689,32,,cache-misses:u,1145184,100.00,,
     0.020855689,1525192,,bus-cycles:u,1145152,100.00,,
     0.020855689,9757718,,instructions:u,1145056,100.00,,
     0.022000428,349,,branch-misses:u,1145024,100.00,,
     0.022000428,38,,cache-misses:u,1145024,100.00,,
     0.022000428,1526129,,bus-cycles:u,1145120,100.00,,
     0.022000428,9769298,,instructions:u,1145152,100.00,,
     0.023168752,354,,branch-misses:u,1168960,100.00,,
     0.023168752,126,,cache-misses:u,1169472,100.00,,
     0.023168752,1550446,,bus-cycles:u,1169440,100.00,,
     0.023168752,9905039,,instructions:u,1169504,100.00,,
     0.024319956,349,,branch-misses:u,1150432,100.00,,
     0.024319956,38,,cache-misses:u,1149760,100.00,,
     0.024319956,1532194,,bus-cycles:u,1149728,100.00,,
     0.024319956,9792086,,instructions:u,1149664,100.00,,
     0.025465176,347,,branch-misses:u,1145152,100.00,,
     0.025465176,31,,cache-misses:u,1145472,100.00,,
     0.025465176,1526309,,bus-cycles:u,1145504,100.00,,
     0.025465176,9766107,,instructions:u,1145440,100.00,,
     0.026984519,459,,branch-misses:u,1520960,100.00,,
     0.026984519,117,,cache-misses:u,1521152,100.00,,
     0.026984519,2020349,,bus-cycles:u,1521440,100.00,,
     0.026984519,12932549,,instructions:u,1521920,100.00,,
     0.028145995,354,,branch-misses:u,1160160,100.00,,
     0.028145995,34,,cache-misses:u,1160096,100.00,,
     0.028145995,1545231,,bus-cycles:u,1159936,100.00,,
     0.028145995,9879286,,instructions:u,1159584,100.00,,
     0.029294575,349,,branch-misses:u,1148416,100.00,,
     0.029294575,32,,cache-misses:u,1148192,100.00,,
     0.029294575,1530284,,bus-cycles:u,1148000,100.00,,
     0.029294575,9786816,,instructions:u,1147744,100.00,,
     0.030439826,347,,branch-misses:u,1145088,100.00,,
     0.030439826,40,,cache-misses:u,1145056,100.00,,
     0.030439826,1525918,,bus-cycles:u,1145024,100.00,,
     0.030439826,9761759,,instructions:u,1145184,100.00,,
     0.031585558,346,,branch-misses:u,1146048,100.00,,
     0.031585558,102,,cache-misses:u,1146208,100.00,,
     0.031585558,1520523,,bus-cycles:u,1146272,100.00,,
     0.031585558,9716785,,instructions:u,1146304,100.00,,
     0.032733370,348,,branch-misses:u,1147456,100.00,,
     0.032733370,35,,cache-misses:u,1147424,100.00,,
     0.032733370,1529175,,bus-cycles:u,1147296,100.00,,
     0.032733370,9781207,,instructions:u,1147168,100.00,,
     0.033879005,352,,branch-misses:u,1145408,100.00,,
     0.033879005,35,,cache-misses:u,1145344,100.00,,
     0.033879005,1525366,,bus-cycles:u,1145440,100.00,,
     0.033879005,9765719,,instructions:u,1145440,100.00,,
     0.035024289,340,,branch-misses:u,1145792,100.00,,
     0.035024289,249,,cache-misses:u,1145760,100.00,,
     0.035024289,1475222,,bus-cycles:u,1145824,100.00,,
     0.035024289,9431778,,instructions:u,1145920,100.00,,
     0.036172325,347,,branch-misses:u,1147552,100.00,,
     0.036172325,44,,cache-misses:u,1147424,100.00,,
     0.036172325,1528130,,bus-cycles:u,1147360,100.00,,
     0.036172325,9764427,,instructions:u,1147328,100.00,,
     0.037318920,347,,branch-misses:u,1146560,100.00,,
     0.037318920,33,,cache-misses:u,1146560,100.00,,
     0.037318920,1527704,,bus-cycles:u,1146528,100.00,,
     0.037318920,9758700,,instructions:u,1146560,100.00,,
     0.038464236,347,,branch-misses:u,1145280,100.00,,
     0.038464236,41,,cache-misses:u,1145312,100.00,,
     0.038464236,1526434,,bus-cycles:u,1145440,100.00,,
     0.038464236,9771745,,instructions:u,1145408,100.00,,
     0.039632656,353,,branch-misses:u,1168992,100.00,,
     0.039632656,110,,cache-misses:u,1169376,100.00,,
     0.039632656,1551051,,bus-cycles:u,1169536,100.00,,
     0.039632656,9910644,,instructions:u,1169600,100.00,,
     0.040784468,350,,branch-misses:u,1151232,100.00,,
     0.040784468,27,,cache-misses:u,1150880,100.00,,
     0.040784468,1533470,,bus-cycles:u,1150720,100.00,,
     0.040784468,9805406,,instructions:u,1150656,100.00,,
     0.041931960,347,,branch-misses:u,1147392,100.00,,
     0.041931960,38,,cache-misses:u,1147392,100.00,,
     0.041931960,1529423,,bus-cycles:u,1147328,100.00,,
     0.041931960,9771885,,instructions:u,1147392,100.00,,
     0.043079323,347,,branch-misses:u,1147904,100.00,,
     0.043079323,122,,cache-misses:u,1148192,100.00,,
     0.043079323,1523964,,bus-cycles:u,1148224,100.00,,
     0.043079323,9744223,,instructions:u,1148192,100.00,,
     0.044245183,354,,branch-misses:u,1165504,100.00,,
     0.044245183,39,,cache-misses:u,1165568,100.00,,
     0.044245183,1554236,,bus-cycles:u,1165472,100.00,,
     0.044245183,9943546,,instructions:u,1165472,100.00,,
     0.045394275,349,,branch-misses:u,1148896,100.00,,
     0.045394275,40,,cache-misses:u,1148640,100.00,,
     0.045394275,1531934,,bus-cycles:u,1148672,100.00,,
     0.045394275,9786939,,instructions:u,1148672,100.00,,
     0.046542055,347,,branch-misses:u,1147680,100.00,,
     0.046542055,34,,cache-misses:u,1147648,100.00,,
     0.046542055,1529312,,bus-cycles:u,1147648,100.00,,
     0.046542055,9762457,,instructions:u,1147648,100.00,,
     0.047702667,353,,branch-misses:u,1160928,100.00,,
     0.047702667,98,,cache-misses:u,1160864,100.00,,
     0.047702667,1542695,,bus-cycles:u,1160896,100.00,,
     0.047702667,9854920,,instructions:u,1160832,100.00,,
     0.048850351,347,,branch-misses:u,1147232,100.00,,
     0.048850351,36,,cache-misses:u,1147136,100.00,,
     0.048850351,1530142,,bus-cycles:u,1147136,100.00,,
     0.048850351,9773258,,instructions:u,1147168,100.00,,
     0.049997170,347,,branch-misses:u,1146784,100.00,,
     0.049997170,37,,cache-misses:u,1146848,100.00,,
     0.049997170,1529475,,bus-cycles:u,1146784,100.00,,
     0.049997170,9763945,,instructions:u,1146784,100.00,,
     0.051143862,348,,branch-misses:u,1146944,100.00,,
     0.051143862,125,,cache-misses:u,1147040,100.00,,
     0.051143862,1521927,,bus-cycles:u,1147040,100.00,,
     0.051143862,9738318,,instructions:u,1147040,100.00,,
     0.052292313,348,,branch-misses:u,1148160,100.00,,
     0.052292313,45,,cache-misses:u,1148224,100.00,,
     0.052292313,1531321,,bus-cycles:u,1148256,100.00,,
     0.052292313,9791330,,instructions:u,1148256,100.00,,
     0.053438525,347,,branch-misses:u,1145888,100.00,,
     0.053438525,37,,cache-misses:u,1145792,100.00,,
     0.053438525,1528263,,bus-cycles:u,1145728,100.00,,
     0.053438525,9758980,,instructions:u,1145760,100.00,,
     0.054584577,349,,branch-misses:u,1146624,100.00,,
     0.054584577,47,,cache-misses:u,1146528,100.00,,
     0.054584577,1522918,,bus-cycles:u,1146592,100.00,,
     0.054584577,9743792,,instructions:u,1146528,100.00,,
     0.055731652,347,,branch-misses:u,1146752,100.00,,
     0.055731652,92,,cache-misses:u,1146784,100.00,,
     0.055731652,1528907,,bus-cycles:u,1146784,100.00,,
     0.055731652,9766037,,instructions:u,1146784,100.00,,
     0.056877736,349,,branch-misses:u,1145568,100.00,,
     0.056877736,44,,cache-misses:u,1145696,100.00,,
     0.056877736,1526945,,bus-cycles:u,1145664,100.00,,
     0.056877736,9752547,,instructions:u,1145664,100.00,,
     0.058023244,346,,branch-misses:u,1145696,100.00,,
     0.058023244,29,,cache-misses:u,1145696,100.00,,
     0.058023244,1527359,,bus-cycles:u,1145760,100.00,,
     0.058023244,9759263,,instructions:u,1145824,100.00,,
     0.059170127,345,,branch-misses:u,1147424,100.00,,
     0.059170127,132,,cache-misses:u,1147424,100.00,,
     0.059170127,1523151,,bus-cycles:u,1147392,100.00,,
     0.059170127,9740698,,instructions:u,1147328,100.00,,
     0.060318067,343,,branch-misses:u,1147456,100.00,,
     0.060318067,35,,cache-misses:u,1147424,100.00,,
     0.060318067,1529552,,bus-cycles:u,1147424,100.00,,
     0.060318067,9786407,,instructions:u,1147424,100.00,,
     0.061464279,344,,branch-misses:u,1145920,100.00,,
     0.061464279,38,,cache-misses:u,1145952,100.00,,
     0.061464279,1526502,,bus-cycles:u,1145984,100.00,,
     0.061464279,9766032,,instructions:u,1146048,100.00,,
     0.062609690,343,,branch-misses:u,1145984,100.00,,
     0.062609690,79,,cache-misses:u,1145856,100.00,,
     0.062609690,1520660,,bus-cycles:u,1145824,100.00,,
     0.062609690,9724984,,instructions:u,1145824,100.00,,
     0.063757822,343,,branch-misses:u,1147872,100.00,,
     0.063757822,65,,cache-misses:u,1147872,100.00,,
     0.063757822,1529454,,bus-cycles:u,1148000,100.00,,
     0.063757822,9800329,,instructions:u,1147936,100.00,,
     0.064904225,343,,branch-misses:u,1146016,100.00,,
     0.064904225,39,,cache-misses:u,1146112,100.00,,
     0.064904225,1527735,,bus-cycles:u,1145952,100.00,,
     0.064904225,9768485,,instructions:u,1146016,100.00,,
     0.066061925,346,,branch-misses:u,1158112,100.00,,
     0.066061925,33,,cache-misses:u,1158144,100.00,,
     0.066061925,1543833,,bus-cycles:u,1158144,100.00,,
     0.066061925,9885259,,instructions:u,1158112,100.00,,
     0.067209929,302,,branch-misses:u,1148704,100.00,,
     0.067209929,271,,cache-misses:u,1148864,100.00,,
     0.067209929,1331976,,bus-cycles:u,1148928,100.00,,
     0.067209929,8512383,,instructions:u,1149088,100.00,,
     0.068359501,342,,branch-misses:u,1148864,100.00,,
     0.068359501,47,,cache-misses:u,1148800,100.00,,
     0.068359501,1530399,,bus-cycles:u,1148832,100.00,,
     0.068359501,9779898,,instructions:u,1148704,100.00,,
     0.069506800,343,,branch-misses:u,1146880,100.00,,
     0.069506800,39,,cache-misses:u,1146784,100.00,,
     0.069506800,1527783,,bus-cycles:u,1146848,100.00,,
     0.069506800,9774010,,instructions:u,1146848,100.00,,
     0.070654164,342,,branch-misses:u,1148000,100.00,,
     0.070654164,65,,cache-misses:u,1148032,100.00,,
     0.070654164,1520980,,bus-cycles:u,1147968,100.00,,
     0.070654164,9725949,,instructions:u,1148000,100.00,,
     0.071802872,343,,branch-misses:u,1148256,100.00,,
     0.071802872,80,,cache-misses:u,1148288,100.00,,
     0.071802872,1530001,,bus-cycles:u,1148256,100.00,,
     0.071802872,9777377,,instructions:u,1148288,100.00,,
     0.072949851,343,,branch-misses:u,1146656,100.00,,
     0.072949851,42,,cache-misses:u,1146560,100.00,,
     0.072949851,1527252,,bus-cycles:u,1146560,100.00,,
     0.072949851,9778187,,instructions:u,1146432,100.00,,
     0.074095679,342,,branch-misses:u,1145792,100.00,,
     0.074095679,43,,cache-misses:u,1145792,100.00,,
     0.074095679,1526508,,bus-cycles:u,1145760,100.00,,
     0.074095679,9746863,,instructions:u,1145792,100.00,,
     0.075240995,342,,branch-misses:u,1146368,100.00,,
     0.075240995,112,,cache-misses:u,1146784,100.00,,
     0.075240995,1520611,,bus-cycles:u,1146816,100.00,,
     0.075240995,9732047,,instructions:u,1146976,100.00,,
     0.076395047,345,,branch-misses:u,1153280,100.00,,
     0.076395047,36,,cache-misses:u,1152896,100.00,,
     0.076395047,1535876,,bus-cycles:u,1152896,100.00,,
     0.076395047,9828113,,instructions:u,1152864,100.00,,
     0.077543114,342,,branch-misses:u,1147904,100.00,,
     0.077543114,33,,cache-misses:u,1147840,100.00,,
     0.077543114,1528813,,bus-cycles:u,1147968,100.00,,
     0.077543114,9766166,,instructions:u,1147872,100.00,,
     0.078691438,342,,branch-misses:u,1148800,100.00,,
     0.078691438,106,,cache-misses:u,1148896,100.00,,
     0.078691438,1523357,,bus-cycles:u,1148800,100.00,,
     0.078691438,9735895,,instructions:u,1148960,100.00,,
     0.079840242,343,,branch-misses:u,1148384,100.00,,
     0.079840242,54,,cache-misses:u,1148416,100.00,,
     0.079840242,1530305,,bus-cycles:u,1148384,100.00,,
     0.079840242,9782963,,instructions:u,1148224,100.00,,
     0.080987573,342,,branch-misses:u,1147168,100.00,,
     0.080987573,35,,cache-misses:u,1147168,100.00,,
     0.080987573,1528640,,bus-cycles:u,1147136,100.00,,
     0.080987573,9787005,,instructions:u,1147136,100.00,,
     0.082134073,344,,branch-misses:u,1146048,100.00,,
     0.082134073,31,,cache-misses:u,1145984,100.00,,
     0.082134073,1526896,,bus-cycles:u,1145984,100.00,,
     0.082134073,9771474,,instructions:u,1146016,100.00,,
     0.083281917,342,,branch-misses:u,1148608,100.00,,
     0.083281917,114,,cache-misses:u,1148512,100.00,,
     0.083281917,1524888,,bus-cycles:u,1148576,100.00,,
     0.083281917,9741226,,instructions:u,1148640,100.00,,
     0.084429696,342,,branch-misses:u,1147008,100.00,,
     0.084429696,44,,cache-misses:u,1147104,100.00,,
     0.084429696,1529228,,bus-cycles:u,1147104,100.00,,
     0.084429696,9771660,,instructions:u,1147008,100.00,,
     0.085576676,345,,branch-misses:u,1147072,100.00,,
     0.085576676,35,,cache-misses:u,1147040,100.00,,
     0.085576676,1529368,,bus-cycles:u,1147008,100.00,,
     0.085576676,9774093,,instructions:u,1147040,100.00,,
     0.086735848,345,,branch-misses:u,1159968,100.00,,
     0.086735848,81,,cache-misses:u,1160160,100.00,,
     0.086735848,1540389,,bus-cycles:u,1160448,100.00,,
     0.086735848,9846068,,instructions:u,1160576,100.00,,
     0.087887116,345,,branch-misses:u,1150720,100.00,,
     0.087887116,54,,cache-misses:u,1150368,100.00,,
     0.087887116,1532896,,bus-cycles:u,1150080,100.00,,
     0.087887116,9800036,,instructions:u,1149952,100.00,,
     0.089033711,343,,branch-misses:u,1146496,100.00,,
     0.089033711,40,,cache-misses:u,1146560,100.00,,
     0.089033711,1528369,,bus-cycles:u,1146592,100.00,,
     0.089033711,9761780,,instructions:u,1146656,100.00,,
     0.090180307,343,,branch-misses:u,1146208,100.00,,
     0.090180307,34,,cache-misses:u,1146432,100.00,,
     0.090180307,1527860,,bus-cycles:u,1146432,100.00,,
     0.090180307,9761301,,instructions:u,1146304,100.00,,
     0.091327895,342,,branch-misses:u,1148320,100.00,,
     0.091327895,105,,cache-misses:u,1148288,100.00,,
     0.091327895,1524564,,bus-cycles:u,1148384,100.00,,
     0.091327895,9758602,,instructions:u,1148480,100.00,,
     0.092476346,343,,branch-misses:u,1147904,100.00,,
     0.092476346,36,,cache-misses:u,1147872,100.00,,
     0.092476346,1530212,,bus-cycles:u,1147808,100.00,,
     0.092476346,9789504,,instructions:u,1147776,100.00,,
     0.093622622,345,,branch-misses:u,1145984,100.00,,
     0.093622622,34,,cache-misses:u,1145824,100.00,,
     0.093622622,1526893,,bus-cycles:u,1145696,100.00,,
     0.093622622,9769198,,instructions:u,1145632,100.00,,
     0.094769186,343,,branch-misses:u,1147008,100.00,,
     0.094769186,107,,cache-misses:u,1147136,100.00,,
     0.094769186,1524391,,bus-cycles:u,1147232,100.00,,
     0.094769186,9748260,,instructions:u,1147296,100.00,,
     0.095916741,342,,branch-misses:u,1147072,100.00,,
     0.095916741,43,,cache-misses:u,1147040,100.00,,
     0.095916741,1529140,,bus-cycles:u,1147008,100.00,,
     0.095916741,9775137,,instructions:u,1147008,100.00,,
     0.097063049,344,,branch-misses:u,1146496,100.00,,
     0.097063049,32,,cache-misses:u,1146496,100.00,,
     0.097063049,1528862,,bus-cycles:u,1146496,100.00,,
     0.097063049,9764709,,instructions:u,1146432,100.00,,
     0.098209389,343,,branch-misses:u,1146048,100.00,,
     0.098209389,33,,cache-misses:u,1146016,100.00,,
     0.098209389,1528440,,bus-cycles:u,1145920,100.00,,
     0.098209389,9767203,,instructions:u,1145984,100.00,,
     0.099355280,342,,branch-misses:u,1146432,100.00,,
     0.099355280,101,,cache-misses:u,1146560,100.00,,
     0.099355280,1523289,,bus-cycles:u,1146688,100.00,,
     0.099355280,9739520,,instructions:u,1146784,100.00,,
     0.100502996,342,,branch-misses:u,1147296,100.00,,
     0.100502996,38,,cache-misses:u,1147392,100.00,,
     0.100502996,1529618,,bus-cycles:u,1147392,100.00,,
     0.100502996,9768094,,instructions:u,1147296,100.00,,
     0.101650039,342,,branch-misses:u,1146944,100.00,,
     0.101650039,35,,cache-misses:u,1146752,100.00,,
     0.101650039,1529024,,bus-cycles:u,1146720,100.00,,
     0.101650039,9773606,,instructions:u,1146688,100.00,,
     0.102797787,343,,branch-misses:u,1147968,100.00,,
     0.102797787,102,,cache-misses:u,1148064,100.00,,
     0.102797787,1525260,,bus-cycles:u,1148128,100.00,,
     0.102797787,9762101,,instructions:u,1148224,100.00,,
     0.103945087,344,,branch-misses:u,1147296,100.00,,
     0.103945087,32,,cache-misses:u,1147232,100.00,,
     0.103945087,1529014,,bus-cycles:u,1147168,100.00,,
     0.103945087,9790447,,instructions:u,1147136,100.00,,
     0.105090498,342,,branch-misses:u,1144992,100.00,,
     0.105090498,35,,cache-misses:u,1144960,100.00,,
     0.105090498,1526638,,bus-cycles:u,1145024,100.00,,
     0.105090498,9770800,,instructions:u,1144992,100.00,,
     0.106235846,342,,branch-misses:u,1145248,100.00,,
     0.106235846,38,,cache-misses:u,1145120,100.00,,
     0.106235846,1526207,,bus-cycles:u,1145056,100.00,,
     0.106235846,9758798,,instructions:u,1145056,100.00,,
     0.107382122,342,,branch-misses:u,1146752,100.00,,
     0.107382122,121,,cache-misses:u,1147136,100.00,,
     0.107382122,1522958,,bus-cycles:u,1147264,100.00,,
     0.107382122,9737026,,instructions:u,1147424,100.00,,
     0.108548302,349,,branch-misses:u,1166336,100.00,,
     0.108548302,35,,cache-misses:u,1166560,100.00,,
     0.108548302,1555228,,bus-cycles:u,1166752,100.00,,
     0.108548302,9958557,,instructions:u,1166688,100.00,,
     0.109698130,344,,branch-misses:u,1149568,100.00,,
     0.109698130,34,,cache-misses:u,1149408,100.00,,
     0.109698130,1531317,,bus-cycles:u,1149088,100.00,,
     0.109698130,9795996,,instructions:u,1148960,100.00,,
     0.110846773,343,,branch-misses:u,1148928,100.00,,
     0.110846773,110,,cache-misses:u,1148672,100.00,,
     0.110846773,1524676,,bus-cycles:u,1148640,100.00,,
     0.110846773,9751343,,instructions:u,1148704,100.00,,
     0.111995449,343,,branch-misses:u,1148256,100.00,,
     0.111995449,37,,cache-misses:u,1148224,100.00,,
     0.111995449,1529848,,bus-cycles:u,1148224,100.00,,
     0.111995449,9777118,,instructions:u,1148192,100.00,,
     0.113142557,342,,branch-misses:u,1147040,100.00,,
     0.113142557,35,,cache-misses:u,1147040,100.00,,
     0.113142557,1529053,,bus-cycles:u,1147072,100.00,,
     0.113142557,9762207,,instructions:u,1147040,100.00,,
     0.114289408,343,,branch-misses:u,1146848,100.00,,
     0.114289408,35,,cache-misses:u,1146848,100.00,,
     0.114289408,1528975,,bus-cycles:u,1146816,100.00,,
     0.114289408,9787162,,instructions:u,1146720,100.00,,
     0.115437252,344,,branch-misses:u,1148032,100.00,,
     0.115437252,107,,cache-misses:u,1148000,100.00,,
     0.115437252,1524503,,bus-cycles:u,1148096,100.00,,
     0.115437252,9748587,,instructions:u,1148192,100.00,,
     0.116584488,342,,branch-misses:u,1146912,100.00,,
     0.116584488,50,,cache-misses:u,1146752,100.00,,
     0.116584488,1528673,,bus-cycles:u,1146624,100.00,,
     0.116584488,9774114,,instructions:u,1146496,100.00,,
     0.117730891,342,,branch-misses:u,1146432,100.00,,
     0.117730891,41,,cache-misses:u,1146528,100.00,,
     0.117730891,1529057,,bus-cycles:u,1146464,100.00,,
     0.117730891,9770329,,instructions:u,1146560,100.00,,
     0.118878223,343,,branch-misses:u,1147552,100.00,,
     0.118878223,154,,cache-misses:u,1147552,100.00,,
     0.118878223,1518799,,bus-cycles:u,1147648,100.00,,
     0.118878223,9719594,,instructions:u,1147712,100.00,,
     0.120025747,342,,branch-misses:u,1147104,100.00,,
     0.120025747,40,,cache-misses:u,1147008,100.00,,
     0.120025747,1529144,,bus-cycles:u,1146912,100.00,,
     0.120025747,9769620,,instructions:u,1146816,100.00,,
     0.121170646,343,,branch-misses:u,1144672,100.00,,
     0.121170646,41,,cache-misses:u,1144704,100.00,,
     0.121170646,1527156,,bus-cycles:u,1144832,100.00,,
     0.121170646,9772574,,instructions:u,1144832,100.00,,
     0.122315738,342,,branch-misses:u,1145216,100.00,,
     0.122315738,40,,cache-misses:u,1145344,100.00,,
     0.122315738,1527029,,bus-cycles:u,1145312,100.00,,
     0.122315738,9763968,,instructions:u,1145344,100.00,,
     0.123462045,341,,branch-misses:u,1146720,100.00,,
     0.123462045,116,,cache-misses:u,1146560,100.00,,
     0.123462045,1522125,,bus-cycles:u,1146560,100.00,,
     0.123462045,9708247,,instructions:u,1146560,100.00,,
     0.124609441,343,,branch-misses:u,1147008,100.00,,
     0.124609441,38,,cache-misses:u,1147072,100.00,,
     0.124609441,1529915,,bus-cycles:u,1147008,100.00,,
     0.124609441,9789876,,instructions:u,1147008,100.00,,
     0.125755525,342,,branch-misses:u,1145632,100.00,,
     0.125755525,33,,cache-misses:u,1145600,100.00,,
     0.125755525,1527570,,bus-cycles:u,1145632,100.00,,
     0.125755525,9781219,,instructions:u,1145632,100.00,,
     0.126901896,344,,branch-misses:u,1147072,100.00,,
     0.126901896,120,,cache-misses:u,1147104,100.00,,
     0.126901896,1524538,,bus-cycles:u,1147136,100.00,,
     0.126901896,9754485,,instructions:u,1147136,100.00,,
     0.128049260,343,,branch-misses:u,1146976,100.00,,
     0.128049260,41,,cache-misses:u,1146976,100.00,,
     0.128049260,1529547,,bus-cycles:u,1146976,100.00,,
     0.128049260,9789700,,instructions:u,1147008,100.00,,
     0.129206736,345,,branch-misses:u,1157568,100.00,,
     0.129206736,35,,cache-misses:u,1157632,100.00,,
     0.129206736,1543750,,bus-cycles:u,1157568,100.00,,
     0.129206736,9860407,,instructions:u,1157504,100.00,,
     0.130354292,343,,branch-misses:u,1147520,100.00,,
     0.130354292,40,,cache-misses:u,1147520,100.00,,
     0.130354292,1530298,,bus-cycles:u,1147552,100.00,,
     0.130354292,9789904,,instructions:u,1147616,100.00,,
     0.131502519,344,,branch-misses:u,1148096,100.00,,
     0.131502519,114,,cache-misses:u,1148096,100.00,,
     0.131502519,1526512,,bus-cycles:u,1148032,100.00,,
     0.131502519,9758506,,instructions:u,1148032,100.00,,
     0.132650107,343,,branch-misses:u,1147520,100.00,,
     0.132650107,47,,cache-misses:u,1147392,100.00,,
     0.132650107,1530217,,bus-cycles:u,1147456,100.00,,
     0.132650107,9787387,,instructions:u,1147392,100.00,,
     0.133796414,342,,branch-misses:u,1145888,100.00,,
     0.133796414,38,,cache-misses:u,1146048,100.00,,
     0.133796414,1528122,,bus-cycles:u,1146112,100.00,,
     0.133796414,9763615,,instructions:u,1146144,100.00,,
     0.134942882,343,,branch-misses:u,1147232,100.00,,
     0.134942882,115,,cache-misses:u,1147104,100.00,,
     0.134942882,1523499,,bus-cycles:u,1147040,100.00,,
     0.134942882,9738540,,instructions:u,1147040,100.00,,
     0.136089318,342,,branch-misses:u,1146080,100.00,,
     0.136089318,35,,cache-misses:u,1146208,100.00,,
     0.136089318,1528327,,bus-cycles:u,1146208,100.00,,
     0.136089318,9785405,,instructions:u,1146176,100.00,,
     0.137233993,343,,branch-misses:u,1144608,100.00,,
     0.137233993,34,,cache-misses:u,1144544,100.00,,
     0.137233993,1525985,,bus-cycles:u,1144544,100.00,,
     0.137233993,9768566,,instructions:u,1144576,100.00,,
     0.138379181,342,,branch-misses:u,1144768,100.00,,
     0.138379181,32,,cache-misses:u,1144768,100.00,,
     0.138379181,1525810,,bus-cycles:u,1144736,100.00,,
     0.138379181,9754478,,instructions:u,1144672,100.00,,
     0.139523504,342,,branch-misses:u,1144704,100.00,,
     0.139523504,108,,cache-misses:u,1144800,100.00,,
     0.139523504,1521511,,bus-cycles:u,1144864,100.00,,
     0.139523504,9727549,,instructions:u,1144960,100.00,,
     0.140670740,342,,branch-misses:u,1147200,100.00,,
     0.140670740,42,,cache-misses:u,1147072,100.00,,
     0.140670740,1528936,,bus-cycles:u,1147072,100.00,,
     0.140670740,9777454,,instructions:u,1147104,100.00,,
     0.141816696,343,,branch-misses:u,1145728,100.00,,
     0.141816696,37,,cache-misses:u,1145824,100.00,,
     0.141816696,1527576,,bus-cycles:u,1145824,100.00,,
     0.141816696,9765667,,instructions:u,1145728,100.00,,
     0.142963515,343,,branch-misses:u,1147552,100.00,,
     0.142963515,111,,cache-misses:u,1147776,100.00,,
     0.142963515,1524711,,bus-cycles:u,1147776,100.00,,
     0.142963515,9750835,,instructions:u,1147904,100.00,,
     0.144115295,343,,branch-misses:u,1151200,100.00,,
     0.144115295,46,,cache-misses:u,1150816,100.00,,
     0.144115295,1533570,,bus-cycles:u,1150816,100.00,,
     0.144115295,9798665,,instructions:u,1150784,100.00,,
     0.145261955,342,,branch-misses:u,1146560,100.00,,
     0.145261955,34,,cache-misses:u,1146560,100.00,,
     0.145261955,1528543,,bus-cycles:u,1146528,100.00,,
     0.145261955,9763731,,instructions:u,1146496,100.00,,
     0.146408806,342,,branch-misses:u,1146816,100.00,,
     0.146408806,32,,cache-misses:u,1146976,100.00,,
     0.146408806,1528767,,bus-cycles:u,1147040,100.00,,
     0.146408806,9762510,,instructions:u,1147008,100.00,,
     0.147556106,343,,branch-misses:u,1147552,100.00,,
     0.147556106,99,,cache-misses:u,1147552,100.00,,
     0.147556106,1523711,,bus-cycles:u,1147424,100.00,,
     0.147556106,9744425,,instructions:u,1147456,100.00,,
     0.148704014,345,,branch-misses:u,1147584,100.00,,
     0.148704014,36,,cache-misses:u,1147456,100.00,,
     0.148704014,1529951,,bus-cycles:u,1147552,100.00,,
     0.148704014,9775295,,instructions:u,1147488,100.00,,
     0.149850449,342,,branch-misses:u,1146368,100.00,,
     0.149850449,33,,cache-misses:u,1146432,100.00,,
     0.149850449,1528777,,bus-cycles:u,1146400,100.00,,
     0.149850449,9765948,,instructions:u,1146400,100.00,,
     0.151008373,346,,branch-misses:u,1158400,100.00,,
     0.151008373,108,,cache-misses:u,1158560,100.00,,
     0.151008373,1540447,,bus-cycles:u,1158560,100.00,,
     0.151008373,9839458,,instructions:u,1158688,100.00,,
     0.152156633,343,,branch-misses:u,1147808,100.00,,
     0.152156633,38,,cache-misses:u,1147584,100.00,,
     0.152156633,1530849,,bus-cycles:u,1147520,100.00,,
     0.152156633,9790204,,instructions:u,1147424,100.00,,
     0.153303837,343,,branch-misses:u,1147168,100.00,,
     0.153303837,31,,cache-misses:u,1147296,100.00,,
     0.153303837,1530453,,bus-cycles:u,1147296,100.00,,
     0.153303837,9772232,,instructions:u,1147264,100.00,,
     0.154450336,342,,branch-misses:u,1146016,100.00,,
     0.154450336,36,,cache-misses:u,1146016,100.00,,
     0.154450336,1527480,,bus-cycles:u,1146112,100.00,,
     0.154450336,9751418,,instructions:u,1146144,100.00,,
     0.155598020,342,,branch-misses:u,1148032,100.00,,
     0.155598020,103,,cache-misses:u,1148000,100.00,,
     0.155598020,1525100,,bus-cycles:u,1147936,100.00,,
     0.155598020,9749903,,instructions:u,1147936,100.00,,
     0.156746024,342,,branch-misses:u,1147968,100.00,,
     0.156746024,38,,cache-misses:u,1148032,100.00,,
     0.156746024,1530222,,bus-cycles:u,1148064,100.00,,
     0.156746024,9771974,,instructions:u,1148064,100.00,,
     0.157892491,342,,branch-misses:u,1146432,100.00,,
     0.157892491,29,,cache-misses:u,1146368,100.00,,
     0.157892491,1528181,,bus-cycles:u,1146432,100.00,,
     0.157892491,9761069,,instructions:u,1146368,100.00,,
     0.159039407,344,,branch-misses:u,1146912,100.00,,
     0.159039407,109,,cache-misses:u,1146976,100.00,,
     0.159039407,1523018,,bus-cycles:u,1146912,100.00,,
     0.159039407,9744831,,instructions:u,1146976,100.00,,
     0.160187315,342,,branch-misses:u,1147712,100.00,,
     0.160187315,34,,cache-misses:u,1147712,100.00,,
     0.160187315,1530461,,bus-cycles:u,1147680,100.00,,
     0.160187315,9775034,,instructions:u,1147648,100.00,,
     0.161333750,342,,branch-misses:u,1146464,100.00,,
     0.161333750,33,,cache-misses:u,1146400,100.00,,
     0.161333750,1528271,,bus-cycles:u,1146464,100.00,,
     0.161333750,9763448,,instructions:u,1146496,100.00,,
     0.162479866,342,,branch-misses:u,1145824,100.00,,
     0.162479866,44,,cache-misses:u,1145824,100.00,,
     0.162479866,1527148,,bus-cycles:u,1145792,100.00,,
     0.162479866,9749942,,instructions:u,1145728,100.00,,
     0.163638398,346,,branch-misses:u,1158880,100.00,,
     0.163638398,84,,cache-misses:u,1158912,100.00,,
     0.163638398,1538663,,bus-cycles:u,1159008,100.00,,
     0.163638398,9844304,,instructions:u,1159040,100.00,,
     0.164786274,344,,branch-misses:u,1147776,100.00,,
     0.164786274,33,,cache-misses:u,1147680,100.00,,
     0.164786274,1529278,,bus-cycles:u,1147552,100.00,,
     0.164786274,9785143,,instructions:u,1147584,100.00,,
     0.165933253,343,,branch-misses:u,1146464,100.00,,
     0.165933253,37,,cache-misses:u,1146464,100.00,,
     0.165933253,1528166,,bus-cycles:u,1146560,100.00,,
     0.165933253,9787026,,instructions:u,1146560,100.00,,
     0.167081833,342,,branch-misses:u,1149280,100.00,,
     0.167081833,110,,cache-misses:u,1149248,100.00,,
     0.167081833,1526026,,bus-cycles:u,1149216,100.00,,
     0.167081833,9765772,,instructions:u,1149216,100.00,,
     0.168230285,343,,branch-misses:u,1148096,100.00,,
     0.168230285,38,,cache-misses:u,1148128,100.00,,
     0.168230285,1530342,,bus-cycles:u,1148096,100.00,,
     0.168230285,9795333,,instructions:u,1148096,100.00,,
     0.169377136,342,,branch-misses:u,1146816,100.00,,
     0.169377136,32,,cache-misses:u,1146784,100.00,,
     0.169377136,1528499,,bus-cycles:u,1146816,100.00,,
     0.169377136,9783442,,instructions:u,1146784,100.00,,
     0.170523892,343,,branch-misses:u,1146400,100.00,,
     0.170523892,43,,cache-misses:u,1146400,100.00,,
     0.170523892,1527392,,bus-cycles:u,1146368,100.00,,
     0.170523892,9761304,,instructions:u,1146400,100.00,,
     0.171690808,348,,branch-misses:u,1167776,100.00,,
     0.171690808,92,,cache-misses:u,1168000,100.00,,
     0.171690808,1550400,,bus-cycles:u,1168032,100.00,,
     0.171690808,9911906,,instructions:u,1168128,100.00,,
     0.172839356,342,,branch-misses:u,1147968,100.00,,
     0.172839356,41,,cache-misses:u,1147840,100.00,,
     0.172839356,1529650,,bus-cycles:u,1147840,100.00,,
     0.172839356,9762482,,instructions:u,1147744,100.00,,
     0.173985727,342,,branch-misses:u,1145920,100.00,,
     0.173985727,36,,cache-misses:u,1145824,100.00,,
     0.173985727,1526778,,bus-cycles:u,1145760,100.00,,
     0.173985727,9766501,,instructions:u,1145792,100.00,,
     0.175131491,343,,branch-misses:u,1146400,100.00,,
     0.175131491,121,,cache-misses:u,1146400,100.00,,
     0.175131491,1522378,,bus-cycles:u,1146528,100.00,,
     0.175131491,9732974,,instructions:u,1146560,100.00,,
     0.176279623,343,,branch-misses:u,1147776,100.00,,
     0.176279623,36,,cache-misses:u,1148032,100.00,,
     0.176279623,1530689,,bus-cycles:u,1148000,100.00,,
     0.176279623,9798406,,instructions:u,1147968,100.00,,
     0.177425098,342,,branch-misses:u,1145280,100.00,,
     0.177425098,42,,cache-misses:u,1145152,100.00,,
     0.177425098,1526795,,bus-cycles:u,1145184,100.00,,
     0.177425098,9766838,,instructions:u,1145152,100.00,,
     0.178564462,340,,branch-misses:u,1139776,100.00,,
     0.178564462,54,,cache-misses:u,1139712,100.00,,
     0.178564462,1511353,,bus-cycles:u,1139616,100.00,,
     0.178564462,9655559,,instructions:u,1139648,100.00,,
     0.179713489,345,,branch-misses:u,1148736,100.00,,
     0.179713489,108,,cache-misses:u,1148800,100.00,,
     0.179713489,1531693,,bus-cycles:u,1148768,100.00,,
     0.179713489,9792774,,instructions:u,1148768,100.00,,
     0.180860981,343,,branch-misses:u,1147520,100.00,,
     0.180860981,36,,cache-misses:u,1147392,100.00,,
     0.180860981,1529763,,bus-cycles:u,1147424,100.00,,
     0.180860981,9786691,,instructions:u,1147424,100.00,,
     0.182007161,343,,branch-misses:u,1146048,100.00,,
     0.182007161,36,,cache-misses:u,1145984,100.00,,
     0.182007161,1528197,,bus-cycles:u,1145984,100.00,,
     0.182007161,9767749,,instructions:u,1145920,100.00,,
     0.183153276,341,,branch-misses:u,1146400,100.00,,
     0.183153276,109,,cache-misses:u,1146432,100.00,,
     0.183153276,1521983,,bus-cycles:u,1146368,100.00,,
     0.183153276,9723647,,instructions:u,1146400,100.00,,
     0.184300608,344,,branch-misses:u,1147104,100.00,,
     0.184300608,42,,cache-misses:u,1147168,100.00,,
     0.184300608,1529822,,bus-cycles:u,1147232,100.00,,
     0.184300608,9779575,,instructions:u,1147232,100.00,,
     0.185446116,342,,branch-misses:u,1145024,100.00,,
     0.185446116,39,,cache-misses:u,1145024,100.00,,
     0.185446116,1526357,,bus-cycles:u,1145024,100.00,,
     0.185446116,9759687,,instructions:u,1144960,100.00,,
     0.186592647,343,,branch-misses:u,1147104,100.00,,
     0.186592647,64,,cache-misses:u,1147040,100.00,,
     0.186592647,1522718,,bus-cycles:u,1147008,100.00,,
     0.186592647,9738203,,instructions:u,1147200,100.00,,
     0.187739339,342,,branch-misses:u,1146464,100.00,,
     0.187739339,72,,cache-misses:u,1146464,100.00,,
     0.187739339,1528800,,bus-cycles:u,1146496,100.00,,
     0.187739339,9777166,,instructions:u,1146368,100.00,,
     0.188885039,342,,branch-misses:u,1145536,100.00,,
     0.188885039,41,,cache-misses:u,1145536,100.00,,
     0.188885039,1528189,,bus-cycles:u,1145536,100.00,,
     0.188885039,9768158,,instructions:u,1145440,100.00,,
     0.190029970,342,,branch-misses:u,1144576,100.00,,
     0.190029970,46,,cache-misses:u,1144608,100.00,,
     0.190029970,1527047,,bus-cycles:u,1144576,100.00,,
     0.190029970,9760539,,instructions:u,1144608,100.00,,
     0.191176598,343,,branch-misses:u,1147104,100.00,,
     0.191176598,107,,cache-misses:u,1147072,100.00,,
     0.191176598,1524646,,bus-cycles:u,1147008,100.00,,
     0.191176598,9750844,,instructions:u,1147104,100.00,,
     0.192335546,347,,branch-misses:u,1159008,100.00,,
     0.192335546,43,,cache-misses:u,1159168,100.00,,
     0.192335546,1546106,,bus-cycles:u,1159392,100.00,,
     0.192335546,9874317,,instructions:u,1159296,100.00,,
     0.193482973,342,,branch-misses:u,1147296,100.00,,
     0.193482973,36,,cache-misses:u,1147328,100.00,,
     0.193482973,1529643,,bus-cycles:u,1147232,100.00,,
     0.193482973,9772265,,instructions:u,1147328,100.00,,
     0.194630209,342,,branch-misses:u,1147328,100.00,,
     0.194630209,72,,cache-misses:u,1147360,100.00,,
     0.194630209,1523309,,bus-cycles:u,1147360,100.00,,
     0.194630209,9725238,,instructions:u,1147328,100.00,,
     0.195777733,342,,branch-misses:u,1147232,100.00,,
     0.195777733,73,,cache-misses:u,1147136,100.00,,
     0.195777733,1529532,,bus-cycles:u,1147072,100.00,,
     0.195777733,9778359,,instructions:u,1147008,100.00,,
     0.196923304,344,,branch-misses:u,1145504,100.00,,
     0.196923304,32,,cache-misses:u,1145536,100.00,,
     0.196923304,1527851,,bus-cycles:u,1145600,100.00,,
     0.196923304,9784031,,instructions:u,1145696,100.00,,
     0.198069836,343,,branch-misses:u,1146528,100.00,,
     0.198069836,36,,cache-misses:u,1146304,100.00,,
     0.198069836,1529460,,bus-cycles:u,1146240,100.00,,
     0.198069836,9752102,,instructions:u,1146144,100.00,,
     0.199215696,342,,branch-misses:u,1146176,100.00,,
     0.199215696,105,,cache-misses:u,1146432,100.00,,
     0.199215696,1524147,,bus-cycles:u,1146432,100.00,,
     0.199215696,9735640,,instructions:u,1146560,100.00,,
     0.200363219,342,,branch-misses:u,1147072,100.00,,
     0.200363219,40,,cache-misses:u,1147072,100.00,,
     0.200363219,1530117,,bus-cycles:u,1147104,100.00,,
     0.200363219,9783185,,instructions:u,1146944,100.00,,
     0.201508887,342,,branch-misses:u,1145760,100.00,,
     0.201508887,34,,cache-misses:u,1145632,100.00,,
     0.201508887,1527435,,bus-cycles:u,1145600,100.00,,
     0.201508887,9755380,,instructions:u,1145728,100.00,,
     0.202655546,342,,branch-misses:u,1146528,100.00,,
     0.202655546,66,,cache-misses:u,1146624,100.00,,
     0.202655546,1523775,,bus-cycles:u,1146624,100.00,,
     0.202655546,9739514,,instructions:u,1146560,100.00,,
     0.203802398,344,,branch-misses:u,1146880,100.00,,
     0.203802398,69,,cache-misses:u,1146880,100.00,,
     0.203802398,1529336,,bus-cycles:u,1146912,100.00,,
     0.203802398,9778160,,instructions:u,1146880,100.00,,
     0.204948482,342,,branch-misses:u,1146112,100.00,,
     0.204948482,33,,cache-misses:u,1145888,100.00,,
     0.204948482,1528180,,bus-cycles:u,1145920,100.00,,
     0.204948482,9758545,,instructions:u,1145984,100.00,,
     0.206093605,342,,branch-misses:u,1144992,100.00,,
     0.206093605,37,,cache-misses:u,1145152,100.00,,
     0.206093605,1527222,,bus-cycles:u,1145088,100.00,,
     0.206093605,9772680,,instructions:u,1145120,100.00,,
     0.207239497,342,,branch-misses:u,1146240,100.00,,
     0.207239497,112,,cache-misses:u,1146304,100.00,,
     0.207239497,1522760,,bus-cycles:u,1146304,100.00,,
     0.207239497,9733234,,instructions:u,1146336,100.00,,
     0.208386189,342,,branch-misses:u,1146272,100.00,,
     0.208386189,41,,cache-misses:u,1146208,100.00,,
     0.208386189,1528532,,bus-cycles:u,1146496,100.00,,
     0.208386189,9777163,,instructions:u,1146464,100.00,,
     0.209532976,344,,branch-misses:u,1146784,100.00,,
     0.209532976,35,,cache-misses:u,1146656,100.00,,
     0.209532976,1529114,,bus-cycles:u,1146304,100.00,,
     0.209532976,9773498,,instructions:u,1146144,100.00,,
     0.210679284,341,,branch-misses:u,1146528,100.00,,
     0.210679284,81,,cache-misses:u,1146592,100.00,,
     0.210679284,1523677,,bus-cycles:u,1146720,100.00,,
     0.210679284,9712071,,instructions:u,1146880,100.00,,
     0.211826552,343,,branch-misses:u,1146912,100.00,,
     0.211826552,47,,cache-misses:u,1146912,100.00,,
     0.211826552,1529993,,bus-cycles:u,1146912,100.00,,
     0.211826552,9790732,,instructions:u,1146880,100.00,,
     0.212972923,342,,branch-misses:u,1145952,100.00,,
     0.212972923,38,,cache-misses:u,1145984,100.00,,
     0.212972923,1528058,,bus-cycles:u,1145952,100.00,,
     0.212972923,9771657,,instructions:u,1145952,100.00,,
     0.214129407,346,,branch-misses:u,1157024,100.00,,
     0.214129407,37,,cache-misses:u,1157152,100.00,,
     0.214129407,1543420,,bus-cycles:u,1157184,100.00,,
     0.214129407,9871017,,instructions:u,1157216,100.00,,
     0.215277699,344,,branch-misses:u,1148448,100.00,,
     0.215277699,108,,cache-misses:u,1148384,100.00,,
     0.215277699,1526331,,bus-cycles:u,1148352,100.00,,
     0.215277699,9757532,,instructions:u,1148256,100.00,,
     0.216425350,342,,branch-misses:u,1147264,100.00,,
     0.216425350,43,,cache-misses:u,1147296,100.00,,
     0.216425350,1530648,,bus-cycles:u,1147360,100.00,,
     0.216425350,9783117,,instructions:u,1147552,100.00,,
     0.217571690,342,,branch-misses:u,1146368,100.00,,
     0.217571690,36,,cache-misses:u,1146176,100.00,,
     0.217571690,1528184,,bus-cycles:u,1146048,100.00,,
     0.217571690,9763153,,instructions:u,1145824,100.00,,
     0.218718958,343,,branch-misses:u,1147520,100.00,,
     0.218718958,87,,cache-misses:u,1147584,100.00,,
     0.218718958,1523330,,bus-cycles:u,1147584,100.00,,
     0.218718958,9748660,,instructions:u,1147712,100.00,,
     0.219866449,342,,branch-misses:u,1147104,100.00,,
     0.219866449,56,,cache-misses:u,1147104,100.00,,
     0.219866449,1529124,,bus-cycles:u,1147168,100.00,,
     0.219866449,9767079,,instructions:u,1147168,100.00,,
     0.221012693,343,,branch-misses:u,1146176,100.00,,
     0.221012693,35,,cache-misses:u,1146208,100.00,,
     0.221012693,1527995,,bus-cycles:u,1146176,100.00,,
     0.221012693,9762561,,instructions:u,1146080,100.00,,
     0.222158681,342,,branch-misses:u,1146048,100.00,,
     0.222158681,34,,cache-misses:u,1146240,100.00,,
     0.222158681,1528367,,bus-cycles:u,1146272,100.00,,
     0.222158681,9766271,,instructions:u,1146304,100.00,,
     0.223305500,341,,branch-misses:u,1147072,100.00,,
     0.223305500,107,,cache-misses:u,1146816,100.00,,
     0.223305500,1523501,,bus-cycles:u,1146848,100.00,,
     0.223305500,9735655,,instructions:u,1146912,100.00,,
     0.224453312,342,,branch-misses:u,1147456,100.00,,
     0.224453312,36,,cache-misses:u,1147488,100.00,,
     0.224453312,1529498,,bus-cycles:u,1147456,100.00,,
     0.224453312,9786117,,instructions:u,1147392,100.00,,
     0.225599428,343,,branch-misses:u,1145760,100.00,,
     0.225599428,39,,cache-misses:u,1145792,100.00,,
     0.225599428,1527366,,bus-cycles:u,1145824,100.00,,
     0.225599428,9763031,,instructions:u,1145824,100.00,,
     0.226746567,342,,branch-misses:u,1147456,100.00,,
     0.226746567,95,,cache-misses:u,1147424,100.00,,
     0.226746567,1525152,,bus-cycles:u,1147296,100.00,,
     0.226746567,9740222,,instructions:u,1147328,100.00,,
     0.227893995,344,,branch-misses:u,1147264,100.00,,
     0.227893995,43,,cache-misses:u,1147264,100.00,,
     0.227893995,1530388,,bus-cycles:u,1147360,100.00,,
     0.227893995,9793383,,instructions:u,1147328,100.00,,
     0.229039438,342,,branch-misses:u,1145504,100.00,,
     0.229039438,44,,cache-misses:u,1145472,100.00,,
     0.229039438,1527358,,bus-cycles:u,1145504,100.00,,
     0.229039438,9750962,,instructions:u,1145568,100.00,,
     0.230184978,342,,branch-misses:u,1145440,100.00,,
     0.230184978,33,,cache-misses:u,1145440,100.00,,
     0.230184978,1526380,,bus-cycles:u,1145440,100.00,,
     0.230184978,9772451,,instructions:u,1145472,100.00,,
     0.231332214,343,,branch-misses:u,1147520,100.00,,
     0.231332214,112,,cache-misses:u,1147648,100.00,,
     0.231332214,1524865,,bus-cycles:u,1147648,100.00,,
     0.231332214,9736644,,instructions:u,1147584,100.00,,
     0.232479321,343,,branch-misses:u,1146752,100.00,,
     0.232479321,37,,cache-misses:u,1146656,100.00,,
     0.232479321,1528835,,bus-cycles:u,1146624,100.00,,
     0.232479321,9781265,,instructions:u,1146592,100.00,,
     0.233624797,342,,branch-misses:u,1145152,100.00,,
     0.233624797,41,,cache-misses:u,1145216,100.00,,
     0.233624797,1527737,,bus-cycles:u,1145184,100.00,,
     0.233624797,9770548,,instructions:u,1145152,100.00,,
     0.234783393,346,,branch-misses:u,1159136,100.00,,
     0.234783393,123,,cache-misses:u,1159296,100.00,,
     0.234783393,1541709,,bus-cycles:u,1159584,100.00,,
     0.234783393,9852988,,instructions:u,1159616,100.00,,
     0.235931941,343,,branch-misses:u,1148256,100.00,,
     0.235931941,37,,cache-misses:u,1148000,100.00,,
     0.235931941,1530782,,bus-cycles:u,1147680,100.00,,
     0.235931941,9794225,,instructions:u,1147712,100.00,,
     0.237078312,344,,branch-misses:u,1146368,100.00,,
     0.237078312,34,,cache-misses:u,1146560,100.00,,
     0.237078312,1528212,,bus-cycles:u,1146560,100.00,,
     0.237078312,9777525,,instructions:u,1146560,100.00,,
     0.238224332,342,,branch-misses:u,1145792,100.00,,
     0.238224332,34,,cache-misses:u,1145696,100.00,,
     0.238224332,1527605,,bus-cycles:u,1145696,100.00,,
     0.238224332,9775834,,instructions:u,1145600,100.00,,
     0.239371152,341,,branch-misses:u,1146944,100.00,,
     0.239371152,109,,cache-misses:u,1147008,100.00,,
     0.239371152,1522798,,bus-cycles:u,1147104,100.00,,
     0.239371152,9718796,,instructions:u,1147168,100.00,,
     0.240517875,342,,branch-misses:u,1146688,100.00,,
     0.240517875,35,,cache-misses:u,1146656,100.00,,
     0.240517875,1527807,,bus-cycles:u,1146656,100.00,,
     0.240517875,9758434,,instructions:u,1146656,100.00,,
     0.241665463,344,,branch-misses:u,1147552,100.00,,
     0.241665463,31,,cache-misses:u,1147520,100.00,,
     0.241665463,1528888,,bus-cycles:u,1147552,100.00,,
     0.241665463,9773901,,instructions:u,1147616,100.00,,
     0.242812282,341,,branch-misses:u,1147136,100.00,,
     0.242812282,137,,cache-misses:u,1147168,100.00,,
     0.242812282,1517654,,bus-cycles:u,1147328,100.00,,
     0.242812282,9692998,,instructions:u,1147264,100.00,,
     0.243960094,343,,branch-misses:u,1147392,100.00,,
     0.243960094,38,,cache-misses:u,1147392,100.00,,
     0.243960094,1529754,,bus-cycles:u,1147488,100.00,,
     0.243960094,9790375,,instructions:u,1147456,100.00,,
     0.245107106,343,,branch-misses:u,1146848,100.00,,
     0.245107106,36,,cache-misses:u,1146816,100.00,,
     0.245107106,1528814,,bus-cycles:u,1146464,100.00,,
     0.245107106,9773025,,instructions:u,1146400,100.00,,
     0.246253093,342,,branch-misses:u,1146208,100.00,,
     0.246253093,35,,cache-misses:u,1146144,100.00,,
     0.246253093,1528360,,bus-cycles:u,1146144,100.00,,
     0.246253093,9774743,,instructions:u,1146208,100.00,,
     0.247400169,343,,branch-misses:u,1147360,100.00,,
     0.247400169,118,,cache-misses:u,1147392,100.00,,
     0.247400169,1524902,,bus-cycles:u,1147488,100.00,,
     0.247400169,9752994,,instructions:u,1147584,100.00,,
     0.248548013,344,,branch-misses:u,1147424,100.00,,
     0.248548013,34,,cache-misses:u,1147488,100.00,,
     0.248548013,1529629,,bus-cycles:u,1147424,100.00,,
     0.248548013,9792626,,instructions:u,1147296,100.00,,
     0.249694224,341,,branch-misses:u,1146112,100.00,,
     0.249694224,34,,cache-misses:u,1146016,100.00,,
     0.249694224,1527571,,bus-cycles:u,1146048,100.00,,
     0.249694224,9741406,,instructions:u,1146144,100.00,,
     0.250841812,341,,branch-misses:u,1147840,100.00,,
     0.250841812,112,,cache-misses:u,1147968,100.00,,
     0.250841812,1524133,,bus-cycles:u,1147936,100.00,,
     0.250841812,9717096,,instructions:u,1148000,100.00,,
     0.251989656,343,,branch-misses:u,1147648,100.00,,
     0.251989656,37,,cache-misses:u,1147552,100.00,,
     0.251989656,1529238,,bus-cycles:u,1147488,100.00,,
     0.251989656,9781163,,instructions:u,1147328,100.00,,
     0.253135483,343,,branch-misses:u,1145760,100.00,,
     0.253135483,42,,cache-misses:u,1145824,100.00,,
     0.253135483,1528240,,bus-cycles:u,1145952,100.00,,
     0.253135483,9783467,,instructions:u,1146048,100.00,,
     0.254282079,343,,branch-misses:u,1146496,100.00,,
     0.254282079,33,,cache-misses:u,1146432,100.00,,
     0.254282079,1527773,,bus-cycles:u,1146272,100.00,,
     0.254282079,9779094,,instructions:u,1146208,100.00,,
     0.255428195,342,,branch-misses:u,1146112,100.00,,
     0.255428195,108,,cache-misses:u,1146208,100.00,,
     0.255428195,1522685,,bus-cycles:u,1146528,100.00,,
     0.255428195,9738524,,instructions:u,1146656,100.00,,
     0.256586407,345,,branch-misses:u,1158336,100.00,,
     0.256586407,54,,cache-misses:u,1158368,100.00,,
     0.256586407,1533449,,bus-cycles:u,1158432,100.00,,
     0.256586407,9814257,,instructions:u,1158496,100.00,,
     0.257734186,343,,branch-misses:u,1147648,100.00,,
     0.257734186,33,,cache-misses:u,1147488,100.00,,
     0.257734186,1529799,,bus-cycles:u,1147168,100.00,,
     0.257734186,9785250,,instructions:u,1147008,100.00,,
     0.258880846,342,,branch-misses:u,1146496,100.00,,
     0.258880846,106,,cache-misses:u,1146688,100.00,,
     0.258880846,1523461,,bus-cycles:u,1146720,100.00,,
     0.258880846,9749156,,instructions:u,1146752,100.00,,
     0.260028466,344,,branch-misses:u,1147584,100.00,,
     0.260028466,38,,cache-misses:u,1147456,100.00,,
     0.260028466,1529444,,bus-cycles:u,1147488,100.00,,
     0.260028466,9793282,,instructions:u,1147520,100.00,,
     0.261175061,343,,branch-misses:u,1146528,100.00,,
     0.261175061,34,,cache-misses:u,1146688,100.00,,
     0.261175061,1528829,,bus-cycles:u,1146720,100.00,,
     0.261175061,9774146,,instructions:u,1146720,100.00,,
     0.262321849,341,,branch-misses:u,1146720,100.00,,
     0.262321849,34,,cache-misses:u,1146560,100.00,,
     0.262321849,1528450,,bus-cycles:u,1146464,100.00,,
     0.262321849,9769468,,instructions:u,1146432,100.00,,
     0.263468700,342,,branch-misses:u,1146848,100.00,,
     0.263468700,100,,cache-misses:u,1146880,100.00,,
     0.263468700,1525396,,bus-cycles:u,1147104,100.00,,
     0.263468700,9736885,,instructions:u,1147008,100.00,,
     0.264615936,343,,branch-misses:u,1147232,100.00,,
     0.264615936,40,,cache-misses:u,1147296,100.00,,
     0.264615936,1530142,,bus-cycles:u,1147296,100.00,,
     0.264615936,9788325,,instructions:u,1147360,100.00,,
     0.265762436,343,,branch-misses:u,1146560,100.00,,
     0.265762436,37,,cache-misses:u,1146400,100.00,,
     0.265762436,1528416,,bus-cycles:u,1146240,100.00,,
     0.265762436,9788207,,instructions:u,1146240,100.00,,
     0.266908967,343,,branch-misses:u,1146496,100.00,,
     0.266908967,108,,cache-misses:u,1146528,100.00,,
     0.266908967,1523697,,bus-cycles:u,1146528,100.00,,
     0.266908967,9740807,,instructions:u,1146624,100.00,,
     0.268056395,342,,branch-misses:u,1147296,100.00,,
     0.268056395,44,,cache-misses:u,1147296,100.00,,
     0.268056395,1530333,,bus-cycles:u,1147616,100.00,,
     0.268056395,9776460,,instructions:u,1147584,100.00,,
     0.269202639,344,,branch-misses:u,1146176,100.00,,
     0.269202639,31,,cache-misses:u,1146336,100.00,,
     0.269202639,1528371,,bus-cycles:u,1146272,100.00,,
     0.269202639,9778586,,instructions:u,1146144,100.00,,
     0.270348722,343,,branch-misses:u,1145824,100.00,,
     0.270348722,34,,cache-misses:u,1145696,100.00,,
     0.270348722,1527263,,bus-cycles:u,1145440,100.00,,
     0.270348722,9779769,,instructions:u,1145504,100.00,,
     0.271495766,343,,branch-misses:u,1147264,100.00,,
     0.271495766,102,,cache-misses:u,1147328,100.00,,
     0.271495766,1525631,,bus-cycles:u,1147360,100.00,,
     0.271495766,9756016,,instructions:u,1147520,100.00,,
     0.272642906,342,,branch-misses:u,1147232,100.00,,
     0.272642906,47,,cache-misses:u,1147360,100.00,,
     0.272642906,1529059,,bus-cycles:u,1147360,100.00,,
     0.272642906,9770356,,instructions:u,1147200,100.00,,
     0.273791197,343,,branch-misses:u,1147904,100.00,,
     0.273791197,35,,cache-misses:u,1147712,100.00,,
     0.273791197,1530262,,bus-cycles:u,1147712,100.00,,
     0.273791197,9774622,,instructions:u,1147776,100.00,,
     0.274937953,342,,branch-misses:u,1147360,100.00,,
     0.274937953,109,,cache-misses:u,1147328,100.00,,
     0.274937953,1523678,,bus-cycles:u,1147232,100.00,,
     0.274937953,9743659,,instructions:u,1147168,100.00,,
     0.276084965,344,,branch-misses:u,1146656,100.00,,
     0.276084965,37,,cache-misses:u,1146688,100.00,,
     0.276084965,1529200,,bus-cycles:u,1146720,100.00,,
     0.276084965,9783024,,instructions:u,1146656,100.00,,
     0.277243113,346,,branch-misses:u,1158272,100.00,,
     0.277243113,41,,cache-misses:u,1158368,100.00,,
     0.277243113,1544846,,bus-cycles:u,1158656,100.00,,
     0.277243113,9875295,,instructions:u,1158720,100.00,,
     0.278390796,342,,branch-misses:u,1147392,100.00,,
     0.278390796,37,,cache-misses:u,1147296,100.00,,
     0.278390796,1528909,,bus-cycles:u,1146976,100.00,,
     0.278390796,9759554,,instructions:u,1147008,100.00,,
     0.279537584,341,,branch-misses:u,1147136,100.00,,
     0.279537584,91,,cache-misses:u,1147136,100.00,,
     0.279537584,1522325,,bus-cycles:u,1147168,100.00,,
     0.279537584,9723534,,instructions:u,1147136,100.00,,
     0.280685972,343,,branch-misses:u,1148000,100.00,,
     0.280685972,36,,cache-misses:u,1148160,100.00,,
     0.280685972,1530131,,bus-cycles:u,1148160,100.00,,
     0.280685972,9797855,,instructions:u,1148160,100.00,,
     0.281832631,344,,branch-misses:u,1146272,100.00,,
     0.281832631,34,,cache-misses:u,1146176,100.00,,
     0.281832631,1527937,,bus-cycles:u,1146176,100.00,,
     0.281832631,9777715,,instructions:u,1146144,100.00,,
     0.282979611,342,,branch-misses:u,1147584,100.00,,
     0.282979611,107,,cache-misses:u,1147584,100.00,,
     0.282979611,1524129,,bus-cycles:u,1147712,100.00,,
     0.282979611,9738513,,instructions:u,1147712,100.00,,
     0.284127454,342,,branch-misses:u,1147552,100.00,,
     0.284127454,43,,cache-misses:u,1147648,100.00,,
     0.284127454,1530118,,bus-cycles:u,1147552,100.00,,
     0.284127454,9777419,,instructions:u,1147648,100.00,,
     0.285274434,343,,branch-misses:u,1146560,100.00,,
     0.285274434,31,,cache-misses:u,1146464,100.00,,
     0.285274434,1527469,,bus-cycles:u,1146400,100.00,,
     0.285274434,9770538,,instructions:u,1146304,100.00,,
     0.286420134,343,,branch-misses:u,1145632,100.00,,
     0.286420134,34,,cache-misses:u,1145600,100.00,,
     0.286420134,1526975,,bus-cycles:u,1145600,100.00,,
     0.286420134,9772444,,instructions:u,1145664,100.00,,
     0.287567273,343,,branch-misses:u,1147776,100.00,,
     0.287567273,110,,cache-misses:u,1147680,100.00,,
     0.287567273,1524223,,bus-cycles:u,1147744,100.00,,
     0.287567273,9744287,,instructions:u,1147744,100.00,,
     0.288714893,343,,branch-misses:u,1146976,100.00,,
     0.288714893,46,,cache-misses:u,1147008,100.00,,
     0.288714893,1529662,,bus-cycles:u,1147040,100.00,,
     0.288714893,9779240,,instructions:u,1147072,100.00,,
     0.289860785,342,,branch-misses:u,1146208,100.00,,
     0.289860785,40,,cache-misses:u,1146240,100.00,,
     0.289860785,1528105,,bus-cycles:u,1146144,100.00,,
     0.289860785,9768782,,instructions:u,1146112,100.00,,
     0.291007508,342,,branch-misses:u,1146592,100.00,,
     0.291007508,109,,cache-misses:u,1146560,100.00,,
     0.291007508,1523143,,bus-cycles:u,1146528,100.00,,
     0.291007508,9738187,,instructions:u,1146560,100.00,,
     0.292154424,342,,branch-misses:u,1146848,100.00,,
     0.292154424,36,,cache-misses:u,1146912,100.00,,
     0.292154424,1529363,,bus-cycles:u,1146944,100.00,,
     0.292154424,9777179,,instructions:u,1146848,100.00,,
     0.293300188,343,,branch-misses:u,1145824,100.00,,
     0.293300188,37,,cache-misses:u,1145856,100.00,,
     0.293300188,1527890,,bus-cycles:u,1145888,100.00,,
     0.293300188,9766244,,instructions:u,1145920,100.00,,
     0.294446335,341,,branch-misses:u,1145760,100.00,,
     0.294446335,44,,cache-misses:u,1145920,100.00,,
     0.294446335,1528707,,bus-cycles:u,1145952,100.00,,
     0.294446335,9771659,,instructions:u,1145952,100.00,,
     0.295592771,342,,branch-misses:u,1146816,100.00,,
     0.295592771,109,,cache-misses:u,1146720,100.00,,
     0.295592771,1524108,,bus-cycles:u,1146656,100.00,,
     0.295592771,9740323,,instructions:u,1146720,100.00,,
     0.296740230,342,,branch-misses:u,1147424,100.00,,
     0.296740230,38,,cache-misses:u,1147296,100.00,,
     0.296740230,1529657,,bus-cycles:u,1147328,100.00,,
     0.296740230,9778901,,instructions:u,1147264,100.00,,
     0.297886474,342,,branch-misses:u,1145888,100.00,,
     0.297886474,40,,cache-misses:u,1146016,100.00,,
     0.297886474,1527978,,bus-cycles:u,1145984,100.00,,
     0.297886474,9774138,,instructions:u,1146080,100.00,,
     0.299044302,345,,branch-misses:u,1158272,100.00,,
     0.299044302,103,,cache-misses:u,1158272,100.00,,
     0.299044302,1538434,,bus-cycles:u,1158368,100.00,,
     0.299044302,9827711,,instructions:u,1158304,100.00,,
     0.300192210,345,,branch-misses:u,1147648,100.00,,
     0.300192210,43,,cache-misses:u,1147392,100.00,,
     0.300192210,1529445,,bus-cycles:u,1147392,100.00,,
     0.300192210,9773913,,instructions:u,1147456,100.00,,
     0.301338197,342,,branch-misses:u,1145824,100.00,,
     0.301338197,46,,cache-misses:u,1145984,100.00,,
     0.301338197,1527743,,bus-cycles:u,1145952,100.00,,
     0.301338197,9759077,,instructions:u,1145920,100.00,,
     0.302484793,342,,branch-misses:u,1146720,100.00,,
     0.302484793,40,,cache-misses:u,1146720,100.00,,
     0.302484793,1527777,,bus-cycles:u,1146752,100.00,,
     0.302484793,9760125,,instructions:u,1146720,100.00,,
     0.303644989,345,,branch-misses:u,1160256,100.00,,
     0.303644989,79,,cache-misses:u,1160192,100.00,,
     0.303644989,1541010,,bus-cycles:u,1160448,100.00,,
     0.303644989,9846366,,instructions:u,1160544,100.00,,
     0.304792545,343,,branch-misses:u,1147360,100.00,,
     0.304792545,37,,cache-misses:u,1147360,100.00,,
     0.304792545,1528814,,bus-cycles:u,1147040,100.00,,
     0.304792545,9773971,,instructions:u,1147008,100.00,,
     0.305939620,342,,branch-misses:u,1146720,100.00,,
     0.305939620,40,,cache-misses:u,1146848,100.00,,
     0.305939620,1528192,,bus-cycles:u,1146880,100.00,,
     0.305939620,9761270,,instructions:u,1146816,100.00,,
     0.307085704,342,,branch-misses:u,1146656,100.00,,
     0.307085704,101,,cache-misses:u,1146752,100.00,,
     0.307085704,1520828,,bus-cycles:u,1146784,100.00,,
     0.307085704,9731142,,instructions:u,1146784,100.00,,
     0.308233964,342,,branch-misses:u,1147936,100.00,,
     0.308233964,37,,cache-misses:u,1147808,100.00,,
     0.308233964,1529156,,bus-cycles:u,1147776,100.00,,
     0.308233964,9785551,,instructions:u,1147808,100.00,,
     0.309381135,343,,branch-misses:u,1146912,100.00,,
     0.309381135,32,,cache-misses:u,1146944,100.00,,
     0.309381135,1527918,,bus-cycles:u,1147008,100.00,,
     0.309381135,9766125,,instructions:u,1146976,100.00,,
     0.310527091,342,,branch-misses:u,1145824,100.00,,
     0.310527091,37,,cache-misses:u,1145696,100.00,,
     0.310527091,1526979,,bus-cycles:u,1145632,100.00,,
     0.310527091,9755050,,instructions:u,1145664,100.00,,
     0.311684215,346,,branch-misses:u,1157920,100.00,,
     0.311684215,86,,cache-misses:u,1157856,100.00,,
     0.311684215,1536206,,bus-cycles:u,1157888,100.00,,
     0.311684215,9815470,,instructions:u,1157888,100.00,,
     0.312831867,342,,branch-misses:u,1146816,100.00,,
     0.312831867,34,,cache-misses:u,1146816,100.00,,
     0.312831867,1528884,,bus-cycles:u,1146752,100.00,,
     0.312831867,9764483,,instructions:u,1146656,100.00,,
     0.313977630,343,,branch-misses:u,1146016,100.00,,
     0.313977630,38,,cache-misses:u,1146080,100.00,,
     0.313977630,1528294,,bus-cycles:u,1146112,100.00,,
     0.313977630,9770104,,instructions:u,1146144,100.00,,
     0.315124450,343,,branch-misses:u,1147136,100.00,,
     0.315124450,91,,cache-misses:u,1147232,100.00,,
     0.315124450,1523383,,bus-cycles:u,1147232,100.00,,
     0.315124450,9739544,,instructions:u,1147296,100.00,,
     0.316272645,344,,branch-misses:u,1147776,100.00,,
     0.316272645,40,,cache-misses:u,1147776,100.00,,
     0.316272645,1530775,,bus-cycles:u,1147744,100.00,,
     0.316272645,9790437,,instructions:u,1147744,100.00,,
     0.317418185,342,,branch-misses:u,1145216,100.00,,
     0.317418185,38,,cache-misses:u,1145248,100.00,,
     0.317418185,1527507,,bus-cycles:u,1145248,100.00,,
     0.317418185,9758973,,instructions:u,1145184,100.00,,
     0.318564013,340,,branch-misses:u,1146368,100.00,,
     0.318564013,48,,cache-misses:u,1146400,100.00,,
     0.318564013,1513401,,bus-cycles:u,1146464,100.00,,
     0.318564013,9670480,,instructions:u,1146496,100.00,,
     0.319724369,346,,branch-misses:u,1160256,100.00,,
     0.319724369,90,,cache-misses:u,1160192,100.00,,
     0.319724369,1547197,,bus-cycles:u,1160128,100.00,,
     0.319724369,9887046,,instructions:u,1160128,100.00,,
     0.320870900,344,,branch-misses:u,1146304,100.00,,
     0.320870900,33,,cache-misses:u,1146400,100.00,,
     0.320870900,1528786,,bus-cycles:u,1146432,100.00,,
     0.320870900,9777251,,instructions:u,1146464,100.00,,
     0.322016696,342,,branch-misses:u,1145792,100.00,,
     0.322016696,38,,cache-misses:u,1145568,100.00,,
     0.322016696,1527429,,bus-cycles:u,1145568,100.00,,
     0.322016696,9765044,,instructions:u,1145504,100.00,,
     0.323163612,342,,branch-misses:u,1146784,100.00,,
     0.323163612,108,,cache-misses:u,1146880,100.00,,
     0.323163612,1523963,,bus-cycles:u,1146784,100.00,,
     0.323163612,9738413,,instructions:u,1146880,100.00,,
     0.324310847,342,,branch-misses:u,1147264,100.00,,
     0.324310847,39,,cache-misses:u,1147264,100.00,,
     0.324310847,1529737,,bus-cycles:u,1147328,100.00,,
     0.324310847,9778811,,instructions:u,1147264,100.00,,
     0.325457699,343,,branch-misses:u,1146912,100.00,,
     0.325457699,40,,cache-misses:u,1146816,100.00,,
     0.325457699,1528884,,bus-cycles:u,1146752,100.00,,
     0.325457699,9787982,,instructions:u,1146752,100.00,,
     0.326605191,343,,branch-misses:u,1147296,100.00,,
     0.326605191,66,,cache-misses:u,1147296,100.00,,
     0.326605191,1524408,,bus-cycles:u,1147392,100.00,,
     0.326605191,9751090,,instructions:u,1147392,100.00,,
     0.327752458,342,,branch-misses:u,1147168,100.00,,
     0.327752458,67,,cache-misses:u,1147232,100.00,,
     0.327752458,1529118,,bus-cycles:u,1147264,100.00,,
     0.327752458,9779516,,instructions:u,1147328,100.00,,
     0.328898798,344,,branch-misses:u,1146016,100.00,,
     0.328898798,47,,cache-misses:u,1145920,100.00,,
     0.328898798,1527860,,bus-cycles:u,1145888,100.00,,
     0.328898798,9763982,,instructions:u,1145824,100.00,,
     0.330043825,342,,branch-misses:u,1145472,100.00,,
     0.330043825,33,,cache-misses:u,1145504,100.00,,
     0.330043825,1527339,,bus-cycles:u,1145504,100.00,,
     0.330043825,9773436,,instructions:u,1145504,100.00,,
     0.331191343,344,,branch-misses:u,1147840,100.00,,
     0.331191343,107,,cache-misses:u,1147904,100.00,,
     0.331191343,1526071,,bus-cycles:u,1147808,100.00,,
     0.331191343,9762312,,instructions:u,1147808,100.00,,
     0.332339208,345,,branch-misses:u,1147456,100.00,,
     0.332339208,42,,cache-misses:u,1147456,100.00,,
     0.332339208,1530249,,bus-cycles:u,1147456,100.00,,
     0.332339208,9789639,,instructions:u,1147424,100.00,,
     0.333485280,342,,branch-misses:u,1145600,100.00,,
     0.333485280,40,,cache-misses:u,1145792,100.00,,
     0.333485280,1529156,,bus-cycles:u,1145856,100.00,,
     0.333485280,9772387,,instructions:u,1145952,100.00,,
     0.334631961,342,,branch-misses:u,1147392,100.00,,
     0.334631961,64,,cache-misses:u,1147200,100.00,,
     0.334631961,1524568,,bus-cycles:u,1147168,100.00,,
     0.334631961,9738905,,instructions:u,1147104,100.00,,
     0.335779698,343,,branch-misses:u,1147392,100.00,,
     0.335779698,65,,cache-misses:u,1147488,100.00,,
     0.335779698,1530194,,bus-cycles:u,1147488,100.00,,
     0.335779698,9779260,,instructions:u,1147488,100.00,,
     0.336926122,343,,branch-misses:u,1146016,100.00,,
     0.336926122,37,,cache-misses:u,1145792,100.00,,
     0.336926122,1527582,,bus-cycles:u,1145728,100.00,,
     0.336926122,9773730,,instructions:u,1145696,100.00,,
     0.338071363,343,,branch-misses:u,1145504,100.00,,
     0.338071363,41,,cache-misses:u,1145600,100.00,,
     0.338071363,1528178,,bus-cycles:u,1145728,100.00,,
     0.338071363,9795412,,instructions:u,1145696,100.00,,
     0.339218076,343,,branch-misses:u,1146848,100.00,,
     0.339218076,104,,cache-misses:u,1147104,100.00,,
     0.339218076,1525882,,bus-cycles:u,1147136,100.00,,
     0.339218076,9756390,,instructions:u,1147200,100.00,,
     0.340375765,346,,branch-misses:u,1157792,100.00,,
     0.340375765,42,,cache-misses:u,1157664,100.00,,
     0.340375765,1543677,,bus-cycles:u,1157568,100.00,,
     0.340375765,9874499,,instructions:u,1157504,100.00,,
     0.341523053,342,,branch-misses:u,1147168,100.00,,
     0.341523053,42,,cache-misses:u,1147008,100.00,,
     0.341523053,1529306,,bus-cycles:u,1147104,100.00,,
     0.341523053,9770818,,instructions:u,1147136,100.00,,
     0.342669990,343,,branch-misses:u,1147136,100.00,,
     0.342669990,73,,cache-misses:u,1147200,100.00,,
     0.342669990,1524910,,bus-cycles:u,1147168,100.00,,
     0.342669990,9735152,,instructions:u,1147232,100.00,,
     0.343817727,342,,branch-misses:u,1147456,100.00,,
     0.343817727,61,,cache-misses:u,1147456,100.00,,
     0.343817727,1529504,,bus-cycles:u,1147456,100.00,,
     0.343817727,9774167,,instructions:u,1147456,100.00,,
     0.344966360,343,,branch-misses:u,1148640,100.00,,
     0.344966360,36,,cache-misses:u,1148672,100.00,,
     0.344966360,1531235,,bus-cycles:u,1148608,100.00,,
     0.344966360,9784531,,instructions:u,1148512,100.00,,
     0.346112720,343,,branch-misses:u,1146272,100.00,,
     0.346112720,37,,cache-misses:u,1146368,100.00,,
     0.346112720,1528666,,bus-cycles:u,1146368,100.00,,
     0.346112720,9785068,,instructions:u,1146432,100.00,,
     0.347260457,343,,branch-misses:u,1148128,100.00,,
     0.347260457,108,,cache-misses:u,1148032,100.00,,
     0.347260457,1524672,,bus-cycles:u,1148064,100.00,,
     0.347260457,9752925,,instructions:u,1148032,100.00,,
     0.348408962,343,,branch-misses:u,1148064,100.00,,
     0.348408962,38,,cache-misses:u,1147968,100.00,,
     0.348408962,1530068,,bus-cycles:u,1148000,100.00,,
     0.348408962,9773062,,instructions:u,1148000,100.00,,
     0.349555546,342,,branch-misses:u,1146208,100.00,,
     0.349555546,36,,cache-misses:u,1146144,100.00,,
     0.349555546,1527986,,bus-cycles:u,1146080,100.00,,
     0.349555546,9757472,,instructions:u,1146176,100.00,,
     0.350702099,342,,branch-misses:u,1146880,100.00,,
     0.350702099,101,,cache-misses:u,1147008,100.00,,
     0.350702099,1523250,,bus-cycles:u,1147104,100.00,,
     0.350702099,9742034,,instructions:u,1147072,100.00,,
     0.351849868,343,,branch-misses:u,1147776,100.00,,
     0.351849868,54,,cache-misses:u,1147840,100.00,,
     0.351849868,1530647,,bus-cycles:u,1147808,100.00,,
     0.351849868,9783789,,instructions:u,1147744,100.00,,
     0.352995780,343,,branch-misses:u,1145600,100.00,,
     0.352995780,35,,cache-misses:u,1145600,100.00,,
     0.352995780,1527756,,bus-cycles:u,1145632,100.00,,
     0.352995780,9774102,,instructions:u,1145664,100.00,,
     0.354141917,343,,branch-misses:u,1146016,100.00,,
     0.354141917,37,,cache-misses:u,1145984,100.00,,
     0.354141917,1528189,,bus-cycles:u,1145952,100.00,,
     0.354141917,9779349,,instructions:u,1145888,100.00,,
     0.355288214,342,,branch-misses:u,1146688,100.00,,
     0.355288214,108,,cache-misses:u,1146592,100.00,,
     0.355288214,1524748,,bus-cycles:u,1146624,100.00,,
     0.355288214,9748117,,instructions:u,1146624,100.00,,
     0.356434734,343,,branch-misses:u,1146432,100.00,,
     0.356434734,51,,cache-misses:u,1146368,100.00,,
     0.356434734,1528714,,bus-cycles:u,1146272,100.00,,
     0.356434734,9771901,,instructions:u,1146336,100.00,,
     0.357580999,343,,branch-misses:u,1146272,100.00,,
     0.357580999,36,,cache-misses:u,1146368,100.00,,
     0.357580999,1528507,,bus-cycles:u,1146400,100.00,,
     0.357580999,9780436,,instructions:u,1146368,100.00,,
     0.358727616,344,,branch-misses:u,1146592,100.00,,
     0.358727616,89,,cache-misses:u,1146688,100.00,,
     0.358727616,1523178,,bus-cycles:u,1146656,100.00,,
     0.358727616,9741996,,instructions:u,1146656,100.00,,
     0.359874776,343,,branch-misses:u,1147168,100.00,,
     0.359874776,58,,cache-misses:u,1147136,100.00,,
     0.359874776,1529157,,bus-cycles:u,1147104,100.00,,
     0.359874776,9774756,,instructions:u,1147040,100.00,,
     0.361020913,342,,branch-misses:u,1146048,100.00,,
     0.361020913,39,,cache-misses:u,1145920,100.00,,
     0.361020913,1528142,,bus-cycles:u,1145984,100.00,,
     0.361020913,9761520,,instructions:u,1146080,100.00,,
     0.362178346,345,,branch-misses:u,1157600,100.00,,
     0.362178346,47,,cache-misses:u,1157856,100.00,,
     0.362178346,1544302,,bus-cycles:u,1158112,100.00,,
     0.362178346,9866515,,instructions:u,1158112,100.00,,
     0.363326339,343,,branch-misses:u,1147872,100.00,,
     0.363326339,105,,cache-misses:u,1147776,100.00,,
     0.363326339,1524059,,bus-cycles:u,1147616,100.00,,
     0.363326339,9747733,,instructions:u,1147584,100.00,,
     0.364473243,343,,branch-misses:u,1146784,100.00,,
     0.364473243,38,,cache-misses:u,1146624,100.00,,
     0.364473243,1528903,,bus-cycles:u,1146528,100.00,,
     0.364473243,9779643,,instructions:u,1146464,100.00,,
     0.365618708,342,,branch-misses:u,1145184,100.00,,
     0.365618708,39,,cache-misses:u,1145344,100.00,,
     0.365618708,1528011,,bus-cycles:u,1145312,100.00,,
     0.365618708,9763872,,instructions:u,1145344,100.00,,
     0.366765229,342,,branch-misses:u,1147040,100.00,,
     0.366765229,142,,cache-misses:u,1147136,100.00,,
     0.366765229,1521179,,bus-cycles:u,1147200,100.00,,
     0.366765229,9723549,,instructions:u,1147264,100.00,,
     0.367912357,342,,branch-misses:u,1146848,100.00,,
     0.367912357,46,,cache-misses:u,1146752,100.00,,
     0.367912357,1528932,,bus-cycles:u,1146816,100.00,,
     0.367912357,9777010,,instructions:u,1146784,100.00,,
     0.369058206,343,,branch-misses:u,1145824,100.00,,
     0.369058206,33,,cache-misses:u,1145824,100.00,,
     0.369058206,1527860,,bus-cycles:u,1145792,100.00,,
     0.369058206,9778692,,instructions:u,1145696,100.00,,
     0.370203895,343,,branch-misses:u,1145632,100.00,,
     0.370203895,42,,cache-misses:u,1145632,100.00,,
     0.370203895,1527510,,bus-cycles:u,1145568,100.00,,
     0.370203895,9761940,,instructions:u,1145632,100.00,,
     0.371350095,341,,branch-misses:u,1146208,100.00,,
     0.371350095,108,,cache-misses:u,1146080,100.00,,
     0.371350095,1521428,,bus-cycles:u,1146048,100.00,,
     0.371350095,9717213,,instructions:u,1146144,100.00,,
     0.372497256,343,,branch-misses:u,1147136,100.00,,
     0.372497256,36,,cache-misses:u,1147072,100.00,,
     0.372497256,1528977,,bus-cycles:u,1147072,100.00,,
     0.372497256,9781607,,instructions:u,1147008,100.00,,
     0.373642561,339,,branch-misses:u,1145024,100.00,,
     0.373642561,38,,cache-misses:u,1145280,100.00,,
     0.373642561,1526723,,bus-cycles:u,1145344,100.00,,
     0.373642561,9775700,,instructions:u,1145312,100.00,,
     0.374789785,341,,branch-misses:u,1147808,100.00,,
     0.374789785,98,,cache-misses:u,1147744,100.00,,
     0.374789785,1525047,,bus-cycles:u,1147680,100.00,,
     0.374789785,9756894,,instructions:u,1147744,100.00,,
     0.375937842,344,,branch-misses:u,1147616,100.00,,
     0.375937842,36,,cache-misses:u,1147552,100.00,,
     0.375937842,1529918,,bus-cycles:u,1147552,100.00,,
     0.375937842,9788429,,instructions:u,1147520,100.00,,
     0.377083243,342,,branch-misses:u,1145504,100.00,,
     0.377083243,41,,cache-misses:u,1145568,100.00,,
     0.377083243,1527905,,bus-cycles:u,1145696,100.00,,
     0.377083243,9763583,,instructions:u,1145696,100.00,,
     0.378229507,341,,branch-misses:u,1146048,100.00,,
     0.378229507,38,,cache-misses:u,1146080,100.00,,
     0.378229507,1528238,,bus-cycles:u,1145984,100.00,,
     0.378229507,9761345,,instructions:u,1146016,100.00,,
     0.379376316,341,,branch-misses:u,1147296,100.00,,
     0.379376316,107,,cache-misses:u,1147168,100.00,,
     0.379376316,1521417,,bus-cycles:u,1147232,100.00,,
     0.379376316,9722552,,instructions:u,1147232,100.00,,
     0.380523861,343,,branch-misses:u,1147040,100.00,,
     0.380523861,36,,cache-misses:u,1147136,100.00,,
     0.380523861,1529580,,bus-cycles:u,1147072,100.00,,
     0.380523861,9786666,,instructions:u,1146976,100.00,,
     0.381669454,344,,branch-misses:u,1145632,100.00,,
     0.381669454,35,,cache-misses:u,1145600,100.00,,
     0.381669454,1527271,,bus-cycles:u,1145600,100.00,,
     0.381669454,9772277,,instructions:u,1145632,100.00,,
     0.382829574,347,,branch-misses:u,1160608,100.00,,
     0.382829574,121,,cache-misses:u,1160704,100.00,,
     0.382829574,1541868,,bus-cycles:u,1160928,100.00,,
     0.382829574,9866781,,instructions:u,1160992,100.00,,
     0.383977407,343,,branch-misses:u,1147328,100.00,,
     0.383977407,40,,cache-misses:u,1147168,100.00,,
     0.383977407,1529819,,bus-cycles:u,1146976,100.00,,
     0.383977407,9789703,,instructions:u,1146976,100.00,,
     0.385122392,342,,branch-misses:u,1144512,100.00,,
     0.385122392,38,,cache-misses:u,1144672,100.00,,
     0.385122392,1526017,,bus-cycles:u,1144608,100.00,,
     0.385122392,9760030,,instructions:u,1144608,100.00,,
     0.386266832,345,,branch-misses:u,1144960,100.00,,
     0.386266832,42,,cache-misses:u,1144864,100.00,,
     0.386266832,1527321,,bus-cycles:u,1144896,100.00,,
     0.386266832,9759911,,instructions:u,1144896,100.00,,
     0.387411977,340,,branch-misses:u,1145376,100.00,,
     0.387411977,102,,cache-misses:u,1145472,100.00,,
     0.387411977,1521372,,bus-cycles:u,1145728,100.00,,
     0.387411977,9720103,,instructions:u,1145728,100.00,,
     0.388561378,343,,branch-misses:u,1148960,100.00,,
     0.388561378,46,,cache-misses:u,1148992,100.00,,
     0.388561378,1531889,,bus-cycles:u,1149056,100.00,,
     0.388561378,9802471,,instructions:u,1149056,100.00,,
     0.389707194,342,,branch-misses:u,1145344,100.00,,
     0.389707194,47,,cache-misses:u,1145184,100.00,,
     0.389707194,1526738,,bus-cycles:u,1144928,100.00,,
     0.389707194,9758389,,instructions:u,1144832,100.00,,
     0.390854483,344,,branch-misses:u,1147904,100.00,,
     0.390854483,103,,cache-misses:u,1148032,100.00,,
     0.390854483,1526974,,bus-cycles:u,1148064,100.00,,
     0.390854483,9777457,,instructions:u,1148192,100.00,,
     0.392003916,344,,branch-misses:u,1149248,100.00,,
     0.392003916,41,,cache-misses:u,1149120,100.00,,
     0.392003916,1532997,,bus-cycles:u,1149024,100.00,,
     0.392003916,9796166,,instructions:u,1148992,100.00,,
     0.393150245,341,,branch-misses:u,1145952,100.00,,
     0.393150245,36,,cache-misses:u,1146016,100.00,,
     0.393150245,1528811,,bus-cycles:u,1146048,100.00,,
     0.393150245,9772854,,instructions:u,1146048,100.00,,
     0.394296797,343,,branch-misses:u,1146496,100.00,,
     0.394296797,37,,cache-misses:u,1146528,100.00,,
     0.394296797,1528906,,bus-cycles:u,1146528,100.00,,
     0.394296797,9769064,,instructions:u,1146592,100.00,,
     0.395445398,342,,branch-misses:u,1148992,100.00,,
     0.395445398,100,,cache-misses:u,1148992,100.00,,
     0.395445398,1526046,,bus-cycles:u,1148960,100.00,,
     0.395445398,9746185,,instructions:u,1148928,100.00,,
     0.396593103,343,,branch-misses:u,1147616,100.00,,
     0.396593103,35,,cache-misses:u,1147392,100.00,,
     0.396593103,1530247,,bus-cycles:u,1147328,100.00,,
     0.396593103,9780482,,instructions:u,1147360,100.00,,
     0.397738727,343,,branch-misses:u,1145632,100.00,,
     0.397738727,44,,cache-misses:u,1145792,100.00,,
     0.397738727,1528264,,bus-cycles:u,1145856,100.00,,
     0.397738727,9775465,,instructions:u,1145760,100.00,,
     0.398885344,343,,branch-misses:u,1146880,100.00,,
     0.398885344,109,,cache-misses:u,1146976,100.00,,
     0.398885344,1523664,,bus-cycles:u,1146944,100.00,,
     0.398885344,9752249,,instructions:u,1146976,100.00,,
     0.400032761,342,,branch-misses:u,1147104,100.00,,
     0.400032761,43,,cache-misses:u,1147072,100.00,,
     0.400032761,1529979,,bus-cycles:u,1147168,100.00,,
     0.400032761,9777020,,instructions:u,1147168,100.00,,
     0.401178769,343,,branch-misses:u,1146016,100.00,,
     0.401178769,39,,cache-misses:u,1145952,100.00,,
     0.401178769,1528841,,bus-cycles:u,1145920,100.00,,
     0.401178769,9784551,,instructions:u,1145920,100.00,,
     0.402323626,342,,branch-misses:u,1144864,100.00,,
     0.402323626,43,,cache-misses:u,1144928,100.00,,
     0.402323626,1526824,,bus-cycles:u,1144960,100.00,,
     0.402323626,9769217,,instructions:u,1144960,100.00,,
     0.403470211,343,,branch-misses:u,1146624,100.00,,
     0.403470211,110,,cache-misses:u,1146528,100.00,,
     0.403470211,1524295,,bus-cycles:u,1146528,100.00,,
     0.403470211,9740832,,instructions:u,1146528,100.00,,
     0.404629724,347,,branch-misses:u,1159552,100.00,,
     0.404629724,40,,cache-misses:u,1159744,100.00,,
     0.404629724,1546275,,bus-cycles:u,1159680,100.00,,
     0.404629724,9893450,,instructions:u,1159680,100.00,,
     0.405777492,343,,branch-misses:u,1147552,100.00,,
     0.405777492,40,,cache-misses:u,1147296,100.00,,
     0.405777492,1529756,,bus-cycles:u,1147328,100.00,,
     0.405777492,9773957,,instructions:u,1147360,100.00,,
     0.406925453,344,,branch-misses:u,1148288,100.00,,
     0.406925453,109,,cache-misses:u,1148384,100.00,,
     0.406925453,1526009,,bus-cycles:u,1148352,100.00,,
     0.406925453,9759599,,instructions:u,1148256,100.00,,
     0.408073030,344,,branch-misses:u,1147296,100.00,,
     0.408073030,40,,cache-misses:u,1147296,100.00,,
     0.408073030,1530426,,bus-cycles:u,1147296,100.00,,
     0.408073030,9792082,,instructions:u,1147264,100.00,,
     0.409220158,343,,branch-misses:u,1146944,100.00,,
     0.409220158,41,,cache-misses:u,1146944,100.00,,
     0.409220158,1528816,,bus-cycles:u,1146976,100.00,,
     0.409220158,9780947,,instructions:u,1147040,100.00,,
     0.410366423,343,,branch-misses:u,1145888,100.00,,
     0.410366423,39,,cache-misses:u,1145856,100.00,,
     0.410366423,1528136,,bus-cycles:u,1145728,100.00,,
     0.410366423,9768783,,instructions:u,1145760,100.00,,
     0.411513104,342,,branch-misses:u,1147456,100.00,,
     0.411513104,126,,cache-misses:u,1147456,100.00,,
     0.411513104,1523797,,bus-cycles:u,1147520,100.00,,
     0.411513104,9735919,,instructions:u,1147616,100.00,,
     0.412660105,341,,branch-misses:u,1146528,100.00,,
     0.412660105,41,,cache-misses:u,1146496,100.00,,
     0.412660105,1528904,,bus-cycles:u,1146496,100.00,,
     0.412660105,9758598,,instructions:u,1146432,100.00,,
     0.413806369,343,,branch-misses:u,1145888,100.00,,
     0.413806369,36,,cache-misses:u,1145792,100.00,,
     0.413806369,1527608,,bus-cycles:u,1145888,100.00,,
     0.413806369,9762079,,instructions:u,1145888,100.00,,
     0.414952410,341,,branch-misses:u,1146528,100.00,,
     0.414952410,99,,cache-misses:u,1146720,100.00,,
     0.414952410,1524037,,bus-cycles:u,1146592,100.00,,
     0.414952410,9726203,,instructions:u,1146560,100.00,,
     0.416099411,342,,branch-misses:u,1146912,100.00,,
     0.416099411,39,,cache-misses:u,1146912,100.00,,
     0.416099411,1528433,,bus-cycles:u,1146976,100.00,,
     0.416099411,9767793,,instructions:u,1146976,100.00,,
     0.417244779,342,,branch-misses:u,1145280,100.00,,
     0.417244779,35,,cache-misses:u,1145280,100.00,,
     0.417244779,1527209,,bus-cycles:u,1145312,100.00,,
     0.417244779,9755592,,instructions:u,1145344,100.00,,
     0.418390308,342,,branch-misses:u,1145664,100.00,,
     0.418390308,32,,cache-misses:u,1145536,100.00,,
     0.418390308,1527524,,bus-cycles:u,1145568,100.00,,
     0.418390308,9754404,,instructions:u,1145568,100.00,,
     0.419536989,344,,branch-misses:u,1146592,100.00,,
     0.419536989,105,,cache-misses:u,1146656,100.00,,
     0.419536989,1524446,,bus-cycles:u,1146624,100.00,,
     0.419536989,9754564,,instructions:u,1146720,100.00,,
     0.420684053,343,,branch-misses:u,1147040,100.00,,
     0.420684053,37,,cache-misses:u,1147040,100.00,,
     0.420684053,1529577,,bus-cycles:u,1147040,100.00,,
     0.420684053,9792170,,instructions:u,1146880,100.00,,
     0.421829902,342,,branch-misses:u,1145760,100.00,,
     0.421829902,40,,cache-misses:u,1145696,100.00,,
     0.421829902,1528141,,bus-cycles:u,1145728,100.00,,
     0.421829902,9783411,,instructions:u,1145792,100.00,,
     0.422975975,342,,branch-misses:u,1146016,100.00,,
     0.422975975,116,,cache-misses:u,1145952,100.00,,
     0.422975975,1522274,,bus-cycles:u,1145888,100.00,,
     0.422975975,9736460,,instructions:u,1145888,100.00,,
     0.424122239,343,,branch-misses:u,1146272,100.00,,
     0.424122239,37,,cache-misses:u,1146336,100.00,,
     0.424122239,1527976,,bus-cycles:u,1146272,100.00,,
     0.424122239,9769664,,instructions:u,1146208,100.00,,
     0.425284920,348,,branch-misses:u,1162848,100.00,,
     0.425284920,32,,cache-misses:u,1163200,100.00,,
     0.425284920,1550144,,bus-cycles:u,1163296,100.00,,
     0.425284920,9924715,,instructions:u,1163296,100.00,,
     0.426431921,343,,branch-misses:u,1146816,100.00,,
     0.426431921,40,,cache-misses:u,1146432,100.00,,
     0.426431921,1528584,,bus-cycles:u,1146368,100.00,,
     0.426431921,9782620,,instructions:u,1146336,100.00,,
     0.427578410,342,,branch-misses:u,1146464,100.00,,
     0.427578410,99,,cache-misses:u,1146560,100.00,,
     0.427578410,1524259,,bus-cycles:u,1146656,100.00,,
     0.427578410,9736804,,instructions:u,1146720,100.00,,
     0.428726562,344,,branch-misses:u,1148160,100.00,,
     0.428726562,39,,cache-misses:u,1148256,100.00,,
     0.428726562,1531512,,bus-cycles:u,1148192,100.00,,
     0.428726562,9797916,,instructions:u,1148160,100.00,,
     0.429873019,343,,branch-misses:u,1146336,100.00,,
     0.429873019,34,,cache-misses:u,1146272,100.00,,
     0.429873019,1528884,,bus-cycles:u,1146240,100.00,,
     0.429873019,9780595,,instructions:u,1146240,100.00,,
     0.431019796,344,,branch-misses:u,1146848,100.00,,
     0.431019796,102,,cache-misses:u,1146848,100.00,,
     0.431019796,1524380,,bus-cycles:u,1146816,100.00,,
     0.431019796,9736961,,instructions:u,1146880,100.00,,
     0.432166348,343,,branch-misses:u,1146528,100.00,,
     0.432166348,38,,cache-misses:u,1146336,100.00,,
     0.432166348,1529003,,bus-cycles:u,1146304,100.00,,
     0.432166348,9784348,,instructions:u,1146240,100.00,,
     0.433312325,343,,branch-misses:u,1145440,100.00,,
     0.433312325,37,,cache-misses:u,1145472,100.00,,
     0.433312325,1527493,,bus-cycles:u,1145504,100.00,,
     0.433312325,9764130,,instructions:u,1145472,100.00,,
     0.434457310,342,,branch-misses:u,1145056,100.00,,
     0.434457310,34,,cache-misses:u,1145312,100.00,,
     0.434457310,1527348,,bus-cycles:u,1145376,100.00,,
     0.434457310,9767091,,instructions:u,1145408,100.00,,
     0.435603766,342,,branch-misses:u,1146912,100.00,,
     0.435603766,93,,cache-misses:u,1146816,100.00,,
     0.435603766,1523319,,bus-cycles:u,1146816,100.00,,
     0.435603766,9738177,,instructions:u,1146944,100.00,,
     0.436752175,345,,branch-misses:u,1148256,100.00,,
     0.436752175,38,,cache-misses:u,1148256,100.00,,
     0.436752175,1531508,,bus-cycles:u,1148256,100.00,,
     0.436752175,9788168,,instructions:u,1148096,100.00,,
     0.437898760,342,,branch-misses:u,1146208,100.00,,
     0.437898760,40,,cache-misses:u,1146208,100.00,,
     0.437898760,1528985,,bus-cycles:u,1146208,100.00,,
     0.437898760,9763653,,instructions:u,1146272,100.00,,
     0.439046336,342,,branch-misses:u,1148192,100.00,,
     0.439046336,100,,cache-misses:u,1148192,100.00,,
     0.439046336,1524851,,bus-cycles:u,1148192,100.00,,
     0.439046336,9738394,,instructions:u,1148256,100.00,,
     0.440193753,343,,branch-misses:u,1147104,100.00,,
     0.440193753,39,,cache-misses:u,1147104,100.00,,
     0.440193753,1530318,,bus-cycles:u,1147136,100.00,,
     0.440193753,9791537,,instructions:u,1147104,100.00,,
     0.441339282,342,,branch-misses:u,1145184,100.00,,
     0.441339282,38,,cache-misses:u,1145152,100.00,,
     0.441339282,1528433,,bus-cycles:u,1145120,100.00,,
     0.441339282,9776881,,instructions:u,1144992,100.00,,
     0.442484778,343,,branch-misses:u,1145440,100.00,,
     0.442484778,34,,cache-misses:u,1145408,100.00,,
     0.442484778,1528516,,bus-cycles:u,1145408,100.00,,
     0.442484778,9771447,,instructions:u,1145536,100.00,,
     0.443641891,346,,branch-misses:u,1157856,100.00,,
     0.443641891,100,,cache-misses:u,1158016,100.00,,
     0.443641891,1539036,,bus-cycles:u,1157952,100.00,,
     0.443641891,9833466,,instructions:u,1157888,100.00,,
     0.444788572,343,,branch-misses:u,1146240,100.00,,
     0.444788572,47,,cache-misses:u,1146240,100.00,,
     0.444788572,1528772,,bus-cycles:u,1146336,100.00,,
     0.444788572,9779550,,instructions:u,1146400,100.00,,
     0.445935093,343,,branch-misses:u,1146240,100.00,,
     0.445935093,31,,cache-misses:u,1146016,100.00,,
     0.445935093,1528581,,bus-cycles:u,1145952,100.00,,
     0.445935093,9777675,,instructions:u,1145920,100.00,,
     0.447092494,346,,branch-misses:u,1158080,100.00,,
     0.447092494,103,,cache-misses:u,1158304,100.00,,
     0.447092494,1538223,,bus-cycles:u,1158368,100.00,,
     0.447092494,9833145,,instructions:u,1158336,100.00,,
     0.448241670,343,,branch-misses:u,1148736,100.00,,
     0.448241670,41,,cache-misses:u,1148608,100.00,,
     0.448241670,1531588,,bus-cycles:u,1148672,100.00,,
     0.448241670,9799107,,instructions:u,1148672,100.00,,
     0.449388575,343,,branch-misses:u,1146848,100.00,,
     0.449388575,34,,cache-misses:u,1146976,100.00,,
     0.449388575,1530147,,bus-cycles:u,1146912,100.00,,
     0.449388575,9772771,,instructions:u,1146944,100.00,,
     0.450535576,342,,branch-misses:u,1146592,100.00,,
     0.450535576,37,,cache-misses:u,1146432,100.00,,
     0.450535576,1529258,,bus-cycles:u,1146432,100.00,,
     0.450535576,9775451,,instructions:u,1146432,100.00,,
     0.451692209,345,,branch-misses:u,1157152,100.00,,
     0.451692209,82,,cache-misses:u,1157280,100.00,,
     0.451692209,1538372,,bus-cycles:u,1157504,100.00,,
     0.451692209,9827007,,instructions:u,1157504,100.00,,
     0.452839369,344,,branch-misses:u,1147008,100.00,,
     0.452839369,36,,cache-misses:u,1146880,100.00,,
     0.452839369,1529266,,bus-cycles:u,1146560,100.00,,
     0.452839369,9783525,,instructions:u,1146592,100.00,,
     0.453986242,343,,branch-misses:u,1146496,100.00,,
     0.453986242,38,,cache-misses:u,1146528,100.00,,
     0.453986242,1529139,,bus-cycles:u,1146624,100.00,,
     0.453986242,9780858,,instructions:u,1146624,100.00,,
     0.455133947,342,,branch-misses:u,1148352,100.00,,
     0.455133947,113,,cache-misses:u,1148384,100.00,,
     0.455133947,1525204,,bus-cycles:u,1148384,100.00,,
     0.455133947,9746463,,instructions:u,1148352,100.00,,
     0.456281299,343,,branch-misses:u,1146944,100.00,,
     0.456281299,34,,cache-misses:u,1146944,100.00,,
     0.456281299,1530198,,bus-cycles:u,1146944,100.00,,
     0.456281299,9789859,,instructions:u,1146912,100.00,,
     0.457427148,344,,branch-misses:u,1145440,100.00,,
     0.457427148,37,,cache-misses:u,1145408,100.00,,
     0.457427148,1527628,,bus-cycles:u,1145440,100.00,,
     0.457427148,9782860,,instructions:u,1145504,100.00,,
     0.458573765,342,,branch-misses:u,1147008,100.00,,
     0.458573765,55,,cache-misses:u,1147008,100.00,,
     0.458573765,1524591,,bus-cycles:u,1146976,100.00,,
     0.458573765,9755882,,instructions:u,1146944,100.00,,
     0.459720029,343,,branch-misses:u,1146240,100.00,,
     0.459720029,80,,cache-misses:u,1146240,100.00,,
     0.459720029,1528765,,bus-cycles:u,1146336,100.00,,
     0.459720029,9765566,,instructions:u,1146368,100.00,,
     0.460867030,342,,branch-misses:u,1146592,100.00,,
     0.460867030,40,,cache-misses:u,1146528,100.00,,
     0.460867030,1528957,,bus-cycles:u,1146432,100.00,,
     0.460867030,9764972,,instructions:u,1146400,100.00,,
     0.462013135,342,,branch-misses:u,1146400,100.00,,
     0.462013135,33,,cache-misses:u,1146432,100.00,,
     0.462013135,1529008,,bus-cycles:u,1146432,100.00,,
     0.462013135,9775403,,instructions:u,1146464,100.00,,
     0.463160647,342,,branch-misses:u,1147616,100.00,,
     0.463160647,103,,cache-misses:u,1147616,100.00,,
     0.463160647,1525183,,bus-cycles:u,1147552,100.00,,
     0.463160647,9749747,,instructions:u,1147520,100.00,,
     0.464307584,342,,branch-misses:u,1146816,100.00,,
     0.464307584,38,,cache-misses:u,1147008,100.00,,
     0.464307584,1529733,,bus-cycles:u,1147040,100.00,,
     0.464307584,9780740,,instructions:u,1147008,100.00,,
     0.465453721,342,,branch-misses:u,1145824,100.00,,
     0.465453721,31,,cache-misses:u,1145696,100.00,,
     0.465453721,1528132,,bus-cycles:u,1145696,100.00,,
     0.465453721,9759780,,instructions:u,1145696,100.00,,
     0.466599889,342,,branch-misses:u,1146400,100.00,,
     0.466599889,54,,cache-misses:u,1146496,100.00,,
     0.466599889,1523729,,bus-cycles:u,1146496,100.00,,
     0.466599889,9732409,,instructions:u,1146528,100.00,,
     0.467757706,346,,branch-misses:u,1158016,100.00,,
     0.467757706,77,,cache-misses:u,1158080,100.00,,
     0.467757706,1545126,,bus-cycles:u,1158176,100.00,,
     0.467757706,9876521,,instructions:u,1158208,100.00,,
     0.468905155,344,,branch-misses:u,1147392,100.00,,
     0.468905155,38,,cache-misses:u,1147104,100.00,,
     0.468905155,1530266,,bus-cycles:u,1146944,100.00,,
     0.468905155,9782125,,instructions:u,1146816,100.00,,
     0.470051100,341,,branch-misses:u,1145760,100.00,,
     0.470051100,34,,cache-misses:u,1145760,100.00,,
     0.470051100,1529029,,bus-cycles:u,1145824,100.00,,
     0.470051100,9761400,,instructions:u,1145888,100.00,,
     0.471197812,344,,branch-misses:u,1147040,100.00,,
     0.471197812,101,,cache-misses:u,1147168,100.00,,
     0.471197812,1523213,,bus-cycles:u,1147200,100.00,,
     0.471197812,9741594,,instructions:u,1147264,100.00,,
     0.472345517,342,,branch-misses:u,1147424,100.00,,
     0.472345517,38,,cache-misses:u,1147488,100.00,,
     0.472345517,1530966,,bus-cycles:u,1147456,100.00,,
     0.472345517,9782365,,instructions:u,1147392,100.00,,
     0.473491558,344,,branch-misses:u,1145760,100.00,,
     0.473491558,33,,cache-misses:u,1145696,100.00,,
     0.473491558,1528274,,bus-cycles:u,1145664,100.00,,
     0.473491558,9774479,,instructions:u,1145728,100.00,,
     0.474637822,343,,branch-misses:u,1146752,100.00,,
     0.474637822,63,,cache-misses:u,1146624,100.00,,
     0.474637822,1522917,,bus-cycles:u,1146720,100.00,,
     0.474637822,9729003,,instructions:u,1146624,100.00,,
     0.475784759,342,,branch-misses:u,1146656,100.00,,
     0.475784759,56,,cache-misses:u,1146656,100.00,,
     0.475784759,1529691,,bus-cycles:u,1146592,100.00,,
     0.475784759,9772151,,instructions:u,1146656,100.00,,
     0.476931248,342,,branch-misses:u,1146592,100.00,,
     0.476931248,37,,cache-misses:u,1146688,100.00,,
     0.476931248,1530447,,bus-cycles:u,1146720,100.00,,
     0.476931248,9767727,,instructions:u,1146656,100.00,,
     0.478077033,342,,branch-misses:u,1145216,100.00,,
     0.478077033,33,,cache-misses:u,1145184,100.00,,
     0.478077033,1527303,,bus-cycles:u,1145120,100.00,,
     0.478077033,9775024,,instructions:u,1145088,100.00,,
     0.479223585,343,,branch-misses:u,1147232,100.00,,
     0.479223585,96,,cache-misses:u,1147168,100.00,,
     0.479223585,1524768,,bus-cycles:u,1147200,100.00,,
     0.479223585,9744735,,instructions:u,1147328,100.00,,
     0.480369754,343,,branch-misses:u,1145760,100.00,,
     0.480369754,40,,cache-misses:u,1145920,100.00,,
     0.480369754,1529092,,bus-cycles:u,1145920,100.00,,
     0.480369754,9769566,,instructions:u,1145824,100.00,,
     0.481515795,342,,branch-misses:u,1145760,100.00,,
     0.481515795,35,,cache-misses:u,1145664,100.00,,
     0.481515795,1528938,,bus-cycles:u,1145632,100.00,,
     0.481515795,9761883,,instructions:u,1145664,100.00,,
     0.482661931,343,,branch-misses:u,1146400,100.00,,
     0.482661931,83,,cache-misses:u,1146336,100.00,,
     0.482661931,1523966,,bus-cycles:u,1146304,100.00,,
     0.482661931,9734562,,instructions:u,1146368,100.00,,
     0.483809092,343,,branch-misses:u,1147168,100.00,,
     0.483809092,51,,cache-misses:u,1147168,100.00,,
     0.483809092,1531022,,bus-cycles:u,1147200,100.00,,
     0.483809092,9789024,,instructions:u,1147136,100.00,,
     0.484955197,341,,branch-misses:u,1145728,100.00,,
     0.484955197,35,,cache-misses:u,1145856,100.00,,
     0.484955197,1528686,,bus-cycles:u,1145856,100.00,,
     0.484955197,9769610,,instructions:u,1145888,100.00,,
     0.486101077,343,,branch-misses:u,1145760,100.00,,
     0.486101077,32,,cache-misses:u,1145728,100.00,,
     0.486101077,1528853,,bus-cycles:u,1145728,100.00,,
     0.486101077,9753196,,instructions:u,1145696,100.00,,
     0.487247630,343,,branch-misses:u,1146912,100.00,,
     0.487247630,107,,cache-misses:u,1146880,100.00,,
     0.487247630,1525003,,bus-cycles:u,1146880,100.00,,
     0.487247630,9750694,,instructions:u,1146880,100.00,,
     0.488404903,346,,branch-misses:u,1157472,100.00,,
     0.488404903,36,,cache-misses:u,1157600,100.00,,
     0.488404903,1544356,,bus-cycles:u,1157600,100.00,,
     0.488404903,9877913,,instructions:u,1157600,100.00,,
     0.489553120,343,,branch-misses:u,1148000,100.00,,
     0.489553120,31,,cache-misses:u,1147840,100.00,,
     0.489553120,1531427,,bus-cycles:u,1147872,100.00,,
     0.489553120,9794542,,instructions:u,1147936,100.00,,
     0.490700888,343,,branch-misses:u,1148128,100.00,,
     0.490700888,104,,cache-misses:u,1148224,100.00,,
     0.490700888,1522170,,bus-cycles:u,1148160,100.00,,
     0.490700888,9738882,,instructions:u,1148096,100.00,,
     0.491849457,344,,branch-misses:u,1148064,100.00,,
     0.491849457,72,,cache-misses:u,1148096,100.00,,
     0.491849457,1532048,,bus-cycles:u,1148128,100.00,,
     0.491849457,9800811,,instructions:u,1148160,100.00,,
     0.492996138,343,,branch-misses:u,1146752,100.00,,
     0.492996138,35,,cache-misses:u,1146720,100.00,,
     0.492996138,1529831,,bus-cycles:u,1146752,100.00,,
     0.492996138,9785380,,instructions:u,1146688,100.00,,
     0.494143202,341,,branch-misses:u,1146688,100.00,,
     0.494143202,34,,cache-misses:u,1146752,100.00,,
     0.494143202,1530111,,bus-cycles:u,1146784,100.00,,
     0.494143202,9776286,,instructions:u,1146880,100.00,,
     0.495290939,341,,branch-misses:u,1148320,100.00,,
     0.495290939,104,,cache-misses:u,1148288,100.00,,
     0.495290939,1525895,,bus-cycles:u,1148288,100.00,,
     0.495290939,9747124,,instructions:u,1148256,100.00,,
     0.496439476,345,,branch-misses:u,1148256,100.00,,
     0.496439476,33,,cache-misses:u,1148320,100.00,,
     0.496439476,1531422,,bus-cycles:u,1148224,100.00,,
     0.496439476,9799394,,instructions:u,1148224,100.00,,
     0.497585740,342,,branch-misses:u,1146144,100.00,,
     0.497585740,33,,cache-misses:u,1145984,100.00,,
     0.497585740,1528649,,bus-cycles:u,1146048,100.00,,
     0.497585740,9779242,,instructions:u,1146016,100.00,,
     0.498733029,343,,branch-misses:u,1147328,100.00,,
     0.498733029,107,,cache-misses:u,1147424,100.00,,
     0.498733029,1526188,,bus-cycles:u,1147488,100.00,,
     0.498733029,9756655,,instructions:u,1147488,100.00,,
     0.499881598,343,,branch-misses:u,1148512,100.00,,
     0.499881598,41,,cache-misses:u,1148544,100.00,,
     0.499881598,1532183,,bus-cycles:u,1148416,100.00,,
     0.499881598,9799131,,instructions:u,1148480,100.00,,
     0.501028407,344,,branch-misses:u,1146816,100.00,,
     0.501028407,33,,cache-misses:u,1146624,100.00,,
     0.501028407,1529863,,bus-cycles:u,1146624,100.00,,
     0.501028407,9792217,,instructions:u,1146592,100.00,,
     0.502174447,344,,branch-misses:u,1146016,100.00,,
     0.502174447,34,,cache-misses:u,1146016,100.00,,
     0.502174447,1529006,,bus-cycles:u,1146016,100.00,,
     0.502174447,9781442,,instructions:u,1146016,100.00,,
     0.503322536,343,,branch-misses:u,1148288,100.00,,
     0.503322536,116,,cache-misses:u,1148384,100.00,,
     0.503322536,1527633,,bus-cycles:u,1148384,100.00,,
     0.503322536,9764779,,instructions:u,1148448,100.00,,
     0.504471265,345,,branch-misses:u,1148480,100.00,,
     0.504471265,40,,cache-misses:u,1148672,100.00,,
     0.504471265,1532498,,bus-cycles:u,1148800,100.00,,
     0.504471265,9789988,,instructions:u,1148704,100.00,,
     0.505618425,343,,branch-misses:u,1147136,100.00,,
     0.505618425,39,,cache-misses:u,1147008,100.00,,
     0.505618425,1528745,,bus-cycles:u,1146944,100.00,,
     0.505618425,9789469,,instructions:u,1146880,100.00,,
     0.506766514,344,,branch-misses:u,1148480,100.00,,
     0.506766514,105,,cache-misses:u,1148352,100.00,,
     0.506766514,1526228,,bus-cycles:u,1148352,100.00,,
     0.506766514,9765260,,instructions:u,1148448,100.00,,
     0.507915435,343,,branch-misses:u,1148512,100.00,,
     0.507915435,48,,cache-misses:u,1148704,100.00,,
     0.507915435,1529991,,bus-cycles:u,1148768,100.00,,
     0.507915435,9793781,,instructions:u,1148832,100.00,,
     0.509062563,342,,branch-misses:u,1147104,100.00,,
     0.509062563,39,,cache-misses:u,1146976,100.00,,
     0.509062563,1529563,,bus-cycles:u,1146976,100.00,,
     0.509062563,9782784,,instructions:u,1146944,100.00,,
     0.510220732,347,,branch-misses:u,1158240,100.00,,
     0.510220732,47,,cache-misses:u,1158528,100.00,,
     0.510220732,1545415,,bus-cycles:u,1158592,100.00,,
     0.510220732,9869761,,instructions:u,1158528,100.00,,
     0.511370005,343,,branch-misses:u,1149536,100.00,,
     0.511370005,112,,cache-misses:u,1149216,100.00,,
     0.511370005,1528488,,bus-cycles:u,1149120,100.00,,
     0.511370005,9770587,,instructions:u,1149120,100.00,,
     0.512517582,344,,branch-misses:u,1147200,100.00,,
     0.512517582,31,,cache-misses:u,1147200,100.00,,
     0.512517582,1530387,,bus-cycles:u,1147200,100.00,,
     0.512517582,9788898,,instructions:u,1147200,100.00,,
     0.513663046,342,,branch-misses:u,1145280,100.00,,
     0.513663046,38,,cache-misses:u,1145408,100.00,,
     0.513663046,1528167,,bus-cycles:u,1145376,100.00,,
     0.513663046,9769580,,instructions:u,1145408,100.00,,
     0.514809791,343,,branch-misses:u,1146880,100.00,,
     0.514809791,103,,cache-misses:u,1146752,100.00,,
     0.514809791,1525657,,bus-cycles:u,1146752,100.00,,
     0.514809791,9749394,,instructions:u,1146720,100.00,,
     0.515956248,342,,branch-misses:u,1146400,100.00,,
     0.515956248,40,,cache-misses:u,1146528,100.00,,
     0.515956248,1529633,,bus-cycles:u,1146560,100.00,,
     0.515956248,9771981,,instructions:u,1146560,100.00,,
     0.517102000,343,,branch-misses:u,1145792,100.00,,
     0.517102000,30,,cache-misses:u,1145728,100.00,,
     0.517102000,1528054,,bus-cycles:u,1145632,100.00,,
     0.517102000,9775537,,instructions:u,1145632,100.00,,
     0.518247273,343,,branch-misses:u,1145184,100.00,,
     0.518247273,32,,cache-misses:u,1145120,100.00,,
     0.518247273,1527233,,bus-cycles:u,1145120,100.00,,
     0.518247273,9768358,,instructions:u,1145120,100.00,,
     0.519393410,342,,branch-misses:u,1146112,100.00,,
     0.519393410,99,,cache-misses:u,1146208,100.00,,
     0.519393410,1524783,,bus-cycles:u,1146272,100.00,,
     0.519393410,9730973,,instructions:u,1146240,100.00,,
     0.520539962,342,,branch-misses:u,1146432,100.00,,
     0.520539962,38,,cache-misses:u,1146496,100.00,,
     0.520539962,1529258,,bus-cycles:u,1146432,100.00,,
     0.520539962,9778075,,instructions:u,1146528,100.00,,
     0.521685331,342,,branch-misses:u,1145408,100.00,,
     0.521685331,31,,cache-misses:u,1145344,100.00,,
     0.521685331,1527258,,bus-cycles:u,1145440,100.00,,
     0.521685331,9766965,,instructions:u,1145344,100.00,,
     0.522832204,343,,branch-misses:u,1146880,100.00,,
     0.522832204,96,,cache-misses:u,1146944,100.00,,
     0.522832204,1525790,,bus-cycles:u,1146880,100.00,,
     0.522832204,9767756,,instructions:u,1146944,100.00,,
     0.523978884,343,,branch-misses:u,1146656,100.00,,
     0.523978884,32,,cache-misses:u,1146400,100.00,,
     0.523978884,1528495,,bus-cycles:u,1146432,100.00,,
     0.523978884,9745698,,instructions:u,1146400,100.00,,
     0.525124861,343,,branch-misses:u,1145952,100.00,,
     0.525124861,38,,cache-misses:u,1146112,100.00,,
     0.525124861,1527795,,bus-cycles:u,1146144,100.00,,
     0.525124861,9788753,,instructions:u,1146208,100.00,,
     0.526271030,342,,branch-misses:u,1146080,100.00,,
     0.526271030,37,,cache-misses:u,1145984,100.00,,
     0.526271030,1527070,,bus-cycles:u,1146016,100.00,,
     0.526271030,9755104,,instructions:u,1145952,100.00,,
     0.527417774,342,,branch-misses:u,1147040,100.00,,
     0.527417774,97,,cache-misses:u,1147104,100.00,,
     0.527417774,1522931,,bus-cycles:u,1147008,100.00,,
     0.527417774,9726587,,instructions:u,1147040,100.00,,
     0.528564743,343,,branch-misses:u,1146624,100.00,,
     0.528564743,34,,cache-misses:u,1146496,100.00,,
     0.528564743,1529050,,bus-cycles:u,1146560,100.00,,
     0.528564743,9789913,,instructions:u,1146496,100.00,,
     0.529710368,343,,branch-misses:u,1145696,100.00,,
     0.529710368,34,,cache-misses:u,1145856,100.00,,
     0.529710368,1528914,,bus-cycles:u,1145856,100.00,,
     0.529710368,9767257,,instructions:u,1145952,100.00,,
     0.530866649,345,,branch-misses:u,1156544,100.00,,
     0.530866649,119,,cache-misses:u,1156928,100.00,,
     0.530866649,1537823,,bus-cycles:u,1157184,100.00,,
     0.530866649,9827181,,instructions:u,1157216,100.00,,
     0.532020178,344,,branch-misses:u,1153312,100.00,,
     0.532020178,39,,cache-misses:u,1153024,100.00,,
     0.532020178,1537503,,bus-cycles:u,1152704,100.00,,
     0.532020178,9822353,,instructions:u,1152576,100.00,,
     0.533166762,343,,branch-misses:u,1146464,100.00,,
     0.533166762,30,,cache-misses:u,1146336,100.00,,
     0.533166762,1529116,,bus-cycles:u,1146432,100.00,,
     0.533166762,9791440,,instructions:u,1146528,100.00,,
     0.534314371,344,,branch-misses:u,1147552,100.00,,
     0.534314371,34,,cache-misses:u,1147616,100.00,,
     0.534314371,1530072,,bus-cycles:u,1147456,100.00,,
     0.534314371,9791010,,instructions:u,1147456,100.00,,
     0.535461980,343,,branch-misses:u,1148000,100.00,,
     0.535461980,110,,cache-misses:u,1147968,100.00,,
     0.535461980,1525748,,bus-cycles:u,1148128,100.00,,
     0.535461980,9756516,,instructions:u,1148032,100.00,,
     0.536610484,343,,branch-misses:u,1148032,100.00,,
     0.536610484,40,,cache-misses:u,1147968,100.00,,
     0.536610484,1530030,,bus-cycles:u,1147936,100.00,,
     0.536610484,9784990,,instructions:u,1148000,100.00,,
     0.537757421,342,,branch-misses:u,1146880,100.00,,
     0.537757421,46,,cache-misses:u,1146880,100.00,,
     0.537757421,1528912,,bus-cycles:u,1146752,100.00,,
     0.537757421,9777569,,instructions:u,1146752,100.00,,
     0.538905702,343,,branch-misses:u,1148320,100.00,,
     0.538905702,101,,cache-misses:u,1148288,100.00,,
     0.538905702,1525936,,bus-cycles:u,1148384,100.00,,
     0.538905702,9765241,,instructions:u,1148416,100.00,,
     0.540053022,344,,branch-misses:u,1147296,100.00,,
     0.540053022,36,,cache-misses:u,1147456,100.00,,
     0.540053022,1530598,,bus-cycles:u,1147520,100.00,,
     0.540053022,9790124,,instructions:u,1147552,100.00,,
     0.541200439,342,,branch-misses:u,1147360,100.00,,
     0.541200439,30,,cache-misses:u,1147328,100.00,,
     0.541200439,1530573,,bus-cycles:u,1147296,100.00,,
     0.541200439,9777156,,instructions:u,1147232,100.00,,
     0.542347216,342,,branch-misses:u,1146400,100.00,,
     0.542347216,33,,cache-misses:u,1146272,100.00,,
     0.542347216,1528386,,bus-cycles:u,1146304,100.00,,
     0.542347216,9762437,,instructions:u,1146240,100.00,,
     0.543494185,342,,branch-misses:u,1147584,100.00,,
     0.543494185,105,,cache-misses:u,1147712,100.00,,
     0.543494185,1525214,,bus-cycles:u,1147680,100.00,,
     0.543494185,9754763,,instructions:u,1147808,100.00,,
     0.544642145,343,,branch-misses:u,1147680,100.00,,
     0.544642145,33,,cache-misses:u,1147520,100.00,,
     0.544642145,1529892,,bus-cycles:u,1147424,100.00,,
     0.544642145,9780014,,instructions:u,1147392,100.00,,
     0.545788858,343,,branch-misses:u,1146304,100.00,,
     0.545788858,32,,cache-misses:u,1146336,100.00,,
     0.545788858,1529317,,bus-cycles:u,1146432,100.00,,
     0.545788858,9782651,,instructions:u,1146432,100.00,,
     0.546936179,342,,branch-misses:u,1147776,100.00,,
     0.546936179,114,,cache-misses:u,1147872,100.00,,
     0.546936179,1526880,,bus-cycles:u,1147808,100.00,,
     0.546936179,9759548,,instructions:u,1147712,100.00,,
     0.548083595,342,,branch-misses:u,1147328,100.00,,
     0.548083595,36,,cache-misses:u,1147296,100.00,,
     0.548083595,1529858,,bus-cycles:u,1147296,100.00,,
     0.548083595,9780704,,instructions:u,1147328,100.00,,
     0.549228612,341,,branch-misses:u,1144640,100.00,,
     0.549228612,32,,cache-misses:u,1144672,100.00,,
     0.549228612,1526933,,bus-cycles:u,1144704,100.00,,
     0.549228612,9766215,,instructions:u,1144672,100.00,,
     0.550373789,342,,branch-misses:u,1145120,100.00,,
     0.550373789,36,,cache-misses:u,1145120,100.00,,
     0.550373789,1526482,,bus-cycles:u,1145088,100.00,,
     0.550373789,9762690,,instructions:u,1145152,100.00,,
     0.551520021,344,,branch-misses:u,1146592,100.00,,
     0.551520021,104,,cache-misses:u,1146752,100.00,,
     0.551520021,1524798,,bus-cycles:u,1146848,100.00,,
     0.551520021,9744544,,instructions:u,1146880,100.00,,
     0.552679694,346,,branch-misses:u,1159808,100.00,,
     0.552679694,50,,cache-misses:u,1159808,100.00,,
     0.552679694,1546193,,bus-cycles:u,1159744,100.00,,
     0.552679694,9881238,,instructions:u,1159712,100.00,,
     0.553827239,341,,branch-misses:u,1147328,100.00,,
     0.553827239,44,,cache-misses:u,1147232,100.00,,
     0.553827239,1528894,,bus-cycles:u,1147328,100.00,,
     0.553827239,9739520,,instructions:u,1147392,100.00,,
     0.554975712,343,,branch-misses:u,1148480,100.00,,
     0.554975712,110,,cache-misses:u,1148448,100.00,,
     0.554975712,1526865,,bus-cycles:u,1148384,100.00,,
     0.554975712,9765710,,instructions:u,1148352,100.00,,
     0.556123320,344,,branch-misses:u,1147680,100.00,,
     0.556123320,39,,cache-misses:u,1147616,100.00,,
     0.556123320,1530564,,bus-cycles:u,1147584,100.00,,
     0.556123320,9794541,,instructions:u,1147520,100.00,,
     0.557269873,343,,branch-misses:u,1146368,100.00,,
     0.557269873,37,,cache-misses:u,1146560,100.00,,
     0.557269873,1529319,,bus-cycles:u,1146624,100.00,,
     0.557269873,9787555,,instructions:u,1146656,100.00,,
     0.558416106,342,,branch-misses:u,1146176,100.00,,
     0.558416106,39,,cache-misses:u,1146112,100.00,,
     0.558416106,1528513,,bus-cycles:u,1145984,100.00,,
     0.558416106,9771665,,instructions:u,1146016,100.00,,
     0.559562882,343,,branch-misses:u,1147264,100.00,,
     0.559562882,106,,cache-misses:u,1147104,100.00,,
     0.559562882,1523690,,bus-cycles:u,1147136,100.00,,
     0.559562882,9742854,,instructions:u,1147136,100.00,,
     0.560709403,342,,branch-misses:u,1145984,100.00,,
     0.560709403,34,,cache-misses:u,1146080,100.00,,
     0.560709403,1528199,,bus-cycles:u,1146080,100.00,,
     0.560709403,9777275,,instructions:u,1146048,100.00,,
     0.561853652,342,,branch-misses:u,1143968,100.00,,
     0.561853652,43,,cache-misses:u,1143968,100.00,,
     0.561853652,1525706,,bus-cycles:u,1143968,100.00,,
     0.561853652,9765193,,instructions:u,1143968,100.00,,
     0.562998956,342,,branch-misses:u,1145920,100.00,,
     0.562998956,103,,cache-misses:u,1146240,100.00,,
     0.562998956,1522513,,bus-cycles:u,1146400,100.00,,
     0.562998956,9732129,,instructions:u,1146496,100.00,,
     0.564152165,345,,branch-misses:u,1152960,100.00,,
     0.564152165,40,,cache-misses:u,1152704,100.00,,
     0.564152165,1537233,,bus-cycles:u,1152512,100.00,,
     0.564152165,9840175,,instructions:u,1152448,100.00,,
     0.565298974,342,,branch-misses:u,1146720,100.00,,
     0.565298974,33,,cache-misses:u,1146624,100.00,,
     0.565298974,1529901,,bus-cycles:u,1146752,100.00,,
     0.565298974,9785645,,instructions:u,1146656,100.00,,
     0.566445239,342,,branch-misses:u,1146144,100.00,,
     0.566445239,31,,cache-misses:u,1146048,100.00,,
     0.566445239,1528313,,bus-cycles:u,1145984,100.00,,
     0.566445239,9776285,,instructions:u,1146048,100.00,,
     0.567593135,343,,branch-misses:u,1148288,100.00,,
     0.567593135,91,,cache-misses:u,1148448,100.00,,
     0.567593135,1526616,,bus-cycles:u,1148448,100.00,,
     0.567593135,9751130,,instructions:u,1148480,100.00,,
     0.568740840,343,,branch-misses:u,1147328,100.00,,
     0.568740840,38,,cache-misses:u,1147360,100.00,,
     0.568740840,1529780,,bus-cycles:u,1147456,100.00,,
     0.568740840,9780578,,instructions:u,1147360,100.00,,
     0.569886721,343,,branch-misses:u,1145920,100.00,,
     0.569886721,33,,cache-misses:u,1145920,100.00,,
     0.569886721,1527156,,bus-cycles:u,1145792,100.00,,
     0.569886721,9751978,,instructions:u,1145888,100.00,,
     0.571033657,342,,branch-misses:u,1146880,100.00,,
     0.571033657,93,,cache-misses:u,1146688,100.00,,
     0.571033657,1524899,,bus-cycles:u,1146784,100.00,,
     0.571033657,9741124,,instructions:u,1146720,100.00,,
     0.572181042,343,,branch-misses:u,1147488,100.00,,
     0.572181042,38,,cache-misses:u,1147712,100.00,,
     0.572181042,1530608,,bus-cycles:u,1147648,100.00,,
     0.572181042,9793106,,instructions:u,1147648,100.00,,
     0.573339723,347,,branch-misses:u,1158688,100.00,,
     0.573339723,32,,cache-misses:u,1158720,100.00,,
     0.573339723,1545638,,bus-cycles:u,1158784,100.00,,
     0.573339723,9886819,,instructions:u,1158848,100.00,,
     0.574486980,342,,branch-misses:u,1147104,100.00,,
     0.574486980,42,,cache-misses:u,1147040,100.00,,
     0.574486980,1530306,,bus-cycles:u,1146976,100.00,,
     0.574486980,9777034,,instructions:u,1146976,100.00,,
     0.575643260,345,,branch-misses:u,1156608,100.00,,
     0.575643260,102,,cache-misses:u,1156576,100.00,,
     0.575643260,1537004,,bus-cycles:u,1156576,100.00,,
     0.575643260,9820285,,instructions:u,1156576,100.00,,
     0.576790421,342,,branch-misses:u,1146784,100.00,,
     0.576790421,34,,cache-misses:u,1146624,100.00,,
     0.576790421,1528235,,bus-cycles:u,1146688,100.00,,
     0.576790421,9786890,,instructions:u,1146688,100.00,,
     0.577936462,344,,branch-misses:u,1145984,100.00,,
     0.577936462,32,,cache-misses:u,1146112,100.00,,
     0.577936462,1527098,,bus-cycles:u,1146048,100.00,,
     0.577936462,9773693,,instructions:u,1146016,100.00,,
     0.579083559,343,,branch-misses:u,1147424,100.00,,
     0.579083559,103,,cache-misses:u,1147392,100.00,,
     0.579083559,1523948,,bus-cycles:u,1147424,100.00,,
     0.579083559,9736020,,instructions:u,1147424,100.00,,
     0.580230943,343,,branch-misses:u,1146944,100.00,,
     0.580230943,41,,cache-misses:u,1147040,100.00,,
     0.580230943,1529014,,bus-cycles:u,1147040,100.00,,
     0.580230943,9761200,,instructions:u,1147072,100.00,,
     0.581376600,341,,branch-misses:u,1145664,100.00,,
     0.581376600,41,,cache-misses:u,1145600,100.00,,
     0.581376600,1527011,,bus-cycles:u,1145536,100.00,,
     0.581376600,9758805,,instructions:u,1145440,100.00,,
     0.582522769,343,,branch-misses:u,1145824,100.00,,
     0.582522769,29,,cache-misses:u,1145728,100.00,,
     0.582522769,1527235,,bus-cycles:u,1145792,100.00,,
     0.582522769,9750308,,instructions:u,1145824,100.00,,
     0.583680073,335,,branch-misses:u,1137248,100.00,,
     0.583680073,175,,cache-misses:u,1137952,100.00,,
     0.583680073,1491182,,bus-cycles:u,1138240,100.00,,
     0.583680073,9522964,,instructions:u,1138272,100.00,,
     0.584828706,343,,branch-misses:u,1148064,100.00,,
     0.584828706,35,,cache-misses:u,1147488,100.00,,
     0.584828706,1529266,,bus-cycles:u,1147200,100.00,,
     0.584828706,9766593,,instructions:u,1147232,100.00,,
     0.585975547,342,,branch-misses:u,1146688,100.00,,
     0.585975547,39,,cache-misses:u,1146752,100.00,,
     0.585975547,1528888,,bus-cycles:u,1146752,100.00,,
     0.585975547,9770627,,instructions:u,1146720,100.00,,
     0.587123284,342,,branch-misses:u,1148160,100.00,,
     0.587123284,116,,cache-misses:u,1148128,100.00,,
     0.587123284,1523572,,bus-cycles:u,1148032,100.00,,
     0.587123284,9732418,,instructions:u,1148000,100.00,,
     0.588270796,342,,branch-misses:u,1146688,100.00,,
     0.588270796,36,,cache-misses:u,1146688,100.00,,
     0.588270796,1527966,,bus-cycles:u,1146816,100.00,,
     0.588270796,9769989,,instructions:u,1146976,100.00,,
     0.589417349,344,,branch-misses:u,1146592,100.00,,
     0.589417349,28,,cache-misses:u,1146432,100.00,,
     0.589417349,1527850,,bus-cycles:u,1146432,100.00,,
     0.589417349,9771298,,instructions:u,1146304,100.00,,
     0.590564286,343,,branch-misses:u,1147296,100.00,,
     0.590564286,42,,cache-misses:u,1147296,100.00,,
     0.590564286,1525744,,bus-cycles:u,1147328,100.00,,
     0.590564286,9756605,,instructions:u,1147328,100.00,,
     0.591710326,343,,branch-misses:u,1145952,100.00,,
     0.591710326,91,,cache-misses:u,1145984,100.00,,
     0.591710326,1528024,,bus-cycles:u,1145824,100.00,,
     0.591710326,9764930,,instructions:u,1145856,100.00,,
     0.592855535,342,,branch-misses:u,1145120,100.00,,
     0.592855535,40,,cache-misses:u,1145056,100.00,,
     0.592855535,1527464,,bus-cycles:u,1145152,100.00,,
     0.592855535,9764752,,instructions:u,1145120,100.00,,
     0.594000712,342,,branch-misses:u,1145088,100.00,,
     0.594000712,29,,cache-misses:u,1145216,100.00,,
     0.594000712,1527717,,bus-cycles:u,1145184,100.00,,
     0.594000712,9769545,,instructions:u,1145120,100.00,,
     0.595155456,346,,branch-misses:u,1155008,100.00,,
     0.595155456,101,,cache-misses:u,1155360,100.00,,
     0.595155456,1537190,,bus-cycles:u,1155456,100.00,,
     0.595155456,9827313,,instructions:u,1155616,100.00,,
     0.596303705,341,,branch-misses:u,1148000,100.00,,
     0.596303705,37,,cache-misses:u,1147552,100.00,,
     0.596303705,1529958,,bus-cycles:u,1147456,100.00,,
     0.596303705,9772421,,instructions:u,1147296,100.00,,
     0.597448498,341,,branch-misses:u,1144832,100.00,,
     0.597448498,35,,cache-misses:u,1145024,100.00,,
     0.597448498,1526897,,bus-cycles:u,1144992,100.00,,
     0.597448498,9741941,,instructions:u,1145056,100.00,,
     0.598563370,333,,branch-misses:u,1115392,100.00,,
     0.598563370,61,,cache-misses:u,1115392,100.00,,
     0.598563370,1481916,,bus-cycles:u,1115424,100.00,,
     0.598563370,9464040,,instructions:u,1115360,100.00,,
     0.599712195,343,,branch-misses:u,1148352,100.00,,
     0.599712195,77,,cache-misses:u,1148096,100.00,,
     0.599712195,1531034,,bus-cycles:u,1148128,100.00,,
     0.599712195,9784921,,instructions:u,1148160,100.00,,
     0.600858459,343,,branch-misses:u,1146048,100.00,,
     0.600858459,34,,cache-misses:u,1146272,100.00,,
     0.600858459,1528828,,bus-cycles:u,1146272,100.00,,
     0.600858459,9787840,,instructions:u,1146272,100.00,,
     0.602004692,343,,branch-misses:u,1146304,100.00,,
     0.602004692,35,,cache-misses:u,1146176,100.00,,
     0.602004692,1528640,,bus-cycles:u,1146208,100.00,,
     0.602004692,9766103,,instructions:u,1146272,100.00,,
     0.603152045,342,,branch-misses:u,1147712,100.00,,
     0.603152045,95,,cache-misses:u,1147712,100.00,,
     0.603152045,1523229,,bus-cycles:u,1147712,100.00,,
     0.603152045,9726525,,instructions:u,1147776,100.00,,
     0.604299621,342,,branch-misses:u,1147104,100.00,,
     0.604299621,38,,cache-misses:u,1147200,100.00,,
     0.604299621,1530103,,bus-cycles:u,1147104,100.00,,
     0.604299621,9774656,,instructions:u,1146912,100.00,,
     0.605445918,343,,branch-misses:u,1145984,100.00,,
     0.605445918,36,,cache-misses:u,1145952,100.00,,
     0.605445918,1529131,,bus-cycles:u,1146016,100.00,,
     0.605445918,9782802,,instructions:u,1146112,100.00,,
     0.606592663,343,,branch-misses:u,1147072,100.00,,
     0.606592663,48,,cache-misses:u,1146976,100.00,,
     0.606592663,1526454,,bus-cycles:u,1146976,100.00,,
     0.606592663,9764134,,instructions:u,1146944,100.00,,
     0.607740271,343,,branch-misses:u,1147200,100.00,,
     0.607740271,74,,cache-misses:u,1147136,100.00,,
     0.607740271,1529949,,bus-cycles:u,1147072,100.00,,
     0.607740271,9769902,,instructions:u,1147072,100.00,,
     0.608885160,342,,branch-misses:u,1144960,100.00,,
     0.608885160,41,,cache-misses:u,1145120,100.00,,
     0.608885160,1527727,,bus-cycles:u,1145152,100.00,,
     0.608885160,9765432,,instructions:u,1145184,100.00,,
     0.610031169,341,,branch-misses:u,1145888,100.00,,
     0.610031169,33,,cache-misses:u,1145792,100.00,,
     0.610031169,1527917,,bus-cycles:u,1145856,100.00,,
     0.610031169,9761686,,instructions:u,1145888,100.00,,
     0.611177113,342,,branch-misses:u,1146496,100.00,,
     0.611177113,101,,cache-misses:u,1146848,100.00,,
     0.611177113,1523391,,bus-cycles:u,1146848,100.00,,
     0.611177113,9738089,,instructions:u,1146848,100.00,,
     0.612326610,343,,branch-misses:u,1149376,100.00,,
     0.612326610,35,,cache-misses:u,1149088,100.00,,
     0.612326610,1532129,,bus-cycles:u,1149024,100.00,,
     0.612326610,9799032,,instructions:u,1149024,100.00,,
     0.613473259,344,,branch-misses:u,1146432,100.00,,
     0.613473259,29,,cache-misses:u,1146272,100.00,,
     0.613473259,1528960,,bus-cycles:u,1146240,100.00,,
     0.613473259,9779120,,instructions:u,1146080,100.00,,
     0.614620099,342,,branch-misses:u,1147168,100.00,,
     0.614620099,76,,cache-misses:u,1147168,100.00,,
     0.614620099,1522422,,bus-cycles:u,1147264,100.00,,
     0.614620099,9729634,,instructions:u,1147360,100.00,,
     0.615777468,345,,branch-misses:u,1157376,100.00,,
     0.615777468,82,,cache-misses:u,1157920,100.00,,
     0.615777468,1544822,,bus-cycles:u,1157888,100.00,,
     0.615777468,9864575,,instructions:u,1157952,100.00,,
     0.616926261,343,,branch-misses:u,1148640,100.00,,
     0.616926261,36,,cache-misses:u,1148416,100.00,,
     0.616926261,1531151,,bus-cycles:u,1148448,100.00,,
     0.616926261,9797076,,instructions:u,1148416,100.00,,
     0.618072718,344,,branch-misses:u,1146272,100.00,,
     0.618072718,30,,cache-misses:u,1146112,100.00,,
     0.618072718,1528300,,bus-cycles:u,1146144,100.00,,
     0.618072718,9780412,,instructions:u,1146112,100.00,,
     0.619220710,343,,branch-misses:u,1148320,100.00,,
     0.619220710,108,,cache-misses:u,1148352,100.00,,
     0.619220710,1526178,,bus-cycles:u,1148256,100.00,,
     0.619220710,9757448,,instructions:u,1148288,100.00,,
     0.620368639,342,,branch-misses:u,1147488,100.00,,
     0.620368639,48,,cache-misses:u,1147360,100.00,,
     0.620368639,1529627,,bus-cycles:u,1147424,100.00,,
     0.620368639,9775874,,instructions:u,1147456,100.00,,
     0.621514680,342,,branch-misses:u,1145984,100.00,,
     0.621514680,51,,cache-misses:u,1146112,100.00,,
     0.621514680,1527856,,bus-cycles:u,1145984,100.00,,
     0.621514680,9763755,,instructions:u,1145920,100.00,,
     0.622662512,343,,branch-misses:u,1148192,100.00,,
     0.622662512,66,,cache-misses:u,1148224,100.00,,
     0.622662512,1525917,,bus-cycles:u,1148352,100.00,,
     0.622662512,9763118,,instructions:u,1148416,100.00,,
     0.623810025,345,,branch-misses:u,1147168,100.00,,
     0.623810025,63,,cache-misses:u,1147232,100.00,,
     0.623810025,1529792,,bus-cycles:u,1147136,100.00,,
     0.623810025,9801842,,instructions:u,1147136,100.00,,
     0.624956162,343,,branch-misses:u,1146176,100.00,,
     0.624956162,35,,cache-misses:u,1145984,100.00,,
     0.624956162,1528178,,bus-cycles:u,1146048,100.00,,
     0.624956162,9789092,,instructions:u,1146016,100.00,,
     0.626102427,343,,branch-misses:u,1146176,100.00,,
     0.626102427,36,,cache-misses:u,1146208,100.00,,
     0.626102427,1528709,,bus-cycles:u,1146272,100.00,,
     0.626102427,9770228,,instructions:u,1146240,100.00,,
     0.627249875,342,,branch-misses:u,1147456,100.00,,
     0.627249875,101,,cache-misses:u,1147456,100.00,,
     0.627249875,1524199,,bus-cycles:u,1147392,100.00,,
     0.627249875,9743726,,instructions:u,1147424,100.00,,
     0.628397292,342,,branch-misses:u,1147328,100.00,,
     0.628397292,42,,cache-misses:u,1147392,100.00,,
     0.628397292,1529633,,bus-cycles:u,1147424,100.00,,
     0.628397292,9773264,,instructions:u,1147456,100.00,,
     0.629543589,344,,branch-misses:u,1146208,100.00,,
     0.629543589,33,,cache-misses:u,1146208,100.00,,
     0.629543589,1528175,,bus-cycles:u,1146208,100.00,,
     0.629543589,9775376,,instructions:u,1146144,100.00,,
     0.630690429,340,,branch-misses:u,1147232,100.00,,
     0.630690429,98,,cache-misses:u,1147264,100.00,,
     0.630690429,1516619,,bus-cycles:u,1147232,100.00,,
     0.630690429,9717699,,instructions:u,1147232,100.00,,
     0.631846806,345,,branch-misses:u,1158304,100.00,,
     0.631846806,53,,cache-misses:u,1159776,100.00,,
     0.631846806,1547353,,bus-cycles:u,1161152,100.00,,
     0.631846806,9893096,,instructions:u,1162400,100.00,,
     0.633063376,364,,branch-misses:u,1215424,100.00,,
     0.633063376,33,,cache-misses:u,1214656,100.00,,
     0.633063376,1618946,,bus-cycles:u,1213664,100.00,,
     0.633063376,10354669,,instructions:u,1212800,100.00,,
     0.634220617,347,,branch-misses:u,1157120,100.00,,
     0.634220617,35,,cache-misses:u,1156992,100.00,,
     0.634220617,1542570,,bus-cycles:u,1156640,100.00,,
     0.634220617,9880531,,instructions:u,1156416,100.00,,
     0.635373122,342,,branch-misses:u,1151936,100.00,,
     0.635373122,106,,cache-misses:u,1151328,100.00,,
     0.635373122,1525353,,bus-cycles:u,1151328,100.00,,
     0.635373122,9752844,,instructions:u,1151232,100.00,,
     0.636522491,344,,branch-misses:u,1148960,100.00,,
     0.636522491,34,,cache-misses:u,1149024,100.00,,
     0.636522491,1532794,,bus-cycles:u,1148960,100.00,,
     0.636522491,9799559,,instructions:u,1148864,100.00,,
     0.637684788,348,,branch-misses:u,1162432,100.00,,
     0.637684788,31,,cache-misses:u,1162688,100.00,,
     0.637684788,1550540,,bus-cycles:u,1162720,100.00,,
     0.637684788,9925565,,instructions:u,1162752,100.00,,
     0.638833773,343,,branch-misses:u,1149216,100.00,,
     0.638833773,108,,cache-misses:u,1148928,100.00,,
     0.638833773,1525198,,bus-cycles:u,1148896,100.00,,
     0.638833773,9750798,,instructions:u,1148960,100.00,,
     0.639982693,342,,branch-misses:u,1148352,100.00,,
     0.639982693,38,,cache-misses:u,1148320,100.00,,
     0.639982693,1530970,,bus-cycles:u,1148384,100.00,,
     0.639982693,9779891,,instructions:u,1148384,100.00,,
     0.641129566,343,,branch-misses:u,1146880,100.00,,
     0.641129566,34,,cache-misses:u,1146848,100.00,,
     0.641129566,1528839,,bus-cycles:u,1146752,100.00,,
     0.641129566,9771049,,instructions:u,1146816,100.00,,
     0.642276311,342,,branch-misses:u,1146752,100.00,,
     0.642276311,32,,cache-misses:u,1146656,100.00,,
     0.642276311,1528652,,bus-cycles:u,1146752,100.00,,
     0.642276311,9780323,,instructions:u,1146720,100.00,,
     0.643424623,344,,branch-misses:u,1148608,100.00,,
     0.643424623,100,,cache-misses:u,1148768,100.00,,
     0.643424623,1526174,,bus-cycles:u,1148800,100.00,,
     0.643424623,9751524,,instructions:u,1148768,100.00,,
     0.644573032,343,,branch-misses:u,1148032,100.00,,
     0.644573032,41,,cache-misses:u,1148032,100.00,,
     0.644573032,1530180,,bus-cycles:u,1148000,100.00,,
     0.644573032,9804569,,instructions:u,1148032,100.00,,
     0.645720449,343,,branch-misses:u,1147552,100.00,,
     0.645720449,35,,cache-misses:u,1147584,100.00,,
     0.645720449,1529962,,bus-cycles:u,1147616,100.00,,
     0.645720449,9781474,,instructions:u,1147552,100.00,,
     0.646868889,342,,branch-misses:u,1148672,100.00,,
     0.646868889,106,,cache-misses:u,1148832,100.00,,
     0.646868889,1524343,,bus-cycles:u,1148800,100.00,,
     0.646868889,9752268,,instructions:u,1148896,100.00,,
     0.648018258,344,,branch-misses:u,1148960,100.00,,
     0.648018258,36,,cache-misses:u,1148800,100.00,,
     0.648018258,1531031,,bus-cycles:u,1148768,100.00,,
     0.648018258,9796472,,instructions:u,1148736,100.00,,
     0.649165899,343,,branch-misses:u,1147648,100.00,,
     0.649165899,35,,cache-misses:u,1147616,100.00,,
     0.649165899,1529114,,bus-cycles:u,1147616,100.00,,
     0.649165899,9789955,,instructions:u,1147552,100.00,,
     0.650312484,343,,branch-misses:u,1146560,100.00,,
     0.650312484,36,,cache-misses:u,1146624,100.00,,
     0.650312484,1527969,,bus-cycles:u,1146688,100.00,,
     0.650312484,9769007,,instructions:u,1146816,100.00,,
     0.651460828,343,,branch-misses:u,1148576,100.00,,
     0.651460828,104,,cache-misses:u,1148608,100.00,,
     0.651460828,1526704,,bus-cycles:u,1148608,100.00,,
     0.651460828,9763684,,instructions:u,1148544,100.00,,
     0.652609269,343,,branch-misses:u,1148096,100.00,,
     0.652609269,39,,cache-misses:u,1148064,100.00,,
     0.652609269,1530315,,bus-cycles:u,1148032,100.00,,
     0.652609269,9790634,,instructions:u,1148000,100.00,,
     0.653756014,342,,branch-misses:u,1146720,100.00,,
     0.653756014,32,,cache-misses:u,1146720,100.00,,
     0.653756014,1528794,,bus-cycles:u,1146784,100.00,,
     0.653756014,9777137,,instructions:u,1146656,100.00,,
     0.654903718,344,,branch-misses:u,1148032,100.00,,
     0.654903718,107,,cache-misses:u,1147872,100.00,,
     0.654903718,1524082,,bus-cycles:u,1147872,100.00,,
     0.654903718,9748845,,instructions:u,1148000,100.00,,
     0.656052415,343,,branch-misses:u,1148448,100.00,,
     0.656052415,42,,cache-misses:u,1148640,100.00,,
     0.656052415,1531890,,bus-cycles:u,1148448,100.00,,
     0.656052415,9797454,,instructions:u,1148448,100.00,,
     0.657199352,342,,branch-misses:u,1146752,100.00,,
     0.657199352,34,,cache-misses:u,1146592,100.00,,
     0.657199352,1529606,,bus-cycles:u,1146752,100.00,,
     0.657199352,9772661,,instructions:u,1146656,100.00,,
     0.658745689,461,,branch-misses:u,1547520,100.00,,
     0.658745689,100,,cache-misses:u,1548192,100.00,,
     0.658745689,2061558,,bus-cycles:u,1548544,100.00,,
     0.658745689,13176255,,instructions:u,1548992,100.00,,
     0.659898898,345,,branch-misses:u,1152000,100.00,,
     0.659898898,41,,cache-misses:u,1151360,100.00,,
     0.659898898,1535568,,bus-cycles:u,1150976,100.00,,
     0.659898898,9821065,,instructions:u,1150592,100.00,,
     0.661044683,342,,branch-misses:u,1145760,100.00,,
     0.661044683,29,,cache-misses:u,1145664,100.00,,
     0.661044683,1527828,,bus-cycles:u,1145600,100.00,,
     0.661044683,9756184,,instructions:u,1145632,100.00,,
     0.662189923,342,,branch-misses:u,1145184,100.00,,
     0.662189923,33,,cache-misses:u,1145184,100.00,,
     0.662189923,1527345,,bus-cycles:u,1145152,100.00,,
     0.662189923,9759693,,instructions:u,1145152,100.00,,
     0.663334780,341,,branch-misses:u,1145216,100.00,,
     0.663334780,114,,cache-misses:u,1145216,100.00,,
     0.663334780,1519872,,bus-cycles:u,1145248,100.00,,
     0.663334780,9706309,,instructions:u,1145248,100.00,,
     0.664481813,343,,branch-misses:u,1146560,100.00,,
     0.664481813,50,,cache-misses:u,1146656,100.00,,
     0.664481813,1529510,,bus-cycles:u,1146688,100.00,,
     0.664481813,9773177,,instructions:u,1146656,100.00,,
     0.665626605,342,,branch-misses:u,1144448,100.00,,
     0.665626605,35,,cache-misses:u,1144480,100.00,,
     0.665626605,1526560,,bus-cycles:u,1144544,100.00,,
     0.665626605,9768784,,instructions:u,1144576,100.00,,
     0.666772006,343,,branch-misses:u,1146208,100.00,,
     0.666772006,102,,cache-misses:u,1146144,100.00,,
     0.666772006,1520414,,bus-cycles:u,1146048,100.00,,
     0.666772006,9742259,,instructions:u,1146016,100.00,,
     0.667918367,342,,branch-misses:u,1145984,100.00,,
     0.667918367,38,,cache-misses:u,1145824,100.00,,
     0.667918367,1528256,,bus-cycles:u,1145856,100.00,,
     0.667918367,9764245,,instructions:u,1145824,100.00,,
     0.669062807,342,,branch-misses:u,1144320,100.00,,
     0.669062807,39,,cache-misses:u,1144512,100.00,,
     0.669062807,1526755,,bus-cycles:u,1144416,100.00,,
     0.669062807,9753098,,instructions:u,1144480,100.00,,
     0.670208048,341,,branch-misses:u,1145248,100.00,,
     0.670208048,42,,cache-misses:u,1145024,100.00,,
     0.670208048,1526919,,bus-cycles:u,1145120,100.00,,
     0.670208048,9754219,,instructions:u,1145088,100.00,,
     0.671353736,342,,branch-misses:u,1145760,100.00,,
     0.671353736,99,,cache-misses:u,1145856,100.00,,
     0.671353736,1521954,,bus-cycles:u,1145856,100.00,,
     0.671353736,9735605,,instructions:u,1145888,100.00,,
     0.672499201,343,,branch-misses:u,1144928,100.00,,
     0.672499201,31,,cache-misses:u,1145024,100.00,,
     0.672499201,1526170,,bus-cycles:u,1144928,100.00,,
     0.672499201,9758997,,instructions:u,1144896,100.00,,
     0.673642202,341,,branch-misses:u,1142912,100.00,,
     0.673642202,30,,cache-misses:u,1142944,100.00,,
     0.673642202,1523822,,bus-cycles:u,1142944,100.00,,
     0.673642202,9748856,,instructions:u,1142944,100.00,,
     0.674785522,341,,branch-misses:u,1143840,100.00,,
     0.674785522,110,,cache-misses:u,1143808,100.00,,
     0.674785522,1520929,,bus-cycles:u,1143968,100.00,,
     0.674785522,9722853,,instructions:u,1144064,100.00,,
     0.675934987,342,,branch-misses:u,1149344,100.00,,
     0.675934987,42,,cache-misses:u,1149408,100.00,,
     0.675934987,1531276,,bus-cycles:u,1149376,100.00,,
     0.675934987,9793595,,instructions:u,1149248,100.00,,
     0.677081220,343,,branch-misses:u,1146240,100.00,,
     0.677081220,32,,cache-misses:u,1146144,100.00,,
     0.677081220,1527087,,bus-cycles:u,1146144,100.00,,
     0.677081220,9766637,,instructions:u,1146272,100.00,,
     0.678228092,343,,branch-misses:u,1147168,100.00,,
     0.678228092,33,,cache-misses:u,1147232,100.00,,
     0.678228092,1525713,,bus-cycles:u,1147200,100.00,,
     0.678228092,9772679,,instructions:u,1147104,100.00,,
     0.679389429,346,,branch-misses:u,1162112,100.00,,
     0.679389429,111,,cache-misses:u,1162528,100.00,,
     0.679389429,1542895,,bus-cycles:u,1162560,100.00,,
     0.679389429,9865995,,instructions:u,1162656,100.00,,
     0.680540494,342,,branch-misses:u,1149920,100.00,,
     0.680540494,38,,cache-misses:u,1149536,100.00,,
     0.680540494,1529991,,bus-cycles:u,1149440,100.00,,
     0.680540494,9781630,,instructions:u,1149312,100.00,,
     0.681686439,342,,branch-misses:u,1145952,100.00,,
     0.681686439,33,,cache-misses:u,1146080,100.00,,
     0.681686439,1527504,,bus-cycles:u,1146176,100.00,,
     0.681686439,9762035,,instructions:u,1146144,100.00,,
     0.682834624,340,,branch-misses:u,1148416,100.00,,
     0.682834624,108,,cache-misses:u,1148192,100.00,,
     0.682834624,1520694,,bus-cycles:u,1148128,100.00,,
     0.682834624,9718425,,instructions:u,1148224,100.00,,
     0.683982104,344,,branch-misses:u,1147232,100.00,,
     0.683982104,34,,cache-misses:u,1147328,100.00,,
     0.683982104,1529443,,bus-cycles:u,1147680,100.00,,
     0.683982104,9783557,,instructions:u,1147616,100.00,,
     0.685128977,342,,branch-misses:u,1146432,100.00,,
     0.685128977,38,,cache-misses:u,1146368,100.00,,
     0.685128977,1528625,,bus-cycles:u,1146048,100.00,,
     0.685128977,9768890,,instructions:u,1146144,100.00,,
     0.686273962,341,,branch-misses:u,1145248,100.00,,
     0.686273962,33,,cache-misses:u,1145216,100.00,,
     0.686273962,1526853,,bus-cycles:u,1145248,100.00,,
     0.686273962,9755497,,instructions:u,1145152,100.00,,
     0.687420002,343,,branch-misses:u,1146432,100.00,,
     0.687420002,100,,cache-misses:u,1146336,100.00,,
     0.687420002,1520936,,bus-cycles:u,1146336,100.00,,
     0.687420002,9716515,,instructions:u,1146368,100.00,,
     0.688566811,342,,branch-misses:u,1146432,100.00,,
     0.688566811,41,,cache-misses:u,1146496,100.00,,
     0.688566811,1529074,,bus-cycles:u,1146400,100.00,,
     0.688566811,9784104,,instructions:u,1146400,100.00,,
     0.689711860,343,,branch-misses:u,1144576,100.00,,
     0.689711860,32,,cache-misses:u,1144480,100.00,,
     0.689711860,1526226,,bus-cycles:u,1144448,100.00,,
     0.689711860,9764218,,instructions:u,1144384,100.00,,
     0.690857100,342,,branch-misses:u,1145984,100.00,,
     0.690857100,113,,cache-misses:u,1146048,100.00,,
     0.690857100,1521402,,bus-cycles:u,1146144,100.00,,
     0.690857100,9723480,,instructions:u,1146208,100.00,,
     0.692003813,342,,branch-misses:u,1145952,100.00,,
     0.692003813,39,,cache-misses:u,1145920,100.00,,
     0.692003813,1528115,,bus-cycles:u,1145888,100.00,,
     0.692003813,9761492,,instructions:u,1145824,100.00,,
     0.693149310,342,,branch-misses:u,1145504,100.00,,
     0.693149310,42,,cache-misses:u,1145664,100.00,,
     0.693149310,1527769,,bus-cycles:u,1145632,100.00,,
     0.693149310,9768532,,instructions:u,1145728,100.00,,
     0.694294102,341,,branch-misses:u,1144768,100.00,,
     0.694294102,38,,cache-misses:u,1144608,100.00,,
     0.694294102,1526059,,bus-cycles:u,1144608,100.00,,
     0.694294102,9767218,,instructions:u,1144608,100.00,,
     0.695440431,343,,branch-misses:u,1147200,100.00,,
     0.695440431,112,,cache-misses:u,1147360,100.00,,
     0.695440431,1523974,,bus-cycles:u,1147424,100.00,,
     0.695440431,9735514,,instructions:u,1147424,100.00,,
     0.696586760,342,,branch-misses:u,1145472,100.00,,
     0.696586760,37,,cache-misses:u,1145504,100.00,,
     0.696586760,1527697,,bus-cycles:u,1145536,100.00,,
     0.696586760,9764759,,instructions:u,1145536,100.00,,
     0.697731136,342,,branch-misses:u,1144224,100.00,,
     0.697731136,30,,cache-misses:u,1144128,100.00,,
     0.697731136,1525363,,bus-cycles:u,1144096,100.00,,
     0.697731136,9740824,,instructions:u,1144032,100.00,,
     0.698876409,340,,branch-misses:u,1146016,100.00,,
     0.698876409,142,,cache-misses:u,1146080,100.00,,
     0.698876409,1517446,,bus-cycles:u,1146048,100.00,,
     0.698876409,9713007,,instructions:u,1146080,100.00,,
     0.700022610,342,,branch-misses:u,1145472,100.00,,
     0.700022610,32,,cache-misses:u,1145376,100.00,,
     0.700022610,1527867,,bus-cycles:u,1145408,100.00,,
     0.700022610,9775861,,instructions:u,1145440,100.00,,
     0.701180170,347,,branch-misses:u,1158144,100.00,,
     0.701180170,33,,cache-misses:u,1158624,100.00,,
     0.701180170,1545861,,bus-cycles:u,1158848,100.00,,
     0.701180170,9881171,,instructions:u,1158816,100.00,,
     0.702327107,342,,branch-misses:u,1146304,100.00,,
     0.702327107,34,,cache-misses:u,1145824,100.00,,
     0.702327107,1528053,,bus-cycles:u,1145536,100.00,,
     0.702327107,9764481,,instructions:u,1145568,100.00,,
     0.703473308,342,,branch-misses:u,1146816,100.00,,
     0.703473308,99,,cache-misses:u,1147008,100.00,,
     0.703473308,1524215,,bus-cycles:u,1146976,100.00,,
     0.703473308,9715504,,instructions:u,1146976,100.00,,
     0.704619700,342,,branch-misses:u,1146112,100.00,,
     0.704619700,35,,cache-misses:u,1145888,100.00,,
     0.704619700,1528548,,bus-cycles:u,1146016,100.00,,
     0.704619700,9779304,,instructions:u,1145920,100.00,,
     0.705764429,342,,branch-misses:u,1144352,100.00,,
     0.705764429,34,,cache-misses:u,1144448,100.00,,
     0.705764429,1526355,,bus-cycles:u,1144384,100.00,,
     0.705764429,9769827,,instructions:u,1144480,100.00,,
     0.706910342,344,,branch-misses:u,1146496,100.00,,
     0.706910342,94,,cache-misses:u,1146336,100.00,,
     0.706910342,1524085,,bus-cycles:u,1146368,100.00,,
     0.706910342,9753084,,instructions:u,1146304,100.00,,
     0.708055902,342,,branch-misses:u,1144800,100.00,,
     0.708055902,38,,cache-misses:u,1144896,100.00,,
     0.708055902,1527065,,bus-cycles:u,1144896,100.00,,
     0.708055902,9757280,,instructions:u,1144960,100.00,,
     0.709199447,341,,branch-misses:u,1143552,100.00,,
     0.709199447,38,,cache-misses:u,1143552,100.00,,
     0.709199447,1524493,,bus-cycles:u,1143552,100.00,,
     0.709199447,9734535,,instructions:u,1143552,100.00,,
     0.710343568,343,,branch-misses:u,1144128,100.00,,
     0.710343568,37,,cache-misses:u,1144096,100.00,,
     0.710343568,1525129,,bus-cycles:u,1144096,100.00,,
     0.710343568,9764835,,instructions:u,1144096,100.00,,
     0.711488552,341,,branch-misses:u,1145664,100.00,,
     0.711488552,98,,cache-misses:u,1145696,100.00,,
     0.711488552,1520383,,bus-cycles:u,1145664,100.00,,
     0.711488552,9716567,,instructions:u,1145664,100.00,,
     0.712634369,344,,branch-misses:u,1145472,100.00,,
     0.712634369,34,,cache-misses:u,1145440,100.00,,
     0.712634369,1527115,,bus-cycles:u,1145440,100.00,,
     0.712634369,9768342,,instructions:u,1145472,100.00,,
     0.713779386,341,,branch-misses:u,1144928,100.00,,
     0.713779386,33,,cache-misses:u,1144928,100.00,,
     0.713779386,1526567,,bus-cycles:u,1144928,100.00,,
     0.713779386,9753388,,instructions:u,1144832,100.00,,
     0.714925170,342,,branch-misses:u,1146144,100.00,,
     0.714925170,97,,cache-misses:u,1146176,100.00,,
     0.714925170,1522303,,bus-cycles:u,1146208,100.00,,
     0.714925170,9724209,,instructions:u,1146240,100.00,,
     0.716070283,341,,branch-misses:u,1144384,100.00,,
     0.716070283,42,,cache-misses:u,1144352,100.00,,
     0.716070283,1525305,,bus-cycles:u,1144320,100.00,,
     0.716070283,9742733,,instructions:u,1144256,100.00,,
     0.717214852,342,,branch-misses:u,1144576,100.00,,
     0.717214852,35,,cache-misses:u,1144544,100.00,,
     0.717214852,1525812,,bus-cycles:u,1144608,100.00,,
     0.717214852,9761656,,instructions:u,1144672,100.00,,
     0.718358460,342,,branch-misses:u,1143584,100.00,,
     0.718358460,30,,cache-misses:u,1143584,100.00,,
     0.718358460,1524415,,bus-cycles:u,1143424,100.00,,
     0.718358460,9738048,,instructions:u,1143392,100.00,,
     0.719503381,343,,branch-misses:u,1145152,100.00,,
     0.719503381,101,,cache-misses:u,1145152,100.00,,
     0.719503381,1522743,,bus-cycles:u,1145280,100.00,,
     0.719503381,9732223,,instructions:u,1145312,100.00,,
     0.720648781,344,,branch-misses:u,1145024,100.00,,
     0.720648781,35,,cache-misses:u,1145056,100.00,,
     0.720648781,1526649,,bus-cycles:u,1145024,100.00,,
     0.720648781,9759852,,instructions:u,1144992,100.00,,
     0.721804294,345,,branch-misses:u,1155968,100.00,,
     0.721804294,35,,cache-misses:u,1156064,100.00,,
     0.721804294,1542177,,bus-cycles:u,1156320,100.00,,
     0.721804294,9847463,,instructions:u,1156320,100.00,,
     0.722951199,342,,branch-misses:u,1146880,100.00,,
     0.722951199,107,,cache-misses:u,1146784,100.00,,
     0.722951199,1523849,,bus-cycles:u,1146560,100.00,,
     0.722951199,9745299,,instructions:u,1146592,100.00,,
     0.724097336,343,,branch-misses:u,1146048,100.00,,
     0.724097336,36,,cache-misses:u,1146112,100.00,,
     0.724097336,1527748,,bus-cycles:u,1146080,100.00,,
     0.724097336,9764178,,instructions:u,1146048,100.00,,
     0.725242288,342,,branch-misses:u,1144576,100.00,,
     0.725242288,34,,cache-misses:u,1144480,100.00,,
     0.725242288,1526053,,bus-cycles:u,1144512,100.00,,
     0.725242288,9743977,,instructions:u,1144576,100.00,,
     0.726386761,341,,branch-misses:u,1144480,100.00,,
     0.726386761,35,,cache-misses:u,1144480,100.00,,
     0.726386761,1525656,,bus-cycles:u,1144480,100.00,,
     0.726386761,9740706,,instructions:u,1144480,100.00,,
     0.727532162,342,,branch-misses:u,1146016,100.00,,
     0.727532162,99,,cache-misses:u,1146016,100.00,,
     0.727532162,1520874,,bus-cycles:u,1145952,100.00,,
     0.727532162,9724419,,instructions:u,1145952,100.00,,
     0.728678106,342,,branch-misses:u,1145248,100.00,,
     0.728678106,35,,cache-misses:u,1145280,100.00,,
     0.728678106,1526454,,bus-cycles:u,1145280,100.00,,
     0.728678106,9747467,,instructions:u,1145248,100.00,,
     0.729823699,343,,branch-misses:u,1145920,100.00,,
     0.729823699,37,,cache-misses:u,1145888,100.00,,
     0.729823699,1527319,,bus-cycles:u,1145920,100.00,,
     0.729823699,9768140,,instructions:u,1145856,100.00,,
     0.730969420,343,,branch-misses:u,1146016,100.00,,
     0.730969420,107,,cache-misses:u,1146016,100.00,,
     0.730969420,1522788,,bus-cycles:u,1146048,100.00,,
     0.730969420,9745820,,instructions:u,1146080,100.00,,
     0.732115332,342,,branch-misses:u,1145568,100.00,,
     0.732115332,39,,cache-misses:u,1145568,100.00,,
     0.732115332,1527873,,bus-cycles:u,1145568,100.00,,
     0.732115332,9766036,,instructions:u,1145568,100.00,,
     0.733260349,342,,branch-misses:u,1144576,100.00,,
     0.733260349,38,,cache-misses:u,1144512,100.00,,
     0.733260349,1526356,,bus-cycles:u,1144608,100.00,,
     0.733260349,9763029,,instructions:u,1144640,100.00,,
     0.734404726,343,,branch-misses:u,1144704,100.00,,
     0.734404726,39,,cache-misses:u,1144736,100.00,,
     0.734404726,1526383,,bus-cycles:u,1144672,100.00,,
     0.734404726,9766694,,instructions:u,1144640,100.00,,
     0.735550510,343,,branch-misses:u,1146144,100.00,,
     0.735550510,104,,cache-misses:u,1146208,100.00,,
     0.735550510,1522069,,bus-cycles:u,1146144,100.00,,
     0.735550510,9734573,,instructions:u,1146208,100.00,,
     0.736696519,342,,branch-misses:u,1145248,100.00,,
     0.736696519,45,,cache-misses:u,1145280,100.00,,
     0.736696519,1527265,,bus-cycles:u,1145312,100.00,,
     0.736696519,9759356,,instructions:u,1145280,100.00,,
     0.737840832,342,,branch-misses:u,1144672,100.00,,
     0.737840832,35,,cache-misses:u,1144640,100.00,,
     0.737840832,1526099,,bus-cycles:u,1144576,100.00,,
     0.737840832,9753068,,instructions:u,1144608,100.00,,
     0.738986040,342,,branch-misses:u,1145536,100.00,,
     0.738986040,133,,cache-misses:u,1145504,100.00,,
     0.738986040,1519139,,bus-cycles:u,1145504,100.00,,
     0.738986040,9717193,,instructions:u,1145472,100.00,,
     0.740131825,342,,branch-misses:u,1145376,100.00,,
     0.740131825,34,,cache-misses:u,1145344,100.00,,
     0.740131825,1527933,,bus-cycles:u,1145344,100.00,,
     0.740131825,9762221,,instructions:u,1145344,100.00,,
     0.741276553,343,,branch-misses:u,1144928,100.00,,
     0.741276553,40,,cache-misses:u,1145056,100.00,,
     0.741276553,1527504,,bus-cycles:u,1145088,100.00,,
     0.741276553,9774266,,instructions:u,1144992,100.00,,
     0.742421538,343,,branch-misses:u,1144768,100.00,,
     0.742421538,34,,cache-misses:u,1144704,100.00,,
     0.742421538,1526305,,bus-cycles:u,1144672,100.00,,
     0.742421538,9774058,,instructions:u,1144640,100.00,,
     0.743584955,347,,branch-misses:u,1163744,100.00,,
     0.743584955,106,,cache-misses:u,1164000,100.00,,
     0.743584955,1548637,,bus-cycles:u,1164064,100.00,,
     0.743584955,9895626,,instructions:u,1164128,100.00,,
     0.744733524,343,,branch-misses:u,1148480,100.00,,
     0.744733524,33,,cache-misses:u,1148608,100.00,,
     0.744733524,1531992,,bus-cycles:u,1148640,100.00,,
     0.744733524,9797282,,instructions:u,1148672,100.00,,
     0.745880877,343,,branch-misses:u,1147136,100.00,,
     0.745880877,31,,cache-misses:u,1146976,100.00,,
     0.745880877,1529676,,bus-cycles:u,1146880,100.00,,
     0.745880877,9779063,,instructions:u,1146944,100.00,,
     0.747027397,344,,branch-misses:u,1146784,100.00,,
     0.747027397,112,,cache-misses:u,1146624,100.00,,
     0.747027397,1522340,,bus-cycles:u,1146752,100.00,,
     0.747027397,9729987,,instructions:u,1146784,100.00,,
     0.748174302,342,,branch-misses:u,1146592,100.00,,
     0.748174302,42,,cache-misses:u,1146688,100.00,,
     0.748174302,1529619,,bus-cycles:u,1146688,100.00,,
     0.748174302,9785863,,instructions:u,1146656,100.00,,
     0.749319895,342,,branch-misses:u,1145472,100.00,,
     0.749319895,38,,cache-misses:u,1145344,100.00,,
     0.749319895,1527427,,bus-cycles:u,1145184,100.00,,
     0.749319895,9754640,,instructions:u,1145216,100.00,,
     0.750465647,343,,branch-misses:u,1145824,100.00,,
     0.750465647,34,,cache-misses:u,1145760,100.00,,
     0.750465647,1528419,,bus-cycles:u,1145856,100.00,,
     0.750465647,9762308,,instructions:u,1145824,100.00,,
     0.751621736,346,,branch-misses:u,1156288,100.00,,
     0.751621736,80,,cache-misses:u,1156576,100.00,,
     0.751621736,1537035,,bus-cycles:u,1156512,100.00,,
     0.751621736,9827360,,instructions:u,1156480,100.00,,
     0.752770081,343,,branch-misses:u,1148160,100.00,,
     0.752770081,37,,cache-misses:u,1148032,100.00,,
     0.752770081,1530250,,bus-cycles:u,1148224,100.00,,
     0.752770081,9771758,,instructions:u,1148256,100.00,,
     0.753915802,341,,branch-misses:u,1145696,100.00,,
     0.753915802,41,,cache-misses:u,1145728,100.00,,
     0.753915802,1527305,,bus-cycles:u,1145664,100.00,,
     0.753915802,9761056,,instructions:u,1145728,100.00,,
     0.755062674,344,,branch-misses:u,1147104,100.00,,
     0.755062674,111,,cache-misses:u,1147136,100.00,,
     0.755062674,1524853,,bus-cycles:u,1147072,100.00,,
     0.755062674,9745847,,instructions:u,1146976,100.00,,
     0.756209355,342,,branch-misses:u,1146336,100.00,,
     0.756209355,43,,cache-misses:u,1146144,100.00,,
     0.756209355,1528386,,bus-cycles:u,1146080,100.00,,
     0.756209355,9764379,,instructions:u,1146080,100.00,,
     0.757354628,343,,branch-misses:u,1144928,100.00,,
     0.757354628,34,,cache-misses:u,1144896,100.00,,
     0.757354628,1526689,,bus-cycles:u,1144992,100.00,,
     0.757354628,9762974,,instructions:u,1144992,100.00,,
     0.758499644,342,,branch-misses:u,1144928,100.00,,
     0.758499644,40,,cache-misses:u,1145088,100.00,,
     0.758499644,1526687,,bus-cycles:u,1145088,100.00,,
     0.758499644,9763116,,instructions:u,1145184,100.00,,
     0.759654517,345,,branch-misses:u,1155232,100.00,,
     0.759654517,89,,cache-misses:u,1155232,100.00,,
     0.759654517,1536167,,bus-cycles:u,1155296,100.00,,
     0.759654517,9820809,,instructions:u,1155296,100.00,,
     0.760800014,342,,branch-misses:u,1145152,100.00,,
     0.760800014,56,,cache-misses:u,1145312,100.00,,
     0.760800014,1524048,,bus-cycles:u,1145184,100.00,,
     0.760800014,9730340,,instructions:u,1145248,100.00,,
     0.761945190,342,,branch-misses:u,1145184,100.00,,
     0.761945190,31,,cache-misses:u,1145024,100.00,,
     0.761945190,1526407,,bus-cycles:u,1145056,100.00,,
     0.761945190,9767757,,instructions:u,1144960,100.00,,
     0.763091775,343,,branch-misses:u,1147232,100.00,,
     0.763091775,100,,cache-misses:u,1147328,100.00,,
     0.763091775,1522470,,bus-cycles:u,1147296,100.00,,
     0.763091775,9729222,,instructions:u,1147264,100.00,,
     0.764252440,346,,branch-misses:u,1160576,100.00,,
     0.764252440,36,,cache-misses:u,1160608,100.00,,
     0.764252440,1547732,,bus-cycles:u,1160992,100.00,,
     0.764252440,9887073,,instructions:u,1161024,100.00,,
     0.765399345,342,,branch-misses:u,1146592,100.00,,
     0.765399345,33,,cache-misses:u,1146368,100.00,,
     0.765399345,1528259,,bus-cycles:u,1146112,100.00,,
     0.765399345,9758309,,instructions:u,1146080,100.00,,
     0.766545161,341,,branch-misses:u,1145472,100.00,,
     0.766545161,39,,cache-misses:u,1145536,100.00,,
     0.766545161,1531423,,bus-cycles:u,1151776,100.00,,
     0.766545161,9804933,,instructions:u,1152224,100.00,,
     0.767699298,345,,branch-misses:u,1154528,100.00,,
     0.767699298,79,,cache-misses:u,1154624,100.00,,
     0.767699298,1530496,,bus-cycles:u,1148256,100.00,,
     0.767699298,9782237,,instructions:u,1147808,100.00,,
     0.768844539,343,,branch-misses:u,1144640,100.00,,
     0.768844539,36,,cache-misses:u,1144544,100.00,,
     0.768844539,1525591,,bus-cycles:u,1144576,100.00,,
     0.768844539,9753817,,instructions:u,1144576,100.00,,
     0.769988467,341,,branch-misses:u,1143968,100.00,,
     0.769988467,36,,cache-misses:u,1143904,100.00,,
     0.769988467,1524566,,bus-cycles:u,1143904,100.00,,
     0.769988467,9745529,,instructions:u,1143872,100.00,,
     0.771131884,341,,branch-misses:u,1144160,100.00,,
     0.771131884,111,,cache-misses:u,1144256,100.00,,
     0.771131884,1519000,,bus-cycles:u,1144288,100.00,,
     0.771131884,9707915,,instructions:u,1144288,100.00,,
     0.772279653,343,,branch-misses:u,1147264,100.00,,
     0.772279653,42,,cache-misses:u,1147328,100.00,,
     0.772279653,1528619,,bus-cycles:u,1147200,100.00,,
     0.772279653,9778578,,instructions:u,1147168,100.00,,
     0.773424253,341,,branch-misses:u,1144256,100.00,,
     0.773424253,35,,cache-misses:u,1144064,100.00,,
     0.773424253,1525293,,bus-cycles:u,1144192,100.00,,
     0.773424253,9752240,,instructions:u,1144224,100.00,,
     0.774598295,356,,branch-misses:u,1194912,100.00,,
     0.774598295,68,,cache-misses:u,1202112,100.00,,
     0.774598295,1600055,,bus-cycles:u,1208672,100.00,,
     0.774598295,10248736,,instructions:u,1214560,100.00,,
     0.775957268,399,,branch-misses:u,1343072,100.00,,
     0.775957268,71,,cache-misses:u,1340576,100.00,,
     0.775957268,1775276,,bus-cycles:u,1337536,100.00,,
     0.775957268,11331024,,instructions:u,1335360,100.00,,
     0.777201679,370,,branch-misses:u,1243776,100.00,,
     0.777201679,46,,cache-misses:u,1243200,100.00,,
     0.777201679,1649515,,bus-cycles:u,1243008,100.00,,
     0.777201679,10533464,,instructions:u,1242688,100.00,,
     0.778434889,364,,branch-misses:u,1232416,100.00,,
     0.778434889,34,,cache-misses:u,1232000,100.00,,
     0.778434889,1634662,,bus-cycles:u,1232032,100.00,,
     0.778434889,10455323,,instructions:u,1231904,100.00,,
     0.779687684,373,,branch-misses:u,1253216,100.00,,
     0.779687684,86,,cache-misses:u,1253632,100.00,,
     0.779687684,1658960,,bus-cycles:u,1253568,100.00,,
     0.779687684,10597654,,instructions:u,1253600,100.00,,
     0.780915935,364,,branch-misses:u,1227360,100.00,,
     0.780915935,39,,cache-misses:u,1226848,100.00,,
     0.780915935,1628545,,bus-cycles:u,1226848,100.00,,
     0.780915935,10415322,,instructions:u,1226816,100.00,,
     0.782142233,365,,branch-misses:u,1225504,100.00,,
     0.782142233,32,,cache-misses:u,1225408,100.00,,
     0.782142233,1626147,,bus-cycles:u,1225440,100.00,,
     0.782142233,10404457,,instructions:u,1225440,100.00,,
     0.783368019,364,,branch-misses:u,1226816,100.00,,
     0.783368019,107,,cache-misses:u,1226912,100.00,,
     0.783368019,1622860,,bus-cycles:u,1226912,100.00,,
     0.783368019,10378700,,instructions:u,1226976,100.00,,
     0.784595278,365,,branch-misses:u,1226304,100.00,,
     0.784595278,38,,cache-misses:u,1226240,100.00,,
     0.784595278,1626428,,bus-cycles:u,1226272,100.00,,
     0.784595278,10402728,,instructions:u,1226272,100.00,,
     0.785819112,363,,branch-misses:u,1223744,100.00,,
     0.785819112,45,,cache-misses:u,1223648,100.00,,
     0.785819112,1623043,,bus-cycles:u,1223616,100.00,,
     0.785819112,10373128,,instructions:u,1223584,100.00,,
     0.787117700,388,,branch-misses:u,1301536,100.00,,
     0.787117700,98,,cache-misses:u,1303008,100.00,,
     0.787117700,1725527,,bus-cycles:u,1303584,100.00,,
     0.787117700,11045926,,instructions:u,1304000,100.00,,
     0.788360255,369,,branch-misses:u,1240160,100.00,,
     0.788360255,41,,cache-misses:u,1239200,100.00,,
     0.788360255,1643491,,bus-cycles:u,1238560,100.00,,
     0.788360255,10510036,,instructions:u,1238240,100.00,,
     0.789587385,364,,branch-misses:u,1226272,100.00,,
     0.789587385,53,,cache-misses:u,1225856,100.00,,
     0.789587385,1626715,,bus-cycles:u,1225856,100.00,,
     0.789587385,10410703,,instructions:u,1225696,100.00,,
     0.790813940,365,,branch-misses:u,1227872,100.00,,
     0.790813940,102,,cache-misses:u,1227904,100.00,,
     0.790813940,1623484,,bus-cycles:u,1227968,100.00,,
     0.790813940,10374434,,instructions:u,1228064,100.00,,
     0.792040686,366,,branch-misses:u,1225440,100.00,,
     0.792040686,38,,cache-misses:u,1225248,100.00,,
     0.792040686,1625950,,bus-cycles:u,1225248,100.00,,
     0.792040686,10403162,,instructions:u,1225184,100.00,,
     0.793263432,363,,branch-misses:u,1222656,100.00,,
     0.793263432,34,,cache-misses:u,1222688,100.00,,
     0.793263432,1622673,,bus-cycles:u,1222688,100.00,,
     0.793263432,10377086,,instructions:u,1222688,100.00,,
     0.794485667,363,,branch-misses:u,1222048,100.00,,
     0.794485667,42,,cache-misses:u,1222144,100.00,,
     0.794485667,1621435,,bus-cycles:u,1222208,100.00,,
     0.794485667,10365635,,instructions:u,1222240,100.00,,
     0.795735646,371,,branch-misses:u,1251136,100.00,,
     0.795735646,80,,cache-misses:u,1251776,100.00,,
     0.795735646,1655929,,bus-cycles:u,1251648,100.00,,
     0.795735646,10577361,,instructions:u,1251872,100.00,,
     0.796961048,364,,branch-misses:u,1224384,100.00,,
     0.796961048,36,,cache-misses:u,1223488,100.00,,
     0.796961048,1623907,,bus-cycles:u,1223584,100.00,,
     0.796961048,10381283,,instructions:u,1223392,100.00,,
     0.798184018,363,,branch-misses:u,1222976,100.00,,
     0.798184018,36,,cache-misses:u,1223104,100.00,,
     0.798184018,1622311,,bus-cycles:u,1223008,100.00,,
     0.798184018,10369624,,instructions:u,1222944,100.00,,
     0.799408877,364,,branch-misses:u,1226432,100.00,,
     0.799408877,95,,cache-misses:u,1226944,100.00,,
     0.799408877,1622851,,bus-cycles:u,1226880,100.00,,
     0.799408877,10374390,,instructions:u,1226912,100.00,,
     0.800640583,365,,branch-misses:u,1229984,100.00,,
     0.800640583,38,,cache-misses:u,1229472,100.00,,
     0.800640583,1631232,,bus-cycles:u,1229632,100.00,,
     0.800640583,10424453,,instructions:u,1229600,100.00,,
     0.801863521,363,,branch-misses:u,1223520,100.00,,
     0.801863521,35,,cache-misses:u,1223680,100.00,,
     0.801863521,1623251,,bus-cycles:u,1223616,100.00,,
     0.801863521,10362301,,instructions:u,1223616,100.00,,
     0.803088316,363,,branch-misses:u,1224960,100.00,,
     0.803088316,107,,cache-misses:u,1224736,100.00,,
     0.803088316,1619512,,bus-cycles:u,1224672,100.00,,
     0.803088316,10343828,,instructions:u,1224704,100.00,,
     0.804314038,365,,branch-misses:u,1224960,100.00,,
     0.804314038,44,,cache-misses:u,1224960,100.00,,
     0.804314038,1624918,,bus-cycles:u,1225024,100.00,,
     0.804314038,10391637,,instructions:u,1224992,100.00,,
     0.805537457,363,,branch-misses:u,1223520,100.00,,
     0.805537457,41,,cache-misses:u,1223616,100.00,,
     0.805537457,1623174,,bus-cycles:u,1223520,100.00,,
     0.805537457,10374596,,instructions:u,1223456,100.00,,
     0.806762027,364,,branch-misses:u,1225344,100.00,,
     0.806762027,91,,cache-misses:u,1225248,100.00,,
     0.806762027,1620636,,bus-cycles:u,1225312,100.00,,
     0.806762027,10352307,,instructions:u,1225152,100.00,,
     0.807986501,364,,branch-misses:u,1223520,100.00,,
     0.807986501,40,,cache-misses:u,1223360,100.00,,
     0.807986501,1624288,,bus-cycles:u,1223136,100.00,,
     0.807986501,10398384,,instructions:u,1223072,100.00,,
     0.809230208,370,,branch-misses:u,1244416,100.00,,
     0.809230208,36,,cache-misses:u,1244608,100.00,,
     0.809230208,1652809,,bus-cycles:u,1244608,100.00,,
     0.809230208,10571797,,instructions:u,1244672,100.00,,
     0.810453594,364,,branch-misses:u,1223040,100.00,,
     0.810453594,34,,cache-misses:u,1222816,100.00,,
     0.810453594,1623193,,bus-cycles:u,1222848,100.00,,
     0.810453594,10389546,,instructions:u,1222912,100.00,,
     0.811701557,370,,branch-misses:u,1248352,100.00,,
     0.811701557,87,,cache-misses:u,1248480,100.00,,
     0.811701557,1651717,,bus-cycles:u,1248384,100.00,,
     0.811701557,10552934,,instructions:u,1248320,100.00,,
     0.812926480,364,,branch-misses:u,1224512,100.00,,
     0.812926480,37,,cache-misses:u,1224640,100.00,,
     0.812926480,1626208,,bus-cycles:u,1224608,100.00,,
     0.812926480,10401595,,instructions:u,1224576,100.00,,
     0.814149482,363,,branch-misses:u,1222336,100.00,,
     0.814149482,41,,cache-misses:u,1222112,100.00,,
     0.814149482,1622813,,bus-cycles:u,1222144,100.00,,
     0.814149482,10374671,,instructions:u,1222208,100.00,,
     0.815372676,364,,branch-misses:u,1224416,100.00,,
     0.815372676,102,,cache-misses:u,1224448,100.00,,
     0.815372676,1619746,,bus-cycles:u,1224480,100.00,,
     0.815372676,10343072,,instructions:u,1224672,100.00,,
     0.816598303,363,,branch-misses:u,1224512,100.00,,
     0.816598303,60,,cache-misses:u,1224576,100.00,,
     0.816598303,1626401,,bus-cycles:u,1224672,100.00,,
     0.816598303,10398802,,instructions:u,1224512,100.00,,
     0.817821593,365,,branch-misses:u,1223040,100.00,,
     0.817821593,36,,cache-misses:u,1223008,100.00,,
     0.817821593,1624044,,bus-cycles:u,1222912,100.00,,
     0.817821593,10398714,,instructions:u,1222912,100.00,,
     0.819045139,364,,branch-misses:u,1224352,100.00,,
     0.819045139,97,,cache-misses:u,1224192,100.00,,
     0.819045139,1620003,,bus-cycles:u,1224096,100.00,,
     0.819045139,10346283,,instructions:u,1224032,100.00,,
     0.820267790,363,,branch-misses:u,1221856,100.00,,
     0.820267790,40,,cache-misses:u,1222016,100.00,,
     0.820267790,1622129,,bus-cycles:u,1222112,100.00,,
     0.820267790,10371354,,instructions:u,1222080,100.00,,
     0.821488648,363,,branch-misses:u,1220832,100.00,,
     0.821488648,31,,cache-misses:u,1220768,100.00,,
     0.821488648,1620913,,bus-cycles:u,1220704,100.00,,
     0.821488648,10352371,,instructions:u,1220672,100.00,,
     0.822710434,363,,branch-misses:u,1223072,100.00,,
     0.822710434,92,,cache-misses:u,1223712,100.00,,
     0.822710434,1620919,,bus-cycles:u,1223776,100.00,,
     0.822710434,10357198,,instructions:u,1224448,100.00,,
     0.823940765,366,,branch-misses:u,1229696,100.00,,
     0.823940765,40,,cache-misses:u,1229152,100.00,,
     0.823940765,1633042,,bus-cycles:u,1229120,100.00,,
     0.823940765,10440793,,instructions:u,1228448,100.00,,
     0.825164311,363,,branch-misses:u,1222752,100.00,,
     0.825164311,39,,cache-misses:u,1222560,100.00,,
     0.825164311,1622965,,bus-cycles:u,1222592,100.00,,
     0.825164311,10375013,,instructions:u,1222656,100.00,,
     0.826386289,364,,branch-misses:u,1222112,100.00,,
     0.826386289,30,,cache-misses:u,1222304,100.00,,
     0.826386289,1623579,,bus-cycles:u,1222432,100.00,,
     0.826386289,10384107,,instructions:u,1222464,100.00,,
     0.827609100,363,,branch-misses:u,1223488,100.00,,
     0.827609100,89,,cache-misses:u,1223360,100.00,,
     0.827609100,1619807,,bus-cycles:u,1223296,100.00,,
     0.827609100,10349717,,instructions:u,1223360,100.00,,
     0.828835846,365,,branch-misses:u,1225920,100.00,,
     0.828835846,39,,cache-misses:u,1225984,100.00,,
     0.828835846,1628315,,bus-cycles:u,1225920,100.00,,
     0.828835846,10403900,,instructions:u,1225760,100.00,,
     0.830057824,362,,branch-misses:u,1222016,100.00,,
     0.830057824,30,,cache-misses:u,1221856,100.00,,
     0.830057824,1621823,,bus-cycles:u,1221856,100.00,,
     0.830057824,10357544,,instructions:u,1221952,100.00,,
     0.831302907,371,,branch-misses:u,1246144,100.00,,
     0.831302907,98,,cache-misses:u,1246464,100.00,,
     0.831302907,1649450,,bus-cycles:u,1246528,100.00,,
     0.831302907,10544814,,instructions:u,1246496,100.00,,
     0.832528950,363,,branch-misses:u,1224800,100.00,,
     0.832528950,52,,cache-misses:u,1224512,100.00,,
     0.832528950,1625230,,bus-cycles:u,1224480,100.00,,
     0.832528950,10393248,,instructions:u,1224544,100.00,,
     0.833749744,364,,branch-misses:u,1220896,100.00,,
     0.833749744,39,,cache-misses:u,1221088,100.00,,
     0.833749744,1620884,,bus-cycles:u,1221088,100.00,,
     0.833749744,10356354,,instructions:u,1220992,100.00,,
     0.834972170,364,,branch-misses:u,1223520,100.00,,
     0.834972170,94,,cache-misses:u,1224256,100.00,,
     0.834972170,1621907,,bus-cycles:u,1224160,100.00,,
     0.834972170,10360838,,instructions:u,1224192,100.00,,
     0.836201221,365,,branch-misses:u,1228672,100.00,,
     0.836201221,42,,cache-misses:u,1228032,100.00,,
     0.836201221,1630326,,bus-cycles:u,1228096,100.00,,
     0.836201221,10417437,,instructions:u,1228128,100.00,,
     0.837425087,365,,branch-misses:u,1223136,100.00,,
     0.837425087,32,,cache-misses:u,1222944,100.00,,
     0.837425087,1623723,,bus-cycles:u,1222944,100.00,,
     0.837425087,10387365,,instructions:u,1222880,100.00,,
     0.838648505,362,,branch-misses:u,1224096,100.00,,
     0.838648505,76,,cache-misses:u,1224224,100.00,,
     0.838648505,1620455,,bus-cycles:u,1224160,100.00,,
     0.838648505,10367441,,instructions:u,1224224,100.00,,
     0.839874324,365,,branch-misses:u,1224992,100.00,,
     0.839874324,70,,cache-misses:u,1224832,100.00,,
     0.839874324,1627001,,bus-cycles:u,1224864,100.00,,
     0.839874324,10407656,,instructions:u,1224864,100.00,,
     0.841097166,363,,branch-misses:u,1222752,100.00,,
     0.841097166,33,,cache-misses:u,1222912,100.00,,
     0.841097166,1625151,,bus-cycles:u,1223008,100.00,,
     0.841097166,10377367,,instructions:u,1222976,100.00,,
     0.842320040,365,,branch-misses:u,1223488,100.00,,
     0.842320040,34,,cache-misses:u,1223456,100.00,,
     0.842320040,1625707,,bus-cycles:u,1223552,100.00,,
     0.842320040,10404874,,instructions:u,1223616,100.00,,
     0.843545699,364,,branch-misses:u,1225824,100.00,,
     0.843545699,93,,cache-misses:u,1226080,100.00,,
     0.843545699,1624275,,bus-cycles:u,1225888,100.00,,
     0.843545699,10389876,,instructions:u,1226432,100.00,,
     0.844770493,365,,branch-misses:u,1224032,100.00,,
     0.844770493,37,,cache-misses:u,1223776,100.00,,
     0.844770493,1625134,,bus-cycles:u,1223840,100.00,,
     0.844770493,10394380,,instructions:u,1223328,100.00,,
     0.845992151,362,,branch-misses:u,1221632,100.00,,
     0.845992151,37,,cache-misses:u,1222016,100.00,,
     0.845992151,1623283,,bus-cycles:u,1221952,100.00,,
     0.845992151,10371882,,instructions:u,1221856,100.00,,
     0.847215506,365,,branch-misses:u,1224608,100.00,,
     0.847215506,94,,cache-misses:u,1225248,100.00,,
     0.847215506,1622466,,bus-cycles:u,1225344,100.00,,
     0.847215506,10371404,,instructions:u,1225408,100.00,,
     0.848446348,365,,branch-misses:u,1230176,100.00,,
     0.848446348,40,,cache-misses:u,1229056,100.00,,
     0.848446348,1633492,,bus-cycles:u,1228896,100.00,,
     0.848446348,10440084,,instructions:u,1228864,100.00,,
     0.849670374,365,,branch-misses:u,1223424,100.00,,
     0.849670374,42,,cache-misses:u,1223936,100.00,,
     0.849670374,1626012,,bus-cycles:u,1224064,100.00,,
     0.849670374,10399078,,instructions:u,1224064,100.00,,
     0.850895457,364,,branch-misses:u,1225856,100.00,,
     0.850895457,98,,cache-misses:u,1225504,100.00,,
     0.850895457,1622488,,bus-cycles:u,1225536,100.00,,
     0.850895457,10380358,,instructions:u,1225568,100.00,,
     0.852120923,365,,branch-misses:u,1225152,100.00,,
     0.852120923,39,,cache-misses:u,1225440,100.00,,
     0.852120923,1627692,,bus-cycles:u,1225760,100.00,,
     0.852120923,10408327,,instructions:u,1225600,100.00,,
     0.853343126,364,,branch-misses:u,1221536,100.00,,
     0.853343126,36,,cache-misses:u,1221152,100.00,,
     0.853343126,1622266,,bus-cycles:u,1220800,100.00,,
     0.853343126,10365096,,instructions:u,1220864,100.00,,
     0.854576272,366,,branch-misses:u,1234464,100.00,,
     0.854576272,45,,cache-misses:u,1235136,100.00,,
     0.854576272,1637856,,bus-cycles:u,1235424,100.00,,
     0.854576272,10457468,,instructions:u,1235424,100.00,,
     0.855806091,366,,branch-misses:u,1229216,100.00,,
     0.855806091,84,,cache-misses:u,1228800,100.00,,
     0.855806091,1631922,,bus-cycles:u,1228768,100.00,,
     0.855806091,10422047,,instructions:u,1228832,100.00,,
     0.857028261,362,,branch-misses:u,1221408,100.00,,
     0.857028261,42,,cache-misses:u,1221248,100.00,,
     0.857028261,1620162,,bus-cycles:u,1220992,100.00,,
     0.857028261,10352086,,instructions:u,1220896,100.00,,
     0.858248127,363,,branch-misses:u,1219872,100.00,,
     0.858248127,32,,cache-misses:u,1220064,100.00,,
     0.858248127,1619632,,bus-cycles:u,1220064,100.00,,
     0.858248127,10363756,,instructions:u,1220160,100.00,,
     0.859472057,363,,branch-misses:u,1224928,100.00,,
     0.859472057,93,,cache-misses:u,1225120,100.00,,
     0.859472057,1620474,,bus-cycles:u,1225184,100.00,,
     0.859472057,10341940,,instructions:u,1225152,100.00,,
     0.860701492,366,,branch-misses:u,1229248,100.00,,
     0.860701492,39,,cache-misses:u,1228832,100.00,,
     0.860701492,1630994,,bus-cycles:u,1228704,100.00,,
     0.860701492,10439171,,instructions:u,1228576,100.00,,
     0.861924654,363,,branch-misses:u,1222176,100.00,,
     0.861924654,36,,cache-misses:u,1222016,100.00,,
     0.861924654,1622293,,bus-cycles:u,1222016,100.00,,
     0.861924654,10366597,,instructions:u,1222144,100.00,,
     0.863148329,363,,branch-misses:u,1224800,100.00,,
     0.863148329,92,,cache-misses:u,1224800,100.00,,
     0.863148329,1620390,,bus-cycles:u,1224800,100.00,,
     0.863148329,10346192,,instructions:u,1224832,100.00,,
     0.864374851,363,,branch-misses:u,1225376,100.00,,
     0.864374851,43,,cache-misses:u,1225536,100.00,,
     0.864374851,1626761,,bus-cycles:u,1225504,100.00,,
     0.864374851,10406997,,instructions:u,1225440,100.00,,
     0.865597309,363,,branch-misses:u,1222240,100.00,,
     0.865597309,34,,cache-misses:u,1222208,100.00,,
     0.865597309,1623005,,bus-cycles:u,1222272,100.00,,
     0.865597309,10363517,,instructions:u,1222240,100.00,,
     0.866820248,362,,branch-misses:u,1224032,100.00,,
     0.866820248,136,,cache-misses:u,1224000,100.00,,
     0.866820248,1617232,,bus-cycles:u,1223904,100.00,,
     0.866820248,10347715,,instructions:u,1224000,100.00,,
     0.868044146,364,,branch-misses:u,1222816,100.00,,
     0.868044146,42,,cache-misses:u,1222656,100.00,,
     0.868044146,1622825,,bus-cycles:u,1222688,100.00,,
     0.868044146,10368853,,instructions:u,1222656,100.00,,
     0.869265196,362,,branch-misses:u,1221088,100.00,,
     0.869265196,42,,cache-misses:u,1221248,100.00,,
     0.869265196,1621310,,bus-cycles:u,1221312,100.00,,
     0.869265196,10360018,,instructions:u,1221344,100.00,,
     0.870486278,364,,branch-misses:u,1221568,100.00,,
     0.870486278,35,,cache-misses:u,1221408,100.00,,
     0.870486278,1622749,,bus-cycles:u,1221280,100.00,,
     0.870486278,10365098,,instructions:u,1221248,100.00,,
     0.871730465,370,,branch-misses:u,1244544,100.00,,
     0.871730465,90,,cache-misses:u,1244768,100.00,,
     0.871730465,1648622,,bus-cycles:u,1244864,100.00,,
     0.871730465,10543424,,instructions:u,1244928,100.00,,
     0.872955868,364,,branch-misses:u,1225248,100.00,,
     0.872955868,39,,cache-misses:u,1225280,100.00,,
     0.872955868,1627901,,bus-cycles:u,1225408,100.00,,
     0.872955868,10400662,,instructions:u,1225344,100.00,,
     0.874180118,364,,branch-misses:u,1223552,100.00,,
     0.874180118,35,,cache-misses:u,1223424,100.00,,
     0.874180118,1625388,,bus-cycles:u,1223360,100.00,,
     0.874180118,10394021,,instructions:u,1223264,100.00,,
     0.875404816,364,,branch-misses:u,1225824,100.00,,
     0.875404816,99,,cache-misses:u,1225888,100.00,,
     0.875404816,1622385,,bus-cycles:u,1225856,100.00,,
     0.875404816,10368647,,instructions:u,1226176,100.00,,
     0.876651851,371,,branch-misses:u,1246784,100.00,,
     0.876651851,41,,cache-misses:u,1246848,100.00,,
     0.876651851,1656107,,bus-cycles:u,1246944,100.00,,
     0.876651851,10581659,,instructions:u,1246688,100.00,,
     0.877878022,364,,branch-misses:u,1225216,100.00,,
     0.877878022,36,,cache-misses:u,1225120,100.00,,
     0.877878022,1626888,,bus-cycles:u,1224992,100.00,,
     0.877878022,10394151,,instructions:u,1225024,100.00,,
     0.879102784,364,,branch-misses:u,1225408,100.00,,
     0.879102784,89,,cache-misses:u,1225408,100.00,,
     0.879102784,1622731,,bus-cycles:u,1225664,100.00,,
     0.879102784,10356486,,instructions:u,1225696,100.00,,
     0.880327610,363,,branch-misses:u,1224032,100.00,,
     0.880327610,50,,cache-misses:u,1224032,100.00,,
     0.880327610,1625710,,bus-cycles:u,1223840,100.00,,
     0.880327610,10381878,,instructions:u,1223840,100.00,,
     0.881549845,364,,branch-misses:u,1222272,100.00,,
     0.881549845,35,,cache-misses:u,1222208,100.00,,
     0.881549845,1622933,,bus-cycles:u,1222176,100.00,,
     0.881549845,10379135,,instructions:u,1222144,100.00,,
     0.882773103,363,,branch-misses:u,1224352,100.00,,
     0.882773103,101,,cache-misses:u,1224864,100.00,,
     0.882773103,1621207,,bus-cycles:u,1224928,100.00,,
     0.882773103,10362618,,instructions:u,1225024,100.00,,
     0.884004105,366,,branch-misses:u,1230080,100.00,,
     0.884004105,38,,cache-misses:u,1229440,100.00,,
     0.884004105,1632289,,bus-cycles:u,1229376,100.00,,
     0.884004105,10433834,,instructions:u,1229344,100.00,,
     0.885228740,365,,branch-misses:u,1224416,100.00,,
     0.885228740,35,,cache-misses:u,1224768,100.00,,
     0.885228740,1626382,,bus-cycles:u,1224800,100.00,,
     0.885228740,10404765,,instructions:u,1224736,100.00,,
     0.886452958,363,,branch-misses:u,1224800,100.00,,
     0.886452958,36,,cache-misses:u,1224608,100.00,,
     0.886452958,1625950,,bus-cycles:u,1224576,100.00,,
     0.886452958,10391093,,instructions:u,1224576,100.00,,
     0.887695993,370,,branch-misses:u,1243264,100.00,,
     0.887695993,72,,cache-misses:u,1243424,100.00,,
     0.887695993,1645919,,bus-cycles:u,1243424,100.00,,
     0.887695993,10514446,,instructions:u,1243456,100.00,,
     0.888922067,364,,branch-misses:u,1225888,100.00,,
     0.888922067,42,,cache-misses:u,1225600,100.00,,
     0.888922067,1627229,,bus-cycles:u,1225600,100.00,,
     0.888922067,10401498,,instructions:u,1225568,100.00,,
     0.890146638,364,,branch-misses:u,1223936,100.00,,
     0.890146638,33,,cache-misses:u,1224128,100.00,,
     0.890146638,1625572,,bus-cycles:u,1224288,100.00,,
     0.890146638,10387153,,instructions:u,1224288,100.00,,
     0.891371944,363,,branch-misses:u,1226496,100.00,,
     0.891371944,99,,cache-misses:u,1226688,100.00,,
     0.891371944,1621871,,bus-cycles:u,1226528,100.00,,
     0.891371944,10359686,,instructions:u,1226592,100.00,,
     0.892598114,366,,branch-misses:u,1225504,100.00,,
     0.892598114,40,,cache-misses:u,1225504,100.00,,
     0.892598114,1627185,,bus-cycles:u,1225600,100.00,,
     0.892598114,10395892,,instructions:u,1225600,100.00,,
     0.893821597,363,,branch-misses:u,1222880,100.00,,
     0.893821597,36,,cache-misses:u,1222784,100.00,,
     0.893821597,1624670,,bus-cycles:u,1222720,100.00,,
     0.893821597,10382051,,instructions:u,1222688,100.00,,
     0.895044855,363,,branch-misses:u,1224288,100.00,,
     0.895044855,100,,cache-misses:u,1224384,100.00,,
     0.895044855,1621270,,bus-cycles:u,1224256,100.00,,
     0.895044855,10360420,,instructions:u,1224576,100.00,,
     0.896275250,367,,branch-misses:u,1229824,100.00,,
     0.896275250,45,,cache-misses:u,1229920,100.00,,
     0.896275250,1634388,,bus-cycles:u,1230080,100.00,,
     0.896275250,10446870,,instructions:u,1229728,100.00,,
     0.897500780,363,,branch-misses:u,1225088,100.00,,
     0.897500780,35,,cache-misses:u,1224864,100.00,,
     0.897500780,1626941,,bus-cycles:u,1224800,100.00,,
     0.897500780,10392949,,instructions:u,1224800,100.00,,
     0.898744167,371,,branch-misses:u,1244256,100.00,,
     0.898744167,86,,cache-misses:u,1244384,100.00,,
     0.898744167,1648005,,bus-cycles:u,1244512,100.00,,
     0.898744167,10549740,,instructions:u,1244576,100.00,,
     0.899973473,365,,branch-misses:u,1228896,100.00,,
     0.899973473,43,,cache-misses:u,1228640,100.00,,
     0.899973473,1632094,,bus-cycles:u,1228544,100.00,,
     0.899973473,10434940,,instructions:u,1228512,100.00,,
     0.901197275,365,,branch-misses:u,1223136,100.00,,
     0.901197275,31,,cache-misses:u,1223168,100.00,,
     0.901197275,1624409,,bus-cycles:u,1223168,100.00,,
     0.901197275,10395902,,instructions:u,1223136,100.00,,
     0.902420246,363,,branch-misses:u,1222912,100.00,,
     0.902420246,35,,cache-misses:u,1223008,100.00,,
     0.902420246,1623926,,bus-cycles:u,1222976,100.00,,
     0.902420246,10381982,,instructions:u,1222944,100.00,,
     0.903661425,369,,branch-misses:u,1241856,100.00,,
     0.903661425,86,,cache-misses:u,1241856,100.00,,
     0.903661425,1644897,,bus-cycles:u,1241856,100.00,,
     0.903661425,10513451,,instructions:u,1241856,100.00,,
     0.904883275,363,,branch-misses:u,1221728,100.00,,
     0.904883275,54,,cache-misses:u,1221664,100.00,,
     0.904883275,1622303,,bus-cycles:u,1221568,100.00,,
     0.904883275,10365273,,instructions:u,1221600,100.00,,
     0.906104965,363,,branch-misses:u,1220992,100.00,,
     0.906104965,37,,cache-misses:u,1220992,100.00,,
     0.906104965,1621359,,bus-cycles:u,1221120,100.00,,
     0.906104965,10351945,,instructions:u,1221056,100.00,,
     0.907328735,363,,branch-misses:u,1225216,100.00,,
     0.907328735,103,,cache-misses:u,1226112,100.00,,
     0.907328735,1622556,,bus-cycles:u,1226048,100.00,,
     0.907328735,10375268,,instructions:u,1226400,100.00,,
     0.908559514,367,,branch-misses:u,1229280,100.00,,
     0.908559514,39,,cache-misses:u,1228352,100.00,,
     0.908559514,1630858,,bus-cycles:u,1228352,100.00,,
     0.908559514,10428068,,instructions:u,1228128,100.00,,
     0.909783092,363,,branch-misses:u,1223584,100.00,,
     0.909783092,35,,cache-misses:u,1223424,100.00,,
     0.909783092,1624324,,bus-cycles:u,1223488,100.00,,
     0.909783092,10386397,,instructions:u,1223424,100.00,,
     0.911007407,364,,branch-misses:u,1225056,100.00,,
     0.911007407,99,,cache-misses:u,1225312,100.00,,
     0.911007407,1622193,,bus-cycles:u,1225344,100.00,,
     0.911007407,10376224,,instructions:u,1225440,100.00,,
     0.912234121,365,,branch-misses:u,1226016,100.00,,
     0.912234121,35,,cache-misses:u,1225760,100.00,,
     0.912234121,1626755,,bus-cycles:u,1225696,100.00,,
     0.912234121,10396785,,instructions:u,1225600,100.00,,
     0.913457347,363,,branch-misses:u,1223072,100.00,,
     0.913457347,37,,cache-misses:u,1223616,100.00,,
     0.913457347,1624820,,bus-cycles:u,1223712,100.00,,
     0.913457347,10372898,,instructions:u,1223744,100.00,,
     0.914682782,365,,branch-misses:u,1226176,100.00,,
     0.914682782,68,,cache-misses:u,1225792,100.00,,
     0.914682782,1622236,,bus-cycles:u,1225760,100.00,,
     0.914682782,10362094,,instructions:u,1225760,100.00,,
     0.915906840,361,,branch-misses:u,1223232,100.00,,
     0.915906840,46,,cache-misses:u,1223200,100.00,,
     0.915906840,1623659,,bus-cycles:u,1223136,100.00,,
     0.915906840,10371748,,instructions:u,1223168,100.00,,
     0.917129586,365,,branch-misses:u,1222720,100.00,,
     0.917129586,34,,cache-misses:u,1222592,100.00,,
     0.917129586,1622500,,bus-cycles:u,1222624,100.00,,
     0.917129586,10388319,,instructions:u,1222560,100.00,,
     0.918350925,362,,branch-misses:u,1221440,100.00,,
     0.918350925,34,,cache-misses:u,1221696,100.00,,
     0.918350925,1621027,,bus-cycles:u,1221824,100.00,,
     0.918350925,10362924,,instructions:u,1221824,100.00,,
     0.919573415,365,,branch-misses:u,1223456,100.00,,
     0.919573415,90,,cache-misses:u,1224064,100.00,,
     0.919573415,1619668,,bus-cycles:u,1223872,100.00,,
     0.919573415,10359770,,instructions:u,1224128,100.00,,
     0.920802977,365,,branch-misses:u,1229280,100.00,,
     0.920802977,37,,cache-misses:u,1228512,100.00,,
     0.920802977,1629996,,bus-cycles:u,1228544,100.00,,
     0.920802977,10421085,,instructions:u,1228256,100.00,,
     0.922045820,369,,branch-misses:u,1242880,100.00,,
     0.922045820,32,,cache-misses:u,1243104,100.00,,
     0.922045820,1648517,,bus-cycles:u,1243136,100.00,,
     0.922045820,10541644,,instructions:u,1243232,100.00,,
     0.923272855,364,,branch-misses:u,1227040,100.00,,
     0.923272855,104,,cache-misses:u,1226880,100.00,,
     0.923272855,1621560,,bus-cycles:u,1226848,100.00,,
     0.923272855,10364307,,instructions:u,1226720,100.00,,
     0.924498673,365,,branch-misses:u,1225024,100.00,,
     0.924498673,35,,cache-misses:u,1225344,100.00,,
     0.924498673,1627188,,bus-cycles:u,1225344,100.00,,
     0.924498673,10404214,,instructions:u,1225472,100.00,,
     0.925723051,364,,branch-misses:u,1224480,100.00,,
     0.925723051,30,,cache-misses:u,1223904,100.00,,
     0.925723051,1624075,,bus-cycles:u,1223872,100.00,,
     0.925723051,10389928,,instructions:u,1223872,100.00,,
     0.926947046,363,,branch-misses:u,1224480,100.00,,
     0.926947046,97,,cache-misses:u,1224672,100.00,,
     0.926947046,1620578,,bus-cycles:u,1224768,100.00,,
     0.926947046,10359715,,instructions:u,1224736,100.00,,
     0.928171616,365,,branch-misses:u,1224384,100.00,,
     0.928171616,38,,cache-misses:u,1224480,100.00,,
     0.928171616,1625891,,bus-cycles:u,1224480,100.00,,
     0.928171616,10391328,,instructions:u,1224480,100.00,,
     0.929393946,362,,branch-misses:u,1221760,100.00,,
     0.929393946,36,,cache-misses:u,1221568,100.00,,
     0.929393946,1621626,,bus-cycles:u,1221472,100.00,,
     0.929393946,10354332,,instructions:u,1221440,100.00,,
     0.930615573,364,,branch-misses:u,1222528,100.00,,
     0.930615573,66,,cache-misses:u,1223200,100.00,,
     0.930615573,1619480,,bus-cycles:u,1223328,100.00,,
     0.930615573,10361135,,instructions:u,1223360,100.00,,
     0.931845871,366,,branch-misses:u,1229376,100.00,,
     0.931845871,51,,cache-misses:u,1228736,100.00,,
     0.931845871,1631580,,bus-cycles:u,1228704,100.00,,
     0.931845871,10443995,,instructions:u,1228704,100.00,,
     0.933069898,364,,branch-misses:u,1224032,100.00,,
     0.933069898,34,,cache-misses:u,1224288,100.00,,
     0.933069898,1625681,,bus-cycles:u,1224416,100.00,,
     0.933069898,10399454,,instructions:u,1224416,100.00,,
     0.934293348,364,,branch-misses:u,1223296,100.00,,
     0.934293348,35,,cache-misses:u,1223104,100.00,,
     0.934293348,1624503,,bus-cycles:u,1222944,100.00,,
     0.934293348,10387304,,instructions:u,1222944,100.00,,
     0.935517950,364,,branch-misses:u,1225152,100.00,,
     0.935517950,99,,cache-misses:u,1225120,100.00,,
     0.935517950,1619824,,bus-cycles:u,1225152,100.00,,
     0.935517950,10350015,,instructions:u,1225120,100.00,,
     0.936744089,364,,branch-misses:u,1226368,100.00,,
     0.936744089,39,,cache-misses:u,1227072,100.00,,
     0.936744089,1628827,,bus-cycles:u,1227008,100.00,,
     0.936744089,10408790,,instructions:u,1227008,100.00,,
     0.937969715,365,,branch-misses:u,1224800,100.00,,
     0.937969715,37,,cache-misses:u,1224288,100.00,,
     0.937969715,1626336,,bus-cycles:u,1224256,100.00,,
     0.937969715,10403897,,instructions:u,1224288,100.00,,
     0.939194253,364,,branch-misses:u,1225280,100.00,,
     0.939194253,108,,cache-misses:u,1225344,100.00,,
     0.939194253,1622001,,bus-cycles:u,1225472,100.00,,
     0.939194253,10367522,,instructions:u,1225664,100.00,,
     0.940419112,364,,branch-misses:u,1224096,100.00,,
     0.940419112,38,,cache-misses:u,1224000,100.00,,
     0.940419112,1624447,,bus-cycles:u,1223904,100.00,,
     0.940419112,10391410,,instructions:u,1223776,100.00,,
     0.941640674,364,,branch-misses:u,1221504,100.00,,
     0.941640674,38,,cache-misses:u,1221344,100.00,,
     0.941640674,1621303,,bus-cycles:u,1221344,100.00,,
     0.941640674,10374467,,instructions:u,1221216,100.00,,
     0.942862076,363,,branch-misses:u,1222368,100.00,,
     0.942862076,93,,cache-misses:u,1222720,100.00,,
     0.942862076,1618524,,bus-cycles:u,1222976,100.00,,
     0.942862076,10358708,,instructions:u,1223488,100.00,,
     0.944110295,371,,branch-misses:u,1248416,100.00,,
     0.944110295,42,,cache-misses:u,1248864,100.00,,
     0.944110295,1658000,,bus-cycles:u,1248800,100.00,,
     0.944110295,10605271,,instructions:u,1248384,100.00,,
     0.945338354,364,,branch-misses:u,1226656,100.00,,
     0.945338354,36,,cache-misses:u,1225792,100.00,,
     0.945338354,1626733,,bus-cycles:u,1225728,100.00,,
     0.945338354,10405383,,instructions:u,1225760,100.00,,
     0.946566060,366,,branch-misses:u,1228576,100.00,,
     0.946566060,44,,cache-misses:u,1229056,100.00,,
     0.946566060,1626260,,bus-cycles:u,1229216,100.00,,
     0.946566060,10406215,,instructions:u,1229152,100.00,,
     0.947793094,364,,branch-misses:u,1226080,100.00,,
     0.947793094,79,,cache-misses:u,1225632,100.00,,
     0.947793094,1627226,,bus-cycles:u,1225376,100.00,,
     0.947793094,10399208,,instructions:u,1225376,100.00,,
     0.949016097,364,,branch-misses:u,1223328,100.00,,
     0.949016097,36,,cache-misses:u,1223360,100.00,,
     0.949016097,1624496,,bus-cycles:u,1223456,100.00,,
     0.949016097,10376405,,instructions:u,1223456,100.00,,
     0.950240219,363,,branch-misses:u,1223872,100.00,,
     0.950240219,34,,cache-misses:u,1223936,100.00,,
     0.950240219,1625032,,bus-cycles:u,1223840,100.00,,
     0.950240219,10380512,,instructions:u,1223776,100.00,,
     0.951464917,365,,branch-misses:u,1225536,100.00,,
     0.951464917,98,,cache-misses:u,1225440,100.00,,
     0.951464917,1621978,,bus-cycles:u,1225376,100.00,,
     0.951464917,10377362,,instructions:u,1225696,100.00,,
     0.952689584,363,,branch-misses:u,1223840,100.00,,
     0.952689584,53,,cache-misses:u,1223936,100.00,,
     0.952689584,1625837,,bus-cycles:u,1224096,100.00,,
     0.952689584,10390146,,instructions:u,1223776,100.00,,
     0.953911306,364,,branch-misses:u,1221568,100.00,,
     0.953911306,34,,cache-misses:u,1221664,100.00,,
     0.953911306,1622390,,bus-cycles:u,1221536,100.00,,
     0.953911306,10381165,,instructions:u,1221600,100.00,,
     0.955134692,365,,branch-misses:u,1224480,100.00,,
     0.955134692,97,,cache-misses:u,1224960,100.00,,
     0.955134692,1622336,,bus-cycles:u,1224960,100.00,,
     0.955134692,10369551,,instructions:u,1224896,100.00,,
     0.956364703,365,,branch-misses:u,1229888,100.00,,
     0.956364703,39,,cache-misses:u,1229408,100.00,,
     0.956364703,1632572,,bus-cycles:u,1229376,100.00,,
     0.956364703,10443324,,instructions:u,1229344,100.00,,
     0.957589945,365,,branch-misses:u,1224192,100.00,,
     0.957589945,37,,cache-misses:u,1224224,100.00,,
     0.957589945,1625941,,bus-cycles:u,1224256,100.00,,
     0.957589945,10399925,,instructions:u,1224320,100.00,,
     0.958814676,363,,branch-misses:u,1225792,100.00,,
     0.958814676,113,,cache-misses:u,1225696,100.00,,
     0.958814676,1621750,,bus-cycles:u,1225664,100.00,,
     0.958814676,10376029,,instructions:u,1225760,100.00,,
     0.960041070,364,,branch-misses:u,1225312,100.00,,
     0.960041070,37,,cache-misses:u,1225280,100.00,,
     0.960041070,1627857,,bus-cycles:u,1225344,100.00,,
     0.960041070,10411149,,instructions:u,1225280,100.00,,
     0.961264328,363,,branch-misses:u,1223328,100.00,,
     0.961264328,33,,cache-misses:u,1223168,100.00,,
     0.961264328,1623826,,bus-cycles:u,1223136,100.00,,
     0.961264328,10366557,,instructions:u,1223136,100.00,,
     0.962487971,364,,branch-misses:u,1223424,100.00,,
     0.962487971,33,,cache-misses:u,1223616,100.00,,
     0.962487971,1624330,,bus-cycles:u,1223712,100.00,,
     0.962487971,10369824,,instructions:u,1223648,100.00,,
     0.963726557,367,,branch-misses:u,1239616,100.00,,
     0.963726557,91,,cache-misses:u,1239616,100.00,,
     0.963726557,1642731,,bus-cycles:u,1239808,100.00,,
     0.963726557,10501656,,instructions:u,1239808,100.00,,
     0.964949944,364,,branch-misses:u,1222464,100.00,,
     0.964949944,34,,cache-misses:u,1222368,100.00,,
     0.964949944,1623263,,bus-cycles:u,1222048,100.00,,
     0.964949944,10381914,,instructions:u,1222080,100.00,,
     0.966185426,367,,branch-misses:u,1236096,100.00,,
     0.966185426,41,,cache-misses:u,1236352,100.00,,
     0.966185426,1642701,,bus-cycles:u,1236288,100.00,,
     0.966185426,10497570,,instructions:u,1236224,100.00,,
     0.967411277,364,,branch-misses:u,1226656,100.00,,
     0.967411277,95,,cache-misses:u,1226592,100.00,,
     0.967411277,1623697,,bus-cycles:u,1226656,100.00,,
     0.967411277,10373875,,instructions:u,1226688,100.00,,
     0.968640807,366,,branch-misses:u,1228800,100.00,,
     0.968640807,38,,cache-misses:u,1228800,100.00,,
     0.968640807,1631567,,bus-cycles:u,1228832,100.00,,
     0.968640807,10429232,,instructions:u,1228864,100.00,,
     0.969867170,365,,branch-misses:u,1226304,100.00,,
     0.969867170,36,,cache-misses:u,1226144,100.00,,
     0.969867170,1627876,,bus-cycles:u,1226208,100.00,,
     0.969867170,10399574,,instructions:u,1226112,100.00,,
     0.971092828,364,,branch-misses:u,1226016,100.00,,
     0.971092828,104,,cache-misses:u,1226304,100.00,,
     0.971092828,1621276,,bus-cycles:u,1226240,100.00,,
     0.971092828,10361917,,instructions:u,1226304,100.00,,
     0.972319158,363,,branch-misses:u,1225248,100.00,,
     0.972319158,37,,cache-misses:u,1224960,100.00,,
     0.972319158,1626054,,bus-cycles:u,1224832,100.00,,
     0.972319158,10385646,,instructions:u,1224864,100.00,,
     0.973543153,365,,branch-misses:u,1223904,100.00,,
     0.973543153,31,,cache-misses:u,1223936,100.00,,
     0.973543153,1624839,,bus-cycles:u,1224160,100.00,,
     0.973543153,10402486,,instructions:u,1224192,100.00,,
     0.974767915,364,,branch-misses:u,1225440,100.00,,
     0.974767915,96,,cache-misses:u,1225344,100.00,,
     0.974767915,1621249,,bus-cycles:u,1225216,100.00,,
     0.974767915,10365994,,instructions:u,1225216,100.00,,
     0.975993861,366,,branch-misses:u,1225216,100.00,,
     0.975993861,38,,cache-misses:u,1225312,100.00,,
     0.975993861,1626701,,bus-cycles:u,1225408,100.00,,
     0.975993861,10414016,,instructions:u,1225344,100.00,,
     0.977215200,363,,branch-misses:u,1221184,100.00,,
     0.977215200,38,,cache-misses:u,1220992,100.00,,
     0.977215200,1621795,,bus-cycles:u,1220992,100.00,,
     0.977215200,10370060,,instructions:u,1221088,100.00,,
     0.978436442,364,,branch-misses:u,1221152,100.00,,
     0.978436442,36,,cache-misses:u,1221344,100.00,,
     0.978436442,1621065,,bus-cycles:u,1221280,100.00,,
     0.978436442,10369103,,instructions:u,1221216,100.00,,
     0.979679861,369,,branch-misses:u,1244448,100.00,,
     0.979679861,86,,cache-misses:u,1244576,100.00,,
     0.979679861,1647187,,bus-cycles:u,1244576,100.00,,
     0.979679861,10514567,,instructions:u,1244544,100.00,,
     0.980904623,364,,branch-misses:u,1224448,100.00,,
     0.980904623,42,,cache-misses:u,1224160,100.00,,
     0.980904623,1626114,,bus-cycles:u,1224224,100.00,,
     0.980904623,10393767,,instructions:u,1224288,100.00,,
     0.982128169,365,,branch-misses:u,1223008,100.00,,
     0.982128169,42,,cache-misses:u,1223104,100.00,,
     0.982128169,1624026,,bus-cycles:u,1223040,100.00,,
     0.982128169,10381382,,instructions:u,1222976,100.00,,
     0.983352452,363,,branch-misses:u,1224672,100.00,,
     0.983352452,95,,cache-misses:u,1224640,100.00,,
     0.983352452,1619999,,bus-cycles:u,1224608,100.00,,
     0.983352452,10357163,,instructions:u,1224672,100.00,,
     0.984578654,365,,branch-misses:u,1225600,100.00,,
     0.984578654,39,,cache-misses:u,1225664,100.00,,
     0.984578654,1627129,,bus-cycles:u,1225792,100.00,,
     0.984578654,10408118,,instructions:u,1225760,100.00,,
     0.985801784,363,,branch-misses:u,1223360,100.00,,
     0.985801784,42,,cache-misses:u,1223712,100.00,,
     0.985801784,1624213,,bus-cycles:u,1223584,100.00,,
     0.985801784,10388611,,instructions:u,1223584,100.00,,
     0.987027123,365,,branch-misses:u,1226016,100.00,,
     0.987027123,102,,cache-misses:u,1225760,100.00,,
     0.987027123,1622665,,bus-cycles:u,1225760,100.00,,
     0.987027123,10377071,,instructions:u,1225792,100.00,,
     0.988252013,363,,branch-misses:u,1224064,100.00,,
     0.988252013,42,,cache-misses:u,1224192,100.00,,
     0.988252013,1625560,,bus-cycles:u,1224320,100.00,,
     0.988252013,10381350,,instructions:u,1224320,100.00,,
     0.989491720,370,,branch-misses:u,1240544,100.00,,
     0.989491720,35,,cache-misses:u,1240896,100.00,,
     0.989491720,1647586,,bus-cycles:u,1240928,100.00,,
     0.989491720,10553080,,instructions:u,1241024,100.00,,
     0.990717026,363,,branch-misses:u,1225888,100.00,,
     0.990717026,101,,cache-misses:u,1226144,100.00,,
     0.990717026,1618380,,bus-cycles:u,1225792,100.00,,
     0.990717026,10349256,,instructions:u,1225824,100.00,,
     0.991948285,366,,branch-misses:u,1230560,100.00,,
     0.991948285,59,,cache-misses:u,1229856,100.00,,
     0.991948285,1632218,,bus-cycles:u,1230112,100.00,,
     0.991948285,10424012,,instructions:u,1230016,100.00,,
     0.993173367,363,,branch-misses:u,1224800,100.00,,
     0.993173367,40,,cache-misses:u,1224736,100.00,,
     0.993173367,1625510,,bus-cycles:u,1224704,100.00,,
     0.993173367,10385007,,instructions:u,1224704,100.00,,
     0.994397585,364,,branch-misses:u,1223808,100.00,,
     0.994397585,43,,cache-misses:u,1224224,100.00,,
     0.994397585,1624985,,bus-cycles:u,1224384,100.00,,
     0.994397585,10396114,,instructions:u,1224416,100.00,,
     0.995637324,369,,branch-misses:u,1240416,100.00,,
     0.995637324,90,,cache-misses:u,1240288,100.00,,
     0.995637324,1640817,,bus-cycles:u,1240160,100.00,,
     0.995637324,10484249,,instructions:u,1240160,100.00,,
     0.996862919,364,,branch-misses:u,1225344,100.00,,
     0.996862919,39,,cache-misses:u,1225248,100.00,,
     0.996862919,1625393,,bus-cycles:u,1225152,100.00,,
     0.996862919,10396707,,instructions:u,1225088,100.00,,
     0.998088193,365,,branch-misses:u,1224704,100.00,,
     0.998088193,36,,cache-misses:u,1224512,100.00,,
     0.998088193,1625285,,bus-cycles:u,1224672,100.00,,
     0.998088193,10396335,,instructions:u,1224640,100.00,,
     0.999313659,364,,branch-misses:u,1226400,100.00,,
     0.999313659,105,,cache-misses:u,1226272,100.00,,
     0.999313659,1622058,,bus-cycles:u,1226208,100.00,,
     0.999313659,10365649,,instructions:u,1226240,100.00,,
     1.000538422,364,,branch-misses:u,1223872,100.00,,
     1.000538422,42,,cache-misses:u,1223872,100.00,,
     1.000538422,1624460,,bus-cycles:u,1223872,100.00,,
     1.000538422,10393528,,instructions:u,1223904,100.00,,
     1.001760976,363,,branch-misses:u,1222336,100.00,,
     1.001760976,43,,cache-misses:u,1222784,100.00,,
     1.001760976,1623273,,bus-cycles:u,1222880,100.00,,
     1.001760976,10390376,,instructions:u,1222880,100.00,,
     1.002985514,366,,branch-misses:u,1225376,100.00,,
     1.002985514,93,,cache-misses:u,1226016,100.00,,
     1.002985514,1624023,,bus-cycles:u,1225952,100.00,,
     1.002985514,10394291,,instructions:u,1226144,100.00,,
     1.004215653,365,,branch-misses:u,1229312,100.00,,
     1.004215653,44,,cache-misses:u,1228512,100.00,,
     1.004215653,1630837,,bus-cycles:u,1228480,100.00,,
     1.004215653,10424702,,instructions:u,1228128,100.00,,
     1.005439935,364,,branch-misses:u,1224192,100.00,,
     1.005439935,36,,cache-misses:u,1223936,100.00,,
     1.005439935,1624754,,bus-cycles:u,1223840,100.00,,
     1.005439935,10380169,,instructions:u,1223936,100.00,,
     1.006663609,363,,branch-misses:u,1224192,100.00,,
     1.006663609,65,,cache-misses:u,1224544,100.00,,
     1.006663609,1620397,,bus-cycles:u,1224608,100.00,,
     1.006663609,10353323,,instructions:u,1224640,100.00,,
     1.007890644,365,,branch-misses:u,1226432,100.00,,
     1.007890644,75,,cache-misses:u,1226304,100.00,,
     1.007890644,1627768,,bus-cycles:u,1226336,100.00,,
     1.007890644,10402388,,instructions:u,1226336,100.00,,
     1.009114350,363,,branch-misses:u,1223744,100.00,,
     1.009114350,46,,cache-misses:u,1223488,100.00,,
     1.009114350,1624325,,bus-cycles:u,1223456,100.00,,
     1.009114350,10377998,,instructions:u,1223456,100.00,,
     1.010337705,363,,branch-misses:u,1223104,100.00,,
     1.010337705,40,,cache-misses:u,1223072,100.00,,
     1.010337705,1623891,,bus-cycles:u,1223008,100.00,,
     1.010337705,10373141,,instructions:u,1222976,100.00,,
     1.011582499,371,,branch-misses:u,1245824,100.00,,
     1.011582499,83,,cache-misses:u,1246112,100.00,,
     1.011582499,1649245,,bus-cycles:u,1246176,100.00,,
     1.011582499,10534337,,instructions:u,1246336,100.00,,
     1.012810590,364,,branch-misses:u,1227712,100.00,,
     1.012810590,41,,cache-misses:u,1227456,100.00,,
     1.012810590,1630682,,bus-cycles:u,1227456,100.00,,
     1.012810590,10427831,,instructions:u,1227328,100.00,,
     1.014032280,365,,branch-misses:u,1220960,100.00,,
     1.014032280,52,,cache-misses:u,1220960,100.00,,
     1.014032280,1620129,,bus-cycles:u,1220864,100.00,,
     1.014032280,10353647,,instructions:u,1220864,100.00,,
     1.015254642,363,,branch-misses:u,1223968,100.00,,
     1.015254642,101,,cache-misses:u,1224128,100.00,,
     1.015254642,1620361,,bus-cycles:u,1224224,100.00,,
     1.015254642,10358988,,instructions:u,1224224,100.00,,
     1.016484173,366,,branch-misses:u,1228160,100.00,,
     1.016484173,38,,cache-misses:u,1227968,100.00,,
     1.016484173,1630723,,bus-cycles:u,1227936,100.00,,
     1.016484173,10429613,,instructions:u,1227936,100.00,,
     1.017707879,361,,branch-misses:u,1223584,100.00,,
     1.017707879,35,,cache-misses:u,1223552,100.00,,
     1.017707879,1625093,,bus-cycles:u,1223552,100.00,,
     1.017707879,10374182,,instructions:u,1223520,100.00,,
     1.018931682,366,,branch-misses:u,1224352,100.00,,
     1.018931682,88,,cache-misses:u,1224448,100.00,,
     1.018931682,1621227,,bus-cycles:u,1224480,100.00,,
     1.018931682,10362005,,instructions:u,1224480,100.00,,
     1.020157884,363,,branch-misses:u,1225536,100.00,,
     1.020157884,44,,cache-misses:u,1225472,100.00,,
     1.020157884,1628898,,bus-cycles:u,1225408,100.00,,
     1.020157884,10406764,,instructions:u,1225312,100.00,,
     1.021381750,364,,branch-misses:u,1223712,100.00,,
     1.021381750,32,,cache-misses:u,1223616,100.00,,
     1.021381750,1625707,,bus-cycles:u,1223584,100.00,,
     1.021381750,10387643,,instructions:u,1223616,100.00,,
     1.022606449,364,,branch-misses:u,1225440,100.00,,
     1.022606449,48,,cache-misses:u,1225696,100.00,,
     1.022606449,1623808,,bus-cycles:u,1226016,100.00,,
     1.022606449,10372575,,instructions:u,1226048,100.00,,
     1.023832107,364,,branch-misses:u,1225088,100.00,,
     1.023832107,75,,cache-misses:u,1224864,100.00,,
     1.023832107,1626607,,bus-cycles:u,1224672,100.00,,
     1.023832107,10389321,,instructions:u,1224704,100.00,,
     1.025054149,363,,branch-misses:u,1221696,100.00,,
     1.025054149,50,,cache-misses:u,1221696,100.00,,
     1.025054149,1622920,,bus-cycles:u,1221536,100.00,,
     1.025054149,10368418,,instructions:u,1221504,100.00,,
     1.026274976,364,,branch-misses:u,1220864,100.00,,
     1.026274976,33,,cache-misses:u,1220832,100.00,,
     1.026274976,1621838,,bus-cycles:u,1220992,100.00,,
     1.026274976,10373543,,instructions:u,1221024,100.00,,
     1.027497754,362,,branch-misses:u,1223968,100.00,,
     1.027497754,106,,cache-misses:u,1224576,100.00,,
     1.027497754,1622065,,bus-cycles:u,1224512,100.00,,
     1.027497754,10371565,,instructions:u,1224448,100.00,,
     1.028727668,367,,branch-misses:u,1229568,100.00,,
     1.028727668,38,,cache-misses:u,1229216,100.00,,
     1.028727668,1633465,,bus-cycles:u,1229312,100.00,,
     1.028727668,10447942,,instructions:u,1229408,100.00,,
     1.029953871,365,,branch-misses:u,1225504,100.00,,
     1.029953871,32,,cache-misses:u,1225888,100.00,,
     1.029953871,1628141,,bus-cycles:u,1225984,100.00,,
     1.029953871,10419901,,instructions:u,1225824,100.00,,
     1.031179529,364,,branch-misses:u,1226464,100.00,,
     1.031179529,101,,cache-misses:u,1225984,100.00,,
     1.031179529,1622010,,bus-cycles:u,1225856,100.00,,
     1.031179529,10361165,,instructions:u,1225984,100.00,,
     1.032407364,365,,branch-misses:u,1226976,100.00,,
     1.032407364,35,,cache-misses:u,1227232,100.00,,
     1.032407364,1630630,,bus-cycles:u,1227168,100.00,,
     1.032407364,10434003,,instructions:u,1227136,100.00,,
     1.033648606,369,,branch-misses:u,1242080,100.00,,
     1.033648606,37,,cache-misses:u,1242272,100.00,,
     1.033648606,1650976,,bus-cycles:u,1242368,100.00,,
     1.033648606,10561958,,instructions:u,1242432,100.00,,
     1.034878681,367,,branch-misses:u,1229952,100.00,,
     1.034878681,93,,cache-misses:u,1229440,100.00,,
     1.034878681,1628884,,bus-cycles:u,1229344,100.00,,
     1.034878681,10413370,,instructions:u,1229632,100.00,,
     1.036103155,363,,branch-misses:u,1223616,100.00,,
     1.036103155,45,,cache-misses:u,1224096,100.00,,
     1.036103155,1626810,,bus-cycles:u,1224224,100.00,,
     1.036103155,10389153,,instructions:u,1223936,100.00,,
     1.037325645,364,,branch-misses:u,1222528,100.00,,
     1.037325645,34,,cache-misses:u,1222464,100.00,,
     1.037325645,1624060,,bus-cycles:u,1222400,100.00,,
     1.037325645,10385878,,instructions:u,1222464,100.00,,
     1.038547848,363,,branch-misses:u,1222048,100.00,,
     1.038547848,55,,cache-misses:u,1234368,100.00,,
     1.038547848,1636475,,bus-cycles:u,1234880,100.00,,
     1.038547848,10461446,,instructions:u,1235104,100.00,,
     1.039788930,369,,branch-misses:u,1241856,100.00,,
     1.039788930,75,,cache-misses:u,1229504,100.00,,
     1.039788930,1633025,,bus-cycles:u,1229120,100.00,,
     1.039788930,10435578,,instructions:u,1228896,100.00,,
     1.041014237,365,,branch-misses:u,1224640,100.00,,
     1.041014237,40,,cache-misses:u,1224640,100.00,,
     1.041014237,1626832,,bus-cycles:u,1224512,100.00,,
     1.041014237,10399245,,instructions:u,1224480,100.00,,
     1.042236823,362,,branch-misses:u,1222496,100.00,,
     1.042236823,39,,cache-misses:u,1222240,100.00,,
     1.042236823,1623684,,bus-cycles:u,1222240,100.00,,
     1.042236823,10367385,,instructions:u,1222176,100.00,,
     1.043461458,366,,branch-misses:u,1225568,100.00,,
     1.043461458,95,,cache-misses:u,1226112,100.00,,
     1.043461458,1623973,,bus-cycles:u,1226528,100.00,,
     1.043461458,10391265,,instructions:u,1226592,100.00,,
     1.044688492,364,,branch-misses:u,1226048,100.00,,
     1.044688492,40,,cache-misses:u,1226016,100.00,,
     1.044688492,1627777,,bus-cycles:u,1225568,100.00,,
     1.044688492,10410707,,instructions:u,1225568,100.00,,
     1.045912006,365,,branch-misses:u,1223616,100.00,,
     1.045912006,34,,cache-misses:u,1223488,100.00,,
     1.045912006,1625090,,bus-cycles:u,1223360,100.00,,
     1.045912006,10400224,,instructions:u,1223296,100.00,,
     1.047137281,365,,branch-misses:u,1225728,100.00,,
     1.047137281,97,,cache-misses:u,1225344,100.00,,
     1.047137281,1623020,,bus-cycles:u,1225632,100.00,,
     1.047137281,10382566,,instructions:u,1225632,100.00,,
     1.048361435,364,,branch-misses:u,1223552,100.00,,
     1.048361435,42,,cache-misses:u,1223776,100.00,,
     1.048361435,1624916,,bus-cycles:u,1223680,100.00,,
     1.048361435,10396493,,instructions:u,1223680,100.00,,
     1.049583509,363,,branch-misses:u,1222048,100.00,,
     1.049583509,39,,cache-misses:u,1221856,100.00,,
     1.049583509,1622298,,bus-cycles:u,1221824,100.00,,
     1.049583509,10375595,,instructions:u,1221888,100.00,,
     1.050806192,365,,branch-misses:u,1223616,100.00,,
     1.050806192,96,,cache-misses:u,1224448,100.00,,
     1.050806192,1622089,,bus-cycles:u,1224480,100.00,,
     1.050806192,10364386,,instructions:u,1224608,100.00,,
     1.052036522,364,,branch-misses:u,1229984,100.00,,
     1.052036522,57,,cache-misses:u,1228960,100.00,,
     1.052036522,1631140,,bus-cycles:u,1228800,100.00,,
     1.052036522,10422942,,instructions:u,1228512,100.00,,
     1.053260996,365,,branch-misses:u,1223776,100.00,,
     1.053260996,38,,cache-misses:u,1223968,100.00,,
     1.053260996,1625804,,bus-cycles:u,1224064,100.00,,
     1.053260996,10389346,,instructions:u,1224064,100.00,,
     1.054484127,364,,branch-misses:u,1223008,100.00,,
     1.054484127,37,,cache-misses:u,1222880,100.00,,
     1.054484127,1624389,,bus-cycles:u,1222816,100.00,,
     1.054484127,10384278,,instructions:u,1222848,100.00,,
     1.055725113,368,,branch-misses:u,1241792,100.00,,
     1.055725113,84,,cache-misses:u,1241920,100.00,,
     1.055725113,1644482,,bus-cycles:u,1241952,100.00,,
     1.055725113,10496206,,instructions:u,1242208,100.00,,
     1.056967508,370,,branch-misses:u,1242464,100.00,,
     1.056967508,35,,cache-misses:u,1242464,100.00,,
     1.056967508,1650474,,bus-cycles:u,1242528,100.00,,
     1.056967508,10560040,,instructions:u,1242368,100.00,,
     1.058192815,364,,branch-misses:u,1225120,100.00,,
     1.058192815,40,,cache-misses:u,1225344,100.00,,
     1.058192815,1626208,,bus-cycles:u,1225248,100.00,,
     1.058192815,10395666,,instructions:u,1225184,100.00,,
     1.059418825,365,,branch-misses:u,1226048,100.00,,
     1.059418825,93,,cache-misses:u,1225696,100.00,,
     1.059418825,1622382,,bus-cycles:u,1225728,100.00,,
     1.059418825,10373142,,instructions:u,1225728,100.00,,
     1.060644067,364,,branch-misses:u,1224992,100.00,,
     1.060644067,39,,cache-misses:u,1224992,100.00,,
     1.060644067,1627042,,bus-cycles:u,1224992,100.00,,
     1.060644067,10403148,,instructions:u,1225024,100.00,,
     1.061866718,364,,branch-misses:u,1221952,100.00,,
     1.061866718,35,,cache-misses:u,1221824,100.00,,
     1.061866718,1623017,,bus-cycles:u,1221888,100.00,,
     1.061866718,10369575,,instructions:u,1221920,100.00,,
     1.063089560,363,,branch-misses:u,1223872,100.00,,
     1.063089560,107,,cache-misses:u,1224128,100.00,,
     1.063089560,1620326,,bus-cycles:u,1224064,100.00,,
     1.063089560,10356328,,instructions:u,1224032,100.00,,
     1.064318514,366,,branch-misses:u,1228096,100.00,,
     1.064318514,39,,cache-misses:u,1227936,100.00,,
     1.064318514,1630755,,bus-cycles:u,1227936,100.00,,
     1.064318514,10430521,,instructions:u,1227968,100.00,,
     1.065541997,365,,branch-misses:u,1223264,100.00,,
     1.065541997,38,,cache-misses:u,1223200,100.00,,
     1.065541997,1624408,,bus-cycles:u,1223232,100.00,,
     1.065541997,10401839,,instructions:u,1223200,100.00,,
     1.066765383,363,,branch-misses:u,1224256,100.00,,
     1.066765383,87,,cache-misses:u,1224352,100.00,,
     1.066765383,1620119,,bus-cycles:u,1224384,100.00,,
     1.066765383,10353824,,instructions:u,1224416,100.00,,
     1.067991649,365,,branch-misses:u,1225504,100.00,,
     1.067991649,39,,cache-misses:u,1225408,100.00,,
     1.067991649,1626942,,bus-cycles:u,1225312,100.00,,
     1.067991649,10409003,,instructions:u,1225280,100.00,,
     1.069214236,362,,branch-misses:u,1222528,100.00,,
     1.069214236,39,,cache-misses:u,1222688,100.00,,
     1.069214236,1623694,,bus-cycles:u,1222848,100.00,,
     1.069214236,10364815,,instructions:u,1222816,100.00,,
     1.070437654,365,,branch-misses:u,1223360,100.00,,
     1.070437654,37,,cache-misses:u,1223168,100.00,,
     1.070437654,1623895,,bus-cycles:u,1223008,100.00,,
     1.070437654,10400003,,instructions:u,1223072,100.00,,
     1.071677329,368,,branch-misses:u,1240704,100.00,,
     1.071677329,110,,cache-misses:u,1240736,100.00,,
     1.071677329,1641367,,bus-cycles:u,1240800,100.00,,
     1.071677329,10489971,,instructions:u,1240768,100.00,,
     1.072901707,364,,branch-misses:u,1223168,100.00,,
     1.072901707,43,,cache-misses:u,1223200,100.00,,
     1.072901707,1623840,,bus-cycles:u,1223200,100.00,,
     1.072901707,10391523,,instructions:u,1223200,100.00,,
     1.074122757,363,,branch-misses:u,1221024,100.00,,
     1.074122757,38,,cache-misses:u,1221216,100.00,,
     1.074122757,1621258,,bus-cycles:u,1221184,100.00,,
     1.074122757,10357322,,instructions:u,1221120,100.00,,
     1.075345792,364,,branch-misses:u,1224352,100.00,,
     1.075345792,89,,cache-misses:u,1224608,100.00,,
     1.075345792,1622034,,bus-cycles:u,1224608,100.00,,
     1.075345792,10372852,,instructions:u,1224640,100.00,,
     1.076575034,365,,branch-misses:u,1227968,100.00,,
     1.076575034,37,,cache-misses:u,1228096,100.00,,
     1.076575034,1630975,,bus-cycles:u,1228096,100.00,,
     1.076575034,10427027,,instructions:u,1228192,100.00,,
     1.077798421,364,,branch-misses:u,1223360,100.00,,
     1.077798421,36,,cache-misses:u,1223136,100.00,,
     1.077798421,1624594,,bus-cycles:u,1223296,100.00,,
     1.077798421,10373576,,instructions:u,1223296,100.00,,
     1.079042703,370,,branch-misses:u,1245184,100.00,,
     1.079042703,109,,cache-misses:u,1245216,100.00,,
     1.079042703,1647923,,bus-cycles:u,1245184,100.00,,
     1.079042703,10541322,,instructions:u,1245184,100.00,,
     1.080272330,365,,branch-misses:u,1229376,100.00,,
     1.080272330,39,,cache-misses:u,1229344,100.00,,
     1.080272330,1631737,,bus-cycles:u,1229248,100.00,,
     1.080272330,10431125,,instructions:u,1228928,100.00,,
     1.081496580,365,,branch-misses:u,1223584,100.00,,
     1.081496580,39,,cache-misses:u,1223520,100.00,,
     1.081496580,1624468,,bus-cycles:u,1223552,100.00,,
     1.081496580,10391455,,instructions:u,1223808,100.00,,
     1.082721759,364,,branch-misses:u,1225856,100.00,,
     1.082721759,87,,cache-misses:u,1225568,100.00,,
     1.082721759,1622213,,bus-cycles:u,1225568,100.00,,
     1.082721759,10366389,,instructions:u,1225504,100.00,,
     1.083945913,364,,branch-misses:u,1223360,100.00,,
     1.083945913,54,,cache-misses:u,1223456,100.00,,
     1.083945913,1624380,,bus-cycles:u,1223392,100.00,,
     1.083945913,10371185,,instructions:u,1223392,100.00,,
     1.085166803,362,,branch-misses:u,1220832,100.00,,
     1.085166803,34,,cache-misses:u,1221024,100.00,,
     1.085166803,1621139,,bus-cycles:u,1221056,100.00,,
     1.085166803,10360410,,instructions:u,1221088,100.00,,
     1.086388909,365,,branch-misses:u,1221952,100.00,,
     1.086388909,33,,cache-misses:u,1221792,100.00,,
     1.086388909,1621659,,bus-cycles:u,1221824,100.00,,
     1.086388909,10374826,,instructions:u,1221824,100.00,,
     1.087611880,363,,branch-misses:u,1224032,100.00,,
     1.087611880,99,,cache-misses:u,1224224,100.00,,
     1.087611880,1620132,,bus-cycles:u,1224192,100.00,,
     1.087611880,10356416,,instructions:u,1224416,100.00,,
     1.088841378,366,,branch-misses:u,1228512,100.00,,
     1.088841378,37,,cache-misses:u,1228224,100.00,,
     1.088841378,1629958,,bus-cycles:u,1228256,100.00,,
     1.088841378,10424267,,instructions:u,1228032,100.00,,
     1.090064445,363,,branch-misses:u,1223008,100.00,,
     1.090064445,38,,cache-misses:u,1223008,100.00,,
     1.090064445,1623980,,bus-cycles:u,1222976,100.00,,
     1.090064445,10388687,,instructions:u,1222976,100.00,,
     1.091288791,365,,branch-misses:u,1225440,100.00,,
     1.091288791,94,,cache-misses:u,1225472,100.00,,
     1.091288791,1621659,,bus-cycles:u,1225472,100.00,,
     1.091288791,10363356,,instructions:u,1225536,100.00,,
     1.092515313,363,,branch-misses:u,1225472,100.00,,
     1.092515313,42,,cache-misses:u,1225792,100.00,,
     1.092515313,1627382,,bus-cycles:u,1225792,100.00,,
     1.092515313,10396792,,instructions:u,1225760,100.00,,
     1.093738476,365,,branch-misses:u,1223328,100.00,,
     1.093738476,42,,cache-misses:u,1223072,100.00,,
     1.093738476,1624025,,bus-cycles:u,1223136,100.00,,
     1.093738476,10393870,,instructions:u,1223072,100.00,,
     1.094963814,363,,branch-misses:u,1225792,100.00,,
     1.094963814,99,,cache-misses:u,1226016,100.00,,
     1.094963814,1623040,,bus-cycles:u,1225984,100.00,,
     1.094963814,10386661,,instructions:u,1226048,100.00,,
     1.096189312,364,,branch-misses:u,1224704,100.00,,
     1.096189312,41,,cache-misses:u,1224960,100.00,,
     1.096189312,1626125,,bus-cycles:u,1224928,100.00,,
     1.096189312,10389473,,instructions:u,1224896,100.00,,
     1.097411291,364,,branch-misses:u,1222144,100.00,,
     1.097411291,32,,cache-misses:u,1222016,100.00,,
     1.097411291,1622568,,bus-cycles:u,1222048,100.00,,
     1.097411291,10383793,,instructions:u,1222016,100.00,,
     1.098634325,365,,branch-misses:u,1223968,100.00,,
     1.098634325,68,,cache-misses:u,1223904,100.00,,
     1.098634325,1619741,,bus-cycles:u,1224128,100.00,,
     1.098634325,10389455,,instructions:u,1224128,100.00,,
     1.099864079,365,,branch-misses:u,1229536,100.00,,
     1.099864079,71,,cache-misses:u,1229952,100.00,,
     1.099864079,1632565,,bus-cycles:u,1229824,100.00,,
     1.099864079,10429315,,instructions:u,1229920,100.00,,
     1.101089898,362,,branch-misses:u,1224832,100.00,,
     1.101089898,43,,cache-misses:u,1224480,100.00,,
     1.101089898,1625084,,bus-cycles:u,1224416,100.00,,
     1.101089898,10373398,,instructions:u,1224352,100.00,,
     1.102338757,372,,branch-misses:u,1249856,100.00,,
     1.102338757,35,,cache-misses:u,1249920,100.00,,
     1.102338757,1660452,,bus-cycles:u,1249920,100.00,,
     1.102338757,10601957,,instructions:u,1250016,100.00,,
     1.103566943,365,,branch-misses:u,1228096,100.00,,
     1.103566943,97,,cache-misses:u,1227872,100.00,,
     1.103566943,1625025,,bus-cycles:u,1227872,100.00,,
     1.103566943,10387829,,instructions:u,1227840,100.00,,
     1.104795226,366,,branch-misses:u,1228128,100.00,,
     1.104795226,44,,cache-misses:u,1228288,100.00,,
     1.104795226,1631171,,bus-cycles:u,1228224,100.00,,
     1.104795226,10434656,,instructions:u,1228544,100.00,,
     1.106020084,364,,branch-misses:u,1224256,100.00,,
     1.106020084,54,,cache-misses:u,1224256,100.00,,
     1.106020084,1625957,,bus-cycles:u,1224256,100.00,,
     1.106020084,10397707,,instructions:u,1223968,100.00,,
     1.107245326,365,,branch-misses:u,1225696,100.00,,
     1.107245326,100,,cache-misses:u,1225600,100.00,,
     1.107245326,1621738,,bus-cycles:u,1225664,100.00,,
     1.107245326,10373335,,instructions:u,1225920,100.00,,
     1.108470985,364,,branch-misses:u,1225024,100.00,,
     1.108470985,42,,cache-misses:u,1225120,100.00,,
     1.108470985,1627042,,bus-cycles:u,1225024,100.00,,
     1.108470985,10405101,,instructions:u,1224672,100.00,,
     1.109693955,363,,branch-misses:u,1222912,100.00,,
     1.109693955,32,,cache-misses:u,1222880,100.00,,
     1.109693955,1623798,,bus-cycles:u,1223200,100.00,,
     1.109693955,10376126,,instructions:u,1223232,100.00,,
     1.110917341,364,,branch-misses:u,1224192,100.00,,
     1.110917341,102,,cache-misses:u,1224256,100.00,,
     1.110917341,1619857,,bus-cycles:u,1224224,100.00,,
     1.110917341,10351476,,instructions:u,1224416,100.00,,
     1.112146488,364,,branch-misses:u,1228608,100.00,,
     1.112146488,41,,cache-misses:u,1228192,100.00,,
     1.112146488,1629325,,bus-cycles:u,1227872,100.00,,
     1.112146488,10420248,,instructions:u,1227776,100.00,,
     1.113370322,365,,branch-misses:u,1223744,100.00,,
     1.113370322,40,,cache-misses:u,1223904,100.00,,
     1.113370322,1624735,,bus-cycles:u,1223904,100.00,,
     1.113370322,10395850,,instructions:u,1223840,100.00,,
     1.114594829,362,,branch-misses:u,1225184,100.00,,
     1.114594829,54,,cache-misses:u,1225408,100.00,,
     1.114594829,1619501,,bus-cycles:u,1225728,100.00,,
     1.114594829,10356732,,instructions:u,1225728,100.00,,
     1.115824039,365,,branch-misses:u,1228256,100.00,,
     1.115824039,95,,cache-misses:u,1228576,100.00,,
     1.115824039,1630336,,bus-cycles:u,1228288,100.00,,
     1.115824039,10417075,,instructions:u,1228224,100.00,,
     1.117048577,363,,branch-misses:u,1224608,100.00,,
     1.117048577,35,,cache-misses:u,1224128,100.00,,
     1.117048577,1625365,,bus-cycles:u,1224064,100.00,,
     1.117048577,10385495,,instructions:u,1224096,100.00,,
     1.118271868,364,,branch-misses:u,1223360,100.00,,
     1.118271868,34,,cache-misses:u,1222784,100.00,,
     1.118271868,1624145,,bus-cycles:u,1222880,100.00,,
     1.118271868,10371647,,instructions:u,1222944,100.00,,
     1.119496118,364,,branch-misses:u,1224736,100.00,,
     1.119496118,95,,cache-misses:u,1225376,100.00,,
     1.119496118,1623691,,bus-cycles:u,1225376,100.00,,
     1.119496118,10378855,,instructions:u,1225312,100.00,,
     1.120721456,364,,branch-misses:u,1225440,100.00,,
     1.120721456,39,,cache-misses:u,1225568,100.00,,
     1.120721456,1628173,,bus-cycles:u,1225472,100.00,,
     1.120721456,10417048,,instructions:u,1225472,100.00,,
     1.121945675,363,,branch-misses:u,1223520,100.00,,
     1.121945675,41,,cache-misses:u,1223168,100.00,,
     1.121945675,1624345,,bus-cycles:u,1223232,100.00,,
     1.121945675,10381228,,instructions:u,1223264,100.00,,
     1.123170821,363,,branch-misses:u,1226368,100.00,,
     1.123170821,104,,cache-misses:u,1226624,100.00,,
     1.123170821,1621549,,bus-cycles:u,1226752,100.00,,
     1.123170821,10342798,,instructions:u,1226784,100.00,,
     1.124420064,372,,branch-misses:u,1249024,100.00,,
     1.124420064,49,,cache-misses:u,1249088,100.00,,
     1.124420064,1659076,,bus-cycles:u,1249088,100.00,,
     1.124420064,10605410,,instructions:u,1249024,100.00,,
     1.125647930,363,,branch-misses:u,1226720,100.00,,
     1.125647930,35,,cache-misses:u,1226432,100.00,,
     1.125647930,1628471,,bus-cycles:u,1226368,100.00,,
     1.125647930,10389888,,instructions:u,1226368,100.00,,
     1.126873877,365,,branch-misses:u,1226848,100.00,,
     1.126873877,95,,cache-misses:u,1226944,100.00,,
     1.126873877,1624023,,bus-cycles:u,1226944,100.00,,
     1.126873877,10392779,,instructions:u,1226944,100.00,,
     1.128101519,364,,branch-misses:u,1226688,100.00,,
     1.128101519,47,,cache-misses:u,1226528,100.00,,
     1.128101519,1628736,,bus-cycles:u,1226432,100.00,,
     1.128101519,10420527,,instructions:u,1226464,100.00,,
     1.129325386,365,,branch-misses:u,1223776,100.00,,
     1.129325386,35,,cache-misses:u,1223968,100.00,,
     1.129325386,1625428,,bus-cycles:u,1224064,100.00,,
     1.129325386,10405106,,instructions:u,1224032,100.00,,
     1.130548580,361,,branch-misses:u,1223008,100.00,,
     1.130548580,44,,cache-misses:u,1232128,100.00,,
     1.130548580,1631756,,bus-cycles:u,1232160,100.00,,
     1.130548580,10438899,,instructions:u,1232192,100.00,,
     1.131784895,367,,branch-misses:u,1236480,100.00,,
     1.131784895,82,,cache-misses:u,1227264,100.00,,
     1.131784895,1630217,,bus-cycles:u,1227264,100.00,,
     1.131784895,10413448,,instructions:u,1227264,100.00,,
     1.133007577,363,,branch-misses:u,1222560,100.00,,
     1.133007577,43,,cache-misses:u,1222528,100.00,,
     1.133007577,1623445,,bus-cycles:u,1222528,100.00,,
     1.133007577,10377253,,instructions:u,1222464,100.00,,
     1.134230003,364,,branch-misses:u,1222496,100.00,,
     1.134230003,42,,cache-misses:u,1222368,100.00,,
     1.134230003,1622500,,bus-cycles:u,1222240,100.00,,
     1.134230003,10377138,,instructions:u,1222176,100.00,,
     1.135453453,364,,branch-misses:u,1224544,100.00,,
     1.135453453,108,,cache-misses:u,1224768,100.00,,
     1.135453453,1621571,,bus-cycles:u,1225152,100.00,,
     1.135453453,10366818,,instructions:u,1225280,100.00,,
     1.136684296,366,,branch-misses:u,1229600,100.00,,
     1.136684296,35,,cache-misses:u,1229568,100.00,,
     1.136684296,1631767,,bus-cycles:u,1229280,100.00,,
     1.136684296,10434787,,instructions:u,1229280,100.00,,
     1.137908482,364,,branch-misses:u,1224256,100.00,,
     1.137908482,30,,cache-misses:u,1224096,100.00,,
     1.137908482,1624431,,bus-cycles:u,1224032,100.00,,
     1.137908482,10394599,,instructions:u,1224000,100.00,,
     1.139133213,364,,branch-misses:u,1225248,100.00,,
     1.139133213,98,,cache-misses:u,1225408,100.00,,
     1.139133213,1620839,,bus-cycles:u,1225408,100.00,,
     1.139133213,10371878,,instructions:u,1225632,100.00,,
     1.140359895,365,,branch-misses:u,1225952,100.00,,
     1.140359895,39,,cache-misses:u,1225792,100.00,,
     1.140359895,1626098,,bus-cycles:u,1225792,100.00,,
     1.140359895,10399968,,instructions:u,1225536,100.00,,
     1.141583025,361,,branch-misses:u,1223008,100.00,,
     1.141583025,38,,cache-misses:u,1223136,100.00,,
     1.141583025,1623638,,bus-cycles:u,1223328,100.00,,
     1.141583025,10375646,,instructions:u,1223296,100.00,,
     1.142807468,365,,branch-misses:u,1225344,100.00,,
     1.142807468,93,,cache-misses:u,1225216,100.00,,
     1.142807468,1621547,,bus-cycles:u,1225312,100.00,,
     1.142807468,10374492,,instructions:u,1225376,100.00,,
     1.144033350,364,,branch-misses:u,1224960,100.00,,
     1.144033350,42,,cache-misses:u,1224992,100.00,,
     1.144033350,1626359,,bus-cycles:u,1224768,100.00,,
     1.144033350,10386479,,instructions:u,1224768,100.00,,
     1.145255392,363,,branch-misses:u,1222048,100.00,,
     1.145255392,33,,cache-misses:u,1222016,100.00,,
     1.145255392,1621568,,bus-cycles:u,1221952,100.00,,
     1.145255392,10353476,,instructions:u,1221920,100.00,,
     1.146494875,368,,branch-misses:u,1240320,100.00,,
     1.146494875,32,,cache-misses:u,1240544,100.00,,
     1.146494875,1646582,,bus-cycles:u,1240576,100.00,,
     1.146494875,10519351,,instructions:u,1240640,100.00,,
     1.147742198,371,,branch-misses:u,1247328,100.00,,
     1.147742198,72,,cache-misses:u,1247552,100.00,,
     1.147742198,1651202,,bus-cycles:u,1247552,100.00,,
     1.147742198,10538356,,instructions:u,1247520,100.00,,
     1.148966736,363,,branch-misses:u,1224192,100.00,,
     1.148966736,38,,cache-misses:u,1223744,100.00,,
     1.148966736,1624032,,bus-cycles:u,1223680,100.00,,
     1.148966736,10382107,,instructions:u,1223680,100.00,,
     1.150191339,364,,branch-misses:u,1224032,100.00,,
     1.150191339,38,,cache-misses:u,1224160,100.00,,
     1.150191339,1624436,,bus-cycles:u,1224256,100.00,,
     1.150191339,10383286,,instructions:u,1224320,100.00,,
     1.151416997,365,,branch-misses:u,1226816,100.00,,
     1.151416997,101,,cache-misses:u,1226752,100.00,,
     1.151416997,1622270,,bus-cycles:u,1226656,100.00,,
     1.151416997,10378256,,instructions:u,1226592,100.00,,
     1.152644896,366,,branch-misses:u,1226720,100.00,,
     1.152644896,40,,cache-misses:u,1226784,100.00,,
     1.152644896,1628397,,bus-cycles:u,1226912,100.00,,
     1.152644896,10435275,,instructions:u,1226848,100.00,,
     1.153869530,364,,branch-misses:u,1224576,100.00,,
     1.153869530,34,,cache-misses:u,1224576,100.00,,
     1.153869530,1624985,,bus-cycles:u,1224480,100.00,,
     1.153869530,10387661,,instructions:u,1224512,100.00,,
     1.155094900,364,,branch-misses:u,1226144,100.00,,
     1.155094900,101,,cache-misses:u,1226080,100.00,,
     1.155094900,1621242,,bus-cycles:u,1226048,100.00,,
     1.155094900,10365578,,instructions:u,1226336,100.00,,
     1.156320911,364,,branch-misses:u,1225152,100.00,,
     1.156320911,36,,cache-misses:u,1225344,100.00,,
     1.156320911,1625662,,bus-cycles:u,1225440,100.00,,
     1.156320911,10385917,,instructions:u,1225152,100.00,,
     1.157543337,362,,branch-misses:u,1222368,100.00,,
     1.157543337,34,,cache-misses:u,1222464,100.00,,
     1.157543337,1621906,,bus-cycles:u,1222496,100.00,,
     1.157543337,10367100,,instructions:u,1222464,100.00,,
     1.158766051,364,,branch-misses:u,1223776,100.00,,
     1.158766051,89,,cache-misses:u,1223520,100.00,,
     1.158766051,1619219,,bus-cycles:u,1223648,100.00,,
     1.158766051,10349267,,instructions:u,1223712,100.00,,
     1.159995998,365,,branch-misses:u,1229184,100.00,,
     1.159995998,38,,cache-misses:u,1229056,100.00,,
     1.159995998,1631178,,bus-cycles:u,1228864,100.00,,
     1.159995998,10437107,,instructions:u,1228864,100.00,,
     1.161220088,364,,branch-misses:u,1224448,100.00,,
     1.161220088,33,,cache-misses:u,1224736,100.00,,
     1.161220088,1624529,,bus-cycles:u,1224704,100.00,,
     1.161220088,10381097,,instructions:u,1224736,100.00,,
     1.162446482,363,,branch-misses:u,1225728,100.00,,
     1.162446482,37,,cache-misses:u,1225568,100.00,,
     1.162446482,1625173,,bus-cycles:u,1225568,100.00,,
     1.162446482,10384392,,instructions:u,1225472,100.00,,
     1.163686605,369,,branch-misses:u,1240800,100.00,,
     1.163686605,85,,cache-misses:u,1240672,100.00,,
     1.163686605,1640018,,bus-cycles:u,1240768,100.00,,
     1.163686605,10486593,,instructions:u,1240864,100.00,,
     1.164910792,364,,branch-misses:u,1224096,100.00,,
     1.164910792,46,,cache-misses:u,1223936,100.00,,
     1.164910792,1623367,,bus-cycles:u,1223808,100.00,,
     1.164910792,10379153,,instructions:u,1223808,100.00,,
     1.166135426,364,,branch-misses:u,1224000,100.00,,
     1.166135426,35,,cache-misses:u,1224288,100.00,,
     1.166135426,1624191,,bus-cycles:u,1224320,100.00,,
     1.166135426,10381718,,instructions:u,1224320,100.00,,
     1.167360732,364,,branch-misses:u,1226272,100.00,,
     1.167360732,94,,cache-misses:u,1226144,100.00,,
     1.167360732,1621595,,bus-cycles:u,1226144,100.00,,
     1.167360732,10354780,,instructions:u,1226176,100.00,,
     1.168586455,363,,branch-misses:u,1224672,100.00,,
     1.168586455,43,,cache-misses:u,1224640,100.00,,
     1.168586455,1624294,,bus-cycles:u,1224640,100.00,,
     1.168586455,10385550,,instructions:u,1224512,100.00,,
     1.169825713,369,,branch-misses:u,1240160,100.00,,
     1.169825713,37,,cache-misses:u,1240544,100.00,,
     1.169825713,1646055,,bus-cycles:u,1240704,100.00,,
     1.169825713,10521075,,instructions:u,1240736,100.00,,
     1.171051244,364,,branch-misses:u,1225920,100.00,,
     1.171051244,92,,cache-misses:u,1225600,100.00,,
     1.171051244,1622036,,bus-cycles:u,1225376,100.00,,
     1.171051244,10360201,,instructions:u,1225408,100.00,,
     1.172281670,365,,branch-misses:u,1229184,100.00,,
     1.172281670,37,,cache-misses:u,1229216,100.00,,
     1.172281670,1630633,,bus-cycles:u,1229280,100.00,,
     1.172281670,10433325,,instructions:u,1229280,100.00,,
     1.173506273,363,,branch-misses:u,1224416,100.00,,
     1.173506273,35,,cache-misses:u,1224608,100.00,,
     1.173506273,1624767,,bus-cycles:u,1224608,100.00,,
     1.173506273,10384975,,instructions:u,1224640,100.00,,
     1.174731963,365,,branch-misses:u,1226336,100.00,,
     1.174731963,72,,cache-misses:u,1226336,100.00,,
     1.174731963,1621861,,bus-cycles:u,1226272,100.00,,
     1.174731963,10373932,,instructions:u,1226272,100.00,,
     1.175959733,365,,branch-misses:u,1227712,100.00,,
     1.175959733,42,,cache-misses:u,1227552,100.00,,
     1.175959733,1629251,,bus-cycles:u,1227648,100.00,,
     1.175959733,10414647,,instructions:u,1227584,100.00,,
     1.177184272,364,,branch-misses:u,1224544,100.00,,
     1.177184272,44,,cache-misses:u,1224384,100.00,,
     1.177184272,1624420,,bus-cycles:u,1224384,100.00,,
     1.177184272,10388634,,instructions:u,1224384,100.00,,
     1.178408170,361,,branch-misses:u,1223168,100.00,,
     1.178408170,46,,cache-misses:u,1223360,100.00,,
     1.178408170,1621852,,bus-cycles:u,1223328,100.00,,
     1.178408170,10340024,,instructions:u,1223296,100.00,,
     1.179647397,368,,branch-misses:u,1239968,100.00,,
     1.179647397,92,,cache-misses:u,1240128,100.00,,
     1.179647397,1639361,,bus-cycles:u,1240160,100.00,,
     1.179647397,10474408,,instructions:u,1240192,100.00,,
     1.180870687,365,,branch-misses:u,1222560,100.00,,
     1.180870687,36,,cache-misses:u,1222176,100.00,,
     1.180870687,1621298,,bus-cycles:u,1222112,100.00,,
     1.180870687,10369289,,instructions:u,1222144,100.00,,
     1.182092121,363,,branch-misses:u,1221216,100.00,,
     1.182092121,34,,cache-misses:u,1221248,100.00,,
     1.182092121,1620222,,bus-cycles:u,1221344,100.00,,
     1.182092121,10381539,,instructions:u,1221088,100.00,,
     1.183315828,364,,branch-misses:u,1224992,100.00,,
     1.183315828,101,,cache-misses:u,1225504,100.00,,
     1.183315828,1622189,,bus-cycles:u,1225472,100.00,,
     1.183315828,10363454,,instructions:u,1225664,100.00,,
     1.184545742,365,,branch-misses:u,1228896,100.00,,
     1.184545742,41,,cache-misses:u,1228480,100.00,,
     1.184545742,1630269,,bus-cycles:u,1228544,100.00,,
     1.184545742,10427429,,instructions:u,1228608,100.00,,
     1.185769960,364,,branch-misses:u,1224032,100.00,,
     1.185769960,31,,cache-misses:u,1224352,100.00,,
     1.185769960,1624401,,bus-cycles:u,1224288,100.00,,
     1.185769960,10390280,,instructions:u,1224288,100.00,,
     1.186995043,363,,branch-misses:u,1225984,100.00,,
     1.186995043,101,,cache-misses:u,1225568,100.00,,
     1.186995043,1620445,,bus-cycles:u,1225632,100.00,,
     1.186995043,10352380,,instructions:u,1225632,100.00,,
     1.188222045,365,,branch-misses:u,1226752,100.00,,
     1.188222045,43,,cache-misses:u,1227072,100.00,,
     1.188222045,1628490,,bus-cycles:u,1227040,100.00,,
     1.188222045,10417082,,instructions:u,1227040,100.00,,
     1.189447672,364,,branch-misses:u,1225024,100.00,,
     1.189447672,36,,cache-misses:u,1224864,100.00,,
     1.189447672,1625068,,bus-cycles:u,1224864,100.00,,
     1.189447672,10392727,,instructions:u,1224832,100.00,,
     1.190673842,365,,branch-misses:u,1227072,100.00,,
     1.190673842,81,,cache-misses:u,1227232,100.00,,
     1.190673842,1622537,,bus-cycles:u,1227456,100.00,,
     1.190673842,10378644,,instructions:u,1227424,100.00,,
     1.191920173,369,,branch-misses:u,1246080,100.00,,
     1.191920173,48,,cache-misses:u,1246176,100.00,,
     1.191920173,1653217,,bus-cycles:u,1245952,100.00,,
     1.191920173,10558261,,instructions:u,1245984,100.00,,
     1.193145863,364,,branch-misses:u,1224896,100.00,,
     1.193145863,36,,cache-misses:u,1224608,100.00,,
     1.193145863,1625110,,bus-cycles:u,1224512,100.00,,
     1.193145863,10370941,,instructions:u,1224544,100.00,,
     1.194367394,364,,branch-misses:u,1221472,100.00,,
     1.194367394,38,,cache-misses:u,1221536,100.00,,
     1.194367394,1620477,,bus-cycles:u,1221600,100.00,,
     1.194367394,10371788,,instructions:u,1221568,100.00,,
     1.195590748,362,,branch-misses:u,1224384,100.00,,
     1.195590748,94,,cache-misses:u,1224512,100.00,,
     1.195590748,1618868,,bus-cycles:u,1224608,100.00,,
     1.195590748,10351245,,instructions:u,1224928,100.00,,
     1.196820566,366,,branch-misses:u,1229472,100.00,,
     1.196820566,41,,cache-misses:u,1229312,100.00,,
     1.196820566,1630193,,bus-cycles:u,1229152,100.00,,
     1.196820566,10424060,,instructions:u,1228928,100.00,,
     1.198044753,364,,branch-misses:u,1223424,100.00,,
     1.198044753,38,,cache-misses:u,1223488,100.00,,
     1.198044753,1622209,,bus-cycles:u,1223520,100.00,,
     1.198044753,10376005,,instructions:u,1223520,100.00,,
     1.199269995,364,,branch-misses:u,1225984,100.00,,
     1.199269995,98,,cache-misses:u,1226080,100.00,,
     1.199269995,1621192,,bus-cycles:u,1225984,100.00,,
     1.199269995,10363729,,instructions:u,1226016,100.00,,
     1.200496997,365,,branch-misses:u,1226848,100.00,,
     1.200496997,43,,cache-misses:u,1226592,100.00,,
     1.200496997,1627177,,bus-cycles:u,1226720,100.00,,
     1.200496997,10407613,,instructions:u,1226656,100.00,,
     1.201721600,364,,branch-misses:u,1224544,100.00,,
     1.201721600,29,,cache-misses:u,1224576,100.00,,
     1.201721600,1625721,,bus-cycles:u,1224576,100.00,,
     1.201721600,10397240,,instructions:u,1224544,100.00,,
     1.202947066,364,,branch-misses:u,1225536,100.00,,
     1.202947066,100,,cache-misses:u,1225760,100.00,,
     1.202947066,1621944,,bus-cycles:u,1225792,100.00,,
     1.202947066,10374000,,instructions:u,1225856,100.00,,
     1.204173525,365,,branch-misses:u,1225728,100.00,,
     1.204173525,40,,cache-misses:u,1225536,100.00,,
     1.204173525,1626743,,bus-cycles:u,1225472,100.00,,
     1.204173525,10411382,,instructions:u,1225408,100.00,,
     1.205395983,363,,branch-misses:u,1222400,100.00,,
     1.205395983,37,,cache-misses:u,1222432,100.00,,
     1.205395983,1622377,,bus-cycles:u,1222432,100.00,,
     1.205395983,10371954,,instructions:u,1222432,100.00,,
     1.206618825,364,,branch-misses:u,1223680,100.00,,
     1.206618825,62,,cache-misses:u,1223840,100.00,,
     1.206618825,1618766,,bus-cycles:u,1223840,100.00,,
     1.206618825,10356168,,instructions:u,1223968,100.00,,
     1.207848964,365,,branch-misses:u,1229440,100.00,,
     1.207848964,60,,cache-misses:u,1229280,100.00,,
     1.207848964,1631125,,bus-cycles:u,1229344,100.00,,
     1.207848964,10434565,,instructions:u,1229216,100.00,,
     1.209073758,364,,branch-misses:u,1224640,100.00,,
     1.209073758,37,,cache-misses:u,1224832,100.00,,
     1.209073758,1625801,,bus-cycles:u,1224896,100.00,,
     1.209073758,10401636,,instructions:u,1224960,100.00,,
     1.210297848,363,,branch-misses:u,1224704,100.00,,
     1.210297848,42,,cache-misses:u,1224672,100.00,,
     1.210297848,1625234,,bus-cycles:u,1224576,100.00,,
     1.210297848,10392657,,instructions:u,1224480,100.00,,
     1.211523827,365,,branch-misses:u,1225984,100.00,,
     1.211523827,95,,cache-misses:u,1226016,100.00,,
     1.211523827,1621708,,bus-cycles:u,1226080,100.00,,
     1.211523827,10361491,,instructions:u,1226112,100.00,,
     1.212750861,365,,branch-misses:u,1226336,100.00,,
     1.212750861,38,,cache-misses:u,1226080,100.00,,
     1.212750861,1627923,,bus-cycles:u,1226016,100.00,,
     1.212750861,10427666,,instructions:u,1225984,100.00,,
     1.213992168,369,,branch-misses:u,1242048,100.00,,
     1.213992168,40,,cache-misses:u,1242496,100.00,,
     1.213992168,1650197,,bus-cycles:u,1242624,100.00,,
     1.213992168,10552711,,instructions:u,1242688,100.00,,
     1.215220418,365,,branch-misses:u,1228608,100.00,,
     1.215220418,94,,cache-misses:u,1228064,100.00,,
     1.215220418,1624354,,bus-cycles:u,1227904,100.00,,
     1.215220418,10385412,,instructions:u,1227872,100.00,,
     1.216446749,364,,branch-misses:u,1225856,100.00,,
     1.216446749,42,,cache-misses:u,1226144,100.00,,
     1.216446749,1627945,,bus-cycles:u,1226112,100.00,,
     1.216446749,10398134,,instructions:u,1226144,100.00,,
     1.217669335,364,,branch-misses:u,1221920,100.00,,
     1.217669335,35,,cache-misses:u,1221792,100.00,,
     1.217669335,1622367,,bus-cycles:u,1221856,100.00,,
     1.217669335,10364399,,instructions:u,1221824,100.00,,
     1.218892913,365,,branch-misses:u,1224416,100.00,,
     1.218892913,90,,cache-misses:u,1224800,100.00,,
     1.218892913,1620076,,bus-cycles:u,1225088,100.00,,
     1.218892913,10353443,,instructions:u,1225312,100.00,,
     1.220125356,366,,branch-misses:u,1232288,100.00,,
     1.220125356,40,,cache-misses:u,1232096,100.00,,
     1.220125356,1633992,,bus-cycles:u,1232064,100.00,,
     1.220125356,10451222,,instructions:u,1232096,100.00,,
     1.221351814,364,,branch-misses:u,1226496,100.00,,
     1.221351814,44,,cache-misses:u,1226560,100.00,,
     1.221351814,1627678,,bus-cycles:u,1226560,100.00,,
     1.221351814,10404554,,instructions:u,1226528,100.00,,
     1.222579297,365,,branch-misses:u,1227680,100.00,,
     1.222579297,51,,cache-misses:u,1227712,100.00,,
     1.222579297,1623437,,bus-cycles:u,1227680,100.00,,
     1.222579297,10385990,,instructions:u,1227616,100.00,,
     1.223807259,365,,branch-misses:u,1227648,100.00,,
     1.223807259,82,,cache-misses:u,1227776,100.00,,
     1.223807259,1628813,,bus-cycles:u,1227840,100.00,,
     1.223807259,10416152,,instructions:u,1227840,100.00,,
     1.225033014,364,,branch-misses:u,1225152,100.00,,
     1.225033014,37,,cache-misses:u,1224992,100.00,,
     1.225033014,1624296,,bus-cycles:u,1225088,100.00,,
     1.225033014,10388118,,instructions:u,1225216,100.00,,
     1.226257424,364,,branch-misses:u,1224320,100.00,,
     1.226257424,43,,cache-misses:u,1224128,100.00,,
     1.226257424,1622599,,bus-cycles:u,1223936,100.00,,
     1.226257424,10389375,,instructions:u,1223840,100.00,,
     1.227481642,363,,branch-misses:u,1224864,100.00,,
     1.227481642,97,,cache-misses:u,1224960,100.00,,
     1.227481642,1620004,,bus-cycles:u,1225216,100.00,,
     1.227481642,10351974,,instructions:u,1225248,100.00,,
     1.228708229,365,,branch-misses:u,1225792,100.00,,
     1.228708229,37,,cache-misses:u,1225792,100.00,,
     1.228708229,1624886,,bus-cycles:u,1225568,100.00,,
     1.228708229,10390532,,instructions:u,1225536,100.00,,
     1.229931487,361,,branch-misses:u,1223360,100.00,,
     1.229931487,41,,cache-misses:u,1223456,100.00,,
     1.229931487,1622066,,bus-cycles:u,1223456,100.00,,
     1.229931487,10366557,,instructions:u,1223488,100.00,,
     1.231154809,364,,branch-misses:u,1224160,100.00,,
     1.231154809,100,,cache-misses:u,1224160,100.00,,
     1.231154809,1618989,,bus-cycles:u,1224608,100.00,,
     1.231154809,10356163,,instructions:u,1224736,100.00,,
     1.232384628,364,,branch-misses:u,1228928,100.00,,
     1.232384628,41,,cache-misses:u,1229152,100.00,,
     1.232384628,1629200,,bus-cycles:u,1228704,100.00,,
     1.232384628,10409960,,instructions:u,1228544,100.00,,
     1.233608654,365,,branch-misses:u,1224096,100.00,,
     1.233608654,34,,cache-misses:u,1223712,100.00,,
     1.233608654,1622951,,bus-cycles:u,1223648,100.00,,
     1.233608654,10385067,,instructions:u,1223712,100.00,,
     1.234833960,364,,branch-misses:u,1226048,100.00,,
     1.234833960,91,,cache-misses:u,1226016,100.00,,
     1.234833960,1620939,,bus-cycles:u,1226080,100.00,,
     1.234833960,10375407,,instructions:u,1226112,100.00,,
     1.236062499,365,,branch-misses:u,1227680,100.00,,
     1.236062499,37,,cache-misses:u,1227872,100.00,,
     1.236062499,1628030,,bus-cycles:u,1227968,100.00,,
     1.236062499,10418071,,instructions:u,1227872,100.00,,
     1.237302974,368,,branch-misses:u,1241184,100.00,,
     1.237302974,42,,cache-misses:u,1241248,100.00,,
     1.237302974,1645840,,bus-cycles:u,1241280,100.00,,
     1.237302974,10521485,,instructions:u,1241312,100.00,,
     1.238530136,364,,branch-misses:u,1226464,100.00,,
     1.238530136,37,,cache-misses:u,1226016,100.00,,
     1.238530136,1625371,,bus-cycles:u,1225888,100.00,,
     1.238530136,10380048,,instructions:u,1225856,100.00,,
     1.239768403,367,,branch-misses:u,1239008,100.00,,
     1.239768403,104,,cache-misses:u,1239520,100.00,,
     1.239768403,1637043,,bus-cycles:u,1239552,100.00,,
     1.239768403,10464546,,instructions:u,1239616,100.00,,
     1.240992397,362,,branch-misses:u,1222944,100.00,,
     1.240992397,44,,cache-misses:u,1222720,100.00,,
     1.240992397,1621518,,bus-cycles:u,1222688,100.00,,
     1.240992397,10358746,,instructions:u,1222688,100.00,,
     1.242215111,364,,branch-misses:u,1222784,100.00,,
     1.242215111,32,,cache-misses:u,1222752,100.00,,
     1.242215111,1621394,,bus-cycles:u,1222784,100.00,,
     1.242215111,10372049,,instructions:u,1222688,100.00,,
     1.243439266,363,,branch-misses:u,1225760,100.00,,
     1.243439266,96,,cache-misses:u,1226464,100.00,,
     1.243439266,1621024,,bus-cycles:u,1226368,100.00,,
     1.243439266,10362053,,instructions:u,1226720,100.00,,
     1.244670812,366,,branch-misses:u,1230016,100.00,,
     1.244670812,37,,cache-misses:u,1229248,100.00,,
     1.244670812,1631144,,bus-cycles:u,1229376,100.00,,
     1.244670812,10439332,,instructions:u,1229024,100.00,,
     1.245895959,364,,branch-misses:u,1225152,100.00,,
     1.245895959,38,,cache-misses:u,1225536,100.00,,
     1.245895959,1625312,,bus-cycles:u,1225504,100.00,,
     1.245895959,10389716,,instructions:u,1225536,100.00,,
     1.247122033,365,,branch-misses:u,1226688,100.00,,
     1.247122033,90,,cache-misses:u,1226464,100.00,,
     1.247122033,1621165,,bus-cycles:u,1226368,100.00,,
     1.247122033,10345609,,instructions:u,1226432,100.00,,
     1.248350059,363,,branch-misses:u,1227200,100.00,,
     1.248350059,37,,cache-misses:u,1227168,100.00,,
     1.248350059,1626359,,bus-cycles:u,1227264,100.00,,
     1.248350059,10401843,,instructions:u,1227200,100.00,,
     1.249574566,364,,branch-misses:u,1224512,100.00,,
     1.249574566,33,,cache-misses:u,1224544,100.00,,
     1.249574566,1623348,,bus-cycles:u,1224480,100.00,,
     1.249574566,10377541,,instructions:u,1224416,100.00,,
     1.250799904,363,,branch-misses:u,1226048,100.00,,
     1.250799904,96,,cache-misses:u,1226080,100.00,,
     1.250799904,1620506,,bus-cycles:u,1226144,100.00,,
     1.250799904,10353538,,instructions:u,1226144,100.00,,
     1.252026235,365,,branch-misses:u,1225600,100.00,,
     1.252026235,38,,cache-misses:u,1225440,100.00,,
     1.252026235,1624290,,bus-cycles:u,1225504,100.00,,
     1.252026235,10386556,,instructions:u,1225600,100.00,,
     1.253249077,361,,branch-misses:u,1222656,100.00,,
     1.253249077,42,,cache-misses:u,1222656,100.00,,
     1.253249077,1621804,,bus-cycles:u,1222528,100.00,,
     1.253249077,10362698,,instructions:u,1222432,100.00,,
     1.254470799,364,,branch-misses:u,1221824,100.00,,
     1.254470799,38,,cache-misses:u,1222112,100.00,,
     1.254470799,1620733,,bus-cycles:u,1222240,100.00,,
     1.254470799,10366334,,instructions:u,1222336,100.00,,
     1.255714826,370,,branch-misses:u,1244896,100.00,,
     1.255714826,97,,cache-misses:u,1244640,100.00,,
     1.255714826,1645995,,bus-cycles:u,1244640,100.00,,
     1.255714826,10522302,,instructions:u,1244736,100.00,,
     1.256941412,363,,branch-misses:u,1225632,100.00,,
     1.256941412,36,,cache-misses:u,1225792,100.00,,
     1.256941412,1625762,,bus-cycles:u,1225728,100.00,,
     1.256941412,10387273,,instructions:u,1225632,100.00,,
     1.258165791,362,,branch-misses:u,1224352,100.00,,
     1.258165791,35,,cache-misses:u,1224480,100.00,,
     1.258165791,1623466,,bus-cycles:u,1224480,100.00,,
     1.258165791,10371376,,instructions:u,1224448,100.00,,
     1.259409401,368,,branch-misses:u,1244672,100.00,,
     1.259409401,90,,cache-misses:u,1244672,100.00,,
     1.259409401,1645300,,bus-cycles:u,1244672,100.00,,
     1.259409401,10512197,,instructions:u,1244960,100.00,,
     1.260640116,365,,branch-misses:u,1229696,100.00,,
     1.260640116,36,,cache-misses:u,1229600,100.00,,
     1.260640116,1631232,,bus-cycles:u,1229728,100.00,,
     1.260640116,10435039,,instructions:u,1229504,100.00,,
     1.261865166,363,,branch-misses:u,1225024,100.00,,
     1.261865166,35,,cache-misses:u,1224960,100.00,,
     1.261865166,1624742,,bus-cycles:u,1224800,100.00,,
     1.261865166,10379353,,instructions:u,1224768,100.00,,
     1.263090313,364,,branch-misses:u,1225728,100.00,,
     1.263090313,94,,cache-misses:u,1225568,100.00,,
     1.263090313,1620196,,bus-cycles:u,1225536,100.00,,
     1.263090313,10356874,,instructions:u,1225568,100.00,,
     1.264316323,364,,branch-misses:u,1225408,100.00,,
     1.264316323,40,,cache-misses:u,1225568,100.00,,
     1.264316323,1624686,,bus-cycles:u,1225600,100.00,,
     1.264316323,10387528,,instructions:u,1225536,100.00,,
     1.265539709,363,,branch-misses:u,1223264,100.00,,
     1.265539709,34,,cache-misses:u,1223232,100.00,,
     1.265539709,1621593,,bus-cycles:u,1223168,100.00,,
     1.265539709,10370956,,instructions:u,1223104,100.00,,
     1.266762872,364,,branch-misses:u,1224160,100.00,,
     1.266762872,102,,cache-misses:u,1224384,100.00,,
     1.266762872,1617280,,bus-cycles:u,1224544,100.00,,
     1.266762872,10331949,,instructions:u,1224640,100.00,,
     1.267994194,366,,branch-misses:u,1230624,100.00,,
     1.267994194,49,,cache-misses:u,1230176,100.00,,
     1.267994194,1631784,,bus-cycles:u,1230208,100.00,,
     1.267994194,10433611,,instructions:u,1230176,100.00,,
     1.269219373,362,,branch-misses:u,1224928,100.00,,
     1.269219373,38,,cache-misses:u,1225024,100.00,,
     1.269219373,1624835,,bus-cycles:u,1224864,100.00,,
     1.269219373,10386028,,instructions:u,1224800,100.00,,
     1.270443335,364,,branch-misses:u,1223872,100.00,,
     1.270443335,34,,cache-misses:u,1224256,100.00,,
     1.270443335,1623379,,bus-cycles:u,1224288,100.00,,
     1.270443335,10383839,,instructions:u,1224384,100.00,,
     1.271685474,368,,branch-misses:u,1242944,100.00,,
     1.271685474,74,,cache-misses:u,1242784,100.00,,
     1.271685474,1643535,,bus-cycles:u,1242784,100.00,,
     1.271685474,10462081,,instructions:u,1242784,100.00,,
     1.272911548,363,,branch-misses:u,1225216,100.00,,
     1.272911548,39,,cache-misses:u,1225120,100.00,,
     1.272911548,1624787,,bus-cycles:u,1225056,100.00,,
     1.272911548,10399286,,instructions:u,1225344,100.00,,
     1.274136374,365,,branch-misses:u,1224768,100.00,,
     1.274136374,40,,cache-misses:u,1224832,100.00,,
     1.274136374,1624520,,bus-cycles:u,1224960,100.00,,
     1.274136374,10402823,,instructions:u,1224640,100.00,,
     1.275362545,364,,branch-misses:u,1226816,100.00,,
     1.275362545,95,,cache-misses:u,1226784,100.00,,
     1.275362545,1621908,,bus-cycles:u,1226720,100.00,,
     1.275362545,10372089,,instructions:u,1226784,100.00,,
     1.276588651,365,,branch-misses:u,1225504,100.00,,
     1.276588651,34,,cache-misses:u,1225472,100.00,,
     1.276588651,1624535,,bus-cycles:u,1225440,100.00,,
     1.276588651,10398720,,instructions:u,1225376,100.00,,
     1.277811302,362,,branch-misses:u,1222592,100.00,,
     1.277811302,39,,cache-misses:u,1222656,100.00,,
     1.277811302,1620814,,bus-cycles:u,1222784,100.00,,
     1.277811302,10360877,,instructions:u,1222720,100.00,,
     1.279035872,364,,branch-misses:u,1225280,100.00,,
     1.279035872,99,,cache-misses:u,1225696,100.00,,
     1.279035872,1620388,,bus-cycles:u,1225600,100.00,,
     1.279035872,10348629,,instructions:u,1225696,100.00,,
     1.280266010,364,,branch-misses:u,1229440,100.00,,
     1.280266010,41,,cache-misses:u,1229280,100.00,,
     1.280266010,1630333,,bus-cycles:u,1229344,100.00,,
     1.280266010,10418000,,instructions:u,1229376,100.00,,
     1.281509621,370,,branch-misses:u,1244608,100.00,,
     1.281509621,39,,cache-misses:u,1244352,100.00,,
     1.281509621,1650550,,bus-cycles:u,1244384,100.00,,
     1.281509621,10552870,,instructions:u,1244320,100.00,,
     1.282739984,365,,branch-misses:u,1230080,100.00,,
     1.282739984,87,,cache-misses:u,1229952,100.00,,
     1.282739984,1625982,,bus-cycles:u,1229792,100.00,,
     1.282739984,10391678,,instructions:u,1229888,100.00,,
     1.283968650,365,,branch-misses:u,1227872,100.00,,
     1.283968650,52,,cache-misses:u,1228000,100.00,,
     1.283968650,1629172,,bus-cycles:u,1228128,100.00,,
     1.283968650,10411941,,instructions:u,1228064,100.00,,
     1.285194596,364,,branch-misses:u,1225760,100.00,,
     1.285194596,33,,cache-misses:u,1225824,100.00,,
     1.285194596,1625804,,bus-cycles:u,1225664,100.00,,
     1.285194596,10388228,,instructions:u,1225632,100.00,,
     1.286419679,363,,branch-misses:u,1225088,100.00,,
     1.286419679,39,,cache-misses:u,1225056,100.00,,
     1.286419679,1625383,,bus-cycles:u,1225152,100.00,,
     1.286419679,10378131,,instructions:u,1225152,100.00,,
     1.287660442,369,,branch-misses:u,1240832,100.00,,
     1.287660442,78,,cache-misses:u,1240640,100.00,,
     1.287660442,1641309,,bus-cycles:u,1240640,100.00,,
     1.287660442,10499156,,instructions:u,1240736,100.00,,
     1.288884596,363,,branch-misses:u,1223936,100.00,,
     1.288884596,41,,cache-misses:u,1224032,100.00,,
     1.288884596,1624131,,bus-cycles:u,1224064,100.00,,
     1.288884596,10378267,,instructions:u,1223936,100.00,,
     1.290107502,364,,branch-misses:u,1222976,100.00,,
     1.290107502,35,,cache-misses:u,1222848,100.00,,
     1.290107502,1622795,,bus-cycles:u,1222624,100.00,,
     1.290107502,10381259,,instructions:u,1222496,100.00,,
     1.291332105,364,,branch-misses:u,1225376,100.00,,
     1.291332105,91,,cache-misses:u,1225376,100.00,,
     1.291332105,1621712,,bus-cycles:u,1225344,100.00,,
     1.291332105,10367953,,instructions:u,1225344,100.00,,
     1.292562627,366,,branch-misses:u,1229600,100.00,,
     1.292562627,45,,cache-misses:u,1229504,100.00,,
     1.292562627,1632816,,bus-cycles:u,1229472,100.00,,
     1.292562627,10431295,,instructions:u,1229408,100.00,,
     1.293787709,363,,branch-misses:u,1224832,100.00,,
     1.293787709,36,,cache-misses:u,1225248,100.00,,
     1.293787709,1626795,,bus-cycles:u,1225280,100.00,,
     1.293787709,10389190,,instructions:u,1225280,100.00,,
     1.295013016,365,,branch-misses:u,1226368,100.00,,
     1.295013016,97,,cache-misses:u,1226016,100.00,,
     1.295013016,1622548,,bus-cycles:u,1226112,100.00,,
     1.295013016,10374942,,instructions:u,1226144,100.00,,
     1.296240690,364,,branch-misses:u,1226656,100.00,,
     1.296240690,54,,cache-misses:u,1226336,100.00,,
     1.296240690,1627824,,bus-cycles:u,1226240,100.00,,
     1.296240690,10413866,,instructions:u,1226208,100.00,,
     1.297464813,365,,branch-misses:u,1224032,100.00,,
     1.297464813,34,,cache-misses:u,1224128,100.00,,
     1.297464813,1625023,,bus-cycles:u,1224128,100.00,,
     1.297464813,10393706,,instructions:u,1224160,100.00,,
     1.298689127,365,,branch-misses:u,1224960,100.00,,
     1.298689127,73,,cache-misses:u,1225184,100.00,,
     1.298689127,1622775,,bus-cycles:u,1225664,100.00,,
     1.298689127,10381091,,instructions:u,1225696,100.00,,
     1.299914593,363,,branch-misses:u,1225408,100.00,,
     1.299914593,52,,cache-misses:u,1225472,100.00,,
     1.299914593,1626121,,bus-cycles:u,1225024,100.00,,
     1.299914593,10388593,,instructions:u,1224960,100.00,,
     1.301137148,364,,branch-misses:u,1221920,100.00,,
     1.301137148,34,,cache-misses:u,1221664,100.00,,
     1.301137148,1622121,,bus-cycles:u,1221536,100.00,,
     1.301137148,10361685,,instructions:u,1221536,100.00,,
     1.302357686,363,,branch-misses:u,1220512,100.00,,
     1.302357686,36,,cache-misses:u,1220640,100.00,,
     1.302357686,1621576,,bus-cycles:u,1220736,100.00,,
     1.302357686,10357472,,instructions:u,1220800,100.00,,
     1.303580656,363,,branch-misses:u,1223968,100.00,,
     1.303580656,97,,cache-misses:u,1224064,100.00,,
     1.303580656,1620418,,bus-cycles:u,1224064,100.00,,
     1.303580656,10360113,,instructions:u,1224000,100.00,,
     1.304826699,370,,branch-misses:u,1246112,100.00,,
     1.304826699,39,,cache-misses:u,1246208,100.00,,
     1.304826699,1654931,,bus-cycles:u,1246272,100.00,,
     1.304826699,10576349,,instructions:u,1246336,100.00,,
     1.306053413,364,,branch-misses:u,1225664,100.00,,
     1.306053413,31,,cache-misses:u,1225792,100.00,,
     1.306053413,1627788,,bus-cycles:u,1225760,100.00,,
     1.306053413,10405018,,instructions:u,1225728,100.00,,
     1.307278176,364,,branch-misses:u,1225472,100.00,,
     1.307278176,87,,cache-misses:u,1225408,100.00,,
     1.307278176,1622468,,bus-cycles:u,1225376,100.00,,
     1.307278176,10362515,,instructions:u,1225376,100.00,,
     1.308505210,365,,branch-misses:u,1226112,100.00,,
     1.308505210,37,,cache-misses:u,1225760,100.00,,
     1.308505210,1627635,,bus-cycles:u,1225696,100.00,,
     1.308505210,10415261,,instructions:u,1225696,100.00,,
     1.309728244,364,,branch-misses:u,1223136,100.00,,
     1.309728244,43,,cache-misses:u,1223328,100.00,,
     1.309728244,1624072,,bus-cycles:u,1223328,100.00,,
     1.309728244,10388002,,instructions:u,1223424,100.00,,
     1.310952495,365,,branch-misses:u,1225056,100.00,,
     1.310952495,108,,cache-misses:u,1225120,100.00,,
     1.310952495,1619892,,bus-cycles:u,1225152,100.00,,
     1.310952495,10357740,,instructions:u,1224960,100.00,,
     1.312178089,364,,branch-misses:u,1224800,100.00,,
     1.312178089,41,,cache-misses:u,1224448,100.00,,
     1.312178089,1625926,,bus-cycles:u,1224480,100.00,,
     1.312178089,10372097,,instructions:u,1224576,100.00,,
     1.313399715,364,,branch-misses:u,1221312,100.00,,
     1.313399715,35,,cache-misses:u,1221440,100.00,,
     1.313399715,1621018,,bus-cycles:u,1221440,100.00,,
     1.313399715,10371113,,instructions:u,1221440,100.00,,
     1.314621694,363,,branch-misses:u,1223072,100.00,,
     1.314621694,51,,cache-misses:u,1223456,100.00,,
     1.314621694,1618579,,bus-cycles:u,1223552,100.00,,
     1.314621694,10348974,,instructions:u,1223584,100.00,,
     1.315851768,365,,branch-misses:u,1229056,100.00,,
     1.315851768,62,,cache-misses:u,1228864,100.00,,
     1.315851768,1631507,,bus-cycles:u,1228896,100.00,,
     1.315851768,10430683,,instructions:u,1228864,100.00,,
     1.317076019,365,,branch-misses:u,1224384,100.00,,
     1.317076019,39,,cache-misses:u,1224352,100.00,,
     1.317076019,1625696,,bus-cycles:u,1224256,100.00,,
     1.317076019,10403610,,instructions:u,1224224,100.00,,
     1.318300429,363,,branch-misses:u,1224352,100.00,,
     1.318300429,39,,cache-misses:u,1224480,100.00,,
     1.318300429,1625973,,bus-cycles:u,1224512,100.00,,
     1.318300429,10390720,,instructions:u,1224576,100.00,,
     1.319526087,364,,branch-misses:u,1226400,100.00,,
     1.319526087,98,,cache-misses:u,1226272,100.00,,
     1.319526087,1622700,,bus-cycles:u,1226336,100.00,,
     1.319526087,10368118,,instructions:u,1226304,100.00,,
     1.320754050,363,,branch-misses:u,1228096,100.00,,
     1.320754050,37,,cache-misses:u,1228000,100.00,,
     1.320754050,1630341,,bus-cycles:u,1227872,100.00,,
     1.320754050,10428545,,instructions:u,1227936,100.00,,
     1.321979740,364,,branch-misses:u,1225408,100.00,,
     1.321979740,33,,cache-misses:u,1225664,100.00,,
     1.321979740,1627179,,bus-cycles:u,1225632,100.00,,
     1.321979740,10411448,,instructions:u,1225632,100.00,,
     1.323206423,363,,branch-misses:u,1226944,100.00,,
     1.323206423,98,,cache-misses:u,1226880,100.00,,
     1.323206423,1622969,,bus-cycles:u,1227072,100.00,,
     1.323206423,10367729,,instructions:u,1227008,100.00,,
     1.324432529,366,,branch-misses:u,1225216,100.00,,
     1.324432529,40,,cache-misses:u,1224928,100.00,,
     1.324432529,1625687,,bus-cycles:u,1224800,100.00,,
     1.324432529,10396796,,instructions:u,1224832,100.00,,
     1.325654667,363,,branch-misses:u,1222016,100.00,,
     1.325654667,39,,cache-misses:u,1222144,100.00,,
     1.325654667,1622322,,bus-cycles:u,1222240,100.00,,
     1.325654667,10366373,,instructions:u,1222112,100.00,,
     1.326894566,369,,branch-misses:u,1241056,100.00,,
     1.326894566,106,,cache-misses:u,1241792,100.00,,
     1.326894566,1645548,,bus-cycles:u,1241824,100.00,,
     1.326894566,10521632,,instructions:u,1241952,100.00,,
     1.328129665,368,,branch-misses:u,1234816,100.00,,
     1.328129665,41,,cache-misses:u,1234368,100.00,,
     1.328129665,1638443,,bus-cycles:u,1234176,100.00,,
     1.328129665,10473750,,instructions:u,1234240,100.00,,
     1.329356443,363,,branch-misses:u,1226720,100.00,,
     1.329356443,40,,cache-misses:u,1226624,100.00,,
     1.329356443,1627079,,bus-cycles:u,1226688,100.00,,
     1.329356443,10393649,,instructions:u,1226656,100.00,,
     1.330583253,366,,branch-misses:u,1226624,100.00,,
     1.330583253,64,,cache-misses:u,1226496,100.00,,
     1.330583253,1622466,,bus-cycles:u,1226912,100.00,,
     1.330583253,10383939,,instructions:u,1226944,100.00,,
     1.331812164,365,,branch-misses:u,1228832,100.00,,
     1.331812164,64,,cache-misses:u,1228736,100.00,,
     1.331812164,1630886,,bus-cycles:u,1228256,100.00,,
     1.331812164,10434648,,instructions:u,1228224,100.00,,
     1.333035987,365,,branch-misses:u,1223200,100.00,,
     1.333035987,35,,cache-misses:u,1223008,100.00,,
     1.333035987,1624389,,bus-cycles:u,1223008,100.00,,
     1.333035987,10395927,,instructions:u,1223008,100.00,,
     1.334260546,363,,branch-misses:u,1224512,100.00,,
     1.334260546,36,,cache-misses:u,1224608,100.00,,
     1.334260546,1625949,,bus-cycles:u,1224480,100.00,,
     1.334260546,10391730,,instructions:u,1224448,100.00,,
     1.335485329,364,,branch-misses:u,1225536,100.00,,
     1.335485329,94,,cache-misses:u,1225664,100.00,,
     1.335485329,1621088,,bus-cycles:u,1225856,100.00,,
     1.335485329,10352291,,instructions:u,1225888,100.00,,
     1.336711264,364,,branch-misses:u,1225792,100.00,,
     1.336711264,39,,cache-misses:u,1225760,100.00,,
     1.336711264,1627036,,bus-cycles:u,1225760,100.00,,
     1.336711264,10398441,,instructions:u,1225792,100.00,,
     1.337934287,364,,branch-misses:u,1222336,100.00,,
     1.337934287,31,,cache-misses:u,1222240,100.00,,
     1.337934287,1623507,,bus-cycles:u,1222208,100.00,,
     1.337934287,10360259,,instructions:u,1222048,100.00,,
     1.339157790,363,,branch-misses:u,1224384,100.00,,
     1.339157790,100,,cache-misses:u,1224928,100.00,,
     1.339157790,1622551,,bus-cycles:u,1224832,100.00,,
     1.339157790,10372917,,instructions:u,1224896,100.00,,
     1.340388301,366,,branch-misses:u,1230208,100.00,,
     1.340388301,38,,cache-misses:u,1229984,100.00,,
     1.340388301,1633149,,bus-cycles:u,1230048,100.00,,
     1.340388301,10442316,,instructions:u,1230080,100.00,,
     1.341613948,364,,branch-misses:u,1224864,100.00,,
     1.341613948,39,,cache-misses:u,1224672,100.00,,
     1.341613948,1625903,,bus-cycles:u,1224736,100.00,,
     1.341613948,10394480,,instructions:u,1224704,100.00,,
     1.342838859,363,,branch-misses:u,1225760,100.00,,
     1.342838859,99,,cache-misses:u,1225664,100.00,,
     1.342838859,1622347,,bus-cycles:u,1225568,100.00,,
     1.342838859,10354211,,instructions:u,1225568,100.00,,
     1.344065850,365,,branch-misses:u,1226304,100.00,,
     1.344065850,37,,cache-misses:u,1226400,100.00,,
     1.344065850,1628454,,bus-cycles:u,1226432,100.00,,
     1.344065850,10417523,,instructions:u,1226432,100.00,,
     1.345289161,363,,branch-misses:u,1223232,100.00,,
     1.345289161,40,,cache-misses:u,1223520,100.00,,
     1.345289161,1625127,,bus-cycles:u,1223520,100.00,,
     1.345289161,10383595,,instructions:u,1223488,100.00,,
     1.346512728,364,,branch-misses:u,1223552,100.00,,
     1.346512728,38,,cache-misses:u,1223328,100.00,,
     1.346512728,1624249,,bus-cycles:u,1223360,100.00,,
     1.346512728,10389318,,instructions:u,1223392,100.00,,
     1.347750632,367,,branch-misses:u,1237984,100.00,,
     1.347750632,77,,cache-misses:u,1237760,100.00,,
     1.347750632,1637838,,bus-cycles:u,1237760,100.00,,
     1.347750632,10435113,,instructions:u,1237824,100.00,,
     1.348973367,364,,branch-misses:u,1222560,100.00,,
     1.348973367,36,,cache-misses:u,1222880,100.00,,
     1.348973367,1623237,,bus-cycles:u,1222848,100.00,,
     1.348973367,10383139,,instructions:u,1222752,100.00,,
     1.350213382,368,,branch-misses:u,1240896,100.00,,
     1.350213382,36,,cache-misses:u,1240928,100.00,,
     1.350213382,1647741,,bus-cycles:u,1241056,100.00,,
     1.350213382,10526726,,instructions:u,1241056,100.00,,
     1.351439701,365,,branch-misses:u,1226944,100.00,,
     1.351439701,97,,cache-misses:u,1226848,100.00,,
     1.351439701,1623063,,bus-cycles:u,1226784,100.00,,
     1.351439701,10367881,,instructions:u,1226688,100.00,,
     1.352669700,365,,branch-misses:u,1229280,100.00,,
     1.352669700,46,,cache-misses:u,1229120,100.00,,
     1.352669700,1632152,,bus-cycles:u,1229056,100.00,,
     1.352669700,10436180,,instructions:u,1229184,100.00,,
     1.353894771,364,,branch-misses:u,1224192,100.00,,
     1.353894771,34,,cache-misses:u,1224224,100.00,,
     1.353894771,1625314,,bus-cycles:u,1224224,100.00,,
     1.353894771,10395492,,instructions:u,1224224,100.00,,
     1.355119426,364,,branch-misses:u,1225568,100.00,,
     1.355119426,102,,cache-misses:u,1225568,100.00,,
     1.355119426,1622986,,bus-cycles:u,1225760,100.00,,
     1.355119426,10377961,,instructions:u,1225760,100.00,,
     1.356347569,366,,branch-misses:u,1227968,100.00,,
     1.356347569,38,,cache-misses:u,1227968,100.00,,
     1.356347569,1629868,,bus-cycles:u,1227808,100.00,,
     1.356347569,10420139,,instructions:u,1227808,100.00,,
     1.357571872,365,,branch-misses:u,1223552,100.00,,
     1.357571872,35,,cache-misses:u,1223392,100.00,,
     1.357571872,1624715,,bus-cycles:u,1223392,100.00,,
     1.357571872,10395325,,instructions:u,1223360,100.00,,
     1.358796271,364,,branch-misses:u,1225216,100.00,,
     1.358796271,98,,cache-misses:u,1225472,100.00,,
     1.358796271,1623060,,bus-cycles:u,1225472,100.00,,
     1.358796271,10379329,,instructions:u,1225760,100.00,,
     1.360020702,365,,branch-misses:u,1223584,100.00,,
     1.360020702,43,,cache-misses:u,1223424,100.00,,
     1.360020702,1625078,,bus-cycles:u,1223392,100.00,,
     1.360020702,10394930,,instructions:u,1223136,100.00,,
     1.361243117,362,,branch-misses:u,1222336,100.00,,
     1.361243117,42,,cache-misses:u,1222496,100.00,,
     1.361243117,1623102,,bus-cycles:u,1222528,100.00,,
     1.361243117,10367876,,instructions:u,1222592,100.00,,
     1.362464828,364,,branch-misses:u,1221760,100.00,,
     1.362464828,37,,cache-misses:u,1221600,100.00,,
     1.362464828,1621972,,bus-cycles:u,1221632,100.00,,
     1.362464828,10368379,,instructions:u,1221536,100.00,,
     1.363706795,367,,branch-misses:u,1243136,100.00,,
     1.363706795,119,,cache-misses:u,1243232,100.00,,
     1.363706795,1643280,,bus-cycles:u,1243200,100.00,,
     1.363706795,10503755,,instructions:u,1243104,100.00,,
     1.364932186,364,,branch-misses:u,1224224,100.00,,
     1.364932186,34,,cache-misses:u,1224480,100.00,,
     1.364932186,1626555,,bus-cycles:u,1224512,100.00,,
     1.364932186,10392507,,instructions:u,1224608,100.00,,
     1.366156297,363,,branch-misses:u,1224064,100.00,,
     1.366156297,38,,cache-misses:u,1223616,100.00,,
     1.366156297,1625445,,bus-cycles:u,1223584,100.00,,
     1.366156297,10383456,,instructions:u,1223648,100.00,,
     1.367381912,365,,branch-misses:u,1226752,100.00,,
     1.367381912,105,,cache-misses:u,1227040,100.00,,
     1.367381912,1624134,,bus-cycles:u,1227040,100.00,,
     1.367381912,10371468,,instructions:u,1227232,100.00,,
     1.368608936,364,,branch-misses:u,1226688,100.00,,
     1.368608936,53,,cache-misses:u,1226976,100.00,,
     1.368608936,1629658,,bus-cycles:u,1227008,100.00,,
     1.368608936,10427077,,instructions:u,1226752,100.00,,
     1.369833943,365,,branch-misses:u,1224992,100.00,,
     1.369833943,34,,cache-misses:u,1224704,100.00,,
     1.369833943,1627333,,bus-cycles:u,1224736,100.00,,
     1.369833943,10408445,,instructions:u,1224704,100.00,,
     1.371059942,365,,branch-misses:u,1226048,100.00,,
     1.371059942,95,,cache-misses:u,1226112,100.00,,
     1.371059942,1622829,,bus-cycles:u,1226016,100.00,,
     1.371059942,10378501,,instructions:u,1226304,100.00,,
     1.372304469,370,,branch-misses:u,1244480,100.00,,
     1.372304469,39,,cache-misses:u,1244768,100.00,,
     1.372304469,1653526,,bus-cycles:u,1244864,100.00,,
     1.372304469,10592265,,instructions:u,1244608,100.00,,
     1.373530276,365,,branch-misses:u,1224960,100.00,,
     1.373530276,34,,cache-misses:u,1224320,100.00,,
     1.373530276,1625708,,bus-cycles:u,1224224,100.00,,
     1.373530276,10389148,,instructions:u,1224320,100.00,,
     1.374753971,363,,branch-misses:u,1224832,100.00,,
     1.374753971,96,,cache-misses:u,1224960,100.00,,
     1.374753971,1621927,,bus-cycles:u,1224928,100.00,,
     1.374753971,10357424,,instructions:u,1224960,100.00,,
     1.375983554,366,,branch-misses:u,1229152,100.00,,
     1.375983554,43,,cache-misses:u,1229088,100.00,,
     1.375983554,1632248,,bus-cycles:u,1229184,100.00,,
     1.375983554,10430955,,instructions:u,1229056,100.00,,
     1.377207793,363,,branch-misses:u,1223680,100.00,,
     1.377207793,34,,cache-misses:u,1223712,100.00,,
     1.377207793,1624450,,bus-cycles:u,1223712,100.00,,
     1.377207793,10371898,,instructions:u,1223744,100.00,,
     1.378431648,364,,branch-misses:u,1224320,100.00,,
     1.378431648,32,,cache-misses:u,1224512,100.00,,
     1.378431648,1625152,,bus-cycles:u,1224480,100.00,,
     1.378431648,10402958,,instructions:u,1224544,100.00,,
     1.379672559,368,,branch-misses:u,1241056,100.00,,
     1.379672559,101,,cache-misses:u,1241024,100.00,,
     1.379672559,1641452,,bus-cycles:u,1241056,100.00,,
     1.379672559,10493201,,instructions:u,1241024,100.00,,
     1.380898526,364,,branch-misses:u,1225760,100.00,,
     1.380898526,38,,cache-misses:u,1225568,100.00,,
     1.380898526,1627544,,bus-cycles:u,1225536,100.00,,
     1.380898526,10407203,,instructions:u,1225536,100.00,,
     1.382122797,365,,branch-misses:u,1223616,100.00,,
     1.382122797,36,,cache-misses:u,1224128,100.00,,
     1.382122797,1625524,,bus-cycles:u,1224192,100.00,,
     1.382122797,10401003,,instructions:u,1224192,100.00,,
     1.383348540,363,,branch-misses:u,1226496,100.00,,
     1.383348540,107,,cache-misses:u,1226080,100.00,,
     1.383348540,1622083,,bus-cycles:u,1226048,100.00,,
     1.383348540,10360586,,instructions:u,1226048,100.00,,
     1.384575275,365,,branch-misses:u,1226752,100.00,,
     1.384575275,40,,cache-misses:u,1227296,100.00,,
     1.384575275,1628517,,bus-cycles:u,1227296,100.00,,
     1.384575275,10408247,,instructions:u,1227296,100.00,,
     1.385799482,363,,branch-misses:u,1223552,100.00,,
     1.385799482,36,,cache-misses:u,1223520,100.00,,
     1.385799482,1624402,,bus-cycles:u,1223552,100.00,,
     1.385799482,10379674,,instructions:u,1223584,100.00,,
     1.387022505,365,,branch-misses:u,1223872,100.00,,
     1.387022505,105,,cache-misses:u,1223456,100.00,,
     1.387022505,1619051,,bus-cycles:u,1223488,100.00,,
     1.387022505,10357284,,instructions:u,1223456,100.00,,
     1.388254329,365,,branch-misses:u,1231520,100.00,,
     1.388254329,41,,cache-misses:u,1231648,100.00,,
     1.388254329,1634667,,bus-cycles:u,1231520,100.00,,
     1.388254329,10454843,,instructions:u,1231456,100.00,,
     1.389478952,365,,branch-misses:u,1224704,100.00,,
     1.389478952,35,,cache-misses:u,1224800,100.00,,
     1.389478952,1626088,,bus-cycles:u,1224832,100.00,,
     1.389478952,10407446,,instructions:u,1224896,100.00,,
     1.390704535,364,,branch-misses:u,1225408,100.00,,
     1.390704535,77,,cache-misses:u,1225376,100.00,,
     1.390704535,1621634,,bus-cycles:u,1225568,100.00,,
     1.390704535,10373791,,instructions:u,1225728,100.00,,
     1.391931910,365,,branch-misses:u,1226784,100.00,,
     1.391931910,60,,cache-misses:u,1226528,100.00,,
     1.391931910,1628203,,bus-cycles:u,1226336,100.00,,
     1.391931910,10404632,,instructions:u,1226144,100.00,,
     1.393156277,363,,branch-misses:u,1224480,100.00,,
     1.393156277,43,,cache-misses:u,1224800,100.00,,
     1.393156277,1625818,,bus-cycles:u,1224896,100.00,,
     1.393156277,10391471,,instructions:u,1224928,100.00,,
     1.394408612,373,,branch-misses:u,1253056,100.00,,
     1.394408612,34,,cache-misses:u,1253344,100.00,,
     1.394408612,1664331,,bus-cycles:u,1253344,100.00,,
     1.394408612,10643540,,instructions:u,1253280,100.00,,
     1.395652211,369,,branch-misses:u,1243328,100.00,,
     1.395652211,88,,cache-misses:u,1242912,100.00,,
     1.395652211,1644243,,bus-cycles:u,1242848,100.00,,
     1.395652211,10494491,,instructions:u,1243136,100.00,,
     1.396876930,364,,branch-misses:u,1224032,100.00,,
     1.396876930,41,,cache-misses:u,1224000,100.00,,
     1.396876930,1624433,,bus-cycles:u,1223968,100.00,,
     1.396876930,10387729,,instructions:u,1223712,100.00,,
     1.398099729,364,,branch-misses:u,1222720,100.00,,
     1.398099729,35,,cache-misses:u,1222720,100.00,,
     1.398099729,1623091,,bus-cycles:u,1222752,100.00,,
     1.398099729,10384877,,instructions:u,1222752,100.00,,
     1.399323872,364,,branch-misses:u,1225088,100.00,,
     1.399323872,101,,cache-misses:u,1224768,100.00,,
     1.399323872,1621541,,bus-cycles:u,1224800,100.00,,
     1.399323872,10381663,,instructions:u,1225088,100.00,,
     1.400554095,366,,branch-misses:u,1229440,100.00,,
     1.400554095,41,,cache-misses:u,1229952,100.00,,
     1.400554095,1633771,,bus-cycles:u,1229952,100.00,,
     1.400554095,10451782,,instructions:u,1229632,100.00,,
     1.401778910,364,,branch-misses:u,1225376,100.00,,
     1.401778910,39,,cache-misses:u,1225184,100.00,,
     1.401778910,1627169,,bus-cycles:u,1224736,100.00,,
     1.401778910,10401460,,instructions:u,1224864,100.00,,
     1.403006221,366,,branch-misses:u,1227264,100.00,,
     1.403006221,102,,cache-misses:u,1227040,100.00,,
     1.403006221,1624562,,bus-cycles:u,1227488,100.00,,
     1.403006221,10381465,,instructions:u,1227456,100.00,,
     1.404234173,365,,branch-misses:u,1227904,100.00,,
     1.404234173,60,,cache-misses:u,1227936,100.00,,
     1.404234173,1630498,,bus-cycles:u,1227840,100.00,,
     1.404234173,10414215,,instructions:u,1227904,100.00,,
     1.405459532,364,,branch-misses:u,1224832,100.00,,
     1.405459532,34,,cache-misses:u,1224704,100.00,,
     1.405459532,1625782,,bus-cycles:u,1224448,100.00,,
     1.405459532,10396030,,instructions:u,1224288,100.00,,
     1.406684155,365,,branch-misses:u,1225376,100.00,,
     1.406684155,74,,cache-misses:u,1225664,100.00,,
     1.406684155,1622702,,bus-cycles:u,1226048,100.00,,
     1.406684155,10378214,,instructions:u,1226144,100.00,,
     1.407910026,363,,branch-misses:u,1224992,100.00,,
     1.407910026,65,,cache-misses:u,1224704,100.00,,
     1.407910026,1626030,,bus-cycles:u,1224608,100.00,,
     1.407910026,10384175,,instructions:u,1224448,100.00,,
     1.409132249,364,,branch-misses:u,1222304,100.00,,
     1.409132249,37,,cache-misses:u,1222304,100.00,,
     1.409132249,1622731,,bus-cycles:u,1222272,100.00,,
     1.409132249,10380998,,instructions:u,1222400,100.00,,
     1.410354696,363,,branch-misses:u,1222304,100.00,,
     1.410354696,37,,cache-misses:u,1222560,100.00,,
     1.410354696,1623239,,bus-cycles:u,1222688,100.00,,
     1.410354696,10381184,,instructions:u,1222656,100.00,,
     1.411579191,365,,branch-misses:u,1225536,100.00,,
     1.411579191,100,,cache-misses:u,1225632,100.00,,
     1.411579191,1621790,,bus-cycles:u,1225760,100.00,,
     1.411579191,10363906,,instructions:u,1225664,100.00,,
     1.412808934,364,,branch-misses:u,1228832,100.00,,
     1.412808934,44,,cache-misses:u,1228704,100.00,,
     1.412808934,1630794,,bus-cycles:u,1228448,100.00,,
     1.412808934,10417480,,instructions:u,1228608,100.00,,
     1.414033269,365,,branch-misses:u,1224480,100.00,,
     1.414033269,31,,cache-misses:u,1224320,100.00,,
     1.414033269,1625188,,bus-cycles:u,1224384,100.00,,
     1.414033269,10408952,,instructions:u,1224320,100.00,,
     1.415258756,364,,branch-misses:u,1226208,100.00,,
     1.415258756,95,,cache-misses:u,1226336,100.00,,
     1.415258756,1621607,,bus-cycles:u,1226368,100.00,,
     1.415258756,10363208,,instructions:u,1226432,100.00,,
     1.416486451,365,,branch-misses:u,1226816,100.00,,
     1.416486451,37,,cache-misses:u,1226848,100.00,,
     1.416486451,1628116,,bus-cycles:u,1226784,100.00,,
     1.416486451,10414774,,instructions:u,1226720,100.00,,
     1.417728450,368,,branch-misses:u,1242912,100.00,,
     1.417728450,45,,cache-misses:u,1243040,100.00,,
     1.417728450,1650114,,bus-cycles:u,1243136,100.00,,
     1.417728450,10543968,,instructions:u,1243136,100.00,,
     1.418956145,366,,branch-misses:u,1227168,100.00,,
     1.418956145,100,,cache-misses:u,1226944,100.00,,
     1.418956145,1623670,,bus-cycles:u,1226880,100.00,,
     1.418956145,10382298,,instructions:u,1226848,100.00,,
     1.420181632,364,,branch-misses:u,1224928,100.00,,
     1.420181632,42,,cache-misses:u,1224992,100.00,,
     1.420181632,1626516,,bus-cycles:u,1225088,100.00,,
     1.420181632,10388573,,instructions:u,1225152,100.00,,
     1.421404975,363,,branch-misses:u,1223872,100.00,,
     1.421404975,37,,cache-misses:u,1223712,100.00,,
     1.421404975,1623762,,bus-cycles:u,1223584,100.00,,
     1.421404975,10375184,,instructions:u,1223616,100.00,,
     1.422628542,364,,branch-misses:u,1223776,100.00,,
     1.422628542,66,,cache-misses:u,1224416,100.00,,
     1.422628542,1620173,,bus-cycles:u,1224448,100.00,,
     1.422628542,10361295,,instructions:u,1224352,100.00,,
     1.423858253,365,,branch-misses:u,1229664,100.00,,
     1.423858253,63,,cache-misses:u,1229376,100.00,,
     1.423858253,1632298,,bus-cycles:u,1229376,100.00,,
     1.423858253,10426133,,instructions:u,1229472,100.00,,
     1.425083228,364,,branch-misses:u,1224800,100.00,,
     1.425083228,46,,cache-misses:u,1224544,100.00,,
     1.425083228,1624765,,bus-cycles:u,1224512,100.00,,
     1.425083228,10395628,,instructions:u,1224480,100.00,,
     1.426307851,365,,branch-misses:u,1224608,100.00,,
     1.426307851,37,,cache-misses:u,1224384,100.00,,
     1.426307851,1624981,,bus-cycles:u,1224320,100.00,,
     1.426307851,10395538,,instructions:u,1224256,100.00,,
     1.427533658,362,,branch-misses:u,1225952,100.00,,
     1.427533658,96,,cache-misses:u,1226240,100.00,,
     1.427533658,1623518,,bus-cycles:u,1226592,100.00,,
     1.427533658,10361559,,instructions:u,1226624,100.00,,
     1.428761225,365,,branch-misses:u,1227520,100.00,,
     1.428761225,43,,cache-misses:u,1227488,100.00,,
     1.428761225,1629290,,bus-cycles:u,1227136,100.00,,
     1.428761225,10417748,,instructions:u,1227168,100.00,,
     1.429986904,365,,branch-misses:u,1225600,100.00,,
     1.429986904,33,,cache-misses:u,1225568,100.00,,
     1.429986904,1627734,,bus-cycles:u,1225440,100.00,,
     1.429986904,10423361,,instructions:u,1225344,100.00,,
     1.431212520,364,,branch-misses:u,1225824,100.00,,
     1.431212520,102,,cache-misses:u,1225600,100.00,,
     1.431212520,1621340,,bus-cycles:u,1225792,100.00,,
     1.431212520,10363422,,instructions:u,1225856,100.00,,
     1.432438615,364,,branch-misses:u,1225152,100.00,,
     1.432438615,39,,cache-misses:u,1225504,100.00,,
     1.432438615,1626419,,bus-cycles:u,1225504,100.00,,
     1.432438615,10396013,,instructions:u,1225472,100.00,,
     1.433661798,364,,branch-misses:u,1223104,100.00,,
     1.433661798,46,,cache-misses:u,1222976,100.00,,
     1.433661798,1623743,,bus-cycles:u,1222944,100.00,,
     1.433661798,10365858,,instructions:u,1222912,100.00,,
     1.434886901,365,,branch-misses:u,1226240,100.00,,
     1.434886901,91,,cache-misses:u,1226368,100.00,,
     1.434886901,1623433,,bus-cycles:u,1226432,100.00,,
     1.434886901,10377934,,instructions:u,1226560,100.00,,
     1.436115940,365,,branch-misses:u,1228032,100.00,,
     1.436115940,42,,cache-misses:u,1227936,100.00,,
     1.436115940,1630639,,bus-cycles:u,1227904,100.00,,
     1.436115940,10411985,,instructions:u,1227712,100.00,,
     1.437340723,364,,branch-misses:u,1225280,100.00,,
     1.437340723,36,,cache-misses:u,1225312,100.00,,
     1.437340723,1626798,,bus-cycles:u,1225152,100.00,,
     1.437340723,10413846,,instructions:u,1225280,100.00,,
     1.438567234,365,,branch-misses:u,1226688,100.00,,
     1.438567234,55,,cache-misses:u,1226496,100.00,,
     1.438567234,1622947,,bus-cycles:u,1226656,100.00,,
     1.438567234,10384223,,instructions:u,1226592,100.00,,
     1.439815409,371,,branch-misses:u,1248480,100.00,,
     1.439815409,76,,cache-misses:u,1248640,100.00,,
     1.439815409,1657761,,bus-cycles:u,1248640,100.00,,
     1.439815409,10589774,,instructions:u,1248704,100.00,,
     1.441042432,365,,branch-misses:u,1226496,100.00,,
     1.441042432,38,,cache-misses:u,1226784,100.00,,
     1.441042432,1628835,,bus-cycles:u,1226752,100.00,,
     1.441042432,10420605,,instructions:u,1226752,100.00,,
     1.442268751,364,,branch-misses:u,1225760,100.00,,
     1.442268751,36,,cache-misses:u,1225376,100.00,,
     1.442268751,1627719,,bus-cycles:u,1225376,100.00,,
     1.442268751,10412144,,instructions:u,1225216,100.00,,
     1.443493886,364,,branch-misses:u,1225728,100.00,,
     1.443493886,101,,cache-misses:u,1225824,100.00,,
     1.443493886,1623283,,bus-cycles:u,1225920,100.00,,
     1.443493886,10380498,,instructions:u,1226080,100.00,,
     1.444720845,364,,branch-misses:u,1226080,100.00,,
     1.444720845,39,,cache-misses:u,1225824,100.00,,
     1.444720845,1627325,,bus-cycles:u,1225728,100.00,,
     1.444720845,10406662,,instructions:u,1225696,100.00,,
     1.445942684,364,,branch-misses:u,1221984,100.00,,
     1.445942684,41,,cache-misses:u,1222336,100.00,,
     1.445942684,1623490,,bus-cycles:u,1222400,100.00,,
     1.445942684,10373407,,instructions:u,1222304,100.00,,
     1.447165771,363,,branch-misses:u,1224192,100.00,,
     1.447165771,100,,cache-misses:u,1224096,100.00,,
     1.447165771,1620160,,bus-cycles:u,1224064,100.00,,
     1.447165771,10365066,,instructions:u,1224160,100.00,,
     1.448396186,367,,branch-misses:u,1229248,100.00,,
     1.448396186,36,,cache-misses:u,1229280,100.00,,
     1.448396186,1632417,,bus-cycles:u,1229312,100.00,,
     1.448396186,10448934,,instructions:u,1229344,100.00,,
     1.449621193,364,,branch-misses:u,1225056,100.00,,
     1.449621193,42,,cache-misses:u,1225504,100.00,,
     1.449621193,1627375,,bus-cycles:u,1225280,100.00,,
     1.449621193,10422310,,instructions:u,1225312,100.00,,
     1.450847160,365,,branch-misses:u,1226688,100.00,,
     1.450847160,104,,cache-misses:u,1226240,100.00,,
     1.450847160,1623351,,bus-cycles:u,1226432,100.00,,
     1.450847160,10387764,,instructions:u,1226432,100.00,,
     1.452074631,365,,branch-misses:u,1226848,100.00,,
     1.452074631,42,,cache-misses:u,1226688,100.00,,
     1.452074631,1628915,,bus-cycles:u,1226720,100.00,,
     1.452074631,10425232,,instructions:u,1226688,100.00,,
     1.453298678,364,,branch-misses:u,1223968,100.00,,
     1.453298678,39,,cache-misses:u,1224128,100.00,,
     1.453298678,1625654,,bus-cycles:u,1224064,100.00,,
     1.453298678,10389623,,instructions:u,1224064,100.00,,
     1.454523461,364,,branch-misses:u,1224608,100.00,,
     1.454523461,33,,cache-misses:u,1224416,100.00,,
     1.454523461,1625581,,bus-cycles:u,1224416,100.00,,
     1.454523461,10398658,,instructions:u,1224512,100.00,,
     1.455765877,369,,branch-misses:u,1242688,100.00,,
     1.455765877,86,,cache-misses:u,1242912,100.00,,
     1.455765877,1646040,,bus-cycles:u,1243008,100.00,,
     1.455765877,10517553,,instructions:u,1242912,100.00,,
     1.456989444,364,,branch-misses:u,1223360,100.00,,
     1.456989444,35,,cache-misses:u,1223360,100.00,,
     1.456989444,1625071,,bus-cycles:u,1223200,100.00,,
     1.456989444,10395098,,instructions:u,1223232,100.00,,
     1.458212083,365,,branch-misses:u,1222592,100.00,,
     1.458212083,57,,cache-misses:u,1222336,100.00,,
     1.458212083,1623428,,bus-cycles:u,1222432,100.00,,
     1.458212083,10380042,,instructions:u,1222368,100.00,,
     1.459436994,364,,branch-misses:u,1226144,100.00,,
     1.459436994,106,,cache-misses:u,1226976,100.00,,
     1.459436994,1623804,,bus-cycles:u,1226944,100.00,,
     1.459436994,10381532,,instructions:u,1227008,100.00,,
     1.460668529,367,,branch-misses:u,1231072,100.00,,
     1.460668529,44,,cache-misses:u,1230368,100.00,,
     1.460668529,1633954,,bus-cycles:u,1230304,100.00,,
     1.460668529,10450664,,instructions:u,1230240,100.00,,
     1.461911488,369,,branch-misses:u,1242912,100.00,,
     1.461911488,40,,cache-misses:u,1243072,100.00,,
     1.461911488,1650305,,bus-cycles:u,1243136,100.00,,
     1.461911488,10555196,,instructions:u,1243264,100.00,,
     1.463140175,366,,branch-misses:u,1229248,100.00,,
     1.463140175,100,,cache-misses:u,1229280,100.00,,
     1.463140175,1626606,,bus-cycles:u,1229408,100.00,,
     1.463140175,10402885,,instructions:u,1229536,100.00,,
     1.464368958,364,,branch-misses:u,1228096,100.00,,
     1.464368958,43,,cache-misses:u,1227808,100.00,,
     1.464368958,1630381,,bus-cycles:u,1227680,100.00,,
     1.464368958,10419087,,instructions:u,1227424,100.00,,
     1.465594221,365,,branch-misses:u,1224640,100.00,,
     1.465594221,35,,cache-misses:u,1224672,100.00,,
     1.465594221,1626852,,bus-cycles:u,1224768,100.00,,
     1.465594221,10408915,,instructions:u,1224736,100.00,,
     1.466820668,364,,branch-misses:u,1227136,100.00,,
     1.466820668,97,,cache-misses:u,1227328,100.00,,
     1.466820668,1624715,,bus-cycles:u,1227264,100.00,,
     1.466820668,10370647,,instructions:u,1227328,100.00,,
     1.468046699,365,,branch-misses:u,1225312,100.00,,
     1.468046699,37,,cache-misses:u,1225152,100.00,,
     1.468046699,1626630,,bus-cycles:u,1225120,100.00,,
     1.468046699,10400644,,instructions:u,1225184,100.00,,
     1.469270490,363,,branch-misses:u,1223648,100.00,,
     1.469270490,40,,cache-misses:u,1223648,100.00,,
     1.469270490,1624852,,bus-cycles:u,1223616,100.00,,
     1.469270490,10385501,,instructions:u,1223456,100.00,,
     1.470493673,365,,branch-misses:u,1223136,100.00,,
     1.470493673,37,,cache-misses:u,1223552,100.00,,
     1.470493673,1625667,,bus-cycles:u,1223616,100.00,,
     1.470493673,10401003,,instructions:u,1223744,100.00,,
     1.471736857,370,,branch-misses:u,1244096,100.00,,
     1.471736857,82,,cache-misses:u,1243776,100.00,,
     1.471736857,1647161,,bus-cycles:u,1244064,100.00,,
     1.471736857,10524458,,instructions:u,1244096,100.00,,
     1.472963528,362,,branch-misses:u,1225856,100.00,,
     1.472963528,43,,cache-misses:u,1225888,100.00,,
     1.472963528,1628069,,bus-cycles:u,1225632,100.00,,
     1.472963528,10401490,,instructions:u,1225568,100.00,,
     1.474188407,365,,branch-misses:u,1224960,100.00,,
     1.474188407,33,,cache-misses:u,1225312,100.00,,
     1.474188407,1627067,,bus-cycles:u,1225280,100.00,,
     1.474188407,10409995,,instructions:u,1225312,100.00,,
     1.475414662,364,,branch-misses:u,1227232,100.00,,
     1.475414662,114,,cache-misses:u,1226752,100.00,,
     1.475414662,1623480,,bus-cycles:u,1227008,100.00,,
     1.475414662,10380578,,instructions:u,1226976,100.00,,
     1.476642581,366,,branch-misses:u,1227008,100.00,,
     1.476642581,35,,cache-misses:u,1227168,100.00,,
     1.476642581,1628730,,bus-cycles:u,1226848,100.00,,
     1.476642581,10408387,,instructions:u,1226816,100.00,,
     1.477867300,363,,branch-misses:u,1224576,100.00,,
     1.477867300,33,,cache-misses:u,1224480,100.00,,
     1.477867300,1625610,,bus-cycles:u,1224480,100.00,,
     1.477867300,10381499,,instructions:u,1224480,100.00,,
     1.479091571,364,,branch-misses:u,1225312,100.00,,
     1.479091571,104,,cache-misses:u,1225536,100.00,,
     1.479091571,1620904,,bus-cycles:u,1225600,100.00,,
     1.479091571,10360919,,instructions:u,1225696,100.00,,
     1.480318146,363,,branch-misses:u,1225504,100.00,,
     1.480318146,36,,cache-misses:u,1225248,100.00,,
     1.480318146,1626384,,bus-cycles:u,1225280,100.00,,
     1.480318146,10391421,,instructions:u,1225184,100.00,,
     1.481540721,364,,branch-misses:u,1222464,100.00,,
     1.481540721,32,,cache-misses:u,1222656,100.00,,
     1.481540721,1622496,,bus-cycles:u,1222624,100.00,,
     1.481540721,10382075,,instructions:u,1222688,100.00,,
     1.482763904,363,,branch-misses:u,1224384,100.00,,
     1.482763904,106,,cache-misses:u,1224320,100.00,,
     1.482763904,1621541,,bus-cycles:u,1224320,100.00,,
     1.482763904,10364649,,instructions:u,1224288,100.00,,
     1.483994767,366,,branch-misses:u,1229952,100.00,,
     1.483994767,42,,cache-misses:u,1229952,100.00,,
     1.483994767,1633249,,bus-cycles:u,1229824,100.00,,
     1.483994767,10448541,,instructions:u,1229856,100.00,,
     1.485239646,371,,branch-misses:u,1245504,100.00,,
     1.485239646,40,,cache-misses:u,1245568,100.00,,
     1.485239646,1654347,,bus-cycles:u,1245824,100.00,,
     1.485239646,10574900,,instructions:u,1245760,100.00,,
     1.486468461,363,,branch-misses:u,1228160,100.00,,
     1.486468461,37,,cache-misses:u,1228064,100.00,,
     1.486468461,1630471,,bus-cycles:u,1228032,100.00,,
     1.486468461,10417694,,instructions:u,1228160,100.00,,
     1.487710109,369,,branch-misses:u,1242464,100.00,,
     1.487710109,104,,cache-misses:u,1242656,100.00,,
     1.487710109,1641944,,bus-cycles:u,1242560,100.00,,
     1.487710109,10495129,,instructions:u,1242720,100.00,,
     1.488937260,365,,branch-misses:u,1226176,100.00,,
     1.488937260,34,,cache-misses:u,1225952,100.00,,
     1.488937260,1628025,,bus-cycles:u,1225984,100.00,,
     1.488937260,10418935,,instructions:u,1225664,100.00,,
     1.490162523,364,,branch-misses:u,1225120,100.00,,
     1.490162523,32,,cache-misses:u,1224960,100.00,,
     1.490162523,1626862,,bus-cycles:u,1224896,100.00,,
     1.490162523,10395397,,instructions:u,1224992,100.00,,
     1.491389066,364,,branch-misses:u,1227552,100.00,,
     1.491389066,107,,cache-misses:u,1227872,100.00,,
     1.491389066,1625877,,bus-cycles:u,1228128,100.00,,
     1.491389066,10385873,,instructions:u,1228096,100.00,,
     1.492616825,366,,branch-misses:u,1226720,100.00,,
     1.492616825,35,,cache-misses:u,1226528,100.00,,
     1.492616825,1628165,,bus-cycles:u,1226368,100.00,,
     1.492616825,10417588,,instructions:u,1226336,100.00,,
     1.493840648,363,,branch-misses:u,1223872,100.00,,
     1.493840648,49,,cache-misses:u,1223840,100.00,,
     1.493840648,1625123,,bus-cycles:u,1223776,100.00,,
     1.493840648,10387293,,instructions:u,1223776,100.00,,
     1.495065751,365,,branch-misses:u,1226144,100.00,,
     1.495065751,97,,cache-misses:u,1226272,100.00,,
     1.495065751,1622442,,bus-cycles:u,1226304,100.00,,
     1.495065751,10374753,,instructions:u,1226368,100.00,,
     1.496296934,366,,branch-misses:u,1230112,100.00,,
     1.496296934,41,,cache-misses:u,1230080,100.00,,
     1.496296934,1633420,,bus-cycles:u,1230112,100.00,,
     1.496296934,10452541,,instructions:u,1230208,100.00,,
     1.497522805,365,,branch-misses:u,1225728,100.00,,
     1.497522805,37,,cache-misses:u,1225728,100.00,,
     1.497522805,1627184,,bus-cycles:u,1225632,100.00,,
     1.497522805,10403662,,instructions:u,1225536,100.00,,
     1.498762564,368,,branch-misses:u,1241440,100.00,,
     1.498762564,109,,cache-misses:u,1241888,100.00,,
     1.498762564,1641895,,bus-cycles:u,1242624,100.00,,
     1.498762564,10500989,,instructions:u,1242944,100.00,,
     1.500028596,376,,branch-misses:u,1265472,100.00,,
     1.500028596,42,,cache-misses:u,1265056,100.00,,
     1.500028596,1679813,,bus-cycles:u,1264608,100.00,,
     1.500028596,10749304,,instructions:u,1264512,100.00,,
     1.501256291,364,,branch-misses:u,1227488,100.00,,
     1.501256291,29,,cache-misses:u,1227648,100.00,,
     1.501256291,1629898,,bus-cycles:u,1227424,100.00,,
     1.501256291,10418709,,instructions:u,1227328,100.00,,
     1.502483826,366,,branch-misses:u,1226688,100.00,,
     1.502483826,40,,cache-misses:u,1226336,100.00,,
     1.502483826,1627939,,bus-cycles:u,1226336,100.00,,
     1.502483826,10416160,,instructions:u,1226240,100.00,,
     1.503727393,369,,branch-misses:u,1244352,100.00,,
     1.503727393,84,,cache-misses:u,1244544,100.00,,
     1.503727393,1646987,,bus-cycles:u,1244544,100.00,,
     1.503727393,10528301,,instructions:u,1244512,100.00,,
     1.504951728,365,,branch-misses:u,1223936,100.00,,
     1.504951728,34,,cache-misses:u,1224288,100.00,,
     1.504951728,1624307,,bus-cycles:u,1224352,100.00,,
     1.504951728,10373841,,instructions:u,1224384,100.00,,
     1.506176639,364,,branch-misses:u,1224480,100.00,,
     1.506176639,39,,cache-misses:u,1224064,100.00,,
     1.506176639,1625186,,bus-cycles:u,1224000,100.00,,
     1.506176639,10410714,,instructions:u,1224000,100.00,,
     1.507418478,369,,branch-misses:u,1243200,100.00,,
     1.507418478,101,,cache-misses:u,1243936,100.00,,
     1.507418478,1646426,,bus-cycles:u,1244128,100.00,,
     1.507418478,10524107,,instructions:u,1244256,100.00,,
     1.508661502,372,,branch-misses:u,1249728,100.00,,
     1.508661502,42,,cache-misses:u,1252448,100.00,,
     1.508661502,1666952,,bus-cycles:u,1254400,100.00,,
     1.508661502,10673062,,instructions:u,1256288,100.00,,
     1.509961582,383,,branch-misses:u,1294368,100.00,,
     1.509961582,29,,cache-misses:u,1292608,100.00,,
     1.509961582,1715222,,bus-cycles:u,1290912,100.00,,
     1.509961582,10961849,,instructions:u,1290016,100.00,,
     1.511201053,368,,branch-misses:u,1239296,100.00,,
     1.511201053,98,,cache-misses:u,1238592,100.00,,
     1.511201053,1639444,,bus-cycles:u,1238976,100.00,,
     1.511201053,10466756,,instructions:u,1238304,100.00,,
     1.512440780,369,,branch-misses:u,1238880,100.00,,
     1.512440780,56,,cache-misses:u,1238496,100.00,,
     1.512440780,1644425,,bus-cycles:u,1238496,100.00,,
     1.512440780,10512986,,instructions:u,1238464,100.00,,
     1.513668571,364,,branch-misses:u,1227296,100.00,,
     1.513668571,29,,cache-misses:u,1227040,100.00,,
     1.513668571,1628842,,bus-cycles:u,1226272,100.00,,
     1.513668571,10407423,,instructions:u,1225888,100.00,,
     1.514892906,364,,branch-misses:u,1224384,100.00,,
     1.514892906,107,,cache-misses:u,1224960,100.00,,
     1.514892906,1622915,,bus-cycles:u,1225344,100.00,,
     1.514892906,10382675,,instructions:u,1225568,100.00,,
     1.516123289,365,,branch-misses:u,1230048,100.00,,
     1.516123289,41,,cache-misses:u,1229792,100.00,,
     1.516123289,1632100,,bus-cycles:u,1229632,100.00,,
     1.516123289,10428437,,instructions:u,1229568,100.00,,
     1.517348488,364,,branch-misses:u,1224384,100.00,,
     1.517348488,30,,cache-misses:u,1224192,100.00,,
     1.517348488,1624855,,bus-cycles:u,1224160,100.00,,
     1.517348488,10376553,,instructions:u,1224160,100.00,,
     1.518578807,365,,branch-misses:u,1231456,100.00,,
     1.518578807,43,,cache-misses:u,1231488,100.00,,
     1.518578807,1630420,,bus-cycles:u,1231392,100.00,,
     1.518578807,10388168,,instructions:u,1231328,100.00,,
     1.519819206,368,,branch-misses:u,1240096,100.00,,
     1.519819206,75,,cache-misses:u,1239840,100.00,,
     1.519819206,1645256,,bus-cycles:u,1239776,100.00,,
     1.519819206,10506933,,instructions:u,1239872,100.00,,
     1.524621665,1425,,branch-misses:u,4803040,100.00,,
     1.524621665,117,,cache-misses:u,4803200,100.00,,
     1.524621665,6404820,,bus-cycles:u,4803104,100.00,,
     1.524621665,40934127,,instructions:u,4803072,100.00,,
     1.525848752,364,,branch-misses:u,1225824,100.00,,
     1.525848752,48,,cache-misses:u,1225696,100.00,,
     1.525848752,1627916,,bus-cycles:u,1225920,100.00,,
     1.525848752,10411333,,instructions:u,1226016,100.00,,
     1.527071999,364,,branch-misses:u,1224448,100.00,,
     1.527071999,106,,cache-misses:u,1224672,100.00,,
     1.527071999,1621968,,bus-cycles:u,1225024,100.00,,
     1.527071999,10374019,,instructions:u,1224928,100.00,,
     1.528301455,365,,branch-misses:u,1228416,100.00,,
     1.528301455,37,,cache-misses:u,1228384,100.00,,
     1.528301455,1630748,,bus-cycles:u,1227712,100.00,,
     1.528301455,10413181,,instructions:u,1227776,100.00,,
     1.529524606,364,,branch-misses:u,1223296,100.00,,
     1.529524606,30,,cache-misses:u,1222912,100.00,,
     1.529524606,1624368,,bus-cycles:u,1223232,100.00,,
     1.529524606,10390865,,instructions:u,1223168,100.00,,
     1.530746028,365,,branch-misses:u,1222336,100.00,,
     1.530746028,95,,cache-misses:u,1222272,100.00,,
     1.530746028,1618625,,bus-cycles:u,1222080,100.00,,
     1.530746028,10347982,,instructions:u,1222176,100.00,,
     1.531977276,366,,branch-misses:u,1229952,100.00,,
     1.531977276,41,,cache-misses:u,1230112,100.00,,
     1.531977276,1633334,,bus-cycles:u,1230336,100.00,,
     1.531977276,10442026,,instructions:u,1229984,100.00,,
     1.533234955,374,,branch-misses:u,1258720,100.00,,
     1.533234955,48,,cache-misses:u,1258496,100.00,,
     1.533234955,1670183,,bus-cycles:u,1258272,100.00,,
     1.533234955,10674140,,instructions:u,1258336,100.00,,
     1.534461178,364,,branch-misses:u,1225600,100.00,,
     1.534461178,34,,cache-misses:u,1225760,100.00,,
     1.534461178,1627093,,bus-cycles:u,1225760,100.00,,
     1.534461178,10393578,,instructions:u,1225664,100.00,,
     1.535708169,371,,branch-misses:u,1247616,100.00,,
     1.535708169,77,,cache-misses:u,1247520,100.00,,
     1.535708169,1651639,,bus-cycles:u,1247488,100.00,,
     1.535708169,10552858,,instructions:u,1247584,100.00,,
     1.536933368,364,,branch-misses:u,1224000,100.00,,
     1.536933368,36,,cache-misses:u,1223872,100.00,,
     1.536933368,1625029,,bus-cycles:u,1223936,100.00,,
     1.536933368,10383897,,instructions:u,1223872,100.00,,
     1.538155943,364,,branch-misses:u,1222592,100.00,,
     1.538155943,33,,cache-misses:u,1222528,100.00,,
     1.538155943,1622686,,bus-cycles:u,1222528,100.00,,
     1.538155943,10372558,,instructions:u,1222656,100.00,,
     1.539377462,361,,branch-misses:u,1222880,100.00,,
     1.539377462,99,,cache-misses:u,1223648,100.00,,
     1.539377462,1619289,,bus-cycles:u,1224032,100.00,,
     1.539377462,10348880,,instructions:u,1224096,100.00,,
     1.540609413,367,,branch-misses:u,1231168,100.00,,
     1.540609413,33,,cache-misses:u,1230432,100.00,,
     1.540609413,1633491,,bus-cycles:u,1230048,100.00,,
     1.540609413,10448450,,instructions:u,1229888,100.00,,
     1.541833045,363,,branch-misses:u,1222880,100.00,,
     1.541833045,36,,cache-misses:u,1222880,100.00,,
     1.541833045,1623837,,bus-cycles:u,1222752,100.00,,
     1.541833045,10387054,,instructions:u,1222720,100.00,,
     1.543055812,365,,branch-misses:u,1223616,100.00,,
     1.543055812,102,,cache-misses:u,1223840,100.00,,
     1.543055812,1619561,,bus-cycles:u,1223840,100.00,,
     1.543055812,10340653,,instructions:u,1223936,100.00,,
     1.544285619,365,,branch-misses:u,1229504,100.00,,
     1.544285619,45,,cache-misses:u,1229376,100.00,,
     1.544285619,1632469,,bus-cycles:u,1229440,100.00,,
     1.544285619,10421868,,instructions:u,1229344,100.00,,
     1.545507266,363,,branch-misses:u,1220960,100.00,,
     1.545507266,34,,cache-misses:u,1220800,100.00,,
     1.545507266,1620194,,bus-cycles:u,1220800,100.00,,
     1.545507266,10348094,,instructions:u,1220832,100.00,,
     1.546728337,364,,branch-misses:u,1221984,100.00,,
     1.546728337,79,,cache-misses:u,1222176,100.00,,
     1.546728337,1617441,,bus-cycles:u,1222208,100.00,,
     1.546728337,10349740,,instructions:u,1222208,100.00,,
     1.547957024,363,,branch-misses:u,1228448,100.00,,
     1.547957024,52,,cache-misses:u,1228320,100.00,,
     1.547957024,1630005,,bus-cycles:u,1228224,100.00,,
     1.547957024,10422063,,instructions:u,1228224,100.00,,
     1.549179407,364,,branch-misses:u,1221568,100.00,,
     1.549179407,30,,cache-misses:u,1221536,100.00,,
     1.549179407,1621817,,bus-cycles:u,1221504,100.00,,
     1.549179407,10369636,,instructions:u,1221504,100.00,,
     1.550401630,362,,branch-misses:u,1222400,100.00,,
     1.550401630,32,,cache-misses:u,1222400,100.00,,
     1.550401630,1622183,,bus-cycles:u,1222464,100.00,,
     1.550401630,10360946,,instructions:u,1222432,100.00,,
     1.551643437,370,,branch-misses:u,1242048,100.00,,
     1.551643437,86,,cache-misses:u,1242400,100.00,,
     1.551643437,1642908,,bus-cycles:u,1242528,100.00,,
     1.551643437,10514059,,instructions:u,1242816,100.00,,
     1.552868028,363,,branch-misses:u,1224256,100.00,,
     1.552868028,35,,cache-misses:u,1223904,100.00,,
     1.552868028,1624173,,bus-cycles:u,1223744,100.00,,
     1.552868028,10388915,,instructions:u,1223456,100.00,,
     1.554089163,364,,branch-misses:u,1221184,100.00,,
     1.554089163,32,,cache-misses:u,1221184,100.00,,
     1.554089163,1620776,,bus-cycles:u,1221280,100.00,,
     1.554089163,10368716,,instructions:u,1221312,100.00,,
     1.555310522,363,,branch-misses:u,1222272,100.00,,
     1.555310522,98,,cache-misses:u,1222400,100.00,,
     1.555310522,1617619,,bus-cycles:u,1222336,100.00,,
     1.555310522,10338853,,instructions:u,1222336,100.00,,
     1.556559689,372,,branch-misses:u,1249184,100.00,,
     1.556559689,36,,cache-misses:u,1249216,100.00,,
     1.556559689,1657634,,bus-cycles:u,1249344,100.00,,
     1.556559689,10604572,,instructions:u,1249376,100.00,,
     1.557785880,365,,branch-misses:u,1225696,100.00,,
     1.557785880,41,,cache-misses:u,1225568,100.00,,
     1.557785880,1626872,,bus-cycles:u,1225440,100.00,,
     1.557785880,10402790,,instructions:u,1225376,100.00,,
     1.559008071,363,,branch-misses:u,1222688,100.00,,
     1.559008071,100,,cache-misses:u,1222784,100.00,,
     1.559008071,1618696,,bus-cycles:u,1222848,100.00,,
     1.559008071,10338538,,instructions:u,1222880,100.00,,
     1.560237334,366,,branch-misses:u,1228864,100.00,,
     1.560237334,33,,cache-misses:u,1228992,100.00,,
     1.560237334,1631781,,bus-cycles:u,1228896,100.00,,
     1.560237334,10428399,,instructions:u,1228896,100.00,,
     1.561460965,363,,branch-misses:u,1223008,100.00,,
     1.561460965,35,,cache-misses:u,1222784,100.00,,
     1.561460965,1623871,,bus-cycles:u,1222688,100.00,,
     1.561460965,10370423,,instructions:u,1222656,100.00,,
     1.562682228,363,,branch-misses:u,1222432,100.00,,
     1.562682228,69,,cache-misses:u,1223168,100.00,,
     1.562682228,1619550,,bus-cycles:u,1223360,100.00,,
     1.562682228,10346368,,instructions:u,1223520,100.00,,
     1.563920451,368,,branch-misses:u,1237792,100.00,,
     1.563920451,55,,cache-misses:u,1237216,100.00,,
     1.563920451,1642566,,bus-cycles:u,1237216,100.00,,
     1.563920451,10493939,,instructions:u,1237088,100.00,,
     1.565145586,364,,branch-misses:u,1224480,100.00,,
     1.565145586,35,,cache-misses:u,1224288,100.00,,
     1.565145586,1624310,,bus-cycles:u,1224224,100.00,,
     1.565145586,10379933,,instructions:u,1224256,100.00,,
     1.566369121,362,,branch-misses:u,1223328,100.00,,
     1.566369121,32,,cache-misses:u,1223552,100.00,,
     1.566369121,1623788,,bus-cycles:u,1223552,100.00,,
     1.566369121,10365946,,instructions:u,1223488,100.00,,
     1.567591920,364,,branch-misses:u,1223808,100.00,,
     1.567591920,89,,cache-misses:u,1223680,100.00,,
     1.567591920,1617854,,bus-cycles:u,1223936,100.00,,
     1.567591920,10336446,,instructions:u,1224000,100.00,,
     1.568822624,365,,branch-misses:u,1230400,100.00,,
     1.568822624,38,,cache-misses:u,1230432,100.00,,
     1.568822624,1631933,,bus-cycles:u,1230208,100.00,,
     1.568822624,10445414,,instructions:u,1230240,100.00,,
     1.570048495,365,,branch-misses:u,1225440,100.00,,
     1.570048495,30,,cache-misses:u,1225344,100.00,,
     1.570048495,1626545,,bus-cycles:u,1225376,100.00,,
     1.570048495,10406869,,instructions:u,1225344,100.00,,
     1.571273566,363,,branch-misses:u,1226336,100.00,,
     1.571273566,101,,cache-misses:u,1226720,100.00,,
     1.571273566,1621761,,bus-cycles:u,1226976,100.00,,
     1.571273566,10356907,,instructions:u,1226816,100.00,,
     1.572527117,372,,branch-misses:u,1252928,100.00,,
     1.572527117,39,,cache-misses:u,1252768,100.00,,
     1.572527117,1663289,,bus-cycles:u,1252512,100.00,,
     1.572527117,10618043,,instructions:u,1252672,100.00,,
     1.573752828,366,,branch-misses:u,1224832,100.00,,
     1.573752828,35,,cache-misses:u,1224544,100.00,,
     1.573752828,1626271,,bus-cycles:u,1224448,100.00,,
     1.573752828,10411649,,instructions:u,1224384,100.00,,
     1.574975915,359,,branch-misses:u,1215776,100.00,,
     1.574975915,224,,cache-misses:u,1216896,100.00,,
     1.574975915,1599195,,bus-cycles:u,1217568,100.00,,
     1.574975915,10221357,,instructions:u,1217792,100.00,,
     1.576207002,366,,branch-misses:u,1229888,100.00,,
     1.576207002,37,,cache-misses:u,1228960,100.00,,
     1.576207002,1629918,,bus-cycles:u,1228320,100.00,,
     1.576207002,10419585,,instructions:u,1228128,100.00,,
     1.577431881,363,,branch-misses:u,1224256,100.00,,
     1.577431881,33,,cache-misses:u,1224160,100.00,,
     1.577431881,1624554,,bus-cycles:u,1224192,100.00,,
     1.577431881,10374413,,instructions:u,1224128,100.00,,
     1.578672792,369,,branch-misses:u,1242240,100.00,,
     1.578672792,79,,cache-misses:u,1242400,100.00,,
     1.578672792,1642854,,bus-cycles:u,1242528,100.00,,
     1.578672792,10497836,,instructions:u,1242624,100.00,,
     1.579903688,365,,branch-misses:u,1230240,100.00,,
     1.579903688,47,,cache-misses:u,1230080,100.00,,
     1.579903688,1632078,,bus-cycles:u,1229984,100.00,,
     1.579903688,10432301,,instructions:u,1229984,100.00,,
     1.581128279,365,,branch-misses:u,1224448,100.00,,
     1.581128279,32,,cache-misses:u,1224640,100.00,,
     1.581128279,1625128,,bus-cycles:u,1224576,100.00,,
     1.581128279,10394738,,instructions:u,1224512,100.00,,
     1.582352070,362,,branch-misses:u,1223200,100.00,,
     1.582352070,34,,cache-misses:u,1222976,100.00,,
     1.582352070,1623709,,bus-cycles:u,1222944,100.00,,
     1.582352070,10381114,,instructions:u,1222880,100.00,,
     1.583575413,365,,branch-misses:u,1224992,100.00,,
     1.583575413,93,,cache-misses:u,1225824,100.00,,
     1.583575413,1621690,,bus-cycles:u,1225984,100.00,,
     1.583575413,10369880,,instructions:u,1226336,100.00,,
     1.584809508,366,,branch-misses:u,1232960,100.00,,
     1.584809508,40,,cache-misses:u,1232000,100.00,,
     1.584809508,1636201,,bus-cycles:u,1231936,100.00,,
     1.584809508,10460236,,instructions:u,1231648,100.00,,
     1.586034195,365,,branch-misses:u,1223968,100.00,,
     1.586034195,32,,cache-misses:u,1224064,100.00,,
     1.586034195,1624761,,bus-cycles:u,1223936,100.00,,
     1.586034195,10391725,,instructions:u,1223936,100.00,,
     1.587256386,364,,branch-misses:u,1223072,100.00,,
     1.587256386,91,,cache-misses:u,1223232,100.00,,
     1.587256386,1619552,,bus-cycles:u,1223456,100.00,,
     1.587256386,10352045,,instructions:u,1223648,100.00,,
     1.588484785,364,,branch-misses:u,1227744,100.00,,
     1.588484785,33,,cache-misses:u,1227584,100.00,,
     1.588484785,1629150,,bus-cycles:u,1227488,100.00,,
     1.588484785,10416987,,instructions:u,1227328,100.00,,
     1.589706080,365,,branch-misses:u,1221248,100.00,,
     1.589706080,33,,cache-misses:u,1221248,100.00,,
     1.589706080,1620810,,bus-cycles:u,1221184,100.00,,
     1.589706080,10360499,,instructions:u,1221184,100.00,,
     1.590927983,362,,branch-misses:u,1222688,100.00,,
     1.590927983,95,,cache-misses:u,1222720,100.00,,
     1.590927983,1618462,,bus-cycles:u,1222944,100.00,,
     1.590927983,10338381,,instructions:u,1222944,100.00,,
     1.592157022,367,,branch-misses:u,1228128,100.00,,
     1.592157022,36,,cache-misses:u,1228448,100.00,,
     1.592157022,1629831,,bus-cycles:u,1228128,100.00,,
     1.592157022,10430655,,instructions:u,1228128,100.00,,
     1.593381101,363,,branch-misses:u,1224032,100.00,,
     1.593381101,42,,cache-misses:u,1223648,100.00,,
     1.593381101,1623195,,bus-cycles:u,1223776,100.00,,
     1.593381101,10375071,,instructions:u,1223776,100.00,,
     1.594577820,358,,branch-misses:u,1197632,100.00,,
     1.594577820,60,,cache-misses:u,1197696,100.00,,
     1.594577820,1584089,,bus-cycles:u,1197664,100.00,,
     1.594577820,10140476,,instructions:u,1197664,100.00,,
     1.595807019,364,,branch-misses:u,1228288,100.00,,
     1.595807019,51,,cache-misses:u,1228416,100.00,,
     1.595807019,1629751,,bus-cycles:u,1228352,100.00,,
     1.595807019,10412502,,instructions:u,1228384,100.00,,
     1.597029658,364,,branch-misses:u,1222592,100.00,,
     1.597029658,33,,cache-misses:u,1222400,100.00,,
     1.597029658,1621651,,bus-cycles:u,1222496,100.00,,
     1.597029658,10372253,,instructions:u,1222400,100.00,,
     1.598252393,363,,branch-misses:u,1222720,100.00,,
     1.598252393,38,,cache-misses:u,1222976,100.00,,
     1.598252393,1623518,,bus-cycles:u,1222944,100.00,,
     1.598252393,10384587,,instructions:u,1223040,100.00,,
     1.599474264,364,,branch-misses:u,1222752,100.00,,
     1.599474264,92,,cache-misses:u,1222592,100.00,,
     1.599474264,1618535,,bus-cycles:u,1222592,100.00,,
     1.599474264,10347389,,instructions:u,1222592,100.00,,
     1.600722055,370,,branch-misses:u,1247968,100.00,,
     1.600722055,39,,cache-misses:u,1248480,100.00,,
     1.600722055,1657077,,bus-cycles:u,1248544,100.00,,
     1.600722055,10590040,,instructions:u,1248512,100.00,,
     1.601948502,365,,branch-misses:u,1226208,100.00,,
     1.601948502,35,,cache-misses:u,1225632,100.00,,
     1.601948502,1627284,,bus-cycles:u,1225536,100.00,,
     1.601948502,10408299,,instructions:u,1225472,100.00,,
     1.603174661,364,,branch-misses:u,1226592,100.00,,
     1.603174661,110,,cache-misses:u,1226752,100.00,,
     1.603174661,1621791,,bus-cycles:u,1227008,100.00,,
     1.603174661,10368889,,instructions:u,1227072,100.00,,
     1.604405876,366,,branch-misses:u,1230432,100.00,,
     1.604405876,35,,cache-misses:u,1230240,100.00,,
     1.604405876,1633481,,bus-cycles:u,1229984,100.00,,
     1.604405876,10423145,,instructions:u,1229952,100.00,,
     1.605629603,365,,branch-misses:u,1223328,100.00,,
     1.605629603,37,,cache-misses:u,1223296,100.00,,
     1.605629603,1624059,,bus-cycles:u,1223328,100.00,,
     1.605629603,10387524,,instructions:u,1223264,100.00,,
     1.606852530,364,,branch-misses:u,1223680,100.00,,
     1.606852530,93,,cache-misses:u,1223872,100.00,,
     1.606852530,1620592,,bus-cycles:u,1223904,100.00,,
     1.606852530,10373012,,instructions:u,1224000,100.00,,
     1.608082625,366,,branch-misses:u,1229088,100.00,,
     1.608082625,35,,cache-misses:u,1228960,100.00,,
     1.608082625,1631995,,bus-cycles:u,1228928,100.00,,
     1.608082625,10433766,,instructions:u,1228864,100.00,,
     1.609305808,363,,branch-misses:u,1223776,100.00,,
     1.609305808,32,,cache-misses:u,1223872,100.00,,
     1.609305808,1624874,,bus-cycles:u,1223936,100.00,,
     1.609305808,10378621,,instructions:u,1224000,100.00,,
     1.610529663,365,,branch-misses:u,1223200,100.00,,
     1.610529663,39,,cache-misses:u,1223200,100.00,,
     1.610529663,1623870,,bus-cycles:u,1223136,100.00,,
     1.610529663,10395892,,instructions:u,1223168,100.00,,
     1.611771790,367,,branch-misses:u,1242848,100.00,,
     1.611771790,110,,cache-misses:u,1243136,100.00,,
     1.611771790,1642586,,bus-cycles:u,1243232,100.00,,
     1.611771790,10497612,,instructions:u,1243232,100.00,,
     1.612995933,364,,branch-misses:u,1223520,100.00,,
     1.612995933,42,,cache-misses:u,1223008,100.00,,
     1.612995933,1624496,,bus-cycles:u,1223104,100.00,,
     1.612995933,10386615,,instructions:u,1223008,100.00,,
     1.614218412,363,,branch-misses:u,1222432,100.00,,
     1.614218412,40,,cache-misses:u,1222560,100.00,,
     1.614218412,1622933,,bus-cycles:u,1222368,100.00,,
     1.614218412,10376414,,instructions:u,1222240,100.00,,
     1.615440635,364,,branch-misses:u,1223232,100.00,,
     1.615440635,94,,cache-misses:u,1223232,100.00,,
     1.615440635,1620821,,bus-cycles:u,1223232,100.00,,
     1.615440635,10351801,,instructions:u,1223392,100.00,,
     1.616670347,365,,branch-misses:u,1229504,100.00,,
     1.616670347,46,,cache-misses:u,1229728,100.00,,
     1.616670347,1632572,,bus-cycles:u,1229760,100.00,,
     1.616670347,10449003,,instructions:u,1229760,100.00,,
     1.617893978,365,,branch-misses:u,1222784,100.00,,
     1.617893978,40,,cache-misses:u,1222528,100.00,,
     1.617893978,1623103,,bus-cycles:u,1222528,100.00,,
     1.617893978,10378164,,instructions:u,1222592,100.00,,
     1.619116201,363,,branch-misses:u,1223200,100.00,,
     1.619116201,101,,cache-misses:u,1223360,100.00,,
     1.619116201,1616743,,bus-cycles:u,1223328,100.00,,
     1.619116201,10335416,,instructions:u,1223296,100.00,,
     1.620345304,366,,branch-misses:u,1228704,100.00,,
     1.620345304,57,,cache-misses:u,1228512,100.00,,
     1.620345304,1629083,,bus-cycles:u,1228512,100.00,,
     1.620345304,10413432,,instructions:u,1228512,100.00,,
     1.621568967,364,,branch-misses:u,1222944,100.00,,
     1.621568967,35,,cache-misses:u,1223040,100.00,,
     1.621568967,1623695,,bus-cycles:u,1223072,100.00,,
     1.621568967,10380641,,instructions:u,1223040,100.00,,
     1.622790198,363,,branch-misses:u,1222208,100.00,,
     1.622790198,91,,cache-misses:u,1222240,100.00,,
     1.622790198,1618355,,bus-cycles:u,1222240,100.00,,
     1.622790198,10342041,,instructions:u,1222240,100.00,,
     1.624037381,371,,branch-misses:u,1247520,100.00,,
     1.624037381,40,,cache-misses:u,1247840,100.00,,
     1.624037381,1656749,,bus-cycles:u,1247968,100.00,,
     1.624037381,10596742,,instructions:u,1248032,100.00,,
     1.625262804,363,,branch-misses:u,1224704,100.00,,
     1.625262804,36,,cache-misses:u,1224352,100.00,,
     1.625262804,1624077,,bus-cycles:u,1224128,100.00,,
     1.625262804,10372706,,instructions:u,1224000,100.00,,
     1.626484899,364,,branch-misses:u,1222176,100.00,,
     1.626484899,34,,cache-misses:u,1222176,100.00,,
     1.626484899,1622296,,bus-cycles:u,1222240,100.00,,
     1.626484899,10379082,,instructions:u,1222336,100.00,,
     1.627728562,369,,branch-misses:u,1243872,100.00,,
     1.627728562,92,,cache-misses:u,1244000,100.00,,
     1.627728562,1645905,,bus-cycles:u,1243968,100.00,,
     1.627728562,10522134,,instructions:u,1243936,100.00,,
     1.628952193,364,,branch-misses:u,1223392,100.00,,
     1.628952193,40,,cache-misses:u,1223328,100.00,,
     1.628952193,1623733,,bus-cycles:u,1223328,100.00,,
     1.628952193,10391664,,instructions:u,1223360,100.00,,
     1.630174672,363,,branch-misses:u,1221696,100.00,,
     1.630174672,53,,cache-misses:u,1221440,100.00,,
     1.630174672,1621534,,bus-cycles:u,1221280,100.00,,
     1.630174672,10367315,,instructions:u,1221248,100.00,,
     1.631395295,363,,branch-misses:u,1221568,100.00,,
     1.631395295,96,,cache-misses:u,1221824,100.00,,
     1.631395295,1618194,,bus-cycles:u,1222112,100.00,,
     1.631395295,10336552,,instructions:u,1222240,100.00,,
     1.632622030,364,,branch-misses:u,1226400,100.00,,
     1.632622030,44,,cache-misses:u,1226304,100.00,,
     1.632622030,1628588,,bus-cycles:u,1226304,100.00,,
     1.632622030,10408498,,instructions:u,1226272,100.00,,
     1.633845053,364,,branch-misses:u,1223136,100.00,,
     1.633845053,31,,cache-misses:u,1223040,100.00,,
     1.633845053,1623606,,bus-cycles:u,1222848,100.00,,
     1.633845053,10383793,,instructions:u,1222720,100.00,,
     1.635066636,363,,branch-misses:u,1222272,100.00,,
     1.635066636,89,,cache-misses:u,1222496,100.00,,
     1.635066636,1616527,,bus-cycles:u,1222528,100.00,,
     1.635066636,10326202,,instructions:u,1222432,100.00,,
     1.636296475,364,,branch-misses:u,1229024,100.00,,
     1.636296475,38,,cache-misses:u,1228800,100.00,,
     1.636296475,1630934,,bus-cycles:u,1228832,100.00,,
     1.636296475,10422304,,instructions:u,1228992,100.00,,
     1.637519594,364,,branch-misses:u,1222528,100.00,,
     1.637519594,34,,cache-misses:u,1222464,100.00,,
     1.637519594,1623124,,bus-cycles:u,1222432,100.00,,
     1.637519594,10380370,,instructions:u,1222336,100.00,,
     1.638741529,364,,branch-misses:u,1223040,100.00,,
     1.638741529,96,,cache-misses:u,1223328,100.00,,
     1.638741529,1620301,,bus-cycles:u,1223392,100.00,,
     1.638741529,10366584,,instructions:u,1223456,100.00,,
     1.639970312,365,,branch-misses:u,1228160,100.00,,
     1.639970312,44,,cache-misses:u,1227904,100.00,,
     1.639970312,1630756,,bus-cycles:u,1227744,100.00,,
     1.639970312,10423580,,instructions:u,1227776,100.00,,
     1.641194071,362,,branch-misses:u,1223328,100.00,,
     1.641194071,31,,cache-misses:u,1223360,100.00,,
     1.641194071,1625161,,bus-cycles:u,1223552,100.00,,
     1.641194071,10377810,,instructions:u,1223552,100.00,,
     1.642417638,365,,branch-misses:u,1223392,100.00,,
     1.642417638,33,,cache-misses:u,1223392,100.00,,
     1.642417638,1624620,,bus-cycles:u,1223296,100.00,,
     1.642417638,10389934,,instructions:u,1223264,100.00,,
     1.643659638,369,,branch-misses:u,1242336,100.00,,
     1.643659638,92,,cache-misses:u,1242528,100.00,,
     1.643659638,1644595,,bus-cycles:u,1242784,100.00,,
     1.643659638,10514818,,instructions:u,1242752,100.00,,
     1.644884421,365,,branch-misses:u,1224448,100.00,,
     1.644884421,35,,cache-misses:u,1224192,100.00,,
     1.644884421,1624569,,bus-cycles:u,1223936,100.00,,
     1.644884421,10391427,,instructions:u,1223904,100.00,,
     1.646123732,369,,branch-misses:u,1240128,100.00,,
     1.646123732,47,,cache-misses:u,1240288,100.00,,
     1.646123732,1646311,,bus-cycles:u,1240320,100.00,,
     1.646123732,10522751,,instructions:u,1240352,100.00,,
     1.647347459,363,,branch-misses:u,1224128,100.00,,
     1.647347459,92,,cache-misses:u,1224320,100.00,,
     1.647347459,1622639,,bus-cycles:u,1224480,100.00,,
     1.647347459,10374609,,instructions:u,1224512,100.00,,
     1.648576274,366,,branch-misses:u,1227616,100.00,,
     1.648576274,39,,cache-misses:u,1227424,100.00,,
     1.648576274,1629788,,bus-cycles:u,1227296,100.00,,
     1.648576274,10429490,,instructions:u,1227264,100.00,,
     1.649797665,363,,branch-misses:u,1221280,100.00,,
     1.649797665,44,,cache-misses:u,1221280,100.00,,
     1.649797665,1621916,,bus-cycles:u,1221248,100.00,,
     1.649797665,10366249,,instructions:u,1221312,100.00,,
     1.651018288,364,,branch-misses:u,1221440,100.00,,
     1.651018288,93,,cache-misses:u,1221440,100.00,,
     1.651018288,1616999,,bus-cycles:u,1221472,100.00,,
     1.651018288,10343407,,instructions:u,1221408,100.00,,
     1.652245279,363,,branch-misses:u,1226336,100.00,,
     1.652245279,41,,cache-misses:u,1226368,100.00,,
     1.652245279,1628541,,bus-cycles:u,1226368,100.00,,
     1.652245279,10400987,,instructions:u,1226368,100.00,,
     1.653467278,365,,branch-misses:u,1221952,100.00,,
     1.653467278,31,,cache-misses:u,1221824,100.00,,
     1.653467278,1622766,,bus-cycles:u,1221792,100.00,,
     1.653467278,10381245,,instructions:u,1221824,100.00,,
     1.654688093,362,,branch-misses:u,1221696,100.00,,
     1.654688093,78,,cache-misses:u,1221696,100.00,,
     1.654688093,1618412,,bus-cycles:u,1221760,100.00,,
     1.654688093,10347137,,instructions:u,1222016,100.00,,
     1.655916556,366,,branch-misses:u,1228320,100.00,,
     1.655916556,61,,cache-misses:u,1228416,100.00,,
     1.655916556,1632012,,bus-cycles:u,1228352,100.00,,
     1.655916556,10434706,,instructions:u,1228064,100.00,,
     1.657139899,364,,branch-misses:u,1222848,100.00,,
     1.657139899,36,,cache-misses:u,1222784,100.00,,
     1.657139899,1624561,,bus-cycles:u,1222752,100.00,,
     1.657139899,10389055,,instructions:u,1222816,100.00,,
     1.658361322,363,,branch-misses:u,1221056,100.00,,
     1.658361322,31,,cache-misses:u,1221056,100.00,,
     1.658361322,1622434,,bus-cycles:u,1221056,100.00,,
     1.658361322,10357864,,instructions:u,1221056,100.00,,
     1.659583097,363,,branch-misses:u,1222688,100.00,,
     1.659583097,97,,cache-misses:u,1222816,100.00,,
     1.659583097,1620462,,bus-cycles:u,1222784,100.00,,
     1.659583097,10356075,,instructions:u,1222688,100.00,,
     1.660810696,367,,branch-misses:u,1226688,100.00,,
     1.660810696,35,,cache-misses:u,1226560,100.00,,
     1.660810696,1629273,,bus-cycles:u,1226592,100.00,,
     1.660810696,10419626,,instructions:u,1226688,100.00,,
     1.662032247,361,,branch-misses:u,1221504,100.00,,
     1.662032247,49,,cache-misses:u,1221440,100.00,,
     1.662032247,1622514,,bus-cycles:u,1221536,100.00,,
     1.662032247,10373228,,instructions:u,1221440,100.00,,
     1.663253318,363,,branch-misses:u,1221984,100.00,,
     1.663253318,102,,cache-misses:u,1222176,100.00,,
     1.663253318,1619346,,bus-cycles:u,1222336,100.00,,
     1.663253318,10342107,,instructions:u,1222368,100.00,,
     1.664481525,365,,branch-misses:u,1227904,100.00,,
     1.664481525,39,,cache-misses:u,1227872,100.00,,
     1.664481525,1631270,,bus-cycles:u,1227616,100.00,,
     1.664481525,10425228,,instructions:u,1227584,100.00,,
     1.665704324,363,,branch-misses:u,1222560,100.00,,
     1.665704324,33,,cache-misses:u,1222464,100.00,,
     1.665704324,1624521,,bus-cycles:u,1222528,100.00,,
     1.665704324,10377786,,instructions:u,1222592,100.00,,
     1.666926035,363,,branch-misses:u,1222912,100.00,,
     1.666926035,104,,cache-misses:u,1223584,100.00,,
     1.666926035,1618058,,bus-cycles:u,1223712,100.00,,
     1.666926035,10350330,,instructions:u,1223776,100.00,,
     1.668157538,367,,branch-misses:u,1231264,100.00,,
     1.668157538,37,,cache-misses:u,1231136,100.00,,
     1.668157538,1633649,,bus-cycles:u,1231008,100.00,,
     1.668157538,10468296,,instructions:u,1230944,100.00,,
     1.669409298,372,,branch-misses:u,1251456,100.00,,
     1.669409298,39,,cache-misses:u,1251584,100.00,,
     1.669409298,1662200,,bus-cycles:u,1251616,100.00,,
     1.669409298,10637499,,instructions:u,1251616,100.00,,
     1.670634049,365,,branch-misses:u,1224896,100.00,,
     1.670634049,58,,cache-misses:u,1224512,100.00,,
     1.670634049,1621983,,bus-cycles:u,1224960,100.00,,
     1.670634049,10360998,,instructions:u,1225120,100.00,,
     1.671867408,366,,branch-misses:u,1232800,100.00,,
     1.671867408,69,,cache-misses:u,1232544,100.00,,
     1.671867408,1636540,,bus-cycles:u,1232032,100.00,,
     1.671867408,10448488,,instructions:u,1232160,100.00,,
     1.673090239,363,,branch-misses:u,1222752,100.00,,
     1.673090239,38,,cache-misses:u,1222784,100.00,,
     1.673090239,1624102,,bus-cycles:u,1222816,100.00,,
     1.673090239,10375026,,instructions:u,1222528,100.00,,
     1.674313134,365,,branch-misses:u,1222688,100.00,,
     1.674313134,37,,cache-misses:u,1222624,100.00,,
     1.674313134,1623398,,bus-cycles:u,1222624,100.00,,
     1.674313134,10389855,,instructions:u,1222688,100.00,,
     1.675535901,363,,branch-misses:u,1223328,100.00,,
     1.675535901,99,,cache-misses:u,1223456,100.00,,
     1.675535901,1620715,,bus-cycles:u,1223456,100.00,,
     1.675535901,10362214,,instructions:u,1223360,100.00,,
     1.676765004,366,,branch-misses:u,1228512,100.00,,
     1.676765004,37,,cache-misses:u,1228448,100.00,,
     1.676765004,1631803,,bus-cycles:u,1228512,100.00,,
     1.676765004,10436939,,instructions:u,1228640,100.00,,
     1.677988219,364,,branch-misses:u,1223328,100.00,,
     1.677988219,33,,cache-misses:u,1223264,100.00,,
     1.677988219,1624179,,bus-cycles:u,1223200,100.00,,
     1.677988219,10391916,,instructions:u,1223104,100.00,,
     1.679211722,363,,branch-misses:u,1223840,100.00,,
     1.679211722,101,,cache-misses:u,1224096,100.00,,
     1.679211722,1620205,,bus-cycles:u,1224160,100.00,,
     1.679211722,10354739,,instructions:u,1224224,100.00,,
     1.680438649,366,,branch-misses:u,1226624,100.00,,
     1.680438649,33,,cache-misses:u,1226528,100.00,,
     1.680438649,1628544,,bus-cycles:u,1226528,100.00,,
     1.680438649,10422361,,instructions:u,1226560,100.00,,
     1.681662632,363,,branch-misses:u,1223360,100.00,,
     1.681662632,41,,cache-misses:u,1223392,100.00,,
     1.681662632,1624660,,bus-cycles:u,1223264,100.00,,
     1.681662632,10386340,,instructions:u,1223232,100.00,,
     1.682884759,364,,branch-misses:u,1222944,100.00,,
     1.682884759,94,,cache-misses:u,1223008,100.00,,
     1.682884759,1617598,,bus-cycles:u,1223072,100.00,,
     1.682884759,10350140,,instructions:u,1223072,100.00,,
     1.684111782,365,,branch-misses:u,1226400,100.00,,
     1.684111782,38,,cache-misses:u,1226240,100.00,,
     1.684111782,1628182,,bus-cycles:u,1226272,100.00,,
     1.684111782,10408124,,instructions:u,1226272,100.00,,
     1.685332981,364,,branch-misses:u,1220896,100.00,,
     1.685332981,30,,cache-misses:u,1220960,100.00,,
     1.685332981,1620434,,bus-cycles:u,1221056,100.00,,
     1.685332981,10358810,,instructions:u,1221024,100.00,,
     1.686574788,369,,branch-misses:u,1242880,100.00,,
     1.686574788,46,,cache-misses:u,1242976,100.00,,
     1.686574788,1646416,,bus-cycles:u,1243168,100.00,,
     1.686574788,10527430,,instructions:u,1243200,100.00,,
     1.687804179,365,,branch-misses:u,1229056,100.00,,
     1.687804179,85,,cache-misses:u,1228896,100.00,,
     1.687804179,1631142,,bus-cycles:u,1228608,100.00,,
     1.687804179,10427627,,instructions:u,1228544,100.00,,
     1.689027202,363,,branch-misses:u,1222304,100.00,,
     1.689027202,40,,cache-misses:u,1222272,100.00,,
     1.689027202,1622730,,bus-cycles:u,1222304,100.00,,
     1.689027202,10366683,,instructions:u,1222240,100.00,,
     1.690249617,364,,branch-misses:u,1222496,100.00,,
     1.690249617,32,,cache-misses:u,1222528,100.00,,
     1.690249617,1622997,,bus-cycles:u,1222496,100.00,,
     1.690249617,10379592,,instructions:u,1222592,100.00,,
     1.691487904,368,,branch-misses:u,1239072,100.00,,
     1.691487904,113,,cache-misses:u,1239232,100.00,,
     1.691487904,1640203,,bus-cycles:u,1239264,100.00,,
     1.691487904,10479178,,instructions:u,1239744,100.00,,
     1.692717327,364,,branch-misses:u,1229248,100.00,,
     1.692717327,39,,cache-misses:u,1229344,100.00,,
     1.692717327,1633071,,bus-cycles:u,1229248,100.00,,
     1.692717327,10442242,,instructions:u,1228736,100.00,,
     1.693941566,365,,branch-misses:u,1223488,100.00,,
     1.693941566,37,,cache-misses:u,1223200,100.00,,
     1.693941566,1624514,,bus-cycles:u,1223200,100.00,,
     1.693941566,10379964,,instructions:u,1223232,100.00,,
     1.695163501,362,,branch-misses:u,1223072,100.00,,
     1.695163501,96,,cache-misses:u,1224032,100.00,,
     1.695163501,1619861,,bus-cycles:u,1224192,100.00,,
     1.695163501,10335581,,instructions:u,1224288,100.00,,
     1.696396253,366,,branch-misses:u,1232224,100.00,,
     1.696396253,38,,cache-misses:u,1231552,100.00,,
     1.696396253,1634936,,bus-cycles:u,1231392,100.00,,
     1.696396253,10461185,,instructions:u,1231296,100.00,,
     1.697619820,363,,branch-misses:u,1222976,100.00,,
     1.697619820,40,,cache-misses:u,1222944,100.00,,
     1.697619820,1624133,,bus-cycles:u,1222976,100.00,,
     1.697619820,10381444,,instructions:u,1222944,100.00,,
     1.698841723,364,,branch-misses:u,1222848,100.00,,
     1.698841723,103,,cache-misses:u,1222720,100.00,,
     1.698841723,1616697,,bus-cycles:u,1222752,100.00,,
     1.698841723,10343410,,instructions:u,1222944,100.00,,
     1.700071754,364,,branch-misses:u,1229664,100.00,,
     1.700071754,37,,cache-misses:u,1229536,100.00,,
     1.700071754,1633104,,bus-cycles:u,1229536,100.00,,
     1.700071754,10428960,,instructions:u,1229376,100.00,,
     1.701294297,364,,branch-misses:u,1221760,100.00,,
     1.701294297,32,,cache-misses:u,1221664,100.00,,
     1.701294297,1623051,,bus-cycles:u,1221632,100.00,,
     1.701294297,10389357,,instructions:u,1221600,100.00,,
     1.702515976,363,,branch-misses:u,1222336,100.00,,
     1.702515976,46,,cache-misses:u,1222720,100.00,,
     1.702515976,1623265,,bus-cycles:u,1222688,100.00,,
     1.702515976,10383343,,instructions:u,1223008,100.00,,
     1.703779159,377,,branch-misses:u,1269056,100.00,,
     1.703779159,73,,cache-misses:u,1271872,100.00,,
     1.703779159,1686983,,bus-cycles:u,1274496,100.00,,
     1.703779159,10800085,,instructions:u,1276352,100.00,,
     1.705088103,388,,branch-misses:u,1306976,100.00,,
     1.705088103,38,,cache-misses:u,1306880,100.00,,
     1.705088103,1733411,,bus-cycles:u,1306592,100.00,,
     1.705088103,11072845,,instructions:u,1306560,100.00,,
     1.706387927,387,,branch-misses:u,1300352,100.00,,
     1.706387927,45,,cache-misses:u,1300448,100.00,,
     1.706387927,1725179,,bus-cycles:u,1300352,100.00,,
     1.706387927,11036807,,instructions:u,1300640,100.00,,
     1.707845993,434,,branch-misses:u,1458304,100.00,,
     1.707845993,92,,cache-misses:u,1457600,100.00,,
     1.707845993,1928942,,bus-cycles:u,1457152,100.00,,
     1.707845993,12323694,,instructions:u,1456224,100.00,,
     1.709207834,403,,branch-misses:u,1358944,100.00,,
     1.709207834,41,,cache-misses:u,1358112,100.00,,
     1.709207834,1802647,,bus-cycles:u,1356768,100.00,,
     1.709207834,11510638,,instructions:u,1355904,100.00,,
     1.710445385,367,,branch-misses:u,1237088,100.00,,
     1.710445385,37,,cache-misses:u,1236160,100.00,,
     1.710445385,1641158,,bus-cycles:u,1235744,100.00,,
     1.710445385,10478194,,instructions:u,1235552,100.00,,
     1.711708888,375,,branch-misses:u,1262656,100.00,,
     1.711708888,99,,cache-misses:u,1262464,100.00,,
     1.711708888,1666194,,bus-cycles:u,1262592,100.00,,
     1.711708888,10648208,,instructions:u,1262432,100.00,,
     1.712936103,363,,branch-misses:u,1226528,100.00,,
     1.712936103,47,,cache-misses:u,1226080,100.00,,
     1.712936103,1628273,,bus-cycles:u,1225760,100.00,,
     1.712936103,10417706,,instructions:u,1225472,100.00,,
     1.714195159,375,,branch-misses:u,1259616,100.00,,
     1.714195159,33,,cache-misses:u,1260032,100.00,,
     1.714195159,1673629,,bus-cycles:u,1260320,100.00,,
     1.714195159,10706464,,instructions:u,1260448,100.00,,
     1.715423110,365,,branch-misses:u,1227872,100.00,,
     1.715423110,96,,cache-misses:u,1227584,100.00,,
     1.715423110,1624078,,bus-cycles:u,1227616,100.00,,
     1.715423110,10376292,,instructions:u,1227680,100.00,,
     1.716657397,367,,branch-misses:u,1233824,100.00,,
     1.716657397,40,,cache-misses:u,1233728,100.00,,
     1.716657397,1637871,,bus-cycles:u,1233632,100.00,,
     1.716657397,10474529,,instructions:u,1233568,100.00,,
     1.717882148,364,,branch-misses:u,1224160,100.00,,
     1.717882148,32,,cache-misses:u,1224768,100.00,,
     1.717882148,1625700,,bus-cycles:u,1224608,100.00,,
     1.717882148,10397623,,instructions:u,1224512,100.00,,
     1.719107667,364,,branch-misses:u,1227296,100.00,,
     1.719107667,105,,cache-misses:u,1227744,100.00,,
     1.719107667,1622700,,bus-cycles:u,1227840,100.00,,
     1.719107667,10376627,,instructions:u,1227808,100.00,,
     1.720339266,365,,branch-misses:u,1230208,100.00,,
     1.720339266,37,,cache-misses:u,1229088,100.00,,
     1.720339266,1630751,,bus-cycles:u,1229120,100.00,,
     1.720339266,10415686,,instructions:u,1229152,100.00,,
     1.721563057,363,,branch-misses:u,1223136,100.00,,
     1.721563057,48,,cache-misses:u,1223488,100.00,,
     1.721563057,1623579,,bus-cycles:u,1223456,100.00,,
     1.721563057,10368983,,instructions:u,1223584,100.00,,
     1.722787168,364,,branch-misses:u,1225312,100.00,,
     1.722787168,97,,cache-misses:u,1225248,100.00,,
     1.722787168,1620182,,bus-cycles:u,1225248,100.00,,
     1.722787168,10356259,,instructions:u,1225120,100.00,,
     1.724019951,367,,branch-misses:u,1232352,100.00,,
     1.724019951,38,,cache-misses:u,1232224,100.00,,
     1.724019951,1635469,,bus-cycles:u,1232192,100.00,,
     1.724019951,10462699,,instructions:u,1232128,100.00,,
     1.725245918,365,,branch-misses:u,1225280,100.00,,
     1.725245918,34,,cache-misses:u,1225088,100.00,,
     1.725245918,1627039,,bus-cycles:u,1225120,100.00,,
     1.725245918,10429339,,instructions:u,1225152,100.00,,
     1.726471566,365,,branch-misses:u,1225504,100.00,,
     1.726471566,34,,cache-misses:u,1225504,100.00,,
     1.726471566,1627378,,bus-cycles:u,1225504,100.00,,
     1.726471566,10409488,,instructions:u,1225472,100.00,,
     1.727726749,373,,branch-misses:u,1256192,100.00,,
     1.727726749,90,,cache-misses:u,1256832,100.00,,
     1.727726749,1662496,,bus-cycles:u,1256864,100.00,,
     1.727726749,10617199,,instructions:u,1256928,100.00,,
     1.728954412,364,,branch-misses:u,1227360,100.00,,
     1.728954412,36,,cache-misses:u,1226784,100.00,,
     1.728954412,1628714,,bus-cycles:u,1226784,100.00,,
     1.728954412,10397559,,instructions:u,1226784,100.00,,
     1.730179387,363,,branch-misses:u,1224352,100.00,,
     1.730179387,39,,cache-misses:u,1224608,100.00,,
     1.730179387,1625929,,bus-cycles:u,1224608,100.00,,
     1.730179387,10399959,,instructions:u,1224544,100.00,,
     1.731404010,365,,branch-misses:u,1225664,100.00,,
     1.731404010,94,,cache-misses:u,1225408,100.00,,
     1.731404010,1622264,,bus-cycles:u,1225440,100.00,,
     1.731404010,10371250,,instructions:u,1225632,100.00,,
     1.732633273,365,,branch-misses:u,1228960,100.00,,
     1.732633273,52,,cache-misses:u,1229248,100.00,,
     1.732633273,1632542,,bus-cycles:u,1229216,100.00,,
     1.732633273,10438329,,instructions:u,1228992,100.00,,
     1.733858568,365,,branch-misses:u,1224448,100.00,,
     1.733858568,33,,cache-misses:u,1224160,100.00,,
     1.733858568,1625286,,bus-cycles:u,1224160,100.00,,
     1.733858568,10397922,,instructions:u,1224192,100.00,,
     1.735082679,363,,branch-misses:u,1225536,100.00,,
     1.735082679,122,,cache-misses:u,1225600,100.00,,
     1.735082679,1617642,,bus-cycles:u,1225632,100.00,,
     1.735082679,10341239,,instructions:u,1225600,100.00,,
     1.736313030,365,,branch-misses:u,1229632,100.00,,
     1.736313030,38,,cache-misses:u,1229504,100.00,,
     1.736313030,1632341,,bus-cycles:u,1229536,100.00,,
     1.736313030,10431778,,instructions:u,1229536,100.00,,
     1.737563318,372,,branch-misses:u,1250464,100.00,,
     1.737563318,34,,cache-misses:u,1250496,100.00,,
     1.737563318,1660842,,bus-cycles:u,1250464,100.00,,
     1.737563318,10632720,,instructions:u,1250464,100.00,,
     1.738790501,365,,branch-misses:u,1227296,100.00,,
     1.738790501,101,,cache-misses:u,1227552,100.00,,
     1.738790501,1626515,,bus-cycles:u,1227584,100.00,,
     1.738790501,10404389,,instructions:u,1227648,100.00,,
     1.740023380,367,,branch-misses:u,1232448,100.00,,
     1.740023380,33,,cache-misses:u,1232416,100.00,,
     1.740023380,1636389,,bus-cycles:u,1232352,100.00,,
     1.740023380,10470042,,instructions:u,1232352,100.00,,
     1.741250627,364,,branch-misses:u,1226560,100.00,,
     1.741250627,40,,cache-misses:u,1226176,100.00,,
     1.741250627,1628193,,bus-cycles:u,1226080,100.00,,
     1.741250627,10416324,,instructions:u,1226048,100.00,,
     1.742474514,365,,branch-misses:u,1224512,100.00,,
     1.742474514,31,,cache-misses:u,1224576,100.00,,
     1.742474514,1625682,,bus-cycles:u,1224704,100.00,,
     1.742474514,10390389,,instructions:u,1224704,100.00,,
     1.743722689,371,,branch-misses:u,1248352,100.00,,
     1.743722689,91,,cache-misses:u,1248512,100.00,,
     1.743722689,1652857,,bus-cycles:u,1248448,100.00,,
     1.743722689,10566894,,instructions:u,1248768,100.00,,
     1.744949136,365,,branch-misses:u,1225664,100.00,,
     1.744949136,39,,cache-misses:u,1225504,100.00,,
     1.744949136,1627018,,bus-cycles:u,1225536,100.00,,
     1.744949136,10406906,,instructions:u,1225088,100.00,,
     1.746172927,365,,branch-misses:u,1223744,100.00,,
     1.746172927,30,,cache-misses:u,1223744,100.00,,
     1.746172927,1625540,,bus-cycles:u,1223712,100.00,,
     1.746172927,10400950,,instructions:u,1223904,100.00,,
     1.747396526,363,,branch-misses:u,1224480,100.00,,
     1.747396526,101,,cache-misses:u,1224672,100.00,,
     1.747396526,1621480,,bus-cycles:u,1224704,100.00,,
     1.747396526,10366824,,instructions:u,1224672,100.00,,
     1.748626813,366,,branch-misses:u,1230016,100.00,,
     1.748626813,36,,cache-misses:u,1229920,100.00,,
     1.748626813,1633478,,bus-cycles:u,1229824,100.00,,
     1.748626813,10441183,,instructions:u,1229824,100.00,,
     1.749853388,364,,branch-misses:u,1226016,100.00,,
     1.749853388,33,,cache-misses:u,1226176,100.00,,
     1.749853388,1627899,,bus-cycles:u,1226272,100.00,,
     1.749853388,10397535,,instructions:u,1226272,100.00,,
     1.751077563,365,,branch-misses:u,1224960,100.00,,
     1.751077563,99,,cache-misses:u,1224832,100.00,,
     1.751077563,1622433,,bus-cycles:u,1224800,100.00,,
     1.751077563,10374048,,instructions:u,1224800,100.00,,
     1.752307498,365,,branch-misses:u,1229696,100.00,,
     1.752307498,35,,cache-misses:u,1229568,100.00,,
     1.752307498,1633479,,bus-cycles:u,1229600,100.00,,
     1.752307498,10445510,,instructions:u,1229632,100.00,,
     1.753531353,365,,branch-misses:u,1223104,100.00,,
     1.753531353,34,,cache-misses:u,1223136,100.00,,
     1.753531353,1624385,,bus-cycles:u,1223040,100.00,,
     1.753531353,10388285,,instructions:u,1222976,100.00,,
     1.754754856,363,,branch-misses:u,1224480,100.00,,
     1.754754856,94,,cache-misses:u,1224544,100.00,,
     1.754754856,1621837,,bus-cycles:u,1224608,100.00,,
     1.754754856,10378379,,instructions:u,1224544,100.00,,
     1.755984664,366,,branch-misses:u,1228832,100.00,,
     1.755984664,32,,cache-misses:u,1228800,100.00,,
     1.755984664,1631786,,bus-cycles:u,1228768,100.00,,
     1.755984664,10425215,,instructions:u,1228800,100.00,,
     1.757209223,365,,branch-misses:u,1224512,100.00,,
     1.757209223,38,,cache-misses:u,1224448,100.00,,
     1.757209223,1625984,,bus-cycles:u,1224416,100.00,,
     1.757209223,10403017,,instructions:u,1224480,100.00,,
     1.758432758,364,,branch-misses:u,1223520,100.00,,
     1.758432758,32,,cache-misses:u,1223552,100.00,,
     1.758432758,1624595,,bus-cycles:u,1223552,100.00,,
     1.758432758,10388706,,instructions:u,1223584,100.00,,
     1.759696965,378,,branch-misses:u,1265536,100.00,,
     1.759696965,77,,cache-misses:u,1266336,100.00,,
     1.759696965,1677718,,bus-cycles:u,1266816,100.00,,
     1.759696965,10719896,,instructions:u,1266752,100.00,,
     1.760926356,365,,branch-misses:u,1228896,100.00,,
     1.760926356,33,,cache-misses:u,1228480,100.00,,
     1.760926356,1632125,,bus-cycles:u,1227968,100.00,,
     1.760926356,10434030,,instructions:u,1228000,100.00,,
     1.762151939,364,,branch-misses:u,1225504,100.00,,
     1.762151939,45,,cache-misses:u,1225536,100.00,,
     1.762151939,1628331,,bus-cycles:u,1225632,100.00,,
     1.762151939,10403073,,instructions:u,1225632,100.00,,
     1.763375826,364,,branch-misses:u,1224736,100.00,,
     1.763375826,114,,cache-misses:u,1224768,100.00,,
     1.763375826,1619848,,bus-cycles:u,1225056,100.00,,
     1.763375826,10358322,,instructions:u,1225120,100.00,,
     1.764609089,366,,branch-misses:u,1232576,100.00,,
     1.764609089,33,,cache-misses:u,1232768,100.00,,
     1.764609089,1636142,,bus-cycles:u,1232480,100.00,,
     1.764609089,10451250,,instructions:u,1232416,100.00,,
     1.765835216,365,,branch-misses:u,1226176,100.00,,
     1.765835216,42,,cache-misses:u,1225920,100.00,,
     1.765835216,1629104,,bus-cycles:u,1225920,100.00,,
     1.765835216,10415712,,instructions:u,1225952,100.00,,
     1.767060895,365,,branch-misses:u,1226016,100.00,,
     1.767060895,96,,cache-misses:u,1226016,100.00,,
     1.767060895,1625126,,bus-cycles:u,1226368,100.00,,
     1.767060895,10387119,,instructions:u,1226304,100.00,,
     1.768291471,366,,branch-misses:u,1229536,100.00,,
     1.768291471,44,,cache-misses:u,1229568,100.00,,
     1.768291471,1632778,,bus-cycles:u,1229152,100.00,,
     1.768291471,10448347,,instructions:u,1229184,100.00,,
     1.769516734,364,,branch-misses:u,1225056,100.00,,
     1.769516734,33,,cache-misses:u,1224704,100.00,,
     1.769516734,1627371,,bus-cycles:u,1224800,100.00,,
     1.769516734,10398286,,instructions:u,1224800,100.00,,
     1.770740301,364,,branch-misses:u,1224544,100.00,,
     1.770740301,91,,cache-misses:u,1224896,100.00,,
     1.770740301,1621488,,bus-cycles:u,1224832,100.00,,
     1.770740301,10368219,,instructions:u,1224800,100.00,,
     1.771970460,366,,branch-misses:u,1229184,100.00,,
     1.771970460,40,,cache-misses:u,1228896,100.00,,
     1.771970460,1631429,,bus-cycles:u,1228928,100.00,,
     1.771970460,10439110,,instructions:u,1228992,100.00,,
     1.773195083,365,,branch-misses:u,1224576,100.00,,
     1.773195083,33,,cache-misses:u,1224512,100.00,,
     1.773195083,1624508,,bus-cycles:u,1224544,100.00,,
     1.773195083,10395877,,instructions:u,1224512,100.00,,
     1.774419002,363,,branch-misses:u,1223872,100.00,,
     1.774419002,38,,cache-misses:u,1223872,100.00,,
     1.774419002,1624550,,bus-cycles:u,1223808,100.00,,
     1.774419002,10381758,,instructions:u,1223840,100.00,,
     1.775662921,369,,branch-misses:u,1244096,100.00,,
     1.775662921,89,,cache-misses:u,1244320,100.00,,
     1.775662921,1648187,,bus-cycles:u,1244448,100.00,,
     1.775662921,10527842,,instructions:u,1244640,100.00,,
     1.776884984,363,,branch-misses:u,1221760,100.00,,
     1.776884984,37,,cache-misses:u,1221920,100.00,,
     1.776884984,1621813,,bus-cycles:u,1221824,100.00,,
     1.776884984,10358524,,instructions:u,1221600,100.00,,
     1.778109127,364,,branch-misses:u,1224224,100.00,,
     1.778109127,33,,cache-misses:u,1223840,100.00,,
     1.778109127,1625351,,bus-cycles:u,1223904,100.00,,
     1.778109127,10384163,,instructions:u,1224000,100.00,,
     1.779332310,365,,branch-misses:u,1224064,100.00,,
     1.779332310,99,,cache-misses:u,1224128,100.00,,
     1.779332310,1622152,,bus-cycles:u,1224416,100.00,,
     1.779332310,10376139,,instructions:u,1224320,100.00,,
     1.780562085,365,,branch-misses:u,1229600,100.00,,
     1.780562085,38,,cache-misses:u,1229504,100.00,,
     1.780562085,1633289,,bus-cycles:u,1229088,100.00,,
     1.780562085,10436316,,instructions:u,1229120,100.00,,
     1.781805332,370,,branch-misses:u,1243424,100.00,,
     1.781805332,30,,cache-misses:u,1243552,100.00,,
     1.781805332,1652196,,bus-cycles:u,1243744,100.00,,
     1.781805332,10570890,,instructions:u,1243744,100.00,,
     1.783031875,364,,branch-misses:u,1226496,100.00,,
     1.783031875,98,,cache-misses:u,1226592,100.00,,
     1.783031875,1625037,,bus-cycles:u,1226688,100.00,,
     1.783031875,10392387,,instructions:u,1226720,100.00,,
     1.784261810,366,,branch-misses:u,1229728,100.00,,
     1.784261810,33,,cache-misses:u,1229632,100.00,,
     1.784261810,1632896,,bus-cycles:u,1229376,100.00,,
     1.784261810,10446820,,instructions:u,1229376,100.00,,
     1.785486273,364,,branch-misses:u,1224384,100.00,,
     1.785486273,39,,cache-misses:u,1224256,100.00,,
     1.785486273,1626856,,bus-cycles:u,1224320,100.00,,
     1.785486273,10396562,,instructions:u,1224192,100.00,,
     1.786709968,364,,branch-misses:u,1223904,100.00,,
     1.786709968,95,,cache-misses:u,1224064,100.00,,
     1.786709968,1621621,,bus-cycles:u,1224352,100.00,,
     1.786709968,10356926,,instructions:u,1224672,100.00,,
     1.787940288,366,,branch-misses:u,1230240,100.00,,
     1.787940288,40,,cache-misses:u,1230080,100.00,,
     1.787940288,1634015,,bus-cycles:u,1229792,100.00,,
     1.787940288,10437322,,instructions:u,1229472,100.00,,
     1.789164719,362,,branch-misses:u,1223616,100.00,,
     1.789164719,33,,cache-misses:u,1223904,100.00,,
     1.789164719,1626354,,bus-cycles:u,1223904,100.00,,
     1.789164719,10384656,,instructions:u,1223936,100.00,,
     1.790388478,365,,branch-misses:u,1224384,100.00,,
     1.790388478,40,,cache-misses:u,1224192,100.00,,
     1.790388478,1626510,,bus-cycles:u,1224224,100.00,,
     1.790388478,10403086,,instructions:u,1224256,100.00,,
     1.791628173,368,,branch-misses:u,1240576,100.00,,
     1.791628173,94,,cache-misses:u,1241376,100.00,,
     1.791628173,1645880,,bus-cycles:u,1241984,100.00,,
     1.791628173,10514289,,instructions:u,1242080,100.00,,
     1.792863548,368,,branch-misses:u,1234752,100.00,,
     1.792863548,40,,cache-misses:u,1234016,100.00,,
     1.792863548,1638500,,bus-cycles:u,1233408,100.00,,
     1.792863548,10482730,,instructions:u,1233312,100.00,,
     1.794088715,364,,branch-misses:u,1224224,100.00,,
     1.794088715,39,,cache-misses:u,1224064,100.00,,
     1.794088715,1625784,,bus-cycles:u,1224064,100.00,,
     1.794088715,10400676,,instructions:u,1224064,100.00,,
     1.795312282,364,,branch-misses:u,1224832,100.00,,
     1.795312282,96,,cache-misses:u,1225280,100.00,,
     1.795312282,1619971,,bus-cycles:u,1225408,100.00,,
     1.795312282,10350369,,instructions:u,1225536,100.00,,
     1.796545929,367,,branch-misses:u,1233152,100.00,,
     1.796545929,36,,cache-misses:u,1233120,100.00,,
     1.796545929,1638046,,bus-cycles:u,1232960,100.00,,
     1.796545929,10483903,,instructions:u,1232896,100.00,,
     1.797771224,364,,branch-misses:u,1224416,100.00,,
     1.797771224,28,,cache-misses:u,1224416,100.00,,
     1.797771224,1626686,,bus-cycles:u,1224416,100.00,,
     1.797771224,10405026,,instructions:u,1224416,100.00,,
     1.798995175,365,,branch-misses:u,1225440,100.00,,
     1.798995175,101,,cache-misses:u,1225376,100.00,,
     1.798995175,1622659,,bus-cycles:u,1225344,100.00,,
     1.798995175,10380634,,instructions:u,1225568,100.00,,
     1.800226678,367,,branch-misses:u,1230080,100.00,,
     1.800226678,35,,cache-misses:u,1229792,100.00,,
     1.800226678,1633734,,bus-cycles:u,1229792,100.00,,
     1.800226678,10445333,,instructions:u,1229504,100.00,,
     1.801450725,364,,branch-misses:u,1223808,100.00,,
     1.801450725,33,,cache-misses:u,1223744,100.00,,
     1.801450725,1625970,,bus-cycles:u,1224128,100.00,,
     1.801450725,10399779,,instructions:u,1224096,100.00,,
     1.802673812,364,,branch-misses:u,1224192,100.00,,
     1.802673812,80,,cache-misses:u,1224544,100.00,,
     1.802673812,1621626,,bus-cycles:u,1224160,100.00,,
     1.802673812,10365698,,instructions:u,1224128,100.00,,
     1.803904131,365,,branch-misses:u,1229952,100.00,,
     1.803904131,60,,cache-misses:u,1229984,100.00,,
     1.803904131,1633957,,bus-cycles:u,1229984,100.00,,
     1.803904131,10443166,,instructions:u,1230368,100.00,,
     1.805149971,370,,branch-misses:u,1246400,100.00,,
     1.805149971,40,,cache-misses:u,1246592,100.00,,
     1.805149971,1655850,,bus-cycles:u,1246656,100.00,,
     1.805149971,10596407,,instructions:u,1246368,100.00,,
     1.806377986,366,,branch-misses:u,1226720,100.00,,
     1.806377986,36,,cache-misses:u,1226560,100.00,,
     1.806377986,1629143,,bus-cycles:u,1226464,100.00,,
     1.806377986,10423116,,instructions:u,1226496,100.00,,
     1.807602769,364,,branch-misses:u,1225888,100.00,,
     1.807602769,104,,cache-misses:u,1225888,100.00,,
     1.807602769,1623438,,bus-cycles:u,1225952,100.00,,
     1.807602769,10381394,,instructions:u,1225888,100.00,,
     1.808834208,366,,branch-misses:u,1231072,100.00,,
     1.808834208,42,,cache-misses:u,1231008,100.00,,
     1.808834208,1634913,,bus-cycles:u,1230976,100.00,,
     1.808834208,10446405,,instructions:u,1230944,100.00,,
     1.810058895,365,,branch-misses:u,1224704,100.00,,
     1.810058895,32,,cache-misses:u,1224320,100.00,,
     1.810058895,1626034,,bus-cycles:u,1224320,100.00,,
     1.810058895,10407768,,instructions:u,1224320,100.00,,
     1.811283454,364,,branch-misses:u,1224736,100.00,,
     1.811283454,93,,cache-misses:u,1224896,100.00,,
     1.811283454,1622323,,bus-cycles:u,1225056,100.00,,
     1.811283454,10378046,,instructions:u,1225216,100.00,,
     1.812512045,367,,branch-misses:u,1228512,100.00,,
     1.812512045,37,,cache-misses:u,1228736,100.00,,
     1.812512045,1632322,,bus-cycles:u,1228896,100.00,,
     1.812512045,10441537,,instructions:u,1228704,100.00,,
     1.813736828,364,,branch-misses:u,1224032,100.00,,
     1.813736828,40,,cache-misses:u,1224064,100.00,,
     1.813736828,1625344,,bus-cycles:u,1223712,100.00,,
     1.813736828,10389869,,instructions:u,1223808,100.00,,
     1.814960779,365,,branch-misses:u,1224928,100.00,,
     1.814960779,93,,cache-misses:u,1224736,100.00,,
     1.814960779,1622358,,bus-cycles:u,1224768,100.00,,
     1.814960779,10379596,,instructions:u,1224768,100.00,,
     1.816190490,364,,branch-misses:u,1228800,100.00,,
     1.816190490,37,,cache-misses:u,1228736,100.00,,
     1.816190490,1631953,,bus-cycles:u,1228704,100.00,,
     1.816190490,10425664,,instructions:u,1228704,100.00,,
     1.817415049,365,,branch-misses:u,1224480,100.00,,
     1.817415049,34,,cache-misses:u,1224448,100.00,,
     1.817415049,1627537,,bus-cycles:u,1224544,100.00,,
     1.817415049,10413055,,instructions:u,1224480,100.00,,
     1.818638648,363,,branch-misses:u,1224448,100.00,,
     1.818638648,61,,cache-misses:u,1224800,100.00,,
     1.818638648,1623094,,bus-cycles:u,1224768,100.00,,
     1.818638648,10372092,,instructions:u,1224864,100.00,,
     1.819868967,364,,branch-misses:u,1229600,100.00,,
     1.819868967,69,,cache-misses:u,1229568,100.00,,
     1.819868967,1633735,,bus-cycles:u,1229600,100.00,,
     1.819868967,10440981,,instructions:u,1229504,100.00,,
     1.821093910,364,,branch-misses:u,1224672,100.00,,
     1.821093910,58,,cache-misses:u,1224352,100.00,,
     1.821093910,1626673,,bus-cycles:u,1224320,100.00,,
     1.821093910,10398222,,instructions:u,1224320,100.00,,
     1.822317733,364,,branch-misses:u,1223872,100.00,,
     1.822317733,35,,cache-misses:u,1224160,100.00,,
     1.822317733,1625892,,bus-cycles:u,1224128,100.00,,
     1.822317733,10388714,,instructions:u,1224160,100.00,,
     1.823542164,364,,branch-misses:u,1225600,100.00,,
     1.823542164,103,,cache-misses:u,1225696,100.00,,
     1.823542164,1623296,,bus-cycles:u,1225920,100.00,,
     1.823542164,10355957,,instructions:u,1226048,100.00,,
     1.824776963,369,,branch-misses:u,1234496,100.00,,
     1.824776963,34,,cache-misses:u,1234144,100.00,,
     1.824776963,1639529,,bus-cycles:u,1234016,100.00,,
     1.824776963,10483770,,instructions:u,1233888,100.00,,
     1.826002002,366,,branch-misses:u,1224160,100.00,,
     1.826002002,36,,cache-misses:u,1224128,100.00,,
     1.826002002,1625242,,bus-cycles:u,1224000,100.00,,
     1.826002002,10394249,,instructions:u,1224000,100.00,,
     1.827242210,367,,branch-misses:u,1241440,100.00,,
     1.827242210,92,,cache-misses:u,1241984,100.00,,
     1.827242210,1642541,,bus-cycles:u,1242080,100.00,,
     1.827242210,10491823,,instructions:u,1242144,100.00,,
     1.828471697,366,,branch-misses:u,1228928,100.00,,
     1.828471697,35,,cache-misses:u,1228672,100.00,,
     1.828471697,1631663,,bus-cycles:u,1228672,100.00,,
     1.828471697,10435188,,instructions:u,1228608,100.00,,
     1.829697408,364,,branch-misses:u,1225024,100.00,,
     1.829697408,35,,cache-misses:u,1224864,100.00,,
     1.829697408,1626769,,bus-cycles:u,1224768,100.00,,
     1.829697408,10402612,,instructions:u,1224768,100.00,,
     1.830921199,366,,branch-misses:u,1224512,100.00,,
     1.830921199,87,,cache-misses:u,1224384,100.00,,
     1.830921199,1620982,,bus-cycles:u,1224448,100.00,,
     1.830921199,10363095,,instructions:u,1224480,100.00,,
     1.832151838,365,,branch-misses:u,1229984,100.00,,
     1.832151838,40,,cache-misses:u,1230048,100.00,,
     1.832151838,1633629,,bus-cycles:u,1230112,100.00,,
     1.832151838,10442152,,instructions:u,1230112,100.00,,
     1.833377389,364,,branch-misses:u,1225408,100.00,,
     1.833377389,38,,cache-misses:u,1225184,100.00,,
     1.833377389,1626738,,bus-cycles:u,1225152,100.00,,
     1.833377389,10383739,,instructions:u,1225152,100.00,,
     1.834573532,355,,branch-misses:u,1196832,100.00,,
     1.834573532,45,,cache-misses:u,1196992,100.00,,
     1.834573532,1585063,,bus-cycles:u,1197216,100.00,,
     1.834573532,10120142,,instructions:u,1197216,100.00,,
     1.835803019,366,,branch-misses:u,1228768,100.00,,
     1.835803019,77,,cache-misses:u,1228768,100.00,,
     1.835803019,1632445,,bus-cycles:u,1228512,100.00,,
     1.835803019,10432163,,instructions:u,1228544,100.00,,
     1.837027354,364,,branch-misses:u,1224416,100.00,,
     1.837027354,55,,cache-misses:u,1224320,100.00,,
     1.837027354,1626353,,bus-cycles:u,1224320,100.00,,
     1.837027354,10399709,,instructions:u,1224224,100.00,,
     1.838251113,364,,branch-misses:u,1223680,100.00,,
     1.838251113,35,,cache-misses:u,1223712,100.00,,
     1.838251113,1625408,,bus-cycles:u,1223712,100.00,,
     1.838251113,10397954,,instructions:u,1223776,100.00,,
     1.839474296,365,,branch-misses:u,1223968,100.00,,
     1.839474296,104,,cache-misses:u,1224064,100.00,,
     1.839474296,1621746,,bus-cycles:u,1224032,100.00,,
     1.839474296,10372494,,instructions:u,1224064,100.00,,
     1.840702823,365,,branch-misses:u,1228352,100.00,,
     1.840702823,39,,cache-misses:u,1228256,100.00,,
     1.840702823,1631712,,bus-cycles:u,1228256,100.00,,
     1.840702823,10423728,,instructions:u,1228128,100.00,,
     1.841927478,364,,branch-misses:u,1223840,100.00,,
     1.841927478,37,,cache-misses:u,1223840,100.00,,
     1.841927478,1626025,,bus-cycles:u,1223872,100.00,,
     1.841927478,10382882,,instructions:u,1223968,100.00,,
     1.843149989,363,,branch-misses:u,1223456,100.00,,
     1.843149989,95,,cache-misses:u,1223520,100.00,,
     1.843149989,1620206,,bus-cycles:u,1223488,100.00,,
     1.843149989,10344541,,instructions:u,1223488,100.00,,
     1.844379604,365,,branch-misses:u,1228896,100.00,,
     1.844379604,44,,cache-misses:u,1228800,100.00,,
     1.844379604,1632187,,bus-cycles:u,1228768,100.00,,
     1.844379604,10434545,,instructions:u,1228704,100.00,,
     1.845604515,363,,branch-misses:u,1225216,100.00,,
     1.845604515,32,,cache-misses:u,1225248,100.00,,
     1.845604515,1626061,,bus-cycles:u,1225376,100.00,,
     1.845604515,10397992,,instructions:u,1225440,100.00,,
     1.846827826,364,,branch-misses:u,1223616,100.00,,
     1.846827826,94,,cache-misses:u,1223712,100.00,,
     1.846827826,1619268,,bus-cycles:u,1223648,100.00,,
     1.846827826,10351081,,instructions:u,1223648,100.00,,
     1.848057985,365,,branch-misses:u,1229952,100.00,,
     1.848057985,35,,cache-misses:u,1230240,100.00,,
     1.848057985,1633695,,bus-cycles:u,1230304,100.00,,
     1.848057985,10433819,,instructions:u,1230272,100.00,,
     1.849307952,371,,branch-misses:u,1250272,100.00,,
     1.849307952,41,,cache-misses:u,1249920,100.00,,
     1.849307952,1659446,,bus-cycles:u,1249888,100.00,,
     1.849307952,10594842,,instructions:u,1249952,100.00,,
     1.850537247,365,,branch-misses:u,1228960,100.00,,
     1.850537247,42,,cache-misses:u,1229120,100.00,,
     1.850537247,1648762,,bus-cycles:u,1243616,100.00,,
     1.850537247,10542135,,instructions:u,1244480,100.00,,
     1.851786639,372,,branch-misses:u,1249504,100.00,,
     1.851786639,74,,cache-misses:u,1249664,100.00,,
     1.851786639,1640280,,bus-cycles:u,1235200,100.00,,
     1.851786639,10475375,,instructions:u,1234560,100.00,,
     1.853012862,365,,branch-misses:u,1225408,100.00,,
     1.853012862,41,,cache-misses:u,1225376,100.00,,
     1.853012862,1627017,,bus-cycles:u,1225312,100.00,,
     1.853012862,10410586,,instructions:u,1225024,100.00,,
     1.854237965,364,,branch-misses:u,1225120,100.00,,
     1.854237965,37,,cache-misses:u,1224672,100.00,,
     1.854237965,1625612,,bus-cycles:u,1224672,100.00,,
     1.854237965,10385531,,instructions:u,1224672,100.00,,
     1.855461724,364,,branch-misses:u,1224864,100.00,,
     1.855461724,101,,cache-misses:u,1225952,100.00,,
     1.855461724,1622743,,bus-cycles:u,1226080,100.00,,
     1.855461724,10382091,,instructions:u,1226208,100.00,,
     1.856696683,367,,branch-misses:u,1234592,100.00,,
     1.856696683,40,,cache-misses:u,1234080,100.00,,
     1.856696683,1638058,,bus-cycles:u,1234048,100.00,,
     1.856696683,10470314,,instructions:u,1233920,100.00,,
     1.857922074,365,,branch-misses:u,1224640,100.00,,
     1.857922074,30,,cache-misses:u,1224096,100.00,,
     1.857922074,1625039,,bus-cycles:u,1224000,100.00,,
     1.857922074,10394868,,instructions:u,1223968,100.00,,
     1.859145161,363,,branch-misses:u,1224288,100.00,,
     1.859145161,127,,cache-misses:u,1224544,100.00,,
     1.859145161,1616400,,bus-cycles:u,1224992,100.00,,
     1.859145161,10343499,,instructions:u,1225248,100.00,,
     1.860377048,366,,branch-misses:u,1231360,100.00,,
     1.860377048,40,,cache-misses:u,1231712,100.00,,
     1.860377048,1634747,,bus-cycles:u,1231296,100.00,,
     1.860377048,10450732,,instructions:u,1231104,100.00,,
     1.861601671,364,,branch-misses:u,1223936,100.00,,
     1.861601671,32,,cache-misses:u,1223424,100.00,,
     1.861601671,1624816,,bus-cycles:u,1223392,100.00,,
     1.861601671,10379246,,instructions:u,1223360,100.00,,
     1.862826486,365,,branch-misses:u,1225600,100.00,,
     1.862826486,93,,cache-misses:u,1225952,100.00,,
     1.862826486,1623396,,bus-cycles:u,1225984,100.00,,
     1.862826486,10389224,,instructions:u,1225984,100.00,,
     1.864057445,366,,branch-misses:u,1230688,100.00,,
     1.864057445,35,,cache-misses:u,1230368,100.00,,
     1.864057445,1633068,,bus-cycles:u,1230336,100.00,,
     1.864057445,10450432,,instructions:u,1230336,100.00,,
     1.865282548,365,,branch-misses:u,1225088,100.00,,
     1.865282548,34,,cache-misses:u,1225312,100.00,,
     1.865282548,1627430,,bus-cycles:u,1225312,100.00,,
     1.865282548,10420687,,instructions:u,1225376,100.00,,
     1.866508739,365,,branch-misses:u,1225568,100.00,,
     1.866508739,33,,cache-misses:u,1225344,100.00,,
     1.866508739,1626834,,bus-cycles:u,1225408,100.00,,
     1.866508739,10411983,,instructions:u,1225408,100.00,,
     1.867752787,369,,branch-misses:u,1244832,100.00,,
     1.867752787,77,,cache-misses:u,1245280,100.00,,
     1.867752787,1648469,,bus-cycles:u,1245184,100.00,,
     1.867752787,10537670,,instructions:u,1245344,100.00,,
     1.868978434,366,,branch-misses:u,1224832,100.00,,
     1.868978434,35,,cache-misses:u,1224384,100.00,,
     1.868978434,1626074,,bus-cycles:u,1224448,100.00,,
     1.868978434,10395923,,instructions:u,1224224,100.00,,
     1.870202449,363,,branch-misses:u,1224064,100.00,,
     1.870202449,39,,cache-misses:u,1224096,100.00,,
     1.870202449,1625425,,bus-cycles:u,1224064,100.00,,
     1.870202449,10388696,,instructions:u,1224096,100.00,,
     1.871425824,364,,branch-misses:u,1224320,100.00,,
     1.871425824,101,,cache-misses:u,1224416,100.00,,
     1.871425824,1621765,,bus-cycles:u,1224608,100.00,,
     1.871425824,10360051,,instructions:u,1224704,100.00,,
     1.872675215,372,,branch-misses:u,1249408,100.00,,
     1.872675215,60,,cache-misses:u,1249728,100.00,,
     1.872675215,1659246,,bus-cycles:u,1249664,100.00,,
     1.872675215,10606747,,instructions:u,1249664,100.00,,
     1.873902590,364,,branch-misses:u,1227008,100.00,,
     1.873902590,37,,cache-misses:u,1226944,100.00,,
     1.873902590,1628362,,bus-cycles:u,1226816,100.00,,
     1.873902590,10394911,,instructions:u,1226688,100.00,,
     1.875126637,364,,branch-misses:u,1224256,100.00,,
     1.875126637,94,,cache-misses:u,1224000,100.00,,
     1.875126637,1620307,,bus-cycles:u,1224096,100.00,,
     1.875126637,10357017,,instructions:u,1224128,100.00,,
     1.876357404,365,,branch-misses:u,1230496,100.00,,
     1.876357404,43,,cache-misses:u,1230720,100.00,,
     1.876357404,1632850,,bus-cycles:u,1230656,100.00,,
     1.876357404,10437680,,instructions:u,1230656,100.00,,
     1.877584683,366,,branch-misses:u,1227232,100.00,,
     1.877584683,36,,cache-misses:u,1227168,100.00,,
     1.877584683,1628950,,bus-cycles:u,1227072,100.00,,
     1.877584683,10435226,,instructions:u,1227008,100.00,,
     1.878811258,364,,branch-misses:u,1226816,100.00,,
     1.878811258,107,,cache-misses:u,1226624,100.00,,
     1.878811258,1622309,,bus-cycles:u,1226944,100.00,,
     1.878811258,10385577,,instructions:u,1226976,100.00,,
     1.880042345,367,,branch-misses:u,1230912,100.00,,
     1.880042345,38,,cache-misses:u,1231200,100.00,,
     1.880042345,1634931,,bus-cycles:u,1231424,100.00,,
     1.880042345,10458211,,instructions:u,1231488,100.00,,
     1.881268664,364,,branch-misses:u,1225504,100.00,,
     1.881268664,41,,cache-misses:u,1225088,100.00,,
     1.881268664,1625295,,bus-cycles:u,1224640,100.00,,
     1.881268664,10399523,,instructions:u,1224608,100.00,,
     1.882491975,364,,branch-misses:u,1223264,100.00,,
     1.882491975,41,,cache-misses:u,1223584,100.00,,
     1.882491975,1623915,,bus-cycles:u,1223584,100.00,,
     1.882491975,10374816,,instructions:u,1223584,100.00,,
     1.883734807,368,,branch-misses:u,1243232,100.00,,
     1.883734807,90,,cache-misses:u,1242976,100.00,,
     1.883734807,1644288,,bus-cycles:u,1242912,100.00,,
     1.883734807,10497302,,instructions:u,1242912,100.00,,
     1.884961030,363,,branch-misses:u,1225920,100.00,,
     1.884961030,38,,cache-misses:u,1226144,100.00,,
     1.884961030,1628876,,bus-cycles:u,1226496,100.00,,
     1.884961030,10407612,,instructions:u,1226432,100.00,,
     1.886185685,365,,branch-misses:u,1224640,100.00,,
     1.886185685,35,,cache-misses:u,1224416,100.00,,
     1.886185685,1626064,,bus-cycles:u,1224160,100.00,,
     1.886185685,10398801,,instructions:u,1224192,100.00,,
     1.887408708,365,,branch-misses:u,1224288,100.00,,
     1.887408708,99,,cache-misses:u,1225344,100.00,,
     1.887408708,1623832,,bus-cycles:u,1226016,100.00,,
     1.887408708,10376741,,instructions:u,1226208,100.00,,
     1.888643027,368,,branch-misses:u,1233760,100.00,,
     1.888643027,37,,cache-misses:u,1232864,100.00,,
     1.888643027,1636226,,bus-cycles:u,1232128,100.00,,
     1.888643027,10461260,,instructions:u,1231968,100.00,,
     1.889869058,364,,branch-misses:u,1225248,100.00,,
     1.889869058,35,,cache-misses:u,1225024,100.00,,
     1.889869058,1626451,,bus-cycles:u,1225024,100.00,,
     1.889869058,10392803,,instructions:u,1224992,100.00,,
     1.891093169,364,,branch-misses:u,1224768,100.00,,
     1.891093169,93,,cache-misses:u,1224992,100.00,,
     1.891093169,1622749,,bus-cycles:u,1225024,100.00,,
     1.891093169,10376278,,instructions:u,1225184,100.00,,
     1.892324352,366,,branch-misses:u,1230784,100.00,,
     1.892324352,42,,cache-misses:u,1230592,100.00,,
     1.892324352,1634112,,bus-cycles:u,1230592,100.00,,
     1.892324352,10447658,,instructions:u,1230496,100.00,,
     1.893547919,364,,branch-misses:u,1223040,100.00,,
     1.893547919,34,,cache-misses:u,1223008,100.00,,
     1.893547919,1623113,,bus-cycles:u,1223008,100.00,,
     1.893547919,10381259,,instructions:u,1222912,100.00,,
     1.894788414,368,,branch-misses:u,1241824,100.00,,
     1.894788414,105,,cache-misses:u,1242080,100.00,,
     1.894788414,1643966,,bus-cycles:u,1242016,100.00,,
     1.894788414,10501292,,instructions:u,1242048,100.00,,
     1.896021293,367,,branch-misses:u,1232352,100.00,,
     1.896021293,36,,cache-misses:u,1232128,100.00,,
     1.896021293,1636181,,bus-cycles:u,1232192,100.00,,
     1.896021293,10458471,,instructions:u,1232192,100.00,,
     1.897247324,364,,branch-misses:u,1225952,100.00,,
     1.897247324,33,,cache-misses:u,1225952,100.00,,
     1.897247324,1627451,,bus-cycles:u,1225888,100.00,,
     1.897247324,10411601,,instructions:u,1225856,100.00,,
     1.898471531,363,,branch-misses:u,1223616,100.00,,
     1.898471531,37,,cache-misses:u,1223616,100.00,,
     1.898471531,1624239,,bus-cycles:u,1223680,100.00,,
     1.898471531,10385450,,instructions:u,1223680,100.00,,
     1.899717883,371,,branch-misses:u,1247456,100.00,,
     1.899717883,77,,cache-misses:u,1247648,100.00,,
     1.899717883,1652407,,bus-cycles:u,1247584,100.00,,
     1.899717883,10553437,,instructions:u,1247584,100.00,,
     1.900944138,364,,branch-misses:u,1225600,100.00,,
     1.900944138,34,,cache-misses:u,1225504,100.00,,
     1.900944138,1627123,,bus-cycles:u,1225600,100.00,,
     1.900944138,10401598,,instructions:u,1225568,100.00,,
     1.902168953,364,,branch-misses:u,1224896,100.00,,
     1.902168953,33,,cache-misses:u,1224736,100.00,,
     1.902168953,1626012,,bus-cycles:u,1224576,100.00,,
     1.902168953,10399167,,instructions:u,1224640,100.00,,
     1.903392840,364,,branch-misses:u,1224416,100.00,,
     1.903392840,93,,cache-misses:u,1224544,100.00,,
     1.903392840,1620918,,bus-cycles:u,1224608,100.00,,
     1.903392840,10365075,,instructions:u,1224768,100.00,,
     1.904623351,366,,branch-misses:u,1229984,100.00,,
     1.904623351,45,,cache-misses:u,1230112,100.00,,
     1.904623351,1633105,,bus-cycles:u,1230112,100.00,,
     1.904623351,10451842,,instructions:u,1229920,100.00,,
     1.905848678,364,,branch-misses:u,1224768,100.00,,
     1.905848678,44,,cache-misses:u,1224480,100.00,,
     1.905848678,1625408,,bus-cycles:u,1224448,100.00,,
     1.905848678,10395635,,instructions:u,1224416,100.00,,
     1.907071669,365,,branch-misses:u,1223776,100.00,,
     1.907071669,102,,cache-misses:u,1223936,100.00,,
     1.907071669,1619826,,bus-cycles:u,1224096,100.00,,
     1.907071669,10367508,,instructions:u,1224352,100.00,,
     1.908300868,366,,branch-misses:u,1229024,100.00,,
     1.908300868,37,,cache-misses:u,1228864,100.00,,
     1.908300868,1631296,,bus-cycles:u,1228736,100.00,,
     1.908300868,10435175,,instructions:u,1228512,100.00,,
     1.909525523,364,,branch-misses:u,1223840,100.00,,
     1.909525523,38,,cache-misses:u,1223904,100.00,,
     1.909525523,1624989,,bus-cycles:u,1223840,100.00,,
     1.909525523,10404344,,instructions:u,1223872,100.00,,
     1.910748546,365,,branch-misses:u,1224320,100.00,,
     1.910748546,94,,cache-misses:u,1224448,100.00,,
     1.910748546,1621534,,bus-cycles:u,1224544,100.00,,
     1.910748546,10377799,,instructions:u,1224576,100.00,,
     1.911978865,364,,branch-misses:u,1229088,100.00,,
     1.911978865,42,,cache-misses:u,1229056,100.00,,
     1.911978865,1631453,,bus-cycles:u,1229024,100.00,,
     1.911978865,10427757,,instructions:u,1228992,100.00,,
     1.912561048,211,,branch-misses:u,514624,100.00,,
     1.912561048,114,,cache-misses:u,508928,100.00,,
     1.912561048,400275,,bus-cycles:u,503424,100.00,,
     1.912561048,2369527,,instructions:u,497888,100.00,,
