     0.001077030,864,,branch-misses:u,506432,100.00,,
     0.001077030,310,,cache-misses:u,511552,100.00,,
     0.001077030,69090,,bus-cycles:u,514496,100.00,,
     0.001077030,32554,,instructions:u,518016,100.00,,
     0.002796069,1956,,branch-misses:u,1715104,100.00,,
     0.002796069,2206,,cache-misses:u,1714432,100.00,,
     0.002796069,1796181,,bus-cycles:u,1714624,100.00,,
     0.002796069,10221132,,instructions:u,1714400,100.00,,
     0.003981439,337,,branch-misses:u,1164192,100.00,,
     0.003981439,256,,cache-misses:u,1163072,100.00,,
     0.003981439,1496916,,bus-cycles:u,1162816,100.00,,
     0.003981439,9560729,,instructions:u,1162144,100.00,,
     0.005147036,347,,branch-misses:u,1162784,100.00,,
     0.005147036,42,,cache-misses:u,1159456,100.00,,
     0.005147036,1537530,,bus-cycles:u,1156576,100.00,,
     0.005147036,9820075,,instructions:u,1153952,100.00,,
     0.006295610,205,,branch-misses:u,726336,100.00,,
     0.006295610,626,,cache-misses:u,729568,100.00,,
     0.006295610,904026,,bus-cycles:u,732224,100.00,,
     0.006295610,5772875,,instructions:u,735264,100.00,,
     0.007454264,312,,branch-misses:u,1087552,100.00,,
     0.007454264,363,,cache-misses:u,1087744,100.00,,
     0.007454264,1330058,,bus-cycles:u,1088192,100.00,,
     0.007454264,8495906,,instructions:u,1087872,100.00,,
     0.008623860,237,,branch-misses:u,884608,100.00,,
     0.008623860,596,,cache-misses:u,884256,100.00,,
     0.008623860,1033789,,bus-cycles:u,883968,100.00,,
     0.008623860,6613359,,instructions:u,884448,100.00,,
     0.009789521,311,,branch-misses:u,1149312,100.00,,
     0.009789521,205,,cache-misses:u,1146240,100.00,,
     0.009789521,1350367,,bus-cycles:u,1143424,100.00,,
     0.009789521,8618161,,instructions:u,1140224,100.00,,
     0.010937999,288,,branch-misses:u,1026048,100.00,,
     0.010937999,767,,cache-misses:u,1029952,100.00,,
     0.010937999,1277175,,bus-cycles:u,1032640,100.00,,
     0.010937999,8166634,,instructions:u,1035584,100.00,,
     0.012095341,332,,branch-misses:u,1156832,100.00,,
     0.012095341,74,,cache-misses:u,1155648,100.00,,
     0.012095341,1458025,,bus-cycles:u,1155584,100.00,,
     0.012095341,9318026,,instructions:u,1155456,100.00,,
     0.013246699,331,,branch-misses:u,1151776,100.00,,
     0.013246699,32,,cache-misses:u,1151744,100.00,,
     0.013246699,1453189,,bus-cycles:u,1151712,100.00,,
     0.013246699,9285321,,instructions:u,1151488,100.00,,
     0.014397354,333,,branch-misses:u,1150240,100.00,,
     0.014397354,31,,cache-misses:u,1150208,100.00,,
     0.014397354,1451330,,bus-cycles:u,1150208,100.00,,
     0.014397354,9281244,,instructions:u,1150080,100.00,,
     0.015546920,317,,branch-misses:u,1041792,100.00,,
     0.015546920,587,,cache-misses:u,1042880,100.00,,
     0.015546920,1332866,,bus-cycles:u,1043008,100.00,,
     0.015546920,8513573,,instructions:u,1043360,100.00,,
     0.016698854,341,,branch-misses:u,1142720,100.00,,
     0.016698854,198,,cache-misses:u,1141824,100.00,,
     0.016698854,1510385,,bus-cycles:u,1141760,100.00,,
     0.016698854,9649418,,instructions:u,1141536,100.00,,
     0.017846885,341,,branch-misses:u,1147840,100.00,,
     0.017846885,36,,cache-misses:u,1147680,100.00,,
     0.017846885,1524032,,bus-cycles:u,1147648,100.00,,
     0.017846885,9741374,,instructions:u,1147616,100.00,,
     0.019008834,348,,branch-misses:u,1167680,100.00,,
     0.019008834,95,,cache-misses:u,1169632,100.00,,
     0.019008834,1542801,,bus-cycles:u,1170528,100.00,,
     0.019008834,9888383,,instructions:u,1171328,100.00,,
     0.020230104,375,,branch-misses:u,1217056,100.00,,
     0.020230104,47,,cache-misses:u,1215968,100.00,,
     0.020230104,1613941,,bus-cycles:u,1215520,100.00,,
     0.020230104,10320374,,instructions:u,1215104,100.00,,
     0.021387510,354,,branch-misses:u,1157088,100.00,,
     0.021387510,35,,cache-misses:u,1157088,100.00,,
     0.021387510,1537391,,bus-cycles:u,1156672,100.00,,
     0.021387510,9816087,,instructions:u,1156384,100.00,,
     0.022540884,353,,branch-misses:u,1152672,100.00,,
     0.022540884,26,,cache-misses:u,1152000,100.00,,
     0.022540884,1530227,,bus-cycles:u,1152000,100.00,,
     0.022540884,9782706,,instructions:u,1151936,100.00,,
     0.023733198,349,,branch-misses:u,1192928,100.00,,
     0.023733198,263,,cache-misses:u,1193248,100.00,,
     0.023733198,1509074,,bus-cycles:u,1193248,100.00,,
     0.023733198,9657215,,instructions:u,1193280,100.00,,
     0.024885356,356,,branch-misses:u,1151808,100.00,,
     0.024885356,40,,cache-misses:u,1151520,100.00,,
     0.024885356,1528993,,bus-cycles:u,1151488,100.00,,
     0.024885356,9769204,,instructions:u,1151424,100.00,,
     0.026033451,351,,branch-misses:u,1148000,100.00,,
     0.026033451,34,,cache-misses:u,1147968,100.00,,
     0.026033451,1524022,,bus-cycles:u,1148000,100.00,,
     0.026033451,9742370,,instructions:u,1147968,100.00,,
     0.027180681,341,,branch-misses:u,1147904,100.00,,
     0.027180681,140,,cache-misses:u,1148128,100.00,,
     0.027180681,1515965,,bus-cycles:u,1148160,100.00,,
     0.027180681,9679196,,instructions:u,1148288,100.00,,
     0.028331784,343,,branch-misses:u,1150784,100.00,,
     0.028331784,31,,cache-misses:u,1150400,100.00,,
     0.028331784,1527546,,bus-cycles:u,1150304,100.00,,
     0.028331784,9776048,,instructions:u,1150272,100.00,,
     0.029478823,340,,branch-misses:u,1146944,100.00,,
     0.029478823,37,,cache-misses:u,1146944,100.00,,
     0.029478823,1523393,,bus-cycles:u,1146944,100.00,,
     0.029478823,9725605,,instructions:u,1146784,100.00,,
     0.030624997,345,,branch-misses:u,1145984,100.00,,
     0.030624997,35,,cache-misses:u,1145984,100.00,,
     0.030624997,1522580,,bus-cycles:u,1145984,100.00,,
     0.030624997,9739912,,instructions:u,1146048,100.00,,
     0.031773092,341,,branch-misses:u,1149024,100.00,,
     0.031773092,111,,cache-misses:u,1149088,100.00,,
     0.031773092,1519188,,bus-cycles:u,1149184,100.00,,
     0.031773092,9704922,,instructions:u,1149312,100.00,,
     0.032924482,343,,branch-misses:u,1151168,100.00,,
     0.032924482,34,,cache-misses:u,1151200,100.00,,
     0.032924482,1529614,,bus-cycles:u,1151072,100.00,,
     0.032924482,9796596,,instructions:u,1150912,100.00,,
     0.034072321,342,,branch-misses:u,1147392,100.00,,
     0.034072321,42,,cache-misses:u,1147296,100.00,,
     0.034072321,1524619,,bus-cycles:u,1147392,100.00,,
     0.034072321,9741236,,instructions:u,1147424,100.00,,
     0.035219712,342,,branch-misses:u,1148416,100.00,,
     0.035219712,111,,cache-misses:u,1148416,100.00,,
     0.035219712,1520322,,bus-cycles:u,1148448,100.00,,
     0.035219712,9721966,,instructions:u,1148512,100.00,,
     0.036369022,342,,branch-misses:u,1149152,100.00,,
     0.036369022,37,,cache-misses:u,1149184,100.00,,
     0.036369022,1527366,,bus-cycles:u,1149152,100.00,,
     0.036369022,9778360,,instructions:u,1149120,100.00,,
     0.037517149,343,,branch-misses:u,1147904,100.00,,
     0.037517149,37,,cache-misses:u,1147776,100.00,,
     0.037517149,1526392,,bus-cycles:u,1147712,100.00,,
     0.037517149,9771908,,instructions:u,1147808,100.00,,
     0.038663644,342,,branch-misses:u,1146624,100.00,,
     0.038663644,37,,cache-misses:u,1146720,100.00,,
     0.038663644,1524229,,bus-cycles:u,1146720,100.00,,
     0.038663644,9752337,,instructions:u,1146688,100.00,,
     0.039812506,342,,branch-misses:u,1149664,100.00,,
     0.039812506,113,,cache-misses:u,1149792,100.00,,
     0.039812506,1521663,,bus-cycles:u,1149760,100.00,,
     0.039812506,9724850,,instructions:u,1149792,100.00,,
     0.040960345,342,,branch-misses:u,1147488,100.00,,
     0.040960345,43,,cache-misses:u,1147424,100.00,,
     0.040960345,1524798,,bus-cycles:u,1147520,100.00,,
     0.040960345,9775556,,instructions:u,1147360,100.00,,
     0.042107160,341,,branch-misses:u,1146944,100.00,,
     0.042107160,32,,cache-misses:u,1146912,100.00,,
     0.042107160,1523852,,bus-cycles:u,1146912,100.00,,
     0.042107160,9743198,,instructions:u,1146912,100.00,,
     0.043254071,343,,branch-misses:u,1147904,100.00,,
     0.043254071,107,,cache-misses:u,1148224,100.00,,
     0.043254071,1520445,,bus-cycles:u,1148256,100.00,,
     0.043254071,9723875,,instructions:u,1148544,100.00,,
     0.044433906,351,,branch-misses:u,1179552,100.00,,
     0.044433906,38,,cache-misses:u,1179584,100.00,,
     0.044433906,1567576,,bus-cycles:u,1179488,100.00,,
     0.044433906,10012702,,instructions:u,1179264,100.00,,
     0.045583536,342,,branch-misses:u,1149536,100.00,,
     0.045583536,31,,cache-misses:u,1149216,100.00,,
     0.045583536,1525655,,bus-cycles:u,1149152,100.00,,
     0.045583536,9746533,,instructions:u,1149120,100.00,,
     0.046731023,342,,branch-misses:u,1147520,100.00,,
     0.046731023,32,,cache-misses:u,1147360,100.00,,
     0.046731023,1524224,,bus-cycles:u,1147360,100.00,,
     0.046731023,9754837,,instructions:u,1147360,100.00,,
     0.047877454,340,,branch-misses:u,1146912,100.00,,
     0.047877454,117,,cache-misses:u,1146912,100.00,,
     0.047877454,1508166,,bus-cycles:u,1146816,100.00,,
     0.047877454,9641769,,instructions:u,1146752,100.00,,
     0.049025228,342,,branch-misses:u,1147520,100.00,,
     0.049025228,36,,cache-misses:u,1147552,100.00,,
     0.049025228,1525542,,bus-cycles:u,1147648,100.00,,
     0.049025228,9751580,,instructions:u,1147584,100.00,,
     0.050171819,341,,branch-misses:u,1146656,100.00,,
     0.050171819,27,,cache-misses:u,1146624,100.00,,
     0.050171819,1524079,,bus-cycles:u,1146592,100.00,,
     0.050171819,9731718,,instructions:u,1146624,100.00,,
     0.051319754,343,,branch-misses:u,1148544,100.00,,
     0.051319754,111,,cache-misses:u,1148512,100.00,,
     0.051319754,1521043,,bus-cycles:u,1148480,100.00,,
     0.051319754,9724343,,instructions:u,1148480,100.00,,
     0.052467625,343,,branch-misses:u,1147712,100.00,,
     0.052467625,41,,cache-misses:u,1147552,100.00,,
     0.052467625,1525499,,bus-cycles:u,1147648,100.00,,
     0.052467625,9783396,,instructions:u,1147680,100.00,,
     0.053614183,342,,branch-misses:u,1146624,100.00,,
     0.053614183,31,,cache-misses:u,1146784,100.00,,
     0.053614183,1525128,,bus-cycles:u,1146688,100.00,,
     0.053614183,9762401,,instructions:u,1146592,100.00,,
     0.054760326,344,,branch-misses:u,1145888,100.00,,
     0.054760326,29,,cache-misses:u,1145856,100.00,,
     0.054760326,1523944,,bus-cycles:u,1145888,100.00,,
     0.054760326,9753755,,instructions:u,1145888,100.00,,
     0.055907141,341,,branch-misses:u,1147520,100.00,,
     0.055907141,89,,cache-misses:u,1147552,100.00,,
     0.055907141,1520687,,bus-cycles:u,1147456,100.00,,
     0.055907141,9714348,,instructions:u,1147552,100.00,,
     0.057054660,342,,branch-misses:u,1147328,100.00,,
     0.057054660,32,,cache-misses:u,1147360,100.00,,
     0.057054660,1524062,,bus-cycles:u,1147456,100.00,,
     0.057054660,9741383,,instructions:u,1147456,100.00,,
     0.058201059,341,,branch-misses:u,1146304,100.00,,
     0.058201059,34,,cache-misses:u,1146208,100.00,,
     0.058201059,1522694,,bus-cycles:u,1146176,100.00,,
     0.058201059,9730804,,instructions:u,1146144,100.00,,
     0.059347778,341,,branch-misses:u,1147584,100.00,,
     0.059347778,107,,cache-misses:u,1147680,100.00,,
     0.059347778,1520031,,bus-cycles:u,1147744,100.00,,
     0.059347778,9723991,,instructions:u,1147776,100.00,,
     0.060495264,344,,branch-misses:u,1147072,100.00,,
     0.060495264,40,,cache-misses:u,1146944,100.00,,
     0.060495264,1523616,,bus-cycles:u,1146912,100.00,,
     0.060495264,9748638,,instructions:u,1146880,100.00,,
     0.061641215,344,,branch-misses:u,1145824,100.00,,
     0.061641215,35,,cache-misses:u,1145824,100.00,,
     0.061641215,1521627,,bus-cycles:u,1145888,100.00,,
     0.061641215,9741782,,instructions:u,1145824,100.00,,
     0.062788254,342,,branch-misses:u,1147072,100.00,,
     0.062788254,35,,cache-misses:u,1147168,100.00,,
     0.062788254,1523592,,bus-cycles:u,1147136,100.00,,
     0.062788254,9745227,,instructions:u,1147200,100.00,,
     0.063947291,346,,branch-misses:u,1160096,100.00,,
     0.063947291,86,,cache-misses:u,1160128,100.00,,
     0.063947291,1536846,,bus-cycles:u,1160096,100.00,,
     0.063947291,9812373,,instructions:u,1160128,100.00,,
     0.065094650,342,,branch-misses:u,1146656,100.00,,
     0.065094650,38,,cache-misses:u,1146592,100.00,,
     0.065094650,1523777,,bus-cycles:u,1146624,100.00,,
     0.065094650,9751575,,instructions:u,1146592,100.00,,
     0.066252952,345,,branch-misses:u,1158944,100.00,,
     0.066252952,40,,cache-misses:u,1159168,100.00,,
     0.066252952,1540266,,bus-cycles:u,1159232,100.00,,
     0.066252952,9843478,,instructions:u,1159200,100.00,,
     0.067408469,342,,branch-misses:u,1155840,100.00,,
     0.067408469,102,,cache-misses:u,1155712,100.00,,
     0.067408469,1530404,,bus-cycles:u,1155584,100.00,,
     0.067408469,9743959,,instructions:u,1155552,100.00,,
     0.068557172,341,,branch-misses:u,1148416,100.00,,
     0.068557172,34,,cache-misses:u,1148288,100.00,,
     0.068557172,1524539,,bus-cycles:u,1148320,100.00,,
     0.068557172,9737547,,instructions:u,1148384,100.00,,
     0.069703539,342,,branch-misses:u,1146080,100.00,,
     0.069703539,35,,cache-misses:u,1145984,100.00,,
     0.069703539,1521405,,bus-cycles:u,1145888,100.00,,
     0.069703539,9733762,,instructions:u,1145888,100.00,,
     0.070849298,341,,branch-misses:u,1145920,100.00,,
     0.070849298,34,,cache-misses:u,1146144,100.00,,
     0.070849298,1524358,,bus-cycles:u,1151136,100.00,,
     0.070849298,9753305,,instructions:u,1151232,100.00,,
     0.072002064,342,,branch-misses:u,1153312,100.00,,
     0.072002064,96,,cache-misses:u,1153280,100.00,,
     0.072002064,1524760,,bus-cycles:u,1148352,100.00,,
     0.072002064,9727901,,instructions:u,1148288,100.00,,
     0.073146703,340,,branch-misses:u,1144352,100.00,,
     0.073146703,37,,cache-misses:u,1144320,100.00,,
     0.073146703,1520178,,bus-cycles:u,1144416,100.00,,
     0.073146703,9703683,,instructions:u,1144384,100.00,,
     0.074291566,340,,branch-misses:u,1145024,100.00,,
     0.074291566,34,,cache-misses:u,1145024,100.00,,
     0.074291566,1521233,,bus-cycles:u,1144928,100.00,,
     0.074291566,9703262,,instructions:u,1144960,100.00,,
     0.075437389,341,,branch-misses:u,1146976,100.00,,
     0.075437389,115,,cache-misses:u,1147264,100.00,,
     0.075437389,1516384,,bus-cycles:u,1147328,100.00,,
     0.075437389,9700583,,instructions:u,1147360,100.00,,
     0.076589355,344,,branch-misses:u,1151456,100.00,,
     0.076589355,36,,cache-misses:u,1151168,100.00,,
     0.076589355,1530378,,bus-cycles:u,1151168,100.00,,
     0.076589355,9817022,,instructions:u,1151104,100.00,,
     0.077736426,342,,branch-misses:u,1146880,100.00,,
     0.077736426,37,,cache-misses:u,1146912,100.00,,
     0.077736426,1523986,,bus-cycles:u,1146848,100.00,,
     0.077736426,9746127,,instructions:u,1146816,100.00,,
     0.078882985,341,,branch-misses:u,1147232,100.00,,
     0.078882985,48,,cache-misses:u,1147200,100.00,,
     0.078882985,1517968,,bus-cycles:u,1147264,100.00,,
     0.078882985,9695556,,instructions:u,1147296,100.00,,
     0.080030375,344,,branch-misses:u,1147200,100.00,,
     0.080030375,70,,cache-misses:u,1147168,100.00,,
     0.080030375,1525458,,bus-cycles:u,1147136,100.00,,
     0.080030375,9780631,,instructions:u,1147168,100.00,,
     0.081176678,341,,branch-misses:u,1146176,100.00,,
     0.081176678,34,,cache-misses:u,1146272,100.00,,
     0.081176678,1524683,,bus-cycles:u,1146240,100.00,,
     0.081176678,9752186,,instructions:u,1146208,100.00,,
     0.082322341,341,,branch-misses:u,1145760,100.00,,
     0.082322341,32,,cache-misses:u,1145664,100.00,,
     0.082322341,1523118,,bus-cycles:u,1145664,100.00,,
     0.082322341,9747642,,instructions:u,1145696,100.00,,
     0.083468004,342,,branch-misses:u,1146432,100.00,,
     0.083468004,113,,cache-misses:u,1146400,100.00,,
     0.083468004,1517291,,bus-cycles:u,1146432,100.00,,
     0.083468004,9708084,,instructions:u,1146304,100.00,,
     0.084615651,342,,branch-misses:u,1147488,100.00,,
     0.084615651,38,,cache-misses:u,1147616,100.00,,
     0.084615651,1526344,,bus-cycles:u,1147648,100.00,,
     0.084615651,9772596,,instructions:u,1147648,100.00,,
     0.085761634,342,,branch-misses:u,1145696,100.00,,
     0.085761634,34,,cache-misses:u,1145568,100.00,,
     0.085761634,1523585,,bus-cycles:u,1145536,100.00,,
     0.085761634,9742849,,instructions:u,1145568,100.00,,
     0.086921631,342,,branch-misses:u,1160992,100.00,,
     0.086921631,62,,cache-misses:u,1161216,100.00,,
     0.086921631,1530015,,bus-cycles:u,1161280,100.00,,
     0.086921631,9756011,,instructions:u,1161408,100.00,,
     0.088070846,342,,branch-misses:u,1148960,100.00,,
     0.088070846,79,,cache-misses:u,1148768,100.00,,
     0.088070846,1527586,,bus-cycles:u,1148704,100.00,,
     0.088070846,9755554,,instructions:u,1148640,100.00,,
     0.089216445,343,,branch-misses:u,1145088,100.00,,
     0.089216445,33,,cache-misses:u,1145056,100.00,,
     0.089216445,1522708,,bus-cycles:u,1145056,100.00,,
     0.089216445,9749639,,instructions:u,1145088,100.00,,
     0.090360444,341,,branch-misses:u,1144352,100.00,,
     0.090360444,29,,cache-misses:u,1144480,100.00,,
     0.090360444,1521467,,bus-cycles:u,1144480,100.00,,
     0.090360444,9741124,,instructions:u,1144416,100.00,,
     0.091506651,341,,branch-misses:u,1147136,100.00,,
     0.091506651,111,,cache-misses:u,1147200,100.00,,
     0.091506651,1517901,,bus-cycles:u,1147168,100.00,,
     0.091506651,9704367,,instructions:u,1147264,100.00,,
     0.092654905,341,,branch-misses:u,1147968,100.00,,
     0.092654905,38,,cache-misses:u,1147936,100.00,,
     0.092654905,1527016,,bus-cycles:u,1148000,100.00,,
     0.092654905,9755967,,instructions:u,1147968,100.00,,
     0.093801272,342,,branch-misses:u,1146048,100.00,,
     0.093801272,46,,cache-misses:u,1146016,100.00,,
     0.093801272,1523590,,bus-cycles:u,1145984,100.00,,
     0.093801272,9759602,,instructions:u,1146016,100.00,,
     0.094948023,342,,branch-misses:u,1147648,100.00,,
     0.094948023,79,,cache-misses:u,1147616,100.00,,
     0.094948023,1520150,,bus-cycles:u,1147616,100.00,,
     0.094948023,9726926,,instructions:u,1147584,100.00,,
     0.096095862,343,,branch-misses:u,1147520,100.00,,
     0.096095862,62,,cache-misses:u,1147520,100.00,,
     0.096095862,1526068,,bus-cycles:u,1147488,100.00,,
     0.096095862,9765438,,instructions:u,1147456,100.00,,
     0.097242100,342,,branch-misses:u,1146080,100.00,,
     0.097242100,30,,cache-misses:u,1146144,100.00,,
     0.097242100,1524908,,bus-cycles:u,1146240,100.00,,
     0.097242100,9755683,,instructions:u,1146272,100.00,,
     0.098387283,340,,branch-misses:u,1145408,100.00,,
     0.098387283,32,,cache-misses:u,1145344,100.00,,
     0.098387283,1523633,,bus-cycles:u,1145280,100.00,,
     0.098387283,9712733,,instructions:u,1145312,100.00,,
     0.099533778,342,,branch-misses:u,1147264,100.00,,
     0.099533778,105,,cache-misses:u,1147328,100.00,,
     0.099533778,1519295,,bus-cycles:u,1147360,100.00,,
     0.099533778,9719532,,instructions:u,1147264,100.00,,
     0.100681905,342,,branch-misses:u,1147808,100.00,,
     0.100681905,34,,cache-misses:u,1147776,100.00,,
     0.100681905,1525913,,bus-cycles:u,1147776,100.00,,
     0.100681905,9766026,,instructions:u,1147808,100.00,,
     0.101827984,343,,branch-misses:u,1146016,100.00,,
     0.101827984,48,,cache-misses:u,1145984,100.00,,
     0.101827984,1523829,,bus-cycles:u,1146016,100.00,,
     0.101827984,9762087,,instructions:u,1146048,100.00,,
     0.102973999,341,,branch-misses:u,1146720,100.00,,
     0.102973999,76,,cache-misses:u,1146656,100.00,,
     0.102973999,1518425,,bus-cycles:u,1146656,100.00,,
     0.102973999,9702260,,instructions:u,1146720,100.00,,
     0.104120494,340,,branch-misses:u,1146368,100.00,,
     0.104120494,58,,cache-misses:u,1146464,100.00,,
     0.104120494,1524948,,bus-cycles:u,1146400,100.00,,
     0.104120494,9721533,,instructions:u,1146368,100.00,,
     0.105265133,341,,branch-misses:u,1144320,100.00,,
     0.105265133,33,,cache-misses:u,1144192,100.00,,
     0.105265133,1520978,,bus-cycles:u,1144224,100.00,,
     0.105265133,9724696,,instructions:u,1144128,100.00,,
     0.106409132,341,,branch-misses:u,1144128,100.00,,
     0.106409132,35,,cache-misses:u,1144160,100.00,,
     0.106409132,1521608,,bus-cycles:u,1144064,100.00,,
     0.106409132,9729405,,instructions:u,1144032,100.00,,
     0.107553547,341,,branch-misses:u,1145472,100.00,,
     0.107553547,111,,cache-misses:u,1145760,100.00,,
     0.107553547,1518049,,bus-cycles:u,1145856,100.00,,
     0.107553547,9700046,,instructions:u,1146176,100.00,,
     0.108718088,347,,branch-misses:u,1164224,100.00,,
     0.108718088,34,,cache-misses:u,1164096,100.00,,
     0.108718088,1547188,,bus-cycles:u,1164096,100.00,,
     0.108718088,9901984,,instructions:u,1163872,100.00,,
     0.109865862,342,,branch-misses:u,1147488,100.00,,
     0.109865862,35,,cache-misses:u,1147424,100.00,,
     0.109865862,1525007,,bus-cycles:u,1147392,100.00,,
     0.109865862,9752904,,instructions:u,1147424,100.00,,
     0.111012485,341,,branch-misses:u,1147520,100.00,,
     0.111012485,79,,cache-misses:u,1147520,100.00,,
     0.111012485,1519355,,bus-cycles:u,1147520,100.00,,
     0.111012485,9705473,,instructions:u,1147520,100.00,,
     0.112160452,341,,branch-misses:u,1147360,100.00,,
     0.112160452,49,,cache-misses:u,1147264,100.00,,
     0.112160452,1524231,,bus-cycles:u,1147264,100.00,,
     0.112160452,9741936,,instructions:u,1147296,100.00,,
     0.113306115,343,,branch-misses:u,1145760,100.00,,
     0.113306115,28,,cache-misses:u,1145728,100.00,,
     0.113306115,1523598,,bus-cycles:u,1145728,100.00,,
     0.113306115,9748962,,instructions:u,1145632,100.00,,
     0.114451874,342,,branch-misses:u,1145920,100.00,,
     0.114451874,33,,cache-misses:u,1146080,100.00,,
     0.114451874,1523662,,bus-cycles:u,1146112,100.00,,
     0.114451874,9738359,,instructions:u,1146176,100.00,,
     0.115599328,341,,branch-misses:u,1148224,100.00,,
     0.115599328,97,,cache-misses:u,1148160,100.00,,
     0.115599328,1519890,,bus-cycles:u,1148160,100.00,,
     0.115599328,9693482,,instructions:u,1148160,100.00,,
     0.116747071,341,,branch-misses:u,1147520,100.00,,
     0.116747071,38,,cache-misses:u,1147552,100.00,,
     0.116747071,1524833,,bus-cycles:u,1147520,100.00,,
     0.116747071,9751753,,instructions:u,1147424,100.00,,
     0.117893278,342,,branch-misses:u,1146304,100.00,,
     0.117893278,30,,cache-misses:u,1146304,100.00,,
     0.117893278,1524787,,bus-cycles:u,1146304,100.00,,
     0.117893278,9742393,,instructions:u,1146400,100.00,,
     0.119040445,340,,branch-misses:u,1147776,100.00,,
     0.119040445,134,,cache-misses:u,1147712,100.00,,
     0.119040445,1511757,,bus-cycles:u,1147744,100.00,,
     0.119040445,9673956,,instructions:u,1147648,100.00,,
     0.120188763,342,,branch-misses:u,1148032,100.00,,
     0.120188763,44,,cache-misses:u,1148160,100.00,,
     0.120188763,1526086,,bus-cycles:u,1148160,100.00,,
     0.120188763,9745989,,instructions:u,1148256,100.00,,
     0.121334426,340,,branch-misses:u,1145504,100.00,,
     0.121334426,32,,cache-misses:u,1145536,100.00,,
     0.121334426,1522808,,bus-cycles:u,1145472,100.00,,
     0.121334426,9711694,,instructions:u,1145440,100.00,,
     0.122480249,342,,branch-misses:u,1146016,100.00,,
     0.122480249,34,,cache-misses:u,1145792,100.00,,
     0.122480249,1523569,,bus-cycles:u,1145856,100.00,,
     0.122480249,9747486,,instructions:u,1145856,100.00,,
     0.123627096,341,,branch-misses:u,1147488,100.00,,
     0.123627096,104,,cache-misses:u,1147584,100.00,,
     0.123627096,1519886,,bus-cycles:u,1147552,100.00,,
     0.123627096,9722332,,instructions:u,1147584,100.00,,
     0.124775383,342,,branch-misses:u,1148352,100.00,,
     0.124775383,34,,cache-misses:u,1148448,100.00,,
     0.124775383,1526449,,bus-cycles:u,1148480,100.00,,
     0.124775383,9767853,,instructions:u,1148480,100.00,,
     0.125922229,343,,branch-misses:u,1146784,100.00,,
     0.125922229,34,,cache-misses:u,1146688,100.00,,
     0.125922229,1524544,,bus-cycles:u,1146688,100.00,,
     0.125922229,9756100,,instructions:u,1146624,100.00,,
     0.127067860,342,,branch-misses:u,1146048,100.00,,
     0.127067860,103,,cache-misses:u,1146080,100.00,,
     0.127067860,1518209,,bus-cycles:u,1146048,100.00,,
     0.127067860,9704618,,instructions:u,1146112,100.00,,
     0.128215315,342,,branch-misses:u,1147264,100.00,,
     0.128215315,36,,cache-misses:u,1147104,100.00,,
     0.128215315,1525035,,bus-cycles:u,1147104,100.00,,
     0.128215315,9751078,,instructions:u,1147104,100.00,,
     0.129372465,345,,branch-misses:u,1157472,100.00,,
     0.129372465,31,,cache-misses:u,1157696,100.00,,
     0.129372465,1537730,,bus-cycles:u,1157760,100.00,,
     0.129372465,9856946,,instructions:u,1157632,100.00,,
     0.130519631,341,,branch-misses:u,1147104,100.00,,
     0.130519631,34,,cache-misses:u,1146976,100.00,,
     0.130519631,1524710,,bus-cycles:u,1146880,100.00,,
     0.130519631,9746938,,instructions:u,1147008,100.00,,
     0.131666702,343,,branch-misses:u,1147520,100.00,,
     0.131666702,121,,cache-misses:u,1147552,100.00,,
     0.131666702,1519206,,bus-cycles:u,1147680,100.00,,
     0.131666702,9717640,,instructions:u,1147648,100.00,,
     0.132814701,341,,branch-misses:u,1147776,100.00,,
     0.132814701,41,,cache-misses:u,1147808,100.00,,
     0.132814701,1526122,,bus-cycles:u,1147744,100.00,,
     0.132814701,9754343,,instructions:u,1147712,100.00,,
     0.133961100,341,,branch-misses:u,1146144,100.00,,
     0.133961100,29,,cache-misses:u,1145984,100.00,,
     0.133961100,1523325,,bus-cycles:u,1145952,100.00,,
     0.133961100,9712959,,instructions:u,1145920,100.00,,
     0.135107947,341,,branch-misses:u,1147680,100.00,,
     0.135107947,111,,cache-misses:u,1147712,100.00,,
     0.135107947,1520225,,bus-cycles:u,1147712,100.00,,
     0.135107947,9715453,,instructions:u,1147808,100.00,,
     0.136254601,341,,branch-misses:u,1146112,100.00,,
     0.136254601,36,,cache-misses:u,1146208,100.00,,
     0.136254601,1523809,,bus-cycles:u,1146208,100.00,,
     0.136254601,9736555,,instructions:u,1146048,100.00,,
     0.137399144,342,,branch-misses:u,1144608,100.00,,
     0.137399144,33,,cache-misses:u,1144512,100.00,,
     0.137399144,1522320,,bus-cycles:u,1144512,100.00,,
     0.137399144,9733415,,instructions:u,1144608,100.00,,
     0.138543815,340,,branch-misses:u,1144928,100.00,,
     0.138543815,30,,cache-misses:u,1145024,100.00,,
     0.138543815,1521717,,bus-cycles:u,1145056,100.00,,
     0.138543815,9698945,,instructions:u,1145056,100.00,,
     0.139689318,340,,branch-misses:u,1146272,100.00,,
     0.139689318,106,,cache-misses:u,1146368,100.00,,
     0.139689318,1518146,,bus-cycles:u,1146432,100.00,,
     0.139689318,9689413,,instructions:u,1146816,100.00,,
     0.140840005,343,,branch-misses:u,1150592,100.00,,
     0.140840005,35,,cache-misses:u,1150496,100.00,,
     0.140840005,1529547,,bus-cycles:u,1150496,100.00,,
     0.140840005,9779236,,instructions:u,1150112,100.00,,
     0.141987012,341,,branch-misses:u,1146752,100.00,,
     0.141987012,40,,cache-misses:u,1146656,100.00,,
     0.141987012,1523745,,bus-cycles:u,1146528,100.00,,
     0.141987012,9737657,,instructions:u,1146528,100.00,,
     0.143133602,342,,branch-misses:u,1147264,100.00,,
     0.143133602,105,,cache-misses:u,1147456,100.00,,
     0.143133602,1519111,,bus-cycles:u,1147488,100.00,,
     0.143133602,9719022,,instructions:u,1147488,100.00,,
     0.144280737,342,,branch-misses:u,1146656,100.00,,
     0.144280737,42,,cache-misses:u,1146528,100.00,,
     0.144280737,1523621,,bus-cycles:u,1146528,100.00,,
     0.144280737,9749989,,instructions:u,1146560,100.00,,
     0.145425440,341,,branch-misses:u,1144768,100.00,,
     0.145425440,34,,cache-misses:u,1144704,100.00,,
     0.145425440,1521837,,bus-cycles:u,1144640,100.00,,
     0.145425440,9722462,,instructions:u,1144640,100.00,,
     0.146569663,340,,branch-misses:u,1144480,100.00,,
     0.146569663,34,,cache-misses:u,1144512,100.00,,
     0.146569663,1521178,,bus-cycles:u,1144576,100.00,,
     0.146569663,9696653,,instructions:u,1144544,100.00,,
     0.147714622,340,,branch-misses:u,1145632,100.00,,
     0.147714622,98,,cache-misses:u,1145696,100.00,,
     0.147714622,1516727,,bus-cycles:u,1145792,100.00,,
     0.147714622,9677780,,instructions:u,1145920,100.00,,
     0.148864509,342,,branch-misses:u,1149856,100.00,,
     0.148864509,35,,cache-misses:u,1149920,100.00,,
     0.148864509,1527869,,bus-cycles:u,1149792,100.00,,
     0.148864509,9785598,,instructions:u,1149696,100.00,,
     0.150010876,343,,branch-misses:u,1146016,100.00,,
     0.150010876,34,,cache-misses:u,1145824,100.00,,
     0.150010876,1522872,,bus-cycles:u,1145856,100.00,,
     0.150010876,9740251,,instructions:u,1145792,100.00,,
     0.151169657,345,,branch-misses:u,1159872,100.00,,
     0.151169657,108,,cache-misses:u,1160288,100.00,,
     0.151169657,1536821,,bus-cycles:u,1160416,100.00,,
     0.151169657,9822880,,instructions:u,1160512,100.00,,
     0.152318296,341,,branch-misses:u,1148224,100.00,,
     0.152318296,37,,cache-misses:u,1147936,100.00,,
     0.152318296,1525661,,bus-cycles:u,1147808,100.00,,
     0.152318296,9747886,,instructions:u,1147808,100.00,,
     0.153464694,341,,branch-misses:u,1146528,100.00,,
     0.153464694,35,,cache-misses:u,1146592,100.00,,
     0.153464694,1524128,,bus-cycles:u,1146656,100.00,,
     0.153464694,9739460,,instructions:u,1146592,100.00,,
     0.154610901,342,,branch-misses:u,1146016,100.00,,
     0.154610901,31,,cache-misses:u,1145920,100.00,,
     0.154610901,1523709,,bus-cycles:u,1145792,100.00,,
     0.154610901,9751815,,instructions:u,1145824,100.00,,
     0.155757620,340,,branch-misses:u,1147296,100.00,,
     0.155757620,107,,cache-misses:u,1147232,100.00,,
     0.155757620,1516659,,bus-cycles:u,1147296,100.00,,
     0.155757620,9643485,,instructions:u,1147264,100.00,,
     0.156904627,342,,branch-misses:u,1147104,100.00,,
     0.156904627,34,,cache-misses:u,1147200,100.00,,
     0.156904627,1524559,,bus-cycles:u,1147168,100.00,,
     0.156904627,9756187,,instructions:u,1147168,100.00,,
     0.158051090,341,,branch-misses:u,1146112,100.00,,
     0.158051090,35,,cache-misses:u,1146048,100.00,,
     0.158051090,1523225,,bus-cycles:u,1146112,100.00,,
     0.158051090,9761405,,instructions:u,1146048,100.00,,
     0.159197649,342,,branch-misses:u,1147392,100.00,,
     0.159197649,105,,cache-misses:u,1147392,100.00,,
     0.159197649,1518384,,bus-cycles:u,1147392,100.00,,
     0.159197649,9718277,,instructions:u,1147456,100.00,,
     0.160345295,342,,branch-misses:u,1147136,100.00,,
     0.160345295,37,,cache-misses:u,1147200,100.00,,
     0.160345295,1525129,,bus-cycles:u,1147200,100.00,,
     0.160345295,9759300,,instructions:u,1147200,100.00,,
     0.161491214,342,,branch-misses:u,1146048,100.00,,
     0.161491214,38,,cache-misses:u,1146112,100.00,,
     0.161491214,1522765,,bus-cycles:u,1146016,100.00,,
     0.161491214,9746421,,instructions:u,1146048,100.00,,
     0.162637165,343,,branch-misses:u,1146048,100.00,,
     0.162637165,33,,cache-misses:u,1145952,100.00,,
     0.162637165,1522550,,bus-cycles:u,1145952,100.00,,
     0.162637165,9751851,,instructions:u,1145952,100.00,,
     0.163784268,338,,branch-misses:u,1147936,100.00,,
     0.163784268,122,,cache-misses:u,1148000,100.00,,
     0.163784268,1504750,,bus-cycles:u,1148064,100.00,,
     0.163784268,9612832,,instructions:u,1148064,100.00,,
     0.164932171,341,,branch-misses:u,1147392,100.00,,
     0.164932171,39,,cache-misses:u,1147296,100.00,,
     0.164932171,1524932,,bus-cycles:u,1147328,100.00,,
     0.164932171,9743440,,instructions:u,1147264,100.00,,
     0.166078537,341,,branch-misses:u,1146496,100.00,,
     0.166078537,34,,cache-misses:u,1146592,100.00,,
     0.166078537,1523268,,bus-cycles:u,1146592,100.00,,
     0.166078537,9745720,,instructions:u,1146656,100.00,,
     0.167225544,343,,branch-misses:u,1147712,100.00,,
     0.167225544,103,,cache-misses:u,1147680,100.00,,
     0.167225544,1519036,,bus-cycles:u,1147648,100.00,,
     0.167225544,9726352,,instructions:u,1147616,100.00,,
     0.168372999,342,,branch-misses:u,1146944,100.00,,
     0.168372999,36,,cache-misses:u,1146944,100.00,,
     0.168372999,1523784,,bus-cycles:u,1146976,100.00,,
     0.168372999,9727616,,instructions:u,1146976,100.00,,
     0.169517926,341,,branch-misses:u,1144992,100.00,,
     0.169517926,38,,cache-misses:u,1144960,100.00,,
     0.169517926,1521226,,bus-cycles:u,1144928,100.00,,
     0.169517926,9740007,,instructions:u,1144896,100.00,,
     0.170662501,341,,branch-misses:u,1144672,100.00,,
     0.170662501,32,,cache-misses:u,1144736,100.00,,
     0.170662501,1521708,,bus-cycles:u,1144736,100.00,,
     0.170662501,9725881,,instructions:u,1144736,100.00,,
     0.171821218,344,,branch-misses:u,1159552,100.00,,
     0.171821218,102,,cache-misses:u,1160000,100.00,,
     0.171821218,1536886,,bus-cycles:u,1160096,100.00,,
     0.171821218,9811094,,instructions:u,1160160,100.00,,
     0.172973057,343,,branch-misses:u,1151712,100.00,,
     0.172973057,34,,cache-misses:u,1151200,100.00,,
     0.172973057,1530467,,bus-cycles:u,1151136,100.00,,
     0.172973057,9773527,,instructions:u,1151104,100.00,,
     0.174119839,343,,branch-misses:u,1146880,100.00,,
     0.174119839,35,,cache-misses:u,1146848,100.00,,
     0.174119839,1524260,,bus-cycles:u,1146848,100.00,,
     0.174119839,9764100,,instructions:u,1146784,100.00,,
     0.175266526,339,,branch-misses:u,1147136,100.00,,
     0.175266526,96,,cache-misses:u,1147168,100.00,,
     0.175266526,1518270,,bus-cycles:u,1147168,100.00,,
     0.175266526,9703044,,instructions:u,1147264,100.00,,
     0.176414461,342,,branch-misses:u,1147744,100.00,,
     0.176414461,38,,cache-misses:u,1147744,100.00,,
     0.176414461,1525165,,bus-cycles:u,1147680,100.00,,
     0.176414461,9756179,,instructions:u,1147680,100.00,,
     0.177560924,341,,branch-misses:u,1146304,100.00,,
     0.177560924,32,,cache-misses:u,1146368,100.00,,
     0.177560924,1523796,,bus-cycles:u,1146368,100.00,,
     0.177560924,9734377,,instructions:u,1146304,100.00,,
     0.178706523,341,,branch-misses:u,1145632,100.00,,
     0.178706523,35,,cache-misses:u,1145600,100.00,,
     0.178706523,1522790,,bus-cycles:u,1145600,100.00,,
     0.178706523,9744614,,instructions:u,1145664,100.00,,
     0.179852890,341,,branch-misses:u,1147200,100.00,,
     0.179852890,101,,cache-misses:u,1147200,100.00,,
     0.179852890,1518645,,bus-cycles:u,1147200,100.00,,
     0.179852890,9697623,,instructions:u,1147168,100.00,,
     0.181000664,343,,branch-misses:u,1147296,100.00,,
     0.181000664,37,,cache-misses:u,1147264,100.00,,
     0.181000664,1524332,,bus-cycles:u,1147232,100.00,,
     0.181000664,9734609,,instructions:u,1147264,100.00,,
     0.182146199,341,,branch-misses:u,1145600,100.00,,
     0.182146199,36,,cache-misses:u,1145568,100.00,,
     0.182146199,1522985,,bus-cycles:u,1145600,100.00,,
     0.182146199,9728771,,instructions:u,1145600,100.00,,
     0.183292694,341,,branch-misses:u,1147328,100.00,,
     0.183292694,105,,cache-misses:u,1147392,100.00,,
     0.183292694,1520944,,bus-cycles:u,1147520,100.00,,
     0.183292694,9711705,,instructions:u,1147520,100.00,,
     0.184440469,341,,branch-misses:u,1147200,100.00,,
     0.184440469,37,,cache-misses:u,1147168,100.00,,
     0.184440469,1524564,,bus-cycles:u,1147072,100.00,,
     0.184440469,9740698,,instructions:u,1147040,100.00,,
     0.185586356,342,,branch-misses:u,1146016,100.00,,
     0.185586356,37,,cache-misses:u,1145952,100.00,,
     0.185586356,1523661,,bus-cycles:u,1145952,100.00,,
     0.185586356,9751816,,instructions:u,1145984,100.00,,
     0.186731667,343,,branch-misses:u,1145536,100.00,,
     0.186731667,48,,cache-misses:u,1145600,100.00,,
     0.186731667,1522997,,bus-cycles:u,1145600,100.00,,
     0.186731667,9739928,,instructions:u,1145536,100.00,,
     0.187878130,340,,branch-misses:u,1147296,100.00,,
     0.187878130,117,,cache-misses:u,1147296,100.00,,
     0.187878130,1516117,,bus-cycles:u,1147328,100.00,,
     0.187878130,9687582,,instructions:u,1147392,100.00,,
     0.189026192,341,,branch-misses:u,1147680,100.00,,
     0.189026192,37,,cache-misses:u,1147680,100.00,,
     0.189026192,1526493,,bus-cycles:u,1147680,100.00,,
     0.189026192,9751191,,instructions:u,1147616,100.00,,
     0.190172239,342,,branch-misses:u,1145984,100.00,,
     0.190172239,36,,cache-misses:u,1145984,100.00,,
     0.190172239,1522962,,bus-cycles:u,1145920,100.00,,
     0.190172239,9741104,,instructions:u,1145984,100.00,,
     0.191318254,341,,branch-misses:u,1146688,100.00,,
     0.191318254,107,,cache-misses:u,1146688,100.00,,
     0.191318254,1519298,,bus-cycles:u,1146752,100.00,,
     0.191318254,9703746,,instructions:u,1146784,100.00,,
     0.192475596,346,,branch-misses:u,1157408,100.00,,
     0.192475596,35,,cache-misses:u,1157792,100.00,,
     0.192475596,1538701,,bus-cycles:u,1157792,100.00,,
     0.192475596,9855152,,instructions:u,1157664,100.00,,
     0.193623466,342,,branch-misses:u,1147456,100.00,,
     0.193623466,30,,cache-misses:u,1147008,100.00,,
     0.193623466,1525007,,bus-cycles:u,1147040,100.00,,
     0.193623466,9758301,,instructions:u,1147072,100.00,,
     0.194769097,341,,branch-misses:u,1145728,100.00,,
     0.194769097,34,,cache-misses:u,1145920,100.00,,
     0.194769097,1523400,,bus-cycles:u,1145824,100.00,,
     0.194769097,9742657,,instructions:u,1145920,100.00,,
     0.195929734,346,,branch-misses:u,1161408,100.00,,
     0.195929734,89,,cache-misses:u,1161472,100.00,,
     0.195929734,1538850,,bus-cycles:u,1161568,100.00,,
     0.195929734,9817172,,instructions:u,1161600,100.00,,
     0.197076869,341,,branch-misses:u,1146720,100.00,,
     0.197076869,33,,cache-misses:u,1146592,100.00,,
     0.197076869,1524546,,bus-cycles:u,1146592,100.00,,
     0.197076869,9732632,,instructions:u,1146528,100.00,,
     0.198222500,342,,branch-misses:u,1145664,100.00,,
     0.198222500,36,,cache-misses:u,1145568,100.00,,
     0.198222500,1523270,,bus-cycles:u,1145504,100.00,,
     0.198222500,9738448,,instructions:u,1145440,100.00,,
     0.199368803,342,,branch-misses:u,1147200,100.00,,
     0.199368803,101,,cache-misses:u,1147168,100.00,,
     0.199368803,1520071,,bus-cycles:u,1147168,100.00,,
     0.199368803,9693012,,instructions:u,1147200,100.00,,
     0.200515522,342,,branch-misses:u,1146016,100.00,,
     0.200515522,36,,cache-misses:u,1146144,100.00,,
     0.200515522,1524249,,bus-cycles:u,1146112,100.00,,
     0.200515522,9737553,,instructions:u,1146144,100.00,,
     0.201659969,340,,branch-misses:u,1144608,100.00,,
     0.201659969,33,,cache-misses:u,1144480,100.00,,
     0.201659969,1521315,,bus-cycles:u,1144448,100.00,,
     0.201659969,9698601,,instructions:u,1144384,100.00,,
     0.202804064,341,,branch-misses:u,1144224,100.00,,
     0.202804064,36,,cache-misses:u,1144320,100.00,,
     0.202804064,1520753,,bus-cycles:u,1144416,100.00,,
     0.202804064,9735500,,instructions:u,1144480,100.00,,
     0.203966301,347,,branch-misses:u,1163232,100.00,,
     0.203966301,97,,cache-misses:u,1163520,100.00,,
     0.203966301,1540056,,bus-cycles:u,1163488,100.00,,
     0.203966301,9833324,,instructions:u,1163520,100.00,,
     0.205114044,342,,branch-misses:u,1147520,100.00,,
     0.205114044,34,,cache-misses:u,1147136,100.00,,
     0.205114044,1525231,,bus-cycles:u,1147136,100.00,,
     0.205114044,9758061,,instructions:u,1147136,100.00,,
     0.206260059,340,,branch-misses:u,1145728,100.00,,
     0.206260059,40,,cache-misses:u,1145824,100.00,,
     0.206260059,1523827,,bus-cycles:u,1145824,100.00,,
     0.206260059,9735593,,instructions:u,1145760,100.00,,
     0.207405946,341,,branch-misses:u,1146560,100.00,,
     0.207405946,105,,cache-misses:u,1146592,100.00,,
     0.207405946,1518671,,bus-cycles:u,1146560,100.00,,
     0.207405946,9693447,,instructions:u,1146592,100.00,,
     0.208552824,342,,branch-misses:u,1146816,100.00,,
     0.208552824,35,,cache-misses:u,1146752,100.00,,
     0.208552824,1524190,,bus-cycles:u,1146752,100.00,,
     0.208552824,9766986,,instructions:u,1146688,100.00,,
     0.209698743,341,,branch-misses:u,1145664,100.00,,
     0.209698743,35,,cache-misses:u,1145696,100.00,,
     0.209698743,1523054,,bus-cycles:u,1145696,100.00,,
     0.209698743,9748580,,instructions:u,1145760,100.00,,
     0.210844022,344,,branch-misses:u,1145408,100.00,,
     0.210844022,32,,cache-misses:u,1145312,100.00,,
     0.210844022,1522057,,bus-cycles:u,1145312,100.00,,
     0.210844022,9736511,,instructions:u,1145280,100.00,,
     0.211998836,342,,branch-misses:u,1155712,100.00,,
     0.211998836,83,,cache-misses:u,1156000,100.00,,
     0.211998836,1531415,,bus-cycles:u,1156000,100.00,,
     0.211998836,9784991,,instructions:u,1156032,100.00,,
     0.213145555,341,,branch-misses:u,1146112,100.00,,
     0.213145555,42,,cache-misses:u,1145792,100.00,,
     0.213145555,1522863,,bus-cycles:u,1145888,100.00,,
     0.213145555,9725335,,instructions:u,1145856,100.00,,
     0.214301393,345,,branch-misses:u,1156288,100.00,,
     0.214301393,39,,cache-misses:u,1156480,100.00,,
     0.214301393,1536906,,bus-cycles:u,1156480,100.00,,
     0.214301393,9849525,,instructions:u,1156448,100.00,,
     0.215448879,342,,branch-misses:u,1147936,100.00,,
     0.215448879,106,,cache-misses:u,1147904,100.00,,
     0.215448879,1520821,,bus-cycles:u,1147840,100.00,,
     0.215448879,9737761,,instructions:u,1147904,100.00,,
     0.216595822,342,,branch-misses:u,1146688,100.00,,
     0.216595822,35,,cache-misses:u,1146656,100.00,,
     0.216595822,1524621,,bus-cycles:u,1146656,100.00,,
     0.216595822,9754572,,instructions:u,1146624,100.00,,
     0.217741965,342,,branch-misses:u,1145888,100.00,,
     0.217741965,36,,cache-misses:u,1145888,100.00,,
     0.217741965,1522469,,bus-cycles:u,1145856,100.00,,
     0.217741965,9726691,,instructions:u,1145856,100.00,,
     0.218888140,340,,branch-misses:u,1146976,100.00,,
     0.218888140,51,,cache-misses:u,1146944,100.00,,
     0.218888140,1519238,,bus-cycles:u,1147040,100.00,,
     0.218888140,9701776,,instructions:u,1147072,100.00,,
     0.220036331,342,,branch-misses:u,1148000,100.00,,
     0.220036331,79,,cache-misses:u,1148032,100.00,,
     0.220036331,1523594,,bus-cycles:u,1147968,100.00,,
     0.220036331,9739575,,instructions:u,1147936,100.00,,
     0.221182409,340,,branch-misses:u,1146240,100.00,,
     0.221182409,39,,cache-misses:u,1146144,100.00,,
     0.221182409,1521638,,bus-cycles:u,1146208,100.00,,
     0.221182409,9713755,,instructions:u,1146208,100.00,,
     0.222328200,342,,branch-misses:u,1145632,100.00,,
     0.222328200,45,,cache-misses:u,1145632,100.00,,
     0.222328200,1520984,,bus-cycles:u,1145536,100.00,,
     0.222328200,9737967,,instructions:u,1145536,100.00,,
     0.223474951,341,,branch-misses:u,1147488,100.00,,
     0.223474951,114,,cache-misses:u,1147552,100.00,,
     0.223474951,1519332,,bus-cycles:u,1147520,100.00,,
     0.223474951,9710069,,instructions:u,1147552,100.00,,
     0.224621638,341,,branch-misses:u,1146496,100.00,,
     0.224621638,37,,cache-misses:u,1146528,100.00,,
     0.224621638,1523590,,bus-cycles:u,1146624,100.00,,
     0.224621638,9733167,,instructions:u,1146560,100.00,,
     0.225767557,342,,branch-misses:u,1145760,100.00,,
     0.225767557,30,,cache-misses:u,1145760,100.00,,
     0.225767557,1522384,,bus-cycles:u,1145728,100.00,,
     0.225767557,9743076,,instructions:u,1145792,100.00,,
     0.226914020,342,,branch-misses:u,1147264,100.00,,
     0.226914020,58,,cache-misses:u,1147136,100.00,,
     0.226914020,1518737,,bus-cycles:u,1147136,100.00,,
     0.226914020,9700149,,instructions:u,1147104,100.00,,
     0.228061666,343,,branch-misses:u,1147328,100.00,,
     0.228061666,63,,cache-misses:u,1147328,100.00,,
     0.228061666,1523818,,bus-cycles:u,1147296,100.00,,
     0.228061666,9746556,,instructions:u,1147328,100.00,,
     0.229206881,340,,branch-misses:u,1145184,100.00,,
     0.229206881,39,,cache-misses:u,1145280,100.00,,
     0.229206881,1521845,,bus-cycles:u,1145312,100.00,,
     0.229206881,9724081,,instructions:u,1145312,100.00,,
     0.230352128,341,,branch-misses:u,1145280,100.00,,
     0.230352128,37,,cache-misses:u,1145280,100.00,,
     0.230352128,1520813,,bus-cycles:u,1145344,100.00,,
     0.230352128,9722427,,instructions:u,1145376,100.00,,
     0.231497695,341,,branch-misses:u,1146272,100.00,,
     0.231497695,120,,cache-misses:u,1146240,100.00,,
     0.231497695,1517868,,bus-cycles:u,1146144,100.00,,
     0.231497695,9700310,,instructions:u,1146112,100.00,,
     0.232644094,341,,branch-misses:u,1146336,100.00,,
     0.232644094,39,,cache-misses:u,1146304,100.00,,
     0.232644094,1522671,,bus-cycles:u,1146368,100.00,,
     0.232644094,9734356,,instructions:u,1146240,100.00,,
     0.233789501,341,,branch-misses:u,1145024,100.00,,
     0.233789501,37,,cache-misses:u,1145216,100.00,,
     0.233789501,1520820,,bus-cycles:u,1145120,100.00,,
     0.233789501,9721518,,instructions:u,1145248,100.00,,
     0.234946203,343,,branch-misses:u,1157728,100.00,,
     0.234946203,61,,cache-misses:u,1157760,100.00,,
     0.234946203,1530019,,bus-cycles:u,1157856,100.00,,
     0.234946203,9762271,,instructions:u,1157760,100.00,,
     0.236094809,341,,branch-misses:u,1148352,100.00,,
     0.236094809,66,,cache-misses:u,1148224,100.00,,
     0.236094809,1523537,,bus-cycles:u,1148160,100.00,,
     0.236094809,9707907,,instructions:u,1148256,100.00,,
     0.237240472,340,,branch-misses:u,1145408,100.00,,
     0.237240472,37,,cache-misses:u,1145312,100.00,,
     0.237240472,1520535,,bus-cycles:u,1145376,100.00,,
     0.237240472,9719267,,instructions:u,1145376,100.00,,
     0.238386231,341,,branch-misses:u,1145952,100.00,,
     0.238386231,36,,cache-misses:u,1146016,100.00,,
     0.238386231,1521304,,bus-cycles:u,1146016,100.00,,
     0.238386231,9732142,,instructions:u,1145984,100.00,,
     0.239532758,340,,branch-misses:u,1147360,100.00,,
     0.239532758,104,,cache-misses:u,1147360,100.00,,
     0.239532758,1517625,,bus-cycles:u,1147360,100.00,,
     0.239532758,9688309,,instructions:u,1147392,100.00,,
     0.240680501,343,,branch-misses:u,1147488,100.00,,
     0.240680501,36,,cache-misses:u,1147424,100.00,,
     0.240680501,1523995,,bus-cycles:u,1147392,100.00,,
     0.240680501,9735470,,instructions:u,1147360,100.00,,
     0.241826036,339,,branch-misses:u,1145248,100.00,,
     0.241826036,33,,cache-misses:u,1145280,100.00,,
     0.241826036,1520859,,bus-cycles:u,1145280,100.00,,
     0.241826036,9702673,,instructions:u,1145312,100.00,,
     0.242971603,341,,branch-misses:u,1146464,100.00,,
     0.242971603,106,,cache-misses:u,1146496,100.00,,
     0.242971603,1514771,,bus-cycles:u,1146464,100.00,,
     0.242971603,9691340,,instructions:u,1146432,100.00,,
     0.244118610,341,,branch-misses:u,1146816,100.00,,
     0.244118610,74,,cache-misses:u,1146784,100.00,,
     0.244118610,1522534,,bus-cycles:u,1146720,100.00,,
     0.244118610,9733404,,instructions:u,1146752,100.00,,
     0.245264688,341,,branch-misses:u,1145728,100.00,,
     0.245264688,43,,cache-misses:u,1145728,100.00,,
     0.245264688,1521966,,bus-cycles:u,1145856,100.00,,
     0.245264688,9731115,,instructions:u,1145856,100.00,,
     0.246409487,341,,branch-misses:u,1144960,100.00,,
     0.246409487,38,,cache-misses:u,1144928,100.00,,
     0.246409487,1519847,,bus-cycles:u,1144928,100.00,,
     0.246409487,9736570,,instructions:u,1144864,100.00,,
     0.247554606,341,,branch-misses:u,1145888,100.00,,
     0.247554606,124,,cache-misses:u,1146016,100.00,,
     0.247554606,1516862,,bus-cycles:u,1145984,100.00,,
     0.247554606,9682365,,instructions:u,1146080,100.00,,
     0.248702221,342,,branch-misses:u,1147488,100.00,,
     0.248702221,35,,cache-misses:u,1147424,100.00,,
     0.248702221,1523935,,bus-cycles:u,1147424,100.00,,
     0.248702221,9749214,,instructions:u,1147360,100.00,,
     0.249847692,342,,branch-misses:u,1145216,100.00,,
     0.249847692,40,,cache-misses:u,1145184,100.00,,
     0.249847692,1521235,,bus-cycles:u,1145216,100.00,,
     0.249847692,9726232,,instructions:u,1145248,100.00,,
     0.250993323,341,,branch-misses:u,1146432,100.00,,
     0.250993323,78,,cache-misses:u,1146528,100.00,,
     0.250993323,1517633,,bus-cycles:u,1146496,100.00,,
     0.250993323,9707435,,instructions:u,1146496,100.00,,
     0.252140618,342,,branch-misses:u,1147072,100.00,,
     0.252140618,55,,cache-misses:u,1146976,100.00,,
     0.252140618,1523260,,bus-cycles:u,1146976,100.00,,
     0.252140618,9751203,,instructions:u,1146880,100.00,,
     0.253286441,343,,branch-misses:u,1145728,100.00,,
     0.253286441,33,,cache-misses:u,1145696,100.00,,
     0.253286441,1521960,,bus-cycles:u,1145664,100.00,,
     0.253286441,9748588,,instructions:u,1145632,100.00,,
     0.254431816,340,,branch-misses:u,1145504,100.00,,
     0.254431816,35,,cache-misses:u,1145568,100.00,,
     0.254431816,1521595,,bus-cycles:u,1145632,100.00,,
     0.254431816,9718854,,instructions:u,1145728,100.00,,
     0.255578055,340,,branch-misses:u,1147104,100.00,,
     0.255578055,98,,cache-misses:u,1147040,100.00,,
     0.255578055,1518862,,bus-cycles:u,1147008,100.00,,
     0.255578055,9694447,,instructions:u,1147008,100.00,,
     0.256733668,341,,branch-misses:u,1155360,100.00,,
     0.256733668,55,,cache-misses:u,1155680,100.00,,
     0.256733668,1522794,,bus-cycles:u,1155712,100.00,,
     0.256733668,9725627,,instructions:u,1155872,100.00,,
     0.257881283,342,,branch-misses:u,1147328,100.00,,
     0.257881283,43,,cache-misses:u,1147040,100.00,,
     0.257881283,1523735,,bus-cycles:u,1147040,100.00,,
     0.257881283,9749182,,instructions:u,1146880,100.00,,
     0.259027170,342,,branch-misses:u,1146720,100.00,,
     0.259027170,100,,cache-misses:u,1146720,100.00,,
     0.259027170,1518751,,bus-cycles:u,1146656,100.00,,
     0.259027170,9719879,,instructions:u,1146688,100.00,,
     0.260174817,343,,branch-misses:u,1147488,100.00,,
     0.260174817,40,,cache-misses:u,1147648,100.00,,
     0.260174817,1524129,,bus-cycles:u,1147712,100.00,,
     0.260174817,9766546,,instructions:u,1147680,100.00,,
     0.261320896,341,,branch-misses:u,1145792,100.00,,
     0.261320896,36,,cache-misses:u,1145600,100.00,,
     0.261320896,1521670,,bus-cycles:u,1145568,100.00,,
     0.261320896,9737682,,instructions:u,1145536,100.00,,
     0.262465695,340,,branch-misses:u,1144896,100.00,,
     0.262465695,36,,cache-misses:u,1144896,100.00,,
     0.262465695,1520617,,bus-cycles:u,1144864,100.00,,
     0.262465695,9724602,,instructions:u,1144896,100.00,,
     0.263611486,341,,branch-misses:u,1146560,100.00,,
     0.263611486,105,,cache-misses:u,1146720,100.00,,
     0.263611486,1518431,,bus-cycles:u,1146752,100.00,,
     0.263611486,9706274,,instructions:u,1146784,100.00,,
     0.264759356,341,,branch-misses:u,1147424,100.00,,
     0.264759356,35,,cache-misses:u,1147456,100.00,,
     0.264759356,1524628,,bus-cycles:u,1147520,100.00,,
     0.264759356,9769937,,instructions:u,1147552,100.00,,
     0.265905307,343,,branch-misses:u,1145920,100.00,,
     0.265905307,41,,cache-misses:u,1145856,100.00,,
     0.265905307,1521694,,bus-cycles:u,1145824,100.00,,
     0.265905307,9727301,,instructions:u,1145792,100.00,,
     0.267050874,340,,branch-misses:u,1146528,100.00,,
     0.267050874,97,,cache-misses:u,1146528,100.00,,
     0.267050874,1518931,,bus-cycles:u,1146528,100.00,,
     0.267050874,9686532,,instructions:u,1146528,100.00,,
     0.268198041,341,,branch-misses:u,1146944,100.00,,
     0.268198041,44,,cache-misses:u,1146976,100.00,,
     0.268198041,1524017,,bus-cycles:u,1146912,100.00,,
     0.268198041,9745985,,instructions:u,1146880,100.00,,
     0.269343928,340,,branch-misses:u,1145664,100.00,,
     0.269343928,30,,cache-misses:u,1145600,100.00,,
     0.269343928,1522140,,bus-cycles:u,1145600,100.00,,
     0.269343928,9706774,,instructions:u,1145600,100.00,,
     0.270489335,341,,branch-misses:u,1145600,100.00,,
     0.270489335,37,,cache-misses:u,1145632,100.00,,
     0.270489335,1522578,,bus-cycles:u,1145664,100.00,,
     0.270489335,9722683,,instructions:u,1145696,100.00,,
     0.271635542,341,,branch-misses:u,1146976,100.00,,
     0.271635542,101,,cache-misses:u,1147008,100.00,,
     0.271635542,1518610,,bus-cycles:u,1147008,100.00,,
     0.271635542,9695832,,instructions:u,1146976,100.00,,
     0.272782740,342,,branch-misses:u,1147040,100.00,,
     0.272782740,35,,cache-misses:u,1146976,100.00,,
     0.272782740,1523255,,bus-cycles:u,1146976,100.00,,
     0.272782740,9737570,,instructions:u,1147008,100.00,,
     0.273928691,340,,branch-misses:u,1145600,100.00,,
     0.273928691,35,,cache-misses:u,1145600,100.00,,
     0.273928691,1521132,,bus-cycles:u,1145664,100.00,,
     0.273928691,9704118,,instructions:u,1145664,100.00,,
     0.275075026,341,,branch-misses:u,1147232,100.00,,
     0.275075026,112,,cache-misses:u,1147136,100.00,,
     0.275075026,1517441,,bus-cycles:u,1147104,100.00,,
     0.275075026,9699359,,instructions:u,1147136,100.00,,
     0.276222417,340,,branch-misses:u,1147072,100.00,,
     0.276222417,39,,cache-misses:u,1147136,100.00,,
     0.276222417,1522986,,bus-cycles:u,1147104,100.00,,
     0.276222417,9735080,,instructions:u,1147008,100.00,,
     0.277378831,344,,branch-misses:u,1156768,100.00,,
     0.277378831,41,,cache-misses:u,1156896,100.00,,
     0.277378831,1536919,,bus-cycles:u,1156992,100.00,,
     0.277378831,9846995,,instructions:u,1157056,100.00,,
     0.278526189,342,,branch-misses:u,1147424,100.00,,
     0.278526189,44,,cache-misses:u,1147360,100.00,,
     0.278526189,1523378,,bus-cycles:u,1147296,100.00,,
     0.278526189,9734953,,instructions:u,1147264,100.00,,
     0.279672812,340,,branch-misses:u,1147008,100.00,,
     0.279672812,107,,cache-misses:u,1147072,100.00,,
     0.279672812,1518562,,bus-cycles:u,1147040,100.00,,
     0.279672812,9701015,,instructions:u,1146976,100.00,,
     0.280820171,341,,branch-misses:u,1146816,100.00,,
     0.280820171,36,,cache-misses:u,1146688,100.00,,
     0.280820171,1523020,,bus-cycles:u,1146656,100.00,,
     0.280820171,9729669,,instructions:u,1146656,100.00,,
     0.281965866,342,,branch-misses:u,1145760,100.00,,
     0.281965866,35,,cache-misses:u,1145856,100.00,,
     0.281965866,1521508,,bus-cycles:u,1145824,100.00,,
     0.281965866,9740299,,instructions:u,1145952,100.00,,
     0.283112009,342,,branch-misses:u,1146944,100.00,,
     0.283112009,107,,cache-misses:u,1146880,100.00,,
     0.283112009,1518643,,bus-cycles:u,1146912,100.00,,
     0.283112009,9712075,,instructions:u,1146816,100.00,,
     0.284259495,341,,branch-misses:u,1147360,100.00,,
     0.284259495,36,,cache-misses:u,1147360,100.00,,
     0.284259495,1523957,,bus-cycles:u,1147424,100.00,,
     0.284259495,9721838,,instructions:u,1147488,100.00,,
     0.285405574,342,,branch-misses:u,1145760,100.00,,
     0.285405574,33,,cache-misses:u,1145760,100.00,,
     0.285405574,1521031,,bus-cycles:u,1145696,100.00,,
     0.285405574,9732594,,instructions:u,1145760,100.00,,
     0.286551365,341,,branch-misses:u,1145888,100.00,,
     0.286551365,38,,cache-misses:u,1145952,100.00,,
     0.286551365,1521019,,bus-cycles:u,1145952,100.00,,
     0.286551365,9724619,,instructions:u,1145952,100.00,,
     0.287697796,338,,branch-misses:u,1147360,100.00,,
     0.287697796,107,,cache-misses:u,1147328,100.00,,
     0.287697796,1517745,,bus-cycles:u,1147360,100.00,,
     0.287697796,9681512,,instructions:u,1147264,100.00,,
     0.288845635,341,,branch-misses:u,1147200,100.00,,
     0.288845635,38,,cache-misses:u,1147136,100.00,,
     0.288845635,1523158,,bus-cycles:u,1147136,100.00,,
     0.288845635,9736107,,instructions:u,1147136,100.00,,
     0.289991426,341,,branch-misses:u,1146016,100.00,,
     0.289991426,40,,cache-misses:u,1146048,100.00,,
     0.289991426,1521572,,bus-cycles:u,1146048,100.00,,
     0.289991426,9738170,,instructions:u,1146048,100.00,,
     0.291137632,343,,branch-misses:u,1146976,100.00,,
     0.291137632,111,,cache-misses:u,1147040,100.00,,
     0.291137632,1519174,,bus-cycles:u,1147040,100.00,,
     0.291137632,9705948,,instructions:u,1147008,100.00,,
     0.292284639,341,,branch-misses:u,1146848,100.00,,
     0.292284639,35,,cache-misses:u,1146720,100.00,,
     0.292284639,1524586,,bus-cycles:u,1146688,100.00,,
     0.292284639,9755280,,instructions:u,1146720,100.00,,
     0.293430334,341,,branch-misses:u,1145440,100.00,,
     0.293430334,34,,cache-misses:u,1145472,100.00,,
     0.293430334,1522444,,bus-cycles:u,1145504,100.00,,
     0.293430334,9726053,,instructions:u,1145504,100.00,,
     0.294575325,341,,branch-misses:u,1145056,100.00,,
     0.294575325,34,,cache-misses:u,1145088,100.00,,
     0.294575325,1520985,,bus-cycles:u,1145120,100.00,,
     0.294575325,9748572,,instructions:u,1145152,100.00,,
     0.295721724,341,,branch-misses:u,1147328,100.00,,
     0.295721724,102,,cache-misses:u,1147296,100.00,,
     0.295721724,1518804,,bus-cycles:u,1147264,100.00,,
     0.295721724,9694674,,instructions:u,1147232,100.00,,
     0.296868923,342,,branch-misses:u,1146592,100.00,,
     0.296868923,40,,cache-misses:u,1146592,100.00,,
     0.296868923,1521702,,bus-cycles:u,1146560,100.00,,
     0.296868923,9730394,,instructions:u,1146560,100.00,,
     0.298014874,340,,branch-misses:u,1146144,100.00,,
     0.298014874,34,,cache-misses:u,1146112,100.00,,
     0.298014874,1521844,,bus-cycles:u,1146208,100.00,,
     0.298014874,9693481,,instructions:u,1146272,100.00,,
     0.299169240,343,,branch-misses:u,1155424,100.00,,
     0.299169240,111,,cache-misses:u,1155680,100.00,,
     0.299169240,1528903,,bus-cycles:u,1155712,100.00,,
     0.299169240,9780034,,instructions:u,1155712,100.00,,
     0.300318390,341,,branch-misses:u,1148704,100.00,,
     0.300318390,39,,cache-misses:u,1148512,100.00,,
     0.300318390,1524311,,bus-cycles:u,1148352,100.00,,
     0.300318390,9736316,,instructions:u,1148352,100.00,,
     0.301464533,341,,branch-misses:u,1145856,100.00,,
     0.301464533,33,,cache-misses:u,1145760,100.00,,
     0.301464533,1521325,,bus-cycles:u,1145856,100.00,,
     0.301464533,9722068,,instructions:u,1145792,100.00,,
     0.302610036,341,,branch-misses:u,1145728,100.00,,
     0.302610036,36,,cache-misses:u,1145760,100.00,,
     0.302610036,1520455,,bus-cycles:u,1145696,100.00,,
     0.302610036,9729228,,instructions:u,1145696,100.00,,
     0.303756211,341,,branch-misses:u,1146944,100.00,,
     0.303756211,105,,cache-misses:u,1147104,100.00,,
     0.303756211,1515729,,bus-cycles:u,1147104,100.00,,
     0.303756211,9677467,,instructions:u,1147104,100.00,,
     0.304903090,341,,branch-misses:u,1146240,100.00,,
     0.304903090,37,,cache-misses:u,1146176,100.00,,
     0.304903090,1521781,,bus-cycles:u,1146144,100.00,,
     0.304903090,9747292,,instructions:u,1146144,100.00,,
     0.306047761,341,,branch-misses:u,1144800,100.00,,
     0.306047761,32,,cache-misses:u,1144800,100.00,,
     0.306047761,1520832,,bus-cycles:u,1144864,100.00,,
     0.306047761,9716728,,instructions:u,1144832,100.00,,
     0.307193520,340,,branch-misses:u,1146656,100.00,,
     0.307193520,107,,cache-misses:u,1146720,100.00,,
     0.307193520,1517458,,bus-cycles:u,1146720,100.00,,
     0.307193520,9708439,,instructions:u,1146784,100.00,,
     0.308341390,342,,branch-misses:u,1147648,100.00,,
     0.308341390,36,,cache-misses:u,1147456,100.00,,
     0.308341390,1523878,,bus-cycles:u,1147456,100.00,,
     0.308341390,9752266,,instructions:u,1147328,100.00,,
     0.309486925,343,,branch-misses:u,1145280,100.00,,
     0.309486925,37,,cache-misses:u,1145312,100.00,,
     0.309486925,1522155,,bus-cycles:u,1145248,100.00,,
     0.309486925,9747718,,instructions:u,1145312,100.00,,
     0.310632492,341,,branch-misses:u,1145728,100.00,,
     0.310632492,33,,cache-misses:u,1145728,100.00,,
     0.310632492,1522078,,bus-cycles:u,1145824,100.00,,
     0.310632492,9746442,,instructions:u,1145824,100.00,,
     0.311778795,342,,branch-misses:u,1147168,100.00,,
     0.311778795,101,,cache-misses:u,1147136,100.00,,
     0.311778795,1518797,,bus-cycles:u,1147040,100.00,,
     0.311778795,9702918,,instructions:u,1147104,100.00,,
     0.312925930,341,,branch-misses:u,1146496,100.00,,
     0.312925930,34,,cache-misses:u,1146560,100.00,,
     0.312925930,1522359,,bus-cycles:u,1146592,100.00,,
     0.312925930,9728665,,instructions:u,1146592,100.00,,
     0.314071113,342,,branch-misses:u,1145376,100.00,,
     0.314071113,34,,cache-misses:u,1145344,100.00,,
     0.314071113,1520980,,bus-cycles:u,1145408,100.00,,
     0.314071113,9723163,,instructions:u,1145312,100.00,,
     0.315217640,341,,branch-misses:u,1147392,100.00,,
     0.315217640,101,,cache-misses:u,1147424,100.00,,
     0.315217640,1519546,,bus-cycles:u,1147392,100.00,,
     0.315217640,9712296,,instructions:u,1147456,100.00,,
     0.316365638,342,,branch-misses:u,1147680,100.00,,
     0.316365638,36,,cache-misses:u,1147616,100.00,,
     0.316365638,1523725,,bus-cycles:u,1147552,100.00,,
     0.316365638,9744996,,instructions:u,1147520,100.00,,
     0.317511301,341,,branch-misses:u,1145440,100.00,,
     0.317511301,35,,cache-misses:u,1145472,100.00,,
     0.317511301,1520087,,bus-cycles:u,1145472,100.00,,
     0.317511301,9723430,,instructions:u,1145504,100.00,,
     0.318656516,340,,branch-misses:u,1145312,100.00,,
     0.318656516,30,,cache-misses:u,1145376,100.00,,
     0.318656516,1520993,,bus-cycles:u,1145344,100.00,,
     0.318656516,9695906,,instructions:u,1145344,100.00,,
     0.319814146,344,,branch-misses:u,1158656,100.00,,
     0.319814146,101,,cache-misses:u,1158752,100.00,,
     0.319814146,1534963,,bus-cycles:u,1158912,100.00,,
     0.319814146,9807213,,instructions:u,1158944,100.00,,
     0.320963072,342,,branch-misses:u,1148640,100.00,,
     0.320963072,43,,cache-misses:u,1148512,100.00,,
     0.320963072,1524489,,bus-cycles:u,1148448,100.00,,
     0.320963072,9755197,,instructions:u,1148480,100.00,,
     0.322109087,342,,branch-misses:u,1145952,100.00,,
     0.322109087,38,,cache-misses:u,1145920,100.00,,
     0.322109087,1522309,,bus-cycles:u,1145888,100.00,,
     0.322109087,9733381,,instructions:u,1145824,100.00,,
     0.323255454,341,,branch-misses:u,1146880,100.00,,
     0.323255454,111,,cache-misses:u,1146912,100.00,,
     0.323255454,1518612,,bus-cycles:u,1146912,100.00,,
     0.323255454,9704493,,instructions:u,1146944,100.00,,
     0.324402429,341,,branch-misses:u,1146688,100.00,,
     0.324402429,34,,cache-misses:u,1146720,100.00,,
     0.324402429,1523000,,bus-cycles:u,1146720,100.00,,
     0.324402429,9728283,,instructions:u,1146720,100.00,,
     0.325548060,339,,branch-misses:u,1145504,100.00,,
     0.325548060,31,,cache-misses:u,1145472,100.00,,
     0.325548060,1520723,,bus-cycles:u,1145504,100.00,,
     0.325548060,9711386,,instructions:u,1145472,100.00,,
     0.326693467,342,,branch-misses:u,1145536,100.00,,
     0.326693467,36,,cache-misses:u,1145472,100.00,,
     0.326693467,1521755,,bus-cycles:u,1145440,100.00,,
     0.326693467,9749752,,instructions:u,1145440,100.00,,
     0.327838970,342,,branch-misses:u,1146304,100.00,,
     0.327838970,103,,cache-misses:u,1146304,100.00,,
     0.327838970,1518560,,bus-cycles:u,1146336,100.00,,
     0.327838970,9713507,,instructions:u,1146336,100.00,,
     0.328986105,341,,branch-misses:u,1146944,100.00,,
     0.328986105,35,,cache-misses:u,1146944,100.00,,
     0.328986105,1523907,,bus-cycles:u,1146912,100.00,,
     0.328986105,9751970,,instructions:u,1146944,100.00,,
     0.330131703,341,,branch-misses:u,1145440,100.00,,
     0.330131703,32,,cache-misses:u,1145504,100.00,,
     0.330131703,1522246,,bus-cycles:u,1145536,100.00,,
     0.330131703,9726032,,instructions:u,1145440,100.00,,
     0.331276982,340,,branch-misses:u,1146048,100.00,,
     0.331276982,96,,cache-misses:u,1146048,100.00,,
     0.331276982,1516964,,bus-cycles:u,1146080,100.00,,
     0.331276982,9669411,,instructions:u,1146208,100.00,,
     0.332424373,342,,branch-misses:u,1147296,100.00,,
     0.332424373,43,,cache-misses:u,1147232,100.00,,
     0.332424373,1525221,,bus-cycles:u,1147232,100.00,,
     0.332424373,9755832,,instructions:u,1147232,100.00,,
     0.333570068,342,,branch-misses:u,1145344,100.00,,
     0.333570068,35,,cache-misses:u,1145344,100.00,,
     0.333570068,1522600,,bus-cycles:u,1145280,100.00,,
     0.333570068,9742783,,instructions:u,1145184,100.00,,
     0.334714803,343,,branch-misses:u,1144928,100.00,,
     0.334714803,36,,cache-misses:u,1145024,100.00,,
     0.334714803,1521345,,bus-cycles:u,1145056,100.00,,
     0.334714803,9740944,,instructions:u,1145120,100.00,,
     0.335861234,341,,branch-misses:u,1147264,100.00,,
     0.335861234,88,,cache-misses:u,1147264,100.00,,
     0.335861234,1519382,,bus-cycles:u,1147264,100.00,,
     0.335861234,9698531,,instructions:u,1147328,100.00,,
     0.337008689,341,,branch-misses:u,1146944,100.00,,
     0.337008689,36,,cache-misses:u,1146880,100.00,,
     0.337008689,1524053,,bus-cycles:u,1146816,100.00,,
     0.337008689,9738478,,instructions:u,1146784,100.00,,
     0.338153872,341,,branch-misses:u,1145152,100.00,,
     0.338153872,31,,cache-misses:u,1145248,100.00,,
     0.338153872,1521404,,bus-cycles:u,1145280,100.00,,
     0.338153872,9727727,,instructions:u,1145216,100.00,,
     0.339300367,341,,branch-misses:u,1147424,100.00,,
     0.339300367,101,,cache-misses:u,1147360,100.00,,
     0.339300367,1519297,,bus-cycles:u,1147360,100.00,,
     0.339300367,9701828,,instructions:u,1147360,100.00,,
     0.340457612,345,,branch-misses:u,1157088,100.00,,
     0.340457612,33,,cache-misses:u,1157216,100.00,,
     0.340457612,1537027,,bus-cycles:u,1157312,100.00,,
     0.340457612,9825188,,instructions:u,1157408,100.00,,
     0.341605483,341,,branch-misses:u,1147968,100.00,,
     0.341605483,31,,cache-misses:u,1147872,100.00,,
     0.341605483,1523704,,bus-cycles:u,1147840,100.00,,
     0.341605483,9736055,,instructions:u,1147840,100.00,,
     0.342751370,341,,branch-misses:u,1145600,100.00,,
     0.342751370,34,,cache-misses:u,1145600,100.00,,
     0.342751370,1521178,,bus-cycles:u,1145536,100.00,,
     0.342751370,9719148,,instructions:u,1145472,100.00,,
     0.343897257,341,,branch-misses:u,1146720,100.00,,
     0.343897257,88,,cache-misses:u,1146784,100.00,,
     0.343897257,1518885,,bus-cycles:u,1146848,100.00,,
     0.343897257,9688986,,instructions:u,1146848,100.00,,
     0.345044743,343,,branch-misses:u,1147328,100.00,,
     0.345044743,38,,cache-misses:u,1147360,100.00,,
     0.345044743,1524158,,bus-cycles:u,1147296,100.00,,
     0.345044743,9755637,,instructions:u,1147264,100.00,,
     0.346190534,342,,branch-misses:u,1145536,100.00,,
     0.346190534,36,,cache-misses:u,1145376,100.00,,
     0.346190534,1521856,,bus-cycles:u,1145344,100.00,,
     0.346190534,9727869,,instructions:u,1145344,100.00,,
     0.347336165,341,,branch-misses:u,1146368,100.00,,
     0.347336165,101,,cache-misses:u,1146368,100.00,,
     0.347336165,1518192,,bus-cycles:u,1146432,100.00,,
     0.347336165,9703837,,instructions:u,1146432,100.00,,
     0.348483172,341,,branch-misses:u,1146880,100.00,,
     0.348483172,36,,cache-misses:u,1146880,100.00,,
     0.348483172,1523626,,bus-cycles:u,1146880,100.00,,
     0.348483172,9737635,,instructions:u,1146880,100.00,,
     0.349629123,340,,branch-misses:u,1146080,100.00,,
     0.349629123,31,,cache-misses:u,1146112,100.00,,
     0.349629123,1522568,,bus-cycles:u,1146112,100.00,,
     0.349629123,9710534,,instructions:u,1146112,100.00,,
     0.350774274,341,,branch-misses:u,1144896,100.00,,
     0.350774274,36,,cache-misses:u,1144864,100.00,,
     0.350774274,1521787,,bus-cycles:u,1144800,100.00,,
     0.350774274,9726413,,instructions:u,1144736,100.00,,
     0.351928416,344,,branch-misses:u,1155040,100.00,,
     0.351928416,99,,cache-misses:u,1155008,100.00,,
     0.351928416,1530123,,bus-cycles:u,1155136,100.00,,
     0.351928416,9781550,,instructions:u,1155264,100.00,,
     0.353074847,343,,branch-misses:u,1145760,100.00,,
     0.353074847,36,,cache-misses:u,1145824,100.00,,
     0.353074847,1521999,,bus-cycles:u,1145792,100.00,,
     0.353074847,9746053,,instructions:u,1145760,100.00,,
     0.354220030,340,,branch-misses:u,1145312,100.00,,
     0.354220030,40,,cache-misses:u,1145440,100.00,,
     0.354220030,1521264,,bus-cycles:u,1145504,100.00,,
     0.354220030,9719630,,instructions:u,1145472,100.00,,
     0.355366397,342,,branch-misses:u,1146880,100.00,,
     0.355366397,102,,cache-misses:u,1146784,100.00,,
     0.355366397,1518018,,bus-cycles:u,1146720,100.00,,
     0.355366397,9700604,,instructions:u,1146720,100.00,,
     0.356513435,341,,branch-misses:u,1146720,100.00,,
     0.356513435,34,,cache-misses:u,1146720,100.00,,
     0.356513435,1523016,,bus-cycles:u,1146656,100.00,,
     0.356513435,9742110,,instructions:u,1146624,100.00,,
     0.357658362,341,,branch-misses:u,1145184,100.00,,
     0.357658362,32,,cache-misses:u,1145056,100.00,,
     0.357658362,1521363,,bus-cycles:u,1145056,100.00,,
     0.357658362,9738174,,instructions:u,1145056,100.00,,
     0.358803769,343,,branch-misses:u,1145536,100.00,,
     0.358803769,38,,cache-misses:u,1145504,100.00,,
     0.358803769,1521298,,bus-cycles:u,1145536,100.00,,
     0.358803769,9745742,,instructions:u,1145504,100.00,,
     0.359956151,342,,branch-misses:u,1153280,100.00,,
     0.359956151,88,,cache-misses:u,1153408,100.00,,
     0.359956151,1527124,,bus-cycles:u,1153504,100.00,,
     0.359956151,9755854,,instructions:u,1153568,100.00,,
     0.361103062,341,,branch-misses:u,1146208,100.00,,
     0.361103062,31,,cache-misses:u,1146208,100.00,,
     0.361103062,1522173,,bus-cycles:u,1146080,100.00,,
     0.361103062,9742621,,instructions:u,1146048,100.00,,
     0.362263476,346,,branch-misses:u,1161184,100.00,,
     0.362263476,33,,cache-misses:u,1161568,100.00,,
     0.362263476,1542236,,bus-cycles:u,1161632,100.00,,
     0.362263476,9876315,,instructions:u,1161696,100.00,,
     0.363412050,342,,branch-misses:u,1148832,100.00,,
     0.363412050,109,,cache-misses:u,1148544,100.00,,
     0.363412050,1520668,,bus-cycles:u,1148512,100.00,,
     0.363412050,9729717,,instructions:u,1148512,100.00,,
     0.364559985,342,,branch-misses:u,1147808,100.00,,
     0.364559985,39,,cache-misses:u,1147680,100.00,,
     0.364559985,1523289,,bus-cycles:u,1147616,100.00,,
     0.364559985,9757478,,instructions:u,1147616,100.00,,
     0.365705872,342,,branch-misses:u,1145632,100.00,,
     0.365705872,36,,cache-misses:u,1145600,100.00,,
     0.365705872,1521543,,bus-cycles:u,1145664,100.00,,
     0.365705872,9722873,,instructions:u,1145632,100.00,,
     0.366851279,340,,branch-misses:u,1145376,100.00,,
     0.366851279,52,,cache-misses:u,1153280,100.00,,
     0.366851279,1522920,,bus-cycles:u,1153408,100.00,,
     0.366851279,9712380,,instructions:u,1153504,100.00,,
     0.368011084,343,,branch-misses:u,1160480,100.00,,
     0.368011084,105,,cache-misses:u,1152704,100.00,,
     0.368011084,1528906,,bus-cycles:u,1152512,100.00,,
     0.368011084,9772069,,instructions:u,1152416,100.00,,
     0.369157387,340,,branch-misses:u,1146048,100.00,,
     0.369157387,44,,cache-misses:u,1145792,100.00,,
     0.369157387,1521107,,bus-cycles:u,1145856,100.00,,
     0.369157387,9738772,,instructions:u,1145824,100.00,,
     0.370302954,342,,branch-misses:u,1145696,100.00,,
     0.370302954,40,,cache-misses:u,1145760,100.00,,
     0.370302954,1520987,,bus-cycles:u,1145696,100.00,,
     0.370302954,9734572,,instructions:u,1145728,100.00,,
     0.371448649,341,,branch-misses:u,1146336,100.00,,
     0.371448649,115,,cache-misses:u,1146464,100.00,,
     0.371448649,1517023,,bus-cycles:u,1146560,100.00,,
     0.371448649,9699533,,instructions:u,1146496,100.00,,
     0.372595592,340,,branch-misses:u,1146848,100.00,,
     0.372595592,36,,cache-misses:u,1146784,100.00,,
     0.372595592,1522300,,bus-cycles:u,1146688,100.00,,
     0.372595592,9726965,,instructions:u,1146752,100.00,,
     0.373741606,343,,branch-misses:u,1145760,100.00,,
     0.373741606,36,,cache-misses:u,1145760,100.00,,
     0.373741606,1521545,,bus-cycles:u,1145824,100.00,,
     0.373741606,9722336,,instructions:u,1145856,100.00,,
     0.374888037,341,,branch-misses:u,1147360,100.00,,
     0.374888037,67,,cache-misses:u,1147424,100.00,,
     0.374888037,1516718,,bus-cycles:u,1147456,100.00,,
     0.374888037,9696870,,instructions:u,1147424,100.00,,
     0.376035652,341,,branch-misses:u,1147392,100.00,,
     0.376035652,86,,cache-misses:u,1147360,100.00,,
     0.376035652,1523121,,bus-cycles:u,1147328,100.00,,
     0.376035652,9752872,,instructions:u,1147296,100.00,,
     0.377181859,342,,branch-misses:u,1145952,100.00,,
     0.377181859,41,,cache-misses:u,1145856,100.00,,
     0.377181859,1520853,,bus-cycles:u,1145760,100.00,,
     0.377181859,9732232,,instructions:u,1145824,100.00,,
     0.378326978,341,,branch-misses:u,1145248,100.00,,
     0.378326978,33,,cache-misses:u,1145312,100.00,,
     0.378326978,1522095,,bus-cycles:u,1145408,100.00,,
     0.378326978,9732911,,instructions:u,1145376,100.00,,
     0.379472353,341,,branch-misses:u,1145824,100.00,,
     0.379472353,108,,cache-misses:u,1145952,100.00,,
     0.379472353,1517315,,bus-cycles:u,1145952,100.00,,
     0.379472353,9689820,,instructions:u,1145984,100.00,,
     0.380628895,344,,branch-misses:u,1158400,100.00,,
     0.380628895,36,,cache-misses:u,1159680,100.00,,
     0.380628895,1541028,,bus-cycles:u,1160416,100.00,,
     0.380628895,9851526,,instructions:u,1161344,100.00,,
     0.381820152,355,,branch-misses:u,1190560,100.00,,
     0.381820152,28,,cache-misses:u,1190080,100.00,,
     0.381820152,1580773,,bus-cycles:u,1189664,100.00,,
     0.381820152,10116875,,instructions:u,1189152,100.00,,
     0.382990772,348,,branch-misses:u,1171264,100.00,,
     0.382990772,73,,cache-misses:u,1170848,100.00,,
     0.382990772,1549924,,bus-cycles:u,1170560,100.00,,
     0.382990772,9901644,,instructions:u,1170304,100.00,,
     0.384145746,344,,branch-misses:u,1154016,100.00,,
     0.384145746,57,,cache-misses:u,1153696,100.00,,
     0.384145746,1531029,,bus-cycles:u,1153696,100.00,,
     0.384145746,9792359,,instructions:u,1153600,100.00,,
     0.385295537,343,,branch-misses:u,1149728,100.00,,
     0.385295537,28,,cache-misses:u,1149536,100.00,,
     0.385295537,1524706,,bus-cycles:u,1149536,100.00,,
     0.385295537,9742901,,instructions:u,1149440,100.00,,
     0.386443791,343,,branch-misses:u,1148256,100.00,,
     0.386443791,33,,cache-misses:u,1148384,100.00,,
     0.386443791,1523700,,bus-cycles:u,1148384,100.00,,
     0.386443791,9754372,,instructions:u,1148480,100.00,,
     0.387592174,340,,branch-misses:u,1148928,100.00,,
     0.387592174,99,,cache-misses:u,1148960,100.00,,
     0.387592174,1520114,,bus-cycles:u,1148960,100.00,,
     0.387592174,9692256,,instructions:u,1148960,100.00,,
     0.388741645,342,,branch-misses:u,1149216,100.00,,
     0.388741645,36,,cache-misses:u,1149088,100.00,,
     0.388741645,1526011,,bus-cycles:u,1149088,100.00,,
     0.388741645,9754313,,instructions:u,1149056,100.00,,
     0.389889451,341,,branch-misses:u,1147936,100.00,,
     0.389889451,32,,cache-misses:u,1147968,100.00,,
     0.389889451,1524100,,bus-cycles:u,1148064,100.00,,
     0.389889451,9737935,,instructions:u,1147936,100.00,,
     0.391037098,341,,branch-misses:u,1148064,100.00,,
     0.391037098,110,,cache-misses:u,1148128,100.00,,
     0.391037098,1519675,,bus-cycles:u,1148032,100.00,,
     0.391037098,9715633,,instructions:u,1148224,100.00,,
     0.392186344,341,,branch-misses:u,1149088,100.00,,
     0.392186344,44,,cache-misses:u,1149152,100.00,,
     0.392186344,1525942,,bus-cycles:u,1149152,100.00,,
     0.392186344,9740625,,instructions:u,1149024,100.00,,
     0.393334727,344,,branch-misses:u,1148416,100.00,,
     0.393334727,43,,cache-misses:u,1148320,100.00,,
     0.393334727,1525201,,bus-cycles:u,1148256,100.00,,
     0.393334727,9733863,,instructions:u,1148320,100.00,,
     0.394482758,340,,branch-misses:u,1148160,100.00,,
     0.394482758,30,,cache-misses:u,1148128,100.00,,
     0.394482758,1525275,,bus-cycles:u,1148160,100.00,,
     0.394482758,9720523,,instructions:u,1148128,100.00,,
     0.395630308,340,,branch-misses:u,1148096,100.00,,
     0.395630308,95,,cache-misses:u,1148192,100.00,,
     0.395630308,1520038,,bus-cycles:u,1148256,100.00,,
     0.395630308,9678206,,instructions:u,1148320,100.00,,
     0.396779651,342,,branch-misses:u,1149184,100.00,,
     0.396779651,38,,cache-misses:u,1149248,100.00,,
     0.396779651,1526605,,bus-cycles:u,1149216,100.00,,
     0.396779651,9769932,,instructions:u,1149216,100.00,,
     0.397927842,342,,branch-misses:u,1148160,100.00,,
     0.397927842,35,,cache-misses:u,1148064,100.00,,
     0.397927842,1524623,,bus-cycles:u,1148064,100.00,,
     0.397927842,9749662,,instructions:u,1148032,100.00,,
     0.399075264,342,,branch-misses:u,1148000,100.00,,
     0.399075264,109,,cache-misses:u,1148064,100.00,,
     0.399075264,1519550,,bus-cycles:u,1148032,100.00,,
     0.399075264,9707448,,instructions:u,1148064,100.00,,
     0.400224351,342,,branch-misses:u,1148864,100.00,,
     0.400224351,37,,cache-misses:u,1148864,100.00,,
     0.400224351,1526061,,bus-cycles:u,1148864,100.00,,
     0.400224351,9773244,,instructions:u,1148832,100.00,,
     0.401372030,342,,branch-misses:u,1147712,100.00,,
     0.401372030,32,,cache-misses:u,1147616,100.00,,
     0.401372030,1525368,,bus-cycles:u,1147648,100.00,,
     0.401372030,9750893,,instructions:u,1147648,100.00,,
     0.402519356,340,,branch-misses:u,1147168,100.00,,
     0.402519356,30,,cache-misses:u,1147200,100.00,,
     0.402519356,1523667,,bus-cycles:u,1147264,100.00,,
     0.402519356,9720762,,instructions:u,1147296,100.00,,
     0.403665595,341,,branch-misses:u,1147616,100.00,,
     0.403665595,99,,cache-misses:u,1148192,100.00,,
     0.403665595,1517899,,bus-cycles:u,1148256,100.00,,
     0.403665595,9708774,,instructions:u,1148512,100.00,,
     0.404834040,348,,branch-misses:u,1168000,100.00,,
     0.404834040,32,,cache-misses:u,1167584,100.00,,
     0.404834040,1549334,,bus-cycles:u,1167520,100.00,,
     0.404834040,9914448,,instructions:u,1167264,100.00,,
     0.405983702,342,,branch-misses:u,1149504,100.00,,
     0.405983702,31,,cache-misses:u,1149408,100.00,,
     0.405983702,1525282,,bus-cycles:u,1149280,100.00,,
     0.405983702,9770560,,instructions:u,1149280,100.00,,
     0.407132117,340,,branch-misses:u,1148960,100.00,,
     0.407132117,146,,cache-misses:u,1148800,100.00,,
     0.407132117,1516354,,bus-cycles:u,1148864,100.00,,
     0.407132117,9708466,,instructions:u,1148800,100.00,,
     0.408281075,341,,branch-misses:u,1148640,100.00,,
     0.408281075,35,,cache-misses:u,1148864,100.00,,
     0.408281075,1526598,,bus-cycles:u,1148896,100.00,,
     0.408281075,9767943,,instructions:u,1148928,100.00,,
     0.409428978,343,,branch-misses:u,1148064,100.00,,
     0.409428978,30,,cache-misses:u,1148000,100.00,,
     0.409428978,1524706,,bus-cycles:u,1147968,100.00,,
     0.409428978,9744066,,instructions:u,1147968,100.00,,
     0.410576657,341,,branch-misses:u,1147552,100.00,,
     0.410576657,34,,cache-misses:u,1147584,100.00,,
     0.410576657,1523880,,bus-cycles:u,1147552,100.00,,
     0.410576657,9723036,,instructions:u,1147488,100.00,,
     0.411724975,342,,branch-misses:u,1149024,100.00,,
     0.411724975,101,,cache-misses:u,1149056,100.00,,
     0.411724975,1522245,,bus-cycles:u,1149152,100.00,,
     0.411724975,9720744,,instructions:u,1149216,100.00,,
     0.412874574,342,,branch-misses:u,1149408,100.00,,
     0.412874574,34,,cache-misses:u,1149248,100.00,,
     0.412874574,1526902,,bus-cycles:u,1149152,100.00,,
     0.412874574,9755274,,instructions:u,1149184,100.00,,
     0.414021677,341,,branch-misses:u,1147232,100.00,,
     0.414021677,34,,cache-misses:u,1147392,100.00,,
     0.414021677,1524615,,bus-cycles:u,1147456,100.00,,
     0.414021677,9743377,,instructions:u,1147488,100.00,,
     0.415169675,342,,branch-misses:u,1148352,100.00,,
     0.415169675,102,,cache-misses:u,1148224,100.00,,
     0.415169675,1521711,,bus-cycles:u,1148224,100.00,,
     0.415169675,9728759,,instructions:u,1148160,100.00,,
     0.416318218,343,,branch-misses:u,1148448,100.00,,
     0.416318218,34,,cache-misses:u,1148416,100.00,,
     0.416318218,1525646,,bus-cycles:u,1148416,100.00,,
     0.416318218,9762082,,instructions:u,1148416,100.00,,
     0.417466184,342,,branch-misses:u,1147680,100.00,,
     0.417466184,34,,cache-misses:u,1147808,100.00,,
     0.417466184,1524501,,bus-cycles:u,1147776,100.00,,
     0.417466184,9768087,,instructions:u,1147744,100.00,,
     0.418613095,341,,branch-misses:u,1147456,100.00,,
     0.418613095,33,,cache-misses:u,1147296,100.00,,
     0.418613095,1524324,,bus-cycles:u,1147296,100.00,,
     0.418613095,9740542,,instructions:u,1147200,100.00,,
     0.419761030,343,,branch-misses:u,1148416,100.00,,
     0.419761030,110,,cache-misses:u,1148416,100.00,,
     0.419761030,1521001,,bus-cycles:u,1148384,100.00,,
     0.419761030,9720186,,instructions:u,1148544,100.00,,
     0.420910116,341,,branch-misses:u,1148768,100.00,,
     0.420910116,46,,cache-misses:u,1148992,100.00,,
     0.420910116,1525655,,bus-cycles:u,1149024,100.00,,
     0.420910116,9760947,,instructions:u,1148960,100.00,,
     0.422057123,341,,branch-misses:u,1146880,100.00,,
     0.422057123,36,,cache-misses:u,1146784,100.00,,
     0.422057123,1523370,,bus-cycles:u,1146752,100.00,,
     0.422057123,9738797,,instructions:u,1146752,100.00,,
     0.423204674,342,,branch-misses:u,1148352,100.00,,
     0.423204674,106,,cache-misses:u,1148384,100.00,,
     0.423204674,1519552,,bus-cycles:u,1148448,100.00,,
     0.423204674,9712628,,instructions:u,1148480,100.00,,
     0.424353409,341,,branch-misses:u,1148512,100.00,,
     0.424353409,37,,cache-misses:u,1148448,100.00,,
     0.424353409,1524802,,bus-cycles:u,1148480,100.00,,
     0.424353409,9742842,,instructions:u,1148512,100.00,,
     0.425512510,345,,branch-misses:u,1159424,100.00,,
     0.425512510,33,,cache-misses:u,1159520,100.00,,
     0.425512510,1540057,,bus-cycles:u,1159616,100.00,,
     0.425512510,9842482,,instructions:u,1159584,100.00,,
     0.426660893,341,,branch-misses:u,1148384,100.00,,
     0.426660893,37,,cache-misses:u,1148320,100.00,,
     0.426660893,1524119,,bus-cycles:u,1148128,100.00,,
     0.426660893,9740803,,instructions:u,1148032,100.00,,
     0.427809275,342,,branch-misses:u,1148704,100.00,,
     0.427809275,98,,cache-misses:u,1148768,100.00,,
     0.427809275,1521126,,bus-cycles:u,1148800,100.00,,
     0.427809275,9724402,,instructions:u,1148896,100.00,,
     0.428958458,343,,branch-misses:u,1149120,100.00,,
     0.428958458,35,,cache-misses:u,1148992,100.00,,
     0.428958458,1525786,,bus-cycles:u,1148928,100.00,,
     0.428958458,9763149,,instructions:u,1148928,100.00,,
     0.430106072,341,,branch-misses:u,1147360,100.00,,
     0.430106072,36,,cache-misses:u,1147456,100.00,,
     0.430106072,1523124,,bus-cycles:u,1147520,100.00,,
     0.430106072,9735576,,instructions:u,1147520,100.00,,
     0.431253719,341,,branch-misses:u,1148608,100.00,,
     0.431253719,107,,cache-misses:u,1148480,100.00,,
     0.431253719,1519099,,bus-cycles:u,1148512,100.00,,
     0.431253719,9711568,,instructions:u,1148480,100.00,,
     0.432403382,342,,branch-misses:u,1149440,100.00,,
     0.432403382,34,,cache-misses:u,1149472,100.00,,
     0.432403382,1525822,,bus-cycles:u,1149408,100.00,,
     0.432403382,9753944,,instructions:u,1149408,100.00,,
     0.433551124,341,,branch-misses:u,1147392,100.00,,
     0.433551124,35,,cache-misses:u,1147424,100.00,,
     0.433551124,1522809,,bus-cycles:u,1147424,100.00,,
     0.433551124,9743390,,instructions:u,1147456,100.00,,
     0.434697235,342,,branch-misses:u,1146240,100.00,,
     0.434697235,47,,cache-misses:u,1146144,100.00,,
     0.434697235,1521744,,bus-cycles:u,1146112,100.00,,
     0.434697235,9751095,,instructions:u,1146112,100.00,,
     0.435844242,341,,branch-misses:u,1147776,100.00,,
     0.435844242,90,,cache-misses:u,1147968,100.00,,
     0.435844242,1517744,,bus-cycles:u,1148032,100.00,,
     0.435844242,9686759,,instructions:u,1148032,100.00,,
     0.436994033,341,,branch-misses:u,1149632,100.00,,
     0.436994033,36,,cache-misses:u,1149536,100.00,,
     0.436994033,1520839,,bus-cycles:u,1149536,100.00,,
     0.436994033,9724146,,instructions:u,1149536,100.00,,
     0.438121394,336,,branch-misses:u,1133728,100.00,,
     0.438121394,35,,cache-misses:u,1136064,100.00,,
     0.438121394,1502250,,bus-cycles:u,1137184,100.00,,
     0.438121394,9617351,,instructions:u,1138048,100.00,,
     0.439310028,351,,branch-misses:u,1186560,100.00,,
     0.439310028,113,,cache-misses:u,1186016,100.00,,
     0.439310028,1560924,,bus-cycles:u,1186080,100.00,,
     0.439310028,9970152,,instructions:u,1186400,100.00,,
     0.440525283,361,,branch-misses:u,1214272,100.00,,
     0.440525283,41,,cache-misses:u,1214080,100.00,,
     0.440525283,1608457,,bus-cycles:u,1214240,100.00,,
     0.440525283,10304436,,instructions:u,1214432,100.00,,
     0.441727227,357,,branch-misses:u,1200224,100.00,,
     0.441727227,38,,cache-misses:u,1199648,100.00,,
     0.441727227,1592738,,bus-cycles:u,1198656,100.00,,
     0.441727227,10180999,,instructions:u,1197632,100.00,,
     0.442885049,344,,branch-misses:u,1158240,100.00,,
     0.442885049,56,,cache-misses:u,1157472,100.00,,
     0.442885049,1530744,,bus-cycles:u,1157216,100.00,,
     0.442885049,9782144,,instructions:u,1156896,100.00,,
     0.444039831,344,,branch-misses:u,1153888,100.00,,
     0.444039831,88,,cache-misses:u,1153696,100.00,,
     0.444039831,1532325,,bus-cycles:u,1153600,100.00,,
     0.444039831,9791626,,instructions:u,1153600,100.00,,
     0.445191509,343,,branch-misses:u,1151520,100.00,,
     0.445191509,29,,cache-misses:u,1151584,100.00,,
     0.445191509,1529808,,bus-cycles:u,1151488,100.00,,
     0.445191509,9790702,,instructions:u,1151488,100.00,,
     0.446341811,343,,branch-misses:u,1150624,100.00,,
     0.446341811,33,,cache-misses:u,1150688,100.00,,
     0.446341811,1528438,,bus-cycles:u,1150848,100.00,,
     0.446341811,9780471,,instructions:u,1150784,100.00,,
     0.447524526,350,,branch-misses:u,1183264,100.00,,
     0.447524526,114,,cache-misses:u,1183424,100.00,,
     0.447524526,1565080,,bus-cycles:u,1183424,100.00,,
     0.447524526,9975757,,instructions:u,1183424,100.00,,
     0.448677900,344,,branch-misses:u,1152896,100.00,,
     0.448677900,34,,cache-misses:u,1152512,100.00,,
     0.448677900,1530012,,bus-cycles:u,1152416,100.00,,
     0.448677900,9792121,,instructions:u,1152448,100.00,,
     0.449826731,343,,branch-misses:u,1148928,100.00,,
     0.449826731,32,,cache-misses:u,1149056,100.00,,
     0.449826731,1526343,,bus-cycles:u,1149152,100.00,,
     0.449826731,9754969,,instructions:u,1149120,100.00,,
     0.450975689,340,,branch-misses:u,1149376,100.00,,
     0.450975689,77,,cache-misses:u,1149248,100.00,,
     0.450975689,1519761,,bus-cycles:u,1149248,100.00,,
     0.450975689,9690314,,instructions:u,1149280,100.00,,
     0.452126216,344,,branch-misses:u,1150464,100.00,,
     0.452126216,60,,cache-misses:u,1150496,100.00,,
     0.452126216,1526880,,bus-cycles:u,1150400,100.00,,
     0.452126216,9769871,,instructions:u,1150400,100.00,,
     0.453275174,343,,branch-misses:u,1149024,100.00,,
     0.453275174,37,,cache-misses:u,1149024,100.00,,
     0.453275174,1525597,,bus-cycles:u,1149088,100.00,,
     0.453275174,9766370,,instructions:u,1149056,100.00,,
     0.454423621,342,,branch-misses:u,1148480,100.00,,
     0.454423621,31,,cache-misses:u,1148512,100.00,,
     0.454423621,1524471,,bus-cycles:u,1148416,100.00,,
     0.454423621,9767678,,instructions:u,1148448,100.00,,
     0.455572643,341,,branch-misses:u,1149568,100.00,,
     0.455572643,114,,cache-misses:u,1149536,100.00,,
     0.455572643,1519684,,bus-cycles:u,1149504,100.00,,
     0.455572643,9715133,,instructions:u,1149472,100.00,,
     0.456722562,341,,branch-misses:u,1149728,100.00,,
     0.456722562,41,,cache-misses:u,1149792,100.00,,
     0.456722562,1527758,,bus-cycles:u,1149856,100.00,,
     0.456722562,9770411,,instructions:u,1149920,100.00,,
     0.457871361,342,,branch-misses:u,1148544,100.00,,
     0.457871361,41,,cache-misses:u,1148448,100.00,,
     0.457871361,1525973,,bus-cycles:u,1148544,100.00,,
     0.457871361,9763970,,instructions:u,1148512,100.00,,
     0.459020511,343,,branch-misses:u,1149920,100.00,,
     0.459020511,103,,cache-misses:u,1149984,100.00,,
     0.459020511,1520974,,bus-cycles:u,1149920,100.00,,
     0.459020511,9726112,,instructions:u,1149952,100.00,,
     0.460170781,343,,branch-misses:u,1150112,100.00,,
     0.460170781,45,,cache-misses:u,1150112,100.00,,
     0.460170781,1528110,,bus-cycles:u,1150080,100.00,,
     0.460170781,9769565,,instructions:u,1150048,100.00,,
     0.461319484,341,,branch-misses:u,1148480,100.00,,
     0.461319484,31,,cache-misses:u,1148576,100.00,,
     0.461319484,1524801,,bus-cycles:u,1148576,100.00,,
     0.461319484,9717915,,instructions:u,1148608,100.00,,
     0.462468123,340,,branch-misses:u,1148832,100.00,,
     0.462468123,32,,cache-misses:u,1148672,100.00,,
     0.462468123,1524349,,bus-cycles:u,1148672,100.00,,
     0.462468123,9725627,,instructions:u,1148608,100.00,,
     0.463617497,342,,branch-misses:u,1150144,100.00,,
     0.463617497,102,,cache-misses:u,1150080,100.00,,
     0.463617497,1521057,,bus-cycles:u,1150080,100.00,,
     0.463617497,9728951,,instructions:u,1150112,100.00,,
     0.464767320,342,,branch-misses:u,1149280,100.00,,
     0.464767320,33,,cache-misses:u,1149440,100.00,,
     0.464767320,1526649,,bus-cycles:u,1149472,100.00,,
     0.464767320,9755312,,instructions:u,1149440,100.00,,
     0.465915734,343,,branch-misses:u,1148672,100.00,,
     0.465915734,41,,cache-misses:u,1148704,100.00,,
     0.465915734,1525987,,bus-cycles:u,1148704,100.00,,
     0.465915734,9766914,,instructions:u,1148704,100.00,,
     0.467065077,342,,branch-misses:u,1149952,100.00,,
     0.467065077,113,,cache-misses:u,1149984,100.00,,
     0.467065077,1521718,,bus-cycles:u,1149984,100.00,,
     0.467065077,9719050,,instructions:u,1149952,100.00,,
     0.468229106,346,,branch-misses:u,1164064,100.00,,
     0.468229106,39,,cache-misses:u,1164032,100.00,,
     0.468229106,1546842,,bus-cycles:u,1164096,100.00,,
     0.468229106,9884576,,instructions:u,1164160,100.00,,
     0.469380368,342,,branch-misses:u,1151264,100.00,,
     0.469380368,35,,cache-misses:u,1151200,100.00,,
     0.469380368,1528656,,bus-cycles:u,1151104,100.00,,
     0.469380368,9767567,,instructions:u,1151072,100.00,,
     0.470529262,341,,branch-misses:u,1148672,100.00,,
     0.470529262,38,,cache-misses:u,1148704,100.00,,
     0.470529262,1525171,,bus-cycles:u,1148672,100.00,,
     0.470529262,9741961,,instructions:u,1148608,100.00,,
     0.471678957,344,,branch-misses:u,1150528,100.00,,
     0.471678957,114,,cache-misses:u,1150400,100.00,,
     0.471678957,1522247,,bus-cycles:u,1150496,100.00,,
     0.471678957,9745569,,instructions:u,1150592,100.00,,
     0.472829867,342,,branch-misses:u,1150336,100.00,,
     0.472829867,32,,cache-misses:u,1150496,100.00,,
     0.472829867,1527653,,bus-cycles:u,1150464,100.00,,
     0.472829867,9769859,,instructions:u,1150496,100.00,,
     0.473978506,341,,branch-misses:u,1148640,100.00,,
     0.473978506,33,,cache-misses:u,1148608,100.00,,
     0.473978506,1526208,,bus-cycles:u,1148608,100.00,,
     0.473978506,9750663,,instructions:u,1148608,100.00,,
     0.475127688,343,,branch-misses:u,1150112,100.00,,
     0.475127688,119,,cache-misses:u,1150016,100.00,,
     0.475127688,1519811,,bus-cycles:u,1150016,100.00,,
     0.475127688,9718599,,instructions:u,1149984,100.00,,
     0.476278343,343,,branch-misses:u,1150368,100.00,,
     0.476278343,39,,cache-misses:u,1150240,100.00,,
     0.476278343,1528059,,bus-cycles:u,1150272,100.00,,
     0.476278343,9781812,,instructions:u,1150240,100.00,,
     0.477426949,341,,branch-misses:u,1148288,100.00,,
     0.477426949,37,,cache-misses:u,1148544,100.00,,
     0.477426949,1526251,,bus-cycles:u,1148512,100.00,,
     0.477426949,9759636,,instructions:u,1148512,100.00,,
     0.478574692,343,,branch-misses:u,1148000,100.00,,
     0.478574692,28,,cache-misses:u,1148000,100.00,,
     0.478574692,1525821,,bus-cycles:u,1148032,100.00,,
     0.478574692,9732266,,instructions:u,1148032,100.00,,
     0.479723651,342,,branch-misses:u,1149760,100.00,,
     0.479723651,106,,cache-misses:u,1149632,100.00,,
     0.479723651,1522243,,bus-cycles:u,1149568,100.00,,
     0.479723651,9714540,,instructions:u,1149664,100.00,,
     0.480873793,342,,branch-misses:u,1149888,100.00,,
     0.480873793,32,,cache-misses:u,1149920,100.00,,
     0.480873793,1526694,,bus-cycles:u,1149984,100.00,,
     0.480873793,9767642,,instructions:u,1149984,100.00,,
     0.482022144,341,,branch-misses:u,1148288,100.00,,
     0.482022144,36,,cache-misses:u,1148416,100.00,,
     0.482022144,1524400,,bus-cycles:u,1148416,100.00,,
     0.482022144,9749470,,instructions:u,1148288,100.00,,
     0.483170878,344,,branch-misses:u,1149408,100.00,,
     0.483170878,117,,cache-misses:u,1149248,100.00,,
     0.483170878,1521168,,bus-cycles:u,1149152,100.00,,
     0.483170878,9726033,,instructions:u,1149216,100.00,,
     0.484321085,342,,branch-misses:u,1150176,100.00,,
     0.484321085,33,,cache-misses:u,1150176,100.00,,
     0.484321085,1528176,,bus-cycles:u,1150240,100.00,,
     0.484321085,9765400,,instructions:u,1150240,100.00,,
     0.485470331,341,,branch-misses:u,1149216,100.00,,
     0.485470331,33,,cache-misses:u,1149248,100.00,,
     0.485470331,1526635,,bus-cycles:u,1149280,100.00,,
     0.485470331,9730869,,instructions:u,1149344,100.00,,
     0.486619226,342,,branch-misses:u,1148640,100.00,,
     0.486619226,32,,cache-misses:u,1148608,100.00,,
     0.486619226,1525627,,bus-cycles:u,1148576,100.00,,
     0.486619226,9745942,,instructions:u,1148544,100.00,,
     0.487768024,341,,branch-misses:u,1149632,100.00,,
     0.487768024,107,,cache-misses:u,1149792,100.00,,
     0.487768024,1522864,,bus-cycles:u,1149824,100.00,,
     0.487768024,9733654,,instructions:u,1149824,100.00,,
     0.488930453,346,,branch-misses:u,1162368,100.00,,
     0.488930453,39,,cache-misses:u,1162368,100.00,,
     0.488930453,1544772,,bus-cycles:u,1162368,100.00,,
     0.488930453,9872580,,instructions:u,1162304,100.00,,
     0.490081268,342,,branch-misses:u,1150880,100.00,,
     0.490081268,35,,cache-misses:u,1150688,100.00,,
     0.490081268,1529627,,bus-cycles:u,1150720,100.00,,
     0.490081268,9770824,,instructions:u,1150784,100.00,,
     0.491229650,340,,branch-misses:u,1148960,100.00,,
     0.491229650,138,,cache-misses:u,1149024,100.00,,
     0.491229650,1518196,,bus-cycles:u,1148992,100.00,,
     0.491229650,9675375,,instructions:u,1149024,100.00,,
     0.492380465,343,,branch-misses:u,1150464,100.00,,
     0.492380465,35,,cache-misses:u,1150560,100.00,,
     0.492380465,1528676,,bus-cycles:u,1150624,100.00,,
     0.492380465,9773968,,instructions:u,1150592,100.00,,
     0.493529231,342,,branch-misses:u,1149088,100.00,,
     0.493529231,34,,cache-misses:u,1149120,100.00,,
     0.493529231,1525934,,bus-cycles:u,1149056,100.00,,
     0.493529231,9765389,,instructions:u,1149024,100.00,,
     0.494678414,342,,branch-misses:u,1148832,100.00,,
     0.494678414,39,,cache-misses:u,1148736,100.00,,
     0.494678414,1526554,,bus-cycles:u,1148608,100.00,,
     0.494678414,9753278,,instructions:u,1148576,100.00,,
     0.495827500,342,,branch-misses:u,1149792,100.00,,
     0.495827500,86,,cache-misses:u,1149632,100.00,,
     0.495827500,1522757,,bus-cycles:u,1149760,100.00,,
     0.495827500,9720837,,instructions:u,1149792,100.00,,
     0.496977451,342,,branch-misses:u,1149856,100.00,,
     0.496977451,36,,cache-misses:u,1149952,100.00,,
     0.496977451,1527041,,bus-cycles:u,1149856,100.00,,
     0.496977451,9764430,,instructions:u,1149792,100.00,,
     0.498125482,342,,branch-misses:u,1148128,100.00,,
     0.498125482,32,,cache-misses:u,1148160,100.00,,
     0.498125482,1525278,,bus-cycles:u,1148256,100.00,,
     0.498125482,9757266,,instructions:u,1148384,100.00,,
     0.499275400,341,,branch-misses:u,1150304,100.00,,
     0.499275400,103,,cache-misses:u,1150336,100.00,,
     0.499275400,1522581,,bus-cycles:u,1150272,100.00,,
     0.499275400,9717767,,instructions:u,1150240,100.00,,
     0.500425606,344,,branch-misses:u,1150016,100.00,,
     0.500425606,34,,cache-misses:u,1150144,100.00,,
     0.500425606,1528220,,bus-cycles:u,1150144,100.00,,
     0.500425606,9773241,,instructions:u,1150048,100.00,,
     0.501574117,341,,branch-misses:u,1148352,100.00,,
     0.501574117,37,,cache-misses:u,1148128,100.00,,
     0.501574117,1525302,,bus-cycles:u,1148160,100.00,,
     0.501574117,9749289,,instructions:u,1148256,100.00,,
     0.502722948,342,,branch-misses:u,1148928,100.00,,
     0.502722948,37,,cache-misses:u,1148992,100.00,,
     0.502722948,1525843,,bus-cycles:u,1148960,100.00,,
     0.502722948,9754694,,instructions:u,1149024,100.00,,
     0.503872450,342,,branch-misses:u,1150304,100.00,,
     0.503872450,103,,cache-misses:u,1150304,100.00,,
     0.503872450,1522848,,bus-cycles:u,1150368,100.00,,
     0.503872450,9730485,,instructions:u,1150336,100.00,,
     0.505022721,341,,branch-misses:u,1150080,100.00,,
     0.505022721,39,,cache-misses:u,1150208,100.00,,
     0.505022721,1527216,,bus-cycles:u,1150144,100.00,,
     0.505022721,9749659,,instructions:u,1150080,100.00,,
     0.506171647,343,,branch-misses:u,1148736,100.00,,
     0.506171647,31,,cache-misses:u,1148736,100.00,,
     0.506171647,1526007,,bus-cycles:u,1148832,100.00,,
     0.506171647,9766215,,instructions:u,1148864,100.00,,
     0.507319838,342,,branch-misses:u,1148928,100.00,,
     0.507319838,101,,cache-misses:u,1148832,100.00,,
     0.507319838,1520786,,bus-cycles:u,1148736,100.00,,
     0.507319838,9730895,,instructions:u,1148672,100.00,,
     0.508469724,343,,branch-misses:u,1149760,100.00,,
     0.508469724,36,,cache-misses:u,1149888,100.00,,
     0.508469724,1527526,,bus-cycles:u,1149952,100.00,,
     0.508469724,9772027,,instructions:u,1149920,100.00,,
     0.509618459,342,,branch-misses:u,1148416,100.00,,
     0.509618459,36,,cache-misses:u,1148192,100.00,,
     0.509618459,1525676,,bus-cycles:u,1148160,100.00,,
     0.509618459,9761045,,instructions:u,1148320,100.00,,
     0.510777816,346,,branch-misses:u,1160096,100.00,,
     0.510777816,46,,cache-misses:u,1160320,100.00,,
     0.510777816,1539316,,bus-cycles:u,1160352,100.00,,
     0.510777816,9840137,,instructions:u,1160224,100.00,,
     0.511942549,347,,branch-misses:u,1165088,100.00,,
     0.511942549,94,,cache-misses:u,1164992,100.00,,
     0.511942549,1542800,,bus-cycles:u,1164928,100.00,,
     0.511942549,9856213,,instructions:u,1164896,100.00,,
     0.513092627,343,,branch-misses:u,1149760,100.00,,
     0.513092627,40,,cache-misses:u,1149696,100.00,,
     0.513092627,1527644,,bus-cycles:u,1149728,100.00,,
     0.513092627,9775161,,instructions:u,1149760,100.00,,
     0.514241426,340,,branch-misses:u,1148544,100.00,,
     0.514241426,35,,cache-misses:u,1148480,100.00,,
     0.514241426,1525520,,bus-cycles:u,1148512,100.00,,
     0.514241426,9733101,,instructions:u,1148448,100.00,,
     0.515389745,341,,branch-misses:u,1149216,100.00,,
     0.515389745,105,,cache-misses:u,1149312,100.00,,
     0.515389745,1521391,,bus-cycles:u,1149312,100.00,,
     0.515389745,9724899,,instructions:u,1149408,100.00,,
     0.516540463,343,,branch-misses:u,1150432,100.00,,
     0.516540463,39,,cache-misses:u,1150528,100.00,,
     0.516540463,1528044,,bus-cycles:u,1150464,100.00,,
     0.516540463,9781152,,instructions:u,1150464,100.00,,
     0.517688782,343,,branch-misses:u,1148448,100.00,,
     0.517688782,42,,cache-misses:u,1148224,100.00,,
     0.517688782,1525245,,bus-cycles:u,1148288,100.00,,
     0.517688782,9749007,,instructions:u,1148320,100.00,,
     0.518837260,341,,branch-misses:u,1148320,100.00,,
     0.518837260,34,,cache-misses:u,1148384,100.00,,
     0.518837260,1525833,,bus-cycles:u,1148416,100.00,,
     0.518837260,9752711,,instructions:u,1148448,100.00,,
     0.519997258,345,,branch-misses:u,1160960,100.00,,
     0.519997258,76,,cache-misses:u,1161216,100.00,,
     0.519997258,1537580,,bus-cycles:u,1161120,100.00,,
     0.519997258,9819628,,instructions:u,1161088,100.00,,
     0.521147656,342,,branch-misses:u,1150048,100.00,,
     0.521147656,40,,cache-misses:u,1149888,100.00,,
     0.521147656,1527796,,bus-cycles:u,1149824,100.00,,
     0.521147656,9759752,,instructions:u,1149728,100.00,,
     0.522295623,341,,branch-misses:u,1147744,100.00,,
     0.522295623,34,,cache-misses:u,1147680,100.00,,
     0.522295623,1524109,,bus-cycles:u,1147744,100.00,,
     0.522295623,9744582,,instructions:u,1147776,100.00,,
     0.523444389,343,,branch-misses:u,1149600,100.00,,
     0.523444389,111,,cache-misses:u,1149568,100.00,,
     0.523444389,1521718,,bus-cycles:u,1149568,100.00,,
     0.523444389,9711493,,instructions:u,1149600,100.00,,
     0.524594212,341,,branch-misses:u,1149664,100.00,,
     0.524594212,42,,cache-misses:u,1149792,100.00,,
     0.524594212,1526631,,bus-cycles:u,1149856,100.00,,
     0.524594212,9760315,,instructions:u,1149824,100.00,,
     0.525743074,340,,branch-misses:u,1148576,100.00,,
     0.525743074,31,,cache-misses:u,1148416,100.00,,
     0.525743074,1525084,,bus-cycles:u,1148352,100.00,,
     0.525743074,9723143,,instructions:u,1148384,100.00,,
     0.526890913,340,,branch-misses:u,1148608,100.00,,
     0.526890913,57,,cache-misses:u,1148672,100.00,,
     0.526890913,1520263,,bus-cycles:u,1148768,100.00,,
     0.526890913,9670632,,instructions:u,1148832,100.00,,
     0.528040127,341,,branch-misses:u,1149056,100.00,,
     0.528040127,72,,cache-misses:u,1148992,100.00,,
     0.528040127,1525306,,bus-cycles:u,1148832,100.00,,
     0.528040127,9742501,,instructions:u,1148768,100.00,,
     0.529187294,342,,branch-misses:u,1146912,100.00,,
     0.529187294,31,,cache-misses:u,1146848,100.00,,
     0.529187294,1523842,,bus-cycles:u,1146976,100.00,,
     0.529187294,9724052,,instructions:u,1146976,100.00,,
     0.530333629,341,,branch-misses:u,1146496,100.00,,
     0.530333629,35,,cache-misses:u,1146560,100.00,,
     0.530333629,1521885,,bus-cycles:u,1146496,100.00,,
     0.530333629,9747687,,instructions:u,1146528,100.00,,
     0.531490619,344,,branch-misses:u,1158272,100.00,,
     0.531490619,111,,cache-misses:u,1158784,100.00,,
     0.531490619,1532888,,bus-cycles:u,1158880,100.00,,
     0.531490619,9789574,,instructions:u,1158912,100.00,,
     0.532648920,344,,branch-misses:u,1157760,100.00,,
     0.532648920,36,,cache-misses:u,1157440,100.00,,
     0.532648920,1535321,,bus-cycles:u,1157408,100.00,,
     0.532648920,9819318,,instructions:u,1157344,100.00,,
     0.533798199,342,,branch-misses:u,1149280,100.00,,
     0.533798199,35,,cache-misses:u,1149216,100.00,,
     0.533798199,1526352,,bus-cycles:u,1149248,100.00,,
     0.533798199,9767003,,instructions:u,1149184,100.00,,
     0.534946709,342,,branch-misses:u,1148928,100.00,,
     0.534946709,69,,cache-misses:u,1148992,100.00,,
     0.534946709,1520980,,bus-cycles:u,1148928,100.00,,
     0.534946709,9710401,,instructions:u,1148960,100.00,,
     0.536095700,342,,branch-misses:u,1148736,100.00,,
     0.536095700,60,,cache-misses:u,1148608,100.00,,
     0.536095700,1525540,,bus-cycles:u,1148608,100.00,,
     0.536095700,9762190,,instructions:u,1148640,100.00,,
     0.537242739,343,,branch-misses:u,1146880,100.00,,
     0.537242739,27,,cache-misses:u,1146816,100.00,,
     0.537242739,1524293,,bus-cycles:u,1146752,100.00,,
     0.537242739,9737762,,instructions:u,1146784,100.00,,
     0.538389585,342,,branch-misses:u,1146912,100.00,,
     0.538389585,37,,cache-misses:u,1146944,100.00,,
     0.538389585,1525924,,bus-cycles:u,1147040,100.00,,
     0.538389585,9761269,,instructions:u,1146912,100.00,,
     0.539537456,341,,branch-misses:u,1148768,100.00,,
     0.539537456,103,,cache-misses:u,1148800,100.00,,
     0.539537456,1521393,,bus-cycles:u,1148832,100.00,,
     0.539537456,9712937,,instructions:u,1148928,100.00,,
     0.540687279,343,,branch-misses:u,1149600,100.00,,
     0.540687279,35,,cache-misses:u,1149536,100.00,,
     0.540687279,1527078,,bus-cycles:u,1149376,100.00,,
     0.540687279,9775205,,instructions:u,1149280,100.00,,
     0.541834477,342,,branch-misses:u,1146976,100.00,,
     0.541834477,27,,cache-misses:u,1146976,100.00,,
     0.541834477,1523949,,bus-cycles:u,1147040,100.00,,
     0.541834477,9748963,,instructions:u,1147200,100.00,,
     0.542982124,340,,branch-misses:u,1148416,100.00,,
     0.542982124,79,,cache-misses:u,1148448,100.00,,
     0.542982124,1519256,,bus-cycles:u,1148448,100.00,,
     0.542982124,9679640,,instructions:u,1148384,100.00,,
     0.544131275,341,,branch-misses:u,1149088,100.00,,
     0.544131275,67,,cache-misses:u,1149024,100.00,,
     0.544131275,1526316,,bus-cycles:u,1149024,100.00,,
     0.544131275,9747593,,instructions:u,1148864,100.00,,
     0.545279561,344,,branch-misses:u,1147936,100.00,,
     0.545279561,34,,cache-misses:u,1147904,100.00,,
     0.545279561,1524753,,bus-cycles:u,1147936,100.00,,
     0.545279561,9757904,,instructions:u,1148096,100.00,,
     0.546426568,343,,branch-misses:u,1147168,100.00,,
     0.546426568,31,,cache-misses:u,1147264,100.00,,
     0.546426568,1524229,,bus-cycles:u,1147264,100.00,,
     0.546426568,9749925,,instructions:u,1147264,100.00,,
     0.547575175,341,,branch-misses:u,1149472,100.00,,
     0.547575175,100,,cache-misses:u,1149536,100.00,,
     0.547575175,1520289,,bus-cycles:u,1149504,100.00,,
     0.547575175,9700250,,instructions:u,1149504,100.00,,
     0.548725029,341,,branch-misses:u,1149568,100.00,,
     0.548725029,39,,cache-misses:u,1149440,100.00,,
     0.548725029,1527275,,bus-cycles:u,1149472,100.00,,
     0.548725029,9760914,,instructions:u,1149440,100.00,,
     0.549873092,340,,branch-misses:u,1147840,100.00,,
     0.549873092,33,,cache-misses:u,1147936,100.00,,
     0.549873092,1525423,,bus-cycles:u,1147936,100.00,,
     0.549873092,9725951,,instructions:u,1147968,100.00,,
     0.551020802,341,,branch-misses:u,1148512,100.00,,
     0.551020802,85,,cache-misses:u,1148512,100.00,,
     0.551020802,1519301,,bus-cycles:u,1148416,100.00,,
     0.551020802,9698884,,instructions:u,1148416,100.00,,
     0.552170305,341,,branch-misses:u,1149408,100.00,,
     0.552170305,48,,cache-misses:u,1149344,100.00,,
     0.552170305,1525872,,bus-cycles:u,1149376,100.00,,
     0.552170305,9744417,,instructions:u,1149344,100.00,,
     0.553345885,351,,branch-misses:u,1176032,100.00,,
     0.553345885,42,,cache-misses:u,1176224,100.00,,
     0.553345885,1561936,,bus-cycles:u,1176352,100.00,,
     0.553345885,9982302,,instructions:u,1176320,100.00,,
     0.554497179,341,,branch-misses:u,1151168,100.00,,
     0.554497179,28,,cache-misses:u,1151104,100.00,,
     0.554497179,1528901,,bus-cycles:u,1151040,100.00,,
     0.554497179,9743707,,instructions:u,1151072,100.00,,
     0.555647097,342,,branch-misses:u,1150240,100.00,,
     0.555647097,96,,cache-misses:u,1150176,100.00,,
     0.555647097,1522232,,bus-cycles:u,1150144,100.00,,
     0.555647097,9732003,,instructions:u,1150240,100.00,,
     0.556797240,342,,branch-misses:u,1149984,100.00,,
     0.556797240,37,,cache-misses:u,1149920,100.00,,
     0.556797240,1526269,,bus-cycles:u,1149920,100.00,,
     0.556797240,9748574,,instructions:u,1149888,100.00,,
     0.557945846,342,,branch-misses:u,1148800,100.00,,
     0.557945846,34,,cache-misses:u,1148928,100.00,,
     0.557945846,1525980,,bus-cycles:u,1148896,100.00,,
     0.557945846,9764688,,instructions:u,1148864,100.00,,
     0.559095189,341,,branch-misses:u,1149696,100.00,,
     0.559095189,109,,cache-misses:u,1149568,100.00,,
     0.559095189,1521236,,bus-cycles:u,1149568,100.00,,
     0.559095189,9720672,,instructions:u,1149568,100.00,,
     0.560244467,342,,branch-misses:u,1149152,100.00,,
     0.560244467,38,,cache-misses:u,1149216,100.00,,
     0.560244467,1526627,,bus-cycles:u,1149248,100.00,,
     0.560244467,9763291,,instructions:u,1149184,100.00,,
     0.561393906,340,,branch-misses:u,1149216,100.00,,
     0.561393906,34,,cache-misses:u,1149152,100.00,,
     0.561393906,1526478,,bus-cycles:u,1149088,100.00,,
     0.561393906,9728461,,instructions:u,1149184,100.00,,
     0.562541169,341,,branch-misses:u,1147392,100.00,,
     0.562541169,35,,cache-misses:u,1147488,100.00,,
     0.562541169,1524363,,bus-cycles:u,1147552,100.00,,
     0.562541169,9742366,,instructions:u,1147488,100.00,,
     0.563690863,342,,branch-misses:u,1150432,100.00,,
     0.563690863,111,,cache-misses:u,1150336,100.00,,
     0.563690863,1521171,,bus-cycles:u,1150272,100.00,,
     0.563690863,9726511,,instructions:u,1150304,100.00,,
     0.564840366,342,,branch-misses:u,1149312,100.00,,
     0.564840366,36,,cache-misses:u,1149344,100.00,,
     0.564840366,1527409,,bus-cycles:u,1149408,100.00,,
     0.564840366,9735847,,instructions:u,1149344,100.00,,
     0.565988460,341,,branch-misses:u,1148256,100.00,,
     0.565988460,32,,cache-misses:u,1148192,100.00,,
     0.565988460,1525458,,bus-cycles:u,1148160,100.00,,
     0.565988460,9721985,,instructions:u,1148256,100.00,,
     0.567136683,342,,branch-misses:u,1148576,100.00,,
     0.567136683,110,,cache-misses:u,1148608,100.00,,
     0.567136683,1522735,,bus-cycles:u,1148672,100.00,,
     0.567136683,9727904,,instructions:u,1148640,100.00,,
     0.568285449,342,,branch-misses:u,1148640,100.00,,
     0.568285449,32,,cache-misses:u,1148640,100.00,,
     0.568285449,1526885,,bus-cycles:u,1148544,100.00,,
     0.568285449,9769631,,instructions:u,1148512,100.00,,
     0.569433480,341,,branch-misses:u,1147808,100.00,,
     0.569433480,35,,cache-misses:u,1147744,100.00,,
     0.569433480,1524737,,bus-cycles:u,1147776,100.00,,
     0.569433480,9756358,,instructions:u,1147776,100.00,,
     0.570581255,343,,branch-misses:u,1147840,100.00,,
     0.570581255,42,,cache-misses:u,1147808,100.00,,
     0.570581255,1525069,,bus-cycles:u,1147808,100.00,,
     0.570581255,9749262,,instructions:u,1147776,100.00,,
     0.571729541,342,,branch-misses:u,1149248,100.00,,
     0.571729541,106,,cache-misses:u,1149376,100.00,,
     0.571729541,1521572,,bus-cycles:u,1149344,100.00,,
     0.571729541,9723506,,instructions:u,1149344,100.00,,
     0.572878404,340,,branch-misses:u,1148672,100.00,,
     0.572878404,35,,cache-misses:u,1148704,100.00,,
     0.572878404,1525689,,bus-cycles:u,1148736,100.00,,
     0.572878404,9749360,,instructions:u,1148768,100.00,,
     0.574036098,345,,branch-misses:u,1158048,100.00,,
     0.574036098,28,,cache-misses:u,1158112,100.00,,
     0.574036098,1538283,,bus-cycles:u,1158208,100.00,,
     0.574036098,9844357,,instructions:u,1158176,100.00,,
     0.575186176,341,,branch-misses:u,1150432,100.00,,
     0.575186176,108,,cache-misses:u,1150304,100.00,,
     0.575186176,1521136,,bus-cycles:u,1150272,100.00,,
     0.575186176,9726027,,instructions:u,1150272,100.00,,
     0.576337790,343,,branch-misses:u,1151296,100.00,,
     0.576337790,52,,cache-misses:u,1151392,100.00,,
     0.576337790,1527737,,bus-cycles:u,1151328,100.00,,
     0.576337790,9782304,,instructions:u,1151392,100.00,,
     0.577486621,342,,branch-misses:u,1148864,100.00,,
     0.577486621,30,,cache-misses:u,1148832,100.00,,
     0.577486621,1525399,,bus-cycles:u,1148864,100.00,,
     0.577486621,9750019,,instructions:u,1148896,100.00,,
     0.578635035,341,,branch-misses:u,1148128,100.00,,
     0.578635035,31,,cache-misses:u,1148192,100.00,,
     0.578635035,1524305,,bus-cycles:u,1148192,100.00,,
     0.578635035,9730471,,instructions:u,1148160,100.00,,
     0.579784986,343,,branch-misses:u,1151008,100.00,,
     0.579784986,105,,cache-misses:u,1150912,100.00,,
     0.579784986,1522789,,bus-cycles:u,1150944,100.00,,
     0.579784986,9729568,,instructions:u,1150944,100.00,,
     0.580935192,341,,branch-misses:u,1149536,100.00,,
     0.580935192,37,,cache-misses:u,1149472,100.00,,
     0.580935192,1526106,,bus-cycles:u,1149504,100.00,,
     0.580935192,9742427,,instructions:u,1149408,100.00,,
     0.582083191,344,,branch-misses:u,1148160,100.00,,
     0.582083191,35,,cache-misses:u,1148320,100.00,,
     0.582083191,1523395,,bus-cycles:u,1148256,100.00,,
     0.582083191,9758353,,instructions:u,1148320,100.00,,
     0.583232246,342,,branch-misses:u,1149472,100.00,,
     0.583232246,109,,cache-misses:u,1149472,100.00,,
     0.583232246,1521457,,bus-cycles:u,1149472,100.00,,
     0.583232246,9721766,,instructions:u,1149440,100.00,,
     0.584382196,342,,branch-misses:u,1150080,100.00,,
     0.584382196,37,,cache-misses:u,1149888,100.00,,
     0.584382196,1528531,,bus-cycles:u,1149856,100.00,,
     0.584382196,9766738,,instructions:u,1149920,100.00,,
     0.585530195,342,,branch-misses:u,1147840,100.00,,
     0.585530195,32,,cache-misses:u,1147840,100.00,,
     0.585530195,1525712,,bus-cycles:u,1147840,100.00,,
     0.585530195,9748970,,instructions:u,1147808,100.00,,
     0.586677937,341,,branch-misses:u,1147872,100.00,,
     0.586677937,31,,cache-misses:u,1147840,100.00,,
     0.586677937,1525695,,bus-cycles:u,1147872,100.00,,
     0.586677937,9764570,,instructions:u,1147872,100.00,,
     0.587826512,343,,branch-misses:u,1149312,100.00,,
     0.587826512,105,,cache-misses:u,1149408,100.00,,
     0.587826512,1521293,,bus-cycles:u,1149408,100.00,,
     0.587826512,9719884,,instructions:u,1149376,100.00,,
     0.588976782,342,,branch-misses:u,1150080,100.00,,
     0.588976782,30,,cache-misses:u,1150112,100.00,,
     0.588976782,1527768,,bus-cycles:u,1150080,100.00,,
     0.588976782,9766915,,instructions:u,1150112,100.00,,
     0.590125197,340,,branch-misses:u,1148160,100.00,,
     0.590125197,34,,cache-misses:u,1148128,100.00,,
     0.590125197,1524358,,bus-cycles:u,1148096,100.00,,
     0.590125197,9749411,,instructions:u,1148096,100.00,,
     0.591273452,341,,branch-misses:u,1149120,100.00,,
     0.591273452,104,,cache-misses:u,1149120,100.00,,
     0.591273452,1519723,,bus-cycles:u,1149152,100.00,,
     0.591273452,9708851,,instructions:u,1149152,100.00,,
     0.592422986,341,,branch-misses:u,1149344,100.00,,
     0.592422986,33,,cache-misses:u,1149344,100.00,,
     0.592422986,1525714,,bus-cycles:u,1149280,100.00,,
     0.592422986,9742131,,instructions:u,1149312,100.00,,
     0.593571785,342,,branch-misses:u,1148512,100.00,,
     0.593571785,30,,cache-misses:u,1148512,100.00,,
     0.593571785,1524158,,bus-cycles:u,1148640,100.00,,
     0.593571785,9759229,,instructions:u,1148608,100.00,,
     0.594720135,342,,branch-misses:u,1148480,100.00,,
     0.594720135,29,,cache-misses:u,1148384,100.00,,
     0.594720135,1523933,,bus-cycles:u,1148256,100.00,,
     0.594720135,9742304,,instructions:u,1148288,100.00,,
     0.595880357,344,,branch-misses:u,1161312,100.00,,
     0.595880357,88,,cache-misses:u,1161600,100.00,,
     0.595880357,1535293,,bus-cycles:u,1161792,100.00,,
     0.595880357,9802507,,instructions:u,1161792,100.00,,
     0.597032259,342,,branch-misses:u,1151488,100.00,,
     0.597032259,34,,cache-misses:u,1151392,100.00,,
     0.597032259,1528424,,bus-cycles:u,1151264,100.00,,
     0.597032259,9773192,,instructions:u,1151232,100.00,,
     0.598181345,344,,branch-misses:u,1148896,100.00,,
     0.598181345,31,,cache-misses:u,1148800,100.00,,
     0.598181345,1525048,,bus-cycles:u,1148832,100.00,,
     0.598181345,9765840,,instructions:u,1148896,100.00,,
     0.599329376,341,,branch-misses:u,1148672,100.00,,
     0.599329376,110,,cache-misses:u,1148608,100.00,,
     0.599329376,1517365,,bus-cycles:u,1148608,100.00,,
     0.599329376,9697661,,instructions:u,1148544,100.00,,
     0.600479071,344,,branch-misses:u,1149664,100.00,,
     0.600479071,33,,cache-misses:u,1149824,100.00,,
     0.600479071,1525735,,bus-cycles:u,1149824,100.00,,
     0.600479071,9760125,,instructions:u,1149824,100.00,,
     0.601628349,342,,branch-misses:u,1149024,100.00,,
     0.601628349,36,,cache-misses:u,1148864,100.00,,
     0.601628349,1524797,,bus-cycles:u,1148832,100.00,,
     0.601628349,9742947,,instructions:u,1148864,100.00,,
     0.602776156,341,,branch-misses:u,1147904,100.00,,
     0.602776156,30,,cache-misses:u,1147936,100.00,,
     0.602776156,1525336,,bus-cycles:u,1147936,100.00,,
     0.602776156,9726954,,instructions:u,1147936,100.00,,
     0.603938713,345,,branch-misses:u,1163328,100.00,,
     0.603938713,84,,cache-misses:u,1163488,100.00,,
     0.603938713,1540404,,bus-cycles:u,1163584,100.00,,
     0.603938713,9829229,,instructions:u,1163552,100.00,,
     0.605088151,343,,branch-misses:u,1148992,100.00,,
     0.605088151,32,,cache-misses:u,1148864,100.00,,
     0.605088151,1525163,,bus-cycles:u,1148832,100.00,,
     0.605088151,9738847,,instructions:u,1148768,100.00,,
     0.606236118,341,,branch-misses:u,1148000,100.00,,
     0.606236118,29,,cache-misses:u,1147968,100.00,,
     0.606236118,1524902,,bus-cycles:u,1147872,100.00,,
     0.606236118,9739601,,instructions:u,1147968,100.00,,
     0.607384789,342,,branch-misses:u,1149472,100.00,,
     0.607384789,101,,cache-misses:u,1149472,100.00,,
     0.607384789,1521651,,bus-cycles:u,1149504,100.00,,
     0.607384789,9706231,,instructions:u,1149504,100.00,,
     0.608534547,342,,branch-misses:u,1149600,100.00,,
     0.608534547,35,,cache-misses:u,1149600,100.00,,
     0.608534547,1527121,,bus-cycles:u,1149664,100.00,,
     0.608534547,9763893,,instructions:u,1149664,100.00,,
     0.609683218,342,,branch-misses:u,1148448,100.00,,
     0.609683218,34,,cache-misses:u,1148480,100.00,,
     0.609683218,1524690,,bus-cycles:u,1148352,100.00,,
     0.609683218,9755137,,instructions:u,1148320,100.00,,
     0.610831376,343,,branch-misses:u,1148384,100.00,,
     0.610831376,33,,cache-misses:u,1148288,100.00,,
     0.610831376,1524689,,bus-cycles:u,1148384,100.00,,
     0.610831376,9760407,,instructions:u,1148320,100.00,,
     0.611988974,344,,branch-misses:u,1158336,100.00,,
     0.611988974,74,,cache-misses:u,1158592,100.00,,
     0.611988974,1532474,,bus-cycles:u,1158592,100.00,,
     0.611988974,9792630,,instructions:u,1158624,100.00,,
     0.613137996,340,,branch-misses:u,1148480,100.00,,
     0.613137996,36,,cache-misses:u,1148384,100.00,,
     0.613137996,1525219,,bus-cycles:u,1148320,100.00,,
     0.613137996,9754467,,instructions:u,1148384,100.00,,
     0.614286091,341,,branch-misses:u,1148160,100.00,,
     0.614286091,31,,cache-misses:u,1148096,100.00,,
     0.614286091,1523886,,bus-cycles:u,1148160,100.00,,
     0.614286091,9718197,,instructions:u,1148096,100.00,,
     0.615433994,341,,branch-misses:u,1148704,100.00,,
     0.615433994,132,,cache-misses:u,1148736,100.00,,
     0.615433994,1518589,,bus-cycles:u,1148768,100.00,,
     0.615433994,9711371,,instructions:u,1148768,100.00,,
     0.616594823,346,,branch-misses:u,1160832,100.00,,
     0.616594823,38,,cache-misses:u,1160928,100.00,,
     0.616594823,1543480,,bus-cycles:u,1160832,100.00,,
     0.616594823,9860284,,instructions:u,1160832,100.00,,
     0.617744485,342,,branch-misses:u,1149632,100.00,,
     0.617744485,29,,cache-misses:u,1149376,100.00,,
     0.617744485,1528609,,bus-cycles:u,1149440,100.00,,
     0.617744485,9743202,,instructions:u,1149408,100.00,,
     0.618892228,341,,branch-misses:u,1148096,100.00,,
     0.618892228,56,,cache-misses:u,1148384,100.00,,
     0.618892228,1520637,,bus-cycles:u,1148384,100.00,,
     0.618892228,9725179,,instructions:u,1148384,100.00,,
     0.620041923,342,,branch-misses:u,1149568,100.00,,
     0.620041923,74,,cache-misses:u,1149312,100.00,,
     0.620041923,1528119,,bus-cycles:u,1149344,100.00,,
     0.620041923,9764342,,instructions:u,1149376,100.00,,
     0.621189217,342,,branch-misses:u,1147104,100.00,,
     0.621189217,31,,cache-misses:u,1147104,100.00,,
     0.621189217,1524487,,bus-cycles:u,1147040,100.00,,
     0.621189217,9746251,,instructions:u,1147104,100.00,,
     0.622336896,341,,branch-misses:u,1147872,100.00,,
     0.622336896,37,,cache-misses:u,1147936,100.00,,
     0.622336896,1525945,,bus-cycles:u,1147968,100.00,,
     0.622336896,9744422,,instructions:u,1147872,100.00,,
     0.623484831,344,,branch-misses:u,1148640,100.00,,
     0.623484831,98,,cache-misses:u,1148640,100.00,,
     0.623484831,1520802,,bus-cycles:u,1148608,100.00,,
     0.623484831,9728381,,instructions:u,1148672,100.00,,
     0.624635613,342,,branch-misses:u,1150656,100.00,,
     0.624635613,34,,cache-misses:u,1150816,100.00,,
     0.624635613,1529350,,bus-cycles:u,1150848,100.00,,
     0.624635613,9772391,,instructions:u,1150816,100.00,,
     0.625783836,342,,branch-misses:u,1147968,100.00,,
     0.625783836,26,,cache-misses:u,1147808,100.00,,
     0.625783836,1525431,,bus-cycles:u,1147808,100.00,,
     0.625783836,9726759,,instructions:u,1147840,100.00,,
     0.626932698,343,,branch-misses:u,1149568,100.00,,
     0.626932698,72,,cache-misses:u,1149536,100.00,,
     0.626932698,1521497,,bus-cycles:u,1149568,100.00,,
     0.626932698,9725027,,instructions:u,1149504,100.00,,
     0.628082009,342,,branch-misses:u,1149248,100.00,,
     0.628082009,61,,cache-misses:u,1149376,100.00,,
     0.628082009,1527329,,bus-cycles:u,1149376,100.00,,
     0.628082009,9772221,,instructions:u,1149472,100.00,,
     0.629230711,343,,branch-misses:u,1148512,100.00,,
     0.629230711,31,,cache-misses:u,1148384,100.00,,
     0.629230711,1525172,,bus-cycles:u,1148352,100.00,,
     0.629230711,9750257,,instructions:u,1148320,100.00,,
     0.630378550,341,,branch-misses:u,1148320,100.00,,
     0.630378550,30,,cache-misses:u,1148320,100.00,,
     0.630378550,1525192,,bus-cycles:u,1148288,100.00,,
     0.630378550,9740790,,instructions:u,1148256,100.00,,
     0.631526837,341,,branch-misses:u,1148416,100.00,,
     0.631526837,113,,cache-misses:u,1148480,100.00,,
     0.631526837,1521036,,bus-cycles:u,1148512,100.00,,
     0.631526837,9711865,,instructions:u,1148576,100.00,,
     0.632676403,342,,branch-misses:u,1149696,100.00,,
     0.632676403,35,,cache-misses:u,1149824,100.00,,
     0.632676403,1526672,,bus-cycles:u,1149760,100.00,,
     0.632676403,9756459,,instructions:u,1149760,100.00,,
     0.633824466,341,,branch-misses:u,1147840,100.00,,
     0.633824466,38,,cache-misses:u,1147648,100.00,,
     0.633824466,1524717,,bus-cycles:u,1147712,100.00,,
     0.633824466,9752511,,instructions:u,1147712,100.00,,
     0.634972400,343,,branch-misses:u,1148768,100.00,,
     0.634972400,98,,cache-misses:u,1148864,100.00,,
     0.634972400,1521959,,bus-cycles:u,1148800,100.00,,
     0.634972400,9732743,,instructions:u,1148800,100.00,,
     0.636121609,343,,branch-misses:u,1148896,100.00,,
     0.636121609,58,,cache-misses:u,1148960,100.00,,
     0.636121609,1526722,,bus-cycles:u,1149024,100.00,,
     0.636121609,9773566,,instructions:u,1148928,100.00,,
     0.637268930,341,,branch-misses:u,1147104,100.00,,
     0.637268930,38,,cache-misses:u,1146944,100.00,,
     0.637268930,1524790,,bus-cycles:u,1146944,100.00,,
     0.637268930,9742149,,instructions:u,1147008,100.00,,
     0.638426105,345,,branch-misses:u,1157888,100.00,,
     0.638426105,30,,cache-misses:u,1158048,100.00,,
     0.638426105,1538698,,bus-cycles:u,1158048,100.00,,
     0.638426105,9846874,,instructions:u,1158016,100.00,,
     0.639575506,342,,branch-misses:u,1149664,100.00,,
     0.639575506,115,,cache-misses:u,1149696,100.00,,
     0.639575506,1522850,,bus-cycles:u,1149600,100.00,,
     0.639575506,9729595,,instructions:u,1149664,100.00,,
     0.640724779,343,,branch-misses:u,1149120,100.00,,
     0.640724779,40,,cache-misses:u,1148960,100.00,,
     0.640724779,1527306,,bus-cycles:u,1148992,100.00,,
     0.640724779,9781597,,instructions:u,1148928,100.00,,
     0.641872900,343,,branch-misses:u,1147936,100.00,,
     0.641872900,33,,cache-misses:u,1147904,100.00,,
     0.641872900,1526800,,bus-cycles:u,1147968,100.00,,
     0.641872900,9757334,,instructions:u,1148032,100.00,,
     0.643019997,341,,branch-misses:u,1147840,100.00,,
     0.643019997,82,,cache-misses:u,1147936,100.00,,
     0.643019997,1520873,,bus-cycles:u,1147936,100.00,,
     0.643019997,9690331,,instructions:u,1147968,100.00,,
     0.644168725,341,,branch-misses:u,1148512,100.00,,
     0.644168725,58,,cache-misses:u,1148448,100.00,,
     0.644168725,1526029,,bus-cycles:u,1148512,100.00,,
     0.644168725,9755049,,instructions:u,1148384,100.00,,
     0.645316622,343,,branch-misses:u,1147776,100.00,,
     0.645316622,31,,cache-misses:u,1147776,100.00,,
     0.645316622,1524540,,bus-cycles:u,1147776,100.00,,
     0.645316622,9749367,,instructions:u,1147840,100.00,,
     0.646464327,343,,branch-misses:u,1147808,100.00,,
     0.646464327,40,,cache-misses:u,1147840,100.00,,
     0.646464327,1524066,,bus-cycles:u,1147808,100.00,,
     0.646464327,9763235,,instructions:u,1147808,100.00,,
     0.647612640,341,,branch-misses:u,1149120,100.00,,
     0.647612640,104,,cache-misses:u,1149184,100.00,,
     0.647612640,1521700,,bus-cycles:u,1149088,100.00,,
     0.647612640,9708693,,instructions:u,1149120,100.00,,
     0.648761849,342,,branch-misses:u,1148864,100.00,,
     0.648761849,33,,cache-misses:u,1148832,100.00,,
     0.648761849,1526488,,bus-cycles:u,1148864,100.00,,
     0.648761849,9755988,,instructions:u,1148832,100.00,,
     0.649910002,341,,branch-misses:u,1148384,100.00,,
     0.649910002,33,,cache-misses:u,1148448,100.00,,
     0.649910002,1525476,,bus-cycles:u,1148448,100.00,,
     0.649910002,9751501,,instructions:u,1148416,100.00,,
     0.651059050,342,,branch-misses:u,1149568,100.00,,
     0.651059050,95,,cache-misses:u,1149408,100.00,,
     0.651059050,1522480,,bus-cycles:u,1149408,100.00,,
     0.651059050,9720168,,instructions:u,1149344,100.00,,
     0.652208035,342,,branch-misses:u,1148736,100.00,,
     0.652208035,37,,cache-misses:u,1148736,100.00,,
     0.652208035,1526219,,bus-cycles:u,1148768,100.00,,
     0.652208035,9742211,,instructions:u,1148832,100.00,,
     0.653356124,341,,branch-misses:u,1147904,100.00,,
     0.653356124,29,,cache-misses:u,1147872,100.00,,
     0.653356124,1524550,,bus-cycles:u,1147904,100.00,,
     0.653356124,9718088,,instructions:u,1147872,100.00,,
     0.654503733,341,,branch-misses:u,1147808,100.00,,
     0.654503733,35,,cache-misses:u,1147840,100.00,,
     0.654503733,1524681,,bus-cycles:u,1147840,100.00,,
     0.654503733,9742282,,instructions:u,1147872,100.00,,
     0.655651726,342,,branch-misses:u,1148736,100.00,,
     0.655651726,97,,cache-misses:u,1148768,100.00,,
     0.655651726,1521748,,bus-cycles:u,1148704,100.00,,
     0.655651726,9728098,,instructions:u,1148704,100.00,,
     0.656800614,341,,branch-misses:u,1148704,100.00,,
     0.656800614,36,,cache-misses:u,1148640,100.00,,
     0.656800614,1526031,,bus-cycles:u,1148640,100.00,,
     0.656800614,9741781,,instructions:u,1148640,100.00,,
     0.657948831,341,,branch-misses:u,1148000,100.00,,
     0.657948831,34,,cache-misses:u,1148128,100.00,,
     0.657948831,1523834,,bus-cycles:u,1148160,100.00,,
     0.657948831,9746357,,instructions:u,1148128,100.00,,
     0.659107575,346,,branch-misses:u,1159584,100.00,,
     0.659107575,106,,cache-misses:u,1159744,100.00,,
     0.659107575,1536020,,bus-cycles:u,1159808,100.00,,
     0.659107575,9818000,,instructions:u,1159872,100.00,,
     0.660257999,342,,branch-misses:u,1150176,100.00,,
     0.660257999,32,,cache-misses:u,1149920,100.00,,
     0.660257999,1527200,,bus-cycles:u,1149856,100.00,,
     0.660257999,9755689,,instructions:u,1149824,100.00,,
     0.661405736,341,,branch-misses:u,1147552,100.00,,
     0.661405736,35,,cache-misses:u,1147776,100.00,,
     0.661405736,1524428,,bus-cycles:u,1147840,100.00,,
     0.661405736,9742694,,instructions:u,1147872,100.00,,
     0.662553377,342,,branch-misses:u,1147872,100.00,,
     0.662553377,31,,cache-misses:u,1147744,100.00,,
     0.662553377,1524657,,bus-cycles:u,1147680,100.00,,
     0.662553377,9757791,,instructions:u,1147616,100.00,,
     0.663701914,343,,branch-misses:u,1149280,100.00,,
     0.663701914,98,,cache-misses:u,1149312,100.00,,
     0.663701914,1521548,,bus-cycles:u,1149248,100.00,,
     0.663701914,9726059,,instructions:u,1149280,100.00,,
     0.664851443,342,,branch-misses:u,1148992,100.00,,
     0.664851443,35,,cache-misses:u,1148864,100.00,,
     0.664851443,1525312,,bus-cycles:u,1148832,100.00,,
     0.664851443,9765006,,instructions:u,1148832,100.00,,
     0.665998827,341,,branch-misses:u,1147488,100.00,,
     0.665998827,36,,cache-misses:u,1147552,100.00,,
     0.665998827,1523828,,bus-cycles:u,1147680,100.00,,
     0.665998827,9742258,,instructions:u,1147648,100.00,,
     0.667146980,340,,branch-misses:u,1148928,100.00,,
     0.667146980,97,,cache-misses:u,1148832,100.00,,
     0.667146980,1521379,,bus-cycles:u,1148768,100.00,,
     0.667146980,9703623,,instructions:u,1148800,100.00,,
     0.668295101,342,,branch-misses:u,1147936,100.00,,
     0.668295101,45,,cache-misses:u,1147936,100.00,,
     0.668295101,1525445,,bus-cycles:u,1147936,100.00,,
     0.668295101,9762669,,instructions:u,1147904,100.00,,
     0.669442422,342,,branch-misses:u,1147072,100.00,,
     0.669442422,31,,cache-misses:u,1147136,100.00,,
     0.669442422,1523879,,bus-cycles:u,1147200,100.00,,
     0.669442422,9745778,,instructions:u,1147136,100.00,,
     0.670589327,343,,branch-misses:u,1147232,100.00,,
     0.670589327,34,,cache-misses:u,1147232,100.00,,
     0.670589327,1523641,,bus-cycles:u,1147168,100.00,,
     0.670589327,9760487,,instructions:u,1147232,100.00,,
     0.671737640,342,,branch-misses:u,1149056,100.00,,
     0.671737640,100,,cache-misses:u,1149024,100.00,,
     0.671737640,1522258,,bus-cycles:u,1149024,100.00,,
     0.671737640,9721743,,instructions:u,1149088,100.00,,
     0.672887681,342,,branch-misses:u,1149376,100.00,,
     0.672887681,32,,cache-misses:u,1149376,100.00,,
     0.672887681,1526997,,bus-cycles:u,1149408,100.00,,
     0.672887681,9763563,,instructions:u,1149376,100.00,,
     0.674034905,342,,branch-misses:u,1147424,100.00,,
     0.674034905,34,,cache-misses:u,1147488,100.00,,
     0.674034905,1525126,,bus-cycles:u,1147392,100.00,,
     0.674034905,9750879,,instructions:u,1147424,100.00,,
     0.675182994,341,,branch-misses:u,1148800,100.00,,
     0.675182994,108,,cache-misses:u,1148832,100.00,,
     0.675182994,1521038,,bus-cycles:u,1148928,100.00,,
     0.675182994,9720231,,instructions:u,1148864,100.00,,
     0.676332427,342,,branch-misses:u,1148928,100.00,,
     0.676332427,49,,cache-misses:u,1148832,100.00,,
     0.676332427,1524650,,bus-cycles:u,1148800,100.00,,
     0.676332427,9759800,,instructions:u,1148800,100.00,,
     0.677479812,341,,branch-misses:u,1147584,100.00,,
     0.677479812,36,,cache-misses:u,1147744,100.00,,
     0.677479812,1524505,,bus-cycles:u,1147776,100.00,,
     0.677479812,9740135,,instructions:u,1147872,100.00,,
     0.678627773,341,,branch-misses:u,1148192,100.00,,
     0.678627773,32,,cache-misses:u,1148064,100.00,,
     0.678627773,1525219,,bus-cycles:u,1148096,100.00,,
     0.678627773,9732510,,instructions:u,1148064,100.00,,
     0.679793076,346,,branch-misses:u,1165888,100.00,,
     0.679793076,102,,cache-misses:u,1166112,100.00,,
     0.679793076,1543130,,bus-cycles:u,1166144,100.00,,
     0.679793076,9857353,,instructions:u,1166080,100.00,,
     0.680943820,343,,branch-misses:u,1150720,100.00,,
     0.680943820,32,,cache-misses:u,1150464,100.00,,
     0.680943820,1526959,,bus-cycles:u,1150368,100.00,,
     0.680943820,9773124,,instructions:u,1150432,100.00,,
     0.682091909,342,,branch-misses:u,1147904,100.00,,
     0.682091909,39,,cache-misses:u,1148000,100.00,,
     0.682091909,1524335,,bus-cycles:u,1148032,100.00,,
     0.682091909,9743801,,instructions:u,1148000,100.00,,
     0.683240542,341,,branch-misses:u,1149440,100.00,,
     0.683240542,109,,cache-misses:u,1149376,100.00,,
     0.683240542,1517776,,bus-cycles:u,1149344,100.00,,
     0.683240542,9692849,,instructions:u,1149344,100.00,,
     0.684389718,343,,branch-misses:u,1148896,100.00,,
     0.684389718,38,,cache-misses:u,1149024,100.00,,
     0.684389718,1525219,,bus-cycles:u,1149024,100.00,,
     0.684389718,9743366,,instructions:u,1149056,100.00,,
     0.685537359,342,,branch-misses:u,1147456,100.00,,
     0.685537359,32,,cache-misses:u,1147360,100.00,,
     0.685537359,1523771,,bus-cycles:u,1147392,100.00,,
     0.685537359,9768663,,instructions:u,1147360,100.00,,
     0.686685000,341,,branch-misses:u,1147712,100.00,,
     0.686685000,35,,cache-misses:u,1147712,100.00,,
     0.686685000,1522767,,bus-cycles:u,1147712,100.00,,
     0.686685000,9734353,,instructions:u,1147680,100.00,,
     0.687833153,342,,branch-misses:u,1149120,100.00,,
     0.687833153,108,,cache-misses:u,1149216,100.00,,
     0.687833153,1518294,,bus-cycles:u,1149088,100.00,,
     0.687833153,9701053,,instructions:u,1149120,100.00,,
     0.688982458,342,,branch-misses:u,1148768,100.00,,
     0.688982458,31,,cache-misses:u,1148544,100.00,,
     0.688982458,1524752,,bus-cycles:u,1148640,100.00,,
     0.688982458,9757937,,instructions:u,1148640,100.00,,
     0.690130035,341,,branch-misses:u,1147712,100.00,,
     0.690130035,35,,cache-misses:u,1147808,100.00,,
     0.690130035,1523868,,bus-cycles:u,1147840,100.00,,
     0.690130035,9744121,,instructions:u,1147872,100.00,,
     0.691277708,342,,branch-misses:u,1148352,100.00,,
     0.691277708,104,,cache-misses:u,1148416,100.00,,
     0.691277708,1519987,,bus-cycles:u,1148416,100.00,,
     0.691277708,9713569,,instructions:u,1148448,100.00,,
     0.692426916,341,,branch-misses:u,1149056,100.00,,
     0.692426916,36,,cache-misses:u,1149056,100.00,,
     0.692426916,1525108,,bus-cycles:u,1149024,100.00,,
     0.692426916,9744897,,instructions:u,1149024,100.00,,
     0.693574909,342,,branch-misses:u,1147776,100.00,,
     0.693574909,32,,cache-misses:u,1147712,100.00,,
     0.693574909,1524117,,bus-cycles:u,1147776,100.00,,
     0.693574909,9730459,,instructions:u,1147648,100.00,,
     0.694722262,340,,branch-misses:u,1147392,100.00,,
     0.694722262,32,,cache-misses:u,1147424,100.00,,
     0.694722262,1524812,,bus-cycles:u,1147392,100.00,,
     0.694722262,9717714,,instructions:u,1147488,100.00,,
     0.695870159,341,,branch-misses:u,1148768,100.00,,
     0.695870159,91,,cache-misses:u,1148768,100.00,,
     0.695870159,1521075,,bus-cycles:u,1148704,100.00,,
     0.695870159,9708621,,instructions:u,1148672,100.00,,
     0.697018728,342,,branch-misses:u,1148032,100.00,,
     0.697018728,38,,cache-misses:u,1148160,100.00,,
     0.697018728,1526663,,bus-cycles:u,1148160,100.00,,
     0.697018728,9760589,,instructions:u,1148160,100.00,,
     0.698165153,342,,branch-misses:u,1146592,100.00,,
     0.698165153,35,,cache-misses:u,1146432,100.00,,
     0.698165153,1524103,,bus-cycles:u,1146496,100.00,,
     0.698165153,9753029,,instructions:u,1146464,100.00,,
     0.699312698,341,,branch-misses:u,1148448,100.00,,
     0.699312698,104,,cache-misses:u,1148544,100.00,,
     0.699312698,1521651,,bus-cycles:u,1148512,100.00,,
     0.699312698,9702254,,instructions:u,1148608,100.00,,
     0.700462674,344,,branch-misses:u,1149728,100.00,,
     0.700462674,39,,cache-misses:u,1149568,100.00,,
     0.700462674,1528175,,bus-cycles:u,1149568,100.00,,
     0.700462674,9762163,,instructions:u,1149536,100.00,,
     0.701620042,343,,branch-misses:u,1157536,100.00,,
     0.701620042,31,,cache-misses:u,1157696,100.00,,
     0.701620042,1539032,,bus-cycles:u,1157696,100.00,,
     0.701620042,9806541,,instructions:u,1157632,100.00,,
     0.702769315,343,,branch-misses:u,1149344,100.00,,
     0.702769315,34,,cache-misses:u,1149344,100.00,,
     0.702769315,1528531,,bus-cycles:u,1149408,100.00,,
     0.702769315,9778932,,instructions:u,1149472,100.00,,
     0.703927546,344,,branch-misses:u,1158784,100.00,,
     0.703927546,97,,cache-misses:u,1158752,100.00,,
     0.703927546,1535208,,bus-cycles:u,1158688,100.00,,
     0.703927546,9786970,,instructions:u,1158688,100.00,,
     0.705075731,343,,branch-misses:u,1147488,100.00,,
     0.705075731,34,,cache-misses:u,1147360,100.00,,
     0.705075731,1525411,,bus-cycles:u,1147296,100.00,,
     0.705075731,9756824,,instructions:u,1147232,100.00,,
     0.706222700,342,,branch-misses:u,1147200,100.00,,
     0.706222700,32,,cache-misses:u,1147296,100.00,,
     0.706222700,1526188,,bus-cycles:u,1147392,100.00,,
     0.706222700,9774772,,instructions:u,1147488,100.00,,
     0.707371109,341,,branch-misses:u,1149216,100.00,,
     0.707371109,105,,cache-misses:u,1149408,100.00,,
     0.707371109,1521759,,bus-cycles:u,1149408,100.00,,
     0.707371109,9724024,,instructions:u,1149376,100.00,,
     0.708520990,343,,branch-misses:u,1149760,100.00,,
     0.708520990,35,,cache-misses:u,1149664,100.00,,
     0.708520990,1529306,,bus-cycles:u,1149696,100.00,,
     0.708520990,9770997,,instructions:u,1149728,100.00,,
     0.709668695,342,,branch-misses:u,1147360,100.00,,
     0.709668695,35,,cache-misses:u,1147232,100.00,,
     0.709668695,1525236,,bus-cycles:u,1147168,100.00,,
     0.709668695,9720665,,instructions:u,1147104,100.00,,
     0.710815344,342,,branch-misses:u,1146816,100.00,,
     0.710815344,31,,cache-misses:u,1146816,100.00,,
     0.710815344,1524594,,bus-cycles:u,1146816,100.00,,
     0.710815344,9766822,,instructions:u,1146816,100.00,,
     0.711971559,346,,branch-misses:u,1157088,100.00,,
     0.711971559,76,,cache-misses:u,1157056,100.00,,
     0.711971559,1531625,,bus-cycles:u,1157088,100.00,,
     0.711971559,9792509,,instructions:u,1157088,100.00,,
     0.713120480,341,,branch-misses:u,1148320,100.00,,
     0.713120480,34,,cache-misses:u,1148352,100.00,,
     0.713120480,1525904,,bus-cycles:u,1148288,100.00,,
     0.713120480,9758692,,instructions:u,1148288,100.00,,
     0.714267769,342,,branch-misses:u,1147296,100.00,,
     0.714267769,31,,cache-misses:u,1147328,100.00,,
     0.714267769,1523682,,bus-cycles:u,1147328,100.00,,
     0.714267769,9741783,,instructions:u,1147264,100.00,,
     0.715414866,341,,branch-misses:u,1148000,100.00,,
     0.715414866,99,,cache-misses:u,1147904,100.00,,
     0.715414866,1519575,,bus-cycles:u,1147936,100.00,,
     0.715414866,9723385,,instructions:u,1147968,100.00,,
     0.716563499,342,,branch-misses:u,1148512,100.00,,
     0.716563499,33,,cache-misses:u,1148512,100.00,,
     0.716563499,1526185,,bus-cycles:u,1148512,100.00,,
     0.716563499,9759160,,instructions:u,1148544,100.00,,
     0.717710916,344,,branch-misses:u,1147136,100.00,,
     0.717710916,32,,cache-misses:u,1147200,100.00,,
     0.717710916,1524707,,bus-cycles:u,1147168,100.00,,
     0.717710916,9747184,,instructions:u,1147200,100.00,,
     0.718859197,341,,branch-misses:u,1149120,100.00,,
     0.718859197,40,,cache-misses:u,1149184,100.00,,
     0.718859197,1521386,,bus-cycles:u,1149280,100.00,,
     0.718859197,9720891,,instructions:u,1149312,100.00,,
     0.720009845,342,,branch-misses:u,1150528,100.00,,
     0.720009845,69,,cache-misses:u,1150400,100.00,,
     0.720009845,1526855,,bus-cycles:u,1150368,100.00,,
     0.720009845,9749799,,instructions:u,1150240,100.00,,
     0.721157838,341,,branch-misses:u,1147744,100.00,,
     0.721157838,42,,cache-misses:u,1147840,100.00,,
     0.721157838,1523474,,bus-cycles:u,1147840,100.00,,
     0.721157838,9754368,,instructions:u,1147904,100.00,,
     0.722316774,346,,branch-misses:u,1159616,100.00,,
     0.722316774,29,,cache-misses:u,1159712,100.00,,
     0.722316774,1540112,,bus-cycles:u,1159744,100.00,,
     0.722316774,9848610,,instructions:u,1159712,100.00,,
     0.723466654,341,,branch-misses:u,1150112,100.00,,
     0.723466654,95,,cache-misses:u,1150048,100.00,,
     0.723466654,1522334,,bus-cycles:u,1150048,100.00,,
     0.723466654,9709592,,instructions:u,1150112,100.00,,
     0.724617015,342,,branch-misses:u,1150208,100.00,,
     0.724617015,35,,cache-misses:u,1150240,100.00,,
     0.724617015,1527548,,bus-cycles:u,1150208,100.00,,
     0.724617015,9759762,,instructions:u,1150208,100.00,,
     0.725765040,341,,branch-misses:u,1148192,100.00,,
     0.725765040,26,,cache-misses:u,1148128,100.00,,
     0.725765040,1525669,,bus-cycles:u,1148096,100.00,,
     0.725765040,9724144,,instructions:u,1148096,100.00,,
     0.726913416,341,,branch-misses:u,1148768,100.00,,
     0.726913416,70,,cache-misses:u,1148832,100.00,,
     0.726913416,1521217,,bus-cycles:u,1148832,100.00,,
     0.726913416,9715312,,instructions:u,1148832,100.00,,
     0.728062593,342,,branch-misses:u,1148992,100.00,,
     0.728062593,67,,cache-misses:u,1148864,100.00,,
     0.728062593,1526777,,bus-cycles:u,1148896,100.00,,
     0.728062593,9759536,,instructions:u,1148960,100.00,,
     0.729210298,342,,branch-misses:u,1147552,100.00,,
     0.729210298,39,,cache-misses:u,1147520,100.00,,
     0.729210298,1524072,,bus-cycles:u,1147552,100.00,,
     0.729210298,9741728,,instructions:u,1147456,100.00,,
     0.730357875,342,,branch-misses:u,1147552,100.00,,
     0.730357875,37,,cache-misses:u,1147552,100.00,,
     0.730357875,1524263,,bus-cycles:u,1147520,100.00,,
     0.730357875,9755347,,instructions:u,1147552,100.00,,
     0.731505836,343,,branch-misses:u,1148416,100.00,,
     0.731505836,102,,cache-misses:u,1148640,100.00,,
     0.731505836,1520722,,bus-cycles:u,1148544,100.00,,
     0.731505836,9716161,,instructions:u,1148544,100.00,,
     0.732655204,342,,branch-misses:u,1149568,100.00,,
     0.732655204,32,,cache-misses:u,1149536,100.00,,
     0.732655204,1526285,,bus-cycles:u,1149600,100.00,,
     0.732655204,9780468,,instructions:u,1149568,100.00,,
     0.733802909,341,,branch-misses:u,1147552,100.00,,
     0.733802909,31,,cache-misses:u,1147392,100.00,,
     0.733802909,1523052,,bus-cycles:u,1147424,100.00,,
     0.733802909,9737244,,instructions:u,1147456,100.00,,
     0.734951318,342,,branch-misses:u,1149152,100.00,,
     0.734951318,74,,cache-misses:u,1149152,100.00,,
     0.734951318,1520312,,bus-cycles:u,1149152,100.00,,
     0.734951318,9695354,,instructions:u,1149152,100.00,,
     0.736101135,342,,branch-misses:u,1149664,100.00,,
     0.736101135,60,,cache-misses:u,1149696,100.00,,
     0.736101135,1525353,,bus-cycles:u,1149728,100.00,,
     0.736101135,9761644,,instructions:u,1149728,100.00,,
     0.737248680,342,,branch-misses:u,1147680,100.00,,
     0.737248680,34,,cache-misses:u,1147584,100.00,,
     0.737248680,1523387,,bus-cycles:u,1147552,100.00,,
     0.737248680,9758123,,instructions:u,1147584,100.00,,
     0.738396161,341,,branch-misses:u,1147264,100.00,,
     0.738396161,34,,cache-misses:u,1147424,100.00,,
     0.738396161,1523460,,bus-cycles:u,1147456,100.00,,
     0.738396161,9751732,,instructions:u,1147456,100.00,,
     0.739543642,341,,branch-misses:u,1148288,100.00,,
     0.739543642,119,,cache-misses:u,1148256,100.00,,
     0.739543642,1517899,,bus-cycles:u,1148224,100.00,,
     0.739543642,9706242,,instructions:u,1148128,100.00,,
     0.740693202,343,,branch-misses:u,1149504,100.00,,
     0.740693202,36,,cache-misses:u,1149440,100.00,,
     0.740693202,1525895,,bus-cycles:u,1149408,100.00,,
     0.740693202,9753522,,instructions:u,1149440,100.00,,
     0.741840555,341,,branch-misses:u,1146976,100.00,,
     0.741840555,33,,cache-misses:u,1147072,100.00,,
     0.741840555,1522161,,bus-cycles:u,1147136,100.00,,
     0.741840555,9729139,,instructions:u,1147232,100.00,,
     0.742988548,341,,branch-misses:u,1148832,100.00,,
     0.742988548,78,,cache-misses:u,1148896,100.00,,
     0.742988548,1519996,,bus-cycles:u,1148864,100.00,,
     0.742988548,9707736,,instructions:u,1148832,100.00,,
     0.744147964,344,,branch-misses:u,1159328,100.00,,
     0.744147964,54,,cache-misses:u,1159392,100.00,,
     0.744147964,1538961,,bus-cycles:u,1159456,100.00,,
     0.744147964,9825631,,instructions:u,1159488,100.00,,
     0.745297236,342,,branch-misses:u,1149312,100.00,,
     0.745297236,30,,cache-misses:u,1149152,100.00,,
     0.745297236,1526059,,bus-cycles:u,1149120,100.00,,
     0.745297236,9756784,,instructions:u,1149024,100.00,,
     0.746445325,343,,branch-misses:u,1147872,100.00,,
     0.746445325,38,,cache-misses:u,1147936,100.00,,
     0.746445325,1524505,,bus-cycles:u,1147936,100.00,,
     0.746445325,9752178,,instructions:u,1148000,100.00,,
     0.747593414,341,,branch-misses:u,1148928,100.00,,
     0.747593414,97,,cache-misses:u,1148928,100.00,,
     0.747593414,1521690,,bus-cycles:u,1148896,100.00,,
     0.747593414,9709111,,instructions:u,1148896,100.00,,
     0.748743327,342,,branch-misses:u,1149728,100.00,,
     0.748743327,36,,cache-misses:u,1149728,100.00,,
     0.748743327,1527484,,bus-cycles:u,1149728,100.00,,
     0.748743327,9766747,,instructions:u,1149760,100.00,,
     0.749891127,341,,branch-misses:u,1147904,100.00,,
     0.749891127,32,,cache-misses:u,1147808,100.00,,
     0.749891127,1523908,,bus-cycles:u,1147808,100.00,,
     0.749891127,9712364,,instructions:u,1147744,100.00,,
     0.751039600,341,,branch-misses:u,1148928,100.00,,
     0.751039600,104,,cache-misses:u,1149024,100.00,,
     0.751039600,1519430,,bus-cycles:u,1149088,100.00,,
     0.751039600,9709488,,instructions:u,1149088,100.00,,
     0.752189417,341,,branch-misses:u,1149600,100.00,,
     0.752189417,41,,cache-misses:u,1149504,100.00,,
     0.752189417,1526764,,bus-cycles:u,1149440,100.00,,
     0.752189417,9768523,,instructions:u,1149440,100.00,,
     0.753337058,343,,branch-misses:u,1147552,100.00,,
     0.753337058,33,,cache-misses:u,1147552,100.00,,
     0.753337058,1524897,,bus-cycles:u,1147488,100.00,,
     0.753337058,9756124,,instructions:u,1147488,100.00,,
     0.754483835,341,,branch-misses:u,1146752,100.00,,
     0.754483835,32,,cache-misses:u,1146720,100.00,,
     0.754483835,1524520,,bus-cycles:u,1146784,100.00,,
     0.754483835,9749678,,instructions:u,1146784,100.00,,
     0.755632691,341,,branch-misses:u,1149792,100.00,,
     0.755632691,103,,cache-misses:u,1149856,100.00,,
     0.755632691,1520895,,bus-cycles:u,1149824,100.00,,
     0.755632691,9723747,,instructions:u,1149824,100.00,,
     0.756782508,342,,branch-misses:u,1149632,100.00,,
     0.756782508,42,,cache-misses:u,1149536,100.00,,
     0.756782508,1526087,,bus-cycles:u,1149536,100.00,,
     0.756782508,9762947,,instructions:u,1149472,100.00,,
     0.757930149,342,,branch-misses:u,1147328,100.00,,
     0.757930149,32,,cache-misses:u,1147296,100.00,,
     0.757930149,1523997,,bus-cycles:u,1147296,100.00,,
     0.757930149,9750443,,instructions:u,1147328,100.00,,
     0.759077918,343,,branch-misses:u,1148608,100.00,,
     0.759077918,95,,cache-misses:u,1148672,100.00,,
     0.759077918,1521641,,bus-cycles:u,1148640,100.00,,
     0.759077918,9738862,,instructions:u,1148672,100.00,,
     0.760227447,343,,branch-misses:u,1149280,100.00,,
     0.760227447,34,,cache-misses:u,1149312,100.00,,
     0.760227447,1526521,,bus-cycles:u,1149312,100.00,,
     0.760227447,9754156,,instructions:u,1149280,100.00,,
     0.761375215,342,,branch-misses:u,1147744,100.00,,
     0.761375215,32,,cache-misses:u,1147776,100.00,,
     0.761375215,1524997,,bus-cycles:u,1147872,100.00,,
     0.761375215,9741789,,instructions:u,1147936,100.00,,
     0.762522664,342,,branch-misses:u,1147488,100.00,,
     0.762522664,33,,cache-misses:u,1147552,100.00,,
     0.762522664,1524056,,bus-cycles:u,1147552,100.00,,
     0.762522664,9753289,,instructions:u,1147456,100.00,,
     0.763670817,342,,branch-misses:u,1148864,100.00,,
     0.763670817,107,,cache-misses:u,1148704,100.00,,
     0.763670817,1519396,,bus-cycles:u,1148608,100.00,,
     0.763670817,9723439,,instructions:u,1148608,100.00,,
     0.764830105,346,,branch-misses:u,1159296,100.00,,
     0.764830105,45,,cache-misses:u,1159520,100.00,,
     0.764830105,1539899,,bus-cycles:u,1159584,100.00,,
     0.764830105,9824849,,instructions:u,1159648,100.00,,
     0.765979377,343,,branch-misses:u,1149408,100.00,,
     0.765979377,35,,cache-misses:u,1149344,100.00,,
     0.765979377,1526860,,bus-cycles:u,1149344,100.00,,
     0.765979377,9771059,,instructions:u,1149280,100.00,,
     0.767128426,341,,branch-misses:u,1149440,100.00,,
     0.767128426,105,,cache-misses:u,1149344,100.00,,
     0.767128426,1521134,,bus-cycles:u,1149280,100.00,,
     0.767128426,9721869,,instructions:u,1149312,100.00,,
     0.768277731,343,,branch-misses:u,1149152,100.00,,
     0.768277731,31,,cache-misses:u,1149280,100.00,,
     0.768277731,1526026,,bus-cycles:u,1149312,100.00,,
     0.768277731,9758011,,instructions:u,1149312,100.00,,
     0.769425564,342,,branch-misses:u,1147872,100.00,,
     0.769425564,38,,cache-misses:u,1147680,100.00,,
     0.769425564,1523917,,bus-cycles:u,1147680,100.00,,
     0.769425564,9752435,,instructions:u,1147680,100.00,,
     0.770573013,343,,branch-misses:u,1147296,100.00,,
     0.770573013,42,,cache-misses:u,1147520,100.00,,
     0.770573013,1525043,,bus-cycles:u,1147520,100.00,,
     0.770573013,9761583,,instructions:u,1147520,100.00,,
     0.771721102,341,,branch-misses:u,1148960,100.00,,
     0.771721102,103,,cache-misses:u,1148736,100.00,,
     0.771721102,1520000,,bus-cycles:u,1148768,100.00,,
     0.771721102,9715293,,instructions:u,1148768,100.00,,
     0.772870758,343,,branch-misses:u,1149280,100.00,,
     0.772870758,39,,cache-misses:u,1149312,100.00,,
     0.772870758,1525769,,bus-cycles:u,1149280,100.00,,
     0.772870758,9748506,,instructions:u,1149280,100.00,,
     0.774018175,341,,branch-misses:u,1147648,100.00,,
     0.774018175,34,,cache-misses:u,1147616,100.00,,
     0.774018175,1523388,,bus-cycles:u,1147648,100.00,,
     0.774018175,9739718,,instructions:u,1147680,100.00,,
     0.775167128,340,,branch-misses:u,1149536,100.00,,
     0.775167128,103,,cache-misses:u,1149632,100.00,,
     0.775167128,1522163,,bus-cycles:u,1149664,100.00,,
     0.775167128,9718156,,instructions:u,1149664,100.00,,
     0.776316369,343,,branch-misses:u,1148896,100.00,,
     0.776316369,40,,cache-misses:u,1148960,100.00,,
     0.776316369,1526244,,bus-cycles:u,1148928,100.00,,
     0.776316369,9767620,,instructions:u,1148864,100.00,,
     0.777464105,342,,branch-misses:u,1147872,100.00,,
     0.777464105,30,,cache-misses:u,1147712,100.00,,
     0.777464105,1524211,,bus-cycles:u,1147648,100.00,,
     0.777464105,9741979,,instructions:u,1147712,100.00,,
     0.778611682,342,,branch-misses:u,1147680,100.00,,
     0.778611682,35,,cache-misses:u,1147712,100.00,,
     0.778611682,1524594,,bus-cycles:u,1147776,100.00,,
     0.778611682,9758579,,instructions:u,1147808,100.00,,
     0.779759931,342,,branch-misses:u,1148512,100.00,,
     0.779759931,103,,cache-misses:u,1148512,100.00,,
     0.779759931,1521861,,bus-cycles:u,1148512,100.00,,
     0.779759931,9728388,,instructions:u,1148416,100.00,,
     0.780908692,342,,branch-misses:u,1148768,100.00,,
     0.780908692,39,,cache-misses:u,1148704,100.00,,
     0.780908692,1526508,,bus-cycles:u,1148704,100.00,,
     0.780908692,9759623,,instructions:u,1148704,100.00,,
     0.782056013,343,,branch-misses:u,1147456,100.00,,
     0.782056013,30,,cache-misses:u,1147488,100.00,,
     0.782056013,1524706,,bus-cycles:u,1147456,100.00,,
     0.782056013,9758042,,instructions:u,1147456,100.00,,
     0.783203750,341,,branch-misses:u,1148320,100.00,,
     0.783203750,111,,cache-misses:u,1148384,100.00,,
     0.783203750,1520576,,bus-cycles:u,1148448,100.00,,
     0.783203750,9717130,,instructions:u,1148544,100.00,,
     0.784353566,343,,branch-misses:u,1149632,100.00,,
     0.784353566,40,,cache-misses:u,1149728,100.00,,
     0.784353566,1526902,,bus-cycles:u,1149696,100.00,,
     0.784353566,9771751,,instructions:u,1149664,100.00,,
     0.785501687,341,,branch-misses:u,1148192,100.00,,
     0.785501687,33,,cache-misses:u,1148064,100.00,,
     0.785501687,1524388,,bus-cycles:u,1148064,100.00,,
     0.785501687,9771498,,instructions:u,1148032,100.00,,
     0.786658351,343,,branch-misses:u,1157024,100.00,,
     0.786658351,41,,cache-misses:u,1157184,100.00,,
     0.786658351,1537011,,bus-cycles:u,1157216,100.00,,
     0.786658351,9828184,,instructions:u,1157184,100.00,,
     0.787808456,342,,branch-misses:u,1150400,100.00,,
     0.787808456,104,,cache-misses:u,1150368,100.00,,
     0.787808456,1520851,,bus-cycles:u,1150336,100.00,,
     0.787808456,9708407,,instructions:u,1150336,100.00,,
     0.788957952,341,,branch-misses:u,1149312,100.00,,
     0.788957952,35,,cache-misses:u,1149312,100.00,,
     0.788957952,1526186,,bus-cycles:u,1149312,100.00,,
     0.788957952,9752159,,instructions:u,1149376,100.00,,
     0.790106841,342,,branch-misses:u,1149056,100.00,,
     0.790106841,38,,cache-misses:u,1149056,100.00,,
     0.790106841,1526706,,bus-cycles:u,1149024,100.00,,
     0.790106841,9771173,,instructions:u,1148992,100.00,,
     0.791255314,342,,branch-misses:u,1148864,100.00,,
     0.791255314,142,,cache-misses:u,1149376,100.00,,
     0.791255314,1513708,,bus-cycles:u,1149376,100.00,,
     0.791255314,9683509,,instructions:u,1149376,100.00,,
     0.792404651,340,,branch-misses:u,1149152,100.00,,
     0.792404651,34,,cache-misses:u,1149152,100.00,,
     0.792404651,1528931,,bus-cycles:u,1149184,100.00,,
     0.792404651,9787878,,instructions:u,1149280,100.00,,
     0.793553347,343,,branch-misses:u,1148640,100.00,,
     0.793553347,28,,cache-misses:u,1148000,100.00,,
     0.793553347,1526261,,bus-cycles:u,1148000,100.00,,
     0.793553347,9758092,,instructions:u,1147968,100.00,,
     0.794701116,340,,branch-misses:u,1148128,100.00,,
     0.794701116,32,,cache-misses:u,1148096,100.00,,
     0.794701116,1526169,,bus-cycles:u,1148096,100.00,,
     0.794701116,9700098,,instructions:u,1148000,100.00,,
     0.795849525,340,,branch-misses:u,1148768,100.00,,
     0.795849525,88,,cache-misses:u,1148832,100.00,,
     0.795849525,1522150,,bus-cycles:u,1148800,100.00,,
     0.795849525,9702478,,instructions:u,1148800,100.00,,
     0.796999118,343,,branch-misses:u,1149504,100.00,,
     0.796999118,34,,cache-misses:u,1149504,100.00,,
     0.796999118,1528392,,bus-cycles:u,1149600,100.00,,
     0.796999118,9798099,,instructions:u,1149632,100.00,,
     0.798147367,342,,branch-misses:u,1148064,100.00,,
     0.798147367,36,,cache-misses:u,1147968,100.00,,
     0.798147367,1525435,,bus-cycles:u,1147968,100.00,,
     0.798147367,9748854,,instructions:u,1147968,100.00,,
     0.799296863,343,,branch-misses:u,1150272,100.00,,
     0.799296863,114,,cache-misses:u,1150336,100.00,,
     0.799296863,1522311,,bus-cycles:u,1150304,100.00,,
     0.799296863,9737179,,instructions:u,1150368,100.00,,
     0.800447128,343,,branch-misses:u,1149728,100.00,,
     0.800447128,34,,cache-misses:u,1149792,100.00,,
     0.800447128,1527696,,bus-cycles:u,1149760,100.00,,
     0.800447128,9786533,,instructions:u,1149696,100.00,,
     0.801594673,341,,branch-misses:u,1147648,100.00,,
     0.801594673,31,,cache-misses:u,1147616,100.00,,
     0.801594673,1524612,,bus-cycles:u,1147584,100.00,,
     0.801594673,9740858,,instructions:u,1147648,100.00,,
     0.802749321,343,,branch-misses:u,1158368,100.00,,
     0.802749321,70,,cache-misses:u,1159456,100.00,,
     0.802749321,1533812,,bus-cycles:u,1159904,100.00,,
     0.802749321,9795624,,instructions:u,1160544,100.00,,
     0.803957435,359,,branch-misses:u,1206688,100.00,,
     0.803957435,93,,cache-misses:u,1206720,100.00,,
     0.803957435,1596415,,bus-cycles:u,1206880,100.00,,
     0.803957435,10197320,,instructions:u,1207040,100.00,,
     0.805143855,353,,branch-misses:u,1185728,100.00,,
     0.805143855,34,,cache-misses:u,1185120,100.00,,
     0.805143855,1575790,,bus-cycles:u,1184832,100.00,,
     0.805143855,10065156,,instructions:u,1184288,100.00,,
     0.806299975,343,,branch-misses:u,1156096,100.00,,
     0.806299975,27,,cache-misses:u,1155680,100.00,,
     0.806299975,1536055,,bus-cycles:u,1155392,100.00,,
     0.806299975,9803896,,instructions:u,1155168,100.00,,
     0.807466557,347,,branch-misses:u,1166720,100.00,,
     0.807466557,98,,cache-misses:u,1166944,100.00,,
     0.807466557,1545376,,bus-cycles:u,1167008,100.00,,
     0.807466557,9882494,,instructions:u,1166976,100.00,,
     0.808618646,344,,branch-misses:u,1151584,100.00,,
     0.808618646,43,,cache-misses:u,1151264,100.00,,
     0.808618646,1531254,,bus-cycles:u,1151136,100.00,,
     0.808618646,9789834,,instructions:u,1151168,100.00,,
     0.809767535,343,,branch-misses:u,1148864,100.00,,
     0.809767535,32,,cache-misses:u,1148896,100.00,,
     0.809767535,1529158,,bus-cycles:u,1149440,100.00,,
     0.809767535,9772659,,instructions:u,1149376,100.00,,
     0.810918375,341,,branch-misses:u,1151392,100.00,,
     0.810918375,51,,cache-misses:u,1151488,100.00,,
     0.810918375,1524446,,bus-cycles:u,1151040,100.00,,
     0.810918375,9718121,,instructions:u,1151072,100.00,,
     0.812069120,343,,branch-misses:u,1150656,100.00,,
     0.812069120,60,,cache-misses:u,1150592,100.00,,
     0.812069120,1529342,,bus-cycles:u,1150592,100.00,,
     0.812069120,9779855,,instructions:u,1150592,100.00,,
     0.813218744,342,,branch-misses:u,1149600,100.00,,
     0.813218744,38,,cache-misses:u,1149568,100.00,,
     0.813218744,1527760,,bus-cycles:u,1149632,100.00,,
     0.813218744,9778618,,instructions:u,1149600,100.00,,
     0.814367953,344,,branch-misses:u,1149504,100.00,,
     0.814367953,36,,cache-misses:u,1149504,100.00,,
     0.814367953,1527119,,bus-cycles:u,1149408,100.00,,
     0.814367953,9779182,,instructions:u,1149440,100.00,,
     0.815517482,341,,branch-misses:u,1150016,100.00,,
     0.815517482,107,,cache-misses:u,1149888,100.00,,
     0.815517482,1518302,,bus-cycles:u,1149888,100.00,,
     0.815517482,9706001,,instructions:u,1149888,100.00,,
     0.816667586,342,,branch-misses:u,1149792,100.00,,
     0.816667586,35,,cache-misses:u,1149952,100.00,,
     0.816667586,1527763,,bus-cycles:u,1149952,100.00,,
     0.816667586,9761949,,instructions:u,1149952,100.00,,
     0.817816539,342,,branch-misses:u,1149280,100.00,,
     0.817816539,30,,cache-misses:u,1149248,100.00,,
     0.817816539,1526753,,bus-cycles:u,1149216,100.00,,
     0.817816539,9768840,,instructions:u,1149152,100.00,,
     0.818966292,342,,branch-misses:u,1150112,100.00,,
     0.818966292,78,,cache-misses:u,1150144,100.00,,
     0.818966292,1522497,,bus-cycles:u,1150080,100.00,,
     0.818966292,9743346,,instructions:u,1150176,100.00,,
     0.820117228,343,,branch-misses:u,1150656,100.00,,
     0.820117228,62,,cache-misses:u,1150656,100.00,,
     0.820117228,1527870,,bus-cycles:u,1150720,100.00,,
     0.820117228,9765758,,instructions:u,1150688,100.00,,
     0.821266437,342,,branch-misses:u,1148928,100.00,,
     0.821266437,35,,cache-misses:u,1148864,100.00,,
     0.821266437,1525412,,bus-cycles:u,1148928,100.00,,
     0.821266437,9750711,,instructions:u,1148896,100.00,,
     0.822414718,341,,branch-misses:u,1148544,100.00,,
     0.822414718,29,,cache-misses:u,1148576,100.00,,
     0.822414718,1525770,,bus-cycles:u,1148576,100.00,,
     0.822414718,9726853,,instructions:u,1148512,100.00,,
     0.823562967,341,,branch-misses:u,1148928,100.00,,
     0.823562967,113,,cache-misses:u,1148992,100.00,,
     0.823562967,1520622,,bus-cycles:u,1148992,100.00,,
     0.823562967,9722332,,instructions:u,1149088,100.00,,
     0.824713871,343,,branch-misses:u,1150784,100.00,,
     0.824713871,30,,cache-misses:u,1150720,100.00,,
     0.824713871,1529054,,bus-cycles:u,1150752,100.00,,
     0.824713871,9783066,,instructions:u,1150784,100.00,,
     0.825862568,344,,branch-misses:u,1148544,100.00,,
     0.825862568,42,,cache-misses:u,1148544,100.00,,
     0.825862568,1525110,,bus-cycles:u,1148416,100.00,,
     0.825862568,9755589,,instructions:u,1148384,100.00,,
     0.827011936,341,,branch-misses:u,1150208,100.00,,
     0.827011936,86,,cache-misses:u,1150208,100.00,,
     0.827011936,1522581,,bus-cycles:u,1150272,100.00,,
     0.827011936,9708373,,instructions:u,1150272,100.00,,
     0.828176087,346,,branch-misses:u,1164064,100.00,,
     0.828176087,49,,cache-misses:u,1164352,100.00,,
     0.828176087,1547669,,bus-cycles:u,1164448,100.00,,
     0.828176087,9886009,,instructions:u,1164416,100.00,,
     0.829326896,343,,branch-misses:u,1150848,100.00,,
     0.829326896,32,,cache-misses:u,1150688,100.00,,
     0.829326896,1529823,,bus-cycles:u,1150656,100.00,,
     0.829326896,9797458,,instructions:u,1150624,100.00,,
     0.830476169,342,,branch-misses:u,1149408,100.00,,
     0.830476169,33,,cache-misses:u,1149440,100.00,,
     0.830476169,1527305,,bus-cycles:u,1149440,100.00,,
     0.830476169,9774194,,instructions:u,1149504,100.00,,
     0.831626497,343,,branch-misses:u,1150400,100.00,,
     0.831626497,94,,cache-misses:u,1150304,100.00,,
     0.831626497,1522913,,bus-cycles:u,1150240,100.00,,
     0.831626497,9725627,,instructions:u,1150272,100.00,,
     0.832777818,343,,branch-misses:u,1151520,100.00,,
     0.832777818,32,,cache-misses:u,1151520,100.00,,
     0.832777818,1529580,,bus-cycles:u,1151584,100.00,,
     0.832777818,9778353,,instructions:u,1151552,100.00,,
     0.833926930,341,,branch-misses:u,1149152,100.00,,
     0.833926930,27,,cache-misses:u,1149120,100.00,,
     0.833926930,1527722,,bus-cycles:u,1149120,100.00,,
     0.833926930,9738378,,instructions:u,1149088,100.00,,
     0.835077323,342,,branch-misses:u,1150944,100.00,,
     0.835077323,104,,cache-misses:u,1151072,100.00,,
     0.835077323,1525436,,bus-cycles:u,1151072,100.00,,
     0.835077323,9742679,,instructions:u,1151136,100.00,,
     0.836228100,342,,branch-misses:u,1150496,100.00,,
     0.836228100,36,,cache-misses:u,1150400,100.00,,
     0.836228100,1528503,,bus-cycles:u,1150336,100.00,,
     0.836228100,9758684,,instructions:u,1150272,100.00,,
     0.837376956,344,,branch-misses:u,1148704,100.00,,
     0.837376956,31,,cache-misses:u,1148736,100.00,,
     0.837376956,1526797,,bus-cycles:u,1148768,100.00,,
     0.837376956,9780127,,instructions:u,1148800,100.00,,
     0.838524981,342,,branch-misses:u,1148160,100.00,,
     0.838524981,32,,cache-misses:u,1148096,100.00,,
     0.838524981,1525748,,bus-cycles:u,1148160,100.00,,
     0.838524981,9763053,,instructions:u,1148160,100.00,,
     0.839675054,341,,branch-misses:u,1150528,100.00,,
     0.839675054,91,,cache-misses:u,1150592,100.00,,
     0.839675054,1525468,,bus-cycles:u,1150560,100.00,,
     0.839675054,9725605,,instructions:u,1150528,100.00,,
     0.840824902,343,,branch-misses:u,1149632,100.00,,
     0.840824902,39,,cache-misses:u,1149568,100.00,,
     0.840824902,1528904,,bus-cycles:u,1149568,100.00,,
     0.840824902,9783232,,instructions:u,1149568,100.00,,
     0.841973439,342,,branch-misses:u,1148608,100.00,,
     0.841973439,31,,cache-misses:u,1148608,100.00,,
     0.841973439,1527534,,bus-cycles:u,1148576,100.00,,
     0.841973439,9756638,,instructions:u,1148608,100.00,,
     0.843122136,343,,branch-misses:u,1149696,100.00,,
     0.843122136,97,,cache-misses:u,1149696,100.00,,
     0.843122136,1522370,,bus-cycles:u,1149664,100.00,,
     0.843122136,9730536,,instructions:u,1149664,100.00,,
     0.844273392,341,,branch-misses:u,1150944,100.00,,
     0.844273392,36,,cache-misses:u,1150912,100.00,,
     0.844273392,1529905,,bus-cycles:u,1150912,100.00,,
     0.844273392,9785076,,instructions:u,1150848,100.00,,
     0.845422249,342,,branch-misses:u,1148640,100.00,,
     0.845422249,30,,cache-misses:u,1148544,100.00,,
     0.845422249,1527020,,bus-cycles:u,1148576,100.00,,
     0.845422249,9736010,,instructions:u,1148640,100.00,,
     0.846571138,341,,branch-misses:u,1148928,100.00,,
     0.846571138,32,,cache-misses:u,1149056,100.00,,
     0.846571138,1526756,,bus-cycles:u,1149088,100.00,,
     0.846571138,9756221,,instructions:u,1149088,100.00,,
     0.847719579,341,,branch-misses:u,1149344,100.00,,
     0.847719579,100,,cache-misses:u,1149408,100.00,,
     0.847719579,1523148,,bus-cycles:u,1149344,100.00,,
     0.847719579,9737025,,instructions:u,1149280,100.00,,
     0.848869939,344,,branch-misses:u,1150176,100.00,,
     0.848869939,35,,cache-misses:u,1150144,100.00,,
     0.848869939,1529601,,bus-cycles:u,1150144,100.00,,
     0.848869939,9773987,,instructions:u,1150240,100.00,,
     0.850028619,343,,branch-misses:u,1158976,100.00,,
     0.850028619,27,,cache-misses:u,1159104,100.00,,
     0.850028619,1540218,,bus-cycles:u,1159232,100.00,,
     0.850028619,9791900,,instructions:u,1159232,100.00,,
     0.851180579,340,,branch-misses:u,1152256,100.00,,
     0.851180579,96,,cache-misses:u,1152128,100.00,,
     0.851180579,1524059,,bus-cycles:u,1152032,100.00,,
     0.851180579,9718169,,instructions:u,1152032,100.00,,
     0.852330780,344,,branch-misses:u,1150112,100.00,,
     0.852330780,39,,cache-misses:u,1150048,100.00,,
     0.852330780,1528495,,bus-cycles:u,1149984,100.00,,
     0.852330780,9787964,,instructions:u,1149888,100.00,,
     0.853479765,342,,branch-misses:u,1149088,100.00,,
     0.853479765,32,,cache-misses:u,1148992,100.00,,
     0.853479765,1527928,,bus-cycles:u,1149024,100.00,,
     0.853479765,9769251,,instructions:u,1149024,100.00,,
     0.854628333,343,,branch-misses:u,1148352,100.00,,
     0.854628333,31,,cache-misses:u,1148384,100.00,,
     0.854628333,1526791,,bus-cycles:u,1148416,100.00,,
     0.854628333,9751744,,instructions:u,1148448,100.00,,
     0.855777382,340,,branch-misses:u,1150176,100.00,,
     0.855777382,115,,cache-misses:u,1150304,100.00,,
     0.855777382,1516877,,bus-cycles:u,1150336,100.00,,
     0.855777382,9686759,,instructions:u,1150240,100.00,,
     0.856928415,343,,branch-misses:u,1150528,100.00,,
     0.856928415,37,,cache-misses:u,1150400,100.00,,
     0.856928415,1529660,,bus-cycles:u,1150304,100.00,,
     0.856928415,9780099,,instructions:u,1150400,100.00,,
     0.858077399,342,,branch-misses:u,1148704,100.00,,
     0.858077399,36,,cache-misses:u,1148704,100.00,,
     0.858077399,1526826,,bus-cycles:u,1148672,100.00,,
     0.858077399,9771622,,instructions:u,1148640,100.00,,
     0.859227056,343,,branch-misses:u,1150464,100.00,,
     0.859227056,100,,cache-misses:u,1150496,100.00,,
     0.859227056,1523515,,bus-cycles:u,1150592,100.00,,
     0.859227056,9751198,,instructions:u,1150624,100.00,,
     0.860377417,343,,branch-misses:u,1150208,100.00,,
     0.860377417,35,,cache-misses:u,1150176,100.00,,
     0.860377417,1529365,,bus-cycles:u,1150144,100.00,,
     0.860377417,9769067,,instructions:u,1150176,100.00,,
     0.861525953,341,,branch-misses:u,1148160,100.00,,
     0.861525953,32,,cache-misses:u,1148192,100.00,,
     0.861525953,1526442,,bus-cycles:u,1148128,100.00,,
     0.861525953,9728517,,instructions:u,1148032,100.00,,
     0.862674106,341,,branch-misses:u,1148384,100.00,,
     0.862674106,31,,cache-misses:u,1148288,100.00,,
     0.862674106,1526247,,bus-cycles:u,1148320,100.00,,
     0.862674106,9730780,,instructions:u,1148352,100.00,,
     0.863823283,341,,branch-misses:u,1150080,100.00,,
     0.863823283,130,,cache-misses:u,1150176,100.00,,
     0.863823283,1521618,,bus-cycles:u,1150176,100.00,,
     0.863823283,9727260,,instructions:u,1150240,100.00,,
     0.864973484,343,,branch-misses:u,1149632,100.00,,
     0.864973484,42,,cache-misses:u,1149568,100.00,,
     0.864973484,1528246,,bus-cycles:u,1149536,100.00,,
     0.864973484,9781393,,instructions:u,1149504,100.00,,
     0.866121892,343,,branch-misses:u,1148480,100.00,,
     0.866121892,45,,cache-misses:u,1148480,100.00,,
     0.866121892,1527068,,bus-cycles:u,1148480,100.00,,
     0.866121892,9775689,,instructions:u,1148480,100.00,,
     0.867270525,342,,branch-misses:u,1149408,100.00,,
     0.867270525,108,,cache-misses:u,1149440,100.00,,
     0.867270525,1520992,,bus-cycles:u,1149504,100.00,,
     0.867270525,9722332,,instructions:u,1149504,100.00,,
     0.868420502,342,,branch-misses:u,1149856,100.00,,
     0.868420502,36,,cache-misses:u,1150048,100.00,,
     0.868420502,1528418,,bus-cycles:u,1150016,100.00,,
     0.868420502,9763131,,instructions:u,1150016,100.00,,
     0.869568623,342,,branch-misses:u,1147936,100.00,,
     0.869568623,30,,cache-misses:u,1147744,100.00,,
     0.869568623,1525669,,bus-cycles:u,1147680,100.00,,
     0.869568623,9755171,,instructions:u,1147712,100.00,,
     0.870726982,345,,branch-misses:u,1158944,100.00,,
     0.870726982,31,,cache-misses:u,1159136,100.00,,
     0.870726982,1541054,,bus-cycles:u,1159296,100.00,,
     0.870726982,9862834,,instructions:u,1159264,100.00,,
     0.871877855,343,,branch-misses:u,1151296,100.00,,
     0.871877855,92,,cache-misses:u,1151168,100.00,,
     0.871877855,1522981,,bus-cycles:u,1151072,100.00,,
     0.871877855,9733519,,instructions:u,1151040,100.00,,
     0.873028471,342,,branch-misses:u,1150272,100.00,,
     0.873028471,31,,cache-misses:u,1150368,100.00,,
     0.873028471,1529189,,bus-cycles:u,1150432,100.00,,
     0.873028471,9771859,,instructions:u,1150464,100.00,,
     0.874177296,341,,branch-misses:u,1148992,100.00,,
     0.874177296,30,,cache-misses:u,1148896,100.00,,
     0.874177296,1526804,,bus-cycles:u,1148832,100.00,,
     0.874177296,9734168,,instructions:u,1148768,100.00,,
     0.875333672,346,,branch-misses:u,1158336,100.00,,
     0.875333672,108,,cache-misses:u,1160000,100.00,,
     0.875333672,1538041,,bus-cycles:u,1160928,100.00,,
     0.875333672,9842934,,instructions:u,1162304,100.00,,
     0.876519132,353,,branch-misses:u,1187776,100.00,,
     0.876519132,41,,cache-misses:u,1187840,100.00,,
     0.876519132,1577057,,bus-cycles:u,1187840,100.00,,
     0.876519132,10065736,,instructions:u,1187744,100.00,,
     0.877729646,358,,branch-misses:u,1207936,100.00,,
     0.877729646,29,,cache-misses:u,1207072,100.00,,
     0.877729646,1603930,,bus-cycles:u,1206624,100.00,,
     0.877729646,10217375,,instructions:u,1205760,100.00,,
     0.878885062,344,,branch-misses:u,1155584,100.00,,
     0.878885062,43,,cache-misses:u,1155360,100.00,,
     0.878885062,1531307,,bus-cycles:u,1155008,100.00,,
     0.878885062,9784445,,instructions:u,1154656,100.00,,
     0.880047933,348,,branch-misses:u,1163648,100.00,,
     0.880047933,72,,cache-misses:u,1164576,100.00,,
     0.880047933,1548752,,bus-cycles:u,1165568,100.00,,
     0.880047933,9919359,,instructions:u,1166304,100.00,,
     0.881248368,357,,branch-misses:u,1199392,100.00,,
     0.881248368,29,,cache-misses:u,1198496,100.00,,
     0.881248368,1590448,,bus-cycles:u,1197696,100.00,,
     0.881248368,10172491,,instructions:u,1197248,100.00,,
     0.882407559,345,,branch-misses:u,1159200,100.00,,
     0.882407559,31,,cache-misses:u,1158848,100.00,,
     0.882407559,1539936,,bus-cycles:u,1158816,100.00,,
     0.882407559,9845961,,instructions:u,1158656,100.00,,
     0.883563039,343,,branch-misses:u,1155392,100.00,,
     0.883563039,105,,cache-misses:u,1155328,100.00,,
     0.883563039,1529427,,bus-cycles:u,1155104,100.00,,
     0.883563039,9749922,,instructions:u,1155040,100.00,,
     0.884713496,344,,branch-misses:u,1150208,100.00,,
     0.884713496,33,,cache-misses:u,1150144,100.00,,
     0.884713496,1527343,,bus-cycles:u,1150048,100.00,,
     0.884713496,9761029,,instructions:u,1149984,100.00,,
     0.885863472,342,,branch-misses:u,1150080,100.00,,
     0.885863472,27,,cache-misses:u,1149920,100.00,,
     0.885863472,1528261,,bus-cycles:u,1149984,100.00,,
     0.885863472,9744614,,instructions:u,1149952,100.00,,
     0.887013801,340,,branch-misses:u,1150720,100.00,,
     0.887013801,85,,cache-misses:u,1150688,100.00,,
     0.887013801,1522332,,bus-cycles:u,1150688,100.00,,
     0.887013801,9709198,,instructions:u,1150752,100.00,,
     0.888164737,342,,branch-misses:u,1150848,100.00,,
     0.888164737,49,,cache-misses:u,1150848,100.00,,
     0.888164737,1529644,,bus-cycles:u,1150880,100.00,,
     0.888164737,9768080,,instructions:u,1150784,100.00,,
     0.889314490,342,,branch-misses:u,1149888,100.00,,
     0.889314490,34,,cache-misses:u,1150080,100.00,,
     0.889314490,1528834,,bus-cycles:u,1150016,100.00,,
     0.889314490,9771828,,instructions:u,1150112,100.00,,
     0.890463763,343,,branch-misses:u,1149344,100.00,,
     0.890463763,32,,cache-misses:u,1149184,100.00,,
     0.890463763,1527151,,bus-cycles:u,1149248,100.00,,
     0.890463763,9763987,,instructions:u,1149280,100.00,,
     0.891613739,342,,branch-misses:u,1150400,100.00,,
     0.891613739,96,,cache-misses:u,1150400,100.00,,
     0.891613739,1522480,,bus-cycles:u,1150336,100.00,,
     0.891613739,9695413,,instructions:u,1150208,100.00,,
     0.892778882,346,,branch-misses:u,1165152,100.00,,
     0.892778882,40,,cache-misses:u,1165568,100.00,,
     0.892778882,1549706,,bus-cycles:u,1165632,100.00,,
     0.892778882,9901275,,instructions:u,1165760,100.00,,
     0.893928731,343,,branch-misses:u,1149888,100.00,,
     0.893928731,28,,cache-misses:u,1149536,100.00,,
     0.893928731,1528290,,bus-cycles:u,1149568,100.00,,
     0.893928731,9776879,,instructions:u,1149472,100.00,,
     0.895077780,344,,branch-misses:u,1149472,100.00,,
     0.895077780,100,,cache-misses:u,1149344,100.00,,
     0.895077780,1522603,,bus-cycles:u,1149312,100.00,,
     0.895077780,9745863,,instructions:u,1149312,100.00,,
     0.896227852,342,,branch-misses:u,1149920,100.00,,
     0.896227852,31,,cache-misses:u,1150080,100.00,,
     0.896227852,1528759,,bus-cycles:u,1150048,100.00,,
     0.896227852,9776562,,instructions:u,1150048,100.00,,
     0.897376517,341,,branch-misses:u,1148768,100.00,,
     0.897376517,29,,cache-misses:u,1148608,100.00,,
     0.897376517,1527309,,bus-cycles:u,1148544,100.00,,
     0.897376517,9735248,,instructions:u,1148544,100.00,,
     0.898524702,341,,branch-misses:u,1148288,100.00,,
     0.898524702,32,,cache-misses:u,1148448,100.00,,
     0.898524702,1525755,,bus-cycles:u,1148480,100.00,,
     0.898524702,9726344,,instructions:u,1148512,100.00,,
     0.899674230,342,,branch-misses:u,1150016,100.00,,
     0.899674230,96,,cache-misses:u,1149856,100.00,,
     0.899674230,1522916,,bus-cycles:u,1149856,100.00,,
     0.899674230,9735303,,instructions:u,1149920,100.00,,
     0.900824239,342,,branch-misses:u,1149856,100.00,,
     0.900824239,33,,cache-misses:u,1149856,100.00,,
     0.900824239,1528651,,bus-cycles:u,1149824,100.00,,
     0.900824239,9756088,,instructions:u,1149760,100.00,,
     0.901973192,343,,branch-misses:u,1149024,100.00,,
     0.901973192,29,,cache-misses:u,1149056,100.00,,
     0.901973192,1527020,,bus-cycles:u,1149152,100.00,,
     0.901973192,9778571,,instructions:u,1149120,100.00,,
     0.903121505,342,,branch-misses:u,1148448,100.00,,
     0.903121505,95,,cache-misses:u,1148512,100.00,,
     0.903121505,1521889,,bus-cycles:u,1148448,100.00,,
     0.903121505,9732066,,instructions:u,1148448,100.00,,
     0.904270617,342,,branch-misses:u,1149216,100.00,,
     0.904270617,42,,cache-misses:u,1149024,100.00,,
     0.904270617,1526924,,bus-cycles:u,1149088,100.00,,
     0.904270617,9764167,,instructions:u,1149024,100.00,,
     0.905419122,342,,branch-misses:u,1148640,100.00,,
     0.905419122,36,,cache-misses:u,1148800,100.00,,
     0.905419122,1526425,,bus-cycles:u,1148800,100.00,,
     0.905419122,9768304,,instructions:u,1148896,100.00,,
     0.906567659,342,,branch-misses:u,1148832,100.00,,
     0.906567659,29,,cache-misses:u,1148832,100.00,,
     0.906567659,1526186,,bus-cycles:u,1148800,100.00,,
     0.906567659,9767155,,instructions:u,1148736,100.00,,
     0.907717444,343,,branch-misses:u,1150016,100.00,,
     0.907717444,99,,cache-misses:u,1149984,100.00,,
     0.907717444,1523753,,bus-cycles:u,1149952,100.00,,
     0.907717444,9740250,,instructions:u,1149952,100.00,,
     0.908867036,342,,branch-misses:u,1149600,100.00,,
     0.908867036,35,,cache-misses:u,1149632,100.00,,
     0.908867036,1528734,,bus-cycles:u,1149632,100.00,,
     0.908867036,9767060,,instructions:u,1149696,100.00,,
     0.910015509,341,,branch-misses:u,1148544,100.00,,
     0.910015509,35,,cache-misses:u,1148448,100.00,,
     0.910015509,1526463,,bus-cycles:u,1148448,100.00,,
     0.910015509,9753903,,instructions:u,1148480,100.00,,
     0.911164270,342,,branch-misses:u,1148832,100.00,,
     0.911164270,104,,cache-misses:u,1148864,100.00,,
     0.911164270,1521102,,bus-cycles:u,1148864,100.00,,
     0.911164270,9732063,,instructions:u,1148768,100.00,,
     0.912314726,343,,branch-misses:u,1150560,100.00,,
     0.912314726,34,,cache-misses:u,1150624,100.00,,
     0.912314726,1528627,,bus-cycles:u,1150560,100.00,,
     0.912314726,9776906,,instructions:u,1150656,100.00,,
     0.913474782,346,,branch-misses:u,1160448,100.00,,
     0.913474782,34,,cache-misses:u,1160640,100.00,,
     0.913474782,1541918,,bus-cycles:u,1160832,100.00,,
     0.913474782,9853181,,instructions:u,1160832,100.00,,
     0.914624598,340,,branch-misses:u,1149760,100.00,,
     0.914624598,28,,cache-misses:u,1149568,100.00,,
     0.914624598,1526987,,bus-cycles:u,1149440,100.00,,
     0.914624598,9731300,,instructions:u,1149504,100.00,,
     0.915774191,331,,branch-misses:u,1128160,100.00,,
     0.915774191,204,,cache-misses:u,1128928,100.00,,
     0.915774191,1471394,,bus-cycles:u,1129120,100.00,,
     0.915774191,9400989,,instructions:u,1129056,100.00,,
     0.916931015,344,,branch-misses:u,1155808,100.00,,
     0.916931015,38,,cache-misses:u,1155200,100.00,,
     0.916931015,1534482,,bus-cycles:u,1155136,100.00,,
     0.916931015,9814427,,instructions:u,1155168,100.00,,
     0.918081184,343,,branch-misses:u,1150112,100.00,,
     0.918081184,33,,cache-misses:u,1149856,100.00,,
     0.918081184,1527865,,bus-cycles:u,1149760,100.00,,
     0.918081184,9792604,,instructions:u,1149632,100.00,,
     0.919230104,344,,branch-misses:u,1149408,100.00,,
     0.919230104,99,,cache-misses:u,1149440,100.00,,
     0.919230104,1520169,,bus-cycles:u,1149440,100.00,,
     0.919230104,9727530,,instructions:u,1149504,100.00,,
     0.920380529,342,,branch-misses:u,1150304,100.00,,
     0.920380529,37,,cache-misses:u,1150400,100.00,,
     0.920380529,1528323,,bus-cycles:u,1150432,100.00,,
     0.920380529,9761919,,instructions:u,1150432,100.00,,
     0.921528554,341,,branch-misses:u,1148128,100.00,,
     0.921528554,33,,cache-misses:u,1148128,100.00,,
     0.921528554,1524305,,bus-cycles:u,1148128,100.00,,
     0.921528554,9722969,,instructions:u,1148064,100.00,,
     0.922677058,340,,branch-misses:u,1148544,100.00,,
     0.922677058,32,,cache-misses:u,1148512,100.00,,
     0.922677058,1525651,,bus-cycles:u,1148416,100.00,,
     0.922677058,9756099,,instructions:u,1148480,100.00,,
     0.923825851,342,,branch-misses:u,1149216,100.00,,
     0.923825851,90,,cache-misses:u,1149184,100.00,,
     0.923825851,1521511,,bus-cycles:u,1149184,100.00,,
     0.923825851,9726903,,instructions:u,1149216,100.00,,
     0.924975924,343,,branch-misses:u,1149952,100.00,,
     0.924975924,33,,cache-misses:u,1150016,100.00,,
     0.924975924,1528421,,bus-cycles:u,1150080,100.00,,
     0.924975924,9767194,,instructions:u,1150016,100.00,,
     0.926124333,341,,branch-misses:u,1148384,100.00,,
     0.926124333,30,,cache-misses:u,1148448,100.00,,
     0.926124333,1525787,,bus-cycles:u,1148384,100.00,,
     0.926124333,9724950,,instructions:u,1148448,100.00,,
     0.927272901,341,,branch-misses:u,1149088,100.00,,
     0.927272901,99,,cache-misses:u,1148992,100.00,,
     0.927272901,1521762,,bus-cycles:u,1149024,100.00,,
     0.927272901,9700456,,instructions:u,1148992,100.00,,
     0.928423358,342,,branch-misses:u,1150304,100.00,,
     0.928423358,37,,cache-misses:u,1150240,100.00,,
     0.928423358,1527550,,bus-cycles:u,1150240,100.00,,
     0.928423358,9761019,,instructions:u,1150272,100.00,,
     0.929571991,342,,branch-misses:u,1148864,100.00,,
     0.929571991,33,,cache-misses:u,1148992,100.00,,
     0.929571991,1526739,,bus-cycles:u,1148992,100.00,,
     0.929571991,9766912,,instructions:u,1149024,100.00,,
     0.930720976,343,,branch-misses:u,1149024,100.00,,
     0.930720976,31,,cache-misses:u,1148928,100.00,,
     0.930720976,1526853,,bus-cycles:u,1148960,100.00,,
     0.930720976,9768299,,instructions:u,1148864,100.00,,
     0.931870376,343,,branch-misses:u,1149984,100.00,,
     0.931870376,87,,cache-misses:u,1149984,100.00,,
     0.931870376,1523029,,bus-cycles:u,1150016,100.00,,
     0.931870376,9732167,,instructions:u,1150048,100.00,,
     0.933020449,342,,branch-misses:u,1149792,100.00,,
     0.933020449,36,,cache-misses:u,1149792,100.00,,
     0.933020449,1527454,,bus-cycles:u,1149728,100.00,,
     0.933020449,9778925,,instructions:u,1149760,100.00,,
     0.934168730,342,,branch-misses:u,1148416,100.00,,
     0.934168730,32,,cache-misses:u,1148448,100.00,,
     0.934168730,1526386,,bus-cycles:u,1148448,100.00,,
     0.934168730,9753656,,instructions:u,1148416,100.00,,
     0.935328305,345,,branch-misses:u,1160000,100.00,,
     0.935328305,98,,cache-misses:u,1160192,100.00,,
     0.935328305,1536314,,bus-cycles:u,1160320,100.00,,
     0.935328305,9827546,,instructions:u,1160352,100.00,,
     0.936479498,344,,branch-misses:u,1151040,100.00,,
     0.936479498,29,,cache-misses:u,1150816,100.00,,
     0.936479498,1528936,,bus-cycles:u,1150752,100.00,,
     0.936479498,9779959,,instructions:u,1150688,100.00,,
     0.937628162,342,,branch-misses:u,1148864,100.00,,
     0.937628162,32,,cache-misses:u,1148832,100.00,,
     0.937628162,1526027,,bus-cycles:u,1148832,100.00,,
     0.937628162,9765674,,instructions:u,1148800,100.00,,
     0.938776411,342,,branch-misses:u,1148352,100.00,,
     0.938776411,33,,cache-misses:u,1148512,100.00,,
     0.938776411,1526449,,bus-cycles:u,1148448,100.00,,
     0.938776411,9757949,,instructions:u,1148544,100.00,,
     0.939939378,345,,branch-misses:u,1163584,100.00,,
     0.939939378,94,,cache-misses:u,1163808,100.00,,
     0.939939378,1539641,,bus-cycles:u,1163872,100.00,,
     0.939939378,9842083,,instructions:u,1163872,100.00,,
     0.941089355,343,,branch-misses:u,1149696,100.00,,
     0.941089355,31,,cache-misses:u,1149344,100.00,,
     0.941089355,1527304,,bus-cycles:u,1149280,100.00,,
     0.941089355,9769137,,instructions:u,1149248,100.00,,
     0.942237988,343,,branch-misses:u,1148768,100.00,,
     0.942237988,34,,cache-misses:u,1148736,100.00,,
     0.942237988,1526440,,bus-cycles:u,1148736,100.00,,
     0.942237988,9778801,,instructions:u,1148768,100.00,,
     0.943386109,342,,branch-misses:u,1148576,100.00,,
     0.943386109,102,,cache-misses:u,1148640,100.00,,
     0.943386109,1521808,,bus-cycles:u,1148672,100.00,,
     0.943386109,9716204,,instructions:u,1148704,100.00,,
     0.944535669,341,,branch-misses:u,1149376,100.00,,
     0.944535669,36,,cache-misses:u,1149280,100.00,,
     0.944535669,1526973,,bus-cycles:u,1149376,100.00,,
     0.944535669,9757480,,instructions:u,1149376,100.00,,
     0.945684174,343,,branch-misses:u,1148576,100.00,,
     0.945684174,29,,cache-misses:u,1148672,100.00,,
     0.945684174,1525967,,bus-cycles:u,1148640,100.00,,
     0.945684174,9765947,,instructions:u,1148544,100.00,,
     0.946832679,343,,branch-misses:u,1148640,100.00,,
     0.946832679,30,,cache-misses:u,1148576,100.00,,
     0.946832679,1527002,,bus-cycles:u,1148512,100.00,,
     0.946832679,9764871,,instructions:u,1148576,100.00,,
     0.947992542,344,,branch-misses:u,1160416,100.00,,
     0.947992542,81,,cache-misses:u,1160448,100.00,,
     0.947992542,1538442,,bus-cycles:u,1160448,100.00,,
     0.947992542,9810141,,instructions:u,1160416,100.00,,
     0.949141623,341,,branch-misses:u,1148800,100.00,,
     0.949141623,33,,cache-misses:u,1148736,100.00,,
     0.949141623,1527783,,bus-cycles:u,1148736,100.00,,
     0.949141623,9736713,,instructions:u,1148704,100.00,,
     0.950289840,342,,branch-misses:u,1148320,100.00,,
     0.950289840,32,,cache-misses:u,1148384,100.00,,
     0.950289840,1526867,,bus-cycles:u,1148416,100.00,,
     0.950289840,9757266,,instructions:u,1148448,100.00,,
     0.951439049,342,,branch-misses:u,1149632,100.00,,
     0.951439049,93,,cache-misses:u,1149696,100.00,,
     0.951439049,1523926,,bus-cycles:u,1149632,100.00,,
     0.951439049,9741813,,instructions:u,1149600,100.00,,
     0.952588769,342,,branch-misses:u,1149632,100.00,,
     0.952588769,29,,cache-misses:u,1149568,100.00,,
     0.952588769,1528673,,bus-cycles:u,1149600,100.00,,
     0.952588769,9760362,,instructions:u,1149568,100.00,,
     0.953737306,344,,branch-misses:u,1148672,100.00,,
     0.953737306,44,,cache-misses:u,1148704,100.00,,
     0.953737306,1527880,,bus-cycles:u,1148672,100.00,,
     0.953737306,9780751,,instructions:u,1148736,100.00,,
     0.954885779,342,,branch-misses:u,1148864,100.00,,
     0.954885779,52,,cache-misses:u,1148768,100.00,,
     0.954885779,1522891,,bus-cycles:u,1148800,100.00,,
     0.954885779,9753561,,instructions:u,1148736,100.00,,
     0.956045098,346,,branch-misses:u,1159296,100.00,,
     0.956045098,67,,cache-misses:u,1159488,100.00,,
     0.956045098,1540737,,bus-cycles:u,1159584,100.00,,
     0.956045098,9860990,,instructions:u,1159680,100.00,,
     0.957194403,342,,branch-misses:u,1149408,100.00,,
     0.957194403,35,,cache-misses:u,1149312,100.00,,
     0.957194403,1527676,,bus-cycles:u,1149152,100.00,,
     0.957194403,9778714,,instructions:u,1149120,100.00,,
     0.958343196,344,,branch-misses:u,1148832,100.00,,
     0.958343196,30,,cache-misses:u,1148832,100.00,,
     0.958343196,1527285,,bus-cycles:u,1148896,100.00,,
     0.958343196,9777335,,instructions:u,1148864,100.00,,
     0.959492468,342,,branch-misses:u,1149760,100.00,,
     0.959492468,94,,cache-misses:u,1149792,100.00,,
     0.959492468,1523969,,bus-cycles:u,1149856,100.00,,
     0.959492468,9739394,,instructions:u,1149920,100.00,,
     0.960642861,343,,branch-misses:u,1150208,100.00,,
     0.960642861,31,,cache-misses:u,1150080,100.00,,
     0.960642861,1529457,,bus-cycles:u,1150080,100.00,,
     0.960642861,9782071,,instructions:u,1150112,100.00,,
     0.961792294,341,,branch-misses:u,1149536,100.00,,
     0.961792294,30,,cache-misses:u,1149600,100.00,,
     0.961792294,1528368,,bus-cycles:u,1149536,100.00,,
     0.961792294,9746744,,instructions:u,1149472,100.00,,
     0.962941406,342,,branch-misses:u,1149408,100.00,,
     0.962941406,72,,cache-misses:u,1149408,100.00,,
     0.962941406,1523913,,bus-cycles:u,1149376,100.00,,
     0.962941406,9724496,,instructions:u,1149280,100.00,,
     0.964090967,343,,branch-misses:u,1149568,100.00,,
     0.964090967,53,,cache-misses:u,1149536,100.00,,
     0.964090967,1528004,,bus-cycles:u,1149568,100.00,,
     0.964090967,9769355,,instructions:u,1149632,100.00,,
     0.965239280,341,,branch-misses:u,1148480,100.00,,
     0.965239280,37,,cache-misses:u,1148512,100.00,,
     0.965239280,1526964,,bus-cycles:u,1148480,100.00,,
     0.965239280,9776223,,instructions:u,1148480,100.00,,
     0.966388329,343,,branch-misses:u,1149152,100.00,,
     0.966388329,32,,cache-misses:u,1149088,100.00,,
     0.966388329,1527589,,bus-cycles:u,1149056,100.00,,
     0.966388329,9778159,,instructions:u,1149088,100.00,,
     0.967537089,342,,branch-misses:u,1149184,100.00,,
     0.967537089,109,,cache-misses:u,1149280,100.00,,
     0.967537089,1523422,,bus-cycles:u,1149312,100.00,,
     0.967537089,9738527,,instructions:u,1149248,100.00,,
     0.968686586,343,,branch-misses:u,1149344,100.00,,
     0.968686586,33,,cache-misses:u,1149280,100.00,,
     0.968686586,1528369,,bus-cycles:u,1149312,100.00,,
     0.968686586,9780258,,instructions:u,1149344,100.00,,
     0.969835411,342,,branch-misses:u,1148864,100.00,,
     0.969835411,37,,cache-misses:u,1148864,100.00,,
     0.969835411,1527706,,bus-cycles:u,1148928,100.00,,
     0.969835411,9765488,,instructions:u,1148960,100.00,,
     0.970985323,343,,branch-misses:u,1150496,100.00,,
     0.970985323,75,,cache-misses:u,1150592,100.00,,
     0.970985323,1525071,,bus-cycles:u,1150496,100.00,,
     0.970985323,9744847,,instructions:u,1150464,100.00,,
     0.972134852,343,,branch-misses:u,1149344,100.00,,
     0.972134852,59,,cache-misses:u,1149280,100.00,,
     0.972134852,1528794,,bus-cycles:u,1149312,100.00,,
     0.972134852,9783045,,instructions:u,1149312,100.00,,
     0.973283197,341,,branch-misses:u,1148416,100.00,,
     0.973283197,32,,cache-misses:u,1148416,100.00,,
     0.973283197,1526378,,bus-cycles:u,1148416,100.00,,
     0.973283197,9765738,,instructions:u,1148480,100.00,,
     0.974432342,342,,branch-misses:u,1149280,100.00,,
     0.974432342,36,,cache-misses:u,1149248,100.00,,
     0.974432342,1528214,,bus-cycles:u,1149248,100.00,,
     0.974432342,9780630,,instructions:u,1149184,100.00,,
     0.975581390,344,,branch-misses:u,1149248,100.00,,
     0.975581390,98,,cache-misses:u,1149408,100.00,,
     0.975581390,1524616,,bus-cycles:u,1149376,100.00,,
     0.975581390,9741875,,instructions:u,1149376,100.00,,
     0.976730695,343,,branch-misses:u,1149440,100.00,,
     0.976730695,32,,cache-misses:u,1149248,100.00,,
     0.976730695,1528062,,bus-cycles:u,1149280,100.00,,
     0.976730695,9787683,,instructions:u,1149280,100.00,,
     0.977904445,349,,branch-misses:u,1174112,100.00,,
     0.977904445,32,,cache-misses:u,1174656,100.00,,
     0.977904445,1561816,,bus-cycles:u,1174688,100.00,,
     0.977904445,9984303,,instructions:u,1174752,100.00,,
     0.979056213,343,,branch-misses:u,1152064,100.00,,
     0.979056213,98,,cache-misses:u,1151616,100.00,,
     0.979056213,1525399,,bus-cycles:u,1151520,100.00,,
     0.979056213,9749883,,instructions:u,1151520,100.00,,
     0.980208462,342,,branch-misses:u,1152160,100.00,,
     0.980208462,35,,cache-misses:u,1152320,100.00,,
     0.980208462,1531592,,bus-cycles:u,1152384,100.00,,
     0.980208462,9779211,,instructions:u,1152288,100.00,,
     0.981358278,344,,branch-misses:u,1149696,100.00,,
     0.981358278,37,,cache-misses:u,1149472,100.00,,
     0.981358278,1529095,,bus-cycles:u,1149504,100.00,,
     0.981358278,9779982,,instructions:u,1149536,100.00,,
     0.982506015,342,,branch-misses:u,1148032,100.00,,
     0.982506015,30,,cache-misses:u,1148032,100.00,,
     0.982506015,1527362,,bus-cycles:u,1148032,100.00,,
     0.982506015,9758936,,instructions:u,1148032,100.00,,
     0.983655768,342,,branch-misses:u,1150176,100.00,,
     0.983655768,104,,cache-misses:u,1150240,100.00,,
     0.983655768,1525025,,bus-cycles:u,1150208,100.00,,
     0.983655768,9734029,,instructions:u,1150208,100.00,,
     0.984806352,342,,branch-misses:u,1150208,100.00,,
     0.984806352,46,,cache-misses:u,1150240,100.00,,
     0.984806352,1529278,,bus-cycles:u,1150208,100.00,,
     0.984806352,9785769,,instructions:u,1150208,100.00,,
     0.985954793,344,,branch-misses:u,1148640,100.00,,
     0.985954793,30,,cache-misses:u,1148576,100.00,,
     0.985954793,1527254,,bus-cycles:u,1148576,100.00,,
     0.985954793,9783723,,instructions:u,1148608,100.00,,
     0.987103778,342,,branch-misses:u,1149504,100.00,,
     0.987103778,124,,cache-misses:u,1149504,100.00,,
     0.987103778,1521717,,bus-cycles:u,1149600,100.00,,
     0.987103778,9729140,,instructions:u,1149568,100.00,,
     0.988255578,343,,branch-misses:u,1151744,100.00,,
     0.988255578,34,,cache-misses:u,1151712,100.00,,
     0.988255578,1532197,,bus-cycles:u,1151616,100.00,,
     0.988255578,9802732,,instructions:u,1151616,100.00,,
     0.989404147,342,,branch-misses:u,1148576,100.00,,
     0.989404147,30,,cache-misses:u,1148608,100.00,,
     0.989404147,1528136,,bus-cycles:u,1148672,100.00,,
     0.989404147,9767685,,instructions:u,1148640,100.00,,
     0.990552844,342,,branch-misses:u,1148864,100.00,,
     0.990552844,30,,cache-misses:u,1148864,100.00,,
     0.990552844,1527540,,bus-cycles:u,1148864,100.00,,
     0.990552844,9741072,,instructions:u,1148960,100.00,,
     0.991702213,343,,branch-misses:u,1149952,100.00,,
     0.991702213,104,,cache-misses:u,1149984,100.00,,
     0.991702213,1523419,,bus-cycles:u,1149920,100.00,,
     0.991702213,9745845,,instructions:u,1149856,100.00,,
     0.992851741,343,,branch-misses:u,1149024,100.00,,
     0.992851741,33,,cache-misses:u,1148960,100.00,,
     0.992851741,1528557,,bus-cycles:u,1148960,100.00,,
     0.992851741,9780232,,instructions:u,1148992,100.00,,
     0.994000086,342,,branch-misses:u,1148576,100.00,,
     0.994000086,31,,cache-misses:u,1148672,100.00,,
     0.994000086,1528578,,bus-cycles:u,1148704,100.00,,
     0.994000086,9776309,,instructions:u,1148736,100.00,,
     0.995149167,343,,branch-misses:u,1149568,100.00,,
     0.995149167,106,,cache-misses:u,1149536,100.00,,
     0.995149167,1524660,,bus-cycles:u,1149504,100.00,,
     0.995149167,9748393,,instructions:u,1149440,100.00,,
     0.996298120,343,,branch-misses:u,1148800,100.00,,
     0.996298120,33,,cache-misses:u,1148768,100.00,,
     0.996298120,1528667,,bus-cycles:u,1148736,100.00,,
     0.996298120,9782953,,instructions:u,1148800,100.00,,
     0.997446880,344,,branch-misses:u,1148864,100.00,,
     0.997446880,29,,cache-misses:u,1148832,100.00,,
     0.997446880,1529452,,bus-cycles:u,1148864,100.00,,
     0.997446880,9783730,,instructions:u,1148800,100.00,,
     0.998612503,348,,branch-misses:u,1165952,100.00,,
     0.998612503,35,,cache-misses:u,1166144,100.00,,
     0.998612503,1552100,,bus-cycles:u,1166240,100.00,,
     0.998612503,9942551,,instructions:u,1166272,100.00,,
     0.999763504,343,,branch-misses:u,1151424,100.00,,
     0.999763504,102,,cache-misses:u,1151360,100.00,,
     0.999763504,1526043,,bus-cycles:u,1151328,100.00,,
     0.999763504,9749891,,instructions:u,1151328,100.00,,
     1.000913832,342,,branch-misses:u,1150048,100.00,,
     1.000913832,36,,cache-misses:u,1150080,100.00,,
     1.000913832,1529143,,bus-cycles:u,1150048,100.00,,
     1.000913832,9785479,,instructions:u,1150048,100.00,,
     1.002063425,343,,branch-misses:u,1149760,100.00,,
     1.002063425,29,,cache-misses:u,1149632,100.00,,
     1.002063425,1529317,,bus-cycles:u,1149600,100.00,,
     1.002063425,9776721,,instructions:u,1149600,100.00,,
     1.003213306,343,,branch-misses:u,1150112,100.00,,
     1.003213306,111,,cache-misses:u,1150240,100.00,,
     1.003213306,1524024,,bus-cycles:u,1150240,100.00,,
     1.003213306,9747369,,instructions:u,1150208,100.00,,
     1.004362930,342,,branch-misses:u,1149600,100.00,,
     1.004362930,32,,cache-misses:u,1149408,100.00,,
     1.004362930,1529005,,bus-cycles:u,1149440,100.00,,
     1.004362930,9788228,,instructions:u,1149600,100.00,,
     1.005511211,344,,branch-misses:u,1148544,100.00,,
     1.005511211,39,,cache-misses:u,1148576,100.00,,
     1.005511211,1527931,,bus-cycles:u,1148576,100.00,,
     1.005511211,9765332,,instructions:u,1148416,100.00,,
     1.006659492,343,,branch-misses:u,1148192,100.00,,
     1.006659492,32,,cache-misses:u,1148224,100.00,,
     1.006659492,1527215,,bus-cycles:u,1148224,100.00,,
     1.006659492,9775950,,instructions:u,1148256,100.00,,
     1.007807997,341,,branch-misses:u,1148800,100.00,,
     1.007807997,95,,cache-misses:u,1148800,100.00,,
     1.007807997,1522905,,bus-cycles:u,1148800,100.00,,
     1.007807997,9724550,,instructions:u,1148800,100.00,,
     1.008957877,344,,branch-misses:u,1149984,100.00,,
     1.008957877,32,,cache-misses:u,1150016,100.00,,
     1.008957877,1528786,,bus-cycles:u,1150016,100.00,,
     1.008957877,9782960,,instructions:u,1149984,100.00,,
     1.010106062,342,,branch-misses:u,1148256,100.00,,
     1.010106062,35,,cache-misses:u,1148224,100.00,,
     1.010106062,1527761,,bus-cycles:u,1148288,100.00,,
     1.010106062,9770638,,instructions:u,1148352,100.00,,
     1.011254311,341,,branch-misses:u,1148640,100.00,,
     1.011254311,93,,cache-misses:u,1148672,100.00,,
     1.011254311,1522907,,bus-cycles:u,1148672,100.00,,
     1.011254311,9699204,,instructions:u,1148672,100.00,,
     1.012404064,344,,branch-misses:u,1149664,100.00,,
     1.012404064,43,,cache-misses:u,1149760,100.00,,
     1.012404064,1529120,,bus-cycles:u,1149696,100.00,,
     1.012404064,9782712,,instructions:u,1149696,100.00,,
     1.013553336,341,,branch-misses:u,1149504,100.00,,
     1.013553336,34,,cache-misses:u,1149312,100.00,,
     1.013553336,1527789,,bus-cycles:u,1149312,100.00,,
     1.013553336,9782310,,instructions:u,1149280,100.00,,
     1.014700913,343,,branch-misses:u,1147648,100.00,,
     1.014700913,33,,cache-misses:u,1147648,100.00,,
     1.014700913,1526110,,bus-cycles:u,1147680,100.00,,
     1.014700913,9766330,,instructions:u,1147680,100.00,,
     1.015850410,341,,branch-misses:u,1149984,100.00,,
     1.015850410,91,,cache-misses:u,1150016,100.00,,
     1.015850410,1524130,,bus-cycles:u,1150016,100.00,,
     1.015850410,9720305,,instructions:u,1149984,100.00,,
     1.017000642,343,,branch-misses:u,1150080,100.00,,
     1.017000642,41,,cache-misses:u,1150080,100.00,,
     1.017000642,1527193,,bus-cycles:u,1150080,100.00,,
     1.017000642,9753722,,instructions:u,1150080,100.00,,
     1.018149051,342,,branch-misses:u,1148512,100.00,,
     1.018149051,42,,cache-misses:u,1148576,100.00,,
     1.018149051,1527256,,bus-cycles:u,1148608,100.00,,
     1.018149051,9785113,,instructions:u,1148672,100.00,,
     1.019308115,346,,branch-misses:u,1159680,100.00,,
     1.019308115,103,,cache-misses:u,1159872,100.00,,
     1.019308115,1536534,,bus-cycles:u,1159872,100.00,,
     1.019308115,9808791,,instructions:u,1159872,100.00,,
     1.020459563,343,,branch-misses:u,1151072,100.00,,
     1.020459563,32,,cache-misses:u,1150912,100.00,,
     1.020459563,1529245,,bus-cycles:u,1150880,100.00,,
     1.020459563,9784596,,instructions:u,1150848,100.00,,
     1.021608900,342,,branch-misses:u,1149536,100.00,,
     1.021608900,36,,cache-misses:u,1149568,100.00,,
     1.021608900,1527355,,bus-cycles:u,1149568,100.00,,
     1.021608900,9760694,,instructions:u,1149632,100.00,,
     1.022758749,343,,branch-misses:u,1150016,100.00,,
     1.022758749,35,,cache-misses:u,1149952,100.00,,
     1.022758749,1528142,,bus-cycles:u,1149920,100.00,,
     1.022758749,9767418,,instructions:u,1149792,100.00,,
     1.023908053,342,,branch-misses:u,1149568,100.00,,
     1.023908053,90,,cache-misses:u,1149696,100.00,,
     1.023908053,1522954,,bus-cycles:u,1149728,100.00,,
     1.023908053,9736371,,instructions:u,1149824,100.00,,
     1.025058318,344,,branch-misses:u,1150112,100.00,,
     1.025058318,32,,cache-misses:u,1149920,100.00,,
     1.025058318,1528606,,bus-cycles:u,1149888,100.00,,
     1.025058318,9791855,,instructions:u,1149792,100.00,,
     1.026207399,343,,branch-misses:u,1149312,100.00,,
     1.026207399,38,,cache-misses:u,1149248,100.00,,
     1.026207399,1528921,,bus-cycles:u,1149248,100.00,,
     1.026207399,9787494,,instructions:u,1149280,100.00,,
     1.027357215,342,,branch-misses:u,1150336,100.00,,
     1.027357215,99,,cache-misses:u,1150464,100.00,,
     1.027357215,1525843,,bus-cycles:u,1150496,100.00,,
     1.027357215,9754288,,instructions:u,1150432,100.00,,
     1.028506840,343,,branch-misses:u,1149280,100.00,,
     1.028506840,35,,cache-misses:u,1149184,100.00,,
     1.028506840,1528798,,bus-cycles:u,1149152,100.00,,
     1.028506840,9781610,,instructions:u,1149216,100.00,,
     1.029654897,342,,branch-misses:u,1148224,100.00,,
     1.029654897,35,,cache-misses:u,1148224,100.00,,
     1.029654897,1526795,,bus-cycles:u,1148224,100.00,,
     1.029654897,9771206,,instructions:u,1148288,100.00,,
     1.030803593,344,,branch-misses:u,1148768,100.00,,
     1.030803593,37,,cache-misses:u,1148832,100.00,,
     1.030803593,1527081,,bus-cycles:u,1148800,100.00,,
     1.030803593,9781256,,instructions:u,1148704,100.00,,
     1.031965601,346,,branch-misses:u,1162272,100.00,,
     1.031965601,74,,cache-misses:u,1162272,100.00,,
     1.031965601,1540758,,bus-cycles:u,1162304,100.00,,
     1.031965601,9846020,,instructions:u,1162400,100.00,,
     1.033114521,342,,branch-misses:u,1149088,100.00,,
     1.033114521,34,,cache-misses:u,1149024,100.00,,
     1.033114521,1528108,,bus-cycles:u,1149024,100.00,,
     1.033114521,9760196,,instructions:u,1148992,100.00,,
     1.034263634,343,,branch-misses:u,1149152,100.00,,
     1.034263634,28,,cache-misses:u,1149216,100.00,,
     1.034263634,1527889,,bus-cycles:u,1149216,100.00,,
     1.034263634,9797151,,instructions:u,1149184,100.00,,
     1.035413035,342,,branch-misses:u,1149792,100.00,,
     1.035413035,109,,cache-misses:u,1149920,100.00,,
     1.035413035,1524042,,bus-cycles:u,1149952,100.00,,
     1.035413035,9746213,,instructions:u,1150016,100.00,,
     1.036563235,345,,branch-misses:u,1150080,100.00,,
     1.036563235,31,,cache-misses:u,1150112,100.00,,
     1.036563235,1529114,,bus-cycles:u,1150112,100.00,,
     1.036563235,9786908,,instructions:u,1150080,100.00,,
     1.037712572,343,,branch-misses:u,1149536,100.00,,
     1.037712572,34,,cache-misses:u,1149312,100.00,,
     1.037712572,1528372,,bus-cycles:u,1149312,100.00,,
     1.037712572,9762739,,instructions:u,1149280,100.00,,
     1.038863413,342,,branch-misses:u,1151200,100.00,,
     1.038863413,45,,cache-misses:u,1151328,100.00,,
     1.038863413,1526189,,bus-cycles:u,1151360,100.00,,
     1.038863413,9748557,,instructions:u,1151392,100.00,,
     1.040013869,343,,branch-misses:u,1150272,100.00,,
     1.040013869,81,,cache-misses:u,1150304,100.00,,
     1.040013869,1528831,,bus-cycles:u,1150304,100.00,,
     1.040013869,9774505,,instructions:u,1150368,100.00,,
     1.041173925,346,,branch-misses:u,1160416,100.00,,
     1.041173925,28,,cache-misses:u,1160512,100.00,,
     1.041173925,1544184,,bus-cycles:u,1160480,100.00,,
     1.041173925,9868900,,instructions:u,1160384,100.00,,
     1.042324061,343,,branch-misses:u,1150048,100.00,,
     1.042324061,30,,cache-misses:u,1149888,100.00,,
     1.042324061,1529625,,bus-cycles:u,1149888,100.00,,
     1.042324061,9791413,,instructions:u,1150016,100.00,,
     1.043473910,341,,branch-misses:u,1150336,100.00,,
     1.043473910,100,,cache-misses:u,1150368,100.00,,
     1.043473910,1523975,,bus-cycles:u,1150336,100.00,,
     1.043473910,9727951,,instructions:u,1150304,100.00,,
     1.044624014,343,,branch-misses:u,1149920,100.00,,
     1.044624014,34,,cache-misses:u,1149824,100.00,,
     1.044624014,1530133,,bus-cycles:u,1149856,100.00,,
     1.044624014,9784026,,instructions:u,1149824,100.00,,
     1.045772711,341,,branch-misses:u,1148832,100.00,,
     1.045772711,36,,cache-misses:u,1149216,100.00,,
     1.045772711,1528612,,bus-cycles:u,1149184,100.00,,
     1.045772711,9784645,,instructions:u,1149152,100.00,,
     1.046922624,344,,branch-misses:u,1150368,100.00,,
     1.046922624,57,,cache-misses:u,1150112,100.00,,
     1.046922624,1522533,,bus-cycles:u,1150112,100.00,,
     1.046922624,9741654,,instructions:u,1150112,100.00,,
     1.048072824,342,,branch-misses:u,1150176,100.00,,
     1.048072824,64,,cache-misses:u,1150112,100.00,,
     1.048072824,1528293,,bus-cycles:u,1150176,100.00,,
     1.048072824,9766690,,instructions:u,1150208,100.00,,
     1.049221873,342,,branch-misses:u,1148960,100.00,,
     1.049221873,29,,cache-misses:u,1148992,100.00,,
     1.049221873,1527190,,bus-cycles:u,1148928,100.00,,
     1.049221873,9757227,,instructions:u,1148960,100.00,,
     1.050370954,342,,branch-misses:u,1149184,100.00,,
     1.050370954,31,,cache-misses:u,1149120,100.00,,
     1.050370954,1527785,,bus-cycles:u,1149120,100.00,,
     1.050370954,9783614,,instructions:u,1149056,100.00,,
     1.051520355,343,,branch-misses:u,1149920,100.00,,
     1.051520355,94,,cache-misses:u,1150016,100.00,,
     1.051520355,1524835,,bus-cycles:u,1150048,100.00,,
     1.051520355,9740239,,instructions:u,1150080,100.00,,
     1.052670491,343,,branch-misses:u,1150080,100.00,,
     1.052670491,36,,cache-misses:u,1150080,100.00,,
     1.052670491,1528560,,bus-cycles:u,1150048,100.00,,
     1.052670491,9762471,,instructions:u,1149952,100.00,,
     1.053819156,341,,branch-misses:u,1148704,100.00,,
     1.053819156,35,,cache-misses:u,1148672,100.00,,
     1.053819156,1527228,,bus-cycles:u,1148704,100.00,,
     1.053819156,9758892,,instructions:u,1148800,100.00,,
     1.054968045,341,,branch-misses:u,1148992,100.00,,
     1.054968045,65,,cache-misses:u,1149056,100.00,,
     1.054968045,1522980,,bus-cycles:u,1149088,100.00,,
     1.054968045,9704079,,instructions:u,1149088,100.00,,
     1.056118405,342,,branch-misses:u,1150624,100.00,,
     1.056118405,48,,cache-misses:u,1150656,100.00,,
     1.056118405,1528692,,bus-cycles:u,1150624,100.00,,
     1.056118405,9746747,,instructions:u,1150656,100.00,,
     1.057267358,342,,branch-misses:u,1149088,100.00,,
     1.057267358,31,,cache-misses:u,1148864,100.00,,
     1.057267358,1527626,,bus-cycles:u,1148832,100.00,,
     1.057267358,9772003,,instructions:u,1148736,100.00,,
     1.058416215,343,,branch-misses:u,1148928,100.00,,
     1.058416215,31,,cache-misses:u,1148960,100.00,,
     1.058416215,1527190,,bus-cycles:u,1148992,100.00,,
     1.058416215,9771774,,instructions:u,1149024,100.00,,
     1.059566319,343,,branch-misses:u,1150496,100.00,,
     1.059566319,101,,cache-misses:u,1150560,100.00,,
     1.059566319,1523689,,bus-cycles:u,1150560,100.00,,
     1.059566319,9747522,,instructions:u,1150624,100.00,,
     1.060716968,341,,branch-misses:u,1150496,100.00,,
     1.060716968,33,,cache-misses:u,1150496,100.00,,
     1.060716968,1528429,,bus-cycles:u,1150560,100.00,,
     1.060716968,9768399,,instructions:u,1150560,100.00,,
     1.061877407,346,,branch-misses:u,1160608,100.00,,
     1.061877407,31,,cache-misses:u,1160864,100.00,,
     1.061877407,1542324,,bus-cycles:u,1160832,100.00,,
     1.061877407,9867680,,instructions:u,1160768,100.00,,
     1.063027928,342,,branch-misses:u,1150976,100.00,,
     1.063027928,93,,cache-misses:u,1150752,100.00,,
     1.063027928,1524628,,bus-cycles:u,1150720,100.00,,
     1.063027928,9734295,,instructions:u,1150720,100.00,,
     1.064177393,343,,branch-misses:u,1149248,100.00,,
     1.064177393,43,,cache-misses:u,1149248,100.00,,
     1.064177393,1527734,,bus-cycles:u,1149216,100.00,,
     1.064177393,9776435,,instructions:u,1149280,100.00,,
     1.065326473,342,,branch-misses:u,1149120,100.00,,
     1.065326473,31,,cache-misses:u,1149088,100.00,,
     1.065326473,1526932,,bus-cycles:u,1149056,100.00,,
     1.065326473,9767719,,instructions:u,1148960,100.00,,
     1.066475234,342,,branch-misses:u,1148928,100.00,,
     1.066475234,32,,cache-misses:u,1148928,100.00,,
     1.066475234,1527279,,bus-cycles:u,1148960,100.00,,
     1.066475234,9764796,,instructions:u,1148960,100.00,,
     1.067625531,343,,branch-misses:u,1150848,100.00,,
     1.067625531,103,,cache-misses:u,1150880,100.00,,
     1.067625531,1524437,,bus-cycles:u,1150880,100.00,,
     1.067625531,9755637,,instructions:u,1151008,100.00,,
     1.068774259,342,,branch-misses:u,1148544,100.00,,
     1.068774259,35,,cache-misses:u,1148640,100.00,,
     1.068774259,1525550,,bus-cycles:u,1148640,100.00,,
     1.068774259,9748578,,instructions:u,1148512,100.00,,
     1.069934699,345,,branch-misses:u,1163136,100.00,,
     1.069934699,45,,cache-misses:u,1164992,100.00,,
     1.069934699,1546870,,bus-cycles:u,1166016,100.00,,
     1.069934699,9876060,,instructions:u,1167168,100.00,,
     1.071127998,355,,branch-misses:u,1192032,100.00,,
     1.071127998,103,,cache-misses:u,1190784,100.00,,
     1.071127998,1576476,,bus-cycles:u,1190112,100.00,,
     1.071127998,10074634,,instructions:u,1189312,100.00,,
     1.072285686,344,,branch-misses:u,1157312,100.00,,
     1.072285686,35,,cache-misses:u,1157152,100.00,,
     1.072285686,1536748,,bus-cycles:u,1156896,100.00,,
     1.072285686,9824379,,instructions:u,1156672,100.00,,
     1.073438318,344,,branch-misses:u,1152192,100.00,,
     1.073438318,32,,cache-misses:u,1151616,100.00,,
     1.073438318,1529255,,bus-cycles:u,1151488,100.00,,
     1.073438318,9782528,,instructions:u,1151456,100.00,,
     1.074587367,342,,branch-misses:u,1149120,100.00,,
     1.074587367,34,,cache-misses:u,1149152,100.00,,
     1.074587367,1526943,,bus-cycles:u,1149152,100.00,,
     1.074587367,9755431,,instructions:u,1149088,100.00,,
     1.075737600,341,,branch-misses:u,1150688,100.00,,
     1.075737600,103,,cache-misses:u,1150752,100.00,,
     1.075737600,1522206,,bus-cycles:u,1150784,100.00,,
     1.075737600,9729447,,instructions:u,1150816,100.00,,
     1.076886808,342,,branch-misses:u,1148992,100.00,,
     1.076886808,33,,cache-misses:u,1148992,100.00,,
     1.076886808,1526419,,bus-cycles:u,1148992,100.00,,
     1.076886808,9764042,,instructions:u,1148960,100.00,,
     1.078035249,342,,branch-misses:u,1148736,100.00,,
     1.078035249,34,,cache-misses:u,1148672,100.00,,
     1.078035249,1526103,,bus-cycles:u,1148672,100.00,,
     1.078035249,9765023,,instructions:u,1148704,100.00,,
     1.079184618,343,,branch-misses:u,1149920,100.00,,
     1.079184618,108,,cache-misses:u,1150208,100.00,,
     1.079184618,1522175,,bus-cycles:u,1150208,100.00,,
     1.079184618,9739140,,instructions:u,1150176,100.00,,
     1.080336002,343,,branch-misses:u,1150880,100.00,,
     1.080336002,35,,cache-misses:u,1150560,100.00,,
     1.080336002,1529307,,bus-cycles:u,1150560,100.00,,
     1.080336002,9766324,,instructions:u,1150528,100.00,,
     1.081484187,341,,branch-misses:u,1148384,100.00,,
     1.081484187,34,,cache-misses:u,1148384,100.00,,
     1.081484187,1526464,,bus-cycles:u,1148352,100.00,,
     1.081484187,9750693,,instructions:u,1148384,100.00,,
     1.082633332,342,,branch-misses:u,1149216,100.00,,
     1.082633332,38,,cache-misses:u,1149216,100.00,,
     1.082633332,1526985,,bus-cycles:u,1149280,100.00,,
     1.082633332,9758546,,instructions:u,1149312,100.00,,
     1.083798507,347,,branch-misses:u,1165984,100.00,,
     1.083798507,103,,cache-misses:u,1166336,100.00,,
     1.083798507,1544634,,bus-cycles:u,1166368,100.00,,
     1.083798507,9867155,,instructions:u,1166336,100.00,,
     1.084950243,343,,branch-misses:u,1151392,100.00,,
     1.084950243,32,,cache-misses:u,1151136,100.00,,
     1.084950243,1529965,,bus-cycles:u,1151136,100.00,,
     1.084950243,9772484,,instructions:u,1151136,100.00,,
     1.086098908,342,,branch-misses:u,1148704,100.00,,
     1.086098908,36,,cache-misses:u,1148768,100.00,,
     1.086098908,1526353,,bus-cycles:u,1148672,100.00,,
     1.086098908,9772804,,instructions:u,1148672,100.00,,
     1.087247029,342,,branch-misses:u,1148576,100.00,,
     1.087247029,103,,cache-misses:u,1148544,100.00,,
     1.087247029,1520962,,bus-cycles:u,1148544,100.00,,
     1.087247029,9712851,,instructions:u,1148576,100.00,,
     1.088396557,341,,branch-misses:u,1149344,100.00,,
     1.088396557,38,,cache-misses:u,1149184,100.00,,
     1.088396557,1526916,,bus-cycles:u,1149184,100.00,,
     1.088396557,9756074,,instructions:u,1149120,100.00,,
     1.089544422,342,,branch-misses:u,1147904,100.00,,
     1.089544422,29,,cache-misses:u,1147968,100.00,,
     1.089544422,1524890,,bus-cycles:u,1148000,100.00,,
     1.089544422,9752722,,instructions:u,1148000,100.00,,
     1.090691391,342,,branch-misses:u,1147104,100.00,,
     1.090691391,34,,cache-misses:u,1147072,100.00,,
     1.090691391,1523746,,bus-cycles:u,1147072,100.00,,
     1.090691391,9730746,,instructions:u,1147072,100.00,,
     1.091840536,341,,branch-misses:u,1149600,100.00,,
     1.091840536,94,,cache-misses:u,1149760,100.00,,
     1.091840536,1522527,,bus-cycles:u,1149824,100.00,,
     1.091840536,9718959,,instructions:u,1149792,100.00,,
     1.092989777,342,,branch-misses:u,1149120,100.00,,
     1.092989777,32,,cache-misses:u,1149056,100.00,,
     1.092989777,1527421,,bus-cycles:u,1148960,100.00,,
     1.092989777,9760047,,instructions:u,1149024,100.00,,
     1.094137898,342,,branch-misses:u,1148000,100.00,,
     1.094137898,32,,cache-misses:u,1147936,100.00,,
     1.094137898,1525643,,bus-cycles:u,1147968,100.00,,
     1.094137898,9736883,,instructions:u,1147904,100.00,,
     1.095285826,341,,branch-misses:u,1148544,100.00,,
     1.095285826,96,,cache-misses:u,1148480,100.00,,
     1.095285826,1519618,,bus-cycles:u,1148480,100.00,,
     1.095285826,9698337,,instructions:u,1148512,100.00,,
     1.096435195,343,,branch-misses:u,1149376,100.00,,
     1.096435195,31,,cache-misses:u,1149408,100.00,,
     1.096435195,1526399,,bus-cycles:u,1149344,100.00,,
     1.096435195,9778556,,instructions:u,1149344,100.00,,
     1.097582868,285,,branch-misses:u,1147680,100.00,,
     1.097582868,32,,cache-misses:u,1147840,100.00,,
     1.097582868,1523984,,bus-cycles:u,1147840,100.00,,
     1.097582868,8098576,,instructions:u,1147776,100.00,,
     1.098731149,340,,branch-misses:u,1148512,100.00,,
     1.098731149,31,,cache-misses:u,1148352,100.00,,
     1.098731149,1524508,,bus-cycles:u,1148480,100.00,,
     1.098731149,9719423,,instructions:u,1148576,100.00,,
     1.099880326,342,,branch-misses:u,1149536,100.00,,
     1.099880326,100,,cache-misses:u,1149536,100.00,,
     1.099880326,1522149,,bus-cycles:u,1149504,100.00,,
     1.099880326,9727640,,instructions:u,1149472,100.00,,
     1.101029150,341,,branch-misses:u,1148544,100.00,,
     1.101029150,30,,cache-misses:u,1148512,100.00,,
     1.101029150,1526112,,bus-cycles:u,1148480,100.00,,
     1.101029150,9740262,,instructions:u,1148480,100.00,,
     1.102175895,343,,branch-misses:u,1146976,100.00,,
     1.102175895,32,,cache-misses:u,1147008,100.00,,
     1.102175895,1524727,,bus-cycles:u,1146944,100.00,,
     1.102175895,9757270,,instructions:u,1146944,100.00,,
     1.103324400,342,,branch-misses:u,1148896,100.00,,
     1.103324400,102,,cache-misses:u,1148832,100.00,,
     1.103324400,1521402,,bus-cycles:u,1148928,100.00,,
     1.103324400,9729787,,instructions:u,1148864,100.00,,
     1.104484967,345,,branch-misses:u,1160704,100.00,,
     1.104484967,38,,cache-misses:u,1161056,100.00,,
     1.104484967,1542065,,bus-cycles:u,1161248,100.00,,
     1.104484967,9870325,,instructions:u,1161440,100.00,,
     1.105637024,343,,branch-misses:u,1152000,100.00,,
     1.105637024,33,,cache-misses:u,1151872,100.00,,
     1.105637024,1530081,,bus-cycles:u,1151616,100.00,,
     1.105637024,9808144,,instructions:u,1151520,100.00,,
     1.106784441,342,,branch-misses:u,1147488,100.00,,
     1.106784441,30,,cache-misses:u,1147264,100.00,,
     1.106784441,1525142,,bus-cycles:u,1147360,100.00,,
     1.106784441,9756501,,instructions:u,1147392,100.00,,
     1.107946640,347,,branch-misses:u,1162848,100.00,,
     1.107946640,101,,cache-misses:u,1163008,100.00,,
     1.107946640,1540409,,bus-cycles:u,1162976,100.00,,
     1.107946640,9846452,,instructions:u,1162912,100.00,,
     1.109094217,342,,branch-misses:u,1147232,100.00,,
     1.109094217,38,,cache-misses:u,1147072,100.00,,
     1.109094217,1525426,,bus-cycles:u,1147008,100.00,,
     1.109094217,9748263,,instructions:u,1147072,100.00,,
     1.110240450,341,,branch-misses:u,1146368,100.00,,
     1.110240450,29,,cache-misses:u,1146496,100.00,,
     1.110240450,1523522,,bus-cycles:u,1146496,100.00,,
     1.110240450,9711492,,instructions:u,1146464,100.00,,
     1.111387003,340,,branch-misses:u,1146880,100.00,,
     1.111387003,131,,cache-misses:u,1146752,100.00,,
     1.111387003,1516317,,bus-cycles:u,1146816,100.00,,
     1.111387003,9671529,,instructions:u,1146752,100.00,,
     1.112534708,341,,branch-misses:u,1147616,100.00,,
     1.112534708,36,,cache-misses:u,1147648,100.00,,
     1.112534708,1525713,,bus-cycles:u,1147648,100.00,,
     1.112534708,9757246,,instructions:u,1147744,100.00,,
     1.113680429,342,,branch-misses:u,1145824,100.00,,
     1.113680429,36,,cache-misses:u,1145824,100.00,,
     1.113680429,1523153,,bus-cycles:u,1145824,100.00,,
     1.113680429,9732147,,instructions:u,1145792,100.00,,
     1.114826598,341,,branch-misses:u,1145952,100.00,,
     1.114826598,34,,cache-misses:u,1145920,100.00,,
     1.114826598,1523329,,bus-cycles:u,1145856,100.00,,
     1.114826598,9728761,,instructions:u,1145760,100.00,,
     1.115982142,344,,branch-misses:u,1156480,100.00,,
     1.115982142,82,,cache-misses:u,1156576,100.00,,
     1.115982142,1532500,,bus-cycles:u,1156576,100.00,,
     1.115982142,9785977,,instructions:u,1156672,100.00,,
     1.117129943,341,,branch-misses:u,1147456,100.00,,
     1.117129943,36,,cache-misses:u,1147392,100.00,,
     1.117129943,1525173,,bus-cycles:u,1147456,100.00,,
     1.117129943,9747834,,instructions:u,1147488,100.00,,
     1.118276720,342,,branch-misses:u,1146496,100.00,,
     1.118276720,31,,cache-misses:u,1146496,100.00,,
     1.118276720,1524127,,bus-cycles:u,1146464,100.00,,
     1.118276720,9749846,,instructions:u,1146400,100.00,,
     1.119424009,344,,branch-misses:u,1148128,100.00,,
     1.119424009,104,,cache-misses:u,1148160,100.00,,
     1.119424009,1521589,,bus-cycles:u,1148160,100.00,,
     1.119424009,9733533,,instructions:u,1148192,100.00,,
     1.120572066,342,,branch-misses:u,1147968,100.00,,
     1.120572066,33,,cache-misses:u,1147936,100.00,,
     1.120572066,1525487,,bus-cycles:u,1147872,100.00,,
     1.120572066,9767261,,instructions:u,1147904,100.00,,
     1.121718683,341,,branch-misses:u,1146720,100.00,,
     1.121718683,32,,cache-misses:u,1146656,100.00,,
     1.121718683,1523305,,bus-cycles:u,1146752,100.00,,
     1.121718683,9738346,,instructions:u,1146752,100.00,,
     1.122866612,341,,branch-misses:u,1148288,100.00,,
     1.122866612,55,,cache-misses:u,1148256,100.00,,
     1.122866612,1520460,,bus-cycles:u,1148288,100.00,,
     1.122866612,9710768,,instructions:u,1148352,100.00,,
     1.124015564,342,,branch-misses:u,1148864,100.00,,
     1.124015564,70,,cache-misses:u,1148960,100.00,,
     1.124015564,1526330,,bus-cycles:u,1148864,100.00,,
     1.124015564,9747767,,instructions:u,1148800,100.00,,
     1.125162373,340,,branch-misses:u,1146528,100.00,,
     1.125162373,34,,cache-misses:u,1146560,100.00,,
     1.125162373,1523166,,bus-cycles:u,1146592,100.00,,
     1.125162373,9719487,,instructions:u,1146592,100.00,,
     1.126319133,346,,branch-misses:u,1157504,100.00,,
     1.126319133,30,,cache-misses:u,1157696,100.00,,
     1.126319133,1538007,,bus-cycles:u,1157728,100.00,,
     1.126319133,9837488,,instructions:u,1157664,100.00,,
     1.127468406,341,,branch-misses:u,1149600,100.00,,
     1.127468406,112,,cache-misses:u,1149504,100.00,,
     1.127468406,1520638,,bus-cycles:u,1149504,100.00,,
     1.127468406,9723003,,instructions:u,1149568,100.00,,
     1.128617678,340,,branch-misses:u,1148992,100.00,,
     1.128617678,35,,cache-misses:u,1148832,100.00,,
     1.128617678,1526568,,bus-cycles:u,1148832,100.00,,
     1.128617678,9734535,,instructions:u,1148768,100.00,,
     1.129764296,342,,branch-misses:u,1146720,100.00,,
     1.129764296,31,,cache-misses:u,1146720,100.00,,
     1.129764296,1523354,,bus-cycles:u,1146688,100.00,,
     1.129764296,9739450,,instructions:u,1146752,100.00,,
     1.130911073,341,,branch-misses:u,1147328,100.00,,
     1.130911073,58,,cache-misses:u,1147392,100.00,,
     1.130911073,1519715,,bus-cycles:u,1147392,100.00,,
     1.130911073,9711808,,instructions:u,1147328,100.00,,
     1.132059769,342,,branch-misses:u,1148480,100.00,,
     1.132059769,65,,cache-misses:u,1148512,100.00,,
     1.132059769,1525952,,bus-cycles:u,1148416,100.00,,
     1.132059769,9751101,,instructions:u,1148416,100.00,,
     1.133206834,340,,branch-misses:u,1147296,100.00,,
     1.133206834,26,,cache-misses:u,1147328,100.00,,
     1.133206834,1523935,,bus-cycles:u,1147424,100.00,,
     1.133206834,9712764,,instructions:u,1147456,100.00,,
     1.134354123,341,,branch-misses:u,1147040,100.00,,
     1.134354123,34,,cache-misses:u,1146976,100.00,,
     1.134354123,1523847,,bus-cycles:u,1146944,100.00,,
     1.134354123,9737104,,instructions:u,1146912,100.00,,
     1.135501892,341,,branch-misses:u,1148448,100.00,,
     1.135501892,102,,cache-misses:u,1148384,100.00,,
     1.135501892,1521808,,bus-cycles:u,1148448,100.00,,
     1.135501892,9710246,,instructions:u,1148416,100.00,,
     1.136649789,342,,branch-misses:u,1147776,100.00,,
     1.136649789,35,,cache-misses:u,1147808,100.00,,
     1.136649789,1525401,,bus-cycles:u,1147808,100.00,,
     1.136649789,9761721,,instructions:u,1147872,100.00,,
     1.137797110,343,,branch-misses:u,1147520,100.00,,
     1.137797110,41,,cache-misses:u,1147584,100.00,,
     1.137797110,1525750,,bus-cycles:u,1147552,100.00,,
     1.137797110,9773245,,instructions:u,1147488,100.00,,
     1.138944911,342,,branch-misses:u,1148256,100.00,,
     1.138944911,65,,cache-misses:u,1148288,100.00,,
     1.138944911,1520670,,bus-cycles:u,1148256,100.00,,
     1.138944911,9726176,,instructions:u,1148320,100.00,,
     1.140092968,341,,branch-misses:u,1147840,100.00,,
     1.140092968,69,,cache-misses:u,1147648,100.00,,
     1.140092968,1524920,,bus-cycles:u,1147712,100.00,,
     1.140092968,9739743,,instructions:u,1147712,100.00,,
     1.141239521,341,,branch-misses:u,1146720,100.00,,
     1.141239521,33,,cache-misses:u,1146848,100.00,,
     1.141239521,1524023,,bus-cycles:u,1146816,100.00,,
     1.141239521,9736203,,instructions:u,1146784,100.00,,
     1.142386714,342,,branch-misses:u,1147296,100.00,,
     1.142386714,35,,cache-misses:u,1147232,100.00,,
     1.142386714,1524495,,bus-cycles:u,1147200,100.00,,
     1.142386714,9756914,,instructions:u,1147232,100.00,,
     1.143534066,342,,branch-misses:u,1147904,100.00,,
     1.143534066,105,,cache-misses:u,1147808,100.00,,
     1.143534066,1520829,,bus-cycles:u,1147840,100.00,,
     1.143534066,9700955,,instructions:u,1147808,100.00,,
     1.144682987,343,,branch-misses:u,1148640,100.00,,
     1.144682987,38,,cache-misses:u,1148832,100.00,,
     1.144682987,1527212,,bus-cycles:u,1148800,100.00,,
     1.144682987,9779498,,instructions:u,1148800,100.00,,
     1.145830244,341,,branch-misses:u,1147392,100.00,,
     1.145830244,34,,cache-misses:u,1147328,100.00,,
     1.145830244,1525136,,bus-cycles:u,1147296,100.00,,
     1.145830244,9744529,,instructions:u,1147328,100.00,,
     1.146988092,345,,branch-misses:u,1158368,100.00,,
     1.146988092,72,,cache-misses:u,1158432,100.00,,
     1.146988092,1534990,,bus-cycles:u,1158528,100.00,,
     1.146988092,9808843,,instructions:u,1158464,100.00,,
     1.148138228,343,,branch-misses:u,1149824,100.00,,
     1.148138228,54,,cache-misses:u,1149824,100.00,,
     1.148138228,1529061,,bus-cycles:u,1149760,100.00,,
     1.148138228,9790041,,instructions:u,1149792,100.00,,
     1.149285485,343,,branch-misses:u,1147456,100.00,,
     1.149285485,38,,cache-misses:u,1147392,100.00,,
     1.149285485,1524932,,bus-cycles:u,1147424,100.00,,
     1.149285485,9753788,,instructions:u,1147392,100.00,,
     1.150432742,342,,branch-misses:u,1147328,100.00,,
     1.150432742,37,,cache-misses:u,1147264,100.00,,
     1.150432742,1524406,,bus-cycles:u,1147200,100.00,,
     1.150432742,9743701,,instructions:u,1147264,100.00,,
     1.151580095,341,,branch-misses:u,1147872,100.00,,
     1.151580095,99,,cache-misses:u,1147840,100.00,,
     1.151580095,1520663,,bus-cycles:u,1147936,100.00,,
     1.151580095,9698895,,instructions:u,1147968,100.00,,
     1.152728376,342,,branch-misses:u,1148064,100.00,,
     1.152728376,35,,cache-misses:u,1148064,100.00,,
     1.152728376,1526307,,bus-cycles:u,1148064,100.00,,
     1.152728376,9766759,,instructions:u,1148064,100.00,,
     1.153875601,342,,branch-misses:u,1147424,100.00,,
     1.153875601,35,,cache-misses:u,1147456,100.00,,
     1.153875601,1525201,,bus-cycles:u,1147392,100.00,,
     1.153875601,9753819,,instructions:u,1147328,100.00,,
     1.155023626,294,,branch-misses:u,1148480,100.00,,
     1.155023626,91,,cache-misses:u,1148544,100.00,,
     1.155023626,1523393,,bus-cycles:u,1148512,100.00,,
     1.155023626,8337501,,instructions:u,1148544,100.00,,
     1.156171779,343,,branch-misses:u,1147936,100.00,,
     1.156171779,49,,cache-misses:u,1147872,100.00,,
     1.156171779,1525738,,bus-cycles:u,1147904,100.00,,
     1.156171779,9754593,,instructions:u,1147840,100.00,,
     1.157318844,342,,branch-misses:u,1147264,100.00,,
     1.157318844,30,,cache-misses:u,1147360,100.00,,
     1.157318844,1524496,,bus-cycles:u,1147392,100.00,,
     1.157318844,9747608,,instructions:u,1147456,100.00,,
     1.158465877,341,,branch-misses:u,1147104,100.00,,
     1.158465877,35,,cache-misses:u,1147040,100.00,,
     1.158465877,1522980,,bus-cycles:u,1147040,100.00,,
     1.158465877,9733412,,instructions:u,1146944,100.00,,
     1.159613806,342,,branch-misses:u,1148352,100.00,,
     1.159613806,106,,cache-misses:u,1148352,100.00,,
     1.159613806,1521272,,bus-cycles:u,1148288,100.00,,
     1.159613806,9716455,,instructions:u,1148352,100.00,,
     1.160762566,342,,branch-misses:u,1148608,100.00,,
     1.160762566,34,,cache-misses:u,1148544,100.00,,
     1.160762566,1527062,,bus-cycles:u,1148576,100.00,,
     1.160762566,9776880,,instructions:u,1148576,100.00,,
     1.161909311,342,,branch-misses:u,1146848,100.00,,
     1.161909311,31,,cache-misses:u,1146912,100.00,,
     1.161909311,1524731,,bus-cycles:u,1147008,100.00,,
     1.161909311,9743348,,instructions:u,1146976,100.00,,
     1.163056440,341,,branch-misses:u,1147520,100.00,,
     1.163056440,95,,cache-misses:u,1147488,100.00,,
     1.163056440,1519854,,bus-cycles:u,1147328,100.00,,
     1.163056440,9725144,,instructions:u,1147360,100.00,,
     1.164204529,342,,branch-misses:u,1147968,100.00,,
     1.164204529,35,,cache-misses:u,1148000,100.00,,
     1.164204529,1525674,,bus-cycles:u,1148096,100.00,,
     1.164204529,9748077,,instructions:u,1148096,100.00,,
     1.165351306,343,,branch-misses:u,1146912,100.00,,
     1.165351306,34,,cache-misses:u,1146944,100.00,,
     1.165351306,1524478,,bus-cycles:u,1146976,100.00,,
     1.165351306,9766823,,instructions:u,1146944,100.00,,
     1.166498147,342,,branch-misses:u,1146976,100.00,,
     1.166498147,32,,cache-misses:u,1146976,100.00,,
     1.166498147,1524983,,bus-cycles:u,1146976,100.00,,
     1.166498147,9755029,,instructions:u,1146976,100.00,,
     1.167657147,344,,branch-misses:u,1159744,100.00,,
     1.167657147,104,,cache-misses:u,1159904,100.00,,
     1.167657147,1537009,,bus-cycles:u,1159968,100.00,,
     1.167657147,9803289,,instructions:u,1160064,100.00,,
     1.168807443,342,,branch-misses:u,1149920,100.00,,
     1.168807443,35,,cache-misses:u,1149888,100.00,,
     1.168807443,1527634,,bus-cycles:u,1149792,100.00,,
     1.168807443,9753808,,instructions:u,1149696,100.00,,
     1.169953836,284,,branch-misses:u,1146112,100.00,,
     1.169953836,30,,cache-misses:u,1145920,100.00,,
     1.169953836,1523010,,bus-cycles:u,1145920,100.00,,
     1.169953836,8094433,,instructions:u,1145984,100.00,,
     1.171100325,344,,branch-misses:u,1147360,100.00,,
     1.171100325,105,,cache-misses:u,1147872,100.00,,
     1.171100325,1521442,,bus-cycles:u,1147840,100.00,,
     1.171100325,9740994,,instructions:u,1147904,100.00,,
     1.172251582,343,,branch-misses:u,1151200,100.00,,
     1.172251582,34,,cache-misses:u,1150720,100.00,,
     1.172251582,1529747,,bus-cycles:u,1150784,100.00,,
     1.172251582,9802196,,instructions:u,1150720,100.00,,
     1.173398423,341,,branch-misses:u,1146752,100.00,,
     1.173398423,31,,cache-misses:u,1146816,100.00,,
     1.173398423,1524524,,bus-cycles:u,1146784,100.00,,
     1.173398423,9744493,,instructions:u,1146816,100.00,,
     1.174545520,342,,branch-misses:u,1147360,100.00,,
     1.174545520,32,,cache-misses:u,1147296,100.00,,
     1.174545520,1525616,,bus-cycles:u,1147296,100.00,,
     1.174545520,9760933,,instructions:u,1147232,100.00,,
     1.175691913,341,,branch-misses:u,1146752,100.00,,
     1.175691913,98,,cache-misses:u,1146816,100.00,,
     1.175691913,1519640,,bus-cycles:u,1146816,100.00,,
     1.175691913,9716487,,instructions:u,1146848,100.00,,
     1.176839810,343,,branch-misses:u,1147680,100.00,,
     1.176839810,34,,cache-misses:u,1147648,100.00,,
     1.176839810,1525617,,bus-cycles:u,1147616,100.00,,
     1.176839810,9760129,,instructions:u,1147552,100.00,,
     1.177986107,340,,branch-misses:u,1146432,100.00,,
     1.177986107,35,,cache-misses:u,1146368,100.00,,
     1.177986107,1524319,,bus-cycles:u,1146432,100.00,,
     1.177986107,9740056,,instructions:u,1146528,100.00,,
     1.179132820,339,,branch-misses:u,1147200,100.00,,
     1.179132820,99,,cache-misses:u,1147232,100.00,,
     1.179132820,1519118,,bus-cycles:u,1147232,100.00,,
     1.179132820,9681059,,instructions:u,1147232,100.00,,
     1.180280845,342,,branch-misses:u,1147872,100.00,,
     1.180280845,30,,cache-misses:u,1147904,100.00,,
     1.180280845,1526144,,bus-cycles:u,1147840,100.00,,
     1.180280845,9753689,,instructions:u,1147776,100.00,,
     1.181427430,344,,branch-misses:u,1146656,100.00,,
     1.181427430,33,,cache-misses:u,1146720,100.00,,
     1.181427430,1524161,,bus-cycles:u,1146752,100.00,,
     1.181427430,9755893,,instructions:u,1146848,100.00,,
     1.182574175,343,,branch-misses:u,1146912,100.00,,
     1.182574175,48,,cache-misses:u,1146848,100.00,,
     1.182574175,1524085,,bus-cycles:u,1146816,100.00,,
     1.182574175,9771595,,instructions:u,1146720,100.00,,
     1.183721719,342,,branch-misses:u,1147936,100.00,,
     1.183721719,105,,cache-misses:u,1147936,100.00,,
     1.183721719,1521627,,bus-cycles:u,1147936,100.00,,
     1.183721719,9708232,,instructions:u,1147968,100.00,,
     1.184869840,342,,branch-misses:u,1148000,100.00,,
     1.184869840,37,,cache-misses:u,1147872,100.00,,
     1.184869840,1526511,,bus-cycles:u,1147872,100.00,,
     1.184869840,9760865,,instructions:u,1147744,100.00,,
     1.186016009,341,,branch-misses:u,1146304,100.00,,
     1.186016009,31,,cache-misses:u,1146592,100.00,,
     1.186016009,1524456,,bus-cycles:u,1146624,100.00,,
     1.186016009,9745274,,instructions:u,1146784,100.00,,
     1.187164162,342,,branch-misses:u,1148512,100.00,,
     1.187164162,108,,cache-misses:u,1148352,100.00,,
     1.187164162,1522007,,bus-cycles:u,1148288,100.00,,
     1.187164162,9733993,,instructions:u,1148256,100.00,,
     1.188312507,343,,branch-misses:u,1148224,100.00,,
     1.188312507,42,,cache-misses:u,1148128,100.00,,
     1.188312507,1527842,,bus-cycles:u,1148256,100.00,,
     1.188312507,9761533,,instructions:u,1148192,100.00,,
     1.189469171,345,,branch-misses:u,1156928,100.00,,
     1.189469171,30,,cache-misses:u,1157184,100.00,,
     1.189469171,1539008,,bus-cycles:u,1157184,100.00,,
     1.189469171,9871693,,instructions:u,1157312,100.00,,
     1.190617996,342,,branch-misses:u,1148896,100.00,,
     1.190617996,37,,cache-misses:u,1148768,100.00,,
     1.190617996,1526584,,bus-cycles:u,1148672,100.00,,
     1.190617996,9756742,,instructions:u,1148608,100.00,,
     1.191765573,342,,branch-misses:u,1148000,100.00,,
     1.191765573,100,,cache-misses:u,1147968,100.00,,
     1.191765573,1520564,,bus-cycles:u,1148064,100.00,,
     1.191765573,9719536,,instructions:u,1148032,100.00,,
     1.192914141,341,,branch-misses:u,1148288,100.00,,
     1.192914141,41,,cache-misses:u,1148352,100.00,,
     1.192914141,1525706,,bus-cycles:u,1148352,100.00,,
     1.192914141,9754871,,instructions:u,1148352,100.00,,
     1.194062006,344,,branch-misses:u,1148128,100.00,,
     1.194062006,43,,cache-misses:u,1148160,100.00,,
     1.194062006,1526127,,bus-cycles:u,1148064,100.00,,
     1.194062006,9788118,,instructions:u,1148128,100.00,,
     1.195209775,342,,branch-misses:u,1148224,100.00,,
     1.195209775,102,,cache-misses:u,1148160,100.00,,
     1.195209775,1521755,,bus-cycles:u,1148160,100.00,,
     1.195209775,9728787,,instructions:u,1148096,100.00,,
     1.196358024,342,,branch-misses:u,1148064,100.00,,
     1.196358024,34,,cache-misses:u,1147968,100.00,,
     1.196358024,1527314,,bus-cycles:u,1148032,100.00,,
     1.196358024,9763375,,instructions:u,1148064,100.00,,
     1.197505281,342,,branch-misses:u,1147424,100.00,,
     1.197505281,34,,cache-misses:u,1147488,100.00,,
     1.197505281,1525417,,bus-cycles:u,1147392,100.00,,
     1.197505281,9764139,,instructions:u,1147424,100.00,,
     1.198652826,342,,branch-misses:u,1147648,100.00,,
     1.198652826,36,,cache-misses:u,1147776,100.00,,
     1.198652826,1526557,,bus-cycles:u,1147840,100.00,,
     1.198652826,9779053,,instructions:u,1147872,100.00,,
     1.199801139,343,,branch-misses:u,1148864,100.00,,
     1.199801139,92,,cache-misses:u,1148736,100.00,,
     1.199801139,1521549,,bus-cycles:u,1148736,100.00,,
     1.199801139,9711269,,instructions:u,1148672,100.00,,
     1.200950315,342,,branch-misses:u,1148896,100.00,,
     1.200950315,35,,cache-misses:u,1149024,100.00,,
     1.200950315,1526970,,bus-cycles:u,1148960,100.00,,
     1.200950315,9769268,,instructions:u,1148960,100.00,,
     1.202097444,341,,branch-misses:u,1147296,100.00,,
     1.202097444,36,,cache-misses:u,1147136,100.00,,
     1.202097444,1525080,,bus-cycles:u,1147168,100.00,,
     1.202097444,9722137,,instructions:u,1147168,100.00,,
     1.203244637,341,,branch-misses:u,1147616,100.00,,
     1.203244637,101,,cache-misses:u,1147808,100.00,,
     1.203244637,1518386,,bus-cycles:u,1147872,100.00,,
     1.203244637,9712333,,instructions:u,1147904,100.00,,
     1.204393814,342,,branch-misses:u,1148960,100.00,,
     1.204393814,34,,cache-misses:u,1148832,100.00,,
     1.204393814,1526373,,bus-cycles:u,1148832,100.00,,
     1.204393814,9763850,,instructions:u,1148832,100.00,,
     1.205541199,342,,branch-misses:u,1147488,100.00,,
     1.205541199,37,,cache-misses:u,1147456,100.00,,
     1.205541199,1524771,,bus-cycles:u,1147424,100.00,,
     1.205541199,9747249,,instructions:u,1147392,100.00,,
     1.206688936,342,,branch-misses:u,1147904,100.00,,
     1.206688936,30,,cache-misses:u,1147968,100.00,,
     1.206688936,1526004,,bus-cycles:u,1147968,100.00,,
     1.206688936,9744032,,instructions:u,1147936,100.00,,
     1.207837216,341,,branch-misses:u,1148640,100.00,,
     1.207837216,100,,cache-misses:u,1148704,100.00,,
     1.207837216,1521217,,bus-cycles:u,1148704,100.00,,
     1.207837216,9717243,,instructions:u,1148768,100.00,,
     1.208986201,342,,branch-misses:u,1148896,100.00,,
     1.208986201,40,,cache-misses:u,1148800,100.00,,
     1.208986201,1528225,,bus-cycles:u,1148800,100.00,,
     1.208986201,9762833,,instructions:u,1148768,100.00,,
     1.210144145,344,,branch-misses:u,1158176,100.00,,
     1.210144145,43,,cache-misses:u,1158336,100.00,,
     1.210144145,1540962,,bus-cycles:u,1158304,100.00,,
     1.210144145,9846568,,instructions:u,1158304,100.00,,
     1.211293002,343,,branch-misses:u,1149344,100.00,,
     1.211293002,103,,cache-misses:u,1149280,100.00,,
     1.211293002,1522385,,bus-cycles:u,1149280,100.00,,
     1.211293002,9729269,,instructions:u,1149152,100.00,,
     1.212442370,342,,branch-misses:u,1149184,100.00,,
     1.212442370,40,,cache-misses:u,1149184,100.00,,
     1.212442370,1527676,,bus-cycles:u,1149248,100.00,,
     1.212442370,9761209,,instructions:u,1149408,100.00,,
     1.213590619,342,,branch-misses:u,1148288,100.00,,
     1.213590619,35,,cache-misses:u,1148160,100.00,,
     1.213590619,1526233,,bus-cycles:u,1148160,100.00,,
     1.213590619,9779386,,instructions:u,1148032,100.00,,
     1.214737844,343,,branch-misses:u,1147392,100.00,,
     1.214737844,29,,cache-misses:u,1147424,100.00,,
     1.214737844,1525857,,bus-cycles:u,1147360,100.00,,
     1.214737844,9780179,,instructions:u,1147424,100.00,,
     1.215887021,341,,branch-misses:u,1149600,100.00,,
     1.215887021,99,,cache-misses:u,1149536,100.00,,
     1.215887021,1524317,,bus-cycles:u,1149472,100.00,,
     1.215887021,9741452,,instructions:u,1149504,100.00,,
     1.217035974,343,,branch-misses:u,1148704,100.00,,
     1.217035974,45,,cache-misses:u,1148768,100.00,,
     1.217035974,1527492,,bus-cycles:u,1148864,100.00,,
     1.217035974,9754178,,instructions:u,1148800,100.00,,
     1.218182687,340,,branch-misses:u,1146848,100.00,,
     1.218182687,31,,cache-misses:u,1146784,100.00,,
     1.218182687,1524657,,bus-cycles:u,1146752,100.00,,
     1.218182687,9716165,,instructions:u,1146848,100.00,,
     1.219331479,342,,branch-misses:u,1149344,100.00,,
     1.219331479,101,,cache-misses:u,1149536,100.00,,
     1.219331479,1523027,,bus-cycles:u,1149600,100.00,,
     1.219331479,9731912,,instructions:u,1149568,100.00,,
     1.220480400,342,,branch-misses:u,1148608,100.00,,
     1.220480400,34,,cache-misses:u,1148448,100.00,,
     1.220480400,1526073,,bus-cycles:u,1148448,100.00,,
     1.220480400,9760402,,instructions:u,1148512,100.00,,
     1.221627113,342,,branch-misses:u,1146944,100.00,,
     1.221627113,32,,cache-misses:u,1146976,100.00,,
     1.221627113,1524053,,bus-cycles:u,1146912,100.00,,
     1.221627113,9757980,,instructions:u,1146848,100.00,,
     1.222774114,343,,branch-misses:u,1147008,100.00,,
     1.222774114,40,,cache-misses:u,1146976,100.00,,
     1.222774114,1523995,,bus-cycles:u,1146944,100.00,,
     1.222774114,9744914,,instructions:u,1146976,100.00,,
     1.223928858,343,,branch-misses:u,1155424,100.00,,
     1.223928858,81,,cache-misses:u,1155392,100.00,,
     1.223928858,1531496,,bus-cycles:u,1155456,100.00,,
     1.223928858,9791731,,instructions:u,1155392,100.00,,
     1.225076403,342,,branch-misses:u,1147264,100.00,,
     1.225076403,33,,cache-misses:u,1147296,100.00,,
     1.225076403,1525912,,bus-cycles:u,1147296,100.00,,
     1.225076403,9758948,,instructions:u,1147296,100.00,,
     1.226223404,342,,branch-misses:u,1147200,100.00,,
     1.226223404,29,,cache-misses:u,1147264,100.00,,
     1.226223404,1525863,,bus-cycles:u,1147296,100.00,,
     1.226223404,9761973,,instructions:u,1147296,100.00,,
     1.227371301,342,,branch-misses:u,1148288,100.00,,
     1.227371301,102,,cache-misses:u,1148256,100.00,,
     1.227371301,1523276,,bus-cycles:u,1148192,100.00,,
     1.227371301,9731996,,instructions:u,1148192,100.00,,
     1.228520190,343,,branch-misses:u,1148640,100.00,,
     1.228520190,38,,cache-misses:u,1148544,100.00,,
     1.228520190,1526806,,bus-cycles:u,1148576,100.00,,
     1.228520190,9781805,,instructions:u,1148544,100.00,,
     1.229667511,343,,branch-misses:u,1147552,100.00,,
     1.229667511,30,,cache-misses:u,1147584,100.00,,
     1.229667511,1526632,,bus-cycles:u,1147552,100.00,,
     1.229667511,9767761,,instructions:u,1147584,100.00,,
     1.230814544,342,,branch-misses:u,1147168,100.00,,
     1.230814544,36,,cache-misses:u,1147232,100.00,,
     1.230814544,1525728,,bus-cycles:u,1147232,100.00,,
     1.230814544,9765308,,instructions:u,1147264,100.00,,
     1.231981606,347,,branch-misses:u,1167744,100.00,,
     1.231981606,87,,cache-misses:u,1168064,100.00,,
     1.231981606,1548292,,bus-cycles:u,1168160,100.00,,
     1.231981606,9888624,,instructions:u,1168064,100.00,,
     1.233130879,342,,branch-misses:u,1148736,100.00,,
     1.233130879,35,,cache-misses:u,1148256,100.00,,
     1.233130879,1527045,,bus-cycles:u,1148160,100.00,,
     1.233130879,9773371,,instructions:u,1148192,100.00,,
     1.234278264,343,,branch-misses:u,1147488,100.00,,
     1.234278264,32,,cache-misses:u,1147584,100.00,,
     1.234278264,1525120,,bus-cycles:u,1147584,100.00,,
     1.234278264,9749094,,instructions:u,1147616,100.00,,
     1.235425969,340,,branch-misses:u,1148320,100.00,,
     1.235425969,123,,cache-misses:u,1148384,100.00,,
     1.235425969,1519110,,bus-cycles:u,1148448,100.00,,
     1.235425969,9689189,,instructions:u,1148480,100.00,,
     1.236574825,342,,branch-misses:u,1148704,100.00,,
     1.236574825,34,,cache-misses:u,1148704,100.00,,
     1.236574825,1526691,,bus-cycles:u,1148640,100.00,,
     1.236574825,9754728,,instructions:u,1148608,100.00,,
     1.237722338,341,,branch-misses:u,1147584,100.00,,
     1.237722338,33,,cache-misses:u,1147552,100.00,,
     1.237722338,1525217,,bus-cycles:u,1147552,100.00,,
     1.237722338,9752281,,instructions:u,1147520,100.00,,
     1.238870235,341,,branch-misses:u,1148352,100.00,,
     1.238870235,42,,cache-misses:u,1148512,100.00,,
     1.238870235,1519907,,bus-cycles:u,1148512,100.00,,
     1.238870235,9725412,,instructions:u,1148544,100.00,,
     1.240019220,343,,branch-misses:u,1148768,100.00,,
     1.240019220,88,,cache-misses:u,1148576,100.00,,
     1.240019220,1526028,,bus-cycles:u,1148576,100.00,,
     1.240019220,9733292,,instructions:u,1148608,100.00,,
     1.241166317,342,,branch-misses:u,1147200,100.00,,
     1.241166317,29,,cache-misses:u,1147136,100.00,,
     1.241166317,1525186,,bus-cycles:u,1147200,100.00,,
     1.241166317,9749568,,instructions:u,1147168,100.00,,
     1.242313414,341,,branch-misses:u,1147296,100.00,,
     1.242313414,33,,cache-misses:u,1147360,100.00,,
     1.242313414,1525236,,bus-cycles:u,1147328,100.00,,
     1.242313414,9720938,,instructions:u,1147296,100.00,,
     1.243461887,341,,branch-misses:u,1148896,100.00,,
     1.243461887,100,,cache-misses:u,1148928,100.00,,
     1.243461887,1520684,,bus-cycles:u,1148928,100.00,,
     1.243461887,9701821,,instructions:u,1148896,100.00,,
     1.244610327,343,,branch-misses:u,1148320,100.00,,
     1.244610327,36,,cache-misses:u,1148288,100.00,,
     1.244610327,1526649,,bus-cycles:u,1148352,100.00,,
     1.244610327,9770646,,instructions:u,1148544,100.00,,
     1.245757616,343,,branch-misses:u,1147360,100.00,,
     1.245757616,35,,cache-misses:u,1147360,100.00,,
     1.245757616,1524863,,bus-cycles:u,1147328,100.00,,
     1.245757616,9735392,,instructions:u,1147200,100.00,,
     1.246905961,342,,branch-misses:u,1148704,100.00,,
     1.246905961,48,,cache-misses:u,1148704,100.00,,
     1.246905961,1520813,,bus-cycles:u,1148672,100.00,,
     1.246905961,9736531,,instructions:u,1148704,100.00,,
     1.248054434,340,,branch-misses:u,1148480,100.00,,
     1.248054434,69,,cache-misses:u,1148416,100.00,,
     1.248054434,1525082,,bus-cycles:u,1148384,100.00,,
     1.248054434,9720235,,instructions:u,1148352,100.00,,
     1.249202043,342,,branch-misses:u,1147648,100.00,,
     1.249202043,36,,cache-misses:u,1147648,100.00,,
     1.249202043,1524833,,bus-cycles:u,1147616,100.00,,
     1.249202043,9758975,,instructions:u,1147648,100.00,,
     1.250348532,341,,branch-misses:u,1146592,100.00,,
     1.250348532,33,,cache-misses:u,1146624,100.00,,
     1.250348532,1523220,,bus-cycles:u,1146688,100.00,,
     1.250348532,9744497,,instructions:u,1146624,100.00,,
     1.251495949,344,,branch-misses:u,1147680,100.00,,
     1.251495949,102,,cache-misses:u,1147744,100.00,,
     1.251495949,1521089,,bus-cycles:u,1147776,100.00,,
     1.251495949,9737440,,instructions:u,1147808,100.00,,
     1.252655908,345,,branch-misses:u,1160192,100.00,,
     1.252655908,40,,cache-misses:u,1160352,100.00,,
     1.252655908,1541872,,bus-cycles:u,1160384,100.00,,
     1.252655908,9858544,,instructions:u,1160416,100.00,,
     1.253804605,341,,branch-misses:u,1148672,100.00,,
     1.253804605,36,,cache-misses:u,1148544,100.00,,
     1.253804605,1526159,,bus-cycles:u,1148480,100.00,,
     1.253804605,9751351,,instructions:u,1148544,100.00,,
     1.254953174,342,,branch-misses:u,1149088,100.00,,
     1.254953174,70,,cache-misses:u,1149152,100.00,,
     1.254953174,1521658,,bus-cycles:u,1149152,100.00,,
     1.254953174,9698631,,instructions:u,1149056,100.00,,
     1.256101999,342,,branch-misses:u,1148512,100.00,,
     1.256101999,49,,cache-misses:u,1148480,100.00,,
     1.256101999,1526759,,bus-cycles:u,1148480,100.00,,
     1.256101999,9758736,,instructions:u,1148512,100.00,,
     1.257249384,343,,branch-misses:u,1147680,100.00,,
     1.257249384,33,,cache-misses:u,1147584,100.00,,
     1.257249384,1525518,,bus-cycles:u,1147584,100.00,,
     1.257249384,9762812,,instructions:u,1147552,100.00,,
     1.258396928,340,,branch-misses:u,1147520,100.00,,
     1.258396928,32,,cache-misses:u,1147584,100.00,,
     1.258396928,1524810,,bus-cycles:u,1147584,100.00,,
     1.258396928,9740028,,instructions:u,1147616,100.00,,
     1.259545785,341,,branch-misses:u,1149440,100.00,,
     1.259545785,99,,cache-misses:u,1149440,100.00,,
     1.259545785,1520968,,bus-cycles:u,1149440,100.00,,
     1.259545785,9706688,,instructions:u,1149472,100.00,,
     1.260694642,342,,branch-misses:u,1148608,100.00,,
     1.260694642,41,,cache-misses:u,1148640,100.00,,
     1.260694642,1526655,,bus-cycles:u,1148672,100.00,,
     1.260694642,9754224,,instructions:u,1148608,100.00,,
     1.261842251,342,,branch-misses:u,1147744,100.00,,
     1.261842251,38,,cache-misses:u,1147616,100.00,,
     1.261842251,1525845,,bus-cycles:u,1147584,100.00,,
     1.261842251,9761861,,instructions:u,1147520,100.00,,
     1.262989476,343,,branch-misses:u,1147680,100.00,,
     1.262989476,85,,cache-misses:u,1147744,100.00,,
     1.262989476,1520724,,bus-cycles:u,1147712,100.00,,
     1.262989476,9728748,,instructions:u,1147840,100.00,,
     1.264138109,343,,branch-misses:u,1148416,100.00,,
     1.264138109,50,,cache-misses:u,1148384,100.00,,
     1.264138109,1526533,,bus-cycles:u,1148416,100.00,,
     1.264138109,9767515,,instructions:u,1148352,100.00,,
     1.265285366,342,,branch-misses:u,1147392,100.00,,
     1.265285366,33,,cache-misses:u,1147392,100.00,,
     1.265285366,1525916,,bus-cycles:u,1147424,100.00,,
     1.265285366,9756113,,instructions:u,1147488,100.00,,
     1.266433134,341,,branch-misses:u,1147936,100.00,,
     1.266433134,36,,cache-misses:u,1147936,100.00,,
     1.266433134,1524867,,bus-cycles:u,1147968,100.00,,
     1.266433134,9744561,,instructions:u,1147936,100.00,,
     1.267581319,343,,branch-misses:u,1148640,100.00,,
     1.267581319,108,,cache-misses:u,1148640,100.00,,
     1.267581319,1521461,,bus-cycles:u,1148512,100.00,,
     1.267581319,9727910,,instructions:u,1148544,100.00,,
     1.268730112,342,,branch-misses:u,1148480,100.00,,
     1.268730112,36,,cache-misses:u,1148640,100.00,,
     1.268730112,1527046,,bus-cycles:u,1148672,100.00,,
     1.268730112,9773457,,instructions:u,1148576,100.00,,
     1.269877209,344,,branch-misses:u,1147328,100.00,,
     1.269877209,51,,cache-misses:u,1147168,100.00,,
     1.269877209,1523535,,bus-cycles:u,1147200,100.00,,
     1.269877209,9750866,,instructions:u,1147232,100.00,,
     1.271024722,341,,branch-misses:u,1148000,100.00,,
     1.271024722,96,,cache-misses:u,1148032,100.00,,
     1.271024722,1521376,,bus-cycles:u,1148000,100.00,,
     1.271024722,9722994,,instructions:u,1148032,100.00,,
     1.272173707,342,,branch-misses:u,1148864,100.00,,
     1.272173707,45,,cache-misses:u,1148832,100.00,,
     1.272173707,1527247,,bus-cycles:u,1148896,100.00,,
     1.272173707,9761140,,instructions:u,1148896,100.00,,
     1.273321092,342,,branch-misses:u,1147424,100.00,,
     1.273321092,28,,cache-misses:u,1147552,100.00,,
     1.273321092,1524751,,bus-cycles:u,1147520,100.00,,
     1.273321092,9758278,,instructions:u,1147520,100.00,,
     1.274477019,344,,branch-misses:u,1156352,100.00,,
     1.274477019,35,,cache-misses:u,1156384,100.00,,
     1.274477019,1536552,,bus-cycles:u,1156416,100.00,,
     1.274477019,9809932,,instructions:u,1156416,100.00,,
     1.275626356,343,,branch-misses:u,1149600,100.00,,
     1.275626356,100,,cache-misses:u,1149536,100.00,,
     1.275626356,1523162,,bus-cycles:u,1149504,100.00,,
     1.275626356,9728065,,instructions:u,1149472,100.00,,
     1.276774765,341,,branch-misses:u,1148128,100.00,,
     1.276774765,34,,cache-misses:u,1148160,100.00,,
     1.276774765,1526605,,bus-cycles:u,1148128,100.00,,
     1.276774765,9754290,,instructions:u,1148192,100.00,,
     1.277922246,341,,branch-misses:u,1147584,100.00,,
     1.277922246,30,,cache-misses:u,1147648,100.00,,
     1.277922246,1525276,,bus-cycles:u,1147680,100.00,,
     1.277922246,9737368,,instructions:u,1147584,100.00,,
     1.279070495,343,,branch-misses:u,1148672,100.00,,
     1.279070495,98,,cache-misses:u,1148544,100.00,,
     1.279070495,1521833,,bus-cycles:u,1148544,100.00,,
     1.279070495,9717835,,instructions:u,1148608,100.00,,
     1.280218935,341,,branch-misses:u,1148384,100.00,,
     1.280218935,34,,cache-misses:u,1148320,100.00,,
     1.280218935,1525800,,bus-cycles:u,1148320,100.00,,
     1.280218935,9738943,,instructions:u,1148288,100.00,,
     1.281364913,343,,branch-misses:u,1146080,100.00,,
     1.281364913,42,,cache-misses:u,1146080,100.00,,
     1.281364913,1523080,,bus-cycles:u,1146112,100.00,,
     1.281364913,9761535,,instructions:u,1146112,100.00,,
     1.282512042,341,,branch-misses:u,1147360,100.00,,
     1.282512042,41,,cache-misses:u,1147328,100.00,,
     1.282512042,1524849,,bus-cycles:u,1147328,100.00,,
     1.282512042,9746553,,instructions:u,1147328,100.00,,
     1.283659682,341,,branch-misses:u,1147968,100.00,,
     1.283659682,98,,cache-misses:u,1148160,100.00,,
     1.283659682,1521959,,bus-cycles:u,1148192,100.00,,
     1.283659682,9692958,,instructions:u,1148128,100.00,,
     1.284808795,341,,branch-misses:u,1148960,100.00,,
     1.284808795,35,,cache-misses:u,1148992,100.00,,
     1.284808795,1528525,,bus-cycles:u,1148928,100.00,,
     1.284808795,9762860,,instructions:u,1148992,100.00,,
     1.285956532,342,,branch-misses:u,1147968,100.00,,
     1.285956532,38,,cache-misses:u,1147744,100.00,,
     1.285956532,1526077,,bus-cycles:u,1147712,100.00,,
     1.285956532,9764046,,instructions:u,1147712,100.00,,
     1.287104301,342,,branch-misses:u,1148032,100.00,,
     1.287104301,111,,cache-misses:u,1148128,100.00,,
     1.287104301,1521618,,bus-cycles:u,1148160,100.00,,
     1.287104301,9727439,,instructions:u,1148192,100.00,,
     1.288252582,342,,branch-misses:u,1148160,100.00,,
     1.288252582,33,,cache-misses:u,1148192,100.00,,
     1.288252582,1525945,,bus-cycles:u,1148192,100.00,,
     1.288252582,9771859,,instructions:u,1148160,100.00,,
     1.289400255,341,,branch-misses:u,1147872,100.00,,
     1.289400255,35,,cache-misses:u,1147808,100.00,,
     1.289400255,1524436,,bus-cycles:u,1147808,100.00,,
     1.289400255,9739206,,instructions:u,1147808,100.00,,
     1.290547448,340,,branch-misses:u,1147104,100.00,,
     1.290547448,33,,cache-misses:u,1147104,100.00,,
     1.290547448,1523768,,bus-cycles:u,1147104,100.00,,
     1.290547448,9735059,,instructions:u,1147104,100.00,,
     1.291695184,342,,branch-misses:u,1148544,100.00,,
     1.291695184,95,,cache-misses:u,1148544,100.00,,
     1.291695184,1520364,,bus-cycles:u,1148608,100.00,,
     1.291695184,9723109,,instructions:u,1148576,100.00,,
     1.292844489,342,,branch-misses:u,1148992,100.00,,
     1.292844489,37,,cache-misses:u,1148992,100.00,,
     1.292844489,1524634,,bus-cycles:u,1148864,100.00,,
     1.292844489,9737328,,instructions:u,1148928,100.00,,
     1.293991106,340,,branch-misses:u,1146784,100.00,,
     1.293991106,31,,cache-misses:u,1146688,100.00,,
     1.293991106,1521875,,bus-cycles:u,1146816,100.00,,
     1.293991106,9701722,,instructions:u,1146848,100.00,,
     1.295149818,344,,branch-misses:u,1159168,100.00,,
     1.295149818,102,,cache-misses:u,1159488,100.00,,
     1.295149818,1534739,,bus-cycles:u,1159552,100.00,,
     1.295149818,9789649,,instructions:u,1159584,100.00,,
     1.296299954,342,,branch-misses:u,1150016,100.00,,
     1.296299954,33,,cache-misses:u,1149760,100.00,,
     1.296299954,1526702,,bus-cycles:u,1149664,100.00,,
     1.296299954,9772881,,instructions:u,1149568,100.00,,
     1.297447467,343,,branch-misses:u,1147488,100.00,,
     1.297447467,33,,cache-misses:u,1147552,100.00,,
     1.297447467,1524649,,bus-cycles:u,1147456,100.00,,
     1.297447467,9774769,,instructions:u,1147488,100.00,,
     1.298594596,342,,branch-misses:u,1147232,100.00,,
     1.298594596,33,,cache-misses:u,1147136,100.00,,
     1.298594596,1523745,,bus-cycles:u,1147168,100.00,,
     1.298594596,9758338,,instructions:u,1147072,100.00,,
     1.299742749,342,,branch-misses:u,1148416,100.00,,
     1.299742749,95,,cache-misses:u,1148544,100.00,,
     1.299742749,1521683,,bus-cycles:u,1148576,100.00,,
     1.299742749,9728586,,instructions:u,1148640,100.00,,
     1.300891382,342,,branch-misses:u,1148672,100.00,,
     1.300891382,35,,cache-misses:u,1148608,100.00,,
     1.300891382,1525750,,bus-cycles:u,1148544,100.00,,
     1.300891382,9747764,,instructions:u,1148608,100.00,,
     1.302038767,340,,branch-misses:u,1147488,100.00,,
     1.302038767,34,,cache-misses:u,1147424,100.00,,
     1.302038767,1523671,,bus-cycles:u,1147456,100.00,,
     1.302038767,9716588,,instructions:u,1147424,100.00,,
     1.303185608,341,,branch-misses:u,1147584,100.00,,
     1.303185608,107,,cache-misses:u,1147744,100.00,,
     1.303185608,1519840,,bus-cycles:u,1147808,100.00,,
     1.303185608,9709425,,instructions:u,1147840,100.00,,
     1.304335456,343,,branch-misses:u,1149312,100.00,,
     1.304335456,31,,cache-misses:u,1149216,100.00,,
     1.304335456,1526873,,bus-cycles:u,1149152,100.00,,
     1.304335456,9776352,,instructions:u,1149056,100.00,,
     1.305482425,343,,branch-misses:u,1147136,100.00,,
     1.305482425,37,,cache-misses:u,1147136,100.00,,
     1.305482425,1525082,,bus-cycles:u,1147136,100.00,,
     1.305482425,9762851,,instructions:u,1147232,100.00,,
     1.306629586,341,,branch-misses:u,1147360,100.00,,
     1.306629586,34,,cache-misses:u,1147360,100.00,,
     1.306629586,1524649,,bus-cycles:u,1147424,100.00,,
     1.306629586,9747020,,instructions:u,1147392,100.00,,
     1.307777867,341,,branch-misses:u,1148832,100.00,,
     1.307777867,98,,cache-misses:u,1148832,100.00,,
     1.307777867,1519966,,bus-cycles:u,1148832,100.00,,
     1.307777867,9700041,,instructions:u,1148864,100.00,,
     1.308926820,342,,branch-misses:u,1148672,100.00,,
     1.308926820,34,,cache-misses:u,1148672,100.00,,
     1.308926820,1527319,,bus-cycles:u,1148576,100.00,,
     1.308926820,9765374,,instructions:u,1148576,100.00,,
     1.310074013,341,,branch-misses:u,1147392,100.00,,
     1.310074013,40,,cache-misses:u,1147392,100.00,,
     1.310074013,1525268,,bus-cycles:u,1147424,100.00,,
     1.310074013,9746558,,instructions:u,1147392,100.00,,
     1.311221942,343,,branch-misses:u,1148288,100.00,,
     1.311221942,113,,cache-misses:u,1148352,100.00,,
     1.311221942,1521120,,bus-cycles:u,1148352,100.00,,
     1.311221942,9719719,,instructions:u,1148288,100.00,,
     1.312371118,342,,branch-misses:u,1149024,100.00,,
     1.312371118,34,,cache-misses:u,1148928,100.00,,
     1.312371118,1525798,,bus-cycles:u,1148928,100.00,,
     1.312371118,9745439,,instructions:u,1148928,100.00,,
     1.313518151,342,,branch-misses:u,1147168,100.00,,
     1.313518151,31,,cache-misses:u,1147200,100.00,,
     1.313518151,1524022,,bus-cycles:u,1147168,100.00,,
     1.313518151,9746428,,instructions:u,1147232,100.00,,
     1.314664896,341,,branch-misses:u,1146848,100.00,,
     1.314664896,33,,cache-misses:u,1146784,100.00,,
     1.314664896,1523561,,bus-cycles:u,1146912,100.00,,
     1.314664896,9746289,,instructions:u,1146816,100.00,,
     1.315812441,341,,branch-misses:u,1148000,100.00,,
     1.315812441,112,,cache-misses:u,1148064,100.00,,
     1.315812441,1519256,,bus-cycles:u,1148000,100.00,,
     1.315812441,9710460,,instructions:u,1148064,100.00,,
     1.316974513,348,,branch-misses:u,1162016,100.00,,
     1.316974513,35,,cache-misses:u,1162144,100.00,,
     1.316974513,1543532,,bus-cycles:u,1162240,100.00,,
     1.316974513,9876142,,instructions:u,1162272,100.00,,
     1.318122921,342,,branch-misses:u,1148512,100.00,,
     1.318122921,37,,cache-misses:u,1148416,100.00,,
     1.318122921,1525213,,bus-cycles:u,1148320,100.00,,
     1.318122921,9750046,,instructions:u,1148288,100.00,,
     1.319271554,341,,branch-misses:u,1149120,100.00,,
     1.319271554,102,,cache-misses:u,1149088,100.00,,
     1.319271554,1521288,,bus-cycles:u,1149120,100.00,,
     1.319271554,9706533,,instructions:u,1149152,100.00,,
     1.320420347,342,,branch-misses:u,1148608,100.00,,
     1.320420347,38,,cache-misses:u,1148704,100.00,,
     1.320420347,1526258,,bus-cycles:u,1148640,100.00,,
     1.320420347,9773143,,instructions:u,1148672,100.00,,
     1.321567508,342,,branch-misses:u,1147264,100.00,,
     1.321567508,36,,cache-misses:u,1147200,100.00,,
     1.321567508,1524351,,bus-cycles:u,1147200,100.00,,
     1.321567508,9746618,,instructions:u,1147136,100.00,,
     1.322714829,342,,branch-misses:u,1147360,100.00,,
     1.322714829,42,,cache-misses:u,1147296,100.00,,
     1.322714829,1524775,,bus-cycles:u,1147264,100.00,,
     1.322714829,9756806,,instructions:u,1147264,100.00,,
     1.323862214,341,,branch-misses:u,1147872,100.00,,
     1.323862214,87,,cache-misses:u,1148032,100.00,,
     1.323862214,1521073,,bus-cycles:u,1148160,100.00,,
     1.323862214,9718479,,instructions:u,1148192,100.00,,
     1.325011134,341,,branch-misses:u,1148704,100.00,,
     1.325011134,39,,cache-misses:u,1148608,100.00,,
     1.325011134,1525481,,bus-cycles:u,1148576,100.00,,
     1.325011134,9747077,,instructions:u,1148512,100.00,,
     1.326158647,341,,branch-misses:u,1147680,100.00,,
     1.326158647,34,,cache-misses:u,1147648,100.00,,
     1.326158647,1524317,,bus-cycles:u,1147648,100.00,,
     1.326158647,9742742,,instructions:u,1147712,100.00,,
     1.327306512,341,,branch-misses:u,1148224,100.00,,
     1.327306512,96,,cache-misses:u,1148160,100.00,,
     1.327306512,1520649,,bus-cycles:u,1148160,100.00,,
     1.327306512,9714371,,instructions:u,1148128,100.00,,
     1.328455145,343,,branch-misses:u,1148544,100.00,,
     1.328455145,32,,cache-misses:u,1148544,100.00,,
     1.328455145,1526488,,bus-cycles:u,1148480,100.00,,
     1.328455145,9754238,,instructions:u,1148448,100.00,,
     1.329601826,342,,branch-misses:u,1146752,100.00,,
     1.329601826,32,,cache-misses:u,1146816,100.00,,
     1.329601826,1523682,,bus-cycles:u,1146816,100.00,,
     1.329601826,9759011,,instructions:u,1146848,100.00,,
     1.330749147,341,,branch-misses:u,1147648,100.00,,
     1.330749147,34,,cache-misses:u,1147648,100.00,,
     1.330749147,1525410,,bus-cycles:u,1147712,100.00,,
     1.330749147,9747247,,instructions:u,1147776,100.00,,
     1.331897204,341,,branch-misses:u,1148448,100.00,,
     1.331897204,85,,cache-misses:u,1148544,100.00,,
     1.331897204,1521516,,bus-cycles:u,1148512,100.00,,
     1.331897204,9702229,,instructions:u,1148480,100.00,,
     1.333046093,343,,branch-misses:u,1148608,100.00,,
     1.333046093,35,,cache-misses:u,1148544,100.00,,
     1.333046093,1527286,,bus-cycles:u,1148576,100.00,,
     1.333046093,9753788,,instructions:u,1148576,100.00,,
     1.334193157,342,,branch-misses:u,1147264,100.00,,
     1.334193157,32,,cache-misses:u,1147200,100.00,,
     1.334193157,1524853,,bus-cycles:u,1147136,100.00,,
     1.334193157,9754234,,instructions:u,1147104,100.00,,
     1.335340062,343,,branch-misses:u,1147328,100.00,,
     1.335340062,96,,cache-misses:u,1147328,100.00,,
     1.335340062,1519770,,bus-cycles:u,1147328,100.00,,
     1.335340062,9729279,,instructions:u,1147296,100.00,,
     1.336488375,342,,branch-misses:u,1148064,100.00,,
     1.336488375,35,,cache-misses:u,1148096,100.00,,
     1.336488375,1526258,,bus-cycles:u,1148032,100.00,,
     1.336488375,9746151,,instructions:u,1148032,100.00,,
     1.337644271,344,,branch-misses:u,1156192,100.00,,
     1.337644271,34,,cache-misses:u,1156384,100.00,,
     1.337644271,1537919,,bus-cycles:u,1156512,100.00,,
     1.337644271,9826230,,instructions:u,1156544,100.00,,
     1.338793384,341,,branch-misses:u,1149056,100.00,,
     1.338793384,35,,cache-misses:u,1148960,100.00,,
     1.338793384,1527493,,bus-cycles:u,1148960,100.00,,
     1.338793384,9748443,,instructions:u,1148928,100.00,,
     1.339952479,346,,branch-misses:u,1159776,100.00,,
     1.339952479,85,,cache-misses:u,1160064,100.00,,
     1.339952479,1538067,,bus-cycles:u,1160032,100.00,,
     1.339952479,9829540,,instructions:u,1160128,100.00,,
     1.341100696,343,,branch-misses:u,1148000,100.00,,
     1.341100696,35,,cache-misses:u,1147584,100.00,,
     1.341100696,1525659,,bus-cycles:u,1147552,100.00,,
     1.341100696,9760776,,instructions:u,1147552,100.00,,
     1.342247793,343,,branch-misses:u,1147072,100.00,,
     1.342247793,32,,cache-misses:u,1147104,100.00,,
     1.342247793,1524108,,bus-cycles:u,1147136,100.00,,
     1.342247793,9744768,,instructions:u,1147168,100.00,,
     1.343395690,341,,branch-misses:u,1148448,100.00,,
     1.343395690,97,,cache-misses:u,1148608,100.00,,
     1.343395690,1521221,,bus-cycles:u,1148640,100.00,,
     1.343395690,9702216,,instructions:u,1148608,100.00,,
     1.344544931,342,,branch-misses:u,1148960,100.00,,
     1.344544931,33,,cache-misses:u,1148800,100.00,,
     1.344544931,1527178,,bus-cycles:u,1148704,100.00,,
     1.344544931,9787333,,instructions:u,1148640,100.00,,
     1.345691452,343,,branch-misses:u,1146752,100.00,,
     1.345691452,29,,cache-misses:u,1146720,100.00,,
     1.345691452,1524500,,bus-cycles:u,1146816,100.00,,
     1.345691452,9758762,,instructions:u,1146816,100.00,,
     1.346838965,343,,branch-misses:u,1147488,100.00,,
     1.346838965,30,,cache-misses:u,1147456,100.00,,
     1.346838965,1525227,,bus-cycles:u,1147424,100.00,,
     1.346838965,9769731,,instructions:u,1147392,100.00,,
     1.347996780,344,,branch-misses:u,1158240,100.00,,
     1.347996780,78,,cache-misses:u,1158560,100.00,,
     1.347996780,1536265,,bus-cycles:u,1158624,100.00,,
     1.347996780,9812876,,instructions:u,1158720,100.00,,
     1.349144261,342,,branch-misses:u,1147424,100.00,,
     1.349144261,34,,cache-misses:u,1147232,100.00,,
     1.349144261,1524905,,bus-cycles:u,1147200,100.00,,
     1.349144261,9756553,,instructions:u,1147232,100.00,,
     1.350291038,341,,branch-misses:u,1146944,100.00,,
     1.350291038,31,,cache-misses:u,1146880,100.00,,
     1.350291038,1524379,,bus-cycles:u,1146848,100.00,,
     1.350291038,9745240,,instructions:u,1146752,100.00,,
     1.351438359,343,,branch-misses:u,1147808,100.00,,
     1.351438359,98,,cache-misses:u,1147840,100.00,,
     1.351438359,1520738,,bus-cycles:u,1147744,100.00,,
     1.351438359,9719027,,instructions:u,1147808,100.00,,
     1.352586544,342,,branch-misses:u,1147968,100.00,,
     1.352586544,31,,cache-misses:u,1148032,100.00,,
     1.352586544,1525176,,bus-cycles:u,1148096,100.00,,
     1.352586544,9762992,,instructions:u,1148032,100.00,,
     1.353733353,342,,branch-misses:u,1147008,100.00,,
     1.353733353,37,,cache-misses:u,1146944,100.00,,
     1.353733353,1524186,,bus-cycles:u,1146944,100.00,,
     1.353733353,9740119,,instructions:u,1147040,100.00,,
     1.354880738,343,,branch-misses:u,1147712,100.00,,
     1.354880738,56,,cache-misses:u,1147808,100.00,,
     1.354880738,1520769,,bus-cycles:u,1147776,100.00,,
     1.354880738,9716004,,instructions:u,1147712,100.00,,
     1.356029083,342,,branch-misses:u,1148224,100.00,,
     1.356029083,68,,cache-misses:u,1148128,100.00,,
     1.356029083,1525906,,bus-cycles:u,1148096,100.00,,
     1.356029083,9763015,,instructions:u,1148064,100.00,,
     1.357175700,343,,branch-misses:u,1146784,100.00,,
     1.357175700,35,,cache-misses:u,1146720,100.00,,
     1.357175700,1524240,,bus-cycles:u,1146880,100.00,,
     1.357175700,9762602,,instructions:u,1146944,100.00,,
     1.358339627,347,,branch-misses:u,1164096,100.00,,
     1.358339627,37,,cache-misses:u,1164320,100.00,,
     1.358339627,1545836,,bus-cycles:u,1164256,100.00,,
     1.358339627,9876998,,instructions:u,1164192,100.00,,
     1.359489412,341,,branch-misses:u,1150240,100.00,,
     1.359489412,116,,cache-misses:u,1150176,100.00,,
     1.359489412,1521338,,bus-cycles:u,1150208,100.00,,
     1.359489412,9706630,,instructions:u,1150176,100.00,,
     1.360639196,343,,branch-misses:u,1149536,100.00,,
     1.360639196,37,,cache-misses:u,1149440,100.00,,
     1.360639196,1527473,,bus-cycles:u,1149408,100.00,,
     1.360639196,9775584,,instructions:u,1149440,100.00,,
     1.361786517,342,,branch-misses:u,1147552,100.00,,
     1.361786517,31,,cache-misses:u,1147488,100.00,,
     1.361786517,1525324,,bus-cycles:u,1147488,100.00,,
     1.361786517,9761059,,instructions:u,1147520,100.00,,
     1.362934030,343,,branch-misses:u,1147840,100.00,,
     1.362934030,67,,cache-misses:u,1147904,100.00,,
     1.362934030,1521252,,bus-cycles:u,1147904,100.00,,
     1.362934030,9729676,,instructions:u,1147872,100.00,,
     1.364082919,341,,branch-misses:u,1148640,100.00,,
     1.364082919,69,,cache-misses:u,1148704,100.00,,
     1.364082919,1525985,,bus-cycles:u,1148640,100.00,,
     1.364082919,9752478,,instructions:u,1148608,100.00,,
     1.365229632,342,,branch-misses:u,1146976,100.00,,
     1.365229632,30,,cache-misses:u,1146848,100.00,,
     1.365229632,1524411,,bus-cycles:u,1146880,100.00,,
     1.365229632,9742072,,instructions:u,1147008,100.00,,
     1.366376761,341,,branch-misses:u,1147200,100.00,,
     1.366376761,33,,cache-misses:u,1147232,100.00,,
     1.366376761,1524717,,bus-cycles:u,1147264,100.00,,
     1.366376761,9762643,,instructions:u,1147200,100.00,,
     1.367524722,341,,branch-misses:u,1148448,100.00,,
     1.367524722,99,,cache-misses:u,1148512,100.00,,
     1.367524722,1519792,,bus-cycles:u,1148512,100.00,,
     1.367524722,9702503,,instructions:u,1148448,100.00,,
     1.368673226,343,,branch-misses:u,1148416,100.00,,
     1.368673226,36,,cache-misses:u,1148224,100.00,,
     1.368673226,1525159,,bus-cycles:u,1148160,100.00,,
     1.368673226,9741814,,instructions:u,1148160,100.00,,
     1.369820099,341,,branch-misses:u,1146976,100.00,,
     1.369820099,36,,cache-misses:u,1147168,100.00,,
     1.369820099,1524789,,bus-cycles:u,1147200,100.00,,
     1.369820099,9750837,,instructions:u,1147232,100.00,,
     1.370968316,340,,branch-misses:u,1148576,100.00,,
     1.370968316,71,,cache-misses:u,1148544,100.00,,
     1.370968316,1519027,,bus-cycles:u,1148576,100.00,,
     1.370968316,9677288,,instructions:u,1148544,100.00,,
     1.372116693,342,,branch-misses:u,1148192,100.00,,
     1.372116693,56,,cache-misses:u,1148128,100.00,,
     1.372116693,1525199,,bus-cycles:u,1148096,100.00,,
     1.372116693,9744614,,instructions:u,1148128,100.00,,
     1.373263438,341,,branch-misses:u,1146880,100.00,,
     1.373263438,33,,cache-misses:u,1146880,100.00,,
     1.373263438,1523910,,bus-cycles:u,1146912,100.00,,
     1.373263438,9737593,,instructions:u,1146880,100.00,,
     1.374410631,342,,branch-misses:u,1147328,100.00,,
     1.374410631,34,,cache-misses:u,1147328,100.00,,
     1.374410631,1523315,,bus-cycles:u,1147328,100.00,,
     1.374410631,9758683,,instructions:u,1147360,100.00,,
     1.375557984,342,,branch-misses:u,1147776,100.00,,
     1.375557984,104,,cache-misses:u,1147808,100.00,,
     1.375557984,1520743,,bus-cycles:u,1147744,100.00,,
     1.375557984,9706427,,instructions:u,1147744,100.00,,
     1.376706489,341,,branch-misses:u,1148352,100.00,,
     1.376706489,39,,cache-misses:u,1148320,100.00,,
     1.376706489,1525511,,bus-cycles:u,1148288,100.00,,
     1.376706489,9746925,,instructions:u,1148288,100.00,,
     1.377853106,340,,branch-misses:u,1146880,100.00,,
     1.377853106,33,,cache-misses:u,1146848,100.00,,
     1.377853106,1523798,,bus-cycles:u,1146976,100.00,,
     1.377853106,9712127,,instructions:u,1146912,100.00,,
     1.379000363,343,,branch-misses:u,1147584,100.00,,
     1.379000363,78,,cache-misses:u,1147680,100.00,,
     1.379000363,1520735,,bus-cycles:u,1147584,100.00,,
     1.379000363,9747225,,instructions:u,1147744,100.00,,
     1.380182591,353,,branch-misses:u,1184480,100.00,,
     1.380182591,48,,cache-misses:u,1186304,100.00,,
     1.380182591,1576958,,bus-cycles:u,1187584,100.00,,
     1.380182591,10087312,,instructions:u,1188640,100.00,,
     1.381384018,357,,branch-misses:u,1200576,100.00,,
     1.381384018,33,,cache-misses:u,1199712,100.00,,
     1.381384018,1592355,,bus-cycles:u,1198944,100.00,,
     1.381384018,10189947,,instructions:u,1198240,100.00,,
     1.382543178,345,,branch-misses:u,1158880,100.00,,
     1.382543178,30,,cache-misses:u,1158336,100.00,,
     1.382543178,1537970,,bus-cycles:u,1158016,100.00,,
     1.382543178,9824149,,instructions:u,1157696,100.00,,
     1.383698562,344,,branch-misses:u,1155008,100.00,,
     1.383698562,100,,cache-misses:u,1154688,100.00,,
     1.383698562,1527957,,bus-cycles:u,1154592,100.00,,
     1.383698562,9771062,,instructions:u,1154592,100.00,,
     1.384849626,343,,branch-misses:u,1150880,100.00,,
     1.384849626,47,,cache-misses:u,1150944,100.00,,
     1.384849626,1527010,,bus-cycles:u,1150880,100.00,,
     1.384849626,9761031,,instructions:u,1150848,100.00,,
     1.385998771,343,,branch-misses:u,1149184,100.00,,
     1.385998771,30,,cache-misses:u,1149056,100.00,,
     1.385998771,1525893,,bus-cycles:u,1149088,100.00,,
     1.385998771,9768322,,instructions:u,1149088,100.00,,
     1.387148011,342,,branch-misses:u,1149632,100.00,,
     1.387148011,102,,cache-misses:u,1149792,100.00,,
     1.387148011,1522260,,bus-cycles:u,1149824,100.00,,
     1.387148011,9728341,,instructions:u,1149824,100.00,,
     1.388298500,342,,branch-misses:u,1150304,100.00,,
     1.388298500,34,,cache-misses:u,1150208,100.00,,
     1.388298500,1527870,,bus-cycles:u,1150176,100.00,,
     1.388298500,9780471,,instructions:u,1150208,100.00,,
     1.389446557,342,,branch-misses:u,1148128,100.00,,
     1.389446557,37,,cache-misses:u,1148160,100.00,,
     1.389446557,1524537,,bus-cycles:u,1148224,100.00,,
     1.389446557,9755239,,instructions:u,1148128,100.00,,
     1.390595542,343,,branch-misses:u,1149216,100.00,,
     1.390595542,39,,cache-misses:u,1149184,100.00,,
     1.390595542,1525934,,bus-cycles:u,1149152,100.00,,
     1.390595542,9773070,,instructions:u,1149184,100.00,,
     1.391745230,342,,branch-misses:u,1150176,100.00,,
     1.391745230,94,,cache-misses:u,1150208,100.00,,
     1.391745230,1522613,,bus-cycles:u,1150208,100.00,,
     1.391745230,9727961,,instructions:u,1150208,100.00,,
     1.392895111,342,,branch-misses:u,1149792,100.00,,
     1.392895111,36,,cache-misses:u,1149632,100.00,,
     1.392895111,1527334,,bus-cycles:u,1149632,100.00,,
     1.392895111,9752942,,instructions:u,1149632,100.00,,
     1.394043424,342,,branch-misses:u,1148352,100.00,,
     1.394043424,31,,cache-misses:u,1148448,100.00,,
     1.394043424,1525516,,bus-cycles:u,1148416,100.00,,
     1.394043424,9761033,,instructions:u,1148384,100.00,,
     1.395192312,342,,branch-misses:u,1149248,100.00,,
     1.395192312,102,,cache-misses:u,1149216,100.00,,
     1.395192312,1522564,,bus-cycles:u,1149216,100.00,,
     1.395192312,9742335,,instructions:u,1149280,100.00,,
     1.396342833,344,,branch-misses:u,1150304,100.00,,
     1.396342833,42,,cache-misses:u,1150336,100.00,,
     1.396342833,1528496,,bus-cycles:u,1150368,100.00,,
     1.396342833,9789887,,instructions:u,1150336,100.00,,
     1.397491178,341,,branch-misses:u,1148576,100.00,,
     1.397491178,36,,cache-misses:u,1148480,100.00,,
     1.397491178,1525619,,bus-cycles:u,1148480,100.00,,
     1.397491178,9747781,,instructions:u,1148480,100.00,,
     1.398639875,341,,branch-misses:u,1148704,100.00,,
     1.398639875,31,,cache-misses:u,1148928,100.00,,
     1.398639875,1526789,,bus-cycles:u,1148960,100.00,,
     1.398639875,9729985,,instructions:u,1148992,100.00,,
     1.399789115,342,,branch-misses:u,1149824,100.00,,
     1.399789115,104,,cache-misses:u,1149696,100.00,,
     1.399789115,1521662,,bus-cycles:u,1149664,100.00,,
     1.399789115,9724253,,instructions:u,1149600,100.00,,
     1.400953138,346,,branch-misses:u,1164128,100.00,,
     1.400953138,34,,cache-misses:u,1164448,100.00,,
     1.400953138,1547032,,bus-cycles:u,1164544,100.00,,
     1.400953138,9875356,,instructions:u,1164576,100.00,,
     1.402103115,342,,branch-misses:u,1149792,100.00,,
     1.402103115,32,,cache-misses:u,1149696,100.00,,
     1.402103115,1527463,,bus-cycles:u,1149632,100.00,,
     1.402103115,9757394,,instructions:u,1149664,100.00,,
     1.403252868,342,,branch-misses:u,1150336,100.00,,
     1.403252868,100,,cache-misses:u,1150048,100.00,,
     1.403252868,1522172,,bus-cycles:u,1149952,100.00,,
     1.403252868,9719541,,instructions:u,1149888,100.00,,
     1.404402716,342,,branch-misses:u,1149632,100.00,,
     1.404402716,32,,cache-misses:u,1149664,100.00,,
     1.404402716,1527154,,bus-cycles:u,1149760,100.00,,
     1.404402716,9766255,,instructions:u,1149760,100.00,,
     1.405550837,342,,branch-misses:u,1148160,100.00,,
     1.405550837,31,,cache-misses:u,1148256,100.00,,
     1.405550837,1525453,,bus-cycles:u,1148192,100.00,,
     1.405550837,9757185,,instructions:u,1148256,100.00,,
     1.406699726,342,,branch-misses:u,1149024,100.00,,
     1.406699726,32,,cache-misses:u,1149056,100.00,,
     1.406699726,1526624,,bus-cycles:u,1149120,100.00,,
     1.406699726,9768486,,instructions:u,1148992,100.00,,
     1.407849158,343,,branch-misses:u,1149920,100.00,,
     1.407849158,87,,cache-misses:u,1149824,100.00,,
     1.407849158,1522473,,bus-cycles:u,1149792,100.00,,
     1.407849158,9718638,,instructions:u,1149888,100.00,,
     1.408999391,343,,branch-misses:u,1149984,100.00,,
     1.408999391,35,,cache-misses:u,1149984,100.00,,
     1.408999391,1527448,,bus-cycles:u,1149952,100.00,,
     1.408999391,9761599,,instructions:u,1149952,100.00,,
     1.410148536,340,,branch-misses:u,1149216,100.00,,
     1.410148536,28,,cache-misses:u,1149184,100.00,,
     1.410148536,1526677,,bus-cycles:u,1149216,100.00,,
     1.410148536,9733048,,instructions:u,1149216,100.00,,
     1.411297616,342,,branch-misses:u,1149536,100.00,,
     1.411297616,98,,cache-misses:u,1149568,100.00,,
     1.411297616,1521849,,bus-cycles:u,1149600,100.00,,
     1.411297616,9717876,,instructions:u,1149568,100.00,,
     1.412447785,342,,branch-misses:u,1150144,100.00,,
     1.412447785,37,,cache-misses:u,1150144,100.00,,
     1.412447785,1526984,,bus-cycles:u,1150048,100.00,,
     1.412447785,9760063,,instructions:u,1149984,100.00,,
     1.413595266,342,,branch-misses:u,1147488,100.00,,
     1.413595266,34,,cache-misses:u,1147264,100.00,,
     1.413595266,1523803,,bus-cycles:u,1147360,100.00,,
     1.413595266,9735952,,instructions:u,1147488,100.00,,
     1.414742907,342,,branch-misses:u,1147808,100.00,,
     1.414742907,32,,cache-misses:u,1148000,100.00,,
     1.414742907,1525237,,bus-cycles:u,1147968,100.00,,
     1.414742907,9761596,,instructions:u,1147936,100.00,,
     1.415891796,341,,branch-misses:u,1149376,100.00,,
     1.415891796,87,,cache-misses:u,1149504,100.00,,
     1.415891796,1522824,,bus-cycles:u,1149472,100.00,,
     1.415891796,9722174,,instructions:u,1149440,100.00,,
     1.417041324,343,,branch-misses:u,1149376,100.00,,
     1.417041324,28,,cache-misses:u,1149344,100.00,,
     1.417041324,1526712,,bus-cycles:u,1149408,100.00,,
     1.417041324,9768915,,instructions:u,1149408,100.00,,
     1.418189637,341,,branch-misses:u,1148544,100.00,,
     1.418189637,30,,cache-misses:u,1148288,100.00,,
     1.418189637,1525164,,bus-cycles:u,1148224,100.00,,
     1.418189637,9747125,,instructions:u,1148128,100.00,,
     1.419338334,343,,branch-misses:u,1149088,100.00,,
     1.419338334,107,,cache-misses:u,1149280,100.00,,
     1.419338334,1522485,,bus-cycles:u,1149344,100.00,,
     1.419338334,9722251,,instructions:u,1149504,100.00,,
     1.420488215,343,,branch-misses:u,1149664,100.00,,
     1.420488215,29,,cache-misses:u,1149728,100.00,,
     1.420488215,1528563,,bus-cycles:u,1149568,100.00,,
     1.420488215,9759901,,instructions:u,1149504,100.00,,
     1.421635759,341,,branch-misses:u,1147616,100.00,,
     1.421635759,33,,cache-misses:u,1147456,100.00,,
     1.421635759,1525709,,bus-cycles:u,1147616,100.00,,
     1.421635759,9746685,,instructions:u,1147680,100.00,,
     1.422794023,344,,branch-misses:u,1158560,100.00,,
     1.422794023,29,,cache-misses:u,1158752,100.00,,
     1.422794023,1540470,,bus-cycles:u,1158784,100.00,,
     1.422794023,9858277,,instructions:u,1158752,100.00,,
     1.423955838,345,,branch-misses:u,1162336,100.00,,
     1.423955838,92,,cache-misses:u,1162240,100.00,,
     1.423955838,1539428,,bus-cycles:u,1162176,100.00,,
     1.423955838,9818093,,instructions:u,1162176,100.00,,
     1.425103223,342,,branch-misses:u,1146944,100.00,,
     1.425103223,39,,cache-misses:u,1146784,100.00,,
     1.425103223,1524387,,bus-cycles:u,1146688,100.00,,
     1.425103223,9720622,,instructions:u,1146592,100.00,,
     1.426249936,340,,branch-misses:u,1146496,100.00,,
     1.426249936,33,,cache-misses:u,1146560,100.00,,
     1.426249936,1523039,,bus-cycles:u,1146624,100.00,,
     1.426249936,9715172,,instructions:u,1146720,100.00,,
     1.427396393,341,,branch-misses:u,1148800,100.00,,
     1.427396393,109,,cache-misses:u,1149600,100.00,,
     1.427396393,1520569,,bus-cycles:u,1149792,100.00,,
     1.427396393,9707222,,instructions:u,1150272,100.00,,
     1.428576606,351,,branch-misses:u,1179008,100.00,,
     1.428576606,34,,cache-misses:u,1178784,100.00,,
     1.428576606,1565184,,bus-cycles:u,1178656,100.00,,
     1.428576606,10012223,,instructions:u,1178240,100.00,,
     1.429728919,344,,branch-misses:u,1152000,100.00,,
     1.429728919,37,,cache-misses:u,1151392,100.00,,
     1.429728919,1530194,,bus-cycles:u,1151488,100.00,,
     1.429728919,9784734,,instructions:u,1151392,100.00,,
     1.430879183,341,,branch-misses:u,1150656,100.00,,
     1.430879183,38,,cache-misses:u,1150688,100.00,,
     1.430879183,1522252,,bus-cycles:u,1150464,100.00,,
     1.430879183,9703551,,instructions:u,1150464,100.00,,
     1.432028712,342,,branch-misses:u,1149472,100.00,,
     1.432028712,78,,cache-misses:u,1149472,100.00,,
     1.432028712,1528046,,bus-cycles:u,1149536,100.00,,
     1.432028712,9762300,,instructions:u,1149536,100.00,,
     1.433176481,342,,branch-misses:u,1147744,100.00,,
     1.433176481,30,,cache-misses:u,1147872,100.00,,
     1.433176481,1524719,,bus-cycles:u,1147904,100.00,,
     1.433176481,9745573,,instructions:u,1147904,100.00,,
     1.434324314,342,,branch-misses:u,1148032,100.00,,
     1.434324314,32,,cache-misses:u,1147904,100.00,,
     1.434324314,1524623,,bus-cycles:u,1147904,100.00,,
     1.434324314,9760991,,instructions:u,1147904,100.00,,
     1.435471795,341,,branch-misses:u,1148224,100.00,,
     1.435471795,104,,cache-misses:u,1148352,100.00,,
     1.435471795,1520028,,bus-cycles:u,1148480,100.00,,
     1.435471795,9714910,,instructions:u,1148512,100.00,,
     1.436625483,344,,branch-misses:u,1153312,100.00,,
     1.436625483,37,,cache-misses:u,1153312,100.00,,
     1.436625483,1532190,,bus-cycles:u,1153152,100.00,,
     1.436625483,9799571,,instructions:u,1153056,100.00,,
     1.437774148,341,,branch-misses:u,1148768,100.00,,
     1.437774148,32,,cache-misses:u,1148640,100.00,,
     1.437774148,1525393,,bus-cycles:u,1148672,100.00,,
     1.437774148,9741566,,instructions:u,1148800,100.00,,
     1.438922844,341,,branch-misses:u,1149088,100.00,,
     1.438922844,54,,cache-misses:u,1149152,100.00,,
     1.438922844,1520394,,bus-cycles:u,1149152,100.00,,
     1.438922844,9699109,,instructions:u,1149024,100.00,,
     1.440072181,342,,branch-misses:u,1149184,100.00,,
     1.440072181,68,,cache-misses:u,1149152,100.00,,
     1.440072181,1525792,,bus-cycles:u,1149152,100.00,,
     1.440072181,9756776,,instructions:u,1149248,100.00,,
     1.441219758,342,,branch-misses:u,1147328,100.00,,
     1.441219758,38,,cache-misses:u,1147296,100.00,,
     1.441219758,1523416,,bus-cycles:u,1147296,100.00,,
     1.441219758,9739106,,instructions:u,1147296,100.00,,
     1.442366727,343,,branch-misses:u,1147392,100.00,,
     1.442366727,37,,cache-misses:u,1147424,100.00,,
     1.442366727,1524548,,bus-cycles:u,1147424,100.00,,
     1.442366727,9767144,,instructions:u,1147392,100.00,,
     1.443529758,346,,branch-misses:u,1163936,100.00,,
     1.443529758,105,,cache-misses:u,1164128,100.00,,
     1.443529758,1542037,,bus-cycles:u,1164064,100.00,,
     1.443529758,9849993,,instructions:u,1164064,100.00,,
     1.444680055,342,,branch-misses:u,1149760,100.00,,
     1.444680055,35,,cache-misses:u,1149632,100.00,,
     1.444680055,1526741,,bus-cycles:u,1149632,100.00,,
     1.444680055,9763779,,instructions:u,1149632,100.00,,
     1.445827663,341,,branch-misses:u,1147712,100.00,,
     1.445827663,33,,cache-misses:u,1147648,100.00,,
     1.445827663,1523925,,bus-cycles:u,1147712,100.00,,
     1.445827663,9737482,,instructions:u,1147808,100.00,,
     1.446975400,342,,branch-misses:u,1148288,100.00,,
     1.446975400,87,,cache-misses:u,1148320,100.00,,
     1.446975400,1519732,,bus-cycles:u,1148288,100.00,,
     1.446975400,9725431,,instructions:u,1148192,100.00,,
     1.448124257,343,,branch-misses:u,1148608,100.00,,
     1.448124257,52,,cache-misses:u,1148704,100.00,,
     1.448124257,1525118,,bus-cycles:u,1148704,100.00,,
     1.448124257,9755849,,instructions:u,1148704,100.00,,
     1.449272122,341,,branch-misses:u,1147968,100.00,,
     1.449272122,34,,cache-misses:u,1147872,100.00,,
     1.449272122,1523645,,bus-cycles:u,1147872,100.00,,
     1.449272122,9750026,,instructions:u,1147872,100.00,,
     1.450419667,342,,branch-misses:u,1147712,100.00,,
     1.450419667,33,,cache-misses:u,1147680,100.00,,
     1.450419667,1524373,,bus-cycles:u,1147648,100.00,,
     1.450419667,9754794,,instructions:u,1147680,100.00,,
     1.451567308,341,,branch-misses:u,1148096,100.00,,
     1.451567308,113,,cache-misses:u,1148192,100.00,,
     1.451567308,1520621,,bus-cycles:u,1148160,100.00,,
     1.451567308,9714735,,instructions:u,1148224,100.00,,
     1.452716836,343,,branch-misses:u,1149376,100.00,,
     1.452716836,34,,cache-misses:u,1149184,100.00,,
     1.452716836,1526217,,bus-cycles:u,1149216,100.00,,
     1.452716836,9792365,,instructions:u,1149152,100.00,,
     1.453863549,342,,branch-misses:u,1146880,100.00,,
     1.453863549,30,,cache-misses:u,1146848,100.00,,
     1.453863549,1522735,,bus-cycles:u,1146944,100.00,,
     1.453863549,9741129,,instructions:u,1146880,100.00,,
     1.455010838,342,,branch-misses:u,1147680,100.00,,
     1.455010838,81,,cache-misses:u,1147776,100.00,,
     1.455010838,1519084,,bus-cycles:u,1147712,100.00,,
     1.455010838,9709699,,instructions:u,1147648,100.00,,
     1.456160111,340,,branch-misses:u,1149056,100.00,,
     1.456160111,61,,cache-misses:u,1149184,100.00,,
     1.456160111,1525986,,bus-cycles:u,1149184,100.00,,
     1.456160111,9749323,,instructions:u,1149344,100.00,,
     1.457307944,341,,branch-misses:u,1148032,100.00,,
     1.457307944,29,,cache-misses:u,1148000,100.00,,
     1.457307944,1524988,,bus-cycles:u,1147968,100.00,,
     1.457307944,9760483,,instructions:u,1147936,100.00,,
     1.458455969,344,,branch-misses:u,1148160,100.00,,
     1.458455969,38,,cache-misses:u,1148064,100.00,,
     1.458455969,1525142,,bus-cycles:u,1148096,100.00,,
     1.458455969,9758182,,instructions:u,1148096,100.00,,
     1.459604506,343,,branch-misses:u,1150368,100.00,,
     1.459604506,114,,cache-misses:u,1150912,100.00,,
     1.459604506,1522582,,bus-cycles:u,1151008,100.00,,
     1.459604506,9724185,,instructions:u,1151008,100.00,,
     1.460765521,343,,branch-misses:u,1159776,100.00,,
     1.460765521,40,,cache-misses:u,1159264,100.00,,
     1.460765521,1534893,,bus-cycles:u,1159168,100.00,,
     1.460765521,9803918,,instructions:u,1159168,100.00,,
     1.462208391,429,,branch-misses:u,1449536,100.00,,
     1.462208391,29,,cache-misses:u,1451712,100.00,,
     1.462208391,1922833,,bus-cycles:u,1453024,100.00,,
     1.462208391,12275730,,instructions:u,1454336,100.00,,
     1.463434199,362,,branch-misses:u,1222464,100.00,,
     1.463434199,106,,cache-misses:u,1221952,100.00,,
     1.463434199,1610288,,bus-cycles:u,1221728,100.00,,
     1.463434199,10285273,,instructions:u,1221568,100.00,,
     1.464627946,353,,branch-misses:u,1192864,100.00,,
     1.464627946,31,,cache-misses:u,1192832,100.00,,
     1.464627946,1580564,,bus-cycles:u,1192832,100.00,,
     1.464627946,10095876,,instructions:u,1192640,100.00,,
     1.465851738,363,,branch-misses:u,1222816,100.00,,
     1.465851738,30,,cache-misses:u,1222240,100.00,,
     1.465851738,1621922,,bus-cycles:u,1221568,100.00,,
     1.465851738,10343029,,instructions:u,1221024,100.00,,
     1.467005362,343,,branch-misses:u,1153952,100.00,,
     1.467005362,85,,cache-misses:u,1153824,100.00,,
     1.467005362,1526254,,bus-cycles:u,1154112,100.00,,
     1.467005362,9725640,,instructions:u,1154048,100.00,,
     1.468162378,344,,branch-misses:u,1156128,100.00,,
     1.468162378,67,,cache-misses:u,1155616,100.00,,
     1.468162378,1535243,,bus-cycles:u,1155104,100.00,,
     1.468162378,9808391,,instructions:u,1154816,100.00,,
     1.469312099,343,,branch-misses:u,1149408,100.00,,
     1.469312099,32,,cache-misses:u,1149120,100.00,,
     1.469312099,1527005,,bus-cycles:u,1149056,100.00,,
     1.469312099,9780921,,instructions:u,1149120,100.00,,
     1.470459292,342,,branch-misses:u,1147488,100.00,,
     1.470459292,36,,cache-misses:u,1147488,100.00,,
     1.470459292,1525213,,bus-cycles:u,1147456,100.00,,
     1.470459292,9733652,,instructions:u,1147456,100.00,,
     1.471604501,339,,branch-misses:u,1145696,100.00,,
     1.471604501,116,,cache-misses:u,1145664,100.00,,
     1.471604501,1515459,,bus-cycles:u,1145600,100.00,,
     1.471604501,9695670,,instructions:u,1145472,100.00,,
     1.472754446,342,,branch-misses:u,1149664,100.00,,
     1.472754446,32,,cache-misses:u,1149504,100.00,,
     1.472754446,1526770,,bus-cycles:u,1149472,100.00,,
     1.472754446,9755982,,instructions:u,1149440,100.00,,
     1.473900679,341,,branch-misses:u,1146240,100.00,,
     1.473900679,33,,cache-misses:u,1146272,100.00,,
     1.473900679,1522995,,bus-cycles:u,1146272,100.00,,
     1.473900679,9728359,,instructions:u,1146240,100.00,,
     1.475045920,340,,branch-misses:u,1145888,100.00,,
     1.475045920,101,,cache-misses:u,1146272,100.00,,
     1.475045920,1516399,,bus-cycles:u,1146304,100.00,,
     1.475045920,9693670,,instructions:u,1146368,100.00,,
     1.476195800,342,,branch-misses:u,1149600,100.00,,
     1.476195800,47,,cache-misses:u,1149184,100.00,,
     1.476195800,1525702,,bus-cycles:u,1149088,100.00,,
     1.476195800,9755019,,instructions:u,1149024,100.00,,
     1.477341490,343,,branch-misses:u,1145760,100.00,,
     1.477341490,30,,cache-misses:u,1145664,100.00,,
     1.477341490,1521947,,bus-cycles:u,1145728,100.00,,
     1.477341490,9738574,,instructions:u,1145792,100.00,,
     1.478486859,341,,branch-misses:u,1145632,100.00,,
     1.478486859,34,,cache-misses:u,1145728,100.00,,
     1.478486859,1522195,,bus-cycles:u,1145664,100.00,,
     1.478486859,9740076,,instructions:u,1145632,100.00,,
     1.479632580,340,,branch-misses:u,1146208,100.00,,
     1.479632580,119,,cache-misses:u,1146368,100.00,,
     1.479632580,1517041,,bus-cycles:u,1146432,100.00,,
     1.479632580,9697584,,instructions:u,1146560,100.00,,
     1.480783004,342,,branch-misses:u,1150208,100.00,,
     1.480783004,27,,cache-misses:u,1149984,100.00,,
     1.480783004,1527461,,bus-cycles:u,1149952,100.00,,
     1.480783004,9773774,,instructions:u,1149824,100.00,,
     1.481928278,341,,branch-misses:u,1145312,100.00,,
     1.481928278,37,,cache-misses:u,1145376,100.00,,
     1.481928278,1522384,,bus-cycles:u,1145376,100.00,,
     1.481928278,9741692,,instructions:u,1145376,100.00,,
     1.483074831,342,,branch-misses:u,1147712,100.00,,
     1.483074831,154,,cache-misses:u,1148032,100.00,,
     1.483074831,1517209,,bus-cycles:u,1148096,100.00,,
     1.483074831,9713572,,instructions:u,1148096,100.00,,
     1.484228071,344,,branch-misses:u,1152480,100.00,,
     1.484228071,29,,cache-misses:u,1152192,100.00,,
     1.484228071,1531264,,bus-cycles:u,1152000,100.00,,
     1.484228071,9820308,,instructions:u,1151968,100.00,,
     1.485374848,341,,branch-misses:u,1146912,100.00,,
     1.485374848,27,,cache-misses:u,1146848,100.00,,
     1.485374848,1523231,,bus-cycles:u,1146944,100.00,,
     1.485374848,9749026,,instructions:u,1146944,100.00,,
     1.486542134,347,,branch-misses:u,1167712,100.00,,
     1.486542134,32,,cache-misses:u,1168096,100.00,,
     1.486542134,1551662,,bus-cycles:u,1168192,100.00,,
     1.486542134,9929942,,instructions:u,1168256,100.00,,
     1.487689423,341,,branch-misses:u,1147552,100.00,,
     1.487689423,140,,cache-misses:u,1147680,100.00,,
     1.487689423,1516047,,bus-cycles:u,1147904,100.00,,
     1.487689423,9703017,,instructions:u,1147936,100.00,,
     1.488839912,343,,branch-misses:u,1150272,100.00,,
     1.488839912,30,,cache-misses:u,1149952,100.00,,
     1.488839912,1525982,,bus-cycles:u,1149792,100.00,,
     1.488839912,9746541,,instructions:u,1149760,100.00,,
     1.489986305,340,,branch-misses:u,1146368,100.00,,
     1.489986305,32,,cache-misses:u,1146176,100.00,,
     1.489986305,1521572,,bus-cycles:u,1146112,100.00,,
     1.489986305,9698209,,instructions:u,1146144,100.00,,
     1.491132922,340,,branch-misses:u,1147520,100.00,,
     1.491132922,117,,cache-misses:u,1148096,100.00,,
     1.491132922,1517980,,bus-cycles:u,1148512,100.00,,
     1.491132922,9702044,,instructions:u,1148640,100.00,,
     1.492306512,350,,branch-misses:u,1173280,100.00,,
     1.492306512,30,,cache-misses:u,1172992,100.00,,
     1.492306512,1556694,,bus-cycles:u,1172544,100.00,,
     1.492306512,9976665,,instructions:u,1172320,100.00,,
     1.493454281,342,,branch-misses:u,1147712,100.00,,
     1.493454281,36,,cache-misses:u,1147584,100.00,,
     1.493454281,1523782,,bus-cycles:u,1147584,100.00,,
     1.493454281,9728828,,instructions:u,1147616,100.00,,
     1.494601890,340,,branch-misses:u,1147584,100.00,,
     1.494601890,30,,cache-misses:u,1147456,100.00,,
     1.494601890,1524419,,bus-cycles:u,1147488,100.00,,
     1.494601890,9715095,,instructions:u,1147488,100.00,,
     1.495749435,341,,branch-misses:u,1148096,100.00,,
     1.495749435,102,,cache-misses:u,1148096,100.00,,
     1.495749435,1520338,,bus-cycles:u,1148032,100.00,,
     1.495749435,9723207,,instructions:u,1148032,100.00,,
     1.496898099,341,,branch-misses:u,1148608,100.00,,
     1.496898099,39,,cache-misses:u,1148640,100.00,,
     1.496898099,1525540,,bus-cycles:u,1148672,100.00,,
     1.496898099,9747293,,instructions:u,1148672,100.00,,
     1.498045420,341,,branch-misses:u,1147264,100.00,,
     1.498045420,32,,cache-misses:u,1147264,100.00,,
     1.498045420,1524080,,bus-cycles:u,1147296,100.00,,
     1.498045420,9719693,,instructions:u,1147296,100.00,,
     1.499192581,341,,branch-misses:u,1147616,100.00,,
     1.499192581,104,,cache-misses:u,1147648,100.00,,
     1.499192581,1519523,,bus-cycles:u,1147648,100.00,,
     1.499192581,9721143,,instructions:u,1147616,100.00,,
     1.500340830,343,,branch-misses:u,1148000,100.00,,
     1.500340830,40,,cache-misses:u,1147872,100.00,,
     1.500340830,1525167,,bus-cycles:u,1147840,100.00,,
     1.500340830,9768592,,instructions:u,1147936,100.00,,
     1.501487383,342,,branch-misses:u,1146688,100.00,,
     1.501487383,33,,cache-misses:u,1146720,100.00,,
     1.501487383,1523058,,bus-cycles:u,1146688,100.00,,
     1.501487383,9745310,,instructions:u,1146624,100.00,,
     1.502633616,340,,branch-misses:u,1146464,100.00,,
     1.502633616,29,,cache-misses:u,1146432,100.00,,
     1.502633616,1523124,,bus-cycles:u,1146432,100.00,,
     1.502633616,9708823,,instructions:u,1146496,100.00,,
     1.503781257,341,,branch-misses:u,1148096,100.00,,
     1.503781257,115,,cache-misses:u,1148160,100.00,,
     1.503781257,1518247,,bus-cycles:u,1148160,100.00,,
     1.503781257,9703839,,instructions:u,1148096,100.00,,
     1.504930306,343,,branch-misses:u,1148832,100.00,,
     1.504930306,33,,cache-misses:u,1148768,100.00,,
     1.504930306,1526466,,bus-cycles:u,1148800,100.00,,
     1.504930306,9783699,,instructions:u,1148768,100.00,,
     1.506076891,342,,branch-misses:u,1146720,100.00,,
     1.506076891,39,,cache-misses:u,1146912,100.00,,
     1.506076891,1524861,,bus-cycles:u,1146880,100.00,,
     1.506076891,9744665,,instructions:u,1146912,100.00,,
     1.507238610,346,,branch-misses:u,1162528,100.00,,
     1.507238610,105,,cache-misses:u,1162816,100.00,,
     1.507238610,1540153,,bus-cycles:u,1162784,100.00,,
     1.507238610,9843511,,instructions:u,1162848,100.00,,
     1.508387467,341,,branch-misses:u,1148384,100.00,,
     1.508387467,33,,cache-misses:u,1147936,100.00,,
     1.508387467,1525171,,bus-cycles:u,1148000,100.00,,
     1.508387467,9744481,,instructions:u,1148000,100.00,,
     1.509532868,341,,branch-misses:u,1145472,100.00,,
     1.509532868,33,,cache-misses:u,1145536,100.00,,
     1.509532868,1522018,,bus-cycles:u,1145472,100.00,,
     1.509532868,9731947,,instructions:u,1145408,100.00,,
     1.510677085,340,,branch-misses:u,1144320,100.00,,
     1.510677085,32,,cache-misses:u,1144224,100.00,,
     1.510677085,1519572,,bus-cycles:u,1144256,100.00,,
     1.510677085,9711012,,instructions:u,1144320,100.00,,
     1.511823894,342,,branch-misses:u,1147872,100.00,,
     1.511823894,102,,cache-misses:u,1148352,100.00,,
     1.511823894,1520344,,bus-cycles:u,1148704,100.00,,
     1.511823894,9713513,,instructions:u,1149056,100.00,,
     1.512979502,344,,branch-misses:u,1154976,100.00,,
     1.512979502,31,,cache-misses:u,1154752,100.00,,
     1.512979502,1533703,,bus-cycles:u,1154464,100.00,,
     1.512979502,9796092,,instructions:u,1154112,100.00,,
     1.514126823,340,,branch-misses:u,1147296,100.00,,
     1.514126823,28,,cache-misses:u,1147200,100.00,,
     1.514126823,1524413,,bus-cycles:u,1147168,100.00,,
     1.514126823,9716917,,instructions:u,1147136,100.00,,
     1.515272320,341,,branch-misses:u,1145984,100.00,,
     1.515272320,99,,cache-misses:u,1145952,100.00,,
     1.515272320,1517720,,bus-cycles:u,1145952,100.00,,
     1.515272320,9693797,,instructions:u,1145952,100.00,,
     1.516420121,341,,branch-misses:u,1147616,100.00,,
     1.516420121,33,,cache-misses:u,1147584,100.00,,
     1.516420121,1524432,,bus-cycles:u,1147616,100.00,,
     1.516420121,9731926,,instructions:u,1147552,100.00,,
     1.517566066,343,,branch-misses:u,1146048,100.00,,
     1.517566066,28,,cache-misses:u,1145952,100.00,,
     1.517566066,1523471,,bus-cycles:u,1145920,100.00,,
     1.517566066,9763163,,instructions:u,1145920,100.00,,
     1.518711915,341,,branch-misses:u,1146016,100.00,,
     1.518711915,32,,cache-misses:u,1146048,100.00,,
     1.518711915,1522568,,bus-cycles:u,1146016,100.00,,
     1.518711915,9731884,,instructions:u,1146112,100.00,,
     1.519858052,341,,branch-misses:u,1146560,100.00,,
     1.519858052,88,,cache-misses:u,1146656,100.00,,
     1.519858052,1517121,,bus-cycles:u,1146720,100.00,,
     1.519858052,9684962,,instructions:u,1146688,100.00,,
     1.521005789,341,,branch-misses:u,1147616,100.00,,
     1.521005789,36,,cache-misses:u,1147520,100.00,,
     1.521005789,1523587,,bus-cycles:u,1147488,100.00,,
     1.521005789,9734750,,instructions:u,1147488,100.00,,
     1.522150934,341,,branch-misses:u,1145248,100.00,,
     1.522150934,38,,cache-misses:u,1145280,100.00,,
     1.522150934,1521115,,bus-cycles:u,1145248,100.00,,
     1.522150934,9730687,,instructions:u,1145184,100.00,,
     1.523296560,341,,branch-misses:u,1146176,100.00,,
     1.523296560,122,,cache-misses:u,1146240,100.00,,
     1.523296560,1516233,,bus-cycles:u,1146208,100.00,,
     1.523296560,9690512,,instructions:u,1146240,100.00,,
     1.524442985,341,,branch-misses:u,1146080,100.00,,
     1.524442985,47,,cache-misses:u,1145984,100.00,,
     1.524442985,1523569,,bus-cycles:u,1146016,100.00,,
     1.524442985,9724639,,instructions:u,1145984,100.00,,
     1.525588578,341,,branch-misses:u,1145824,100.00,,
     1.525588578,31,,cache-misses:u,1145856,100.00,,
     1.525588578,1522808,,bus-cycles:u,1145824,100.00,,
     1.525588578,9732699,,instructions:u,1145824,100.00,,
     1.526733915,340,,branch-misses:u,1145408,100.00,,
     1.526733915,30,,cache-misses:u,1145440,100.00,,
     1.526733915,1523114,,bus-cycles:u,1145440,100.00,,
     1.526733915,9706925,,instructions:u,1145408,100.00,,
     1.527880052,341,,branch-misses:u,1146784,100.00,,
     1.527880052,95,,cache-misses:u,1146752,100.00,,
     1.527880052,1518979,,bus-cycles:u,1146816,100.00,,
     1.527880052,9709749,,instructions:u,1146880,100.00,,
     1.529053738,348,,branch-misses:u,1173696,100.00,,
     1.529053738,35,,cache-misses:u,1173792,100.00,,
     1.529053738,1560072,,bus-cycles:u,1173888,100.00,,
     1.529053738,9965944,,instructions:u,1173888,100.00,,
     1.530200419,342,,branch-misses:u,1146496,100.00,,
     1.530200419,39,,cache-misses:u,1146368,100.00,,
     1.530200419,1523172,,bus-cycles:u,1146240,100.00,,
     1.530200419,9729949,,instructions:u,1146208,100.00,,
     1.531346652,341,,branch-misses:u,1146656,100.00,,
     1.531346652,101,,cache-misses:u,1146720,100.00,,
     1.531346652,1518333,,bus-cycles:u,1146848,100.00,,
     1.531346652,9705316,,instructions:u,1146880,100.00,,
     1.532493493,340,,branch-misses:u,1146624,100.00,,
     1.532493493,35,,cache-misses:u,1146624,100.00,,
     1.532493493,1523400,,bus-cycles:u,1146560,100.00,,
     1.532493493,9733286,,instructions:u,1146528,100.00,,
     1.533637998,341,,branch-misses:u,1144768,100.00,,
     1.533637998,31,,cache-misses:u,1144832,100.00,,
     1.533637998,1520610,,bus-cycles:u,1144800,100.00,,
     1.533637998,9720393,,instructions:u,1144800,100.00,,
     1.534783111,340,,branch-misses:u,1145152,100.00,,
     1.534783111,33,,cache-misses:u,1145056,100.00,,
     1.534783111,1520812,,bus-cycles:u,1145056,100.00,,
     1.534783111,9715529,,instructions:u,1145088,100.00,,
     1.535938143,344,,branch-misses:u,1155584,100.00,,
     1.535938143,88,,cache-misses:u,1155584,100.00,,
     1.535938143,1529079,,bus-cycles:u,1155520,100.00,,
     1.535938143,9774599,,instructions:u,1155520,100.00,,
     1.537084440,342,,branch-misses:u,1145984,100.00,,
     1.537084440,28,,cache-misses:u,1145984,100.00,,
     1.537084440,1522458,,bus-cycles:u,1146016,100.00,,
     1.537084440,9744261,,instructions:u,1145920,100.00,,
     1.538230194,341,,branch-misses:u,1145920,100.00,,
     1.538230194,33,,cache-misses:u,1146016,100.00,,
     1.538230194,1522926,,bus-cycles:u,1146048,100.00,,
     1.538230194,9729594,,instructions:u,1146112,100.00,,
     1.539376683,342,,branch-misses:u,1146976,100.00,,
     1.539376683,97,,cache-misses:u,1146784,100.00,,
     1.539376683,1517931,,bus-cycles:u,1146752,100.00,,
     1.539376683,9687997,,instructions:u,1146752,100.00,,
     1.540523492,342,,branch-misses:u,1146592,100.00,,
     1.540523492,33,,cache-misses:u,1146656,100.00,,
     1.540523492,1523292,,bus-cycles:u,1146688,100.00,,
     1.540523492,9762125,,instructions:u,1146656,100.00,,
     1.541669213,340,,branch-misses:u,1145696,100.00,,
     1.541669213,34,,cache-misses:u,1145760,100.00,,
     1.541669213,1522718,,bus-cycles:u,1145792,100.00,,
     1.541669213,9716513,,instructions:u,1145792,100.00,,
     1.542814422,342,,branch-misses:u,1145536,100.00,,
     1.542814422,29,,cache-misses:u,1145504,100.00,,
     1.542814422,1523215,,bus-cycles:u,1145440,100.00,,
     1.542814422,9722330,,instructions:u,1145504,100.00,,
     1.543967086,343,,branch-misses:u,1153056,100.00,,
     1.543967086,74,,cache-misses:u,1152960,100.00,,
     1.543967086,1527492,,bus-cycles:u,1153056,100.00,,
     1.543967086,9756165,,instructions:u,1152992,100.00,,
     1.545111431,340,,branch-misses:u,1143808,100.00,,
     1.545111431,37,,cache-misses:u,1143968,100.00,,
     1.545111431,1520370,,bus-cycles:u,1143904,100.00,,
     1.545111431,9717543,,instructions:u,1143904,100.00,,
     1.546254945,341,,branch-misses:u,1143520,100.00,,
     1.546254945,35,,cache-misses:u,1143456,100.00,,
     1.546254945,1520124,,bus-cycles:u,1143456,100.00,,
     1.546254945,9717221,,instructions:u,1143552,100.00,,
     1.547399450,341,,branch-misses:u,1145632,100.00,,
     1.547399450,107,,cache-misses:u,1146048,100.00,,
     1.547399450,1517799,,bus-cycles:u,1146144,100.00,,
     1.547399450,9709320,,instructions:u,1146144,100.00,,
     1.548550867,344,,branch-misses:u,1151168,100.00,,
     1.548550867,37,,cache-misses:u,1150816,100.00,,
     1.548550867,1530161,,bus-cycles:u,1150752,100.00,,
     1.548550867,9810630,,instructions:u,1150720,100.00,,
     1.549710090,345,,branch-misses:u,1159488,100.00,,
     1.549710090,33,,cache-misses:u,1159552,100.00,,
     1.549710090,1540687,,bus-cycles:u,1159552,100.00,,
     1.549710090,9847576,,instructions:u,1159648,100.00,,
     1.550864514,343,,branch-misses:u,1154688,100.00,,
     1.550864514,40,,cache-misses:u,1154784,100.00,,
     1.550864514,1530663,,bus-cycles:u,1154720,100.00,,
     1.550864514,9756623,,instructions:u,1154624,100.00,,
     1.552013403,342,,branch-misses:u,1148864,100.00,,
     1.552013403,81,,cache-misses:u,1148736,100.00,,
     1.552013403,1526779,,bus-cycles:u,1148768,100.00,,
     1.552013403,9755757,,instructions:u,1149312,100.00,,
     1.553160052,341,,branch-misses:u,1146752,100.00,,
     1.553160052,33,,cache-misses:u,1146656,100.00,,
     1.553160052,1523972,,bus-cycles:u,1146656,100.00,,
     1.553160052,9747008,,instructions:u,1146048,100.00,,
     1.554305773,342,,branch-misses:u,1145664,100.00,,
     1.554305773,31,,cache-misses:u,1145664,100.00,,
     1.554305773,1522723,,bus-cycles:u,1145728,100.00,,
     1.554305773,9732558,,instructions:u,1145792,100.00,,
     1.555451814,340,,branch-misses:u,1146432,100.00,,
     1.555451814,95,,cache-misses:u,1146368,100.00,,
     1.555451814,1516061,,bus-cycles:u,1146336,100.00,,
     1.555451814,9677072,,instructions:u,1146304,100.00,,
     1.556599327,342,,branch-misses:u,1147488,100.00,,
     1.556599327,34,,cache-misses:u,1147584,100.00,,
     1.556599327,1524895,,bus-cycles:u,1147520,100.00,,
     1.556599327,9744609,,instructions:u,1147488,100.00,,
     1.557744952,341,,branch-misses:u,1145664,100.00,,
     1.557744952,28,,cache-misses:u,1145696,100.00,,
     1.557744952,1523226,,bus-cycles:u,1145760,100.00,,
     1.557744952,9744984,,instructions:u,1145824,100.00,,
     1.558891409,341,,branch-misses:u,1146912,100.00,,
     1.558891409,44,,cache-misses:u,1146816,100.00,,
     1.558891409,1518133,,bus-cycles:u,1146752,100.00,,
     1.558891409,9712415,,instructions:u,1146752,100.00,,
     1.560038762,342,,branch-misses:u,1147168,100.00,,
     1.560038762,72,,cache-misses:u,1147104,100.00,,
     1.560038762,1524611,,bus-cycles:u,1147104,100.00,,
     1.560038762,9731148,,instructions:u,1147008,100.00,,
     1.561183683,341,,branch-misses:u,1144960,100.00,,
     1.561183683,35,,cache-misses:u,1145088,100.00,,
     1.561183683,1523512,,bus-cycles:u,1145056,100.00,,
     1.561183683,9738719,,instructions:u,1145152,100.00,,
     1.562328733,340,,branch-misses:u,1145184,100.00,,
     1.562328733,31,,cache-misses:u,1145120,100.00,,
     1.562328733,1523247,,bus-cycles:u,1145152,100.00,,
     1.562328733,9733754,,instructions:u,1145152,100.00,,
     1.563474710,340,,branch-misses:u,1146528,100.00,,
     1.563474710,99,,cache-misses:u,1146528,100.00,,
     1.563474710,1519016,,bus-cycles:u,1146528,100.00,,
     1.563474710,9661958,,instructions:u,1146496,100.00,,
     1.564621679,341,,branch-misses:u,1146752,100.00,,
     1.564621679,43,,cache-misses:u,1146688,100.00,,
     1.564621679,1525440,,bus-cycles:u,1146720,100.00,,
     1.564621679,9746876,,instructions:u,1146688,100.00,,
     1.565767016,342,,branch-misses:u,1145472,100.00,,
     1.565767016,31,,cache-misses:u,1145600,100.00,,
     1.565767016,1524244,,bus-cycles:u,1145568,100.00,,
     1.565767016,9756595,,instructions:u,1145600,100.00,,
     1.566913441,343,,branch-misses:u,1146944,100.00,,
     1.566913441,57,,cache-misses:u,1146912,100.00,,
     1.566913441,1521051,,bus-cycles:u,1147008,100.00,,
     1.566913441,9740148,,instructions:u,1147008,100.00,,
     1.568060826,341,,branch-misses:u,1147232,100.00,,
     1.568060826,66,,cache-misses:u,1147232,100.00,,
     1.568060826,1524981,,bus-cycles:u,1147168,100.00,,
     1.568060826,9719129,,instructions:u,1147232,100.00,,
     1.569205619,340,,branch-misses:u,1144960,100.00,,
     1.569205619,34,,cache-misses:u,1144960,100.00,,
     1.569205619,1521781,,bus-cycles:u,1144960,100.00,,
     1.569205619,9718002,,instructions:u,1144864,100.00,,
     1.570351212,341,,branch-misses:u,1145728,100.00,,
     1.570351212,35,,cache-misses:u,1145664,100.00,,
     1.570351212,1523047,,bus-cycles:u,1145632,100.00,,
     1.570351212,9752955,,instructions:u,1145664,100.00,,
     1.571512132,345,,branch-misses:u,1161408,100.00,,
     1.571512132,104,,cache-misses:u,1161600,100.00,,
     1.571512132,1539428,,bus-cycles:u,1161728,100.00,,
     1.571512132,9823618,,instructions:u,1161760,100.00,,
     1.572659740,343,,branch-misses:u,1147392,100.00,,
     1.572659740,31,,cache-misses:u,1147360,100.00,,
     1.572659740,1525376,,bus-cycles:u,1147264,100.00,,
     1.572659740,9772496,,instructions:u,1147296,100.00,,
     1.573804630,341,,branch-misses:u,1145056,100.00,,
     1.573804630,34,,cache-misses:u,1144992,100.00,,
     1.573804630,1521711,,bus-cycles:u,1144960,100.00,,
     1.573804630,9729130,,instructions:u,1144896,100.00,,
     1.574950511,341,,branch-misses:u,1146240,100.00,,
     1.574950511,62,,cache-misses:u,1146144,100.00,,
     1.574950511,1518153,,bus-cycles:u,1146112,100.00,,
     1.574950511,9710899,,instructions:u,1146144,100.00,,
     1.576097800,342,,branch-misses:u,1147168,100.00,,
     1.576097800,52,,cache-misses:u,1147296,100.00,,
     1.576097800,1524881,,bus-cycles:u,1147328,100.00,,
     1.576097800,9741817,,instructions:u,1147264,100.00,,
     1.577243169,341,,branch-misses:u,1145472,100.00,,
     1.577243169,33,,cache-misses:u,1145376,100.00,,
     1.577243169,1523281,,bus-cycles:u,1145376,100.00,,
     1.577243169,9740101,,instructions:u,1145408,100.00,,
     1.578387962,343,,branch-misses:u,1144832,100.00,,
     1.578387962,38,,cache-misses:u,1144832,100.00,,
     1.578387962,1522975,,bus-cycles:u,1144896,100.00,,
     1.578387962,9760440,,instructions:u,1144864,100.00,,
     1.579533747,341,,branch-misses:u,1146272,100.00,,
     1.579533747,98,,cache-misses:u,1146304,100.00,,
     1.579533747,1519851,,bus-cycles:u,1146272,100.00,,
     1.579533747,9722790,,instructions:u,1146336,100.00,,
     1.580680748,342,,branch-misses:u,1146912,100.00,,
     1.580680748,37,,cache-misses:u,1146976,100.00,,
     1.580680748,1524911,,bus-cycles:u,1146976,100.00,,
     1.580680748,9761884,,instructions:u,1146944,100.00,,
     1.581825957,341,,branch-misses:u,1145280,100.00,,
     1.581825957,28,,cache-misses:u,1145280,100.00,,
     1.581825957,1522618,,bus-cycles:u,1145344,100.00,,
     1.581825957,9733287,,instructions:u,1145408,100.00,,
     1.582972030,342,,branch-misses:u,1146368,100.00,,
     1.582972030,67,,cache-misses:u,1146336,100.00,,
     1.582972030,1519272,,bus-cycles:u,1146176,100.00,,
     1.582972030,9719683,,instructions:u,1146176,100.00,,
     1.584119095,342,,branch-misses:u,1147104,100.00,,
     1.584119095,54,,cache-misses:u,1147008,100.00,,
     1.584119095,1524492,,bus-cycles:u,1147072,100.00,,
     1.584119095,9747548,,instructions:u,1147008,100.00,,
     1.585264785,342,,branch-misses:u,1145856,100.00,,
     1.585264785,30,,cache-misses:u,1145888,100.00,,
     1.585264785,1523476,,bus-cycles:u,1145888,100.00,,
     1.585264785,9747918,,instructions:u,1145920,100.00,,
     1.586410218,341,,branch-misses:u,1145504,100.00,,
     1.586410218,30,,cache-misses:u,1145600,100.00,,
     1.586410218,1523293,,bus-cycles:u,1145632,100.00,,
     1.586410218,9733419,,instructions:u,1145632,100.00,,
     1.587556739,340,,branch-misses:u,1147040,100.00,,
     1.587556739,101,,cache-misses:u,1146944,100.00,,
     1.587556739,1519606,,bus-cycles:u,1146976,100.00,,
     1.587556739,9706873,,instructions:u,1147040,100.00,,
     1.588703804,342,,branch-misses:u,1146784,100.00,,
     1.588703804,34,,cache-misses:u,1146816,100.00,,
     1.588703804,1524920,,bus-cycles:u,1146752,100.00,,
     1.588703804,9770492,,instructions:u,1146720,100.00,,
     1.589848725,342,,branch-misses:u,1145088,100.00,,
     1.589848725,34,,cache-misses:u,1145088,100.00,,
     1.589848725,1522221,,bus-cycles:u,1145152,100.00,,
     1.589848725,9722610,,instructions:u,1145088,100.00,,
     1.590995470,340,,branch-misses:u,1147200,100.00,,
     1.590995470,73,,cache-misses:u,1147168,100.00,,
     1.590995470,1519844,,bus-cycles:u,1147136,100.00,,
     1.590995470,9684340,,instructions:u,1147232,100.00,,
     1.592153254,345,,branch-misses:u,1157696,100.00,,
     1.592153254,55,,cache-misses:u,1157792,100.00,,
     1.592153254,1539212,,bus-cycles:u,1157824,100.00,,
     1.592153254,9846801,,instructions:u,1157824,100.00,,
     1.593299903,341,,branch-misses:u,1146656,100.00,,
     1.593299903,35,,cache-misses:u,1146656,100.00,,
     1.593299903,1524847,,bus-cycles:u,1146656,100.00,,
     1.593299903,9744991,,instructions:u,1146560,100.00,,
     1.594444824,341,,branch-misses:u,1145024,100.00,,
     1.594444824,29,,cache-misses:u,1144896,100.00,,
     1.594444824,1521695,,bus-cycles:u,1144896,100.00,,
     1.594444824,9726175,,instructions:u,1144832,100.00,,
     1.595589425,340,,branch-misses:u,1145152,100.00,,
     1.595589425,109,,cache-misses:u,1145344,100.00,,
     1.595589425,1516741,,bus-cycles:u,1145280,100.00,,
     1.595589425,9682144,,instructions:u,1145408,100.00,,
     1.596736234,342,,branch-misses:u,1146592,100.00,,
     1.596736234,39,,cache-misses:u,1146528,100.00,,
     1.596736234,1523096,,bus-cycles:u,1146528,100.00,,
     1.596736234,9728819,,instructions:u,1146464,100.00,,
     1.597881443,339,,branch-misses:u,1145280,100.00,,
     1.597881443,32,,cache-misses:u,1145216,100.00,,
     1.597881443,1520907,,bus-cycles:u,1145248,100.00,,
     1.597881443,9691835,,instructions:u,1145344,100.00,,
     1.599027228,340,,branch-misses:u,1146272,100.00,,
     1.599027228,81,,cache-misses:u,1146272,100.00,,
     1.599027228,1518049,,bus-cycles:u,1146304,100.00,,
     1.599027228,9674026,,instructions:u,1146240,100.00,,
     1.600173813,341,,branch-misses:u,1146432,100.00,,
     1.600173813,49,,cache-misses:u,1146528,100.00,,
     1.600173813,1522079,,bus-cycles:u,1146560,100.00,,
     1.600173813,9722072,,instructions:u,1146560,100.00,,
     1.601317647,340,,branch-misses:u,1143936,100.00,,
     1.601317647,33,,cache-misses:u,1143840,100.00,,
     1.601317647,1519770,,bus-cycles:u,1143776,100.00,,
     1.601317647,9716024,,instructions:u,1143776,100.00,,
     1.602461992,341,,branch-misses:u,1144160,100.00,,
     1.602461992,33,,cache-misses:u,1144224,100.00,,
     1.602461992,1520017,,bus-cycles:u,1144224,100.00,,
     1.602461992,9702733,,instructions:u,1144256,100.00,,
     1.603606689,341,,branch-misses:u,1145728,100.00,,
     1.603606689,92,,cache-misses:u,1145760,100.00,,
     1.603606689,1517558,,bus-cycles:u,1146112,100.00,,
     1.603606689,9692086,,instructions:u,1146144,100.00,,
     1.604756730,342,,branch-misses:u,1149600,100.00,,
     1.604756730,35,,cache-misses:u,1149728,100.00,,
     1.604756730,1527238,,bus-cycles:u,1149376,100.00,,
     1.604756730,9760165,,instructions:u,1149280,100.00,,
     1.605903155,340,,branch-misses:u,1146528,100.00,,
     1.605903155,31,,cache-misses:u,1146304,100.00,,
     1.605903155,1523747,,bus-cycles:u,1146304,100.00,,
     1.605903155,9713337,,instructions:u,1146272,100.00,,
     1.607050796,341,,branch-misses:u,1148160,100.00,,
     1.607050796,117,,cache-misses:u,1148544,100.00,,
     1.607050796,1518531,,bus-cycles:u,1148640,100.00,,
     1.607050796,9717297,,instructions:u,1148768,100.00,,
     1.608199429,342,,branch-misses:u,1148384,100.00,,
     1.608199429,42,,cache-misses:u,1148064,100.00,,
     1.608199429,1525215,,bus-cycles:u,1147936,100.00,,
     1.608199429,9752447,,instructions:u,1147840,100.00,,
     1.609344830,342,,branch-misses:u,1145536,100.00,,
     1.609344830,37,,cache-misses:u,1145504,100.00,,
     1.609344830,1522796,,bus-cycles:u,1145536,100.00,,
     1.609344830,9722281,,instructions:u,1145568,100.00,,
     1.610490647,342,,branch-misses:u,1146048,100.00,,
     1.610490647,32,,cache-misses:u,1146048,100.00,,
     1.610490647,1522892,,bus-cycles:u,1146048,100.00,,
     1.610490647,9753787,,instructions:u,1146016,100.00,,
     1.611636272,341,,branch-misses:u,1146112,100.00,,
     1.611636272,101,,cache-misses:u,1146080,100.00,,
     1.611636272,1517145,,bus-cycles:u,1146112,100.00,,
     1.611636272,9680018,,instructions:u,1146112,100.00,,
     1.612782025,341,,branch-misses:u,1145408,100.00,,
     1.612782025,35,,cache-misses:u,1145440,100.00,,
     1.612782025,1522106,,bus-cycles:u,1145408,100.00,,
     1.612782025,9744262,,instructions:u,1145440,100.00,,
     1.613938081,344,,branch-misses:u,1156352,100.00,,
     1.613938081,33,,cache-misses:u,1156384,100.00,,
     1.613938081,1537004,,bus-cycles:u,1156384,100.00,,
     1.613938081,9823735,,instructions:u,1156320,100.00,,
     1.615083866,342,,branch-misses:u,1146880,100.00,,
     1.615083866,102,,cache-misses:u,1147264,100.00,,
     1.615083866,1519326,,bus-cycles:u,1147360,100.00,,
     1.615083866,9721390,,instructions:u,1147712,100.00,,
     1.616238354,343,,branch-misses:u,1153824,100.00,,
     1.616238354,34,,cache-misses:u,1153728,100.00,,
     1.616238354,1532888,,bus-cycles:u,1153632,100.00,,
     1.616238354,9804543,,instructions:u,1153312,100.00,,
     1.617385355,341,,branch-misses:u,1146944,100.00,,
     1.617385355,35,,cache-misses:u,1146752,100.00,,
     1.617385355,1524892,,bus-cycles:u,1146784,100.00,,
     1.617385355,9746863,,instructions:u,1146816,100.00,,
     1.618531204,342,,branch-misses:u,1145920,100.00,,
     1.618531204,31,,cache-misses:u,1145920,100.00,,
     1.618531204,1522505,,bus-cycles:u,1145888,100.00,,
     1.618531204,9744023,,instructions:u,1145856,100.00,,
     1.619677565,341,,branch-misses:u,1146944,100.00,,
     1.619677565,96,,cache-misses:u,1146784,100.00,,
     1.619677565,1519465,,bus-cycles:u,1146784,100.00,,
     1.619677565,9713892,,instructions:u,1146720,100.00,,
     1.620824374,344,,branch-misses:u,1146624,100.00,,
     1.620824374,35,,cache-misses:u,1146752,100.00,,
     1.620824374,1524496,,bus-cycles:u,1146720,100.00,,
     1.620824374,9759628,,instructions:u,1146848,100.00,,
     1.621970287,341,,branch-misses:u,1145856,100.00,,
     1.621970287,41,,cache-misses:u,1145728,100.00,,
     1.621970287,1521556,,bus-cycles:u,1145728,100.00,,
     1.621970287,9717989,,instructions:u,1145728,100.00,,
     1.623116169,341,,branch-misses:u,1146336,100.00,,
     1.623116169,94,,cache-misses:u,1146336,100.00,,
     1.623116169,1518864,,bus-cycles:u,1146368,100.00,,
     1.623116169,9703627,,instructions:u,1146336,100.00,,
     1.624263425,342,,branch-misses:u,1147104,100.00,,
     1.624263425,38,,cache-misses:u,1147072,100.00,,
     1.624263425,1524538,,bus-cycles:u,1147168,100.00,,
     1.624263425,9754049,,instructions:u,1147232,100.00,,
     1.625408251,340,,branch-misses:u,1145024,100.00,,
     1.625408251,39,,cache-misses:u,1145088,100.00,,
     1.625408251,1520640,,bus-cycles:u,1144960,100.00,,
     1.625408251,9710393,,instructions:u,1144896,100.00,,
     1.626553460,341,,branch-misses:u,1145248,100.00,,
     1.626553460,34,,cache-misses:u,1145216,100.00,,
     1.626553460,1521204,,bus-cycles:u,1145280,100.00,,
     1.626553460,9735691,,instructions:u,1145280,100.00,,
     1.627699981,342,,branch-misses:u,1147136,100.00,,
     1.627699981,104,,cache-misses:u,1147136,100.00,,
     1.627699981,1519204,,bus-cycles:u,1147072,100.00,,
     1.627699981,9708682,,instructions:u,1147104,100.00,,
     1.628847046,342,,branch-misses:u,1146784,100.00,,
     1.628847046,35,,cache-misses:u,1146784,100.00,,
     1.628847046,1524442,,bus-cycles:u,1146816,100.00,,
     1.628847046,9744887,,instructions:u,1146752,100.00,,
     1.629992351,340,,branch-misses:u,1145504,100.00,,
     1.629992351,34,,cache-misses:u,1145536,100.00,,
     1.629992351,1523032,,bus-cycles:u,1145504,100.00,,
     1.629992351,9714988,,instructions:u,1145504,100.00,,
     1.631138936,342,,branch-misses:u,1147072,100.00,,
     1.631138936,102,,cache-misses:u,1147040,100.00,,
     1.631138936,1519406,,bus-cycles:u,1147040,100.00,,
     1.631138936,9718136,,instructions:u,1147104,100.00,,
     1.632286225,341,,branch-misses:u,1146912,100.00,,
     1.632286225,39,,cache-misses:u,1146912,100.00,,
     1.632286225,1524986,,bus-cycles:u,1146912,100.00,,
     1.632286225,9737610,,instructions:u,1146880,100.00,,
     1.633431146,341,,branch-misses:u,1145120,100.00,,
     1.633431146,35,,cache-misses:u,1145088,100.00,,
     1.633431146,1522283,,bus-cycles:u,1145120,100.00,,
     1.633431146,9729928,,instructions:u,1145152,100.00,,
     1.634587394,345,,branch-misses:u,1156672,100.00,,
     1.634587394,30,,cache-misses:u,1156736,100.00,,
     1.634587394,1537482,,bus-cycles:u,1156704,100.00,,
     1.634587394,9848756,,instructions:u,1156672,100.00,,
     1.635734423,340,,branch-misses:u,1147232,100.00,,
     1.635734423,100,,cache-misses:u,1147200,100.00,,
     1.635734423,1518193,,bus-cycles:u,1147264,100.00,,
     1.635734423,9688636,,instructions:u,1147264,100.00,,
     1.636880842,342,,branch-misses:u,1146176,100.00,,
     1.636880842,33,,cache-misses:u,1146208,100.00,,
     1.636880842,1523552,,bus-cycles:u,1146208,100.00,,
     1.636880842,9750690,,instructions:u,1146144,100.00,,
     1.638025854,340,,branch-misses:u,1145312,100.00,,
     1.638025854,32,,cache-misses:u,1145280,100.00,,
     1.638025854,1522088,,bus-cycles:u,1145248,100.00,,
     1.638025854,9726976,,instructions:u,1145312,100.00,,
     1.639171697,342,,branch-misses:u,1146144,100.00,,
     1.639171697,101,,cache-misses:u,1146080,100.00,,
     1.639171697,1518491,,bus-cycles:u,1146016,100.00,,
     1.639171697,9719096,,instructions:u,1146016,100.00,,
     1.640318693,341,,branch-misses:u,1146944,100.00,,
     1.640318693,37,,cache-misses:u,1147072,100.00,,
     1.640318693,1524931,,bus-cycles:u,1147104,100.00,,
     1.640318693,9746233,,instructions:u,1147104,100.00,,
     1.641463160,341,,branch-misses:u,1144544,100.00,,
     1.641463160,36,,cache-misses:u,1144544,100.00,,
     1.641463160,1521092,,bus-cycles:u,1144544,100.00,,
     1.641463160,9722560,,instructions:u,1144544,100.00,,
     1.642608620,339,,branch-misses:u,1145664,100.00,,
     1.642608620,32,,cache-misses:u,1145600,100.00,,
     1.642608620,1522976,,bus-cycles:u,1145632,100.00,,
     1.642608620,9708086,,instructions:u,1145600,100.00,,
     1.643753791,341,,branch-misses:u,1145632,100.00,,
     1.643753791,102,,cache-misses:u,1145600,100.00,,
     1.643753791,1517437,,bus-cycles:u,1145696,100.00,,
     1.643753791,9695549,,instructions:u,1145728,100.00,,
     1.644899923,341,,branch-misses:u,1145984,100.00,,
     1.644899923,40,,cache-misses:u,1145984,100.00,,
     1.644899923,1522632,,bus-cycles:u,1145888,100.00,,
     1.644899923,9738018,,instructions:u,1145824,100.00,,
     1.646044998,342,,branch-misses:u,1145120,100.00,,
     1.646044998,52,,cache-misses:u,1145120,100.00,,
     1.646044998,1521860,,bus-cycles:u,1145088,100.00,,
     1.646044998,9748720,,instructions:u,1145120,100.00,,
     1.647189658,341,,branch-misses:u,1145024,100.00,,
     1.647189658,104,,cache-misses:u,1145184,100.00,,
     1.647189658,1517614,,bus-cycles:u,1145280,100.00,,
     1.647189658,9706348,,instructions:u,1145248,100.00,,
     1.648336365,342,,branch-misses:u,1146656,100.00,,
     1.648336365,36,,cache-misses:u,1146528,100.00,,
     1.648336365,1524853,,bus-cycles:u,1146464,100.00,,
     1.648336365,9749425,,instructions:u,1146528,100.00,,
     1.649481089,341,,branch-misses:u,1144800,100.00,,
     1.649481089,37,,cache-misses:u,1144864,100.00,,
     1.649481089,1521761,,bus-cycles:u,1144864,100.00,,
     1.649481089,9737482,,instructions:u,1144832,100.00,,
     1.650626229,341,,branch-misses:u,1145312,100.00,,
     1.650626229,33,,cache-misses:u,1145216,100.00,,
     1.650626229,1522614,,bus-cycles:u,1145280,100.00,,
     1.650626229,9742299,,instructions:u,1145280,100.00,,
     1.651772328,342,,branch-misses:u,1146624,100.00,,
     1.651772328,100,,cache-misses:u,1146656,100.00,,
     1.651772328,1519205,,bus-cycles:u,1146592,100.00,,
     1.651772328,9694742,,instructions:u,1146560,100.00,,
     1.652919355,342,,branch-misses:u,1146656,100.00,,
     1.652919355,35,,cache-misses:u,1146624,100.00,,
     1.652919355,1524136,,bus-cycles:u,1146592,100.00,,
     1.652919355,9762705,,instructions:u,1146720,100.00,,
     1.654064399,341,,branch-misses:u,1145312,100.00,,
     1.654064399,34,,cache-misses:u,1145344,100.00,,
     1.654064399,1523269,,bus-cycles:u,1145344,100.00,,
     1.654064399,9743564,,instructions:u,1145248,100.00,,
     1.655209794,340,,branch-misses:u,1145952,100.00,,
     1.655209794,101,,cache-misses:u,1145952,100.00,,
     1.655209794,1516160,,bus-cycles:u,1145920,100.00,,
     1.655209794,9684417,,instructions:u,1145984,100.00,,
     1.656366773,345,,branch-misses:u,1156896,100.00,,
     1.656366773,39,,cache-misses:u,1156992,100.00,,
     1.656366773,1536693,,bus-cycles:u,1157120,100.00,,
     1.656366773,9849527,,instructions:u,1157088,100.00,,
     1.657512360,342,,branch-misses:u,1146048,100.00,,
     1.657512360,33,,cache-misses:u,1146016,100.00,,
     1.657512360,1523214,,bus-cycles:u,1145952,100.00,,
     1.657512360,9736038,,instructions:u,1145952,100.00,,
     1.658656444,339,,branch-misses:u,1143680,100.00,,
     1.658656444,30,,cache-misses:u,1143648,100.00,,
     1.658656444,1520035,,bus-cycles:u,1143648,100.00,,
     1.658656444,9685969,,instructions:u,1143648,100.00,,
     1.659802959,341,,branch-misses:u,1147424,100.00,,
     1.659802959,98,,cache-misses:u,1147616,100.00,,
     1.659802959,1519195,,bus-cycles:u,1147616,100.00,,
     1.659802959,9702311,,instructions:u,1147680,100.00,,
     1.660955170,344,,branch-misses:u,1151744,100.00,,
     1.660955170,40,,cache-misses:u,1151616,100.00,,
     1.660955170,1531529,,bus-cycles:u,1151648,100.00,,
     1.660955170,9813223,,instructions:u,1151616,100.00,,
     1.662101141,342,,branch-misses:u,1145920,100.00,,
     1.662101141,35,,cache-misses:u,1145888,100.00,,
     1.662101141,1523724,,bus-cycles:u,1145824,100.00,,
     1.662101141,9767305,,instructions:u,1145728,100.00,,
     1.663246697,341,,branch-misses:u,1146112,100.00,,
     1.663246697,106,,cache-misses:u,1145984,100.00,,
     1.663246697,1518094,,bus-cycles:u,1145952,100.00,,
     1.663246697,9706582,,instructions:u,1145984,100.00,,
     1.664393276,342,,branch-misses:u,1146464,100.00,,
     1.664393276,41,,cache-misses:u,1146592,100.00,,
     1.664393276,1524466,,bus-cycles:u,1146624,100.00,,
     1.664393276,9752873,,instructions:u,1146688,100.00,,
     1.665538672,341,,branch-misses:u,1145504,100.00,,
     1.665538672,35,,cache-misses:u,1145440,100.00,,
     1.665538672,1521777,,bus-cycles:u,1145472,100.00,,
     1.665538672,9726189,,instructions:u,1145408,100.00,,
     1.666683683,339,,branch-misses:u,1145024,100.00,,
     1.666683683,33,,cache-misses:u,1145024,100.00,,
     1.666683683,1520493,,bus-cycles:u,1144960,100.00,,
     1.666683683,9689644,,instructions:u,1144992,100.00,,
     1.667830103,341,,branch-misses:u,1146880,100.00,,
     1.667830103,93,,cache-misses:u,1146976,100.00,,
     1.667830103,1518462,,bus-cycles:u,1147008,100.00,,
     1.667830103,9707484,,instructions:u,1147008,100.00,,
     1.668977002,342,,branch-misses:u,1146784,100.00,,
     1.668977002,32,,cache-misses:u,1146688,100.00,,
     1.668977002,1523704,,bus-cycles:u,1146656,100.00,,
     1.668977002,9768104,,instructions:u,1146624,100.00,,
     1.670123326,342,,branch-misses:u,1146560,100.00,,
     1.670123326,36,,cache-misses:u,1146464,100.00,,
     1.670123326,1522973,,bus-cycles:u,1146464,100.00,,
     1.670123326,9737319,,instructions:u,1146496,100.00,,
     1.671269073,341,,branch-misses:u,1146144,100.00,,
     1.671269073,95,,cache-misses:u,1146176,100.00,,
     1.671269073,1519899,,bus-cycles:u,1146144,100.00,,
     1.671269073,9713754,,instructions:u,1146144,100.00,,
     1.672416132,342,,branch-misses:u,1146848,100.00,,
     1.672416132,31,,cache-misses:u,1147040,100.00,,
     1.672416132,1524840,,bus-cycles:u,1147136,100.00,,
     1.672416132,9742788,,instructions:u,1147168,100.00,,
     1.673562136,341,,branch-misses:u,1146112,100.00,,
     1.673562136,30,,cache-misses:u,1145984,100.00,,
     1.673562136,1524752,,bus-cycles:u,1145984,100.00,,
     1.673562136,9740817,,instructions:u,1145856,100.00,,
     1.674707307,341,,branch-misses:u,1145312,100.00,,
     1.674707307,35,,cache-misses:u,1145280,100.00,,
     1.674707307,1524199,,bus-cycles:u,1145248,100.00,,
     1.674707307,9739604,,instructions:u,1145312,100.00,,
     1.675852575,340,,branch-misses:u,1145824,100.00,,
     1.675852575,96,,cache-misses:u,1145856,100.00,,
     1.675852575,1519703,,bus-cycles:u,1145792,100.00,,
     1.675852575,9707200,,instructions:u,1145856,100.00,,
     1.677010705,345,,branch-misses:u,1158048,100.00,,
     1.677010705,31,,cache-misses:u,1158080,100.00,,
     1.677010705,1540568,,bus-cycles:u,1158208,100.00,,
     1.677010705,9848848,,instructions:u,1158208,100.00,,
     1.678156037,341,,branch-misses:u,1145312,100.00,,
     1.678156037,32,,cache-misses:u,1145312,100.00,,
     1.678156037,1523542,,bus-cycles:u,1145280,100.00,,
     1.678156037,9710520,,instructions:u,1145248,100.00,,
     1.679301720,341,,branch-misses:u,1145984,100.00,,
     1.679301720,105,,cache-misses:u,1145984,100.00,,
     1.679301720,1519043,,bus-cycles:u,1145984,100.00,,
     1.679301720,9707192,,instructions:u,1145984,100.00,,
     1.680447628,342,,branch-misses:u,1145984,100.00,,
     1.680447628,34,,cache-misses:u,1145856,100.00,,
     1.680447628,1524584,,bus-cycles:u,1145792,100.00,,
     1.680447628,9754622,,instructions:u,1145760,100.00,,
     1.681592095,341,,branch-misses:u,1144480,100.00,,
     1.681592095,35,,cache-misses:u,1144512,100.00,,
     1.681592095,1521815,,bus-cycles:u,1144576,100.00,,
     1.681592095,9733472,,instructions:u,1144576,100.00,,
     1.682736211,344,,branch-misses:u,1144224,100.00,,
     1.682736211,29,,cache-misses:u,1144288,100.00,,
     1.682736211,1521866,,bus-cycles:u,1144256,100.00,,
     1.682736211,9720403,,instructions:u,1144256,100.00,,
     1.683881382,340,,branch-misses:u,1145728,100.00,,
     1.683881382,86,,cache-misses:u,1145696,100.00,,
     1.683881382,1518929,,bus-cycles:u,1145664,100.00,,
     1.683881382,9693905,,instructions:u,1145664,100.00,,
     1.685027642,342,,branch-misses:u,1146240,100.00,,
     1.685027642,33,,cache-misses:u,1146240,100.00,,
     1.685027642,1524450,,bus-cycles:u,1146336,100.00,,
     1.685027642,9760343,,instructions:u,1146304,100.00,,
     1.686173901,341,,branch-misses:u,1146208,100.00,,
     1.686173901,35,,cache-misses:u,1146208,100.00,,
     1.686173901,1524229,,bus-cycles:u,1146176,100.00,,
     1.686173901,9739541,,instructions:u,1146240,100.00,,
     1.687318657,340,,branch-misses:u,1145280,100.00,,
     1.687318657,94,,cache-misses:u,1145248,100.00,,
     1.687318657,1517863,,bus-cycles:u,1145248,100.00,,
     1.687318657,9692600,,instructions:u,1145248,100.00,,
     1.688464436,343,,branch-misses:u,1145632,100.00,,
     1.688464436,36,,cache-misses:u,1145696,100.00,,
     1.688464436,1524356,,bus-cycles:u,1145632,100.00,,
     1.688464436,9756584,,instructions:u,1145536,100.00,,
     1.689609416,342,,branch-misses:u,1145024,100.00,,
     1.689609416,28,,cache-misses:u,1144992,100.00,,
     1.689609416,1522746,,bus-cycles:u,1145024,100.00,,
     1.689609416,9729014,,instructions:u,1145184,100.00,,
     1.690754172,340,,branch-misses:u,1144768,100.00,,
     1.690754172,29,,cache-misses:u,1144864,100.00,,
     1.690754172,1522678,,bus-cycles:u,1144864,100.00,,
     1.690754172,9707910,,instructions:u,1144832,100.00,,
     1.691899503,341,,branch-misses:u,1146144,100.00,,
     1.691899503,92,,cache-misses:u,1146176,100.00,,
     1.691899503,1517613,,bus-cycles:u,1146208,100.00,,
     1.691899503,9702573,,instructions:u,1146208,100.00,,
     1.693048354,341,,branch-misses:u,1148544,100.00,,
     1.693048354,33,,cache-misses:u,1148480,100.00,,
     1.693048354,1527053,,bus-cycles:u,1148448,100.00,,
     1.693048354,9744975,,instructions:u,1148416,100.00,,
     1.694194326,343,,branch-misses:u,1145984,100.00,,
     1.694194326,31,,cache-misses:u,1145952,100.00,,
     1.694194326,1524500,,bus-cycles:u,1145952,100.00,,
     1.694194326,9757120,,instructions:u,1145920,100.00,,
     1.695339689,340,,branch-misses:u,1145888,100.00,,
     1.695339689,102,,cache-misses:u,1145920,100.00,,
     1.695339689,1518901,,bus-cycles:u,1145856,100.00,,
     1.695339689,9714051,,instructions:u,1145888,100.00,,
     1.696486397,342,,branch-misses:u,1146528,100.00,,
     1.696486397,40,,cache-misses:u,1146592,100.00,,
     1.696486397,1525418,,bus-cycles:u,1146592,100.00,,
     1.696486397,9748473,,instructions:u,1146624,100.00,,
     1.697643471,344,,branch-misses:u,1157376,100.00,,
     1.697643471,35,,cache-misses:u,1157344,100.00,,
     1.697643471,1540109,,bus-cycles:u,1157504,100.00,,
     1.697643471,9837577,,instructions:u,1157472,100.00,,
     1.698789218,343,,branch-misses:u,1145760,100.00,,
     1.698789218,34,,cache-misses:u,1145856,100.00,,
     1.698789218,1524035,,bus-cycles:u,1145760,100.00,,
     1.698789218,9769951,,instructions:u,1145792,100.00,,
     1.699945397,346,,branch-misses:u,1156640,100.00,,
     1.699945397,89,,cache-misses:u,1156544,100.00,,
     1.699945397,1533715,,bus-cycles:u,1156512,100.00,,
     1.699945397,9808742,,instructions:u,1156512,100.00,,
     1.701090568,341,,branch-misses:u,1144928,100.00,,
     1.701090568,35,,cache-misses:u,1144896,100.00,,
     1.701090568,1522991,,bus-cycles:u,1144960,100.00,,
     1.701090568,9747706,,instructions:u,1144928,100.00,,
     1.702234876,342,,branch-misses:u,1144384,100.00,,
     1.702234876,34,,cache-misses:u,1144352,100.00,,
     1.702234876,1522803,,bus-cycles:u,1144352,100.00,,
     1.702234876,9745853,,instructions:u,1144352,100.00,,
     1.703380463,341,,branch-misses:u,1146080,100.00,,
     1.703380463,99,,cache-misses:u,1146112,100.00,,
     1.703380463,1520652,,bus-cycles:u,1146048,100.00,,
     1.703380463,9719202,,instructions:u,1146048,100.00,,
     1.704526883,342,,branch-misses:u,1146336,100.00,,
     1.704526883,30,,cache-misses:u,1146304,100.00,,
     1.704526883,1524901,,bus-cycles:u,1146400,100.00,,
     1.704526883,9748257,,instructions:u,1146336,100.00,,
     1.705672118,343,,branch-misses:u,1145248,100.00,,
     1.705672118,31,,cache-misses:u,1145152,100.00,,
     1.705672118,1523378,,bus-cycles:u,1145024,100.00,,
     1.705672118,9756148,,instructions:u,1145056,100.00,,
     1.706817258,341,,branch-misses:u,1145376,100.00,,
     1.706817258,34,,cache-misses:u,1145472,100.00,,
     1.706817258,1523533,,bus-cycles:u,1145504,100.00,,
     1.706817258,9755141,,instructions:u,1145600,100.00,,
     1.707974524,345,,branch-misses:u,1157760,100.00,,
     1.707974524,80,,cache-misses:u,1157760,100.00,,
     1.707974524,1535392,,bus-cycles:u,1157728,100.00,,
     1.707974524,9806171,,instructions:u,1157632,100.00,,
     1.709120175,341,,branch-misses:u,1145408,100.00,,
     1.709120175,37,,cache-misses:u,1145440,100.00,,
     1.709120175,1523519,,bus-cycles:u,1145504,100.00,,
     1.709120175,9749970,,instructions:u,1145536,100.00,,
     1.710265091,342,,branch-misses:u,1145120,100.00,,
     1.710265091,31,,cache-misses:u,1145088,100.00,,
     1.710265091,1521764,,bus-cycles:u,1145088,100.00,,
     1.710265091,9756438,,instructions:u,1144960,100.00,,
     1.711410615,342,,branch-misses:u,1145920,100.00,,
     1.711410615,102,,cache-misses:u,1145888,100.00,,
     1.711410615,1519007,,bus-cycles:u,1145856,100.00,,
     1.711410615,9717421,,instructions:u,1145952,100.00,,
     1.712556522,342,,branch-misses:u,1145696,100.00,,
     1.712556522,35,,cache-misses:u,1145696,100.00,,
     1.712556522,1522929,,bus-cycles:u,1145728,100.00,,
     1.712556522,9754897,,instructions:u,1145664,100.00,,
     1.713700606,341,,branch-misses:u,1143776,100.00,,
     1.713700606,33,,cache-misses:u,1143776,100.00,,
     1.713700606,1520207,,bus-cycles:u,1143712,100.00,,
     1.713700606,9734191,,instructions:u,1143712,100.00,,
     1.714843634,341,,branch-misses:u,1143200,100.00,,
     1.714843634,35,,cache-misses:u,1143232,100.00,,
     1.714843634,1520506,,bus-cycles:u,1143296,100.00,,
     1.714843634,9733207,,instructions:u,1143360,100.00,,
     1.716012482,347,,branch-misses:u,1169984,100.00,,
     1.716012482,78,,cache-misses:u,1170176,100.00,,
     1.716012482,1552773,,bus-cycles:u,1170176,100.00,,
     1.716012482,9913660,,instructions:u,1170240,100.00,,
     1.717158646,342,,branch-misses:u,1145728,100.00,,
     1.717158646,40,,cache-misses:u,1145600,100.00,,
     1.717158646,1524298,,bus-cycles:u,1145600,100.00,,
     1.717158646,9732590,,instructions:u,1145536,100.00,,
     1.718302409,341,,branch-misses:u,1143648,100.00,,
     1.718302409,32,,cache-misses:u,1143552,100.00,,
     1.718302409,1520785,,bus-cycles:u,1143552,100.00,,
     1.718302409,9720979,,instructions:u,1143552,100.00,,
     1.719459260,344,,branch-misses:u,1158432,100.00,,
     1.719459260,117,,cache-misses:u,1158848,100.00,,
     1.719459260,1536481,,bus-cycles:u,1159264,100.00,,
     1.719459260,9800732,,instructions:u,1159648,100.00,,
     1.720616014,345,,branch-misses:u,1155808,100.00,,
     1.720616014,32,,cache-misses:u,1155808,100.00,,
     1.720616014,1536957,,bus-cycles:u,1155488,100.00,,
     1.720616014,9841998,,instructions:u,1155200,100.00,,
     1.721762337,342,,branch-misses:u,1146400,100.00,,
     1.721762337,35,,cache-misses:u,1146048,100.00,,
     1.721762337,1524991,,bus-cycles:u,1146016,100.00,,
     1.721762337,9766623,,instructions:u,1146016,100.00,,
     1.722909844,343,,branch-misses:u,1148032,100.00,,
     1.722909844,75,,cache-misses:u,1148192,100.00,,
     1.722909844,1522747,,bus-cycles:u,1148160,100.00,,
     1.722909844,9733572,,instructions:u,1148064,100.00,,
     1.724057384,341,,branch-misses:u,1147232,100.00,,
     1.724057384,70,,cache-misses:u,1147200,100.00,,
     1.724057384,1525951,,bus-cycles:u,1147296,100.00,,
     1.724057384,9725661,,instructions:u,1147264,100.00,,
     1.725202971,340,,branch-misses:u,1145760,100.00,,
     1.725202971,34,,cache-misses:u,1145728,100.00,,
     1.725202971,1522713,,bus-cycles:u,1145664,100.00,,
     1.725202971,9724850,,instructions:u,1145728,100.00,,
     1.726348495,342,,branch-misses:u,1145632,100.00,,
     1.726348495,32,,cache-misses:u,1145536,100.00,,
     1.726348495,1523789,,bus-cycles:u,1145408,100.00,,
     1.726348495,9768150,,instructions:u,1145344,100.00,,
     1.727495170,343,,branch-misses:u,1147168,100.00,,
     1.727495170,103,,cache-misses:u,1147200,100.00,,
     1.727495170,1521519,,bus-cycles:u,1147264,100.00,,
     1.727495170,9731943,,instructions:u,1147328,100.00,,
     1.728641142,343,,branch-misses:u,1145824,100.00,,
     1.728641142,35,,cache-misses:u,1145824,100.00,,
     1.728641142,1524105,,bus-cycles:u,1145856,100.00,,
     1.728641142,9750899,,instructions:u,1145856,100.00,,
     1.729786313,340,,branch-misses:u,1145280,100.00,,
     1.729786313,32,,cache-misses:u,1145248,100.00,,
     1.729786313,1523986,,bus-cycles:u,1145248,100.00,,
     1.729786313,9714940,,instructions:u,1145248,100.00,,
     1.730931997,341,,branch-misses:u,1146304,100.00,,
     1.730931997,69,,cache-misses:u,1146144,100.00,,
     1.730931997,1518226,,bus-cycles:u,1146208,100.00,,
     1.730931997,9715897,,instructions:u,1146176,100.00,,
     1.732078768,341,,branch-misses:u,1146464,100.00,,
     1.732078768,73,,cache-misses:u,1146560,100.00,,
     1.732078768,1524859,,bus-cycles:u,1146464,100.00,,
     1.732078768,9757130,,instructions:u,1146560,100.00,,
     1.733223844,341,,branch-misses:u,1145216,100.00,,
     1.733223844,29,,cache-misses:u,1145216,100.00,,
     1.733223844,1523237,,bus-cycles:u,1145248,100.00,,
     1.733223844,9739846,,instructions:u,1145184,100.00,,
     1.734369335,342,,branch-misses:u,1145536,100.00,,
     1.734369335,34,,cache-misses:u,1145504,100.00,,
     1.734369335,1523725,,bus-cycles:u,1145504,100.00,,
     1.734369335,9741468,,instructions:u,1145472,100.00,,
     1.735514571,341,,branch-misses:u,1145888,100.00,,
     1.735514571,105,,cache-misses:u,1146016,100.00,,
     1.735514571,1519050,,bus-cycles:u,1146016,100.00,,
     1.735514571,9692908,,instructions:u,1146016,100.00,,
     1.736661438,341,,branch-misses:u,1146560,100.00,,
     1.736661438,35,,cache-misses:u,1146624,100.00,,
     1.736661438,1524395,,bus-cycles:u,1146592,100.00,,
     1.736661438,9757758,,instructions:u,1146624,100.00,,
     1.737807442,342,,branch-misses:u,1146304,100.00,,
     1.737807442,31,,cache-misses:u,1146176,100.00,,
     1.737807442,1524702,,bus-cycles:u,1146208,100.00,,
     1.737807442,9743410,,instructions:u,1146176,100.00,,
     1.738953029,342,,branch-misses:u,1145952,100.00,,
     1.738953029,71,,cache-misses:u,1145920,100.00,,
     1.738953029,1519670,,bus-cycles:u,1145888,100.00,,
     1.738953029,9738916,,instructions:u,1145920,100.00,,
     1.740111383,346,,branch-misses:u,1158272,100.00,,
     1.740111383,52,,cache-misses:u,1158432,100.00,,
     1.740111383,1540186,,bus-cycles:u,1158560,100.00,,
     1.740111383,9853170,,instructions:u,1158592,100.00,,
     1.741256907,342,,branch-misses:u,1145536,100.00,,
     1.741256907,34,,cache-misses:u,1145376,100.00,,
     1.741256907,1523222,,bus-cycles:u,1145344,100.00,,
     1.741256907,9756952,,instructions:u,1145344,100.00,,
     1.742401182,340,,branch-misses:u,1144512,100.00,,
     1.742401182,34,,cache-misses:u,1144544,100.00,,
     1.742401182,1521813,,bus-cycles:u,1144544,100.00,,
     1.742401182,9719763,,instructions:u,1144448,100.00,,
     1.743546450,341,,branch-misses:u,1145632,100.00,,
     1.743546450,99,,cache-misses:u,1145632,100.00,,
     1.743546450,1519494,,bus-cycles:u,1145600,100.00,,
     1.743546450,9703394,,instructions:u,1145664,100.00,,
     1.744692869,342,,branch-misses:u,1146272,100.00,,
     1.744692869,35,,cache-misses:u,1146240,100.00,,
     1.744692869,1524768,,bus-cycles:u,1146272,100.00,,
     1.744692869,9763729,,instructions:u,1146208,100.00,,
     1.745837113,341,,branch-misses:u,1144352,100.00,,
     1.745837113,37,,cache-misses:u,1144320,100.00,,
     1.745837113,1522058,,bus-cycles:u,1144256,100.00,,
     1.745837113,9741026,,instructions:u,1144192,100.00,,
     1.746981836,344,,branch-misses:u,1145216,100.00,,
     1.746981836,79,,cache-misses:u,1145312,100.00,,
     1.746981836,1519357,,bus-cycles:u,1145280,100.00,,
     1.746981836,9719926,,instructions:u,1145408,100.00,,
     1.748128704,341,,branch-misses:u,1146688,100.00,,
     1.748128704,57,,cache-misses:u,1146656,100.00,,
     1.748128704,1525408,,bus-cycles:u,1146720,100.00,,
     1.748128704,9758870,,instructions:u,1146624,100.00,,
     1.749274739,341,,branch-misses:u,1146240,100.00,,
     1.749274739,29,,cache-misses:u,1146272,100.00,,
     1.749274739,1524147,,bus-cycles:u,1146208,100.00,,
     1.749274739,9738968,,instructions:u,1146304,100.00,,
     1.750419559,341,,branch-misses:u,1144832,100.00,,
     1.750419559,34,,cache-misses:u,1144768,100.00,,
     1.750419559,1521895,,bus-cycles:u,1144832,100.00,,
     1.750419559,9742020,,instructions:u,1144864,100.00,,
     1.751565050,341,,branch-misses:u,1145696,100.00,,
     1.751565050,104,,cache-misses:u,1145728,100.00,,
     1.751565050,1518568,,bus-cycles:u,1145728,100.00,,
     1.751565050,9705786,,instructions:u,1145728,100.00,,
     1.752711342,342,,branch-misses:u,1146400,100.00,,
     1.752711342,39,,cache-misses:u,1146336,100.00,,
     1.752711342,1524675,,bus-cycles:u,1146336,100.00,,
     1.752711342,9753518,,instructions:u,1146304,100.00,,
     1.753856225,341,,branch-misses:u,1145024,100.00,,
     1.753856225,36,,cache-misses:u,1145024,100.00,,
     1.753856225,1523413,,bus-cycles:u,1144960,100.00,,
     1.753856225,9748188,,instructions:u,1144928,100.00,,
     1.755002325,344,,branch-misses:u,1146624,100.00,,
     1.755002325,73,,cache-misses:u,1146720,100.00,,
     1.755002325,1520984,,bus-cycles:u,1146720,100.00,,
     1.755002325,9715946,,instructions:u,1146752,100.00,,
     1.756148584,341,,branch-misses:u,1146112,100.00,,
     1.756148584,53,,cache-misses:u,1146048,100.00,,
     1.756148584,1525209,,bus-cycles:u,1146048,100.00,,
     1.756148584,9741093,,instructions:u,1146016,100.00,,
     1.757293276,339,,branch-misses:u,1144704,100.00,,
     1.757293276,32,,cache-misses:u,1144704,100.00,,
     1.757293276,1522451,,bus-cycles:u,1144736,100.00,,
     1.757293276,9741368,,instructions:u,1144736,100.00,,
     1.758438320,343,,branch-misses:u,1145184,100.00,,
     1.758438320,30,,cache-misses:u,1145216,100.00,,
     1.758438320,1523911,,bus-cycles:u,1145184,100.00,,
     1.758438320,9750070,,instructions:u,1145152,100.00,,
     1.759584611,341,,branch-misses:u,1146720,100.00,,
     1.759584611,93,,cache-misses:u,1146720,100.00,,
     1.759584611,1520847,,bus-cycles:u,1146720,100.00,,
     1.759584611,9711900,,instructions:u,1146848,100.00,,
     1.760730998,341,,branch-misses:u,1146272,100.00,,
     1.760730998,36,,cache-misses:u,1146368,100.00,,
     1.760730998,1524895,,bus-cycles:u,1146400,100.00,,
     1.760730998,9744918,,instructions:u,1146368,100.00,,
     1.761886953,344,,branch-misses:u,1156320,100.00,,
     1.761886953,29,,cache-misses:u,1156480,100.00,,
     1.761886953,1537515,,bus-cycles:u,1156416,100.00,,
     1.761886953,9799108,,instructions:u,1156416,100.00,,
     1.763032924,342,,branch-misses:u,1146272,100.00,,
     1.763032924,80,,cache-misses:u,1146144,100.00,,
     1.763032924,1518995,,bus-cycles:u,1146240,100.00,,
     1.763032924,9743532,,instructions:u,1146240,100.00,,
     1.764180239,342,,branch-misses:u,1147104,100.00,,
     1.764180239,38,,cache-misses:u,1147008,100.00,,
     1.764180239,1525988,,bus-cycles:u,1147040,100.00,,
     1.764180239,9765025,,instructions:u,1146880,100.00,,
     1.765325315,341,,branch-misses:u,1145152,100.00,,
     1.765325315,30,,cache-misses:u,1145152,100.00,,
     1.765325315,1522900,,bus-cycles:u,1145152,100.00,,
     1.765325315,9734115,,instructions:u,1145280,100.00,,
     1.766470839,342,,branch-misses:u,1145760,100.00,,
     1.766470839,32,,cache-misses:u,1145952,100.00,,
     1.766470839,1523814,,bus-cycles:u,1145952,100.00,,
     1.766470839,9758164,,instructions:u,1145984,100.00,,
     1.767617290,340,,branch-misses:u,1146912,100.00,,
     1.767617290,104,,cache-misses:u,1146720,100.00,,
     1.767617290,1519034,,bus-cycles:u,1146656,100.00,,
     1.767617290,9714641,,instructions:u,1146656,100.00,,
     1.768763901,342,,branch-misses:u,1146400,100.00,,
     1.768763901,33,,cache-misses:u,1146400,100.00,,
     1.768763901,1525179,,bus-cycles:u,1146432,100.00,,
     1.768763901,9752169,,instructions:u,1146336,100.00,,
     1.769908241,341,,branch-misses:u,1144448,100.00,,
     1.769908241,35,,cache-misses:u,1144480,100.00,,
     1.769908241,1522103,,bus-cycles:u,1144448,100.00,,
     1.769908241,9744587,,instructions:u,1144448,100.00,,
     1.771052421,343,,branch-misses:u,1144768,100.00,,
     1.771052421,94,,cache-misses:u,1144864,100.00,,
     1.771052421,1519069,,bus-cycles:u,1144928,100.00,,
     1.771052421,9720530,,instructions:u,1145024,100.00,,
     1.772202808,343,,branch-misses:u,1150048,100.00,,
     1.772202808,41,,cache-misses:u,1149920,100.00,,
     1.772202808,1530155,,bus-cycles:u,1149824,100.00,,
     1.772202808,9785876,,instructions:u,1149792,100.00,,
     1.773348491,340,,branch-misses:u,1145888,100.00,,
     1.773348491,31,,cache-misses:u,1145856,100.00,,
     1.773348491,1524264,,bus-cycles:u,1145856,100.00,,
     1.773348491,9720389,,instructions:u,1145824,100.00,,
     1.774494399,342,,branch-misses:u,1146048,100.00,,
     1.774494399,34,,cache-misses:u,1146080,100.00,,
     1.774494399,1524851,,bus-cycles:u,1146112,100.00,,
     1.774494399,9738303,,instructions:u,1146080,100.00,,
     1.775639602,342,,branch-misses:u,1145408,100.00,,
     1.775639602,104,,cache-misses:u,1145376,100.00,,
     1.775639602,1516835,,bus-cycles:u,1145344,100.00,,
     1.775639602,9692849,,instructions:u,1145408,100.00,,
     1.776786374,343,,branch-misses:u,1146784,100.00,,
     1.776786374,44,,cache-misses:u,1146784,100.00,,
     1.776786374,1524930,,bus-cycles:u,1146912,100.00,,
     1.776786374,9766249,,instructions:u,1146816,100.00,,
     1.777931609,341,,branch-misses:u,1145408,100.00,,
     1.777931609,33,,cache-misses:u,1145472,100.00,,
     1.777931609,1523798,,bus-cycles:u,1145408,100.00,,
     1.777931609,9748388,,instructions:u,1145536,100.00,,
     1.779077837,341,,branch-misses:u,1146720,100.00,,
     1.779077837,100,,cache-misses:u,1146624,100.00,,
     1.779077837,1520678,,bus-cycles:u,1146624,100.00,,
     1.779077837,9709371,,instructions:u,1146560,100.00,,
     1.780224320,342,,branch-misses:u,1146304,100.00,,
     1.780224320,32,,cache-misses:u,1146304,100.00,,
     1.780224320,1524526,,bus-cycles:u,1146272,100.00,,
     1.780224320,9772803,,instructions:u,1146304,100.00,,
     1.781369108,341,,branch-misses:u,1144896,100.00,,
     1.781369108,33,,cache-misses:u,1144928,100.00,,
     1.781369108,1522564,,bus-cycles:u,1144864,100.00,,
     1.781369108,9730358,,instructions:u,1144896,100.00,,
     1.782525958,345,,branch-misses:u,1157088,100.00,,
     1.782525958,34,,cache-misses:u,1157248,100.00,,
     1.782525958,1538501,,bus-cycles:u,1157344,100.00,,
     1.782525958,9831572,,instructions:u,1157344,100.00,,
     1.783672441,341,,branch-misses:u,1146528,100.00,,
     1.783672441,98,,cache-misses:u,1146528,100.00,,
     1.783672441,1520305,,bus-cycles:u,1146496,100.00,,
     1.783672441,9700838,,instructions:u,1146464,100.00,,
     1.784818893,342,,branch-misses:u,1146656,100.00,,
     1.784818893,36,,cache-misses:u,1146464,100.00,,
     1.784818893,1524332,,bus-cycles:u,1146496,100.00,,
     1.784818893,9747876,,instructions:u,1146400,100.00,,
     1.785962880,340,,branch-misses:u,1143936,100.00,,
     1.785962880,32,,cache-misses:u,1143936,100.00,,
     1.785962880,1521224,,bus-cycles:u,1143872,100.00,,
     1.785962880,9727552,,instructions:u,1143904,100.00,,
     1.787107636,342,,branch-misses:u,1145504,100.00,,
     1.787107636,97,,cache-misses:u,1145568,100.00,,
     1.787107636,1518845,,bus-cycles:u,1145600,100.00,,
     1.787107636,9712285,,instructions:u,1145600,100.00,,
     1.788255719,343,,branch-misses:u,1147840,100.00,,
     1.788255719,31,,cache-misses:u,1147840,100.00,,
     1.788255719,1526114,,bus-cycles:u,1147840,100.00,,
     1.788255719,9776696,,instructions:u,1147840,100.00,,
     1.789400891,342,,branch-misses:u,1145280,100.00,,
     1.789400891,31,,cache-misses:u,1145312,100.00,,
     1.789400891,1522919,,bus-cycles:u,1145344,100.00,,
     1.789400891,9750589,,instructions:u,1145344,100.00,,
     1.790546158,341,,branch-misses:u,1145312,100.00,,
     1.790546158,33,,cache-misses:u,1145312,100.00,,
     1.790546158,1523555,,bus-cycles:u,1145312,100.00,,
     1.790546158,9744607,,instructions:u,1145408,100.00,,
     1.791692482,340,,branch-misses:u,1146848,100.00,,
     1.791692482,101,,cache-misses:u,1146784,100.00,,
     1.791692482,1520089,,bus-cycles:u,1146752,100.00,,
     1.791692482,9683129,,instructions:u,1146720,100.00,,
     1.792839733,341,,branch-misses:u,1147040,100.00,,
     1.792839733,32,,cache-misses:u,1147008,100.00,,
     1.792839733,1525447,,bus-cycles:u,1146976,100.00,,
     1.792839733,9741206,,instructions:u,1146944,100.00,,
     1.793984872,341,,branch-misses:u,1145216,100.00,,
     1.793984872,29,,cache-misses:u,1145248,100.00,,
     1.793984872,1523633,,bus-cycles:u,1145280,100.00,,
     1.793984872,9742147,,instructions:u,1145248,100.00,,
     1.795130332,342,,branch-misses:u,1145920,100.00,,
     1.795130332,103,,cache-misses:u,1145984,100.00,,
     1.795130332,1520374,,bus-cycles:u,1146016,100.00,,
     1.795130332,9718825,,instructions:u,1146048,100.00,,
     1.796277487,341,,branch-misses:u,1147040,100.00,,
     1.796277487,31,,cache-misses:u,1147008,100.00,,
     1.796277487,1526126,,bus-cycles:u,1147008,100.00,,
     1.796277487,9751818,,instructions:u,1147008,100.00,,
     1.797422915,340,,branch-misses:u,1145536,100.00,,
     1.797422915,33,,cache-misses:u,1145440,100.00,,
     1.797422915,1523602,,bus-cycles:u,1145408,100.00,,
     1.797422915,9710877,,instructions:u,1145376,100.00,,
     1.798568566,341,,branch-misses:u,1145728,100.00,,
     1.798568566,34,,cache-misses:u,1145696,100.00,,
     1.798568566,1524025,,bus-cycles:u,1145664,100.00,,
     1.798568566,9743636,,instructions:u,1145696,100.00,,
     1.799714826,341,,branch-misses:u,1146752,100.00,,
     1.799714826,95,,cache-misses:u,1146752,100.00,,
     1.799714826,1520352,,bus-cycles:u,1146752,100.00,,
     1.799714826,9685321,,instructions:u,1146752,100.00,,
     1.800861213,342,,branch-misses:u,1146240,100.00,,
     1.800861213,34,,cache-misses:u,1146272,100.00,,
     1.800861213,1525102,,bus-cycles:u,1146240,100.00,,
     1.800861213,9743745,,instructions:u,1146272,100.00,,
     1.802005969,341,,branch-misses:u,1144832,100.00,,
     1.802005969,32,,cache-misses:u,1144896,100.00,,
     1.802005969,1523380,,bus-cycles:u,1144896,100.00,,
     1.802005969,9738422,,instructions:u,1144896,100.00,,
     1.803151492,341,,branch-misses:u,1146112,100.00,,
     1.803151492,94,,cache-misses:u,1146080,100.00,,
     1.803151492,1519434,,bus-cycles:u,1146144,100.00,,
     1.803151492,9686543,,instructions:u,1146144,100.00,,
     1.804309590,344,,branch-misses:u,1158080,100.00,,
     1.804309590,38,,cache-misses:u,1158176,100.00,,
     1.804309590,1538803,,bus-cycles:u,1158208,100.00,,
     1.804309590,9833456,,instructions:u,1158208,100.00,,
     1.805455914,341,,branch-misses:u,1146304,100.00,,
     1.805455914,38,,cache-misses:u,1146272,100.00,,
     1.805455914,1523701,,bus-cycles:u,1146208,100.00,,
     1.805455914,9727377,,instructions:u,1146176,100.00,,
     1.806601117,343,,branch-misses:u,1145344,100.00,,
     1.806601117,33,,cache-misses:u,1145312,100.00,,
     1.806601117,1522784,,bus-cycles:u,1145248,100.00,,
     1.806601117,9755534,,instructions:u,1145248,100.00,,
     1.807747185,341,,branch-misses:u,1146560,100.00,,
     1.807747185,95,,cache-misses:u,1146688,100.00,,
     1.807747185,1520149,,bus-cycles:u,1146688,100.00,,
     1.807747185,9715152,,instructions:u,1146752,100.00,,
     1.808894116,341,,branch-misses:u,1146752,100.00,,
     1.808894116,34,,cache-misses:u,1146592,100.00,,
     1.808894116,1524108,,bus-cycles:u,1146688,100.00,,
     1.808894116,9741949,,instructions:u,1146752,100.00,,
     1.810039000,340,,branch-misses:u,1144896,100.00,,
     1.810039000,32,,cache-misses:u,1144896,100.00,,
     1.810039000,1522164,,bus-cycles:u,1144896,100.00,,
     1.810039000,9702166,,instructions:u,1144800,100.00,,
     1.811183211,340,,branch-misses:u,1144768,100.00,,
     1.811183211,95,,cache-misses:u,1144864,100.00,,
     1.811183211,1516387,,bus-cycles:u,1144864,100.00,,
     1.811183211,9687281,,instructions:u,1144832,100.00,,
     1.812329631,342,,branch-misses:u,1146176,100.00,,
     1.812329631,39,,cache-misses:u,1146144,100.00,,
     1.812329631,1524461,,bus-cycles:u,1146112,100.00,,
     1.812329631,9744911,,instructions:u,1146112,100.00,,
     1.813474802,343,,branch-misses:u,1145280,100.00,,
     1.813474802,34,,cache-misses:u,1145216,100.00,,
     1.813474802,1523205,,bus-cycles:u,1145152,100.00,,
     1.813474802,9758629,,instructions:u,1145152,100.00,,
     1.814619462,340,,branch-misses:u,1144800,100.00,,
     1.814619462,33,,cache-misses:u,1144768,100.00,,
     1.814619462,1521683,,bus-cycles:u,1144832,100.00,,
     1.814619462,9733712,,instructions:u,1144832,100.00,,
     1.815764986,340,,branch-misses:u,1146016,100.00,,
     1.815764986,98,,cache-misses:u,1146112,100.00,,
     1.815764986,1518720,,bus-cycles:u,1146048,100.00,,
     1.815764986,9699901,,instructions:u,1146080,100.00,,
     1.816912077,341,,branch-misses:u,1146944,100.00,,
     1.816912077,35,,cache-misses:u,1146880,100.00,,
     1.816912077,1524810,,bus-cycles:u,1146944,100.00,,
     1.816912077,9756819,,instructions:u,1146880,100.00,,
     1.818056993,341,,branch-misses:u,1145088,100.00,,
     1.818056993,31,,cache-misses:u,1145088,100.00,,
     1.818056993,1522306,,bus-cycles:u,1145088,100.00,,
     1.818056993,9720491,,instructions:u,1145152,100.00,,
     1.819202612,342,,branch-misses:u,1146080,100.00,,
     1.819202612,105,,cache-misses:u,1146048,100.00,,
     1.819202612,1517359,,bus-cycles:u,1146080,100.00,,
     1.819202612,9713515,,instructions:u,1146048,100.00,,
     1.820348328,342,,branch-misses:u,1145408,100.00,,
     1.820348328,35,,cache-misses:u,1145504,100.00,,
     1.820348328,1523632,,bus-cycles:u,1145472,100.00,,
     1.820348328,9750365,,instructions:u,1145536,100.00,,
     1.821492379,340,,branch-misses:u,1143872,100.00,,
     1.821492379,36,,cache-misses:u,1143840,100.00,,
     1.821492379,1521207,,bus-cycles:u,1143936,100.00,,
     1.821492379,9719120,,instructions:u,1143904,100.00,,
     1.822635823,340,,branch-misses:u,1143616,100.00,,
     1.822635823,29,,cache-misses:u,1143648,100.00,,
     1.822635823,1520307,,bus-cycles:u,1143584,100.00,,
     1.822635823,9690330,,instructions:u,1143616,100.00,,
     1.823780355,340,,branch-misses:u,1146048,100.00,,
     1.823780355,105,,cache-misses:u,1146464,100.00,,
     1.823780355,1518830,,bus-cycles:u,1146592,100.00,,
     1.823780355,9704847,,instructions:u,1146944,100.00,,
     1.824946196,348,,branch-misses:u,1165120,100.00,,
     1.824946196,36,,cache-misses:u,1165216,100.00,,
     1.824946196,1549854,,bus-cycles:u,1165184,100.00,,
     1.824946196,9897878,,instructions:u,1164864,100.00,,
     1.826091431,341,,branch-misses:u,1145312,100.00,,
     1.826091431,32,,cache-misses:u,1144768,100.00,,
     1.826091431,1522855,,bus-cycles:u,1144672,100.00,,
     1.826091431,9728102,,instructions:u,1144608,100.00,,
     1.827235611,341,,branch-misses:u,1144896,100.00,,
     1.827235611,103,,cache-misses:u,1145376,100.00,,
     1.827235611,1518181,,bus-cycles:u,1145600,100.00,,
     1.827235611,9697097,,instructions:u,1145664,100.00,,
     1.828385614,342,,branch-misses:u,1149536,100.00,,
     1.828385614,33,,cache-misses:u,1149248,100.00,,
     1.828385614,1527746,,bus-cycles:u,1149248,100.00,,
     1.828385614,9770596,,instructions:u,1149216,100.00,,
     1.829532545,341,,branch-misses:u,1147072,100.00,,
     1.829532545,36,,cache-misses:u,1146944,100.00,,
     1.829532545,1524843,,bus-cycles:u,1146720,100.00,,
     1.829532545,9732171,,instructions:u,1146688,100.00,,
     1.830677269,341,,branch-misses:u,1144864,100.00,,
     1.830677269,31,,cache-misses:u,1144832,100.00,,
     1.830677269,1522069,,bus-cycles:u,1144864,100.00,,
     1.830677269,9732384,,instructions:u,1144896,100.00,,
     1.831824040,342,,branch-misses:u,1147072,100.00,,
     1.831824040,83,,cache-misses:u,1147168,100.00,,
     1.831824040,1521180,,bus-cycles:u,1147136,100.00,,
     1.831824040,9710904,,instructions:u,1147040,100.00,,
     1.833622124,536,,branch-misses:u,1808736,100.00,,
     1.833622124,36,,cache-misses:u,1810784,100.00,,
     1.833622124,2406754,,bus-cycles:u,1811296,100.00,,
     1.833622124,15388905,,instructions:u,1812256,100.00,,
     1.834796668,345,,branch-misses:u,1165568,100.00,,
     1.834796668,32,,cache-misses:u,1164032,100.00,,
     1.834796668,1544752,,bus-cycles:u,1164000,100.00,,
     1.834796668,9840389,,instructions:u,1163456,100.00,,
     1.835964908,346,,branch-misses:u,1167456,100.00,,
     1.835964908,85,,cache-misses:u,1167264,100.00,,
     1.835964908,1542909,,bus-cycles:u,1167168,100.00,,
     1.835964908,9844598,,instructions:u,1166880,100.00,,
     1.837112704,343,,branch-misses:u,1147392,100.00,,
     1.837112704,33,,cache-misses:u,1147392,100.00,,
     1.837112704,1524635,,bus-cycles:u,1147072,100.00,,
     1.837112704,9742052,,instructions:u,1147008,100.00,,
     1.838258355,341,,branch-misses:u,1145824,100.00,,
     1.838258355,32,,cache-misses:u,1145472,100.00,,
     1.838258355,1522853,,bus-cycles:u,1145376,100.00,,
     1.838258355,9727066,,instructions:u,1145408,100.00,,
     1.839404199,341,,branch-misses:u,1146336,100.00,,
     1.839404199,103,,cache-misses:u,1146240,100.00,,
     1.839404199,1518736,,bus-cycles:u,1146400,100.00,,
     1.839404199,9697899,,instructions:u,1146464,100.00,,
     1.840550778,341,,branch-misses:u,1146144,100.00,,
     1.840550778,35,,cache-misses:u,1146144,100.00,,
     1.840550778,1523900,,bus-cycles:u,1146016,100.00,,
     1.840550778,9737138,,instructions:u,1145952,100.00,,
     1.841695406,342,,branch-misses:u,1144896,100.00,,
     1.841695406,30,,cache-misses:u,1144864,100.00,,
     1.841695406,1522849,,bus-cycles:u,1144896,100.00,,
     1.841695406,9743412,,instructions:u,1144864,100.00,,
     1.842839425,341,,branch-misses:u,1144032,100.00,,
     1.842839425,30,,cache-misses:u,1144160,100.00,,
     1.842839425,1520587,,bus-cycles:u,1144096,100.00,,
     1.842839425,9732282,,instructions:u,1144096,100.00,,
     1.843996852,344,,branch-misses:u,1158240,100.00,,
     1.843996852,82,,cache-misses:u,1158208,100.00,,
     1.843996852,1535896,,bus-cycles:u,1158272,100.00,,
     1.843996852,9811747,,instructions:u,1158304,100.00,,
     1.845143111,341,,branch-misses:u,1145856,100.00,,
     1.845143111,29,,cache-misses:u,1145856,100.00,,
     1.845143111,1524031,,bus-cycles:u,1145792,100.00,,
     1.845143111,9740638,,instructions:u,1145792,100.00,,
     1.846316567,349,,branch-misses:u,1174080,100.00,,
     1.846316567,28,,cache-misses:u,1174528,100.00,,
     1.846316567,1562123,,bus-cycles:u,1174624,100.00,,
     1.846316567,9977012,,instructions:u,1174656,100.00,,
     1.847465258,341,,branch-misses:u,1148704,100.00,,
     1.847465258,96,,cache-misses:u,1148384,100.00,,
     1.847465258,1521241,,bus-cycles:u,1148256,100.00,,
     1.847465258,9711247,,instructions:u,1148224,100.00,,
     1.848612510,343,,branch-misses:u,1147040,100.00,,
     1.848612510,37,,cache-misses:u,1146944,100.00,,
     1.848612510,1524963,,bus-cycles:u,1146944,100.00,,
     1.848612510,9748097,,instructions:u,1146912,100.00,,
     1.849757361,340,,branch-misses:u,1145120,100.00,,
     1.849757361,27,,cache-misses:u,1145120,100.00,,
     1.849757361,1523049,,bus-cycles:u,1145184,100.00,,
     1.849757361,9725437,,instructions:u,1145248,100.00,,
     1.850902885,340,,branch-misses:u,1145856,100.00,,
     1.850902885,47,,cache-misses:u,1145728,100.00,,
     1.850902885,1518919,,bus-cycles:u,1145792,100.00,,
     1.850902885,9681707,,instructions:u,1145792,100.00,,
     1.852048792,342,,branch-misses:u,1145824,100.00,,
     1.852048792,64,,cache-misses:u,1145920,100.00,,
     1.852048792,1523207,,bus-cycles:u,1145856,100.00,,
     1.852048792,9739335,,instructions:u,1145824,100.00,,
     1.853193292,341,,branch-misses:u,1144544,100.00,,
     1.853193292,33,,cache-misses:u,1144480,100.00,,
     1.853193292,1521989,,bus-cycles:u,1144448,100.00,,
     1.853193292,9741817,,instructions:u,1144384,100.00,,
     1.854337215,340,,branch-misses:u,1144064,100.00,,
     1.854337215,37,,cache-misses:u,1144128,100.00,,
     1.854337215,1521660,,bus-cycles:u,1144192,100.00,,
     1.854337215,9735165,,instructions:u,1144192,100.00,,
     1.855481299,341,,branch-misses:u,1144640,100.00,,
     1.855481299,120,,cache-misses:u,1144672,100.00,,
     1.855481299,1513675,,bus-cycles:u,1144640,100.00,,
     1.855481299,9673364,,instructions:u,1144704,100.00,,
     1.856628998,342,,branch-misses:u,1147488,100.00,,
     1.856628998,34,,cache-misses:u,1147584,100.00,,
     1.856628998,1525379,,bus-cycles:u,1147648,100.00,,
     1.856628998,9755087,,instructions:u,1147616,100.00,,
     1.857775802,339,,branch-misses:u,1147040,100.00,,
     1.857775802,31,,cache-misses:u,1146944,100.00,,
     1.857775802,1523311,,bus-cycles:u,1146880,100.00,,
     1.857775802,9718014,,instructions:u,1146912,100.00,,
     1.858922029,341,,branch-misses:u,1146432,100.00,,
     1.858922029,56,,cache-misses:u,1146464,100.00,,
     1.858922029,1517146,,bus-cycles:u,1146496,100.00,,
     1.858922029,9691953,,instructions:u,1146464,100.00,,
     1.860068737,341,,branch-misses:u,1146592,100.00,,
     1.860068737,65,,cache-misses:u,1146560,100.00,,
     1.860068737,1524527,,bus-cycles:u,1146528,100.00,,
     1.860068737,9743142,,instructions:u,1146528,100.00,,
     1.861214004,342,,branch-misses:u,1145408,100.00,,
     1.861214004,35,,cache-misses:u,1145472,100.00,,
     1.861214004,1522427,,bus-cycles:u,1145440,100.00,,
     1.861214004,9740103,,instructions:u,1145472,100.00,,
     1.862359528,342,,branch-misses:u,1145760,100.00,,
     1.862359528,32,,cache-misses:u,1145664,100.00,,
     1.862359528,1523694,,bus-cycles:u,1145696,100.00,,
     1.862359528,9749560,,instructions:u,1145664,100.00,,
     1.863504379,340,,branch-misses:u,1145280,100.00,,
     1.863504379,107,,cache-misses:u,1145248,100.00,,
     1.863504379,1518547,,bus-cycles:u,1145312,100.00,,
     1.863504379,9698703,,instructions:u,1145280,100.00,,
     1.864650895,342,,branch-misses:u,1146432,100.00,,
     1.864650895,35,,cache-misses:u,1146432,100.00,,
     1.864650895,1524993,,bus-cycles:u,1146368,100.00,,
     1.864650895,9761507,,instructions:u,1146400,100.00,,
     1.865796002,342,,branch-misses:u,1145280,100.00,,
     1.865796002,32,,cache-misses:u,1145280,100.00,,
     1.865796002,1522368,,bus-cycles:u,1145280,100.00,,
     1.865796002,9759606,,instructions:u,1145248,100.00,,
     1.866940790,342,,branch-misses:u,1145184,100.00,,
     1.866940790,70,,cache-misses:u,1145152,100.00,,
     1.866940790,1518682,,bus-cycles:u,1145088,100.00,,
     1.866940790,9707975,,instructions:u,1145120,100.00,,
     1.868100520,345,,branch-misses:u,1159712,100.00,,
     1.868100520,60,,cache-misses:u,1159840,100.00,,
     1.868100520,1542292,,bus-cycles:u,1160032,100.00,,
     1.868100520,9841029,,instructions:u,1160096,100.00,,
     1.869248603,342,,branch-misses:u,1148128,100.00,,
     1.869248603,33,,cache-misses:u,1148192,100.00,,
     1.869248603,1527473,,bus-cycles:u,1148128,100.00,,
     1.869248603,9770723,,instructions:u,1148032,100.00,,
     1.870393614,342,,branch-misses:u,1145088,100.00,,
     1.870393614,28,,cache-misses:u,1144928,100.00,,
     1.870393614,1523543,,bus-cycles:u,1144864,100.00,,
     1.870393614,9748473,,instructions:u,1144992,100.00,,
     1.871538914,341,,branch-misses:u,1145760,100.00,,
     1.871538914,110,,cache-misses:u,1145792,100.00,,
     1.871538914,1518976,,bus-cycles:u,1145792,100.00,,
     1.871538914,9707256,,instructions:u,1145728,100.00,,
     1.872685653,343,,branch-misses:u,1146656,100.00,,
     1.872685653,33,,cache-misses:u,1146624,100.00,,
     1.872685653,1524945,,bus-cycles:u,1146624,100.00,,
     1.872685653,9778120,,instructions:u,1146592,100.00,,
     1.873831753,342,,branch-misses:u,1146144,100.00,,
     1.873831753,31,,cache-misses:u,1146144,100.00,,
     1.873831753,1523409,,bus-cycles:u,1146144,100.00,,
     1.873831753,9756511,,instructions:u,1146112,100.00,,
     1.874979004,342,,branch-misses:u,1147648,100.00,,
     1.874979004,72,,cache-misses:u,1147744,100.00,,
     1.874979004,1520261,,bus-cycles:u,1147776,100.00,,
     1.874979004,9716576,,instructions:u,1147840,100.00,,
     1.876128495,342,,branch-misses:u,1149408,100.00,,
     1.876128495,65,,cache-misses:u,1149408,100.00,,
     1.876128495,1527150,,bus-cycles:u,1149408,100.00,,
     1.876128495,9744683,,instructions:u,1149408,100.00,,
     1.877274723,341,,branch-misses:u,1146336,100.00,,
     1.877274723,32,,cache-misses:u,1146272,100.00,,
     1.877274723,1523491,,bus-cycles:u,1146240,100.00,,
     1.877274723,9733062,,instructions:u,1146176,100.00,,
     1.878420374,343,,branch-misses:u,1145664,100.00,,
     1.878420374,33,,cache-misses:u,1145600,100.00,,
     1.878420374,1523901,,bus-cycles:u,1145632,100.00,,
     1.878420374,9761139,,instructions:u,1145568,100.00,,
     1.879565418,333,,branch-misses:u,1136192,100.00,,
     1.879565418,223,,cache-misses:u,1136736,100.00,,
     1.879565418,1485708,,bus-cycles:u,1136832,100.00,,
     1.879565418,9483704,,instructions:u,1136864,100.00,,
     1.880712381,342,,branch-misses:u,1146272,100.00,,
     1.880712381,32,,cache-misses:u,1145760,100.00,,
     1.880712381,1523300,,bus-cycles:u,1145600,100.00,,
     1.880712381,9756875,,instructions:u,1145600,100.00,,
     1.881856177,341,,branch-misses:u,1143936,100.00,,
     1.881856177,32,,cache-misses:u,1143936,100.00,,
     1.881856177,1521836,,bus-cycles:u,1143968,100.00,,
     1.881856177,9717972,,instructions:u,1144032,100.00,,
     1.883001572,340,,branch-misses:u,1146144,100.00,,
     1.883001572,94,,cache-misses:u,1146240,100.00,,
     1.883001572,1518457,,bus-cycles:u,1146240,100.00,,
     1.883001572,9673816,,instructions:u,1146272,100.00,,
     1.884155287,342,,branch-misses:u,1153344,100.00,,
     1.884155287,48,,cache-misses:u,1153376,100.00,,
     1.884155287,1534074,,bus-cycles:u,1153312,100.00,,
     1.884155287,9793526,,instructions:u,1153280,100.00,,
     1.885300970,343,,branch-misses:u,1145888,100.00,,
     1.885300970,35,,cache-misses:u,1145792,100.00,,
     1.885300970,1523228,,bus-cycles:u,1145856,100.00,,
     1.885300970,9763695,,instructions:u,1145824,100.00,,
     1.886446942,341,,branch-misses:u,1145888,100.00,,
     1.886446942,37,,cache-misses:u,1145920,100.00,,
     1.886446942,1523914,,bus-cycles:u,1145952,100.00,,
     1.886446942,9742635,,instructions:u,1146080,100.00,,
     1.887592977,341,,branch-misses:u,1146624,100.00,,
     1.887592977,104,,cache-misses:u,1146784,100.00,,
     1.887592977,1519841,,bus-cycles:u,1146784,100.00,,
     1.887592977,9714898,,instructions:u,1146752,100.00,,
     1.888755363,346,,branch-misses:u,1162976,100.00,,
     1.888755363,35,,cache-misses:u,1163200,100.00,,
     1.888755363,1546645,,bus-cycles:u,1163232,100.00,,
     1.888755363,9882623,,instructions:u,1163232,100.00,,
     1.889903158,342,,branch-misses:u,1147200,100.00,,
     1.889903158,31,,cache-misses:u,1146784,100.00,,
     1.889903158,1525437,,bus-cycles:u,1146688,100.00,,
     1.889903158,9761249,,instructions:u,1146592,100.00,,
     1.891048938,343,,branch-misses:u,1146240,100.00,,
     1.891048938,98,,cache-misses:u,1146080,100.00,,
     1.891048938,1519244,,bus-cycles:u,1146016,100.00,,
     1.891048938,9729683,,instructions:u,1146048,100.00,,
     1.892194781,342,,branch-misses:u,1145600,100.00,,
     1.892194781,36,,cache-misses:u,1145792,100.00,,
     1.892194781,1523691,,bus-cycles:u,1145920,100.00,,
     1.892194781,9752473,,instructions:u,1145920,100.00,,
     1.893340273,341,,branch-misses:u,1145600,100.00,,
     1.893340273,40,,cache-misses:u,1145568,100.00,,
     1.893340273,1521865,,bus-cycles:u,1145536,100.00,,
     1.893340273,9727536,,instructions:u,1145504,100.00,,
     1.894485732,339,,branch-misses:u,1145696,100.00,,
     1.894485732,37,,cache-misses:u,1145632,100.00,,
     1.894485732,1521606,,bus-cycles:u,1145632,100.00,,
     1.894485732,9699135,,instructions:u,1145696,100.00,,
     1.895630552,341,,branch-misses:u,1145216,100.00,,
     1.895630552,110,,cache-misses:u,1145376,100.00,,
     1.895630552,1515740,,bus-cycles:u,1145376,100.00,,
     1.895630552,9682573,,instructions:u,1145440,100.00,,
     1.896777259,341,,branch-misses:u,1146528,100.00,,
     1.896777259,38,,cache-misses:u,1146432,100.00,,
     1.896777259,1524043,,bus-cycles:u,1146432,100.00,,
     1.896777259,9752530,,instructions:u,1146304,100.00,,
     1.897922815,343,,branch-misses:u,1145664,100.00,,
     1.897922815,37,,cache-misses:u,1145600,100.00,,
     1.897922815,1522581,,bus-cycles:u,1145632,100.00,,
     1.897922815,9754440,,instructions:u,1145664,100.00,,
     1.899067378,341,,branch-misses:u,1144896,100.00,,
     1.899067378,103,,cache-misses:u,1144928,100.00,,
     1.899067378,1517507,,bus-cycles:u,1144928,100.00,,
     1.899067378,9698799,,instructions:u,1144928,100.00,,
     1.900212966,341,,branch-misses:u,1145568,100.00,,
     1.900212966,37,,cache-misses:u,1145664,100.00,,
     1.900212966,1522757,,bus-cycles:u,1145600,100.00,,
     1.900212966,9730877,,instructions:u,1145632,100.00,,
     1.901360249,342,,branch-misses:u,1147168,100.00,,
     1.901360249,31,,cache-misses:u,1147040,100.00,,
     1.901360249,1524687,,bus-cycles:u,1147072,100.00,,
     1.901360249,9765825,,instructions:u,1147040,100.00,,
     1.902503661,340,,branch-misses:u,1143744,100.00,,
     1.902503661,37,,cache-misses:u,1143808,100.00,,
     1.902503661,1520607,,bus-cycles:u,1143808,100.00,,
     1.902503661,9720424,,instructions:u,1143872,100.00,,
     1.903648192,342,,branch-misses:u,1145056,100.00,,
     1.903648192,107,,cache-misses:u,1145056,100.00,,
     1.903648192,1517976,,bus-cycles:u,1145088,100.00,,
     1.903648192,9700074,,instructions:u,1144960,100.00,,
     1.904795060,341,,branch-misses:u,1146656,100.00,,
     1.904795060,36,,cache-misses:u,1146720,100.00,,
     1.904795060,1524583,,bus-cycles:u,1146752,100.00,,
     1.904795060,9745496,,instructions:u,1146880,100.00,,
     1.905941383,341,,branch-misses:u,1146592,100.00,,
     1.905941383,28,,cache-misses:u,1146528,100.00,,
     1.905941383,1525003,,bus-cycles:u,1146400,100.00,,
     1.905941383,9721935,,instructions:u,1146336,100.00,,
     1.907086939,341,,branch-misses:u,1145888,100.00,,
     1.907086939,110,,cache-misses:u,1146016,100.00,,
     1.907086939,1519288,,bus-cycles:u,1145984,100.00,,
     1.907086939,9705616,,instructions:u,1146016,100.00,,
     1.908233070,343,,branch-misses:u,1145888,100.00,,
     1.908233070,36,,cache-misses:u,1145856,100.00,,
     1.908233070,1523830,,bus-cycles:u,1145920,100.00,,
     1.908233070,9752436,,instructions:u,1145888,100.00,,
     1.909377986,341,,branch-misses:u,1145152,100.00,,
     1.909377986,36,,cache-misses:u,1145216,100.00,,
     1.909377986,1523355,,bus-cycles:u,1145248,100.00,,
     1.909377986,9757613,,instructions:u,1145440,100.00,,
     1.910533428,345,,branch-misses:u,1155776,100.00,,
     1.910533428,34,,cache-misses:u,1155744,100.00,,
     1.910533428,1537011,,bus-cycles:u,1155712,100.00,,
     1.910533428,9836249,,instructions:u,1155552,100.00,,
     1.911678600,341,,branch-misses:u,1145760,100.00,,
     1.911678600,97,,cache-misses:u,1146080,100.00,,
     1.911678600,1519903,,bus-cycles:u,1146432,100.00,,
     1.911678600,9710236,,instructions:u,1146400,100.00,,
     1.912830075,343,,branch-misses:u,1150944,100.00,,
     1.912830075,34,,cache-misses:u,1150560,100.00,,
     1.912830075,1530494,,bus-cycles:u,1150240,100.00,,
     1.912830075,9779128,,instructions:u,1150176,100.00,,
     1.913975662,342,,branch-misses:u,1145728,100.00,,
     1.913975662,32,,cache-misses:u,1145632,100.00,,
     1.913975662,1524660,,bus-cycles:u,1145664,100.00,,
     1.913975662,9763017,,instructions:u,1145696,100.00,,
     1.915122241,343,,branch-misses:u,1147040,100.00,,
     1.915122241,94,,cache-misses:u,1147200,100.00,,
     1.915122241,1521616,,bus-cycles:u,1147264,100.00,,
     1.915122241,9737992,,instructions:u,1147232,100.00,,
     1.916270101,342,,branch-misses:u,1147744,100.00,,
     1.916270101,34,,cache-misses:u,1147520,100.00,,
     1.916270101,1526336,,bus-cycles:u,1147424,100.00,,
     1.916270101,9759475,,instructions:u,1147552,100.00,,
     1.917415208,340,,branch-misses:u,1145344,100.00,,
     1.917415208,30,,cache-misses:u,1145408,100.00,,
     1.917415208,1522826,,bus-cycles:u,1145440,100.00,,
     1.917415208,9704970,,instructions:u,1145312,100.00,,
     1.918561052,341,,branch-misses:u,1145792,100.00,,
     1.918561052,40,,cache-misses:u,1145888,100.00,,
     1.918561052,1523953,,bus-cycles:u,1145792,100.00,,
     1.918561052,9735144,,instructions:u,1145824,100.00,,
     1.919705743,341,,branch-misses:u,1145344,100.00,,
     1.919705743,113,,cache-misses:u,1145664,100.00,,
     1.919705743,1518097,,bus-cycles:u,1145760,100.00,,
     1.919705743,9709395,,instructions:u,1145728,100.00,,
     1.920857122,344,,branch-misses:u,1154016,100.00,,
     1.920857122,31,,cache-misses:u,1154400,100.00,,
     1.920857122,1534739,,bus-cycles:u,1154720,100.00,,
     1.920857122,9823909,,instructions:u,1155136,100.00,,
     1.922026227,348,,branch-misses:u,1166592,100.00,,
     1.922026227,29,,cache-misses:u,1166272,100.00,,
     1.922026227,1550994,,bus-cycles:u,1165920,100.00,,
     1.922026227,9919291,,instructions:u,1165568,100.00,,
     1.923173766,342,,branch-misses:u,1147840,100.00,,
     1.923173766,104,,cache-misses:u,1147808,100.00,,
     1.923173766,1522084,,bus-cycles:u,1147936,100.00,,
     1.923173766,9730311,,instructions:u,1147968,100.00,,
     1.924322233,341,,branch-misses:u,1149216,100.00,,
     1.924322233,33,,cache-misses:u,1149472,100.00,,
     1.924322233,1526834,,bus-cycles:u,1149760,100.00,,
     1.924322233,9772562,,instructions:u,1150208,100.00,,
     1.925478571,345,,branch-misses:u,1155616,100.00,,
     1.925478571,31,,cache-misses:u,1155040,100.00,,
     1.925478571,1537301,,bus-cycles:u,1154944,100.00,,
     1.925478571,9827200,,instructions:u,1154592,100.00,,
     1.926625599,342,,branch-misses:u,1147072,100.00,,
     1.926625599,32,,cache-misses:u,1147040,100.00,,
     1.926625599,1524365,,bus-cycles:u,1146752,100.00,,
     1.926625599,9740358,,instructions:u,1146688,100.00,,
     1.927774002,342,,branch-misses:u,1149728,100.00,,
     1.927774002,96,,cache-misses:u,1150112,100.00,,
     1.927774002,1524220,,bus-cycles:u,1150528,100.00,,
     1.927774002,9736066,,instructions:u,1150880,100.00,,
     1.928931332,344,,branch-misses:u,1156384,100.00,,
     1.928931332,34,,cache-misses:u,1156384,100.00,,
     1.928931332,1537534,,bus-cycles:u,1156096,100.00,,
     1.928931332,9832347,,instructions:u,1155744,100.00,,
     1.930079447,343,,branch-misses:u,1148096,100.00,,
     1.930079447,30,,cache-misses:u,1147744,100.00,,
     1.930079447,1525967,,bus-cycles:u,1147680,100.00,,
     1.930079447,9764083,,instructions:u,1147680,100.00,,
     1.931240041,346,,branch-misses:u,1161344,100.00,,
     1.931240041,102,,cache-misses:u,1161344,100.00,,
     1.931240041,1539162,,bus-cycles:u,1161280,100.00,,
     1.931240041,9841529,,instructions:u,1161312,100.00,,
     1.932388188,343,,branch-misses:u,1147840,100.00,,
     1.932388188,32,,cache-misses:u,1147904,100.00,,
     1.932388188,1527111,,bus-cycles:u,1147904,100.00,,
     1.932388188,9761771,,instructions:u,1147872,100.00,,
     1.933534064,340,,branch-misses:u,1145984,100.00,,
     1.933534064,34,,cache-misses:u,1145856,100.00,,
     1.933534064,1524871,,bus-cycles:u,1145920,100.00,,
     1.933534064,9749574,,instructions:u,1145920,100.00,,
     1.934680067,341,,branch-misses:u,1146208,100.00,,
     1.934680067,29,,cache-misses:u,1146240,100.00,,
     1.934680067,1524913,,bus-cycles:u,1146144,100.00,,
     1.934680067,9739882,,instructions:u,1146112,100.00,,
     1.935827446,342,,branch-misses:u,1147744,100.00,,
     1.935827446,98,,cache-misses:u,1147680,100.00,,
     1.935827446,1521994,,bus-cycles:u,1147680,100.00,,
     1.935827446,9724369,,instructions:u,1147648,100.00,,
     1.936974122,343,,branch-misses:u,1146496,100.00,,
     1.936974122,34,,cache-misses:u,1146432,100.00,,
     1.936974122,1525083,,bus-cycles:u,1146464,100.00,,
     1.936974122,9768937,,instructions:u,1146464,100.00,,
     1.938118941,342,,branch-misses:u,1144832,100.00,,
     1.938118941,36,,cache-misses:u,1144896,100.00,,
     1.938118941,1522777,,bus-cycles:u,1144928,100.00,,
     1.938118941,9745847,,instructions:u,1144992,100.00,,
     1.939263089,339,,branch-misses:u,1144960,100.00,,
     1.939263089,99,,cache-misses:u,1145024,100.00,,
     1.939263089,1518462,,bus-cycles:u,1145312,100.00,,
     1.939263089,9680351,,instructions:u,1145408,100.00,,
     1.940414564,343,,branch-misses:u,1151200,100.00,,
     1.940414564,32,,cache-misses:u,1151232,100.00,,
     1.940414564,1530776,,bus-cycles:u,1151040,100.00,,
     1.940414564,9787176,,instructions:u,1151104,100.00,,
     1.941561751,342,,branch-misses:u,1147264,100.00,,
     1.941561751,32,,cache-misses:u,1147232,100.00,,
     1.941561751,1524677,,bus-cycles:u,1147168,100.00,,
     1.941561751,9750784,,instructions:u,1147008,100.00,,
     1.942708299,341,,branch-misses:u,1146560,100.00,,
     1.942708299,32,,cache-misses:u,1146560,100.00,,
     1.942708299,1523775,,bus-cycles:u,1146560,100.00,,
     1.942708299,9750875,,instructions:u,1146528,100.00,,
     1.943855006,343,,branch-misses:u,1147168,100.00,,
     1.943855006,106,,cache-misses:u,1147136,100.00,,
     1.943855006,1520227,,bus-cycles:u,1147072,100.00,,
     1.943855006,9718031,,instructions:u,1147136,100.00,,
     1.945002737,342,,branch-misses:u,1147616,100.00,,
     1.945002737,37,,cache-misses:u,1147616,100.00,,
     1.945002737,1526095,,bus-cycles:u,1147680,100.00,,
     1.945002737,9770835,,instructions:u,1147648,100.00,,
     1.946149573,341,,branch-misses:u,1146976,100.00,,
     1.946149573,36,,cache-misses:u,1147040,100.00,,
     1.946149573,1525671,,bus-cycles:u,1147072,100.00,,
     1.946149573,9748538,,instructions:u,1147040,100.00,,
     1.947296536,342,,branch-misses:u,1147552,100.00,,
     1.947296536,100,,cache-misses:u,1147840,100.00,,
     1.947296536,1521183,,bus-cycles:u,1147872,100.00,,
     1.947296536,9719678,,instructions:u,1147904,100.00,,
     1.948447819,342,,branch-misses:u,1150912,100.00,,
     1.948447819,34,,cache-misses:u,1150656,100.00,,
     1.948447819,1528989,,bus-cycles:u,1150464,100.00,,
     1.948447819,9771843,,instructions:u,1150464,100.00,,
     1.949594718,343,,branch-misses:u,1147072,100.00,,
     1.949594718,38,,cache-misses:u,1147008,100.00,,
     1.949594718,1523682,,bus-cycles:u,1147040,100.00,,
     1.949594718,9752200,,instructions:u,1147040,100.00,,
     1.950741745,340,,branch-misses:u,1147104,100.00,,
     1.950741745,36,,cache-misses:u,1147200,100.00,,
     1.950741745,1525669,,bus-cycles:u,1147296,100.00,,
     1.950741745,9746841,,instructions:u,1147328,100.00,,
     1.951889989,341,,branch-misses:u,1148736,100.00,,
     1.951889989,83,,cache-misses:u,1148672,100.00,,
     1.951889989,1522050,,bus-cycles:u,1148672,100.00,,
     1.951889989,9711915,,instructions:u,1148608,100.00,,
     1.953051638,346,,branch-misses:u,1161632,100.00,,
     1.953051638,31,,cache-misses:u,1161920,100.00,,
     1.953051638,1544486,,bus-cycles:u,1161888,100.00,,
     1.953051638,9883867,,instructions:u,1161920,100.00,,
     1.954199209,342,,branch-misses:u,1147584,100.00,,
     1.954199209,35,,cache-misses:u,1147232,100.00,,
     1.954199209,1524964,,bus-cycles:u,1147200,100.00,,
     1.954199209,9748572,,instructions:u,1147232,100.00,,
     1.955345533,343,,branch-misses:u,1146816,100.00,,
     1.955345533,114,,cache-misses:u,1146848,100.00,,
     1.955345533,1519262,,bus-cycles:u,1146848,100.00,,
     1.955345533,9701500,,instructions:u,1146816,100.00,,
     1.956493776,341,,branch-misses:u,1148000,100.00,,
     1.956493776,34,,cache-misses:u,1147904,100.00,,
     1.956493776,1525465,,bus-cycles:u,1148064,100.00,,
     1.956493776,9748639,,instructions:u,1148064,100.00,,
     1.957641091,341,,branch-misses:u,1147488,100.00,,
     1.957641091,28,,cache-misses:u,1147552,100.00,,
     1.957641091,1525182,,bus-cycles:u,1147456,100.00,,
     1.957641091,9721080,,instructions:u,1147424,100.00,,
     1.958787127,341,,branch-misses:u,1146112,100.00,,
     1.958787127,32,,cache-misses:u,1146176,100.00,,
     1.958787127,1524374,,bus-cycles:u,1146176,100.00,,
     1.958787127,9745495,,instructions:u,1146240,100.00,,
     1.959946249,346,,branch-misses:u,1159680,100.00,,
     1.959946249,81,,cache-misses:u,1159776,100.00,,
     1.959946249,1537399,,bus-cycles:u,1159808,100.00,,
     1.959946249,9801926,,instructions:u,1159872,100.00,,
     1.961094108,343,,branch-misses:u,1147552,100.00,,
     1.961094108,43,,cache-misses:u,1147456,100.00,,
     1.961094108,1525888,,bus-cycles:u,1147360,100.00,,
     1.961094108,9768432,,instructions:u,1147264,100.00,,
     1.962241327,342,,branch-misses:u,1147392,100.00,,
     1.962241327,34,,cache-misses:u,1147328,100.00,,
     1.962241327,1526021,,bus-cycles:u,1147360,100.00,,
     1.962241327,9767436,,instructions:u,1147360,100.00,,
     1.963389026,342,,branch-misses:u,1148256,100.00,,
     1.963389026,97,,cache-misses:u,1148160,100.00,,
     1.963389026,1521760,,bus-cycles:u,1148128,100.00,,
     1.963389026,9727154,,instructions:u,1148096,100.00,,
     1.964536374,342,,branch-misses:u,1147136,100.00,,
     1.964536374,33,,cache-misses:u,1147296,100.00,,
     1.964536374,1525585,,bus-cycles:u,1147264,100.00,,
     1.964536374,9780898,,instructions:u,1147200,100.00,,
     1.965682761,343,,branch-misses:u,1146400,100.00,,
     1.965682761,33,,cache-misses:u,1146304,100.00,,
     1.965682761,1524084,,bus-cycles:u,1146336,100.00,,
     1.965682761,9771121,,instructions:u,1146336,100.00,,
     1.966829309,343,,branch-misses:u,1146656,100.00,,
     1.966829309,36,,cache-misses:u,1146688,100.00,,
     1.966829309,1524454,,bus-cycles:u,1146752,100.00,,
     1.966829309,9772100,,instructions:u,1146816,100.00,,
     1.967983535,344,,branch-misses:u,1154848,100.00,,
     1.967983535,79,,cache-misses:u,1154880,100.00,,
     1.967983535,1530948,,bus-cycles:u,1154816,100.00,,
     1.967983535,9783862,,instructions:u,1154784,100.00,,
     1.969130114,342,,branch-misses:u,1146304,100.00,,
     1.969130114,33,,cache-misses:u,1146272,100.00,,
     1.969130114,1524667,,bus-cycles:u,1146432,100.00,,
     1.969130114,9768608,,instructions:u,1146400,100.00,,
     1.970276822,343,,branch-misses:u,1146816,100.00,,
     1.970276822,36,,cache-misses:u,1146816,100.00,,
     1.970276822,1525362,,bus-cycles:u,1146656,100.00,,
     1.970276822,9789499,,instructions:u,1146720,100.00,,
     1.971423913,342,,branch-misses:u,1147584,100.00,,
     1.971423913,107,,cache-misses:u,1147616,100.00,,
     1.971423913,1521688,,bus-cycles:u,1147680,100.00,,
     1.971423913,9739858,,instructions:u,1147680,100.00,,
     1.972571996,343,,branch-misses:u,1148064,100.00,,
     1.972571996,49,,cache-misses:u,1147936,100.00,,
     1.972571996,1526471,,bus-cycles:u,1147840,100.00,,
     1.972571996,9773431,,instructions:u,1147808,100.00,,
     1.973731662,346,,branch-misses:u,1159776,100.00,,
     1.973731662,32,,cache-misses:u,1159968,100.00,,
     1.973731662,1542992,,bus-cycles:u,1160064,100.00,,
     1.973731662,9868308,,instructions:u,1160192,100.00,,
     1.974879425,342,,branch-misses:u,1148192,100.00,,
     1.974879425,48,,cache-misses:u,1148096,100.00,,
     1.974879425,1520466,,bus-cycles:u,1147968,100.00,,
     1.974879425,9693829,,instructions:u,1147840,100.00,,
     1.976026837,341,,branch-misses:u,1147136,100.00,,
     1.976026837,74,,cache-misses:u,1147232,100.00,,
     1.976026837,1525848,,bus-cycles:u,1147232,100.00,,
     1.976026837,9746019,,instructions:u,1147264,100.00,,
     1.977173384,342,,branch-misses:u,1146688,100.00,,
     1.977173384,34,,cache-misses:u,1146560,100.00,,
     1.977173384,1524906,,bus-cycles:u,1146560,100.00,,
     1.977173384,9765751,,instructions:u,1146560,100.00,,
     1.978319612,343,,branch-misses:u,1146336,100.00,,
     1.978319612,33,,cache-misses:u,1146432,100.00,,
     1.978319612,1525000,,bus-cycles:u,1146560,100.00,,
     1.978319612,9757282,,instructions:u,1146528,100.00,,
     1.979465263,340,,branch-misses:u,1146304,100.00,,
     1.979465263,135,,cache-misses:u,1146368,100.00,,
     1.979465263,1516133,,bus-cycles:u,1146336,100.00,,
     1.979465263,9687446,,instructions:u,1146336,100.00,,
     1.980614722,344,,branch-misses:u,1149248,100.00,,
     1.980614722,33,,cache-misses:u,1149120,100.00,,
     1.980614722,1527322,,bus-cycles:u,1149024,100.00,,
     1.980614722,9781928,,instructions:u,1148960,100.00,,
     1.981761461,341,,branch-misses:u,1146848,100.00,,
     1.981761461,33,,cache-misses:u,1146880,100.00,,
     1.981761461,1525039,,bus-cycles:u,1147040,100.00,,
     1.981761461,9743709,,instructions:u,1147168,100.00,,
     1.982908233,340,,branch-misses:u,1147200,100.00,,
     1.982908233,52,,cache-misses:u,1147200,100.00,,
     1.982908233,1519495,,bus-cycles:u,1147104,100.00,,
     1.982908233,9703680,,instructions:u,1147136,100.00,,
     1.984055420,343,,branch-misses:u,1147040,100.00,,
     1.984055420,74,,cache-misses:u,1147040,100.00,,
     1.984055420,1524948,,bus-cycles:u,1147008,100.00,,
     1.984055420,9754712,,instructions:u,1146816,100.00,,
     1.985201936,341,,branch-misses:u,1146560,100.00,,
     1.985201936,33,,cache-misses:u,1146368,100.00,,
     1.985201936,1523685,,bus-cycles:u,1146304,100.00,,
     1.985201936,9748780,,instructions:u,1146400,100.00,,
     1.986348195,341,,branch-misses:u,1146336,100.00,,
     1.986348195,32,,cache-misses:u,1146464,100.00,,
     1.986348195,1523484,,bus-cycles:u,1146560,100.00,,
     1.986348195,9736427,,instructions:u,1146592,100.00,,
     1.987495830,341,,branch-misses:u,1148128,100.00,,
     1.987495830,105,,cache-misses:u,1148192,100.00,,
     1.987495830,1521208,,bus-cycles:u,1148224,100.00,,
     1.987495830,9729873,,instructions:u,1148224,100.00,,
     1.988643817,341,,branch-misses:u,1147840,100.00,,
     1.988643817,31,,cache-misses:u,1147776,100.00,,
     1.988643817,1525796,,bus-cycles:u,1147840,100.00,,
     1.988643817,9761040,,instructions:u,1147840,100.00,,
     1.989789661,343,,branch-misses:u,1145984,100.00,,
     1.989789661,29,,cache-misses:u,1145984,100.00,,
     1.989789661,1523103,,bus-cycles:u,1145888,100.00,,
     1.989789661,9743693,,instructions:u,1145920,100.00,,
     1.990936144,341,,branch-misses:u,1147104,100.00,,
     1.990936144,64,,cache-misses:u,1147136,100.00,,
     1.990936144,1518719,,bus-cycles:u,1147136,100.00,,
     1.990936144,9703746,,instructions:u,1147136,100.00,,
     1.992082980,341,,branch-misses:u,1146464,100.00,,
     1.992082980,62,,cache-misses:u,1146496,100.00,,
     1.992082980,1523626,,bus-cycles:u,1146432,100.00,,
     1.992082980,9737194,,instructions:u,1146400,100.00,,
     1.993227543,341,,branch-misses:u,1144768,100.00,,
     1.993227543,36,,cache-misses:u,1144704,100.00,,
     1.993227543,1521803,,bus-cycles:u,1144768,100.00,,
     1.993227543,9725281,,instructions:u,1144768,100.00,,
     1.994371819,341,,branch-misses:u,1144064,100.00,,
     1.994371819,37,,cache-misses:u,1144064,100.00,,
     1.994371819,1520486,,bus-cycles:u,1143968,100.00,,
     1.994371819,9730909,,instructions:u,1143936,100.00,,
     1.995527549,345,,branch-misses:u,1157600,100.00,,
     1.995527549,99,,cache-misses:u,1158144,100.00,,
     1.995527549,1534801,,bus-cycles:u,1158336,100.00,,
     1.995527549,9782003,,instructions:u,1158432,100.00,,
     1.996679088,342,,branch-misses:u,1150464,100.00,,
     1.996679088,33,,cache-misses:u,1150080,100.00,,
     1.996679088,1528783,,bus-cycles:u,1150016,100.00,,
     1.996679088,9779611,,instructions:u,1149952,100.00,,
     1.997826371,342,,branch-misses:u,1147296,100.00,,
     1.997826371,32,,cache-misses:u,1147264,100.00,,
     1.997826371,1524637,,bus-cycles:u,1147232,100.00,,
     1.997826371,9744183,,instructions:u,1147200,100.00,,
     1.998972407,341,,branch-misses:u,1146560,100.00,,
     1.998972407,82,,cache-misses:u,1146304,100.00,,
     1.998972407,1518590,,bus-cycles:u,1146304,100.00,,
     1.998972407,9717708,,instructions:u,1146368,100.00,,
     2.000119882,342,,branch-misses:u,1147424,100.00,,
     2.000119882,50,,cache-misses:u,1147552,100.00,,
     2.000119882,1525625,,bus-cycles:u,1147552,100.00,,
     2.000119882,9760622,,instructions:u,1147648,100.00,,
     2.001266366,342,,branch-misses:u,1146432,100.00,,
     2.001266366,30,,cache-misses:u,1146528,100.00,,
     2.001266366,1524800,,bus-cycles:u,1146592,100.00,,
     2.001266366,9764958,,instructions:u,1146432,100.00,,
     2.002412529,342,,branch-misses:u,1146208,100.00,,
     2.002412529,28,,cache-misses:u,1146208,100.00,,
     2.002412529,1524207,,bus-cycles:u,1146176,100.00,,
     2.002412529,9736138,,instructions:u,1146208,100.00,,
     2.003560548,342,,branch-misses:u,1148608,100.00,,
     2.003560548,99,,cache-misses:u,1148576,100.00,,
     2.003560548,1522510,,bus-cycles:u,1148608,100.00,,
     2.003560548,9733370,,instructions:u,1148576,100.00,,
     2.004708216,342,,branch-misses:u,1147584,100.00,,
     2.004708216,29,,cache-misses:u,1147456,100.00,,
     2.004708216,1526072,,bus-cycles:u,1147456,100.00,,
     2.004708216,9747947,,instructions:u,1147488,100.00,,
     2.005854059,340,,branch-misses:u,1145792,100.00,,
     2.005854059,34,,cache-misses:u,1145792,100.00,,
     2.005854059,1523766,,bus-cycles:u,1145696,100.00,,
     2.005854059,9743113,,instructions:u,1145632,100.00,,
     2.006999455,342,,branch-misses:u,1145824,100.00,,
     2.006999455,81,,cache-misses:u,1145760,100.00,,
     2.006999455,1518639,,bus-cycles:u,1145728,100.00,,
     2.006999455,9708760,,instructions:u,1145728,100.00,,
     2.008146258,342,,branch-misses:u,1146688,100.00,,
     2.008146258,57,,cache-misses:u,1146848,100.00,,
     2.008146258,1524294,,bus-cycles:u,1146848,100.00,,
     2.008146258,9725932,,instructions:u,1146816,100.00,,
     2.009291685,341,,branch-misses:u,1145472,100.00,,
     2.009291685,30,,cache-misses:u,1145376,100.00,,
     2.009291685,1522115,,bus-cycles:u,1145472,100.00,,
     2.009291685,9740957,,instructions:u,1145472,100.00,,
     2.010437785,341,,branch-misses:u,1146304,100.00,,
     2.010437785,33,,cache-misses:u,1146400,100.00,,
     2.010437785,1523819,,bus-cycles:u,1146336,100.00,,
     2.010437785,9736069,,instructions:u,1146368,100.00,,
     2.011584076,341,,branch-misses:u,1146880,100.00,,
     2.011584076,96,,cache-misses:u,1146816,100.00,,
     2.011584076,1519921,,bus-cycles:u,1146816,100.00,,
     2.011584076,9708848,,instructions:u,1146848,100.00,,
     2.012733375,343,,branch-misses:u,1149024,100.00,,
     2.012733375,30,,cache-misses:u,1149024,100.00,,
     2.012733375,1527021,,bus-cycles:u,1149024,100.00,,
     2.012733375,9779922,,instructions:u,1149024,100.00,,
     2.013880147,343,,branch-misses:u,1146944,100.00,,
     2.013880147,36,,cache-misses:u,1147072,100.00,,
     2.013880147,1523936,,bus-cycles:u,1147040,100.00,,
     2.013880147,9750334,,instructions:u,1147072,100.00,,
     2.015026726,341,,branch-misses:u,1147264,100.00,,
     2.015026726,98,,cache-misses:u,1147168,100.00,,
     2.015026726,1519333,,bus-cycles:u,1147168,100.00,,
     2.015026726,9712038,,instructions:u,1147136,100.00,,
     2.016188792,346,,branch-misses:u,1161856,100.00,,
     2.016188792,41,,cache-misses:u,1162016,100.00,,
     2.016188792,1544361,,bus-cycles:u,1162048,100.00,,
     2.016188792,9872730,,instructions:u,1162112,100.00,,
     2.017335787,341,,branch-misses:u,1146912,100.00,,
     2.017335787,30,,cache-misses:u,1146752,100.00,,
     2.017335787,1524544,,bus-cycles:u,1146752,100.00,,
     2.017335787,9746593,,instructions:u,1146688,100.00,,
     2.018482526,341,,branch-misses:u,1146944,100.00,,
     2.018482526,31,,cache-misses:u,1146976,100.00,,
     2.018482526,1524195,,bus-cycles:u,1147008,100.00,,
     2.018482526,9736493,,instructions:u,1147040,100.00,,
     2.019629138,342,,branch-misses:u,1147040,100.00,,
     2.019629138,105,,cache-misses:u,1147008,100.00,,
     2.019629138,1519577,,bus-cycles:u,1147104,100.00,,
     2.019629138,9697669,,instructions:u,1147040,100.00,,
     2.020776741,341,,branch-misses:u,1147360,100.00,,
     2.020776741,39,,cache-misses:u,1147264,100.00,,
     2.020776741,1525305,,bus-cycles:u,1147168,100.00,,
     2.020776741,9748309,,instructions:u,1147200,100.00,,
     2.021922361,342,,branch-misses:u,1145824,100.00,,
     2.021922361,34,,cache-misses:u,1145952,100.00,,
     2.021922361,1523453,,bus-cycles:u,1145920,100.00,,
     2.021922361,9746309,,instructions:u,1145984,100.00,,
     2.023069420,341,,branch-misses:u,1147616,100.00,,
     2.023069420,99,,cache-misses:u,1147616,100.00,,
     2.023069420,1520749,,bus-cycles:u,1147616,100.00,,
     2.023069420,9712144,,instructions:u,1147520,100.00,,
     2.024216831,341,,branch-misses:u,1147136,100.00,,
     2.024216831,34,,cache-misses:u,1147040,100.00,,
     2.024216831,1525026,,bus-cycles:u,1147072,100.00,,
     2.024216831,9740314,,instructions:u,1147136,100.00,,
     2.025363187,343,,branch-misses:u,1146528,100.00,,
     2.025363187,32,,cache-misses:u,1146656,100.00,,
     2.025363187,1524296,,bus-cycles:u,1146688,100.00,,
     2.025363187,9748507,,instructions:u,1146688,100.00,,
     2.026508838,341,,branch-misses:u,1145760,100.00,,
     2.026508838,32,,cache-misses:u,1145696,100.00,,
     2.026508838,1523954,,bus-cycles:u,1145664,100.00,,
     2.026508838,9740625,,instructions:u,1145568,100.00,,
     2.027655673,340,,branch-misses:u,1147328,100.00,,
     2.027655673,96,,cache-misses:u,1147392,100.00,,
     2.027655673,1521116,,bus-cycles:u,1147360,100.00,,
     2.027655673,9691806,,instructions:u,1147456,100.00,,
     2.028802413,341,,branch-misses:u,1146368,100.00,,
     2.028802413,51,,cache-misses:u,1146272,100.00,,
     2.028802413,1522076,,bus-cycles:u,1146272,100.00,,
     2.028802413,9750544,,instructions:u,1146208,100.00,,
     2.029947232,342,,branch-misses:u,1145088,100.00,,
     2.029947232,37,,cache-misses:u,1145024,100.00,,
     2.029947232,1522671,,bus-cycles:u,1144992,100.00,,
     2.029947232,9747212,,instructions:u,1144960,100.00,,
     2.031093524,341,,branch-misses:u,1147840,100.00,,
     2.031093524,105,,cache-misses:u,1148544,100.00,,
     2.031093524,1522781,,bus-cycles:u,1148704,100.00,,
     2.031093524,9739950,,instructions:u,1148960,100.00,,
     2.032277635,353,,branch-misses:u,1183168,100.00,,
     2.032277635,38,,cache-misses:u,1182752,100.00,,
     2.032277635,1572534,,bus-cycles:u,1182688,100.00,,
     2.032277635,10041483,,instructions:u,1182592,100.00,,
     2.033425302,342,,branch-misses:u,1147456,100.00,,
     2.033425302,33,,cache-misses:u,1147296,100.00,,
     2.033425302,1525395,,bus-cycles:u,1147264,100.00,,
     2.033425302,9744704,,instructions:u,1147264,100.00,,
     2.034572585,343,,branch-misses:u,1147680,100.00,,
     2.034572585,33,,cache-misses:u,1147648,100.00,,
     2.034572585,1525779,,bus-cycles:u,1147616,100.00,,
     2.034572585,9790208,,instructions:u,1147488,100.00,,
     2.035719357,339,,branch-misses:u,1147136,100.00,,
     2.035719357,101,,cache-misses:u,1147104,100.00,,
     2.035719357,1521024,,bus-cycles:u,1147168,100.00,,
     2.035719357,9697452,,instructions:u,1147104,100.00,,
     2.036884878,348,,branch-misses:u,1165568,100.00,,
     2.036884878,35,,cache-misses:u,1166048,100.00,,
     2.036884878,1551032,,bus-cycles:u,1166304,100.00,,
     2.036884878,9901981,,instructions:u,1166432,100.00,,
     2.038033281,341,,branch-misses:u,1148288,100.00,,
     2.038033281,26,,cache-misses:u,1147840,100.00,,
     2.038033281,1526961,,bus-cycles:u,1147648,100.00,,
     2.038033281,9731699,,instructions:u,1147680,100.00,,
     2.039179508,342,,branch-misses:u,1146720,100.00,,
     2.039179508,99,,cache-misses:u,1146720,100.00,,
     2.039179508,1520525,,bus-cycles:u,1146592,100.00,,
     2.039179508,9726940,,instructions:u,1146464,100.00,,
     2.040326568,342,,branch-misses:u,1146816,100.00,,
     2.040326568,36,,cache-misses:u,1146848,100.00,,
     2.040326568,1525472,,bus-cycles:u,1146880,100.00,,
     2.040326568,9781089,,instructions:u,1147008,100.00,,
     2.041473339,342,,branch-misses:u,1146912,100.00,,
     2.041473339,39,,cache-misses:u,1146848,100.00,,
     2.041473339,1525206,,bus-cycles:u,1146912,100.00,,
     2.041473339,9765351,,instructions:u,1146816,100.00,,
     2.042619662,343,,branch-misses:u,1146368,100.00,,
     2.042619662,37,,cache-misses:u,1146432,100.00,,
     2.042619662,1525044,,bus-cycles:u,1146336,100.00,,
     2.042619662,9761627,,instructions:u,1146336,100.00,,
     2.043764770,342,,branch-misses:u,1145792,100.00,,
     2.043764770,98,,cache-misses:u,1145888,100.00,,
     2.043764770,1520272,,bus-cycles:u,1145952,100.00,,
     2.043764770,9720794,,instructions:u,1145984,100.00,,
     2.044914517,342,,branch-misses:u,1149376,100.00,,
     2.044914517,40,,cache-misses:u,1149248,100.00,,
     2.044914517,1529222,,bus-cycles:u,1149248,100.00,,
     2.044914517,9768312,,instructions:u,1149216,100.00,,
     2.046060328,341,,branch-misses:u,1145920,100.00,,
     2.046060328,33,,cache-misses:u,1145984,100.00,,
     2.046060328,1523713,,bus-cycles:u,1145856,100.00,,
     2.046060328,9744726,,instructions:u,1145888,100.00,,
     2.047207036,343,,branch-misses:u,1147232,100.00,,
     2.047207036,97,,cache-misses:u,1147264,100.00,,
     2.047207036,1520469,,bus-cycles:u,1147392,100.00,,
     2.047207036,9721934,,instructions:u,1147424,100.00,,
     2.048354095,343,,branch-misses:u,1146784,100.00,,
     2.048354095,49,,cache-misses:u,1146752,100.00,,
     2.048354095,1524112,,bus-cycles:u,1146720,100.00,,
     2.048354095,9758073,,instructions:u,1146752,100.00,,
     2.049498691,341,,branch-misses:u,1144800,100.00,,
     2.049498691,33,,cache-misses:u,1144608,100.00,,
     2.049498691,1521504,,bus-cycles:u,1144640,100.00,,
     2.049498691,9724164,,instructions:u,1144576,100.00,,
     2.050643063,339,,branch-misses:u,1144448,100.00,,
     2.050643063,30,,cache-misses:u,1144512,100.00,,
     2.050643063,1522011,,bus-cycles:u,1144448,100.00,,
     2.050643063,9701439,,instructions:u,1144480,100.00,,
     2.051788458,341,,branch-misses:u,1146048,100.00,,
     2.051788458,93,,cache-misses:u,1146304,100.00,,
     2.051788458,1520028,,bus-cycles:u,1146304,100.00,,
     2.051788458,9713746,,instructions:u,1146368,100.00,,
     2.052938749,343,,branch-misses:u,1150080,100.00,,
     2.052938749,32,,cache-misses:u,1150016,100.00,,
     2.052938749,1530367,,bus-cycles:u,1150080,100.00,,
     2.052938749,9810328,,instructions:u,1149984,100.00,,
     2.054084592,343,,branch-misses:u,1145856,100.00,,
     2.054084592,28,,cache-misses:u,1145792,100.00,,
     2.054084592,1523328,,bus-cycles:u,1145696,100.00,,
     2.054084592,9750803,,instructions:u,1145728,100.00,,
     2.055230724,341,,branch-misses:u,1146720,100.00,,
     2.055230724,104,,cache-misses:u,1146656,100.00,,
     2.055230724,1519751,,bus-cycles:u,1146624,100.00,,
     2.055230724,9726197,,instructions:u,1146592,100.00,,
     2.056378295,342,,branch-misses:u,1147264,100.00,,
     2.056378295,36,,cache-misses:u,1147328,100.00,,
     2.056378295,1526464,,bus-cycles:u,1147488,100.00,,
     2.056378295,9755790,,instructions:u,1147552,100.00,,
     2.057524267,341,,branch-misses:u,1146144,100.00,,
     2.057524267,28,,cache-misses:u,1146176,100.00,,
     2.057524267,1524953,,bus-cycles:u,1146144,100.00,,
     2.057524267,9722289,,instructions:u,1146080,100.00,,
     2.058682717,343,,branch-misses:u,1158752,100.00,,
     2.058682717,32,,cache-misses:u,1158816,100.00,,
     2.058682717,1541078,,bus-cycles:u,1158752,100.00,,
     2.058682717,9836178,,instructions:u,1158752,100.00,,
     2.059829776,343,,branch-misses:u,1147392,100.00,,
     2.059829776,99,,cache-misses:u,1147264,100.00,,
     2.059829776,1520496,,bus-cycles:u,1147232,100.00,,
     2.059829776,9713461,,instructions:u,1147296,100.00,,
     2.060977731,342,,branch-misses:u,1147776,100.00,,
     2.060977731,32,,cache-misses:u,1147712,100.00,,
     2.060977731,1525644,,bus-cycles:u,1147776,100.00,,
     2.060977731,9768552,,instructions:u,1147712,100.00,,
     2.062123959,343,,branch-misses:u,1146368,100.00,,
     2.062123959,33,,cache-misses:u,1146336,100.00,,
     2.062123959,1524236,,bus-cycles:u,1146304,100.00,,
     2.062123959,9753471,,instructions:u,1146304,100.00,,
     2.063269066,341,,branch-misses:u,1145600,100.00,,
     2.063269066,103,,cache-misses:u,1145728,100.00,,
     2.063269066,1519082,,bus-cycles:u,1145664,100.00,,
     2.063269066,9711835,,instructions:u,1145728,100.00,,
     2.064416733,342,,branch-misses:u,1147392,100.00,,
     2.064416733,33,,cache-misses:u,1147328,100.00,,
     2.064416733,1526795,,bus-cycles:u,1147392,100.00,,
     2.064416733,9770512,,instructions:u,1147264,100.00,,
     2.065562321,343,,branch-misses:u,1145760,100.00,,
     2.065562321,30,,cache-misses:u,1145760,100.00,,
     2.065562321,1525178,,bus-cycles:u,1145728,100.00,,
     2.065562321,9753151,,instructions:u,1145792,100.00,,
     2.066708484,341,,branch-misses:u,1146272,100.00,,
     2.066708484,31,,cache-misses:u,1146304,100.00,,
     2.066708484,1525593,,bus-cycles:u,1146368,100.00,,
     2.066708484,9734172,,instructions:u,1146368,100.00,,
     2.067855320,341,,branch-misses:u,1147424,100.00,,
     2.067855320,100,,cache-misses:u,1147488,100.00,,
     2.067855320,1519503,,bus-cycles:u,1147488,100.00,,
     2.067855320,9715714,,instructions:u,1147488,100.00,,
     2.069003019,342,,branch-misses:u,1147392,100.00,,
     2.069003019,37,,cache-misses:u,1147328,100.00,,
     2.069003019,1525143,,bus-cycles:u,1147328,100.00,,
     2.069003019,9751251,,instructions:u,1147360,100.00,,
     2.070149406,342,,branch-misses:u,1146464,100.00,,
     2.070149406,30,,cache-misses:u,1146432,100.00,,
     2.070149406,1524955,,bus-cycles:u,1146400,100.00,,
     2.070149406,9764690,,instructions:u,1146304,100.00,,
     2.071295730,341,,branch-misses:u,1147008,100.00,,
     2.071295730,98,,cache-misses:u,1147072,100.00,,
     2.071295730,1521980,,bus-cycles:u,1147040,100.00,,
     2.071295730,9724067,,instructions:u,1147200,100.00,,
     2.072443525,345,,branch-misses:u,1147456,100.00,,
     2.072443525,28,,cache-misses:u,1147360,100.00,,
     2.072443525,1526357,,bus-cycles:u,1147392,100.00,,
     2.072443525,9766143,,instructions:u,1147200,100.00,,
     2.073589241,341,,branch-misses:u,1145856,100.00,,
     2.073589241,34,,cache-misses:u,1145824,100.00,,
     2.073589241,1524236,,bus-cycles:u,1145856,100.00,,
     2.073589241,9749395,,instructions:u,1145792,100.00,,
     2.074733964,341,,branch-misses:u,1144960,100.00,,
     2.074733964,35,,cache-misses:u,1144864,100.00,,
     2.074733964,1524175,,bus-cycles:u,1144768,100.00,,
     2.074733964,9742038,,instructions:u,1144960,100.00,,
     2.075879360,342,,branch-misses:u,1145888,100.00,,
     2.075879360,97,,cache-misses:u,1145984,100.00,,
     2.075879360,1521090,,bus-cycles:u,1146016,100.00,,
     2.075879360,9719207,,instructions:u,1146016,100.00,,
     2.077027411,342,,branch-misses:u,1147808,100.00,,
     2.077027411,33,,cache-misses:u,1147872,100.00,,
     2.077027411,1526964,,bus-cycles:u,1147872,100.00,,
     2.077027411,9763046,,instructions:u,1147872,100.00,,
     2.078173223,343,,branch-misses:u,1145888,100.00,,
     2.078173223,36,,cache-misses:u,1145760,100.00,,
     2.078173223,1525101,,bus-cycles:u,1145824,100.00,,
     2.078173223,9763081,,instructions:u,1145792,100.00,,
     2.079331001,345,,branch-misses:u,1158560,100.00,,
     2.079331001,102,,cache-misses:u,1158816,100.00,,
     2.079331001,1537771,,bus-cycles:u,1158848,100.00,,
     2.079331001,9837850,,instructions:u,1158816,100.00,,
     2.080479820,344,,branch-misses:u,1148384,100.00,,
     2.080479820,32,,cache-misses:u,1148256,100.00,,
     2.080479820,1527680,,bus-cycles:u,1148288,100.00,,
     2.080479820,9776269,,instructions:u,1148288,100.00,,
     2.081625343,342,,branch-misses:u,1145536,100.00,,
     2.081625343,34,,cache-misses:u,1145568,100.00,,
     2.081625343,1524736,,bus-cycles:u,1145440,100.00,,
     2.081625343,9775769,,instructions:u,1145376,100.00,,
     2.082770707,341,,branch-misses:u,1145504,100.00,,
     2.082770707,33,,cache-misses:u,1145408,100.00,,
     2.082770707,1523654,,bus-cycles:u,1145440,100.00,,
     2.082770707,9739325,,instructions:u,1145504,100.00,,
     2.083927525,345,,branch-misses:u,1157408,100.00,,
     2.083927525,76,,cache-misses:u,1157472,100.00,,
     2.083927525,1535389,,bus-cycles:u,1157504,100.00,,
     2.083927525,9810361,,instructions:u,1157536,100.00,,
     2.085075320,342,,branch-misses:u,1147648,100.00,,
     2.085075320,33,,cache-misses:u,1147616,100.00,,
     2.085075320,1526359,,bus-cycles:u,1147584,100.00,,
     2.085075320,9751126,,instructions:u,1147616,100.00,,
     2.086221132,340,,branch-misses:u,1145920,100.00,,
     2.086221132,29,,cache-misses:u,1145888,100.00,,
     2.086221132,1522883,,bus-cycles:u,1145856,100.00,,
     2.086221132,9710358,,instructions:u,1145856,100.00,,
     2.087367839,341,,branch-misses:u,1147168,100.00,,
     2.087367839,100,,cache-misses:u,1147264,100.00,,
     2.087367839,1520267,,bus-cycles:u,1147392,100.00,,
     2.087367839,9698877,,instructions:u,1147296,100.00,,
     2.088515858,342,,branch-misses:u,1147872,100.00,,
     2.088515858,34,,cache-misses:u,1147904,100.00,,
     2.088515858,1525090,,bus-cycles:u,1147904,100.00,,
     2.088515858,9763536,,instructions:u,1147936,100.00,,
     2.089662278,342,,branch-misses:u,1146496,100.00,,
     2.089662278,32,,cache-misses:u,1146432,100.00,,
     2.089662278,1524309,,bus-cycles:u,1146272,100.00,,
     2.089662278,9741136,,instructions:u,1146336,100.00,,
     2.090807833,340,,branch-misses:u,1145632,100.00,,
     2.090807833,34,,cache-misses:u,1145728,100.00,,
     2.090807833,1525233,,bus-cycles:u,1145984,100.00,,
     2.090807833,9719763,,instructions:u,1145984,100.00,,
     2.091962156,344,,branch-misses:u,1154944,100.00,,
     2.091962156,83,,cache-misses:u,1154912,100.00,,
     2.091962156,1531485,,bus-cycles:u,1154816,100.00,,
     2.091962156,9782431,,instructions:u,1154784,100.00,,
     2.093108735,342,,branch-misses:u,1146336,100.00,,
     2.093108735,40,,cache-misses:u,1146272,100.00,,
     2.093108735,1525160,,bus-cycles:u,1146208,100.00,,
     2.093108735,9762568,,instructions:u,1146208,100.00,,
     2.094255570,342,,branch-misses:u,1146944,100.00,,
     2.094255570,32,,cache-misses:u,1146944,100.00,,
     2.094255570,1526004,,bus-cycles:u,1147072,100.00,,
     2.094255570,9767537,,instructions:u,1147136,100.00,,
     2.095401894,342,,branch-misses:u,1146848,100.00,,
     2.095401894,102,,cache-misses:u,1146848,100.00,,
     2.095401894,1520680,,bus-cycles:u,1146816,100.00,,
     2.095401894,9713637,,instructions:u,1146848,100.00,,
     2.096548633,342,,branch-misses:u,1146592,100.00,,
     2.096548633,32,,cache-misses:u,1146688,100.00,,
     2.096548633,1524289,,bus-cycles:u,1146688,100.00,,
     2.096548633,9739592,,instructions:u,1146560,100.00,,
     2.097695341,340,,branch-misses:u,1146720,100.00,,
     2.097695341,33,,cache-misses:u,1146688,100.00,,
     2.097695341,1524440,,bus-cycles:u,1146656,100.00,,
     2.097695341,9724787,,instructions:u,1146688,100.00,,
     2.098841792,342,,branch-misses:u,1146560,100.00,,
     2.098841792,33,,cache-misses:u,1146496,100.00,,
     2.098841792,1524575,,bus-cycles:u,1146400,100.00,,
     2.098841792,9742650,,instructions:u,1146432,100.00,,
     2.099999314,344,,branch-misses:u,1158176,100.00,,
     2.099999314,87,,cache-misses:u,1158272,100.00,,
     2.099999314,1535219,,bus-cycles:u,1158336,100.00,,
     2.099999314,9804284,,instructions:u,1158464,100.00,,
     2.101157636,346,,branch-misses:u,1158272,100.00,,
     2.101157636,42,,cache-misses:u,1158272,100.00,,
     2.101157636,1539682,,bus-cycles:u,1158208,100.00,,
     2.101157636,9839760,,instructions:u,1158080,100.00,,
     2.102304439,340,,branch-misses:u,1146624,100.00,,
     2.102304439,33,,cache-misses:u,1146464,100.00,,
     2.102304439,1525209,,bus-cycles:u,1146400,100.00,,
     2.102304439,9723681,,instructions:u,1146400,100.00,,
     2.103451275,341,,branch-misses:u,1147392,100.00,,
     2.103451275,123,,cache-misses:u,1147488,100.00,,
     2.103451275,1520239,,bus-cycles:u,1147648,100.00,,
     2.103451275,9704904,,instructions:u,1147712,100.00,,
     2.104599006,343,,branch-misses:u,1147456,100.00,,
     2.104599006,33,,cache-misses:u,1147456,100.00,,
     2.104599006,1527161,,bus-cycles:u,1147328,100.00,,
     2.104599006,9773744,,instructions:u,1147264,100.00,,
     2.105743986,339,,branch-misses:u,1145152,100.00,,
     2.105743986,39,,cache-misses:u,1145088,100.00,,
     2.105743986,1523867,,bus-cycles:u,1145088,100.00,,
     2.105743986,9755422,,instructions:u,1144960,100.00,,
     2.106868264,336,,branch-misses:u,1124832,100.00,,
     2.106868264,45,,cache-misses:u,1124960,100.00,,
     2.106868264,1491311,,bus-cycles:u,1125056,100.00,,
     2.106868264,9529998,,instructions:u,1125216,100.00,,
     2.108017403,342,,branch-misses:u,1149088,100.00,,
     2.108017403,72,,cache-misses:u,1149088,100.00,,
     2.108017403,1528325,,bus-cycles:u,1149024,100.00,,
     2.108017403,9758717,,instructions:u,1148960,100.00,,
     2.109163694,341,,branch-misses:u,1146272,100.00,,
     2.109163694,26,,cache-misses:u,1146176,100.00,,
     2.109163694,1524147,,bus-cycles:u,1146144,100.00,,
     2.109163694,9713691,,instructions:u,1146176,100.00,,
     2.110310146,341,,branch-misses:u,1146592,100.00,,
     2.110310146,32,,cache-misses:u,1146528,100.00,,
     2.110310146,1524223,,bus-cycles:u,1146592,100.00,,
     2.110310146,9758749,,instructions:u,1146624,100.00,,
     2.111457141,342,,branch-misses:u,1147488,100.00,,
     2.111457141,99,,cache-misses:u,1147552,100.00,,
     2.111457141,1520712,,bus-cycles:u,1147520,100.00,,
     2.111457141,9729957,,instructions:u,1147424,100.00,,
     2.112605000,342,,branch-misses:u,1147712,100.00,,
     2.112605000,31,,cache-misses:u,1147776,100.00,,
     2.112605000,1525873,,bus-cycles:u,1147808,100.00,,
     2.112605000,9752789,,instructions:u,1147776,100.00,,
     2.113751420,342,,branch-misses:u,1146432,100.00,,
     2.113751420,31,,cache-misses:u,1146400,100.00,,
     2.113751420,1524794,,bus-cycles:u,1146432,100.00,,
     2.113751420,9744327,,instructions:u,1146496,100.00,,
     2.114897935,340,,branch-misses:u,1147040,100.00,,
     2.114897935,48,,cache-misses:u,1147072,100.00,,
     2.114897935,1520438,,bus-cycles:u,1147104,100.00,,
     2.114897935,9693657,,instructions:u,1147136,100.00,,
     2.116046498,342,,branch-misses:u,1148320,100.00,,
     2.116046498,59,,cache-misses:u,1148192,100.00,,
     2.116046498,1526481,,bus-cycles:u,1148128,100.00,,
     2.116046498,9759708,,instructions:u,1148128,100.00,,
     2.117192182,340,,branch-misses:u,1145696,100.00,,
     2.117192182,36,,cache-misses:u,1145696,100.00,,
     2.117192182,1523181,,bus-cycles:u,1145696,100.00,,
     2.117192182,9737489,,instructions:u,1145664,100.00,,
     2.118338569,341,,branch-misses:u,1146592,100.00,,
     2.118338569,38,,cache-misses:u,1146592,100.00,,
     2.118338569,1525412,,bus-cycles:u,1146592,100.00,,
     2.118338569,9737740,,instructions:u,1146624,100.00,,
     2.119484892,343,,branch-misses:u,1146912,100.00,,
     2.119484892,116,,cache-misses:u,1147008,100.00,,
     2.119484892,1519992,,bus-cycles:u,1147008,100.00,,
     2.119484892,9715790,,instructions:u,1146976,100.00,,
     2.120632272,342,,branch-misses:u,1147104,100.00,,
     2.120632272,29,,cache-misses:u,1147040,100.00,,
     2.120632272,1524659,,bus-cycles:u,1146944,100.00,,
     2.120632272,9753766,,instructions:u,1146944,100.00,,
     2.121789730,345,,branch-misses:u,1157792,100.00,,
     2.121789730,30,,cache-misses:u,1157920,100.00,,
     2.121789730,1540020,,bus-cycles:u,1158080,100.00,,
     2.121789730,9843542,,instructions:u,1158080,100.00,,
     2.122936373,342,,branch-misses:u,1147008,100.00,,
     2.122936373,64,,cache-misses:u,1146848,100.00,,
     2.122936373,1520215,,bus-cycles:u,1146784,100.00,,
     2.122936373,9728035,,instructions:u,1146816,100.00,,
     2.124083113,342,,branch-misses:u,1146464,100.00,,
     2.124083113,59,,cache-misses:u,1146496,100.00,,
     2.124083113,1524303,,bus-cycles:u,1146528,100.00,,
     2.124083113,9754039,,instructions:u,1146496,100.00,,
     2.125229020,343,,branch-misses:u,1146144,100.00,,
     2.125229020,43,,cache-misses:u,1146176,100.00,,
     2.125229020,1524364,,bus-cycles:u,1146144,100.00,,
     2.125229020,9754728,,instructions:u,1146176,100.00,,
     2.126374960,341,,branch-misses:u,1146048,100.00,,
     2.126374960,35,,cache-misses:u,1146080,100.00,,
     2.126374960,1523918,,bus-cycles:u,1146112,100.00,,
     2.126374960,9744312,,instructions:u,1146080,100.00,,
     2.127522019,342,,branch-misses:u,1147488,100.00,,
     2.127522019,99,,cache-misses:u,1147392,100.00,,
     2.127522019,1520622,,bus-cycles:u,1147328,100.00,,
     2.127522019,9712746,,instructions:u,1147360,100.00,,
     2.128668726,342,,branch-misses:u,1146464,100.00,,
     2.128668726,35,,cache-misses:u,1146432,100.00,,
     2.128668726,1524264,,bus-cycles:u,1146432,100.00,,
     2.128668726,9763060,,instructions:u,1146400,100.00,,
     2.129812746,341,,branch-misses:u,1144192,100.00,,
     2.129812746,32,,cache-misses:u,1144128,100.00,,
     2.129812746,1521404,,bus-cycles:u,1144160,100.00,,
     2.129812746,9736954,,instructions:u,1144160,100.00,,
     2.130956990,342,,branch-misses:u,1144736,100.00,,
     2.130956990,74,,cache-misses:u,1144960,100.00,,
     2.130956990,1516610,,bus-cycles:u,1144960,100.00,,
     2.130956990,9699723,,instructions:u,1145024,100.00,,
     2.132105073,341,,branch-misses:u,1148000,100.00,,
     2.132105073,64,,cache-misses:u,1148000,100.00,,
     2.132105073,1526073,,bus-cycles:u,1148000,100.00,,
     2.132105073,9752522,,instructions:u,1147904,100.00,,
     2.133249956,340,,branch-misses:u,1144864,100.00,,
     2.133249956,34,,cache-misses:u,1144768,100.00,,
     2.133249956,1521110,,bus-cycles:u,1144704,100.00,,
     2.133249956,9728036,,instructions:u,1144672,100.00,,
     2.134394072,416,,branch-misses:u,1144896,100.00,,
     2.134394072,119,,cache-misses:u,1146016,100.00,,
     2.134394072,1375310,,bus-cycles:u,1145984,100.00,,
     2.134394072,8512882,,instructions:u,1146080,100.00,,
     2.134703218,0,,branch-misses:u,230080,100.00,,
     2.134703218,0,,cache-misses:u,226336,100.00,,
     2.134703218,0,,bus-cycles:u,223904,100.00,,
     2.134703218,0,,instructions:u,221408,100.00,,
