     0.001111030,<not counted>,,branch-misses:u,0,100.00,,
     0.001111030,<not counted>,,cache-misses:u,0,100.00,,
     0.001111030,<not counted>,,bus-cycles:u,0,100.00,,
     0.001111030,<not counted>,,instructions:u,0,100.00,,
     0.002678054,1047,,branch-misses:u,1172288,100.00,,
     0.002678054,356,,cache-misses:u,1178432,100.00,,
     0.002678054,141087,,bus-cycles:u,1181568,100.00,,
     0.002678054,36406,,instructions:u,1187584,100.00,,
     0.003929479,1504,,branch-misses:u,1246784,100.00,,
     0.003929479,2074,,cache-misses:u,1245408,100.00,,
     0.003929479,978720,,bus-cycles:u,1245408,100.00,,
     0.003929479,4431604,,instructions:u,1243040,100.00,,
     0.005117265,301,,branch-misses:u,1184672,100.00,,
     0.005117265,48,,cache-misses:u,1183488,100.00,,
     0.005117265,1310990,,bus-cycles:u,1183296,100.00,,
     0.005117265,8378798,,instructions:u,1182592,100.00,,
     0.006284447,299,,branch-misses:u,1166752,100.00,,
     0.006284447,35,,cache-misses:u,1166272,100.00,,
     0.006284447,1292521,,bus-cycles:u,1166304,100.00,,
     0.006284447,8266692,,instructions:u,1166304,100.00,,
     0.007448589,298,,branch-misses:u,1165184,100.00,,
     0.007448589,131,,cache-misses:u,1165664,100.00,,
     0.007448589,1275963,,bus-cycles:u,1165856,100.00,,
     0.007448589,8163407,,instructions:u,1165952,100.00,,
     0.008618106,296,,branch-misses:u,1168928,100.00,,
     0.008618106,37,,cache-misses:u,1168832,100.00,,
     0.008618106,1294935,,bus-cycles:u,1168512,100.00,,
     0.008618106,8280540,,instructions:u,1168352,100.00,,
     0.009782120,294,,branch-misses:u,1164256,100.00,,
     0.009782120,39,,cache-misses:u,1163776,100.00,,
     0.009782120,1289689,,bus-cycles:u,1163872,100.00,,
     0.009782120,8243636,,instructions:u,1163968,100.00,,
     0.010945686,294,,branch-misses:u,1163616,100.00,,
     0.010945686,35,,cache-misses:u,1163776,100.00,,
     0.010945686,1289623,,bus-cycles:u,1163776,100.00,,
     0.010945686,8243984,,instructions:u,1163808,100.00,,
     0.012107556,293,,branch-misses:u,1162528,100.00,,
     0.012107556,117,,cache-misses:u,1162528,100.00,,
     0.012107556,1280648,,bus-cycles:u,1162656,100.00,,
     0.012107556,8196512,,instructions:u,1162720,100.00,,
     0.013274322,286,,branch-misses:u,1147808,100.00,,
     0.013274322,192,,cache-misses:u,1148160,100.00,,
     0.013274322,1258724,,bus-cycles:u,1148096,100.00,,
     0.013274322,8046425,,instructions:u,1148064,100.00,,
     0.014440927,295,,branch-misses:u,1166144,100.00,,
     0.014440927,39,,cache-misses:u,1165632,100.00,,
     0.014440927,1291675,,bus-cycles:u,1165568,100.00,,
     0.014440927,8262574,,instructions:u,1165536,100.00,,
     0.015603181,295,,branch-misses:u,1163104,100.00,,
     0.015603181,115,,cache-misses:u,1163168,100.00,,
     0.015603181,1280570,,bus-cycles:u,1163200,100.00,,
     0.015603181,8191986,,instructions:u,1163200,100.00,,
     0.016769691,297,,branch-misses:u,1165920,100.00,,
     0.016769691,39,,cache-misses:u,1165984,100.00,,
     0.016769691,1292085,,bus-cycles:u,1165952,100.00,,
     0.016769691,8259482,,instructions:u,1165888,100.00,,
     0.017933641,293,,branch-misses:u,1164128,100.00,,
     0.017933641,33,,cache-misses:u,1164192,100.00,,
     0.017933641,1290166,,bus-cycles:u,1164256,100.00,,
     0.017933641,8248823,,instructions:u,1164384,100.00,,
     0.019096951,294,,branch-misses:u,1163552,100.00,,
     0.019096951,34,,cache-misses:u,1163456,100.00,,
     0.019096951,1289153,,bus-cycles:u,1163456,100.00,,
     0.019096951,8243528,,instructions:u,1163360,100.00,,
     0.020279586,298,,branch-misses:u,1183392,100.00,,
     0.020279586,95,,cache-misses:u,1183328,100.00,,
     0.020279586,1305212,,bus-cycles:u,1183360,100.00,,
     0.020279586,8344757,,instructions:u,1183328,100.00,,
     0.021443920,295,,branch-misses:u,1163904,100.00,,
     0.021443920,35,,cache-misses:u,1164384,100.00,,
     0.021443920,1290304,,bus-cycles:u,1164320,100.00,,
     0.021443920,8249239,,instructions:u,1164320,100.00,,
     0.022606878,293,,branch-misses:u,1163232,100.00,,
     0.022606878,41,,cache-misses:u,1162784,100.00,,
     0.022606878,1288514,,bus-cycles:u,1162688,100.00,,
     0.022606878,8237666,,instructions:u,1162752,100.00,,
     0.023804903,294,,branch-misses:u,1199392,100.00,,
     0.023804903,237,,cache-misses:u,1199936,100.00,,
     0.023804903,1282544,,bus-cycles:u,1199968,100.00,,
     0.023804903,8203492,,instructions:u,1200000,100.00,,
     0.024980595,297,,branch-misses:u,1174784,100.00,,
     0.024980595,38,,cache-misses:u,1174688,100.00,,
     0.024980595,1301853,,bus-cycles:u,1174688,100.00,,
     0.024980595,8328693,,instructions:u,1174592,100.00,,
     0.026147681,294,,branch-misses:u,1167424,100.00,,
     0.026147681,32,,cache-misses:u,1167264,100.00,,
     0.026147681,1293734,,bus-cycles:u,1167328,100.00,,
     0.026147681,8277082,,instructions:u,1167264,100.00,,
     0.027314606,299,,branch-misses:u,1167104,100.00,,
     0.027314606,102,,cache-misses:u,1166912,100.00,,
     0.027314606,1287197,,bus-cycles:u,1166816,100.00,,
     0.027314606,8233113,,instructions:u,1166880,100.00,,
     0.028482332,294,,branch-misses:u,1167680,100.00,,
     0.028482332,52,,cache-misses:u,1167712,100.00,,
     0.028482332,1294062,,bus-cycles:u,1167776,100.00,,
     0.028482332,8279109,,instructions:u,1167872,100.00,,
     0.029647337,294,,branch-misses:u,1165216,100.00,,
     0.029647337,37,,cache-misses:u,1164992,100.00,,
     0.029647337,1291068,,bus-cycles:u,1164960,100.00,,
     0.029647337,8263378,,instructions:u,1164800,100.00,,
     0.030811991,294,,branch-misses:u,1164768,100.00,,
     0.030811991,33,,cache-misses:u,1164864,100.00,,
     0.030811991,1290936,,bus-cycles:u,1164800,100.00,,
     0.030811991,8247261,,instructions:u,1164832,100.00,,
     0.031976357,266,,branch-misses:u,1027552,100.00,,
     0.031976357,749,,cache-misses:u,1027936,100.00,,
     0.031976357,1142484,,bus-cycles:u,1028032,100.00,,
     0.031976357,7288740,,instructions:u,1028032,100.00,,
     0.033137780,311,,branch-misses:u,1160960,100.00,,
     0.033137780,47,,cache-misses:u,1160384,100.00,,
     0.033137780,1369878,,bus-cycles:u,1160256,100.00,,
     0.033137780,8761278,,instructions:u,1160128,100.00,,
     0.034296866,312,,branch-misses:u,1159264,100.00,,
     0.034296866,37,,cache-misses:u,1159360,100.00,,
     0.034296866,1370259,,bus-cycles:u,1159424,100.00,,
     0.034296866,8758267,,instructions:u,1159456,100.00,,
     0.035455569,311,,branch-misses:u,1159264,100.00,,
     0.035455569,112,,cache-misses:u,1159264,100.00,,
     0.035455569,1360908,,bus-cycles:u,1159264,100.00,,
     0.035455569,8700551,,instructions:u,1159264,100.00,,
     0.036616064,311,,branch-misses:u,1160288,100.00,,
     0.036616064,36,,cache-misses:u,1160384,100.00,,
     0.036616064,1371250,,bus-cycles:u,1160320,100.00,,
     0.036616064,8771180,,instructions:u,1160320,100.00,,
     0.037775022,312,,branch-misses:u,1160000,100.00,,
     0.037775022,32,,cache-misses:u,1160000,100.00,,
     0.037775022,1370623,,bus-cycles:u,1159968,100.00,,
     0.037775022,8762953,,instructions:u,1159936,100.00,,
     0.038933917,313,,branch-misses:u,1158080,100.00,,
     0.038933917,36,,cache-misses:u,1157888,100.00,,
     0.038933917,1368182,,bus-cycles:u,1157920,100.00,,
     0.038933917,8747257,,instructions:u,1157952,100.00,,
     0.040091244,289,,branch-misses:u,1041088,100.00,,
     0.040091244,723,,cache-misses:u,1041312,100.00,,
     0.040091244,1246417,,bus-cycles:u,1041088,100.00,,
     0.040091244,7950825,,instructions:u,1040896,100.00,,
     0.041244732,328,,branch-misses:u,1153152,100.00,,
     0.041244732,41,,cache-misses:u,1152832,100.00,,
     0.041244732,1448734,,bus-cycles:u,1152864,100.00,,
     0.041244732,9273055,,instructions:u,1152896,100.00,,
     0.042397323,329,,branch-misses:u,1152672,100.00,,
     0.042397323,38,,cache-misses:u,1152800,100.00,,
     0.042397323,1448711,,bus-cycles:u,1152832,100.00,,
     0.042397323,9269944,,instructions:u,1152832,100.00,,
     0.043549723,300,,branch-misses:u,1055296,100.00,,
     0.043549723,582,,cache-misses:u,1054176,100.00,,
     0.043549723,1311819,,bus-cycles:u,1051520,100.00,,
     0.043549723,8363081,,instructions:u,1048864,100.00,,
     0.044717673,341,,branch-misses:u,1157024,100.00,,
     0.044717673,186,,cache-misses:u,1158048,100.00,,
     0.044717673,1535773,,bus-cycles:u,1160544,100.00,,
     0.044717673,9818966,,instructions:u,1163072,100.00,,
     0.045866393,347,,branch-misses:u,1147968,100.00,,
     0.045866393,34,,cache-misses:u,1147968,100.00,,
     0.045866393,1530424,,bus-cycles:u,1147872,100.00,,
     0.045866393,9792753,,instructions:u,1147840,100.00,,
     0.047012106,348,,branch-misses:u,1145984,100.00,,
     0.047012106,29,,cache-misses:u,1145824,100.00,,
     0.047012106,1527513,,bus-cycles:u,1145856,100.00,,
     0.047012106,9764836,,instructions:u,1145824,100.00,,
     0.048158586,346,,branch-misses:u,1146976,100.00,,
     0.048158586,108,,cache-misses:u,1146976,100.00,,
     0.048158586,1520635,,bus-cycles:u,1147008,100.00,,
     0.048158586,9719948,,instructions:u,1146944,100.00,,
     0.049306155,348,,branch-misses:u,1147456,100.00,,
     0.049306155,35,,cache-misses:u,1147456,100.00,,
     0.049306155,1528757,,bus-cycles:u,1147520,100.00,,
     0.049306155,9778604,,instructions:u,1147552,100.00,,
     0.050452283,347,,branch-misses:u,1146240,100.00,,
     0.050452283,33,,cache-misses:u,1146240,100.00,,
     0.050452283,1527373,,bus-cycles:u,1146176,100.00,,
     0.050452283,9766833,,instructions:u,1146176,100.00,,
     0.051599788,348,,branch-misses:u,1147744,100.00,,
     0.051599788,112,,cache-misses:u,1147808,100.00,,
     0.051599788,1523346,,bus-cycles:u,1147840,100.00,,
     0.051599788,9743851,,instructions:u,1147904,100.00,,
     0.052747260,345,,branch-misses:u,1147616,100.00,,
     0.052747260,37,,cache-misses:u,1147488,100.00,,
     0.052747260,1528269,,bus-cycles:u,1147424,100.00,,
     0.052747260,9765466,,instructions:u,1147392,100.00,,
     0.053892909,346,,branch-misses:u,1145792,100.00,,
     0.053892909,37,,cache-misses:u,1145760,100.00,,
     0.053892909,1525968,,bus-cycles:u,1145824,100.00,,
     0.053892909,9763948,,instructions:u,1145824,100.00,,
     0.055038238,346,,branch-misses:u,1145472,100.00,,
     0.055038238,35,,cache-misses:u,1145472,100.00,,
     0.055038238,1525554,,bus-cycles:u,1145472,100.00,,
     0.055038238,9757823,,instructions:u,1145504,100.00,,
     0.056197261,353,,branch-misses:u,1159264,100.00,,
     0.056197261,99,,cache-misses:u,1159552,100.00,,
     0.056197261,1539180,,bus-cycles:u,1159584,100.00,,
     0.056197261,9844178,,instructions:u,1159584,100.00,,
     0.057343581,348,,branch-misses:u,1146880,100.00,,
     0.057343581,42,,cache-misses:u,1146656,100.00,,
     0.057343581,1526744,,bus-cycles:u,1146560,100.00,,
     0.057343581,9760871,,instructions:u,1146560,100.00,,
     0.058489902,346,,branch-misses:u,1146048,100.00,,
     0.058489902,32,,cache-misses:u,1145952,100.00,,
     0.058489902,1526588,,bus-cycles:u,1146016,100.00,,
     0.058489902,9767333,,instructions:u,1145984,100.00,,
     0.059636351,348,,branch-misses:u,1146976,100.00,,
     0.059636351,117,,cache-misses:u,1147008,100.00,,
     0.059636351,1522156,,bus-cycles:u,1147008,100.00,,
     0.059636351,9741211,,instructions:u,1147104,100.00,,
     0.060783471,345,,branch-misses:u,1146976,100.00,,
     0.060783471,37,,cache-misses:u,1147040,100.00,,
     0.060783471,1527914,,bus-cycles:u,1146976,100.00,,
     0.060783471,9772497,,instructions:u,1146880,100.00,,
     0.061929120,346,,branch-misses:u,1145824,100.00,,
     0.061929120,37,,cache-misses:u,1145792,100.00,,
     0.061929120,1525691,,bus-cycles:u,1145792,100.00,,
     0.061929120,9760265,,instructions:u,1145824,100.00,,
     0.063075153,346,,branch-misses:u,1146240,100.00,,
     0.063075153,36,,cache-misses:u,1146240,100.00,,
     0.063075153,1527170,,bus-cycles:u,1146240,100.00,,
     0.063075153,9764136,,instructions:u,1146272,100.00,,
     0.064232640,351,,branch-misses:u,1157728,100.00,,
     0.064232640,81,,cache-misses:u,1157984,100.00,,
     0.064232640,1538735,,bus-cycles:u,1158048,100.00,,
     0.064232640,9829444,,instructions:u,1157984,100.00,,
     0.065379216,347,,branch-misses:u,1146720,100.00,,
     0.065379216,31,,cache-misses:u,1146656,100.00,,
     0.065379216,1528069,,bus-cycles:u,1146656,100.00,,
     0.065379216,9774081,,instructions:u,1146656,100.00,,
     0.066545214,352,,branch-misses:u,1166368,100.00,,
     0.066545214,38,,cache-misses:u,1166464,100.00,,
     0.066545214,1554433,,bus-cycles:u,1166528,100.00,,
     0.066545214,9941139,,instructions:u,1166560,100.00,,
     0.067692815,347,,branch-misses:u,1147904,100.00,,
     0.067692815,113,,cache-misses:u,1148000,100.00,,
     0.067692815,1523346,,bus-cycles:u,1147936,100.00,,
     0.067692815,9747823,,instructions:u,1147872,100.00,,
     0.068840543,347,,branch-misses:u,1147488,100.00,,
     0.068840543,33,,cache-misses:u,1147360,100.00,,
     0.068840543,1529476,,bus-cycles:u,1147360,100.00,,
     0.068840543,9780041,,instructions:u,1147424,100.00,,
     0.069986480,346,,branch-misses:u,1146080,100.00,,
     0.069986480,33,,cache-misses:u,1145920,100.00,,
     0.069986480,1526587,,bus-cycles:u,1145888,100.00,,
     0.069986480,9765665,,instructions:u,1145824,100.00,,
     0.071133408,347,,branch-misses:u,1147392,100.00,,
     0.071133408,54,,cache-misses:u,1147264,100.00,,
     0.071133408,1522858,,bus-cycles:u,1147296,100.00,,
     0.071133408,9737544,,instructions:u,1147328,100.00,,
     0.072280913,348,,branch-misses:u,1147488,100.00,,
     0.072280913,75,,cache-misses:u,1147488,100.00,,
     0.072280913,1528708,,bus-cycles:u,1147488,100.00,,
     0.072280913,9771282,,instructions:u,1147392,100.00,,
     0.073427074,346,,branch-misses:u,1146368,100.00,,
     0.073427074,37,,cache-misses:u,1146304,100.00,,
     0.073427074,1527485,,bus-cycles:u,1146240,100.00,,
     0.073427074,9771285,,instructions:u,1146272,100.00,,
     0.074573074,346,,branch-misses:u,1145984,100.00,,
     0.074573074,32,,cache-misses:u,1146272,100.00,,
     0.074573074,1527341,,bus-cycles:u,1146272,100.00,,
     0.074573074,9764224,,instructions:u,1146272,100.00,,
     0.075720259,347,,branch-misses:u,1147744,100.00,,
     0.075720259,104,,cache-misses:u,1147424,100.00,,
     0.075720259,1522084,,bus-cycles:u,1147424,100.00,,
     0.075720259,9734412,,instructions:u,1147456,100.00,,
     0.076867028,346,,branch-misses:u,1146592,100.00,,
     0.076867028,34,,cache-misses:u,1146720,100.00,,
     0.076867028,1527696,,bus-cycles:u,1146720,100.00,,
     0.076867028,9771946,,instructions:u,1146784,100.00,,
     0.078011556,347,,branch-misses:u,1144832,100.00,,
     0.078011556,35,,cache-misses:u,1144800,100.00,,
     0.078011556,1525335,,bus-cycles:u,1144864,100.00,,
     0.078011556,9753958,,instructions:u,1144768,100.00,,
     0.079138104,341,,branch-misses:u,1127136,100.00,,
     0.079138104,51,,cache-misses:u,1127488,100.00,,
     0.079138104,1496821,,bus-cycles:u,1127520,100.00,,
     0.079138104,9574109,,instructions:u,1127680,100.00,,
     0.080289544,348,,branch-misses:u,1151776,100.00,,
     0.080289544,91,,cache-misses:u,1151744,100.00,,
     0.080289544,1534175,,bus-cycles:u,1151712,100.00,,
     0.080289544,9804734,,instructions:u,1151616,100.00,,
     0.081437848,348,,branch-misses:u,1147904,100.00,,
     0.081437848,31,,cache-misses:u,1147904,100.00,,
     0.081437848,1529306,,bus-cycles:u,1147904,100.00,,
     0.081437848,9772140,,instructions:u,1147872,100.00,,
     0.082584777,347,,branch-misses:u,1147072,100.00,,
     0.082584777,30,,cache-misses:u,1146912,100.00,,
     0.082584777,1527611,,bus-cycles:u,1146880,100.00,,
     0.082584777,9762419,,instructions:u,1146816,100.00,,
     0.083732250,350,,branch-misses:u,1147968,100.00,,
     0.083732250,113,,cache-misses:u,1147840,100.00,,
     0.083732250,1524015,,bus-cycles:u,1147744,100.00,,
     0.083732250,9754286,,instructions:u,1147840,100.00,,
     0.084880202,346,,branch-misses:u,1148480,100.00,,
     0.084880202,40,,cache-misses:u,1148448,100.00,,
     0.084880202,1529519,,bus-cycles:u,1148544,100.00,,
     0.084880202,9780732,,instructions:u,1148544,100.00,,
     0.086026363,346,,branch-misses:u,1145600,100.00,,
     0.086026363,35,,cache-misses:u,1145568,100.00,,
     0.086026363,1525949,,bus-cycles:u,1145664,100.00,,
     0.086026363,9734772,,instructions:u,1145632,100.00,,
     0.087185705,352,,branch-misses:u,1160832,100.00,,
     0.087185705,54,,cache-misses:u,1161184,100.00,,
     0.087185705,1541737,,bus-cycles:u,1161120,100.00,,
     0.087185705,9858874,,instructions:u,1161216,100.00,,
     0.088336153,346,,branch-misses:u,1149472,100.00,,
     0.088336153,73,,cache-misses:u,1149376,100.00,,
     0.088336153,1531173,,bus-cycles:u,1149376,100.00,,
     0.088336153,9787292,,instructions:u,1149312,100.00,,
     0.089482826,345,,branch-misses:u,1146688,100.00,,
     0.089482826,32,,cache-misses:u,1146752,100.00,,
     0.089482826,1526971,,bus-cycles:u,1146816,100.00,,
     0.089482826,9765409,,instructions:u,1146816,100.00,,
     0.090629787,347,,branch-misses:u,1147296,100.00,,
     0.090629787,31,,cache-misses:u,1147264,100.00,,
     0.090629787,1528235,,bus-cycles:u,1147168,100.00,,
     0.090629787,9771577,,instructions:u,1147200,100.00,,
     0.091777419,346,,branch-misses:u,1148064,100.00,,
     0.091777419,108,,cache-misses:u,1148064,100.00,,
     0.091777419,1524252,,bus-cycles:u,1148064,100.00,,
     0.091777419,9746606,,instructions:u,1148000,100.00,,
     0.092925020,347,,branch-misses:u,1147360,100.00,,
     0.092925020,33,,cache-misses:u,1147360,100.00,,
     0.092925020,1528907,,bus-cycles:u,1147328,100.00,,
     0.092925020,9784053,,instructions:u,1147360,100.00,,
     0.094070604,345,,branch-misses:u,1145888,100.00,,
     0.094070604,33,,cache-misses:u,1145600,100.00,,
     0.094070604,1527125,,bus-cycles:u,1145664,100.00,,
     0.094070604,9764478,,instructions:u,1145632,100.00,,
     0.095217085,348,,branch-misses:u,1146912,100.00,,
     0.095217085,73,,cache-misses:u,1146880,100.00,,
     0.095217085,1522105,,bus-cycles:u,1146848,100.00,,
     0.095217085,9732787,,instructions:u,1146848,100.00,,
     0.096363630,346,,branch-misses:u,1146432,100.00,,
     0.096363630,60,,cache-misses:u,1146720,100.00,,
     0.096363630,1528284,,bus-cycles:u,1146720,100.00,,
     0.096363630,9774507,,instructions:u,1146720,100.00,,
     0.097509918,346,,branch-misses:u,1146432,100.00,,
     0.097509918,34,,cache-misses:u,1146304,100.00,,
     0.097509918,1527805,,bus-cycles:u,1146240,100.00,,
     0.097509918,9775566,,instructions:u,1146272,100.00,,
     0.098655279,346,,branch-misses:u,1145568,100.00,,
     0.098655279,31,,cache-misses:u,1145664,100.00,,
     0.098655279,1526837,,bus-cycles:u,1145696,100.00,,
     0.098655279,9759681,,instructions:u,1145664,100.00,,
     0.099800960,346,,branch-misses:u,1146176,100.00,,
     0.099800960,115,,cache-misses:u,1146048,100.00,,
     0.099800960,1519692,,bus-cycles:u,1145984,100.00,,
     0.099800960,9722533,,instructions:u,1146016,100.00,,
     0.100948752,348,,branch-misses:u,1147616,100.00,,
     0.100948752,36,,cache-misses:u,1147584,100.00,,
     0.100948752,1529641,,bus-cycles:u,1147616,100.00,,
     0.100948752,9775489,,instructions:u,1147616,100.00,,
     0.102094017,346,,branch-misses:u,1145472,100.00,,
     0.102094017,32,,cache-misses:u,1145440,100.00,,
     0.102094017,1526657,,bus-cycles:u,1145440,100.00,,
     0.102094017,9762768,,instructions:u,1145408,100.00,,
     0.103240370,346,,branch-misses:u,1146848,100.00,,
     0.103240370,77,,cache-misses:u,1146912,100.00,,
     0.103240370,1520633,,bus-cycles:u,1146976,100.00,,
     0.103240370,9726743,,instructions:u,1146912,100.00,,
     0.104387682,347,,branch-misses:u,1147104,100.00,,
     0.104387682,53,,cache-misses:u,1147200,100.00,,
     0.104387682,1528274,,bus-cycles:u,1147168,100.00,,
     0.104387682,9776507,,instructions:u,1147296,100.00,,
     0.105533971,346,,branch-misses:u,1146496,100.00,,
     0.105533971,29,,cache-misses:u,1146432,100.00,,
     0.105533971,1527115,,bus-cycles:u,1146432,100.00,,
     0.105533971,9762840,,instructions:u,1146400,100.00,,
     0.106679844,347,,branch-misses:u,1146016,100.00,,
     0.106679844,37,,cache-misses:u,1145888,100.00,,
     0.106679844,1526519,,bus-cycles:u,1145920,100.00,,
     0.106679844,9762123,,instructions:u,1145888,100.00,,
     0.107826325,347,,branch-misses:u,1146688,100.00,,
     0.107826325,116,,cache-misses:u,1146816,100.00,,
     0.107826325,1523487,,bus-cycles:u,1146848,100.00,,
     0.107826325,9746254,,instructions:u,1146880,100.00,,
     0.108985123,349,,branch-misses:u,1159104,100.00,,
     0.108985123,35,,cache-misses:u,1159424,100.00,,
     0.108985123,1544841,,bus-cycles:u,1159360,100.00,,
     0.108985123,9877784,,instructions:u,1159328,100.00,,
     0.110131316,344,,branch-misses:u,1146272,100.00,,
     0.110131316,36,,cache-misses:u,1146112,100.00,,
     0.110131316,1527349,,bus-cycles:u,1146080,100.00,,
     0.110131316,9768572,,instructions:u,1146112,100.00,,
     0.111278789,347,,branch-misses:u,1147936,100.00,,
     0.111278789,79,,cache-misses:u,1147776,100.00,,
     0.111278789,1523833,,bus-cycles:u,1147776,100.00,,
     0.111278789,9743597,,instructions:u,1147680,100.00,,
     0.112426581,346,,branch-misses:u,1147712,100.00,,
     0.112426581,55,,cache-misses:u,1147712,100.00,,
     0.112426581,1529430,,bus-cycles:u,1147744,100.00,,
     0.112426581,9776312,,instructions:u,1147808,100.00,,
     0.113573062,346,,branch-misses:u,1146560,100.00,,
     0.113573062,46,,cache-misses:u,1146624,100.00,,
     0.113573062,1528099,,bus-cycles:u,1146656,100.00,,
     0.113573062,9774079,,instructions:u,1146752,100.00,,
     0.114719542,348,,branch-misses:u,1146752,100.00,,
     0.114719542,34,,cache-misses:u,1146720,100.00,,
     0.114719542,1528115,,bus-cycles:u,1146720,100.00,,
     0.114719542,9778073,,instructions:u,1146688,100.00,,
     0.115866919,345,,branch-misses:u,1147808,100.00,,
     0.115866919,132,,cache-misses:u,1147840,100.00,,
     0.115866919,1517878,,bus-cycles:u,1147776,100.00,,
     0.115866919,9708681,,instructions:u,1147712,100.00,,
     0.117014583,347,,branch-misses:u,1147584,100.00,,
     0.117014583,35,,cache-misses:u,1147552,100.00,,
     0.117014583,1529073,,bus-cycles:u,1147616,100.00,,
     0.117014583,9778759,,instructions:u,1147584,100.00,,
     0.118161096,345,,branch-misses:u,1146656,100.00,,
     0.118161096,42,,cache-misses:u,1146528,100.00,,
     0.118161096,1525095,,bus-cycles:u,1146496,100.00,,
     0.118161096,9752349,,instructions:u,1146592,100.00,,
     0.119308344,347,,branch-misses:u,1147808,100.00,,
     0.119308344,123,,cache-misses:u,1147840,100.00,,
     0.119308344,1519528,,bus-cycles:u,1147904,100.00,,
     0.119308344,9719285,,instructions:u,1147872,100.00,,
     0.120456681,345,,branch-misses:u,1148160,100.00,,
     0.120456681,38,,cache-misses:u,1148192,100.00,,
     0.120456681,1528928,,bus-cycles:u,1148160,100.00,,
     0.120456681,9779831,,instructions:u,1148160,100.00,,
     0.121603449,347,,branch-misses:u,1146912,100.00,,
     0.121603449,35,,cache-misses:u,1147136,100.00,,
     0.121603449,1527686,,bus-cycles:u,1147168,100.00,,
     0.121603449,9773898,,instructions:u,1147168,100.00,,
     0.122749866,345,,branch-misses:u,1146496,100.00,,
     0.122749866,35,,cache-misses:u,1146304,100.00,,
     0.122749866,1525910,,bus-cycles:u,1146240,100.00,,
     0.122749866,9756681,,instructions:u,1146240,100.00,,
     0.123898522,350,,branch-misses:u,1148896,100.00,,
     0.123898522,112,,cache-misses:u,1148896,100.00,,
     0.123898522,1525626,,bus-cycles:u,1148928,100.00,,
     0.123898522,9747211,,instructions:u,1148896,100.00,,
     0.125046315,345,,branch-misses:u,1148064,100.00,,
     0.125046315,49,,cache-misses:u,1147968,100.00,,
     0.125046315,1528814,,bus-cycles:u,1148032,100.00,,
     0.125046315,9776063,,instructions:u,1148000,100.00,,
     0.126191804,346,,branch-misses:u,1145568,100.00,,
     0.126191804,35,,cache-misses:u,1145696,100.00,,
     0.126191804,1526211,,bus-cycles:u,1145632,100.00,,
     0.126191804,9762306,,instructions:u,1145760,100.00,,
     0.127338668,345,,branch-misses:u,1147008,100.00,,
     0.127338668,106,,cache-misses:u,1146976,100.00,,
     0.127338668,1521977,,bus-cycles:u,1146976,100.00,,
     0.127338668,9734665,,instructions:u,1146944,100.00,,
     0.128485149,347,,branch-misses:u,1146720,100.00,,
     0.128485149,33,,cache-misses:u,1146880,100.00,,
     0.128485149,1527687,,bus-cycles:u,1146848,100.00,,
     0.128485149,9777284,,instructions:u,1146784,100.00,,
     0.129643468,347,,branch-misses:u,1158688,100.00,,
     0.129643468,33,,cache-misses:u,1158752,100.00,,
     0.129643468,1543936,,bus-cycles:u,1158784,100.00,,
     0.129643468,9868130,,instructions:u,1158880,100.00,,
     0.130787965,345,,branch-misses:u,1144384,100.00,,
     0.130787965,33,,cache-misses:u,1144000,100.00,,
     0.130787965,1524451,,bus-cycles:u,1144032,100.00,,
     0.130787965,9744142,,instructions:u,1144000,100.00,,
     0.131931022,347,,branch-misses:u,1143616,100.00,,
     0.131931022,105,,cache-misses:u,1144032,100.00,,
     0.131931022,1516598,,bus-cycles:u,1144032,100.00,,
     0.131931022,9700456,,instructions:u,1144128,100.00,,
     0.133080574,348,,branch-misses:u,1149408,100.00,,
     0.133080574,38,,cache-misses:u,1149440,100.00,,
     0.133080574,1531399,,bus-cycles:u,1149376,100.00,,
     0.133080574,9799168,,instructions:u,1149312,100.00,,
     0.134226735,344,,branch-misses:u,1146272,100.00,,
     0.134226735,41,,cache-misses:u,1145856,100.00,,
     0.134226735,1526845,,bus-cycles:u,1145920,100.00,,
     0.134226735,9737749,,instructions:u,1145888,100.00,,
     0.135372767,345,,branch-misses:u,1146848,100.00,,
     0.135372767,152,,cache-misses:u,1147328,100.00,,
     0.135372767,1513678,,bus-cycles:u,1147360,100.00,,
     0.135372767,9676764,,instructions:u,1147296,100.00,,
     0.136524559,348,,branch-misses:u,1151488,100.00,,
     0.136524559,49,,cache-misses:u,1151136,100.00,,
     0.136524559,1533446,,bus-cycles:u,1151072,100.00,,
     0.136524559,9807758,,instructions:u,1151104,100.00,,
     0.137671744,345,,branch-misses:u,1147264,100.00,,
     0.137671744,34,,cache-misses:u,1147456,100.00,,
     0.137671744,1528195,,bus-cycles:u,1147488,100.00,,
     0.137671744,9780339,,instructions:u,1147520,100.00,,
     0.138820080,348,,branch-misses:u,1148576,100.00,,
     0.138820080,37,,cache-misses:u,1148352,100.00,,
     0.138820080,1529400,,bus-cycles:u,1148288,100.00,,
     0.138820080,9783378,,instructions:u,1148256,100.00,,
     0.139967649,349,,branch-misses:u,1148096,100.00,,
     0.139967649,112,,cache-misses:u,1148032,100.00,,
     0.139967649,1522432,,bus-cycles:u,1148064,100.00,,
     0.139967649,9738386,,instructions:u,1148032,100.00,,
     0.141115217,346,,branch-misses:u,1147232,100.00,,
     0.141115217,44,,cache-misses:u,1147200,100.00,,
     0.141115217,1528222,,bus-cycles:u,1147072,100.00,,
     0.141115217,9772622,,instructions:u,1147136,100.00,,
     0.142261058,345,,branch-misses:u,1146080,100.00,,
     0.142261058,34,,cache-misses:u,1146112,100.00,,
     0.142261058,1527138,,bus-cycles:u,1146272,100.00,,
     0.142261058,9765451,,instructions:u,1146240,100.00,,
     0.143407570,347,,branch-misses:u,1146784,100.00,,
     0.143407570,101,,cache-misses:u,1146944,100.00,,
     0.143407570,1523287,,bus-cycles:u,1146912,100.00,,
     0.143407570,9749376,,instructions:u,1146880,100.00,,
     0.144555038,344,,branch-misses:u,1147584,100.00,,
     0.144555038,37,,cache-misses:u,1147424,100.00,,
     0.144555038,1528712,,bus-cycles:u,1147424,100.00,,
     0.144555038,9777823,,instructions:u,1147456,100.00,,
     0.145700938,348,,branch-misses:u,1145984,100.00,,
     0.145700938,38,,cache-misses:u,1146080,100.00,,
     0.145700938,1526725,,bus-cycles:u,1146112,100.00,,
     0.145700938,9765020,,instructions:u,1146080,100.00,,
     0.146846646,347,,branch-misses:u,1145952,100.00,,
     0.146846646,31,,cache-misses:u,1145984,100.00,,
     0.146846646,1527215,,bus-cycles:u,1145984,100.00,,
     0.146846646,9777027,,instructions:u,1145952,100.00,,
     0.147993187,346,,branch-misses:u,1147104,100.00,,
     0.147993187,116,,cache-misses:u,1146944,100.00,,
     0.147993187,1522524,,bus-cycles:u,1146944,100.00,,
     0.147993187,9732468,,instructions:u,1147008,100.00,,
     0.149140143,346,,branch-misses:u,1146752,100.00,,
     0.149140143,34,,cache-misses:u,1146848,100.00,,
     0.149140143,1528358,,bus-cycles:u,1146816,100.00,,
     0.149140143,9782135,,instructions:u,1146848,100.00,,
     0.150298009,350,,branch-misses:u,1158496,100.00,,
     0.150298009,33,,cache-misses:u,1158784,100.00,,
     0.150298009,1543750,,bus-cycles:u,1158848,100.00,,
     0.150298009,9872179,,instructions:u,1158816,100.00,,
     0.151446054,349,,branch-misses:u,1147776,100.00,,
     0.151446054,104,,cache-misses:u,1147808,100.00,,
     0.151446054,1524512,,bus-cycles:u,1147744,100.00,,
     0.151446054,9746363,,instructions:u,1147808,100.00,,
     0.152593298,347,,branch-misses:u,1147616,100.00,,
     0.152593298,36,,cache-misses:u,1147200,100.00,,
     0.152593298,1528804,,bus-cycles:u,1147136,100.00,,
     0.152593298,9781126,,instructions:u,1147040,100.00,,
     0.153739230,345,,branch-misses:u,1145888,100.00,,
     0.153739230,34,,cache-misses:u,1145920,100.00,,
     0.153739230,1527114,,bus-cycles:u,1146016,100.00,,
     0.153739230,9762979,,instructions:u,1146080,100.00,,
     0.154885066,346,,branch-misses:u,1146112,100.00,,
     0.154885066,29,,cache-misses:u,1146112,100.00,,
     0.154885066,1527156,,bus-cycles:u,1146112,100.00,,
     0.154885066,9765937,,instructions:u,1145984,100.00,,
     0.156031607,348,,branch-misses:u,1147072,100.00,,
     0.156031607,109,,cache-misses:u,1147168,100.00,,
     0.156031607,1522778,,bus-cycles:u,1147200,100.00,,
     0.156031607,9743362,,instructions:u,1147360,100.00,,
     0.157179331,347,,branch-misses:u,1147488,100.00,,
     0.157179331,42,,cache-misses:u,1147392,100.00,,
     0.157179331,1528595,,bus-cycles:u,1147232,100.00,,
     0.157179331,9771304,,instructions:u,1147136,100.00,,
     0.158325103,345,,branch-misses:u,1146016,100.00,,
     0.158325103,39,,cache-misses:u,1145920,100.00,,
     0.158325103,1527126,,bus-cycles:u,1146016,100.00,,
     0.158325103,9763972,,instructions:u,1145952,100.00,,
     0.159471612,347,,branch-misses:u,1146656,100.00,,
     0.159471612,109,,cache-misses:u,1146784,100.00,,
     0.159471612,1523020,,bus-cycles:u,1146848,100.00,,
     0.159471612,9737689,,instructions:u,1146880,100.00,,
     0.160619528,347,,branch-misses:u,1148064,100.00,,
     0.160619528,34,,cache-misses:u,1148064,100.00,,
     0.160619528,1528955,,bus-cycles:u,1148000,100.00,,
     0.160619528,9779162,,instructions:u,1148096,100.00,,
     0.161766836,346,,branch-misses:u,1147456,100.00,,
     0.161766836,30,,cache-misses:u,1147360,100.00,,
     0.161766836,1527993,,bus-cycles:u,1147360,100.00,,
     0.161766836,9771263,,instructions:u,1147296,100.00,,
     0.162913344,346,,branch-misses:u,1146816,100.00,,
     0.162913344,36,,cache-misses:u,1146880,100.00,,
     0.162913344,1528247,,bus-cycles:u,1146880,100.00,,
     0.162913344,9777272,,instructions:u,1146944,100.00,,
     0.164060076,347,,branch-misses:u,1147328,100.00,,
     0.164060076,112,,cache-misses:u,1147360,100.00,,
     0.164060076,1522538,,bus-cycles:u,1147392,100.00,,
     0.164060076,9733651,,instructions:u,1147360,100.00,,
     0.165610617,465,,branch-misses:u,1553696,100.00,,
     0.165610617,37,,cache-misses:u,1555552,100.00,,
     0.165610617,2070350,,bus-cycles:u,1556320,100.00,,
     0.165610617,13233011,,instructions:u,1556448,100.00,,
     0.166807390,360,,branch-misses:u,1196416,100.00,,
     0.166807390,37,,cache-misses:u,1196128,100.00,,
     0.166807390,1590129,,bus-cycles:u,1196288,100.00,,
     0.166807390,10175483,,instructions:u,1197088,100.00,,
     0.168000643,360,,branch-misses:u,1194176,100.00,,
     0.168000643,118,,cache-misses:u,1194144,100.00,,
     0.168000643,1581881,,bus-cycles:u,1194208,100.00,,
     0.168000643,10114683,,instructions:u,1194208,100.00,,
     0.169184649,356,,branch-misses:u,1181888,100.00,,
     0.169184649,37,,cache-misses:u,1180896,100.00,,
     0.169184649,1572990,,bus-cycles:u,1180192,100.00,,
     0.169184649,10056177,,instructions:u,1179840,100.00,,
     0.170339860,348,,branch-misses:u,1155040,100.00,,
     0.170339860,32,,cache-misses:u,1154912,100.00,,
     0.170339860,1538619,,bus-cycles:u,1154688,100.00,,
     0.170339860,9832268,,instructions:u,1154176,100.00,,
     0.171492159,349,,branch-misses:u,1152128,100.00,,
     0.171492159,115,,cache-misses:u,1152032,100.00,,
     0.171492159,1528235,,bus-cycles:u,1151904,100.00,,
     0.171492159,9773779,,instructions:u,1151872,100.00,,
     0.172668519,354,,branch-misses:u,1176256,100.00,,
     0.172668519,38,,cache-misses:u,1176384,100.00,,
     0.172668519,1568277,,bus-cycles:u,1176416,100.00,,
     0.172668519,10033531,,instructions:u,1176480,100.00,,
     0.173817555,346,,branch-misses:u,1148960,100.00,,
     0.173817555,33,,cache-misses:u,1148704,100.00,,
     0.173817555,1530749,,bus-cycles:u,1148736,100.00,,
     0.173817555,9788017,,instructions:u,1148736,100.00,,
     0.174964511,346,,branch-misses:u,1147104,100.00,,
     0.174964511,32,,cache-misses:u,1146944,100.00,,
     0.174964511,1528377,,bus-cycles:u,1146912,100.00,,
     0.174964511,9766397,,instructions:u,1146848,100.00,,
     0.176112299,347,,branch-misses:u,1148512,100.00,,
     0.176112299,117,,cache-misses:u,1148928,100.00,,
     0.176112299,1524683,,bus-cycles:u,1149120,100.00,,
     0.176112299,9753995,,instructions:u,1149184,100.00,,
     0.177263127,347,,branch-misses:u,1150592,100.00,,
     0.177263127,36,,cache-misses:u,1150560,100.00,,
     0.177263127,1531829,,bus-cycles:u,1150368,100.00,,
     0.177263127,9797375,,instructions:u,1150368,100.00,,
     0.178410691,343,,branch-misses:u,1147616,100.00,,
     0.178410691,37,,cache-misses:u,1147104,100.00,,
     0.178410691,1528999,,bus-cycles:u,1147136,100.00,,
     0.178410691,9774634,,instructions:u,1147072,100.00,,
     0.179558479,346,,branch-misses:u,1148256,100.00,,
     0.179558479,114,,cache-misses:u,1148416,100.00,,
     0.179558479,1526440,,bus-cycles:u,1148448,100.00,,
     0.179558479,9760776,,instructions:u,1148480,100.00,,
     0.180707515,347,,branch-misses:u,1148960,100.00,,
     0.180707515,39,,cache-misses:u,1148960,100.00,,
     0.180707515,1531046,,bus-cycles:u,1148928,100.00,,
     0.180707515,9790012,,instructions:u,1148864,100.00,,
     0.181854695,347,,branch-misses:u,1147328,100.00,,
     0.181854695,36,,cache-misses:u,1147232,100.00,,
     0.181854695,1528770,,bus-cycles:u,1147200,100.00,,
     0.181854695,9782042,,instructions:u,1147296,100.00,,
     0.183001491,347,,branch-misses:u,1146944,100.00,,
     0.183001491,31,,cache-misses:u,1147104,100.00,,
     0.183001491,1529225,,bus-cycles:u,1147168,100.00,,
     0.183001491,9771916,,instructions:u,1147104,100.00,,
     0.184148927,346,,branch-misses:u,1148192,100.00,,
     0.184148927,111,,cache-misses:u,1148480,100.00,,
     0.184148927,1520905,,bus-cycles:u,1148416,100.00,,
     0.184148927,9718882,,instructions:u,1148416,100.00,,
     0.185299819,348,,branch-misses:u,1150560,100.00,,
     0.185299819,39,,cache-misses:u,1150176,100.00,,
     0.185299819,1532288,,bus-cycles:u,1150240,100.00,,
     0.185299819,9797029,,instructions:u,1150176,100.00,,
     0.186447127,346,,branch-misses:u,1147520,100.00,,
     0.186447127,34,,cache-misses:u,1147520,100.00,,
     0.186447127,1529642,,bus-cycles:u,1147520,100.00,,
     0.186447127,9789542,,instructions:u,1147552,100.00,,
     0.187594915,349,,branch-misses:u,1148224,100.00,,
     0.187594915,110,,cache-misses:u,1148416,100.00,,
     0.187594915,1525636,,bus-cycles:u,1148416,100.00,,
     0.187594915,9760537,,instructions:u,1148352,100.00,,
     0.188742639,346,,branch-misses:u,1147424,100.00,,
     0.188742639,36,,cache-misses:u,1147232,100.00,,
     0.188742639,1528238,,bus-cycles:u,1147200,100.00,,
     0.188742639,9770241,,instructions:u,1147264,100.00,,
     0.189888124,343,,branch-misses:u,1145664,100.00,,
     0.189888124,35,,cache-misses:u,1145600,100.00,,
     0.189888124,1527407,,bus-cycles:u,1145664,100.00,,
     0.189888124,9766091,,instructions:u,1145664,100.00,,
     0.191033320,344,,branch-misses:u,1145376,100.00,,
     0.191033320,35,,cache-misses:u,1145472,100.00,,
     0.191033320,1526591,,bus-cycles:u,1145440,100.00,,
     0.191033320,9764077,,instructions:u,1145408,100.00,,
     0.192191571,348,,branch-misses:u,1158720,100.00,,
     0.192191571,100,,cache-misses:u,1158688,100.00,,
     0.192191571,1536820,,bus-cycles:u,1158688,100.00,,
     0.192191571,9824578,,instructions:u,1158816,100.00,,
     0.193351485,353,,branch-misses:u,1160160,100.00,,
     0.193351485,44,,cache-misses:u,1160192,100.00,,
     0.193351485,1546341,,bus-cycles:u,1160192,100.00,,
     0.193351485,9893176,,instructions:u,1160096,100.00,,
     0.194497737,349,,branch-misses:u,1146048,100.00,,
     0.194497737,43,,cache-misses:u,1146048,100.00,,
     0.194497737,1527366,,bus-cycles:u,1146016,100.00,,
     0.194497737,9763140,,instructions:u,1146080,100.00,,
     0.195643190,349,,branch-misses:u,1146784,100.00,,
     0.195643190,120,,cache-misses:u,1147168,100.00,,
     0.195643190,1520630,,bus-cycles:u,1147264,100.00,,
     0.195643190,9731537,,instructions:u,1147296,100.00,,
     0.196796545,348,,branch-misses:u,1152640,100.00,,
     0.196796545,30,,cache-misses:u,1152256,100.00,,
     0.196796545,1536058,,bus-cycles:u,1152160,100.00,,
     0.196796545,9827814,,instructions:u,1152096,100.00,,
     0.197944749,348,,branch-misses:u,1148320,100.00,,
     0.197944749,40,,cache-misses:u,1148256,100.00,,
     0.197944749,1531028,,bus-cycles:u,1148224,100.00,,
     0.197944749,9791835,,instructions:u,1148192,100.00,,
     0.199091929,346,,branch-misses:u,1147264,100.00,,
     0.199091929,30,,cache-misses:u,1147136,100.00,,
     0.199091929,1529644,,bus-cycles:u,1147168,100.00,,
     0.199091929,9778972,,instructions:u,1147136,100.00,,
     0.200249572,349,,branch-misses:u,1158304,100.00,,
     0.200249572,88,,cache-misses:u,1158368,100.00,,
     0.200249572,1538506,,bus-cycles:u,1158368,100.00,,
     0.200249572,9831786,,instructions:u,1158368,100.00,,
     0.201397072,346,,branch-misses:u,1147136,100.00,,
     0.201397072,35,,cache-misses:u,1147200,100.00,,
     0.201397072,1528757,,bus-cycles:u,1147104,100.00,,
     0.201397072,9778202,,instructions:u,1147200,100.00,,
     0.202544028,347,,branch-misses:u,1147136,100.00,,
     0.202544028,33,,cache-misses:u,1147200,100.00,,
     0.202544028,1528802,,bus-cycles:u,1147296,100.00,,
     0.202544028,9781096,,instructions:u,1147264,100.00,,
     0.203690696,345,,branch-misses:u,1147456,100.00,,
     0.203690696,122,,cache-misses:u,1147360,100.00,,
     0.203690696,1522028,,bus-cycles:u,1147328,100.00,,
     0.203690696,9737087,,instructions:u,1147232,100.00,,
     0.204840532,345,,branch-misses:u,1149408,100.00,,
     0.204840532,39,,cache-misses:u,1149472,100.00,,
     0.204840532,1531959,,bus-cycles:u,1149440,100.00,,
     0.204840532,9795321,,instructions:u,1149536,100.00,,
     0.205987520,345,,branch-misses:u,1147168,100.00,,
     0.205987520,29,,cache-misses:u,1147168,100.00,,
     0.205987520,1527832,,bus-cycles:u,1147168,100.00,,
     0.205987520,9765329,,instructions:u,1147136,100.00,,
     0.207134124,349,,branch-misses:u,1147232,100.00,,
     0.207134124,41,,cache-misses:u,1147168,100.00,,
     0.207134124,1522588,,bus-cycles:u,1147232,100.00,,
     0.207134124,9740086,,instructions:u,1147264,100.00,,
     0.208282105,343,,branch-misses:u,1147744,100.00,,
     0.208282105,100,,cache-misses:u,1147840,100.00,,
     0.208282105,1529177,,bus-cycles:u,1147808,100.00,,
     0.208282105,9779630,,instructions:u,1147744,100.00,,
     0.209428549,347,,branch-misses:u,1146688,100.00,,
     0.209428549,37,,cache-misses:u,1146656,100.00,,
     0.209428549,1528030,,bus-cycles:u,1146688,100.00,,
     0.209428549,9772233,,instructions:u,1146720,100.00,,
     0.210575473,346,,branch-misses:u,1147072,100.00,,
     0.210575473,36,,cache-misses:u,1147008,100.00,,
     0.210575473,1528252,,bus-cycles:u,1146912,100.00,,
     0.210575473,9771708,,instructions:u,1146880,100.00,,
     0.211723133,346,,branch-misses:u,1148192,100.00,,
     0.211723133,114,,cache-misses:u,1148288,100.00,,
     0.211723133,1521996,,bus-cycles:u,1148384,100.00,,
     0.211723133,9729650,,instructions:u,1148416,100.00,,
     0.212871113,345,,branch-misses:u,1147808,100.00,,
     0.212871113,35,,cache-misses:u,1147680,100.00,,
     0.212871113,1528932,,bus-cycles:u,1147648,100.00,,
     0.212871113,9781706,,instructions:u,1147648,100.00,,
     0.214017174,345,,branch-misses:u,1146272,100.00,,
     0.214017174,35,,cache-misses:u,1146272,100.00,,
     0.214017174,1527068,,bus-cycles:u,1146336,100.00,,
     0.214017174,9761696,,instructions:u,1146368,100.00,,
     0.215177440,349,,branch-misses:u,1160992,100.00,,
     0.215177440,77,,cache-misses:u,1161056,100.00,,
     0.215177440,1541410,,bus-cycles:u,1161024,100.00,,
     0.215177440,9855092,,instructions:u,1161024,100.00,,
     0.216326764,347,,branch-misses:u,1149024,100.00,,
     0.216326764,70,,cache-misses:u,1149024,100.00,,
     0.216326764,1531239,,bus-cycles:u,1148960,100.00,,
     0.216326764,9793053,,instructions:u,1148928,100.00,,
     0.217473080,345,,branch-misses:u,1146400,100.00,,
     0.217473080,33,,cache-misses:u,1146464,100.00,,
     0.217473080,1527607,,bus-cycles:u,1146464,100.00,,
     0.217473080,9766167,,instructions:u,1146432,100.00,,
     0.218619684,345,,branch-misses:u,1146784,100.00,,
     0.218619684,37,,cache-misses:u,1146720,100.00,,
     0.218619684,1528303,,bus-cycles:u,1146720,100.00,,
     0.218619684,9778397,,instructions:u,1146720,100.00,,
     0.219767216,348,,branch-misses:u,1147968,100.00,,
     0.219767216,116,,cache-misses:u,1147968,100.00,,
     0.219767216,1525158,,bus-cycles:u,1148032,100.00,,
     0.219767216,9758261,,instructions:u,1148096,100.00,,
     0.220915836,345,,branch-misses:u,1148448,100.00,,
     0.220915836,37,,cache-misses:u,1148512,100.00,,
     0.220915836,1531925,,bus-cycles:u,1148512,100.00,,
     0.220915836,9795484,,instructions:u,1148480,100.00,,
     0.222061769,346,,branch-misses:u,1146176,100.00,,
     0.222061769,31,,cache-misses:u,1146112,100.00,,
     0.222061769,1528203,,bus-cycles:u,1146016,100.00,,
     0.222061769,9764103,,instructions:u,1145984,100.00,,
     0.223208949,348,,branch-misses:u,1147712,100.00,,
     0.223208949,56,,cache-misses:u,1147648,100.00,,
     0.223208949,1524264,,bus-cycles:u,1147712,100.00,,
     0.223208949,9753578,,instructions:u,1147712,100.00,,
     0.224356097,342,,branch-misses:u,1147040,100.00,,
     0.224356097,75,,cache-misses:u,1147040,100.00,,
     0.224356097,1529376,,bus-cycles:u,1147008,100.00,,
     0.224356097,9782002,,instructions:u,1147072,100.00,,
     0.225502317,349,,branch-misses:u,1146432,100.00,,
     0.225502317,35,,cache-misses:u,1146560,100.00,,
     0.225502317,1528548,,bus-cycles:u,1146560,100.00,,
     0.225502317,9778116,,instructions:u,1146496,100.00,,
     0.226648730,346,,branch-misses:u,1146560,100.00,,
     0.226648730,34,,cache-misses:u,1146464,100.00,,
     0.226648730,1528140,,bus-cycles:u,1146528,100.00,,
     0.226648730,9765587,,instructions:u,1146496,100.00,,
     0.227796230,350,,branch-misses:u,1148032,100.00,,
     0.227796230,108,,cache-misses:u,1148192,100.00,,
     0.227796230,1524093,,bus-cycles:u,1148192,100.00,,
     0.227796230,9749472,,instructions:u,1148256,100.00,,
     0.228944498,347,,branch-misses:u,1147968,100.00,,
     0.228944498,34,,cache-misses:u,1147904,100.00,,
     0.228944498,1529319,,bus-cycles:u,1147776,100.00,,
     0.228944498,9785499,,instructions:u,1147808,100.00,,
     0.230091038,349,,branch-misses:u,1146848,100.00,,
     0.230091038,37,,cache-misses:u,1146848,100.00,,
     0.230091038,1527948,,bus-cycles:u,1146976,100.00,,
     0.230091038,9783376,,instructions:u,1146880,100.00,,
     0.231239114,346,,branch-misses:u,1148640,100.00,,
     0.231239114,92,,cache-misses:u,1148576,100.00,,
     0.231239114,1520617,,bus-cycles:u,1148480,100.00,,
     0.231239114,9725439,,instructions:u,1148544,100.00,,
     0.232386998,345,,branch-misses:u,1147584,100.00,,
     0.232386998,65,,cache-misses:u,1147584,100.00,,
     0.232386998,1529176,,bus-cycles:u,1147616,100.00,,
     0.232386998,9789473,,instructions:u,1147680,100.00,,
     0.233533314,344,,branch-misses:u,1146432,100.00,,
     0.233533314,37,,cache-misses:u,1146560,100.00,,
     0.233533314,1528443,,bus-cycles:u,1146624,100.00,,
     0.233533314,9775771,,instructions:u,1146592,100.00,,
     0.234679567,348,,branch-misses:u,1146528,100.00,,
     0.234679567,31,,cache-misses:u,1146368,100.00,,
     0.234679567,1527551,,bus-cycles:u,1146304,100.00,,
     0.234679567,9768690,,instructions:u,1146272,100.00,,
     0.235840089,352,,branch-misses:u,1161376,100.00,,
     0.235840089,117,,cache-misses:u,1161568,100.00,,
     0.235840089,1541645,,bus-cycles:u,1161696,100.00,,
     0.235840089,9857554,,instructions:u,1161728,100.00,,
     0.236988869,349,,branch-misses:u,1148384,100.00,,
     0.236988869,44,,cache-misses:u,1148224,100.00,,
     0.236988869,1529932,,bus-cycles:u,1148192,100.00,,
     0.236988869,9774570,,instructions:u,1148096,100.00,,
     0.238135441,345,,branch-misses:u,1146688,100.00,,
     0.238135441,45,,cache-misses:u,1146720,100.00,,
     0.238135441,1528239,,bus-cycles:u,1146688,100.00,,
     0.238135441,9770398,,instructions:u,1146752,100.00,,
     0.239283197,346,,branch-misses:u,1148288,100.00,,
     0.239283197,113,,cache-misses:u,1148384,100.00,,
     0.239283197,1522527,,bus-cycles:u,1148416,100.00,,
     0.239283197,9743684,,instructions:u,1148352,100.00,,
     0.240431625,348,,branch-misses:u,1148320,100.00,,
     0.240431625,52,,cache-misses:u,1148192,100.00,,
     0.240431625,1529949,,bus-cycles:u,1148160,100.00,,
     0.240431625,9794013,,instructions:u,1148224,100.00,,
     0.241578485,347,,branch-misses:u,1147008,100.00,,
     0.241578485,36,,cache-misses:u,1147040,100.00,,
     0.241578485,1528587,,bus-cycles:u,1147008,100.00,,
     0.241578485,9775818,,instructions:u,1147008,100.00,,
     0.242725154,344,,branch-misses:u,1146944,100.00,,
     0.242725154,37,,cache-misses:u,1147008,100.00,,
     0.242725154,1528680,,bus-cycles:u,1147072,100.00,,
     0.242725154,9776922,,instructions:u,1147040,100.00,,
     0.243873966,347,,branch-misses:u,1149248,100.00,,
     0.243873966,112,,cache-misses:u,1149120,100.00,,
     0.243873966,1525010,,bus-cycles:u,1149024,100.00,,
     0.243873966,9750270,,instructions:u,1149024,100.00,,
     0.245021818,345,,branch-misses:u,1147584,100.00,,
     0.245021818,35,,cache-misses:u,1147744,100.00,,
     0.245021818,1529663,,bus-cycles:u,1147808,100.00,,
     0.245021818,9779226,,instructions:u,1147808,100.00,,
     0.246168390,347,,branch-misses:u,1146784,100.00,,
     0.246168390,41,,cache-misses:u,1146752,100.00,,
     0.246168390,1528335,,bus-cycles:u,1146720,100.00,,
     0.246168390,9777475,,instructions:u,1146752,100.00,,
     0.247314898,348,,branch-misses:u,1147008,100.00,,
     0.247314898,107,,cache-misses:u,1146976,100.00,,
     0.247314898,1521811,,bus-cycles:u,1147008,100.00,,
     0.247314898,9732553,,instructions:u,1146976,100.00,,
     0.248461982,345,,branch-misses:u,1147008,100.00,,
     0.248461982,46,,cache-misses:u,1146912,100.00,,
     0.248461982,1528466,,bus-cycles:u,1146912,100.00,,
     0.248461982,9775647,,instructions:u,1146880,100.00,,
     0.249606539,346,,branch-misses:u,1144768,100.00,,
     0.249606539,33,,cache-misses:u,1144800,100.00,,
     0.249606539,1524986,,bus-cycles:u,1144832,100.00,,
     0.249606539,9750558,,instructions:u,1144864,100.00,,
     0.250751352,344,,branch-misses:u,1144864,100.00,,
     0.250751352,32,,cache-misses:u,1144800,100.00,,
     0.250751352,1526089,,bus-cycles:u,1144768,100.00,,
     0.250751352,9766369,,instructions:u,1144768,100.00,,
     0.251897156,346,,branch-misses:u,1146784,100.00,,
     0.251897156,111,,cache-misses:u,1147200,100.00,,
     0.251897156,1524054,,bus-cycles:u,1147264,100.00,,
     0.251897156,9753001,,instructions:u,1147232,100.00,,
     0.253050031,348,,branch-misses:u,1152416,100.00,,
     0.253050031,39,,cache-misses:u,1152000,100.00,,
     0.253050031,1536066,,bus-cycles:u,1151808,100.00,,
     0.253050031,9820613,,instructions:u,1151840,100.00,,
     0.254196635,346,,branch-misses:u,1146720,100.00,,
     0.254196635,34,,cache-misses:u,1146816,100.00,,
     0.254196635,1529180,,bus-cycles:u,1146912,100.00,,
     0.254196635,9779558,,instructions:u,1146848,100.00,,
     0.255344296,347,,branch-misses:u,1148096,100.00,,
     0.255344296,109,,cache-misses:u,1148160,100.00,,
     0.255344296,1525505,,bus-cycles:u,1148160,100.00,,
     0.255344296,9763216,,instructions:u,1148224,100.00,,
     0.256491508,344,,branch-misses:u,1147136,100.00,,
     0.256491508,33,,cache-misses:u,1147136,100.00,,
     0.256491508,1530193,,bus-cycles:u,1147168,100.00,,
     0.256491508,9788583,,instructions:u,1147168,100.00,,
     0.257648478,349,,branch-misses:u,1157344,100.00,,
     0.257648478,30,,cache-misses:u,1157312,100.00,,
     0.257648478,1543140,,bus-cycles:u,1157248,100.00,,
     0.257648478,9864852,,instructions:u,1157280,100.00,,
     0.258795371,347,,branch-misses:u,1146848,100.00,,
     0.258795371,38,,cache-misses:u,1146944,100.00,,
     0.258795371,1528804,,bus-cycles:u,1146944,100.00,,
     0.258795371,9774304,,instructions:u,1146880,100.00,,
     0.259941431,345,,branch-misses:u,1146560,100.00,,
     0.259941431,124,,cache-misses:u,1146528,100.00,,
     0.259941431,1523490,,bus-cycles:u,1146592,100.00,,
     0.259941431,9742261,,instructions:u,1146688,100.00,,
     0.261089123,346,,branch-misses:u,1147488,100.00,,
     0.261089123,35,,cache-misses:u,1147296,100.00,,
     0.261089123,1529654,,bus-cycles:u,1147264,100.00,,
     0.261089123,9783274,,instructions:u,1147296,100.00,,
     0.262233872,346,,branch-misses:u,1144896,100.00,,
     0.262233872,50,,cache-misses:u,1144960,100.00,,
     0.262233872,1516575,,bus-cycles:u,1144928,100.00,,
     0.262233872,9705268,,instructions:u,1144864,100.00,,
     0.263380604,347,,branch-misses:u,1147328,100.00,,
     0.263380604,114,,cache-misses:u,1147424,100.00,,
     0.263380604,1524466,,bus-cycles:u,1147392,100.00,,
     0.263380604,9754005,,instructions:u,1147424,100.00,,
     0.264528264,346,,branch-misses:u,1147520,100.00,,
     0.264528264,33,,cache-misses:u,1147520,100.00,,
     0.264528264,1527274,,bus-cycles:u,1147648,100.00,,
     0.264528264,9763743,,instructions:u,1147712,100.00,,
     0.265676436,343,,branch-misses:u,1148320,100.00,,
     0.265676436,37,,cache-misses:u,1148352,100.00,,
     0.265676436,1517549,,bus-cycles:u,1148288,100.00,,
     0.265676436,9701453,,instructions:u,1148128,100.00,,
     0.266822976,346,,branch-misses:u,1146848,100.00,,
     0.266822976,33,,cache-misses:u,1146816,100.00,,
     0.266822976,1524765,,bus-cycles:u,1146816,100.00,,
     0.266822976,9750263,,instructions:u,1146848,100.00,,
     0.267971020,345,,branch-misses:u,1148512,100.00,,
     0.267971020,116,,cache-misses:u,1148416,100.00,,
     0.267971020,1521400,,bus-cycles:u,1148448,100.00,,
     0.267971020,9733547,,instructions:u,1148512,100.00,,
     0.269120952,345,,branch-misses:u,1149760,100.00,,
     0.269120952,33,,cache-misses:u,1149984,100.00,,
     0.269120952,1528321,,bus-cycles:u,1149920,100.00,,
     0.269120952,9776011,,instructions:u,1149856,100.00,,
     0.270268900,346,,branch-misses:u,1148160,100.00,,
     0.270268900,34,,cache-misses:u,1148032,100.00,,
     0.270268900,1526363,,bus-cycles:u,1148096,100.00,,
     0.270268900,9756146,,instructions:u,1148192,100.00,,
     0.271417168,347,,branch-misses:u,1148768,100.00,,
     0.271417168,111,,cache-misses:u,1148672,100.00,,
     0.271417168,1520643,,bus-cycles:u,1148672,100.00,,
     0.271417168,9723498,,instructions:u,1148640,100.00,,
     0.272566588,346,,branch-misses:u,1149280,100.00,,
     0.272566588,33,,cache-misses:u,1149312,100.00,,
     0.272566588,1526823,,bus-cycles:u,1149280,100.00,,
     0.272566588,9770673,,instructions:u,1149280,100.00,,
     0.273713928,346,,branch-misses:u,1147136,100.00,,
     0.273713928,34,,cache-misses:u,1147200,100.00,,
     0.273713928,1525016,,bus-cycles:u,1147232,100.00,,
     0.273713928,9759135,,instructions:u,1147232,100.00,,
     0.274860756,345,,branch-misses:u,1147424,100.00,,
     0.274860756,33,,cache-misses:u,1147360,100.00,,
     0.274860756,1524828,,bus-cycles:u,1147328,100.00,,
     0.274860756,9756441,,instructions:u,1147328,100.00,,
     0.276008736,347,,branch-misses:u,1148384,100.00,,
     0.276008736,95,,cache-misses:u,1148384,100.00,,
     0.276008736,1519743,,bus-cycles:u,1148384,100.00,,
     0.276008736,9718070,,instructions:u,1148320,100.00,,
     0.277157036,346,,branch-misses:u,1148288,100.00,,
     0.277157036,39,,cache-misses:u,1148256,100.00,,
     0.277157036,1526431,,bus-cycles:u,1148256,100.00,,
     0.277157036,9770176,,instructions:u,1148288,100.00,,
     0.278315735,347,,branch-misses:u,1159104,100.00,,
     0.278315735,34,,cache-misses:u,1159296,100.00,,
     0.278315735,1540368,,bus-cycles:u,1159328,100.00,,
     0.278315735,9848532,,instructions:u,1159360,100.00,,
     0.279464643,346,,branch-misses:u,1148832,100.00,,
     0.279464643,103,,cache-misses:u,1148704,100.00,,
     0.279464643,1522932,,bus-cycles:u,1148768,100.00,,
     0.279464643,9746502,,instructions:u,1148736,100.00,,
     0.280613615,345,,branch-misses:u,1149216,100.00,,
     0.280613615,36,,cache-misses:u,1149504,100.00,,
     0.280613615,1528323,,bus-cycles:u,1149472,100.00,,
     0.280613615,9756067,,instructions:u,1149472,100.00,,
     0.281763802,348,,branch-misses:u,1150304,100.00,,
     0.281763802,36,,cache-misses:u,1149984,100.00,,
     0.281763802,1529614,,bus-cycles:u,1149920,100.00,,
     0.281763802,9772381,,instructions:u,1149856,100.00,,
     0.282910471,344,,branch-misses:u,1146752,100.00,,
     0.282910471,36,,cache-misses:u,1146784,100.00,,
     0.282910471,1527739,,bus-cycles:u,1146752,100.00,,
     0.282910471,9761158,,instructions:u,1146816,100.00,,
     0.284058131,348,,branch-misses:u,1148256,100.00,,
     0.284058131,104,,cache-misses:u,1148256,100.00,,
     0.284058131,1524531,,bus-cycles:u,1148256,100.00,,
     0.284058131,9747337,,instructions:u,1148256,100.00,,
     0.285207583,345,,branch-misses:u,1149248,100.00,,
     0.285207583,34,,cache-misses:u,1149152,100.00,,
     0.285207583,1530448,,bus-cycles:u,1149184,100.00,,
     0.285207583,9786545,,instructions:u,1149184,100.00,,
     0.286354187,345,,branch-misses:u,1146720,100.00,,
     0.286354187,32,,cache-misses:u,1146752,100.00,,
     0.286354187,1526759,,bus-cycles:u,1146688,100.00,,
     0.286354187,9767105,,instructions:u,1146720,100.00,,
     0.287500695,347,,branch-misses:u,1147104,100.00,,
     0.287500695,125,,cache-misses:u,1147168,100.00,,
     0.287500695,1519736,,bus-cycles:u,1147168,100.00,,
     0.287500695,9718186,,instructions:u,1147136,100.00,,
     0.288648163,347,,branch-misses:u,1147328,100.00,,
     0.288648163,39,,cache-misses:u,1147264,100.00,,
     0.288648163,1528497,,bus-cycles:u,1147296,100.00,,
     0.288648163,9780797,,instructions:u,1147328,100.00,,
     0.289794032,347,,branch-misses:u,1146080,100.00,,
     0.289794032,29,,cache-misses:u,1145984,100.00,,
     0.289794032,1526836,,bus-cycles:u,1145984,100.00,,
     0.289794032,9761050,,instructions:u,1145920,100.00,,
     0.290940348,343,,branch-misses:u,1146400,100.00,,
     0.290940348,34,,cache-misses:u,1146400,100.00,,
     0.290940348,1527469,,bus-cycles:u,1146368,100.00,,
     0.290940348,9775404,,instructions:u,1146368,100.00,,
     0.292087240,343,,branch-misses:u,1147488,100.00,,
     0.292087240,117,,cache-misses:u,1147616,100.00,,
     0.292087240,1521064,,bus-cycles:u,1147712,100.00,,
     0.292087240,9728490,,instructions:u,1147712,100.00,,
     0.293235700,347,,branch-misses:u,1148256,100.00,,
     0.293235700,35,,cache-misses:u,1148224,100.00,,
     0.293235700,1528364,,bus-cycles:u,1148160,100.00,,
     0.293235700,9769511,,instructions:u,1148192,100.00,,
     0.294382176,346,,branch-misses:u,1146624,100.00,,
     0.294382176,39,,cache-misses:u,1146624,100.00,,
     0.294382176,1525160,,bus-cycles:u,1146656,100.00,,
     0.294382176,9756693,,instructions:u,1146624,100.00,,
     0.295529357,346,,branch-misses:u,1147744,100.00,,
     0.295529357,112,,cache-misses:u,1147904,100.00,,
     0.295529357,1521822,,bus-cycles:u,1147904,100.00,,
     0.295529357,9725186,,instructions:u,1147936,100.00,,
     0.296677657,344,,branch-misses:u,1148096,100.00,,
     0.296677657,33,,cache-misses:u,1147872,100.00,,
     0.296677657,1527826,,bus-cycles:u,1147840,100.00,,
     0.296677657,9769828,,instructions:u,1147712,100.00,,
     0.297824005,347,,branch-misses:u,1146624,100.00,,
     0.297824005,35,,cache-misses:u,1146592,100.00,,
     0.297824005,1525987,,bus-cycles:u,1146592,100.00,,
     0.297824005,9760262,,instructions:u,1146688,100.00,,
     0.298981743,348,,branch-misses:u,1158080,100.00,,
     0.298981743,37,,cache-misses:u,1158240,100.00,,
     0.298981743,1541762,,bus-cycles:u,1158336,100.00,,
     0.298981743,9861350,,instructions:u,1158336,100.00,,
     0.300130139,344,,branch-misses:u,1148704,100.00,,
     0.300130139,99,,cache-misses:u,1148768,100.00,,
     0.300130139,1522322,,bus-cycles:u,1148768,100.00,,
     0.300130139,9730500,,instructions:u,1148800,100.00,,
     0.301278855,346,,branch-misses:u,1148544,100.00,,
     0.301278855,34,,cache-misses:u,1148544,100.00,,
     0.301278855,1528078,,bus-cycles:u,1148512,100.00,,
     0.301278855,9777674,,instructions:u,1148544,100.00,,
     0.302426324,344,,branch-misses:u,1147648,100.00,,
     0.302426324,32,,cache-misses:u,1147488,100.00,,
     0.302426324,1526434,,bus-cycles:u,1147488,100.00,,
     0.302426324,9773496,,instructions:u,1147456,100.00,,
     0.303573728,346,,branch-misses:u,1147872,100.00,,
     0.303573728,107,,cache-misses:u,1147936,100.00,,
     0.303573728,1522599,,bus-cycles:u,1147904,100.00,,
     0.303573728,9733592,,instructions:u,1147904,100.00,,
     0.304721164,348,,branch-misses:u,1147264,100.00,,
     0.304721164,42,,cache-misses:u,1147200,100.00,,
     0.304721164,1526184,,bus-cycles:u,1147104,100.00,,
     0.304721164,9752777,,instructions:u,1147040,100.00,,
     0.305868440,345,,branch-misses:u,1147488,100.00,,
     0.305868440,47,,cache-misses:u,1147552,100.00,,
     0.305868440,1526859,,bus-cycles:u,1147648,100.00,,
     0.305868440,9765647,,instructions:u,1147712,100.00,,
     0.307014692,345,,branch-misses:u,1146432,100.00,,
     0.307014692,28,,cache-misses:u,1146400,100.00,,
     0.307014692,1525207,,bus-cycles:u,1146368,100.00,,
     0.307014692,9751544,,instructions:u,1146368,100.00,,
     0.308160401,344,,branch-misses:u,1146304,100.00,,
     0.308160401,93,,cache-misses:u,1146400,100.00,,
     0.308160401,1520192,,bus-cycles:u,1146528,100.00,,
     0.308160401,9714399,,instructions:u,1146624,100.00,,
     0.309308413,344,,branch-misses:u,1147552,100.00,,
     0.309308413,33,,cache-misses:u,1147488,100.00,,
     0.309308413,1526267,,bus-cycles:u,1147456,100.00,,
     0.309308413,9759809,,instructions:u,1147328,100.00,,
     0.310453769,345,,branch-misses:u,1145376,100.00,,
     0.310453769,33,,cache-misses:u,1145344,100.00,,
     0.310453769,1522692,,bus-cycles:u,1145312,100.00,,
     0.310453769,9737681,,instructions:u,1145344,100.00,,
     0.311599670,342,,branch-misses:u,1147072,100.00,,
     0.311599670,115,,cache-misses:u,1147360,100.00,,
     0.311599670,1519758,,bus-cycles:u,1147360,100.00,,
     0.311599670,9724133,,instructions:u,1147328,100.00,,
     0.312751617,345,,branch-misses:u,1151584,100.00,,
     0.312751617,33,,cache-misses:u,1151296,100.00,,
     0.312751617,1530925,,bus-cycles:u,1151296,100.00,,
     0.312751617,9786238,,instructions:u,1151328,100.00,,
     0.313898253,346,,branch-misses:u,1146816,100.00,,
     0.313898253,33,,cache-misses:u,1146816,100.00,,
     0.313898253,1524263,,bus-cycles:u,1146784,100.00,,
     0.313898253,9748830,,instructions:u,1146816,100.00,,
     0.315052184,344,,branch-misses:u,1154176,100.00,,
     0.315052184,34,,cache-misses:u,1154272,100.00,,
     0.315052184,1534090,,bus-cycles:u,1154272,100.00,,
     0.315052184,9816592,,instructions:u,1154304,100.00,,
     0.316220737,352,,branch-misses:u,1170784,100.00,,
     0.316220737,98,,cache-misses:u,1172224,100.00,,
     0.316220737,1553756,,bus-cycles:u,1173024,100.00,,
     0.316220737,9938661,,instructions:u,1173920,100.00,,
     0.317425636,361,,branch-misses:u,1204352,100.00,,
     0.317425636,35,,cache-misses:u,1203744,100.00,,
     0.317425636,1600302,,bus-cycles:u,1203328,100.00,,
     0.317425636,10231657,,instructions:u,1202624,100.00,,
     0.318599212,355,,branch-misses:u,1179200,100.00,,
     0.318599212,32,,cache-misses:u,1179968,100.00,,
     0.318599212,1568334,,bus-cycles:u,1180032,100.00,,
     0.318599212,10021337,,instructions:u,1180192,100.00,,
     0.320235340,487,,branch-misses:u,1631648,100.00,,
     0.320235340,118,,cache-misses:u,1630848,100.00,,
     0.320235340,2162832,,bus-cycles:u,1630496,100.00,,
     0.320235340,13817846,,instructions:u,1630208,100.00,,
     0.321417139,354,,branch-misses:u,1180448,100.00,,
     0.321417139,36,,cache-misses:u,1180064,100.00,,
     0.321417139,1570084,,bus-cycles:u,1180128,100.00,,
     0.321417139,10036119,,instructions:u,1180064,100.00,,
     0.322567966,345,,branch-misses:u,1150400,100.00,,
     0.322567966,34,,cache-misses:u,1150144,100.00,,
     0.322567966,1530548,,bus-cycles:u,1150016,100.00,,
     0.322567966,9788073,,instructions:u,1150016,100.00,,
     0.323720042,349,,branch-misses:u,1154720,100.00,,
     0.323720042,130,,cache-misses:u,1155936,100.00,,
     0.323720042,1529021,,bus-cycles:u,1156704,100.00,,
     0.323720042,9778523,,instructions:u,1157408,100.00,,
     0.324916590,357,,branch-misses:u,1195136,100.00,,
     0.324916590,37,,cache-misses:u,1194464,100.00,,
     0.324916590,1585320,,bus-cycles:u,1193984,100.00,,
     0.324916590,10130320,,instructions:u,1193568,100.00,,
     0.326072505,347,,branch-misses:u,1156128,100.00,,
     0.326072505,30,,cache-misses:u,1156000,100.00,,
     0.326072505,1533785,,bus-cycles:u,1155712,100.00,,
     0.326072505,9807650,,instructions:u,1155392,100.00,,
     0.327224900,346,,branch-misses:u,1152128,100.00,,
     0.327224900,79,,cache-misses:u,1151712,100.00,,
     0.327224900,1524283,,bus-cycles:u,1151776,100.00,,
     0.327224900,9738911,,instructions:u,1151744,100.00,,
     0.328374480,342,,branch-misses:u,1149408,100.00,,
     0.328374480,53,,cache-misses:u,1149184,100.00,,
     0.328374480,1527098,,bus-cycles:u,1149088,100.00,,
     0.328374480,9765692,,instructions:u,1149120,100.00,,
     0.329523068,344,,branch-misses:u,1148800,100.00,,
     0.329523068,31,,cache-misses:u,1148832,100.00,,
     0.329523068,1525977,,bus-cycles:u,1148864,100.00,,
     0.329523068,9753867,,instructions:u,1148896,100.00,,
     0.330671176,343,,branch-misses:u,1148096,100.00,,
     0.330671176,34,,cache-misses:u,1148064,100.00,,
     0.330671176,1525254,,bus-cycles:u,1148128,100.00,,
     0.330671176,9755947,,instructions:u,1148128,100.00,,
     0.331818708,344,,branch-misses:u,1148160,100.00,,
     0.331818708,116,,cache-misses:u,1148160,100.00,,
     0.331818708,1518552,,bus-cycles:u,1148096,100.00,,
     0.331818708,9716108,,instructions:u,1148032,100.00,,
     0.332966432,345,,branch-misses:u,1147424,100.00,,
     0.332966432,38,,cache-misses:u,1147392,100.00,,
     0.332966432,1524320,,bus-cycles:u,1147360,100.00,,
     0.332966432,9749403,,instructions:u,1147392,100.00,,
     0.334111821,343,,branch-misses:u,1145632,100.00,,
     0.334111821,36,,cache-misses:u,1145632,100.00,,
     0.334111821,1522109,,bus-cycles:u,1145664,100.00,,
     0.334111821,9731393,,instructions:u,1145664,100.00,,
     0.335257209,344,,branch-misses:u,1145920,100.00,,
     0.335257209,110,,cache-misses:u,1145856,100.00,,
     0.335257209,1515453,,bus-cycles:u,1145792,100.00,,
     0.335257209,9688135,,instructions:u,1145792,100.00,,
     0.336404454,344,,branch-misses:u,1146976,100.00,,
     0.336404454,57,,cache-misses:u,1146976,100.00,,
     0.336404454,1523399,,bus-cycles:u,1147008,100.00,,
     0.336404454,9738708,,instructions:u,1147072,100.00,,
     0.337547698,345,,branch-misses:u,1143744,100.00,,
     0.337547698,31,,cache-misses:u,1143936,100.00,,
     0.337547698,1520080,,bus-cycles:u,1143968,100.00,,
     0.337547698,9722077,,instructions:u,1143936,100.00,,
     0.338694783,343,,branch-misses:u,1147424,100.00,,
     0.338694783,33,,cache-misses:u,1147616,100.00,,
     0.338694783,1524201,,bus-cycles:u,1147712,100.00,,
     0.338694783,9754466,,instructions:u,1147744,100.00,,
     0.339847338,346,,branch-misses:u,1153504,100.00,,
     0.339847338,118,,cache-misses:u,1153696,100.00,,
     0.339847338,1526497,,bus-cycles:u,1153664,100.00,,
     0.339847338,9762974,,instructions:u,1153664,100.00,,
     0.341002325,346,,branch-misses:u,1154208,100.00,,
     0.341002325,48,,cache-misses:u,1153952,100.00,,
     0.341002325,1535556,,bus-cycles:u,1153888,100.00,,
     0.341002325,9814049,,instructions:u,1153856,100.00,,
     0.342174237,354,,branch-misses:u,1172224,100.00,,
     0.342174237,32,,cache-misses:u,1172224,100.00,,
     0.342174237,1561832,,bus-cycles:u,1172224,100.00,,
     0.342174237,9995981,,instructions:u,1172128,100.00,,
     0.343324777,346,,branch-misses:u,1150880,100.00,,
     0.343324777,109,,cache-misses:u,1150816,100.00,,
     0.343324777,1526681,,bus-cycles:u,1150816,100.00,,
     0.343324777,9770441,,instructions:u,1150912,100.00,,
     0.344474229,347,,branch-misses:u,1149248,100.00,,
     0.344474229,33,,cache-misses:u,1149152,100.00,,
     0.344474229,1530131,,bus-cycles:u,1149120,100.00,,
     0.344474229,9779015,,instructions:u,1149088,100.00,,
     0.345622817,343,,branch-misses:u,1148640,100.00,,
     0.345622817,34,,cache-misses:u,1148480,100.00,,
     0.345622817,1529920,,bus-cycles:u,1148512,100.00,,
     0.345622817,9778567,,instructions:u,1148512,100.00,,
     0.346768717,346,,branch-misses:u,1146176,100.00,,
     0.346768717,32,,cache-misses:u,1146208,100.00,,
     0.346768717,1526818,,bus-cycles:u,1146208,100.00,,
     0.346768717,9753491,,instructions:u,1146176,100.00,,
     0.347915929,346,,branch-misses:u,1147712,100.00,,
     0.347915929,115,,cache-misses:u,1147808,100.00,,
     0.347915929,1523288,,bus-cycles:u,1147776,100.00,,
     0.347915929,9754195,,instructions:u,1147872,100.00,,
     0.349063685,344,,branch-misses:u,1147520,100.00,,
     0.349063685,35,,cache-misses:u,1147360,100.00,,
     0.349063685,1528721,,bus-cycles:u,1147360,100.00,,
     0.349063685,9780670,,instructions:u,1147232,100.00,,
     0.350210129,344,,branch-misses:u,1146560,100.00,,
     0.350210129,39,,cache-misses:u,1146656,100.00,,
     0.350210129,1527582,,bus-cycles:u,1146656,100.00,,
     0.350210129,9764518,,instructions:u,1146656,100.00,,
     0.351357214,350,,branch-misses:u,1147680,100.00,,
     0.351357214,111,,cache-misses:u,1147680,100.00,,
     0.351357214,1522405,,bus-cycles:u,1147744,100.00,,
     0.351357214,9745701,,instructions:u,1147776,100.00,,
     0.352505706,345,,branch-misses:u,1148256,100.00,,
     0.352505706,34,,cache-misses:u,1148256,100.00,,
     0.352505706,1529024,,bus-cycles:u,1148192,100.00,,
     0.352505706,9781541,,instructions:u,1148224,100.00,,
     0.353652310,346,,branch-misses:u,1146752,100.00,,
     0.353652310,29,,cache-misses:u,1146720,100.00,,
     0.353652310,1527014,,bus-cycles:u,1146688,100.00,,
     0.353652310,9771454,,instructions:u,1146624,100.00,,
     0.354798434,344,,branch-misses:u,1146368,100.00,,
     0.354798434,33,,cache-misses:u,1146496,100.00,,
     0.354798434,1526680,,bus-cycles:u,1146592,100.00,,
     0.354798434,9763633,,instructions:u,1146688,100.00,,
     0.355946606,343,,branch-misses:u,1148736,100.00,,
     0.355946606,115,,cache-misses:u,1148832,100.00,,
     0.355946606,1521476,,bus-cycles:u,1148864,100.00,,
     0.355946606,9732910,,instructions:u,1148864,100.00,,
     0.357119958,351,,branch-misses:u,1178272,100.00,,
     0.357119958,42,,cache-misses:u,1180192,100.00,,
     0.357119958,1572646,,bus-cycles:u,1181344,100.00,,
     0.357119958,10067116,,instructions:u,1182432,100.00,,
     0.358319354,356,,branch-misses:u,1195968,100.00,,
     0.358319354,31,,cache-misses:u,1194752,100.00,,
     0.358319354,1589667,,bus-cycles:u,1193888,100.00,,
     0.358319354,10161760,,instructions:u,1193312,100.00,,
     0.359472838,345,,branch-misses:u,1153760,100.00,,
     0.359472838,113,,cache-misses:u,1153632,100.00,,
     0.359472838,1530905,,bus-cycles:u,1153632,100.00,,
     0.359472838,9786045,,instructions:u,1153472,100.00,,
     0.360629040,344,,branch-misses:u,1155904,100.00,,
     0.360629040,40,,cache-misses:u,1155552,100.00,,
     0.360629040,1538547,,bus-cycles:u,1155264,100.00,,
     0.360629040,9837104,,instructions:u,1155008,100.00,,
     0.361777788,342,,branch-misses:u,1147968,100.00,,
     0.361777788,31,,cache-misses:u,1147712,100.00,,
     0.361777788,1528904,,bus-cycles:u,1147712,100.00,,
     0.361777788,9776795,,instructions:u,1147680,100.00,,
     0.362924169,343,,branch-misses:u,1146400,100.00,,
     0.362924169,34,,cache-misses:u,1146368,100.00,,
     0.362924169,1527126,,bus-cycles:u,1146368,100.00,,
     0.362924169,9773622,,instructions:u,1146368,100.00,,
     0.364088498,348,,branch-misses:u,1165280,100.00,,
     0.364088498,105,,cache-misses:u,1165504,100.00,,
     0.364088498,1547210,,bus-cycles:u,1165504,100.00,,
     0.364088498,9898451,,instructions:u,1165504,100.00,,
     0.365238750,343,,branch-misses:u,1149728,100.00,,
     0.365238750,37,,cache-misses:u,1149664,100.00,,
     0.365238750,1531222,,bus-cycles:u,1149536,100.00,,
     0.365238750,9789703,,instructions:u,1149440,100.00,,
     0.366383274,342,,branch-misses:u,1144608,100.00,,
     0.366383274,33,,cache-misses:u,1144448,100.00,,
     0.366383274,1525091,,bus-cycles:u,1144608,100.00,,
     0.366383274,9746090,,instructions:u,1144512,100.00,,
     0.367527831,341,,branch-misses:u,1145664,100.00,,
     0.367527831,136,,cache-misses:u,1146528,100.00,,
     0.367527831,1515973,,bus-cycles:u,1146560,100.00,,
     0.367527831,9698544,,instructions:u,1146624,100.00,,
     0.368678883,343,,branch-misses:u,1150304,100.00,,
     0.368678883,34,,cache-misses:u,1149216,100.00,,
     0.368678883,1530640,,bus-cycles:u,1148992,100.00,,
     0.368678883,9790481,,instructions:u,1148960,100.00,,
     0.369823215,343,,branch-misses:u,1144544,100.00,,
     0.369823215,34,,cache-misses:u,1144640,100.00,,
     0.369823215,1524830,,bus-cycles:u,1144736,100.00,,
     0.369823215,9750752,,instructions:u,1144768,100.00,,
     0.370966940,341,,branch-misses:u,1143808,100.00,,
     0.370966940,35,,cache-misses:u,1143776,100.00,,
     0.370966940,1523677,,bus-cycles:u,1143680,100.00,,
     0.370966940,9740379,,instructions:u,1143648,100.00,,
     0.372110313,340,,branch-misses:u,1144064,100.00,,
     0.372110313,107,,cache-misses:u,1144448,100.00,,
     0.372110313,1514935,,bus-cycles:u,1144544,100.00,,
     0.372110313,9676408,,instructions:u,1144704,100.00,,
     0.373259093,343,,branch-misses:u,1148480,100.00,,
     0.373259093,30,,cache-misses:u,1148512,100.00,,
     0.373259093,1529442,,bus-cycles:u,1148512,100.00,,
     0.373259093,9776184,,instructions:u,1148448,100.00,,
     0.374403073,341,,branch-misses:u,1144096,100.00,,
     0.374403073,31,,cache-misses:u,1143680,100.00,,
     0.374403073,1523594,,bus-cycles:u,1143680,100.00,,
     0.374403073,9746022,,instructions:u,1143680,100.00,,
     0.375545742,341,,branch-misses:u,1143552,100.00,,
     0.375545742,119,,cache-misses:u,1143872,100.00,,
     0.375545742,1514354,,bus-cycles:u,1144256,100.00,,
     0.375545742,9693608,,instructions:u,1144192,100.00,,
     0.376694170,344,,branch-misses:u,1147936,100.00,,
     0.376694170,40,,cache-misses:u,1147680,100.00,,
     0.376694170,1527129,,bus-cycles:u,1147296,100.00,,
     0.376694170,9766541,,instructions:u,1147328,100.00,,
     0.377837799,341,,branch-misses:u,1143776,100.00,,
     0.377837799,47,,cache-misses:u,1143744,100.00,,
     0.377837799,1522451,,bus-cycles:u,1143744,100.00,,
     0.377837799,9737476,,instructions:u,1143712,100.00,,
     0.378981236,341,,branch-misses:u,1143712,100.00,,
     0.378981236,30,,cache-misses:u,1143744,100.00,,
     0.378981236,1521831,,bus-cycles:u,1143776,100.00,,
     0.378981236,9725387,,instructions:u,1143808,100.00,,
     0.380125856,340,,branch-misses:u,1145152,100.00,,
     0.380125856,107,,cache-misses:u,1145120,100.00,,
     0.380125856,1516378,,bus-cycles:u,1144992,100.00,,
     0.380125856,9677455,,instructions:u,1145056,100.00,,
     0.381271437,342,,branch-misses:u,1145024,100.00,,
     0.381271437,34,,cache-misses:u,1145024,100.00,,
     0.381271437,1524573,,bus-cycles:u,1145184,100.00,,
     0.381271437,9748098,,instructions:u,1145120,100.00,,
     0.382414393,342,,branch-misses:u,1143168,100.00,,
     0.382414393,34,,cache-misses:u,1143232,100.00,,
     0.382414393,1521485,,bus-cycles:u,1143136,100.00,,
     0.382414393,9727800,,instructions:u,1143072,100.00,,
     0.383557574,341,,branch-misses:u,1144064,100.00,,
     0.383557574,110,,cache-misses:u,1144128,100.00,,
     0.383557574,1515177,,bus-cycles:u,1144224,100.00,,
     0.383557574,9694460,,instructions:u,1144288,100.00,,
     0.384718128,346,,branch-misses:u,1160736,100.00,,
     0.384718128,33,,cache-misses:u,1160928,100.00,,
     0.384718128,1544691,,bus-cycles:u,1160896,100.00,,
     0.384718128,9880509,,instructions:u,1160896,100.00,,
     0.385862653,342,,branch-misses:u,1144320,100.00,,
     0.385862653,32,,cache-misses:u,1144032,100.00,,
     0.385862653,1522209,,bus-cycles:u,1143968,100.00,,
     0.385862653,9732487,,instructions:u,1143936,100.00,,
     0.387005578,340,,branch-misses:u,1142784,100.00,,
     0.387005578,32,,cache-misses:u,1142720,100.00,,
     0.387005578,1520027,,bus-cycles:u,1142720,100.00,,
     0.387005578,9725585,,instructions:u,1142752,100.00,,
     0.388147639,342,,branch-misses:u,1143200,100.00,,
     0.388147639,109,,cache-misses:u,1143616,100.00,,
     0.388147639,1514339,,bus-cycles:u,1143680,100.00,,
     0.388147639,9684141,,instructions:u,1143648,100.00,,
     0.389296131,342,,branch-misses:u,1148160,100.00,,
     0.389296131,36,,cache-misses:u,1147808,100.00,,
     0.389296131,1526030,,bus-cycles:u,1147776,100.00,,
     0.389296131,9766353,,instructions:u,1147808,100.00,,
     0.390440175,341,,branch-misses:u,1144160,100.00,,
     0.390440175,30,,cache-misses:u,1144032,100.00,,
     0.390440175,1521120,,bus-cycles:u,1144064,100.00,,
     0.390440175,9725984,,instructions:u,1144032,100.00,,
     0.391583580,339,,branch-misses:u,1144032,100.00,,
     0.391583580,103,,cache-misses:u,1144192,100.00,,
     0.391583580,1515785,,bus-cycles:u,1144128,100.00,,
     0.391583580,9700456,,instructions:u,1144096,100.00,,
     0.392730312,342,,branch-misses:u,1146560,100.00,,
     0.392730312,36,,cache-misses:u,1146432,100.00,,
     0.392730312,1525563,,bus-cycles:u,1146368,100.00,,
     0.392730312,9755565,,instructions:u,1146432,100.00,,
     0.393873909,341,,branch-misses:u,1143616,100.00,,
     0.393873909,34,,cache-misses:u,1143584,100.00,,
     0.393873909,1521346,,bus-cycles:u,1143616,100.00,,
     0.393873909,9733126,,instructions:u,1143552,100.00,,
     0.395016674,344,,branch-misses:u,1142848,100.00,,
     0.395016674,41,,cache-misses:u,1142944,100.00,,
     0.395016674,1521402,,bus-cycles:u,1142976,100.00,,
     0.395016674,9730280,,instructions:u,1143040,100.00,,
     0.396162383,341,,branch-misses:u,1146432,100.00,,
     0.396162383,114,,cache-misses:u,1146496,100.00,,
     0.396162383,1518735,,bus-cycles:u,1146496,100.00,,
     0.396162383,9707726,,instructions:u,1146560,100.00,,
     0.397311258,342,,branch-misses:u,1148800,100.00,,
     0.397311258,37,,cache-misses:u,1148832,100.00,,
     0.397311258,1528431,,bus-cycles:u,1148832,100.00,,
     0.397311258,9768420,,instructions:u,1148736,100.00,,
     0.398456263,342,,branch-misses:u,1145088,100.00,,
     0.398456263,32,,cache-misses:u,1144992,100.00,,
     0.398456263,1523240,,bus-cycles:u,1144992,100.00,,
     0.398456263,9741857,,instructions:u,1144992,100.00,,
     0.399601971,341,,branch-misses:u,1146208,100.00,,
     0.399601971,112,,cache-misses:u,1146176,100.00,,
     0.399601971,1518368,,bus-cycles:u,1146144,100.00,,
     0.399601971,9716439,,instructions:u,1146144,100.00,,
     0.400748704,343,,branch-misses:u,1146624,100.00,,
     0.400748704,33,,cache-misses:u,1146720,100.00,,
     0.400748704,1525270,,bus-cycles:u,1146784,100.00,,
     0.400748704,9760680,,instructions:u,1146784,100.00,,
     0.401894348,341,,branch-misses:u,1145888,100.00,,
     0.401894348,44,,cache-misses:u,1145856,100.00,,
     0.401894348,1523597,,bus-cycles:u,1145856,100.00,,
     0.401894348,9744712,,instructions:u,1145856,100.00,,
     0.403039449,340,,branch-misses:u,1145152,100.00,,
     0.403039449,32,,cache-misses:u,1145152,100.00,,
     0.403039449,1523211,,bus-cycles:u,1145120,100.00,,
     0.403039449,9740863,,instructions:u,1145120,100.00,,
     0.404197571,346,,branch-misses:u,1158656,100.00,,
     0.404197571,98,,cache-misses:u,1158624,100.00,,
     0.404197571,1536480,,bus-cycles:u,1158592,100.00,,
     0.404197571,9823218,,instructions:u,1158624,100.00,,
     0.405344559,342,,branch-misses:u,1146912,100.00,,
     0.405344559,33,,cache-misses:u,1146976,100.00,,
     0.405344559,1525074,,bus-cycles:u,1147008,100.00,,
     0.405344559,9755550,,instructions:u,1146976,100.00,,
     0.406504761,347,,branch-misses:u,1160672,100.00,,
     0.406504761,31,,cache-misses:u,1160960,100.00,,
     0.406504761,1544596,,bus-cycles:u,1160960,100.00,,
     0.406504761,9873407,,instructions:u,1160992,100.00,,
     0.407652869,341,,branch-misses:u,1148320,100.00,,
     0.407652869,110,,cache-misses:u,1148000,100.00,,
     0.407652869,1521232,,bus-cycles:u,1148064,100.00,,
     0.407652869,9719271,,instructions:u,1148064,100.00,,
     0.408801777,344,,branch-misses:u,1148736,100.00,,
     0.408801777,34,,cache-misses:u,1148736,100.00,,
     0.408801777,1528168,,bus-cycles:u,1148640,100.00,,
     0.408801777,9768520,,instructions:u,1148640,100.00,,
     0.409947774,344,,branch-misses:u,1146208,100.00,,
     0.409947774,35,,cache-misses:u,1146208,100.00,,
     0.409947774,1524766,,bus-cycles:u,1146240,100.00,,
     0.409947774,9753651,,instructions:u,1146208,100.00,,
     0.411093578,342,,branch-misses:u,1145920,100.00,,
     0.411093578,30,,cache-misses:u,1145984,100.00,,
     0.411093578,1524265,,bus-cycles:u,1145984,100.00,,
     0.411093578,9747291,,instructions:u,1145984,100.00,,
     0.412250741,345,,branch-misses:u,1157760,100.00,,
     0.412250741,84,,cache-misses:u,1157984,100.00,,
     0.412250741,1534743,,bus-cycles:u,1158016,100.00,,
     0.412250741,9813499,,instructions:u,1158080,100.00,,
     0.413398049,343,,branch-misses:u,1147104,100.00,,
     0.413398049,31,,cache-misses:u,1146848,100.00,,
     0.413398049,1525174,,bus-cycles:u,1146816,100.00,,
     0.413398049,9757351,,instructions:u,1146848,100.00,,
     0.414544333,342,,branch-misses:u,1146208,100.00,,
     0.414544333,32,,cache-misses:u,1146208,100.00,,
     0.414544333,1524546,,bus-cycles:u,1146240,100.00,,
     0.414544333,9748718,,instructions:u,1146208,100.00,,
     0.415691545,343,,branch-misses:u,1148064,100.00,,
     0.415691545,110,,cache-misses:u,1148096,100.00,,
     0.415691545,1523092,,bus-cycles:u,1148096,100.00,,
     0.415691545,9746218,,instructions:u,1148064,100.00,,
     0.416839845,343,,branch-misses:u,1148096,100.00,,
     0.416839845,43,,cache-misses:u,1148064,100.00,,
     0.416839845,1527507,,bus-cycles:u,1148064,100.00,,
     0.416839845,9770018,,instructions:u,1148032,100.00,,
     0.417986098,342,,branch-misses:u,1146368,100.00,,
     0.417986098,41,,cache-misses:u,1146432,100.00,,
     0.417986098,1524825,,bus-cycles:u,1146400,100.00,,
     0.417986098,9749573,,instructions:u,1146496,100.00,,
     0.419133790,343,,branch-misses:u,1148192,100.00,,
     0.419133790,40,,cache-misses:u,1148064,100.00,,
     0.419133790,1522001,,bus-cycles:u,1148096,100.00,,
     0.419133790,9735656,,instructions:u,1148032,100.00,,
     0.420280970,342,,branch-misses:u,1147072,100.00,,
     0.420280970,81,,cache-misses:u,1147072,100.00,,
     0.420280970,1526468,,bus-cycles:u,1147072,100.00,,
     0.420280970,9768319,,instructions:u,1146976,100.00,,
     0.421425910,343,,branch-misses:u,1145088,100.00,,
     0.421425910,38,,cache-misses:u,1145152,100.00,,
     0.421425910,1524201,,bus-cycles:u,1145184,100.00,,
     0.421425910,9743973,,instructions:u,1145280,100.00,,
     0.422571331,343,,branch-misses:u,1145664,100.00,,
     0.422571331,33,,cache-misses:u,1145600,100.00,,
     0.422571331,1524332,,bus-cycles:u,1145568,100.00,,
     0.422571331,9746633,,instructions:u,1145440,100.00,,
     0.423717199,343,,branch-misses:u,1146880,100.00,,
     0.423717199,120,,cache-misses:u,1147136,100.00,,
     0.423717199,1522104,,bus-cycles:u,1147136,100.00,,
     0.423717199,9732000,,instructions:u,1147232,100.00,,
     0.424869691,344,,branch-misses:u,1152064,100.00,,
     0.424869691,49,,cache-misses:u,1152160,100.00,,
     0.424869691,1533504,,bus-cycles:u,1152160,100.00,,
     0.424869691,9808845,,instructions:u,1152224,100.00,,
     0.426017351,344,,branch-misses:u,1147648,100.00,,
     0.426017351,32,,cache-misses:u,1147264,100.00,,
     0.426017351,1526853,,bus-cycles:u,1147264,100.00,,
     0.426017351,9773807,,instructions:u,1147232,100.00,,
     0.427177841,346,,branch-misses:u,1161216,100.00,,
     0.427177841,63,,cache-misses:u,1161696,100.00,,
     0.427177841,1539841,,bus-cycles:u,1161728,100.00,,
     0.427177841,9856695,,instructions:u,1161728,100.00,,
     0.428327005,343,,branch-misses:u,1148768,100.00,,
     0.428327005,73,,cache-misses:u,1148320,100.00,,
     0.428327005,1527934,,bus-cycles:u,1148224,100.00,,
     0.428327005,9771455,,instructions:u,1148224,100.00,,
     0.429473865,344,,branch-misses:u,1146976,100.00,,
     0.429473865,34,,cache-misses:u,1146944,100.00,,
     0.429473865,1526508,,bus-cycles:u,1147008,100.00,,
     0.429473865,9761833,,instructions:u,1147008,100.00,,
     0.430619765,342,,branch-misses:u,1146080,100.00,,
     0.430619765,33,,cache-misses:u,1146112,100.00,,
     0.430619765,1524753,,bus-cycles:u,1146112,100.00,,
     0.430619765,9747501,,instructions:u,1146080,100.00,,
     0.431765794,343,,branch-misses:u,1146656,100.00,,
     0.431765794,103,,cache-misses:u,1146688,100.00,,
     0.431765794,1519573,,bus-cycles:u,1146656,100.00,,
     0.431765794,9718913,,instructions:u,1146656,100.00,,
     0.432912782,342,,branch-misses:u,1146848,100.00,,
     0.432912782,36,,cache-misses:u,1146880,100.00,,
     0.432912782,1525889,,bus-cycles:u,1146880,100.00,,
     0.432912782,9759208,,instructions:u,1146912,100.00,,
     0.434058682,345,,branch-misses:u,1145728,100.00,,
     0.434058682,34,,cache-misses:u,1145600,100.00,,
     0.434058682,1524623,,bus-cycles:u,1145600,100.00,,
     0.434058682,9756523,,instructions:u,1145536,100.00,,
     0.435204039,342,,branch-misses:u,1145824,100.00,,
     0.435204039,79,,cache-misses:u,1145952,100.00,,
     0.435204039,1521168,,bus-cycles:u,1145920,100.00,,
     0.435204039,9727937,,instructions:u,1146016,100.00,,
     0.436351091,342,,branch-misses:u,1147296,100.00,,
     0.436351091,59,,cache-misses:u,1147232,100.00,,
     0.436351091,1526645,,bus-cycles:u,1147264,100.00,,
     0.436351091,9763377,,instructions:u,1147104,100.00,,
     0.437497023,342,,branch-misses:u,1146048,100.00,,
     0.437497023,30,,cache-misses:u,1146080,100.00,,
     0.437497023,1523664,,bus-cycles:u,1146144,100.00,,
     0.437497023,9744247,,instructions:u,1146240,100.00,,
     0.438643276,341,,branch-misses:u,1146496,100.00,,
     0.438643276,35,,cache-misses:u,1146464,100.00,,
     0.438643276,1525351,,bus-cycles:u,1146368,100.00,,
     0.438643276,9752705,,instructions:u,1146336,100.00,,
     0.439790200,342,,branch-misses:u,1147456,100.00,,
     0.439790200,109,,cache-misses:u,1147424,100.00,,
     0.439790200,1519283,,bus-cycles:u,1147488,100.00,,
     0.439790200,9719327,,instructions:u,1147520,100.00,,
     0.440937828,342,,branch-misses:u,1147424,100.00,,
     0.440937828,41,,cache-misses:u,1147424,100.00,,
     0.440937828,1525987,,bus-cycles:u,1147424,100.00,,
     0.440937828,9759001,,instructions:u,1147456,100.00,,
     0.442083888,341,,branch-misses:u,1146304,100.00,,
     0.442083888,35,,cache-misses:u,1146368,100.00,,
     0.442083888,1524411,,bus-cycles:u,1146336,100.00,,
     0.442083888,9744131,,instructions:u,1146304,100.00,,
     0.443231197,342,,branch-misses:u,1147360,100.00,,
     0.443231197,68,,cache-misses:u,1147392,100.00,,
     0.443231197,1521453,,bus-cycles:u,1147392,100.00,,
     0.443231197,9726018,,instructions:u,1147392,100.00,,
     0.444378665,343,,branch-misses:u,1147744,100.00,,
     0.444378665,62,,cache-misses:u,1147808,100.00,,
     0.444378665,1526132,,bus-cycles:u,1147840,100.00,,
     0.444378665,9762773,,instructions:u,1147840,100.00,,
     0.445527413,343,,branch-misses:u,1148864,100.00,,
     0.445527413,34,,cache-misses:u,1148800,100.00,,
     0.445527413,1526752,,bus-cycles:u,1148736,100.00,,
     0.445527413,9763834,,instructions:u,1148736,100.00,,
     0.446674017,345,,branch-misses:u,1146784,100.00,,
     0.446674017,39,,cache-misses:u,1146688,100.00,,
     0.446674017,1524297,,bus-cycles:u,1146752,100.00,,
     0.446674017,9747173,,instructions:u,1146816,100.00,,
     0.447832267,346,,branch-misses:u,1159136,100.00,,
     0.447832267,118,,cache-misses:u,1159520,100.00,,
     0.447832267,1536666,,bus-cycles:u,1159552,100.00,,
     0.447832267,9826780,,instructions:u,1159552,100.00,,
     0.448987702,344,,branch-misses:u,1156512,100.00,,
     0.448987702,33,,cache-misses:u,1157504,100.00,,
     0.448987702,1538583,,bus-cycles:u,1158240,100.00,,
     0.448987702,9843784,,instructions:u,1158944,100.00,,
     0.450167517,352,,branch-misses:u,1179200,100.00,,
     0.450167517,34,,cache-misses:u,1178688,100.00,,
     0.450167517,1565921,,bus-cycles:u,1178208,100.00,,
     0.450167517,10017122,,instructions:u,1177728,100.00,,
     0.451324680,334,,branch-misses:u,1131744,100.00,,
     0.451324680,145,,cache-misses:u,1131520,100.00,,
     0.451324680,1480813,,bus-cycles:u,1131296,100.00,,
     0.451324680,9468257,,instructions:u,1131136,100.00,,
     0.452479123,343,,branch-misses:u,1153376,100.00,,
     0.452479123,72,,cache-misses:u,1153248,100.00,,
     0.452479123,1532784,,bus-cycles:u,1153248,100.00,,
     0.452479123,9799850,,instructions:u,1153216,100.00,,
     0.453630207,344,,branch-misses:u,1151008,100.00,,
     0.453630207,31,,cache-misses:u,1150848,100.00,,
     0.453630207,1529633,,bus-cycles:u,1150816,100.00,,
     0.453630207,9781579,,instructions:u,1150784,100.00,,
     0.454778411,342,,branch-misses:u,1148320,100.00,,
     0.454778411,33,,cache-misses:u,1148000,100.00,,
     0.454778411,1526795,,bus-cycles:u,1147968,100.00,,
     0.454778411,9766140,,instructions:u,1147936,100.00,,
     0.455927350,342,,branch-misses:u,1149440,100.00,,
     0.455927350,107,,cache-misses:u,1149792,100.00,,
     0.455927350,1522241,,bus-cycles:u,1149792,100.00,,
     0.455927350,9743608,,instructions:u,1149856,100.00,,
     0.457076034,343,,branch-misses:u,1148512,100.00,,
     0.457076034,35,,cache-misses:u,1148224,100.00,,
     0.457076034,1527189,,bus-cycles:u,1148128,100.00,,
     0.457076034,9768060,,instructions:u,1148128,100.00,,
     0.458222927,342,,branch-misses:u,1146976,100.00,,
     0.458222927,32,,cache-misses:u,1146976,100.00,,
     0.458222927,1526157,,bus-cycles:u,1147104,100.00,,
     0.458222927,9755991,,instructions:u,1147040,100.00,,
     0.459371483,343,,branch-misses:u,1149248,100.00,,
     0.459371483,105,,cache-misses:u,1149184,100.00,,
     0.459371483,1524098,,bus-cycles:u,1149088,100.00,,
     0.459371483,9752471,,instructions:u,1149088,100.00,,
     0.460520646,342,,branch-misses:u,1148864,100.00,,
     0.460520646,38,,cache-misses:u,1149184,100.00,,
     0.460520646,1529237,,bus-cycles:u,1149280,100.00,,
     0.460520646,9782367,,instructions:u,1149312,100.00,,
     0.461667379,343,,branch-misses:u,1146912,100.00,,
     0.461667379,36,,cache-misses:u,1146656,100.00,,
     0.461667379,1525645,,bus-cycles:u,1146624,100.00,,
     0.461667379,9759372,,instructions:u,1146656,100.00,,
     0.462813983,344,,branch-misses:u,1146816,100.00,,
     0.462813983,34,,cache-misses:u,1146720,100.00,,
     0.462813983,1525131,,bus-cycles:u,1146752,100.00,,
     0.462813983,9754544,,instructions:u,1146720,100.00,,
     0.463961771,342,,branch-misses:u,1147968,100.00,,
     0.463961771,112,,cache-misses:u,1148096,100.00,,
     0.463961771,1523760,,bus-cycles:u,1148096,100.00,,
     0.463961771,9744995,,instructions:u,1148096,100.00,,
     0.465110167,344,,branch-misses:u,1148512,100.00,,
     0.465110167,35,,cache-misses:u,1148448,100.00,,
     0.465110167,1527611,,bus-cycles:u,1148416,100.00,,
     0.465110167,9772109,,instructions:u,1148480,100.00,,
     0.466257379,343,,branch-misses:u,1147520,100.00,,
     0.466257379,36,,cache-misses:u,1147552,100.00,,
     0.466257379,1526773,,bus-cycles:u,1147552,100.00,,
     0.466257379,9771331,,instructions:u,1147488,100.00,,
     0.467406191,341,,branch-misses:u,1149344,100.00,,
     0.467406191,105,,cache-misses:u,1149344,100.00,,
     0.467406191,1523705,,bus-cycles:u,1149376,100.00,,
     0.467406191,9746693,,instructions:u,1149344,100.00,,
     0.468555643,343,,branch-misses:u,1149280,100.00,,
     0.468555643,33,,cache-misses:u,1149312,100.00,,
     0.468555643,1529558,,bus-cycles:u,1149280,100.00,,
     0.468555643,9778309,,instructions:u,1149312,100.00,,
     0.469716837,347,,branch-misses:u,1161600,100.00,,
     0.469716837,36,,cache-misses:u,1161824,100.00,,
     0.469716837,1546267,,bus-cycles:u,1161888,100.00,,
     0.469716837,9886013,,instructions:u,1161888,100.00,,
     0.470865105,346,,branch-misses:u,1148224,100.00,,
     0.470865105,34,,cache-misses:u,1148000,100.00,,
     0.470865105,1528481,,bus-cycles:u,1147968,100.00,,
     0.470865105,9785313,,instructions:u,1147968,100.00,,
     0.472013213,344,,branch-misses:u,1148640,100.00,,
     0.472013213,110,,cache-misses:u,1148576,100.00,,
     0.472013213,1523805,,bus-cycles:u,1148480,100.00,,
     0.472013213,9748510,,instructions:u,1148512,100.00,,
     0.473162217,344,,branch-misses:u,1148768,100.00,,
     0.473162217,32,,cache-misses:u,1149056,100.00,,
     0.473162217,1529283,,bus-cycles:u,1149088,100.00,,
     0.473162217,9776810,,instructions:u,1149088,100.00,,
     0.474310069,342,,branch-misses:u,1148096,100.00,,
     0.474310069,32,,cache-misses:u,1147904,100.00,,
     0.474310069,1528082,,bus-cycles:u,1147968,100.00,,
     0.474310069,9767374,,instructions:u,1147936,100.00,,
     0.475458657,343,,branch-misses:u,1149184,100.00,,
     0.475458657,106,,cache-misses:u,1149056,100.00,,
     0.475458657,1524604,,bus-cycles:u,1149056,100.00,,
     0.475458657,9750615,,instructions:u,1149056,100.00,,
     0.476606957,341,,branch-misses:u,1148032,100.00,,
     0.476606957,36,,cache-misses:u,1148352,100.00,,
     0.476606957,1527864,,bus-cycles:u,1148352,100.00,,
     0.476606957,9774876,,instructions:u,1148352,100.00,,
     0.477754777,342,,branch-misses:u,1147904,100.00,,
     0.477754777,37,,cache-misses:u,1147936,100.00,,
     0.477754777,1527363,,bus-cycles:u,1147808,100.00,,
     0.477754777,9771193,,instructions:u,1147808,100.00,,
     0.478901093,343,,branch-misses:u,1146528,100.00,,
     0.478901093,39,,cache-misses:u,1146304,100.00,,
     0.478901093,1525575,,bus-cycles:u,1146368,100.00,,
     0.478901093,9757529,,instructions:u,1146368,100.00,,
     0.480048369,345,,branch-misses:u,1148160,100.00,,
     0.480048369,107,,cache-misses:u,1148416,100.00,,
     0.480048369,1521448,,bus-cycles:u,1148512,100.00,,
     0.480048369,9728437,,instructions:u,1148576,100.00,,
     0.481200861,343,,branch-misses:u,1152064,100.00,,
     0.481200861,34,,cache-misses:u,1151904,100.00,,
     0.481200861,1532340,,bus-cycles:u,1151872,100.00,,
     0.481200861,9800490,,instructions:u,1151808,100.00,,
     0.482349065,342,,branch-misses:u,1148256,100.00,,
     0.482349065,35,,cache-misses:u,1148096,100.00,,
     0.482349065,1526569,,bus-cycles:u,1148096,100.00,,
     0.482349065,9768290,,instructions:u,1148128,100.00,,
     0.483497749,343,,branch-misses:u,1149312,100.00,,
     0.483497749,99,,cache-misses:u,1149376,100.00,,
     0.483497749,1522996,,bus-cycles:u,1149312,100.00,,
     0.483497749,9739386,,instructions:u,1149312,100.00,,
     0.484646241,344,,branch-misses:u,1148320,100.00,,
     0.484646241,39,,cache-misses:u,1148256,100.00,,
     0.484646241,1527897,,bus-cycles:u,1148288,100.00,,
     0.484646241,9781358,,instructions:u,1148288,100.00,,
     0.485799660,344,,branch-misses:u,1154944,100.00,,
     0.485799660,39,,cache-misses:u,1155776,100.00,,
     0.485799660,1537542,,bus-cycles:u,1156128,100.00,,
     0.485799660,9835574,,instructions:u,1156352,100.00,,
     0.486971092,349,,branch-misses:u,1171232,100.00,,
     0.486971092,29,,cache-misses:u,1170944,100.00,,
     0.486971092,1557999,,bus-cycles:u,1170944,100.00,,
     0.486971092,9966995,,instructions:u,1170976,100.00,,
     0.488124032,345,,branch-misses:u,1153024,100.00,,
     0.488124032,103,,cache-misses:u,1152768,100.00,,
     0.488124032,1526390,,bus-cycles:u,1152512,100.00,,
     0.488124032,9761388,,instructions:u,1152256,100.00,,
     0.489275147,344,,branch-misses:u,1150368,100.00,,
     0.489275147,34,,cache-misses:u,1150112,100.00,,
     0.489275147,1530850,,bus-cycles:u,1150016,100.00,,
     0.489275147,9788434,,instructions:u,1149984,100.00,,
     0.490434006,346,,branch-misses:u,1159136,100.00,,
     0.490434006,33,,cache-misses:u,1159360,100.00,,
     0.490434006,1542554,,bus-cycles:u,1159360,100.00,,
     0.490434006,9866089,,instructions:u,1159360,100.00,,
     0.491581922,341,,branch-misses:u,1148480,100.00,,
     0.491581922,130,,cache-misses:u,1148448,100.00,,
     0.491581922,1519198,,bus-cycles:u,1148480,100.00,,
     0.491581922,9719385,,instructions:u,1148480,100.00,,
     0.492731469,344,,branch-misses:u,1149280,100.00,,
     0.492731469,33,,cache-misses:u,1149152,100.00,,
     0.492731469,1529317,,bus-cycles:u,1149088,100.00,,
     0.492731469,9788102,,instructions:u,1149088,100.00,,
     0.493878842,342,,branch-misses:u,1147584,100.00,,
     0.493878842,31,,cache-misses:u,1147520,100.00,,
     0.493878842,1527376,,bus-cycles:u,1147584,100.00,,
     0.493878842,9767522,,instructions:u,1147584,100.00,,
     0.495025894,343,,branch-misses:u,1147296,100.00,,
     0.495025894,33,,cache-misses:u,1147200,100.00,,
     0.495025894,1525729,,bus-cycles:u,1147168,100.00,,
     0.495025894,9759405,,instructions:u,1147104,100.00,,
     0.496172914,341,,branch-misses:u,1147616,100.00,,
     0.496172914,103,,cache-misses:u,1148000,100.00,,
     0.496172914,1523121,,bus-cycles:u,1147968,100.00,,
     0.496172914,9740386,,instructions:u,1147936,100.00,,
     0.497323230,343,,branch-misses:u,1149952,100.00,,
     0.497323230,33,,cache-misses:u,1149600,100.00,,
     0.497323230,1529931,,bus-cycles:u,1149664,100.00,,
     0.497323230,9786931,,instructions:u,1149760,100.00,,
     0.498469994,343,,branch-misses:u,1146944,100.00,,
     0.498469994,31,,cache-misses:u,1147072,100.00,,
     0.498469994,1526892,,bus-cycles:u,1147040,100.00,,
     0.498469994,9766312,,instructions:u,1147072,100.00,,
     0.499618326,344,,branch-misses:u,1148896,100.00,,
     0.499618326,108,,cache-misses:u,1148736,100.00,,
     0.499618326,1522923,,bus-cycles:u,1148768,100.00,,
     0.499618326,9745786,,instructions:u,1148704,100.00,,
     0.500766626,343,,branch-misses:u,1148000,100.00,,
     0.500766626,33,,cache-misses:u,1148096,100.00,,
     0.500766626,1528309,,bus-cycles:u,1148096,100.00,,
     0.500766626,9780989,,instructions:u,1148160,100.00,,
     0.501913358,342,,branch-misses:u,1147040,100.00,,
     0.501913358,35,,cache-misses:u,1147008,100.00,,
     0.501913358,1525257,,bus-cycles:u,1146976,100.00,,
     0.501913358,9752396,,instructions:u,1146944,100.00,,
     0.503060538,343,,branch-misses:u,1147296,100.00,,
     0.503060538,31,,cache-misses:u,1147296,100.00,,
     0.503060538,1526179,,bus-cycles:u,1147360,100.00,,
     0.503060538,9759651,,instructions:u,1147328,100.00,,
     0.504221124,345,,branch-misses:u,1161280,100.00,,
     0.504221124,83,,cache-misses:u,1161536,100.00,,
     0.504221124,1538844,,bus-cycles:u,1161600,100.00,,
     0.504221124,9841710,,instructions:u,1161632,100.00,,
     0.505368977,344,,branch-misses:u,1147712,100.00,,
     0.505368977,33,,cache-misses:u,1147424,100.00,,
     0.505368977,1527050,,bus-cycles:u,1147296,100.00,,
     0.505368977,9771461,,instructions:u,1147264,100.00,,
     0.506515933,343,,branch-misses:u,1146976,100.00,,
     0.506515933,32,,cache-misses:u,1146944,100.00,,
     0.506515933,1527118,,bus-cycles:u,1146912,100.00,,
     0.506515933,9761617,,instructions:u,1146912,100.00,,
     0.507663401,342,,branch-misses:u,1147968,100.00,,
     0.507663401,107,,cache-misses:u,1148352,100.00,,
     0.507663401,1524944,,bus-cycles:u,1148384,100.00,,
     0.507663401,9752155,,instructions:u,1148448,100.00,,
     0.508812149,343,,branch-misses:u,1148704,100.00,,
     0.508812149,29,,cache-misses:u,1148416,100.00,,
     0.508812149,1528056,,bus-cycles:u,1148448,100.00,,
     0.508812149,9777069,,instructions:u,1148448,100.00,,
     0.509959585,343,,branch-misses:u,1147584,100.00,,
     0.509959585,31,,cache-misses:u,1147616,100.00,,
     0.509959585,1527736,,bus-cycles:u,1147584,100.00,,
     0.509959585,9771255,,instructions:u,1147552,100.00,,
     0.511106157,343,,branch-misses:u,1146720,100.00,,
     0.511106157,33,,cache-misses:u,1146592,100.00,,
     0.511106157,1525688,,bus-cycles:u,1146656,100.00,,
     0.511106157,9764465,,instructions:u,1146688,100.00,,
     0.512273718,349,,branch-misses:u,1168128,100.00,,
     0.512273718,79,,cache-misses:u,1168544,100.00,,
     0.512273718,1547491,,bus-cycles:u,1168576,100.00,,
     0.512273718,9881470,,instructions:u,1168608,100.00,,
     0.513421954,342,,branch-misses:u,1148096,100.00,,
     0.513421954,41,,cache-misses:u,1147776,100.00,,
     0.513421954,1525443,,bus-cycles:u,1147744,100.00,,
     0.513421954,9759871,,instructions:u,1147648,100.00,,
     0.514568143,342,,branch-misses:u,1146368,100.00,,
     0.514568143,36,,cache-misses:u,1146336,100.00,,
     0.514568143,1524484,,bus-cycles:u,1146272,100.00,,
     0.514568143,9753509,,instructions:u,1146304,100.00,,
     0.515715387,342,,branch-misses:u,1147712,100.00,,
     0.515715387,111,,cache-misses:u,1147968,100.00,,
     0.515715387,1518487,,bus-cycles:u,1148000,100.00,,
     0.515715387,9713493,,instructions:u,1148000,100.00,,
     0.516864263,342,,branch-misses:u,1148608,100.00,,
     0.516864263,42,,cache-misses:u,1148544,100.00,,
     0.516864263,1526714,,bus-cycles:u,1148512,100.00,,
     0.516864263,9770207,,instructions:u,1148480,100.00,,
     0.518011571,344,,branch-misses:u,1147552,100.00,,
     0.518011571,35,,cache-misses:u,1147456,100.00,,
     0.518011571,1525760,,bus-cycles:u,1147520,100.00,,
     0.518011571,9751662,,instructions:u,1147552,100.00,,
     0.519158879,342,,branch-misses:u,1147840,100.00,,
     0.519158879,46,,cache-misses:u,1147712,100.00,,
     0.519158879,1521075,,bus-cycles:u,1147648,100.00,,
     0.519158879,9723520,,instructions:u,1147616,100.00,,
     0.520307115,341,,branch-misses:u,1148064,100.00,,
     0.520307115,74,,cache-misses:u,1148128,100.00,,
     0.520307115,1526356,,bus-cycles:u,1148192,100.00,,
     0.520307115,9762849,,instructions:u,1148192,100.00,,
     0.521454551,343,,branch-misses:u,1147520,100.00,,
     0.521454551,31,,cache-misses:u,1147552,100.00,,
     0.521454551,1526030,,bus-cycles:u,1147520,100.00,,
     0.521454551,9766246,,instructions:u,1147552,100.00,,
     0.522601283,343,,branch-misses:u,1147008,100.00,,
     0.522601283,37,,cache-misses:u,1146880,100.00,,
     0.522601283,1526303,,bus-cycles:u,1146816,100.00,,
     0.522601283,9763302,,instructions:u,1146816,100.00,,
     0.523749391,342,,branch-misses:u,1148320,100.00,,
     0.523749391,106,,cache-misses:u,1148320,100.00,,
     0.523749391,1524987,,bus-cycles:u,1148320,100.00,,
     0.523749391,9746043,,instructions:u,1148320,100.00,,
     0.524897275,341,,branch-misses:u,1148096,100.00,,
     0.524897275,50,,cache-misses:u,1148320,100.00,,
     0.524897275,1528399,,bus-cycles:u,1148352,100.00,,
     0.524897275,9771240,,instructions:u,1148352,100.00,,
     0.526044520,342,,branch-misses:u,1147328,100.00,,
     0.526044520,34,,cache-misses:u,1147168,100.00,,
     0.526044520,1527190,,bus-cycles:u,1147136,100.00,,
     0.526044520,9762203,,instructions:u,1147168,100.00,,
     0.527191892,342,,branch-misses:u,1147616,100.00,,
     0.527191892,61,,cache-misses:u,1147520,100.00,,
     0.527191892,1522269,,bus-cycles:u,1147616,100.00,,
     0.527191892,9715177,,instructions:u,1147616,100.00,,
     0.528339808,342,,branch-misses:u,1148096,100.00,,
     0.528339808,59,,cache-misses:u,1148192,100.00,,
     0.528339808,1527435,,bus-cycles:u,1148160,100.00,,
     0.528339808,9776659,,instructions:u,1148128,100.00,,
     0.529486476,342,,branch-misses:u,1146752,100.00,,
     0.529486476,41,,cache-misses:u,1146784,100.00,,
     0.529486476,1525570,,bus-cycles:u,1146752,100.00,,
     0.529486476,9758398,,instructions:u,1146784,100.00,,
     0.530633432,342,,branch-misses:u,1147168,100.00,,
     0.530633432,46,,cache-misses:u,1147104,100.00,,
     0.530633432,1526203,,bus-cycles:u,1147136,100.00,,
     0.530633432,9757129,,instructions:u,1147072,100.00,,
     0.531780804,343,,branch-misses:u,1147456,100.00,,
     0.531780804,95,,cache-misses:u,1147584,100.00,,
     0.531780804,1522492,,bus-cycles:u,1147552,100.00,,
     0.531780804,9737381,,instructions:u,1147552,100.00,,
     0.532939343,345,,branch-misses:u,1158976,100.00,,
     0.532939343,35,,cache-misses:u,1159168,100.00,,
     0.532939343,1541957,,bus-cycles:u,1159200,100.00,,
     0.532939343,9865587,,instructions:u,1159136,100.00,,
     0.534085275,344,,branch-misses:u,1145920,100.00,,
     0.534085275,31,,cache-misses:u,1145632,100.00,,
     0.534085275,1523664,,bus-cycles:u,1145504,100.00,,
     0.534085275,9747222,,instructions:u,1145632,100.00,,
     0.535230504,341,,branch-misses:u,1146080,100.00,,
     0.535230504,88,,cache-misses:u,1146464,100.00,,
     0.535230504,1519101,,bus-cycles:u,1146624,100.00,,
     0.535230504,9716494,,instructions:u,1146560,100.00,,
     0.536383923,345,,branch-misses:u,1153056,100.00,,
     0.536383923,51,,cache-misses:u,1152896,100.00,,
     0.536383923,1533346,,bus-cycles:u,1152864,100.00,,
     0.536383923,9802186,,instructions:u,1152768,100.00,,
     0.537531487,343,,branch-misses:u,1147712,100.00,,
     0.537531487,33,,cache-misses:u,1147456,100.00,,
     0.537531487,1526682,,bus-cycles:u,1147488,100.00,,
     0.537531487,9766457,,instructions:u,1147584,100.00,,
     0.538678763,342,,branch-misses:u,1147424,100.00,,
     0.538678763,35,,cache-misses:u,1147456,100.00,,
     0.538678763,1526050,,bus-cycles:u,1147328,100.00,,
     0.538678763,9753684,,instructions:u,1147360,100.00,,
     0.539827447,346,,branch-misses:u,1149152,100.00,,
     0.539827447,108,,cache-misses:u,1149184,100.00,,
     0.539827447,1522709,,bus-cycles:u,1149216,100.00,,
     0.539827447,9741153,,instructions:u,1149216,100.00,,
     0.540975331,344,,branch-misses:u,1147776,100.00,,
     0.540975331,37,,cache-misses:u,1147744,100.00,,
     0.540975331,1526703,,bus-cycles:u,1147776,100.00,,
     0.540975331,9761901,,instructions:u,1147616,100.00,,
     0.542121296,341,,branch-misses:u,1146144,100.00,,
     0.542121296,31,,cache-misses:u,1146112,100.00,,
     0.542121296,1525325,,bus-cycles:u,1146144,100.00,,
     0.542121296,9761870,,instructions:u,1146304,100.00,,
     0.543268284,346,,branch-misses:u,1147136,100.00,,
     0.543268284,78,,cache-misses:u,1147232,100.00,,
     0.543268284,1522327,,bus-cycles:u,1147200,100.00,,
     0.543268284,9744851,,instructions:u,1147200,100.00,,
     0.544415976,344,,branch-misses:u,1148064,100.00,,
     0.544415976,48,,cache-misses:u,1148192,100.00,,
     0.544415976,1527562,,bus-cycles:u,1148160,100.00,,
     0.544415976,9766738,,instructions:u,1148096,100.00,,
     0.545563892,343,,branch-misses:u,1147968,100.00,,
     0.545563892,33,,cache-misses:u,1147776,100.00,,
     0.545563892,1525614,,bus-cycles:u,1147808,100.00,,
     0.545563892,9766824,,instructions:u,1147808,100.00,,
     0.546710336,340,,branch-misses:u,1146656,100.00,,
     0.546710336,36,,cache-misses:u,1146560,100.00,,
     0.546710336,1524225,,bus-cycles:u,1146560,100.00,,
     0.546710336,9745343,,instructions:u,1146560,100.00,,
     0.547857389,343,,branch-misses:u,1147488,100.00,,
     0.547857389,98,,cache-misses:u,1147552,100.00,,
     0.547857389,1520571,,bus-cycles:u,1147552,100.00,,
     0.547857389,9725585,,instructions:u,1147584,100.00,,
     0.549004281,342,,branch-misses:u,1146752,100.00,,
     0.549004281,35,,cache-misses:u,1146752,100.00,,
     0.549004281,1526460,,bus-cycles:u,1146752,100.00,,
     0.549004281,9765657,,instructions:u,1146720,100.00,,
     0.550149637,343,,branch-misses:u,1145568,100.00,,
     0.550149637,32,,cache-misses:u,1145472,100.00,,
     0.550149637,1524142,,bus-cycles:u,1145472,100.00,,
     0.550149637,9743499,,instructions:u,1145472,100.00,,
     0.551295826,343,,branch-misses:u,1146368,100.00,,
     0.551295826,90,,cache-misses:u,1146464,100.00,,
     0.551295826,1520777,,bus-cycles:u,1146496,100.00,,
     0.551295826,9739689,,instructions:u,1146528,100.00,,
     0.552442558,341,,branch-misses:u,1146880,100.00,,
     0.552442558,47,,cache-misses:u,1146848,100.00,,
     0.552442558,1525523,,bus-cycles:u,1146752,100.00,,
     0.552442558,9754571,,instructions:u,1146752,100.00,,
     0.553588042,341,,branch-misses:u,1145664,100.00,,
     0.553588042,38,,cache-misses:u,1145536,100.00,,
     0.553588042,1524476,,bus-cycles:u,1145632,100.00,,
     0.553588042,9752235,,instructions:u,1145536,100.00,,
     0.554745365,346,,branch-misses:u,1157728,100.00,,
     0.554745365,33,,cache-misses:u,1158176,100.00,,
     0.554745365,1542045,,bus-cycles:u,1158176,100.00,,
     0.554745365,9863106,,instructions:u,1158240,100.00,,
     0.555892769,344,,branch-misses:u,1147392,100.00,,
     0.555892769,102,,cache-misses:u,1147072,100.00,,
     0.555892769,1521777,,bus-cycles:u,1146944,100.00,,
     0.555892769,9730333,,instructions:u,1146976,100.00,,
     0.557040301,344,,branch-misses:u,1147680,100.00,,
     0.557040301,33,,cache-misses:u,1147648,100.00,,
     0.557040301,1527499,,bus-cycles:u,1147776,100.00,,
     0.557040301,9766865,,instructions:u,1147712,100.00,,
     0.558186361,341,,branch-misses:u,1146304,100.00,,
     0.558186361,36,,cache-misses:u,1146368,100.00,,
     0.558186361,1526009,,bus-cycles:u,1146368,100.00,,
     0.558186361,9761773,,instructions:u,1146368,100.00,,
     0.559332614,341,,branch-misses:u,1146944,100.00,,
     0.559332614,101,,cache-misses:u,1147264,100.00,,
     0.559332614,1520108,,bus-cycles:u,1147168,100.00,,
     0.559332614,9712638,,instructions:u,1147200,100.00,,
     0.560483921,343,,branch-misses:u,1150944,100.00,,
     0.560483921,35,,cache-misses:u,1150624,100.00,,
     0.560483921,1528875,,bus-cycles:u,1150656,100.00,,
     0.560483921,9785736,,instructions:u,1150656,100.00,,
     0.561630142,340,,branch-misses:u,1146368,100.00,,
     0.561630142,32,,cache-misses:u,1146624,100.00,,
     0.561630142,1525788,,bus-cycles:u,1146656,100.00,,
     0.561630142,9760979,,instructions:u,1146688,100.00,,
     0.562775946,343,,branch-misses:u,1145920,100.00,,
     0.562775946,33,,cache-misses:u,1145664,100.00,,
     0.562775946,1525860,,bus-cycles:u,1145600,100.00,,
     0.562775946,9757457,,instructions:u,1145504,100.00,,
     0.563921686,341,,branch-misses:u,1146304,100.00,,
     0.563921686,110,,cache-misses:u,1146336,100.00,,
     0.563921686,1517990,,bus-cycles:u,1146400,100.00,,
     0.563921686,9704730,,instructions:u,1146432,100.00,,
     0.565068899,342,,branch-misses:u,1147008,100.00,,
     0.565068899,41,,cache-misses:u,1147008,100.00,,
     0.565068899,1526368,,bus-cycles:u,1147104,100.00,,
     0.565068899,9759091,,instructions:u,1147136,100.00,,
     0.566214927,341,,branch-misses:u,1146272,100.00,,
     0.566214927,34,,cache-misses:u,1146336,100.00,,
     0.566214927,1525654,,bus-cycles:u,1146176,100.00,,
     0.566214927,9765119,,instructions:u,1146144,100.00,,
     0.567361307,341,,branch-misses:u,1146848,100.00,,
     0.567361307,104,,cache-misses:u,1147008,100.00,,
     0.567361307,1521654,,bus-cycles:u,1147040,100.00,,
     0.567361307,9735034,,instructions:u,1147072,100.00,,
     0.568508423,343,,branch-misses:u,1147040,100.00,,
     0.568508423,41,,cache-misses:u,1146720,100.00,,
     0.568508423,1527459,,bus-cycles:u,1146720,100.00,,
     0.568508423,9764627,,instructions:u,1146720,100.00,,
     0.569653812,342,,branch-misses:u,1145536,100.00,,
     0.569653812,40,,cache-misses:u,1145632,100.00,,
     0.569653812,1525562,,bus-cycles:u,1145696,100.00,,
     0.569653812,9756212,,instructions:u,1145696,100.00,,
     0.570799808,342,,branch-misses:u,1146208,100.00,,
     0.570799808,32,,cache-misses:u,1146400,100.00,,
     0.570799808,1526743,,bus-cycles:u,1146368,100.00,,
     0.570799808,9761070,,instructions:u,1146368,100.00,,
     0.571946381,342,,branch-misses:u,1146944,100.00,,
     0.571946381,102,,cache-misses:u,1147008,100.00,,
     0.571946381,1522011,,bus-cycles:u,1146976,100.00,,
     0.571946381,9735880,,instructions:u,1146976,100.00,,
     0.573093433,343,,branch-misses:u,1147040,100.00,,
     0.573093433,34,,cache-misses:u,1146752,100.00,,
     0.573093433,1526444,,bus-cycles:u,1146752,100.00,,
     0.573093433,9759326,,instructions:u,1146816,100.00,,
     0.574238853,343,,branch-misses:u,1145568,100.00,,
     0.574238853,31,,cache-misses:u,1145472,100.00,,
     0.574238853,1524735,,bus-cycles:u,1145408,100.00,,
     0.574238853,9753825,,instructions:u,1145280,100.00,,
     0.575396976,345,,branch-misses:u,1158592,100.00,,
     0.575396976,98,,cache-misses:u,1159008,100.00,,
     0.575396976,1538278,,bus-cycles:u,1159136,100.00,,
     0.575396976,9842581,,instructions:u,1159232,100.00,,
     0.576546012,344,,branch-misses:u,1148960,100.00,,
     0.576546012,36,,cache-misses:u,1148864,100.00,,
     0.576546012,1528526,,bus-cycles:u,1148800,100.00,,
     0.576546012,9774990,,instructions:u,1148832,100.00,,
     0.577692360,341,,branch-misses:u,1146528,100.00,,
     0.577692360,34,,cache-misses:u,1146240,100.00,,
     0.577692360,1525401,,bus-cycles:u,1146272,100.00,,
     0.577692360,9751332,,instructions:u,1146240,100.00,,
     0.578838164,343,,branch-misses:u,1146048,100.00,,
     0.578838164,32,,cache-misses:u,1146272,100.00,,
     0.578838164,1524719,,bus-cycles:u,1146272,100.00,,
     0.578838164,9751531,,instructions:u,1146208,100.00,,
     0.579985472,343,,branch-misses:u,1147776,100.00,,
     0.579985472,100,,cache-misses:u,1147840,100.00,,
     0.579985472,1522758,,bus-cycles:u,1147872,100.00,,
     0.579985472,9749724,,instructions:u,1147872,100.00,,
     0.581133325,344,,branch-misses:u,1147680,100.00,,
     0.581133325,35,,cache-misses:u,1147552,100.00,,
     0.581133325,1527665,,bus-cycles:u,1147456,100.00,,
     0.581133325,9781275,,instructions:u,1147488,100.00,,
     0.582279193,342,,branch-misses:u,1146016,100.00,,
     0.582279193,30,,cache-misses:u,1146112,100.00,,
     0.582279193,1526523,,bus-cycles:u,1146176,100.00,,
     0.582279193,9755799,,instructions:u,1146208,100.00,,
     0.583426341,341,,branch-misses:u,1147744,100.00,,
     0.583426341,117,,cache-misses:u,1147808,100.00,,
     0.583426341,1514808,,bus-cycles:u,1147808,100.00,,
     0.583426341,9692529,,instructions:u,1147808,100.00,,
     0.584574289,344,,branch-misses:u,1147712,100.00,,
     0.584574289,37,,cache-misses:u,1147616,100.00,,
     0.584574289,1528216,,bus-cycles:u,1147488,100.00,,
     0.584574289,9777688,,instructions:u,1147488,100.00,,
     0.585720254,343,,branch-misses:u,1146144,100.00,,
     0.585720254,39,,cache-misses:u,1146144,100.00,,
     0.585720254,1526581,,bus-cycles:u,1146208,100.00,,
     0.585720254,9762139,,instructions:u,1146176,100.00,,
     0.586865834,343,,branch-misses:u,1145728,100.00,,
     0.586865834,38,,cache-misses:u,1145760,100.00,,
     0.586865834,1524654,,bus-cycles:u,1145728,100.00,,
     0.586865834,9753810,,instructions:u,1145792,100.00,,
     0.588012822,342,,branch-misses:u,1147136,100.00,,
     0.588012822,97,,cache-misses:u,1146976,100.00,,
     0.588012822,1521409,,bus-cycles:u,1146976,100.00,,
     0.588012822,9729967,,instructions:u,1146944,100.00,,
     0.589158755,341,,branch-misses:u,1146080,100.00,,
     0.589158755,30,,cache-misses:u,1146208,100.00,,
     0.589158755,1526316,,bus-cycles:u,1146368,100.00,,
     0.589158755,9757452,,instructions:u,1146304,100.00,,
     0.590303343,342,,branch-misses:u,1144768,100.00,,
     0.590303343,29,,cache-misses:u,1144576,100.00,,
     0.590303343,1524074,,bus-cycles:u,1144480,100.00,,
     0.590303343,9746712,,instructions:u,1144512,100.00,,
     0.591449148,342,,branch-misses:u,1146592,100.00,,
     0.591449148,102,,cache-misses:u,1146912,100.00,,
     0.591449148,1522607,,bus-cycles:u,1146976,100.00,,
     0.591449148,9744191,,instructions:u,1147072,100.00,,
     0.592602087,342,,branch-misses:u,1152800,100.00,,
     0.592602087,34,,cache-misses:u,1152800,100.00,,
     0.592602087,1534466,,bus-cycles:u,1152768,100.00,,
     0.592602087,9811653,,instructions:u,1152704,100.00,,
     0.593750259,343,,branch-misses:u,1148288,100.00,,
     0.593750259,33,,cache-misses:u,1148192,100.00,,
     0.593750259,1528725,,bus-cycles:u,1148256,100.00,,
     0.593750259,9776462,,instructions:u,1148192,100.00,,
     0.594897311,343,,branch-misses:u,1147584,100.00,,
     0.594897311,31,,cache-misses:u,1147392,100.00,,
     0.594897311,1527460,,bus-cycles:u,1147296,100.00,,
     0.594897311,9765084,,instructions:u,1147296,100.00,,
     0.596044491,344,,branch-misses:u,1147200,100.00,,
     0.596044491,98,,cache-misses:u,1147232,100.00,,
     0.596044491,1524048,,bus-cycles:u,1147232,100.00,,
     0.596044491,9749710,,instructions:u,1147296,100.00,,
     0.597202038,346,,branch-misses:u,1157632,100.00,,
     0.597202038,35,,cache-misses:u,1157888,100.00,,
     0.597202038,1542738,,bus-cycles:u,1157920,100.00,,
     0.597202038,9866776,,instructions:u,1157952,100.00,,
     0.598349090,344,,branch-misses:u,1147136,100.00,,
     0.598349090,31,,cache-misses:u,1146848,100.00,,
     0.598349090,1527246,,bus-cycles:u,1146784,100.00,,
     0.598349090,9762777,,instructions:u,1146784,100.00,,
     0.599496462,342,,branch-misses:u,1147776,100.00,,
     0.599496462,111,,cache-misses:u,1147808,100.00,,
     0.599496462,1521540,,bus-cycles:u,1147840,100.00,,
     0.599496462,9732482,,instructions:u,1147776,100.00,,
     0.600643578,342,,branch-misses:u,1147008,100.00,,
     0.600643578,34,,cache-misses:u,1146912,100.00,,
     0.600643578,1527886,,bus-cycles:u,1146944,100.00,,
     0.600643578,9771395,,instructions:u,1147008,100.00,,
     0.601790407,343,,branch-misses:u,1147008,100.00,,
     0.601790407,30,,cache-misses:u,1147072,100.00,,
     0.601790407,1528498,,bus-cycles:u,1147040,100.00,,
     0.601790407,9772541,,instructions:u,1147008,100.00,,
     0.602936915,344,,branch-misses:u,1146592,100.00,,
     0.602936915,31,,cache-misses:u,1146592,100.00,,
     0.602936915,1527687,,bus-cycles:u,1146528,100.00,,
     0.602936915,9769505,,instructions:u,1146528,100.00,,
     0.604083615,342,,branch-misses:u,1147296,100.00,,
     0.604083615,99,,cache-misses:u,1147296,100.00,,
     0.604083615,1523548,,bus-cycles:u,1147328,100.00,,
     0.604083615,9740380,,instructions:u,1147296,100.00,,
     0.605231275,343,,branch-misses:u,1147456,100.00,,
     0.605231275,34,,cache-misses:u,1147840,100.00,,
     0.605231275,1529756,,bus-cycles:u,1147904,100.00,,
     0.605231275,9778852,,instructions:u,1147936,100.00,,
     0.606377847,342,,branch-misses:u,1146848,100.00,,
     0.606377847,31,,cache-misses:u,1146368,100.00,,
     0.606377847,1527301,,bus-cycles:u,1146336,100.00,,
     0.606377847,9766929,,instructions:u,1146304,100.00,,
     0.607524388,341,,branch-misses:u,1146624,100.00,,
     0.607524388,99,,cache-misses:u,1146752,100.00,,
     0.607524388,1522291,,bus-cycles:u,1146784,100.00,,
     0.607524388,9740016,,instructions:u,1146848,100.00,,
     0.608672048,343,,branch-misses:u,1147808,100.00,,
     0.608672048,36,,cache-misses:u,1147744,100.00,,
     0.608672048,1528588,,bus-cycles:u,1147712,100.00,,
     0.608672048,9771114,,instructions:u,1147648,100.00,,
     0.609818012,342,,branch-misses:u,1146240,100.00,,
     0.609818012,35,,cache-misses:u,1146176,100.00,,
     0.609818012,1527230,,bus-cycles:u,1146176,100.00,,
     0.609818012,9765577,,instructions:u,1146176,100.00,,
     0.610964201,344,,branch-misses:u,1146336,100.00,,
     0.610964201,32,,cache-misses:u,1146368,100.00,,
     0.610964201,1527149,,bus-cycles:u,1146368,100.00,,
     0.610964201,9771461,,instructions:u,1146432,100.00,,
     0.612110933,342,,branch-misses:u,1146912,100.00,,
     0.612110933,97,,cache-misses:u,1146976,100.00,,
     0.612110933,1521853,,bus-cycles:u,1147008,100.00,,
     0.612110933,9734115,,instructions:u,1147008,100.00,,
     0.613258305,342,,branch-misses:u,1147520,100.00,,
     0.613258305,36,,cache-misses:u,1147520,100.00,,
     0.613258305,1528588,,bus-cycles:u,1147456,100.00,,
     0.613258305,9776943,,instructions:u,1147392,100.00,,
     0.614403981,343,,branch-misses:u,1145920,100.00,,
     0.614403981,32,,cache-misses:u,1145984,100.00,,
     0.614403981,1526101,,bus-cycles:u,1145984,100.00,,
     0.614403981,9755859,,instructions:u,1146048,100.00,,
     0.615550906,343,,branch-misses:u,1147488,100.00,,
     0.615550906,139,,cache-misses:u,1147520,100.00,,
     0.615550906,1520412,,bus-cycles:u,1147584,100.00,,
     0.615550906,9725346,,instructions:u,1147520,100.00,,
     0.616698150,341,,branch-misses:u,1146912,100.00,,
     0.616698150,31,,cache-misses:u,1146752,100.00,,
     0.616698150,1527412,,bus-cycles:u,1146688,100.00,,
     0.616698150,9745226,,instructions:u,1146752,100.00,,
     0.617853905,345,,branch-misses:u,1156160,100.00,,
     0.617853905,36,,cache-misses:u,1156256,100.00,,
     0.617853905,1539900,,bus-cycles:u,1156224,100.00,,
     0.617853905,9850117,,instructions:u,1156192,100.00,,
     0.619000509,341,,branch-misses:u,1146624,100.00,,
     0.619000509,32,,cache-misses:u,1146560,100.00,,
     0.619000509,1527961,,bus-cycles:u,1146592,100.00,,
     0.619000509,9772948,,instructions:u,1146560,100.00,,
     0.620147401,344,,branch-misses:u,1147104,100.00,,
     0.620147401,100,,cache-misses:u,1147104,100.00,,
     0.620147401,1523805,,bus-cycles:u,1147136,100.00,,
     0.620147401,9742611,,instructions:u,1147168,100.00,,
     0.621294261,342,,branch-misses:u,1146976,100.00,,
     0.621294261,44,,cache-misses:u,1146912,100.00,,
     0.621294261,1527530,,bus-cycles:u,1146880,100.00,,
     0.621294261,9769168,,instructions:u,1146880,100.00,,
     0.622440130,342,,branch-misses:u,1146080,100.00,,
     0.622440130,33,,cache-misses:u,1146080,100.00,,
     0.622440130,1526873,,bus-cycles:u,1146112,100.00,,
     0.622440130,9764117,,instructions:u,1146048,100.00,,
     0.623587758,343,,branch-misses:u,1147872,100.00,,
     0.623587758,106,,cache-misses:u,1148064,100.00,,
     0.623587758,1523400,,bus-cycles:u,1148032,100.00,,
     0.623587758,9734395,,instructions:u,1148096,100.00,,
     0.624735770,342,,branch-misses:u,1148192,100.00,,
     0.624735770,36,,cache-misses:u,1148128,100.00,,
     0.624735770,1528816,,bus-cycles:u,1148160,100.00,,
     0.624735770,9780777,,instructions:u,1148096,100.00,,
     0.625883174,344,,branch-misses:u,1147616,100.00,,
     0.625883174,37,,cache-misses:u,1147584,100.00,,
     0.625883174,1528057,,bus-cycles:u,1147584,100.00,,
     0.625883174,9768116,,instructions:u,1147616,100.00,,
     0.627029426,342,,branch-misses:u,1146400,100.00,,
     0.627029426,48,,cache-misses:u,1146368,100.00,,
     0.627029426,1526702,,bus-cycles:u,1146304,100.00,,
     0.627029426,9760347,,instructions:u,1146272,100.00,,
     0.628184669,344,,branch-misses:u,1155808,100.00,,
     0.628184669,89,,cache-misses:u,1155872,100.00,,
     0.628184669,1531797,,bus-cycles:u,1155968,100.00,,
     0.628184669,9791662,,instructions:u,1156032,100.00,,
     0.629334089,345,,branch-misses:u,1149120,100.00,,
     0.629334089,33,,cache-misses:u,1149152,100.00,,
     0.629334089,1530102,,bus-cycles:u,1149120,100.00,,
     0.629334089,9785233,,instructions:u,1149120,100.00,,
     0.630480245,343,,branch-misses:u,1146912,100.00,,
     0.630480245,40,,cache-misses:u,1146848,100.00,,
     0.630480245,1526805,,bus-cycles:u,1146848,100.00,,
     0.630480245,9765665,,instructions:u,1146784,100.00,,
     0.631627746,342,,branch-misses:u,1147456,100.00,,
     0.631627746,111,,cache-misses:u,1147456,100.00,,
     0.631627746,1521493,,bus-cycles:u,1147456,100.00,,
     0.631627746,9736654,,instructions:u,1147488,100.00,,
     0.632775630,344,,branch-misses:u,1147712,100.00,,
     0.632775630,35,,cache-misses:u,1147680,100.00,,
     0.632775630,1528398,,bus-cycles:u,1147584,100.00,,
     0.632775630,9773325,,instructions:u,1147616,100.00,,
     0.633921818,343,,branch-misses:u,1146496,100.00,,
     0.633921818,32,,cache-misses:u,1146496,100.00,,
     0.633921818,1527677,,bus-cycles:u,1146528,100.00,,
     0.633921818,9774629,,instructions:u,1146496,100.00,,
     0.635067590,342,,branch-misses:u,1145856,100.00,,
     0.635067590,34,,cache-misses:u,1145824,100.00,,
     0.635067590,1526591,,bus-cycles:u,1145856,100.00,,
     0.635067590,9761335,,instructions:u,1145856,100.00,,
     0.636225681,347,,branch-misses:u,1158272,100.00,,
     0.636225681,87,,cache-misses:u,1158304,100.00,,
     0.636225681,1539636,,bus-cycles:u,1158272,100.00,,
     0.636225681,9838607,,instructions:u,1158304,100.00,,
     0.637371773,342,,branch-misses:u,1146240,100.00,,
     0.637371773,34,,cache-misses:u,1146272,100.00,,
     0.637371773,1526742,,bus-cycles:u,1146336,100.00,,
     0.637371773,9765118,,instructions:u,1146304,100.00,,
     0.638528360,345,,branch-misses:u,1157056,100.00,,
     0.638528360,32,,cache-misses:u,1157312,100.00,,
     0.638528360,1541673,,bus-cycles:u,1157376,100.00,,
     0.638528360,9853959,,instructions:u,1157440,100.00,,
     0.639676084,342,,branch-misses:u,1148000,100.00,,
     0.639676084,108,,cache-misses:u,1147712,100.00,,
     0.639676084,1522441,,bus-cycles:u,1147616,100.00,,
     0.639676084,9736970,,instructions:u,1147456,100.00,,
     0.640822272,342,,branch-misses:u,1146048,100.00,,
     0.640822272,34,,cache-misses:u,1146016,100.00,,
     0.640822272,1525514,,bus-cycles:u,1146016,100.00,,
     0.640822272,9767142,,instructions:u,1146048,100.00,,
     0.641967917,343,,branch-misses:u,1145920,100.00,,
     0.641967917,35,,cache-misses:u,1145888,100.00,,
     0.641967917,1525617,,bus-cycles:u,1145856,100.00,,
     0.641967917,9757230,,instructions:u,1145952,100.00,,
     0.643114201,343,,branch-misses:u,1146432,100.00,,
     0.643114201,38,,cache-misses:u,1154016,100.00,,
     0.643114201,1531431,,bus-cycles:u,1154496,100.00,,
     0.643114201,9798673,,instructions:u,1154496,100.00,,
     0.644271172,345,,branch-misses:u,1157088,100.00,,
     0.644271172,77,,cache-misses:u,1149632,100.00,,
     0.644271172,1529974,,bus-cycles:u,1149184,100.00,,
     0.644271172,9783915,,instructions:u,1149152,100.00,,
     0.645415984,341,,branch-misses:u,1144928,100.00,,
     0.645415984,30,,cache-misses:u,1144800,100.00,,
     0.645415984,1523502,,bus-cycles:u,1144832,100.00,,
     0.645415984,9743923,,instructions:u,1144864,100.00,,
     0.646560349,342,,branch-misses:u,1144576,100.00,,
     0.646560349,35,,cache-misses:u,1144608,100.00,,
     0.646560349,1522874,,bus-cycles:u,1144544,100.00,,
     0.646560349,9732346,,instructions:u,1144480,100.00,,
     0.647705545,342,,branch-misses:u,1145888,100.00,,
     0.647705545,114,,cache-misses:u,1146208,100.00,,
     0.647705545,1518288,,bus-cycles:u,1146304,100.00,,
     0.647705545,9711780,,instructions:u,1146400,100.00,,
     0.648856533,343,,branch-misses:u,1151168,100.00,,
     0.648856533,35,,cache-misses:u,1150976,100.00,,
     0.648856533,1531458,,bus-cycles:u,1150944,100.00,,
     0.648856533,9791480,,instructions:u,1150912,100.00,,
     0.650003265,343,,branch-misses:u,1146336,100.00,,
     0.650003265,31,,cache-misses:u,1146304,100.00,,
     0.650003265,1526982,,bus-cycles:u,1146336,100.00,,
     0.650003265,9761263,,instructions:u,1146336,100.00,,
     0.651150445,342,,branch-misses:u,1147744,100.00,,
     0.651150445,44,,cache-misses:u,1147744,100.00,,
     0.651150445,1522729,,bus-cycles:u,1147712,100.00,,
     0.651150445,9737335,,instructions:u,1147680,100.00,,
     0.652298234,343,,branch-misses:u,1147776,100.00,,
     0.652298234,83,,cache-misses:u,1147712,100.00,,
     0.652298234,1528174,,bus-cycles:u,1147680,100.00,,
     0.652298234,9775500,,instructions:u,1147712,100.00,,
     0.653444774,343,,branch-misses:u,1146688,100.00,,
     0.653444774,37,,cache-misses:u,1146752,100.00,,
     0.653444774,1527368,,bus-cycles:u,1146848,100.00,,
     0.653444774,9770567,,instructions:u,1146880,100.00,,
     0.654590866,342,,branch-misses:u,1146176,100.00,,
     0.654590866,41,,cache-misses:u,1146080,100.00,,
     0.654590866,1526739,,bus-cycles:u,1146048,100.00,,
     0.654590866,9764014,,instructions:u,1146016,100.00,,
     0.655738174,342,,branch-misses:u,1147520,100.00,,
     0.655738174,106,,cache-misses:u,1147584,100.00,,
     0.655738174,1524203,,bus-cycles:u,1147552,100.00,,
     0.655738174,9747764,,instructions:u,1147584,100.00,,
     0.656885674,343,,branch-misses:u,1147648,100.00,,
     0.656885674,34,,cache-misses:u,1147616,100.00,,
     0.656885674,1527313,,bus-cycles:u,1147616,100.00,,
     0.656885674,9768975,,instructions:u,1147584,100.00,,
     0.658031383,341,,branch-misses:u,1145856,100.00,,
     0.658031383,36,,cache-misses:u,1145888,100.00,,
     0.658031383,1524563,,bus-cycles:u,1145888,100.00,,
     0.658031383,9755081,,instructions:u,1145856,100.00,,
     0.659177635,343,,branch-misses:u,1146720,100.00,,
     0.659177635,53,,cache-misses:u,1146784,100.00,,
     0.659177635,1520204,,bus-cycles:u,1146848,100.00,,
     0.659177635,9720621,,instructions:u,1146848,100.00,,
     0.660343948,347,,branch-misses:u,1166528,100.00,,
     0.660343948,73,,cache-misses:u,1166816,100.00,,
     0.660343948,1551928,,bus-cycles:u,1166752,100.00,,
     0.660343948,9923132,,instructions:u,1166848,100.00,,
     0.661490969,343,,branch-misses:u,1146848,100.00,,
     0.661490969,31,,cache-misses:u,1146496,100.00,,
     0.661490969,1525851,,bus-cycles:u,1146496,100.00,,
     0.661490969,9768434,,instructions:u,1146464,100.00,,
     0.662635973,343,,branch-misses:u,1145280,100.00,,
     0.662635973,33,,cache-misses:u,1145184,100.00,,
     0.662635973,1523757,,bus-cycles:u,1145184,100.00,,
     0.662635973,9751463,,instructions:u,1145152,100.00,,
     0.663782577,341,,branch-misses:u,1147040,100.00,,
     0.663782577,102,,cache-misses:u,1147136,100.00,,
     0.663782577,1520914,,bus-cycles:u,1147200,100.00,,
     0.663782577,9731502,,instructions:u,1147200,100.00,,
     0.664929502,343,,branch-misses:u,1146720,100.00,,
     0.664929502,39,,cache-misses:u,1146592,100.00,,
     0.664929502,1526676,,bus-cycles:u,1146560,100.00,,
     0.664929502,9764101,,instructions:u,1146560,100.00,,
     0.666075018,341,,branch-misses:u,1145408,100.00,,
     0.666075018,42,,cache-misses:u,1145568,100.00,,
     0.666075018,1524985,,bus-cycles:u,1145568,100.00,,
     0.666075018,9748568,,instructions:u,1145600,100.00,,
     0.667221270,342,,branch-misses:u,1147136,100.00,,
     0.667221270,60,,cache-misses:u,1147040,100.00,,
     0.667221270,1521329,,bus-cycles:u,1147040,100.00,,
     0.667221270,9724223,,instructions:u,1146912,100.00,,
     0.668368067,342,,branch-misses:u,1146656,100.00,,
     0.668368067,57,,cache-misses:u,1146752,100.00,,
     0.668368067,1526435,,bus-cycles:u,1146752,100.00,,
     0.668368067,9765742,,instructions:u,1146880,100.00,,
     0.669513775,342,,branch-misses:u,1145792,100.00,,
     0.669513775,29,,cache-misses:u,1145728,100.00,,
     0.669513775,1525490,,bus-cycles:u,1145728,100.00,,
     0.669513775,9750733,,instructions:u,1145696,100.00,,
     0.670659163,342,,branch-misses:u,1145600,100.00,,
     0.670659163,40,,cache-misses:u,1145664,100.00,,
     0.670659163,1525278,,bus-cycles:u,1145664,100.00,,
     0.670659163,9754270,,instructions:u,1145696,100.00,,
     0.671806088,343,,branch-misses:u,1147104,100.00,,
     0.671806088,115,,cache-misses:u,1147008,100.00,,
     0.671806088,1522828,,bus-cycles:u,1146880,100.00,,
     0.671806088,9743862,,instructions:u,1146880,100.00,,
     0.672952660,342,,branch-misses:u,1146752,100.00,,
     0.672952660,32,,cache-misses:u,1146784,100.00,,
     0.672952660,1526584,,bus-cycles:u,1146880,100.00,,
     0.672952660,9760121,,instructions:u,1146912,100.00,,
     0.674097760,341,,branch-misses:u,1144992,100.00,,
     0.674097760,35,,cache-misses:u,1144960,100.00,,
     0.674097760,1524112,,bus-cycles:u,1144960,100.00,,
     0.674097760,9749993,,instructions:u,1144832,100.00,,
     0.675243501,342,,branch-misses:u,1146624,100.00,,
     0.675243501,69,,cache-misses:u,1146688,100.00,,
     0.675243501,1521305,,bus-cycles:u,1146656,100.00,,
     0.675243501,9726372,,instructions:u,1146720,100.00,,
     0.676390649,343,,branch-misses:u,1146976,100.00,,
     0.676390649,47,,cache-misses:u,1146880,100.00,,
     0.676390649,1526538,,bus-cycles:u,1146880,100.00,,
     0.676390649,9760179,,instructions:u,1146880,100.00,,
     0.677535910,342,,branch-misses:u,1145344,100.00,,
     0.677535910,39,,cache-misses:u,1145376,100.00,,
     0.677535910,1525056,,bus-cycles:u,1145376,100.00,,
     0.677535910,9759278,,instructions:u,1145376,100.00,,
     0.678681106,341,,branch-misses:u,1145440,100.00,,
     0.678681106,30,,cache-misses:u,1145504,100.00,,
     0.678681106,1525743,,bus-cycles:u,1145568,100.00,,
     0.678681106,9754711,,instructions:u,1145536,100.00,,
     0.679827710,343,,branch-misses:u,1146752,100.00,,
     0.679827710,89,,cache-misses:u,1146752,100.00,,
     0.679827710,1524631,,bus-cycles:u,1146752,100.00,,
     0.679827710,9752374,,instructions:u,1146816,100.00,,
     0.680986153,349,,branch-misses:u,1159552,100.00,,
     0.680986153,40,,cache-misses:u,1159840,100.00,,
     0.680986153,1544899,,bus-cycles:u,1159840,100.00,,
     0.680986153,9886107,,instructions:u,1159808,100.00,,
     0.682135157,343,,branch-misses:u,1148384,100.00,,
     0.682135157,34,,cache-misses:u,1148096,100.00,,
     0.682135157,1529021,,bus-cycles:u,1148000,100.00,,
     0.682135157,9773397,,instructions:u,1147904,100.00,,
     0.683281665,341,,branch-misses:u,1146976,100.00,,
     0.683281665,91,,cache-misses:u,1147008,100.00,,
     0.683281665,1521698,,bus-cycles:u,1147072,100.00,,
     0.683281665,9729262,,instructions:u,1147168,100.00,,
     0.684430637,343,,branch-misses:u,1148864,100.00,,
     0.684430637,47,,cache-misses:u,1148832,100.00,,
     0.684430637,1529751,,bus-cycles:u,1148864,100.00,,
     0.684430637,9780625,,instructions:u,1148800,100.00,,
     0.685577081,343,,branch-misses:u,1146592,100.00,,
     0.685577081,32,,cache-misses:u,1146560,100.00,,
     0.685577081,1526298,,bus-cycles:u,1146560,100.00,,
     0.685577081,9758516,,instructions:u,1146624,100.00,,
     0.686723525,343,,branch-misses:u,1146592,100.00,,
     0.686723525,40,,cache-misses:u,1146592,100.00,,
     0.686723525,1526793,,bus-cycles:u,1146496,100.00,,
     0.686723525,9770046,,instructions:u,1146464,100.00,,
     0.687870290,343,,branch-misses:u,1147168,100.00,,
     0.687870290,102,,cache-misses:u,1147200,100.00,,
     0.687870290,1520493,,bus-cycles:u,1147232,100.00,,
     0.687870290,9728548,,instructions:u,1147296,100.00,,
     0.689018206,342,,branch-misses:u,1147872,100.00,,
     0.689018206,32,,cache-misses:u,1147904,100.00,,
     0.689018206,1527152,,bus-cycles:u,1147872,100.00,,
     0.689018206,9766099,,instructions:u,1147904,100.00,,
     0.690164842,341,,branch-misses:u,1146848,100.00,,
     0.690164842,32,,cache-misses:u,1146688,100.00,,
     0.690164842,1526255,,bus-cycles:u,1146752,100.00,,
     0.690164842,9762577,,instructions:u,1146688,100.00,,
     0.691311062,342,,branch-misses:u,1146752,100.00,,
     0.691311062,98,,cache-misses:u,1146816,100.00,,
     0.691311062,1519590,,bus-cycles:u,1146784,100.00,,
     0.691311062,9722098,,instructions:u,1146752,100.00,,
     0.692459170,342,,branch-misses:u,1147968,100.00,,
     0.692459170,47,,cache-misses:u,1148032,100.00,,
     0.692459170,1529001,,bus-cycles:u,1148000,100.00,,
     0.692459170,9778417,,instructions:u,1148032,100.00,,
     0.693605199,342,,branch-misses:u,1146144,100.00,,
     0.693605199,37,,cache-misses:u,1146144,100.00,,
     0.693605199,1526526,,bus-cycles:u,1146240,100.00,,
     0.693605199,9758948,,instructions:u,1146208,100.00,,
     0.694751003,342,,branch-misses:u,1146048,100.00,,
     0.694751003,34,,cache-misses:u,1145984,100.00,,
     0.694751003,1525697,,bus-cycles:u,1145984,100.00,,
     0.694751003,9754951,,instructions:u,1145888,100.00,,
     0.695897991,341,,branch-misses:u,1147488,100.00,,
     0.695897991,109,,cache-misses:u,1147616,100.00,,
     0.695897991,1519931,,bus-cycles:u,1147616,100.00,,
     0.695897991,9727282,,instructions:u,1147712,100.00,,
     0.697045555,344,,branch-misses:u,1147328,100.00,,
     0.697045555,35,,cache-misses:u,1147232,100.00,,
     0.697045555,1527093,,bus-cycles:u,1147168,100.00,,
     0.697045555,9765911,,instructions:u,1147200,100.00,,
     0.698191808,343,,branch-misses:u,1146464,100.00,,
     0.698191808,34,,cache-misses:u,1146464,100.00,,
     0.698191808,1526376,,bus-cycles:u,1146432,100.00,,
     0.698191808,9760432,,instructions:u,1146400,100.00,,
     0.699337420,341,,branch-misses:u,1146208,100.00,,
     0.699337420,119,,cache-misses:u,1146240,100.00,,
     0.699337420,1520777,,bus-cycles:u,1146272,100.00,,
     0.699337420,9723396,,instructions:u,1146304,100.00,,
     0.700483960,342,,branch-misses:u,1146304,100.00,,
     0.700483960,50,,cache-misses:u,1146272,100.00,,
     0.700483960,1525186,,bus-cycles:u,1146304,100.00,,
     0.700483960,9763504,,instructions:u,1146304,100.00,,
     0.701628453,342,,branch-misses:u,1144704,100.00,,
     0.701628453,38,,cache-misses:u,1144640,100.00,,
     0.701628453,1523820,,bus-cycles:u,1144640,100.00,,
     0.701628453,9744813,,instructions:u,1144608,100.00,,
     0.702782704,344,,branch-misses:u,1154528,100.00,,
     0.702782704,33,,cache-misses:u,1154752,100.00,,
     0.702782704,1536844,,bus-cycles:u,1154752,100.00,,
     0.702782704,9829001,,instructions:u,1154784,100.00,,
     0.703929180,345,,branch-misses:u,1147232,100.00,,
     0.703929180,110,,cache-misses:u,1147424,100.00,,
     0.703929180,1520710,,bus-cycles:u,1147456,100.00,,
     0.703929180,9730481,,instructions:u,1147456,100.00,,
     0.705081480,343,,branch-misses:u,1151904,100.00,,
     0.705081480,39,,cache-misses:u,1151552,100.00,,
     0.705081480,1532110,,bus-cycles:u,1151424,100.00,,
     0.705081480,9794979,,instructions:u,1151392,100.00,,
     0.706228980,342,,branch-misses:u,1147616,100.00,,
     0.706228980,33,,cache-misses:u,1147680,100.00,,
     0.706228980,1527992,,bus-cycles:u,1147808,100.00,,
     0.706228980,9768922,,instructions:u,1147840,100.00,,
     0.707377056,344,,branch-misses:u,1148576,100.00,,
     0.707377056,109,,cache-misses:u,1148608,100.00,,
     0.707377056,1523587,,bus-cycles:u,1148576,100.00,,
     0.707377056,9753331,,instructions:u,1148640,100.00,,
     0.708525740,342,,branch-misses:u,1148576,100.00,,
     0.708525740,37,,cache-misses:u,1148448,100.00,,
     0.708525740,1529317,,bus-cycles:u,1148384,100.00,,
     0.708525740,9785595,,instructions:u,1148288,100.00,,
     0.709672088,344,,branch-misses:u,1146496,100.00,,
     0.709672088,33,,cache-misses:u,1146560,100.00,,
     0.709672088,1527577,,bus-cycles:u,1146624,100.00,,
     0.709672088,9768795,,instructions:u,1146624,100.00,,
     0.710818085,343,,branch-misses:u,1146144,100.00,,
     0.710818085,33,,cache-misses:u,1146144,100.00,,
     0.710818085,1526767,,bus-cycles:u,1146112,100.00,,
     0.710818085,9761809,,instructions:u,1146112,100.00,,
     0.711964721,343,,branch-misses:u,1147136,100.00,,
     0.711964721,98,,cache-misses:u,1147168,100.00,,
     0.711964721,1521112,,bus-cycles:u,1147264,100.00,,
     0.711964721,9727787,,instructions:u,1147232,100.00,,
     0.713112413,344,,branch-misses:u,1147584,100.00,,
     0.713112413,33,,cache-misses:u,1147552,100.00,,
     0.713112413,1527651,,bus-cycles:u,1147488,100.00,,
     0.713112413,9775345,,instructions:u,1147552,100.00,,
     0.714258377,342,,branch-misses:u,1146016,100.00,,
     0.714258377,29,,cache-misses:u,1146016,100.00,,
     0.714258377,1525421,,bus-cycles:u,1145984,100.00,,
     0.714258377,9761054,,instructions:u,1145952,100.00,,
     0.715404822,344,,branch-misses:u,1146784,100.00,,
     0.715404822,100,,cache-misses:u,1146784,100.00,,
     0.715404822,1523321,,bus-cycles:u,1146816,100.00,,
     0.715404822,9748939,,instructions:u,1146848,100.00,,
     0.716552130,342,,branch-misses:u,1147392,100.00,,
     0.716552130,39,,cache-misses:u,1147360,100.00,,
     0.716552130,1527276,,bus-cycles:u,1147424,100.00,,
     0.716552130,9771195,,instructions:u,1147392,100.00,,
     0.717697902,342,,branch-misses:u,1145920,100.00,,
     0.717697902,32,,cache-misses:u,1145952,100.00,,
     0.717697902,1526485,,bus-cycles:u,1145856,100.00,,
     0.717697902,9758299,,instructions:u,1145856,100.00,,
     0.718843675,342,,branch-misses:u,1145984,100.00,,
     0.718843675,33,,cache-misses:u,1145984,100.00,,
     0.718843675,1527063,,bus-cycles:u,1146048,100.00,,
     0.718843675,9769266,,instructions:u,1146048,100.00,,
     0.719991079,343,,branch-misses:u,1147968,100.00,,
     0.719991079,101,,cache-misses:u,1147904,100.00,,
     0.719991079,1522882,,bus-cycles:u,1147872,100.00,,
     0.719991079,9745304,,instructions:u,1147808,100.00,,
     0.721138995,345,,branch-misses:u,1147744,100.00,,
     0.721138995,35,,cache-misses:u,1147840,100.00,,
     0.721138995,1528783,,bus-cycles:u,1147840,100.00,,
     0.721138995,9784371,,instructions:u,1147904,100.00,,
     0.722285215,341,,branch-misses:u,1146528,100.00,,
     0.722285215,39,,cache-misses:u,1146432,100.00,,
     0.722285215,1527061,,bus-cycles:u,1146432,100.00,,
     0.722285215,9737779,,instructions:u,1146464,100.00,,
     0.723443242,345,,branch-misses:u,1158688,100.00,,
     0.723443242,101,,cache-misses:u,1158880,100.00,,
     0.723443242,1536953,,bus-cycles:u,1158912,100.00,,
     0.723443242,9831768,,instructions:u,1158944,100.00,,
     0.724592565,344,,branch-misses:u,1148864,100.00,,
     0.724592565,32,,cache-misses:u,1148672,100.00,,
     0.724592565,1529769,,bus-cycles:u,1148608,100.00,,
     0.724592565,9783179,,instructions:u,1148544,100.00,,
     0.725739106,343,,branch-misses:u,1146784,100.00,,
     0.725739106,32,,cache-misses:u,1146848,100.00,,
     0.725739106,1527554,,bus-cycles:u,1146848,100.00,,
     0.725739106,9766458,,instructions:u,1146848,100.00,,
     0.726885902,344,,branch-misses:u,1146880,100.00,,
     0.726885902,36,,cache-misses:u,1146848,100.00,,
     0.726885902,1527510,,bus-cycles:u,1146848,100.00,,
     0.726885902,9764816,,instructions:u,1146848,100.00,,
     0.728032410,342,,branch-misses:u,1147072,100.00,,
     0.728032410,100,,cache-misses:u,1147008,100.00,,
     0.728032410,1523446,,bus-cycles:u,1146944,100.00,,
     0.728032410,9743493,,instructions:u,1147040,100.00,,
     0.729178887,342,,branch-misses:u,1146400,100.00,,
     0.729178887,29,,cache-misses:u,1146432,100.00,,
     0.729178887,1526562,,bus-cycles:u,1146528,100.00,,
     0.729178887,9754877,,instructions:u,1146336,100.00,,
     0.730323763,341,,branch-misses:u,1144928,100.00,,
     0.730323763,35,,cache-misses:u,1144896,100.00,,
     0.730323763,1524700,,bus-cycles:u,1144928,100.00,,
     0.730323763,9749065,,instructions:u,1145056,100.00,,
     0.731469951,343,,branch-misses:u,1146720,100.00,,
     0.731469951,100,,cache-misses:u,1146720,100.00,,
     0.731469951,1522468,,bus-cycles:u,1146656,100.00,,
     0.731469951,9749054,,instructions:u,1146592,100.00,,
     0.732616620,343,,branch-misses:u,1146528,100.00,,
     0.732616620,32,,cache-misses:u,1146592,100.00,,
     0.732616620,1526827,,bus-cycles:u,1146624,100.00,,
     0.732616620,9770718,,instructions:u,1146592,100.00,,
     0.733761720,341,,branch-misses:u,1145280,100.00,,
     0.733761720,32,,cache-misses:u,1145248,100.00,,
     0.733761720,1525567,,bus-cycles:u,1145216,100.00,,
     0.733761720,9742495,,instructions:u,1145280,100.00,,
     0.734906469,342,,branch-misses:u,1144896,100.00,,
     0.734906469,31,,cache-misses:u,1144832,100.00,,
     0.734906469,1525003,,bus-cycles:u,1144800,100.00,,
     0.734906469,9751131,,instructions:u,1144800,100.00,,
     0.736052593,343,,branch-misses:u,1146592,100.00,,
     0.736052593,102,,cache-misses:u,1146688,100.00,,
     0.736052593,1521916,,bus-cycles:u,1146784,100.00,,
     0.736052593,9720158,,instructions:u,1146816,100.00,,
     0.737200445,343,,branch-misses:u,1147872,100.00,,
     0.737200445,32,,cache-misses:u,1147840,100.00,,
     0.737200445,1528730,,bus-cycles:u,1147840,100.00,,
     0.737200445,9781390,,instructions:u,1147840,100.00,,
     0.738347753,344,,branch-misses:u,1147424,100.00,,
     0.738347753,30,,cache-misses:u,1147456,100.00,,
     0.738347753,1528194,,bus-cycles:u,1147424,100.00,,
     0.738347753,9781608,,instructions:u,1147360,100.00,,
     0.739494614,342,,branch-misses:u,1147392,100.00,,
     0.739494614,110,,cache-misses:u,1147360,100.00,,
     0.739494614,1523974,,bus-cycles:u,1147360,100.00,,
     0.739494614,9732604,,instructions:u,1147424,100.00,,
     0.740642466,342,,branch-misses:u,1147584,100.00,,
     0.740642466,35,,cache-misses:u,1147680,100.00,,
     0.740642466,1528664,,bus-cycles:u,1147648,100.00,,
     0.740642466,9777059,,instructions:u,1147616,100.00,,
     0.741788910,344,,branch-misses:u,1146720,100.00,,
     0.741788910,34,,cache-misses:u,1146656,100.00,,
     0.741788910,1527389,,bus-cycles:u,1146656,100.00,,
     0.741788910,9776562,,instructions:u,1146720,100.00,,
     0.742935002,343,,branch-misses:u,1146304,100.00,,
     0.742935002,31,,cache-misses:u,1146272,100.00,,
     0.742935002,1526971,,bus-cycles:u,1146304,100.00,,
     0.742935002,9771755,,instructions:u,1146208,100.00,,
     0.744082214,343,,branch-misses:u,1147680,100.00,,
     0.744082214,123,,cache-misses:u,1147680,100.00,,
     0.744082214,1520639,,bus-cycles:u,1147680,100.00,,
     0.744082214,9723629,,instructions:u,1147680,100.00,,
     0.745239729,345,,branch-misses:u,1157504,100.00,,
     0.745239729,35,,cache-misses:u,1157984,100.00,,
     0.745239729,1542842,,bus-cycles:u,1158080,100.00,,
     0.745239729,9863584,,instructions:u,1158304,100.00,,
     0.746388061,341,,branch-misses:u,1148416,100.00,,
     0.746388061,33,,cache-misses:u,1147968,100.00,,
     0.746388061,1528585,,bus-cycles:u,1147904,100.00,,
     0.746388061,9772860,,instructions:u,1147712,100.00,,
     0.747534249,342,,branch-misses:u,1146688,100.00,,
     0.747534249,105,,cache-misses:u,1146688,100.00,,
     0.747534249,1521406,,bus-cycles:u,1146624,100.00,,
     0.747534249,9731105,,instructions:u,1146624,100.00,,
     0.748681686,342,,branch-misses:u,1147200,100.00,,
     0.748681686,35,,cache-misses:u,1147200,100.00,,
     0.748681686,1527732,,bus-cycles:u,1147232,100.00,,
     0.748681686,9767496,,instructions:u,1147264,100.00,,
     0.749828034,343,,branch-misses:u,1146528,100.00,,
     0.749828034,34,,cache-misses:u,1146528,100.00,,
     0.749828034,1527523,,bus-cycles:u,1146464,100.00,,
     0.749828034,9762743,,instructions:u,1146432,100.00,,
     0.750973934,342,,branch-misses:u,1146176,100.00,,
     0.750973934,40,,cache-misses:u,1146176,100.00,,
     0.750973934,1526756,,bus-cycles:u,1146240,100.00,,
     0.750973934,9760103,,instructions:u,1146208,100.00,,
     0.752121498,342,,branch-misses:u,1147744,100.00,,
     0.752121498,85,,cache-misses:u,1147776,100.00,,
     0.752121498,1525190,,bus-cycles:u,1147744,100.00,,
     0.752121498,9738739,,instructions:u,1147808,100.00,,
     0.753268711,342,,branch-misses:u,1147328,100.00,,
     0.753268711,31,,cache-misses:u,1147264,100.00,,
     0.753268711,1527850,,bus-cycles:u,1147296,100.00,,
     0.753268711,9771621,,instructions:u,1147296,100.00,,
     0.754415059,342,,branch-misses:u,1146592,100.00,,
     0.754415059,34,,cache-misses:u,1146624,100.00,,
     0.754415059,1526860,,bus-cycles:u,1146656,100.00,,
     0.754415059,9767791,,instructions:u,1146624,100.00,,
     0.755562079,344,,branch-misses:u,1147520,100.00,,
     0.755562079,109,,cache-misses:u,1147552,100.00,,
     0.755562079,1520740,,bus-cycles:u,1147584,100.00,,
     0.755562079,9728934,,instructions:u,1147584,100.00,,
     0.756708459,342,,branch-misses:u,1146144,100.00,,
     0.756708459,45,,cache-misses:u,1146080,100.00,,
     0.756708459,1525618,,bus-cycles:u,1146016,100.00,,
     0.756708459,9758672,,instructions:u,1145984,100.00,,
     0.757852792,341,,branch-misses:u,1144480,100.00,,
     0.757852792,30,,cache-misses:u,1144448,100.00,,
     0.757852792,1523428,,bus-cycles:u,1144416,100.00,,
     0.757852792,9743752,,instructions:u,1144448,100.00,,
     0.758997701,341,,branch-misses:u,1145088,100.00,,
     0.758997701,33,,cache-misses:u,1145184,100.00,,
     0.758997701,1523553,,bus-cycles:u,1145216,100.00,,
     0.758997701,9743070,,instructions:u,1145184,100.00,,
     0.760143153,341,,branch-misses:u,1146144,100.00,,
     0.760143153,98,,cache-misses:u,1146432,100.00,,
     0.760143153,1518764,,bus-cycles:u,1146464,100.00,,
     0.760143153,9711601,,instructions:u,1146592,100.00,,
     0.761293373,344,,branch-misses:u,1150016,100.00,,
     0.761293373,32,,cache-misses:u,1149696,100.00,,
     0.761293373,1530642,,bus-cycles:u,1149696,100.00,,
     0.761293373,9792783,,instructions:u,1149600,100.00,,
     0.762439305,342,,branch-misses:u,1146016,100.00,,
     0.762439305,40,,cache-misses:u,1145984,100.00,,
     0.762439305,1525356,,bus-cycles:u,1145984,100.00,,
     0.762439305,9749836,,instructions:u,1146016,100.00,,
     0.763585941,343,,branch-misses:u,1147232,100.00,,
     0.763585941,97,,cache-misses:u,1147232,100.00,,
     0.763585941,1520378,,bus-cycles:u,1147136,100.00,,
     0.763585941,9717931,,instructions:u,1147104,100.00,,
     0.764733121,341,,branch-misses:u,1146880,100.00,,
     0.764733121,34,,cache-misses:u,1146944,100.00,,
     0.764733121,1526457,,bus-cycles:u,1146976,100.00,,
     0.764733121,9758792,,instructions:u,1147008,100.00,,
     0.765889452,345,,branch-misses:u,1156800,100.00,,
     0.765889452,35,,cache-misses:u,1156832,100.00,,
     0.765889452,1539679,,bus-cycles:u,1156896,100.00,,
     0.765889452,9849820,,instructions:u,1156864,100.00,,
     0.767035833,343,,branch-misses:u,1146368,100.00,,
     0.767035833,29,,cache-misses:u,1146240,100.00,,
     0.767035833,1525961,,bus-cycles:u,1146176,100.00,,
     0.767035833,9757261,,instructions:u,1146176,100.00,,
     0.768191555,346,,branch-misses:u,1156320,100.00,,
     0.768191555,88,,cache-misses:u,1156672,100.00,,
     0.768191555,1532677,,bus-cycles:u,1156736,100.00,,
     0.768191555,9799071,,instructions:u,1156736,100.00,,
     0.769338640,342,,branch-misses:u,1146752,100.00,,
     0.769338640,35,,cache-misses:u,1146464,100.00,,
     0.769338640,1526385,,bus-cycles:u,1146432,100.00,,
     0.769338640,9754716,,instructions:u,1146496,100.00,,
     0.770484220,341,,branch-misses:u,1145792,100.00,,
     0.770484220,33,,cache-misses:u,1145792,100.00,,
     0.770484220,1524170,,bus-cycles:u,1145792,100.00,,
     0.770484220,9747458,,instructions:u,1145760,100.00,,
     0.771630856,342,,branch-misses:u,1147136,100.00,,
     0.771630856,103,,cache-misses:u,1147136,100.00,,
     0.771630856,1520507,,bus-cycles:u,1147136,100.00,,
     0.771630856,9729500,,instructions:u,1147136,100.00,,
     0.772777812,343,,branch-misses:u,1146880,100.00,,
     0.772777812,32,,cache-misses:u,1146944,100.00,,
     0.772777812,1525401,,bus-cycles:u,1146976,100.00,,
     0.772777812,9747855,,instructions:u,1146976,100.00,,
     0.773923105,341,,branch-misses:u,1145408,100.00,,
     0.773923105,34,,cache-misses:u,1145312,100.00,,
     0.773923105,1523713,,bus-cycles:u,1145312,100.00,,
     0.773923105,9741363,,instructions:u,1145248,100.00,,
     0.775068557,342,,branch-misses:u,1145760,100.00,,
     0.775068557,31,,cache-misses:u,1145856,100.00,,
     0.775068557,1524546,,bus-cycles:u,1145792,100.00,,
     0.775068557,9748414,,instructions:u,1145952,100.00,,
     0.776226680,345,,branch-misses:u,1158592,100.00,,
     0.776226680,87,,cache-misses:u,1158816,100.00,,
     0.776226680,1536866,,bus-cycles:u,1158880,100.00,,
     0.776226680,9827833,,instructions:u,1158784,100.00,,
     0.777373412,342,,branch-misses:u,1146592,100.00,,
     0.777373412,34,,cache-misses:u,1146240,100.00,,
     0.777373412,1524540,,bus-cycles:u,1146208,100.00,,
     0.777373412,9752326,,instructions:u,1146240,100.00,,
     0.778519441,342,,branch-misses:u,1146112,100.00,,
     0.778519441,35,,cache-misses:u,1146176,100.00,,
     0.778519441,1525402,,bus-cycles:u,1146176,100.00,,
     0.778519441,9749693,,instructions:u,1146112,100.00,,
     0.779666045,341,,branch-misses:u,1147168,100.00,,
     0.779666045,114,,cache-misses:u,1147232,100.00,,
     0.779666045,1519625,,bus-cycles:u,1147296,100.00,,
     0.779666045,9722426,,instructions:u,1147328,100.00,,
     0.780813353,343,,branch-misses:u,1147136,100.00,,
     0.780813353,30,,cache-misses:u,1147136,100.00,,
     0.780813353,1525930,,bus-cycles:u,1147008,100.00,,
     0.780813353,9765162,,instructions:u,1147040,100.00,,
     0.781959093,342,,branch-misses:u,1145952,100.00,,
     0.781959093,29,,cache-misses:u,1146176,100.00,,
     0.781959093,1524762,,bus-cycles:u,1146208,100.00,,
     0.781959093,9756812,,instructions:u,1146144,100.00,,
     0.783105314,342,,branch-misses:u,1146400,100.00,,
     0.783105314,31,,cache-misses:u,1146144,100.00,,
     0.783105314,1524284,,bus-cycles:u,1146144,100.00,,
     0.783105314,9741149,,instructions:u,1146208,100.00,,
     0.784263340,344,,branch-misses:u,1158560,100.00,,
     0.784263340,80,,cache-misses:u,1158592,100.00,,
     0.784263340,1536176,,bus-cycles:u,1158624,100.00,,
     0.784263340,9814241,,instructions:u,1158624,100.00,,
     0.785410328,340,,branch-misses:u,1146720,100.00,,
     0.785410328,46,,cache-misses:u,1146752,100.00,,
     0.785410328,1526594,,bus-cycles:u,1146816,100.00,,
     0.785410328,9736304,,instructions:u,1146752,100.00,,
     0.786565891,345,,branch-misses:u,1156064,100.00,,
     0.786565891,34,,cache-misses:u,1156032,100.00,,
     0.786565891,1538357,,bus-cycles:u,1156000,100.00,,
     0.786565891,9839102,,instructions:u,1155968,100.00,,
     0.787712368,341,,branch-misses:u,1146848,100.00,,
     0.787712368,112,,cache-misses:u,1146816,100.00,,
     0.787712368,1518156,,bus-cycles:u,1146848,100.00,,
     0.787712368,9711131,,instructions:u,1146912,100.00,,
     0.788859900,342,,branch-misses:u,1147264,100.00,,
     0.788859900,33,,cache-misses:u,1147264,100.00,,
     0.788859900,1526468,,bus-cycles:u,1147168,100.00,,
     0.788859900,9765465,,instructions:u,1147136,100.00,,
     0.790005544,343,,branch-misses:u,1145792,100.00,,
     0.790005544,37,,cache-misses:u,1145760,100.00,,
     0.790005544,1525556,,bus-cycles:u,1145760,100.00,,
     0.790005544,9753491,,instructions:u,1145792,100.00,,
     0.791151604,341,,branch-misses:u,1146496,100.00,,
     0.791151604,58,,cache-misses:u,1146528,100.00,,
     0.791151604,1518798,,bus-cycles:u,1146528,100.00,,
     0.791151604,9706940,,instructions:u,1146560,100.00,,
     0.792299041,342,,branch-misses:u,1147456,100.00,,
     0.792299041,83,,cache-misses:u,1147488,100.00,,
     0.792299041,1527218,,bus-cycles:u,1147552,100.00,,
     0.792299041,9769822,,instructions:u,1147520,100.00,,
     0.793445005,342,,branch-misses:u,1146112,100.00,,
     0.793445005,31,,cache-misses:u,1146016,100.00,,
     0.793445005,1526147,,bus-cycles:u,1146016,100.00,,
     0.793445005,9765017,,instructions:u,1145920,100.00,,
     0.794590937,342,,branch-misses:u,1145984,100.00,,
     0.794590937,35,,cache-misses:u,1145984,100.00,,
     0.794590937,1525398,,bus-cycles:u,1145952,100.00,,
     0.794590937,9763049,,instructions:u,1146048,100.00,,
     0.795737414,343,,branch-misses:u,1147104,100.00,,
     0.795737414,113,,cache-misses:u,1147168,100.00,,
     0.795737414,1521102,,bus-cycles:u,1147200,100.00,,
     0.795737414,9732743,,instructions:u,1147136,100.00,,
     0.796884530,343,,branch-misses:u,1147008,100.00,,
     0.796884530,43,,cache-misses:u,1147040,100.00,,
     0.796884530,1527289,,bus-cycles:u,1147040,100.00,,
     0.796884530,9770853,,instructions:u,1147072,100.00,,
     0.798031038,341,,branch-misses:u,1146560,100.00,,
     0.798031038,30,,cache-misses:u,1146464,100.00,,
     0.798031038,1525567,,bus-cycles:u,1146432,100.00,,
     0.798031038,9756237,,instructions:u,1146432,100.00,,
     0.799178474,343,,branch-misses:u,1147936,100.00,,
     0.799178474,54,,cache-misses:u,1148064,100.00,,
     0.799178474,1523366,,bus-cycles:u,1148032,100.00,,
     0.799178474,9746943,,instructions:u,1148064,100.00,,
     0.800325878,342,,branch-misses:u,1147392,100.00,,
     0.800325878,68,,cache-misses:u,1147360,100.00,,
     0.800325878,1526952,,bus-cycles:u,1147392,100.00,,
     0.800325878,9765501,,instructions:u,1147360,100.00,,
     0.801471843,342,,branch-misses:u,1146016,100.00,,
     0.801471843,35,,cache-misses:u,1145952,100.00,,
     0.801471843,1525478,,bus-cycles:u,1145920,100.00,,
     0.801471843,9752170,,instructions:u,1145984,100.00,,
     0.802617615,341,,branch-misses:u,1145952,100.00,,
     0.802617615,36,,cache-misses:u,1145952,100.00,,
     0.802617615,1524973,,bus-cycles:u,1145888,100.00,,
     0.802617615,9753155,,instructions:u,1145856,100.00,,
     0.803763835,342,,branch-misses:u,1146912,100.00,,
     0.803763835,108,,cache-misses:u,1146976,100.00,,
     0.803763835,1522036,,bus-cycles:u,1147040,100.00,,
     0.803763835,9737083,,instructions:u,1147040,100.00,,
     0.804912007,343,,branch-misses:u,1147904,100.00,,
     0.804912007,38,,cache-misses:u,1147936,100.00,,
     0.804912007,1527938,,bus-cycles:u,1147936,100.00,,
     0.804912007,9772867,,instructions:u,1147936,100.00,,
     0.806057396,341,,branch-misses:u,1145600,100.00,,
     0.806057396,32,,cache-misses:u,1145472,100.00,,
     0.806057396,1524416,,bus-cycles:u,1145504,100.00,,
     0.806057396,9746472,,instructions:u,1145472,100.00,,
     0.807203360,343,,branch-misses:u,1146464,100.00,,
     0.807203360,70,,cache-misses:u,1146528,100.00,,
     0.807203360,1520968,,bus-cycles:u,1146528,100.00,,
     0.807203360,9724934,,instructions:u,1146528,100.00,,
     0.808361931,345,,branch-misses:u,1158656,100.00,,
     0.808361931,62,,cache-misses:u,1158912,100.00,,
     0.808361931,1542503,,bus-cycles:u,1158912,100.00,,
     0.808361931,9866518,,instructions:u,1158880,100.00,,
     0.809509591,343,,branch-misses:u,1147680,100.00,,
     0.809509591,37,,cache-misses:u,1147616,100.00,,
     0.809509591,1528195,,bus-cycles:u,1147648,100.00,,
     0.809509591,9779841,,instructions:u,1147712,100.00,,
     0.810656003,342,,branch-misses:u,1146592,100.00,,
     0.810656003,31,,cache-misses:u,1146368,100.00,,
     0.810656003,1526634,,bus-cycles:u,1146336,100.00,,
     0.810656003,9762375,,instructions:u,1146272,100.00,,
     0.811802735,342,,branch-misses:u,1146912,100.00,,
     0.811802735,100,,cache-misses:u,1146976,100.00,,
     0.811802735,1523747,,bus-cycles:u,1146912,100.00,,
     0.811802735,9748170,,instructions:u,1146912,100.00,,
     0.812948924,343,,branch-misses:u,1146272,100.00,,
     0.812948924,36,,cache-misses:u,1146208,100.00,,
     0.812948924,1526273,,bus-cycles:u,1146240,100.00,,
     0.812948924,9755247,,instructions:u,1146272,100.00,,
     0.814093896,341,,branch-misses:u,1145184,100.00,,
     0.814093896,43,,cache-misses:u,1145184,100.00,,
     0.814093896,1524226,,bus-cycles:u,1145248,100.00,,
     0.814093896,9743064,,instructions:u,1145248,100.00,,
     0.815239861,342,,branch-misses:u,1146272,100.00,,
     0.815239861,68,,cache-misses:u,1146688,100.00,,
     0.815239861,1521739,,bus-cycles:u,1146848,100.00,,
     0.815239861,9740161,,instructions:u,1146912,100.00,,
     0.816390176,344,,branch-misses:u,1150432,100.00,,
     0.816390176,56,,cache-misses:u,1150336,100.00,,
     0.816390176,1531848,,bus-cycles:u,1150176,100.00,,
     0.816390176,9800489,,instructions:u,1150080,100.00,,
     0.817537005,343,,branch-misses:u,1146880,100.00,,
     0.817537005,37,,cache-misses:u,1146624,100.00,,
     0.817537005,1527525,,bus-cycles:u,1146624,100.00,,
     0.817537005,9767788,,instructions:u,1146624,100.00,,
     0.818682905,342,,branch-misses:u,1146144,100.00,,
     0.818682905,42,,cache-misses:u,1146112,100.00,,
     0.818682905,1525615,,bus-cycles:u,1146016,100.00,,
     0.818682905,9756462,,instructions:u,1146080,100.00,,
     0.819829669,341,,branch-misses:u,1147296,100.00,,
     0.819829669,108,,cache-misses:u,1147296,100.00,,
     0.819829669,1521072,,bus-cycles:u,1147392,100.00,,
     0.819829669,9733416,,instructions:u,1147360,100.00,,
     0.820977265,342,,branch-misses:u,1147392,100.00,,
     0.820977265,33,,cache-misses:u,1147456,100.00,,
     0.820977265,1526408,,bus-cycles:u,1147456,100.00,,
     0.820977265,9765213,,instructions:u,1147488,100.00,,
     0.822123710,342,,branch-misses:u,1146624,100.00,,
     0.822123710,32,,cache-misses:u,1146528,100.00,,
     0.822123710,1525508,,bus-cycles:u,1146528,100.00,,
     0.822123710,9758973,,instructions:u,1146496,100.00,,
     0.823270954,341,,branch-misses:u,1147840,100.00,,
     0.823270954,79,,cache-misses:u,1147808,100.00,,
     0.823270954,1522950,,bus-cycles:u,1147808,100.00,,
     0.823270954,9744611,,instructions:u,1147840,100.00,,
     0.824418742,343,,branch-misses:u,1147552,100.00,,
     0.824418742,46,,cache-misses:u,1147616,100.00,,
     0.824418742,1525776,,bus-cycles:u,1147616,100.00,,
     0.824418742,9750353,,instructions:u,1147584,100.00,,
     0.825564706,341,,branch-misses:u,1146144,100.00,,
     0.825564706,48,,cache-misses:u,1146208,100.00,,
     0.825564706,1524420,,bus-cycles:u,1146176,100.00,,
     0.825564706,9742599,,instructions:u,1146208,100.00,,
     0.826710671,342,,branch-misses:u,1146176,100.00,,
     0.826710671,35,,cache-misses:u,1146080,100.00,,
     0.826710671,1525312,,bus-cycles:u,1146112,100.00,,
     0.826710671,9755147,,instructions:u,1146144,100.00,,
     0.827857499,342,,branch-misses:u,1147360,100.00,,
     0.827857499,101,,cache-misses:u,1147392,100.00,,
     0.827857499,1521353,,bus-cycles:u,1147360,100.00,,
     0.827857499,9736367,,instructions:u,1147296,100.00,,
     0.829015781,346,,branch-misses:u,1158464,100.00,,
     0.829015781,32,,cache-misses:u,1158848,100.00,,
     0.829015781,1542929,,bus-cycles:u,1158848,100.00,,
     0.829015781,9859430,,instructions:u,1158784,100.00,,
     0.830163953,343,,branch-misses:u,1148096,100.00,,
     0.830163953,38,,cache-misses:u,1147680,100.00,,
     0.830163953,1527935,,bus-cycles:u,1147648,100.00,,
     0.830163953,9782288,,instructions:u,1147776,100.00,,
     0.831310750,341,,branch-misses:u,1147264,100.00,,
     0.831310750,99,,cache-misses:u,1147360,100.00,,
     0.831310750,1521189,,bus-cycles:u,1147424,100.00,,
     0.831310750,9725396,,instructions:u,1147328,100.00,,
     0.832458186,342,,branch-misses:u,1147264,100.00,,
     0.832458186,40,,cache-misses:u,1147200,100.00,,
     0.832458186,1526466,,bus-cycles:u,1147136,100.00,,
     0.832458186,9764067,,instructions:u,1147168,100.00,,
     0.833604118,342,,branch-misses:u,1146048,100.00,,
     0.833604118,32,,cache-misses:u,1146048,100.00,,
     0.833604118,1525673,,bus-cycles:u,1146080,100.00,,
     0.833604118,9769073,,instructions:u,1146048,100.00,,
     0.834750018,343,,branch-misses:u,1146144,100.00,,
     0.834750018,37,,cache-misses:u,1146176,100.00,,
     0.834750018,1524912,,bus-cycles:u,1146208,100.00,,
     0.834750018,9754055,,instructions:u,1146272,100.00,,
     0.835896879,342,,branch-misses:u,1147424,100.00,,
     0.835896879,110,,cache-misses:u,1147392,100.00,,
     0.835896879,1521049,,bus-cycles:u,1147424,100.00,,
     0.835896879,9725384,,instructions:u,1147392,100.00,,
     0.837044443,342,,branch-misses:u,1147328,100.00,,
     0.837044443,37,,cache-misses:u,1147232,100.00,,
     0.837044443,1526967,,bus-cycles:u,1147200,100.00,,
     0.837044443,9765564,,instructions:u,1147232,100.00,,
     0.838190439,341,,branch-misses:u,1146176,100.00,,
     0.838190439,36,,cache-misses:u,1146208,100.00,,
     0.838190439,1525011,,bus-cycles:u,1146176,100.00,,
     0.838190439,9749613,,instructions:u,1146112,100.00,,
     0.839337491,343,,branch-misses:u,1147328,100.00,,
     0.839337491,103,,cache-misses:u,1147360,100.00,,
     0.839337491,1521910,,bus-cycles:u,1147328,100.00,,
     0.839337491,9735226,,instructions:u,1147328,100.00,,
     0.840484704,343,,branch-misses:u,1147296,100.00,,
     0.840484704,34,,cache-misses:u,1147360,100.00,,
     0.840484704,1527908,,bus-cycles:u,1147360,100.00,,
     0.840484704,9770216,,instructions:u,1147360,100.00,,
     0.841630284,341,,branch-misses:u,1145696,100.00,,
     0.841630284,40,,cache-misses:u,1145600,100.00,,
     0.841630284,1525062,,bus-cycles:u,1145664,100.00,,
     0.841630284,9756644,,instructions:u,1145664,100.00,,
     0.842776024,342,,branch-misses:u,1145952,100.00,,
     0.842776024,35,,cache-misses:u,1145952,100.00,,
     0.842776024,1525221,,bus-cycles:u,1145952,100.00,,
     0.842776024,9752417,,instructions:u,1145952,100.00,,
     0.843923077,343,,branch-misses:u,1147328,100.00,,
     0.843923077,101,,cache-misses:u,1147424,100.00,,
     0.843923077,1522937,,bus-cycles:u,1147296,100.00,,
     0.843923077,9750197,,instructions:u,1147360,100.00,,
     0.845070065,343,,branch-misses:u,1147072,100.00,,
     0.845070065,32,,cache-misses:u,1146976,100.00,,
     0.845070065,1527432,,bus-cycles:u,1147104,100.00,,
     0.845070065,9768196,,instructions:u,1147072,100.00,,
     0.846216317,343,,branch-misses:u,1146496,100.00,,
     0.846216317,34,,cache-misses:u,1146560,100.00,,
     0.846216317,1526647,,bus-cycles:u,1146592,100.00,,
     0.846216317,9762519,,instructions:u,1146560,100.00,,
     0.847363081,343,,branch-misses:u,1147200,100.00,,
     0.847363081,116,,cache-misses:u,1147168,100.00,,
     0.847363081,1521360,,bus-cycles:u,1147136,100.00,,
     0.847363081,9732209,,instructions:u,1147168,100.00,,
     0.848510677,342,,branch-misses:u,1147456,100.00,,
     0.848510677,50,,cache-misses:u,1147456,100.00,,
     0.848510677,1527290,,bus-cycles:u,1147424,100.00,,
     0.848510677,9774378,,instructions:u,1147392,100.00,,
     0.849656450,342,,branch-misses:u,1146016,100.00,,
     0.849656450,31,,cache-misses:u,1146048,100.00,,
     0.849656450,1525843,,bus-cycles:u,1146016,100.00,,
     0.849656450,9755744,,instructions:u,1146080,100.00,,
     0.850813389,345,,branch-misses:u,1157280,100.00,,
     0.850813389,34,,cache-misses:u,1157376,100.00,,
     0.850813389,1540654,,bus-cycles:u,1157408,100.00,,
     0.850813389,9867638,,instructions:u,1157376,100.00,,
     0.851961113,344,,branch-misses:u,1147904,100.00,,
     0.851961113,105,,cache-misses:u,1147744,100.00,,
     0.851961113,1523495,,bus-cycles:u,1147776,100.00,,
     0.851961113,9747850,,instructions:u,1147744,100.00,,
     0.853109253,343,,branch-misses:u,1148064,100.00,,
     0.853109253,43,,cache-misses:u,1148096,100.00,,
     0.853109253,1527941,,bus-cycles:u,1147968,100.00,,
     0.853109253,9778977,,instructions:u,1148000,100.00,,
     0.854254929,341,,branch-misses:u,1145984,100.00,,
     0.854254929,36,,cache-misses:u,1146016,100.00,,
     0.854254929,1524808,,bus-cycles:u,1146144,100.00,,
     0.854254929,9748880,,instructions:u,1146144,100.00,,
     0.855401981,342,,branch-misses:u,1147616,100.00,,
     0.855401981,108,,cache-misses:u,1147584,100.00,,
     0.855401981,1519314,,bus-cycles:u,1147584,100.00,,
     0.855401981,9719441,,instructions:u,1147616,100.00,,
     0.856550185,341,,branch-misses:u,1147872,100.00,,
     0.856550185,29,,cache-misses:u,1147936,100.00,,
     0.856550185,1526862,,bus-cycles:u,1147872,100.00,,
     0.856550185,9763181,,instructions:u,1147808,100.00,,
     0.857696022,344,,branch-misses:u,1146112,100.00,,
     0.857696022,38,,cache-misses:u,1146112,100.00,,
     0.857696022,1526564,,bus-cycles:u,1146144,100.00,,
     0.857696022,9760847,,instructions:u,1146144,100.00,,
     0.858841826,343,,branch-misses:u,1145920,100.00,,
     0.858841826,34,,cache-misses:u,1145920,100.00,,
     0.858841826,1525787,,bus-cycles:u,1145952,100.00,,
     0.858841826,9766019,,instructions:u,1145984,100.00,,
     0.859988718,343,,branch-misses:u,1147168,100.00,,
     0.859988718,102,,cache-misses:u,1147136,100.00,,
     0.859988718,1522598,,bus-cycles:u,1147072,100.00,,
     0.859988718,9735930,,instructions:u,1147072,100.00,,
     0.861136346,343,,branch-misses:u,1147840,100.00,,
     0.861136346,33,,cache-misses:u,1147840,100.00,,
     0.861136346,1527413,,bus-cycles:u,1147904,100.00,,
     0.861136346,9767689,,instructions:u,1147936,100.00,,
     0.862283879,342,,branch-misses:u,1147584,100.00,,
     0.862283879,33,,cache-misses:u,1147584,100.00,,
     0.862283879,1527762,,bus-cycles:u,1147552,100.00,,
     0.862283879,9781806,,instructions:u,1147520,100.00,,
     0.863430899,344,,branch-misses:u,1147552,100.00,,
     0.863430899,103,,cache-misses:u,1147552,100.00,,
     0.863430899,1523073,,bus-cycles:u,1147552,100.00,,
     0.863430899,9740024,,instructions:u,1147584,100.00,,
     0.864578207,341,,branch-misses:u,1147200,100.00,,
     0.864578207,36,,cache-misses:u,1147072,100.00,,
     0.864578207,1526842,,bus-cycles:u,1147104,100.00,,
     0.864578207,9753748,,instructions:u,1147040,100.00,,
     0.865724171,341,,branch-misses:u,1146176,100.00,,
     0.865724171,31,,cache-misses:u,1146176,100.00,,
     0.865724171,1526004,,bus-cycles:u,1146176,100.00,,
     0.865724171,9751295,,instructions:u,1146240,100.00,,
     0.866869720,341,,branch-misses:u,1145600,100.00,,
     0.866869720,36,,cache-misses:u,1145728,100.00,,
     0.866869720,1525975,,bus-cycles:u,1145696,100.00,,
     0.866869720,9750759,,instructions:u,1145632,100.00,,
     0.868016228,343,,branch-misses:u,1147104,100.00,,
     0.868016228,127,,cache-misses:u,1147072,100.00,,
     0.868016228,1519685,,bus-cycles:u,1147104,100.00,,
     0.868016228,9719318,,instructions:u,1147072,100.00,,
     0.869162992,344,,branch-misses:u,1146560,100.00,,
     0.869162992,41,,cache-misses:u,1146496,100.00,,
     0.869162992,1525574,,bus-cycles:u,1146496,100.00,,
     0.869162992,9751162,,instructions:u,1146560,100.00,,
     0.870308061,341,,branch-misses:u,1145280,100.00,,
     0.870308061,37,,cache-misses:u,1145312,100.00,,
     0.870308061,1525106,,bus-cycles:u,1145248,100.00,,
     0.870308061,9756332,,instructions:u,1145248,100.00,,
     0.871466887,346,,branch-misses:u,1159808,100.00,,
     0.871466887,105,,cache-misses:u,1160256,100.00,,
     0.871466887,1540004,,bus-cycles:u,1160352,100.00,,
     0.871466887,9850497,,instructions:u,1160320,100.00,,
     0.872619282,344,,branch-misses:u,1151936,100.00,,
     0.872619282,34,,cache-misses:u,1151392,100.00,,
     0.872619282,1533003,,bus-cycles:u,1151296,100.00,,
     0.872619282,9805541,,instructions:u,1151360,100.00,,
     0.873765951,342,,branch-misses:u,1146624,100.00,,
     0.873765951,36,,cache-misses:u,1146784,100.00,,
     0.873765951,1527282,,bus-cycles:u,1146880,100.00,,
     0.873765951,9760503,,instructions:u,1146816,100.00,,
     0.874912459,342,,branch-misses:u,1146784,100.00,,
     0.874912459,36,,cache-misses:u,1146752,100.00,,
     0.874912459,1526227,,bus-cycles:u,1146752,100.00,,
     0.874912459,9753507,,instructions:u,1146816,100.00,,
     0.876060375,342,,branch-misses:u,1148416,100.00,,
     0.876060375,107,,cache-misses:u,1148448,100.00,,
     0.876060375,1523376,,bus-cycles:u,1148480,100.00,,
     0.876060375,9740377,,instructions:u,1148384,100.00,,
     0.877208131,345,,branch-misses:u,1147584,100.00,,
     0.877208131,35,,cache-misses:u,1147552,100.00,,
     0.877208131,1528018,,bus-cycles:u,1147456,100.00,,
     0.877208131,9771121,,instructions:u,1147520,100.00,,
     0.878354543,342,,branch-misses:u,1146496,100.00,,
     0.878354543,34,,cache-misses:u,1146496,100.00,,
     0.878354543,1525672,,bus-cycles:u,1146464,100.00,,
     0.878354543,9756631,,instructions:u,1146528,100.00,,
     0.879501244,343,,branch-misses:u,1147040,100.00,,
     0.879501244,101,,cache-misses:u,1147008,100.00,,
     0.879501244,1521525,,bus-cycles:u,1147136,100.00,,
     0.879501244,9737335,,instructions:u,1147072,100.00,,
     0.880648936,343,,branch-misses:u,1148000,100.00,,
     0.880648936,32,,cache-misses:u,1148064,100.00,,
     0.880648936,1527977,,bus-cycles:u,1147968,100.00,,
     0.880648936,9769308,,instructions:u,1147968,100.00,,
     0.881794964,343,,branch-misses:u,1145984,100.00,,
     0.881794964,30,,cache-misses:u,1145920,100.00,,
     0.881794964,1525473,,bus-cycles:u,1145952,100.00,,
     0.881794964,9759769,,instructions:u,1145888,100.00,,
     0.882940865,344,,branch-misses:u,1146080,100.00,,
     0.882940865,35,,cache-misses:u,1146080,100.00,,
     0.882940865,1526502,,bus-cycles:u,1146080,100.00,,
     0.882940865,9757924,,instructions:u,1146144,100.00,,
     0.884088077,342,,branch-misses:u,1147424,100.00,,
     0.884088077,95,,cache-misses:u,1147488,100.00,,
     0.884088077,1523403,,bus-cycles:u,1147456,100.00,,
     0.884088077,9745999,,instructions:u,1147424,100.00,,
     0.885235609,342,,branch-misses:u,1147680,100.00,,
     0.885235609,31,,cache-misses:u,1147680,100.00,,
     0.885235609,1528026,,bus-cycles:u,1147648,100.00,,
     0.885235609,9775983,,instructions:u,1147680,100.00,,
     0.886381861,343,,branch-misses:u,1146432,100.00,,
     0.886381861,37,,cache-misses:u,1146368,100.00,,
     0.886381861,1526905,,bus-cycles:u,1146368,100.00,,
     0.886381861,9768342,,instructions:u,1146304,100.00,,
     0.887528913,344,,branch-misses:u,1147648,100.00,,
     0.887528913,112,,cache-misses:u,1147680,100.00,,
     0.887528913,1522495,,bus-cycles:u,1147776,100.00,,
     0.887528913,9740552,,instructions:u,1147840,100.00,,
     0.888676669,342,,branch-misses:u,1147520,100.00,,
     0.888676669,35,,cache-misses:u,1147488,100.00,,
     0.888676669,1528024,,bus-cycles:u,1147456,100.00,,
     0.888676669,9777258,,instructions:u,1147456,100.00,,
     0.889822538,342,,branch-misses:u,1146080,100.00,,
     0.889822538,31,,cache-misses:u,1146112,100.00,,
     0.889822538,1525392,,bus-cycles:u,1146080,100.00,,
     0.889822538,9753911,,instructions:u,1146080,100.00,,
     0.890968470,342,,branch-misses:u,1146048,100.00,,
     0.890968470,33,,cache-misses:u,1146080,100.00,,
     0.890968470,1525604,,bus-cycles:u,1146016,100.00,,
     0.890968470,9764477,,instructions:u,1146016,100.00,,
     0.892113763,342,,branch-misses:u,1145824,100.00,,
     0.892113763,101,,cache-misses:u,1145824,100.00,,
     0.892113763,1519352,,bus-cycles:u,1145888,100.00,,
     0.892113763,9713004,,instructions:u,1145888,100.00,,
     0.893271533,346,,branch-misses:u,1157888,100.00,,
     0.893271533,36,,cache-misses:u,1158144,100.00,,
     0.893271533,1541662,,bus-cycles:u,1158176,100.00,,
     0.893271533,9858705,,instructions:u,1158176,100.00,,
     0.894419001,342,,branch-misses:u,1147488,100.00,,
     0.894419001,32,,cache-misses:u,1147200,100.00,,
     0.894419001,1526790,,bus-cycles:u,1147168,100.00,,
     0.894419001,9759717,,instructions:u,1147136,100.00,,
     0.895565766,344,,branch-misses:u,1147328,100.00,,
     0.895565766,107,,cache-misses:u,1147552,100.00,,
     0.895565766,1523065,,bus-cycles:u,1147552,100.00,,
     0.895565766,9750117,,instructions:u,1147552,100.00,,
     0.896714034,342,,branch-misses:u,1148000,100.00,,
     0.896714034,34,,cache-misses:u,1147968,100.00,,
     0.896714034,1527802,,bus-cycles:u,1147968,100.00,,
     0.896714034,9778897,,instructions:u,1148032,100.00,,
     0.897860446,343,,branch-misses:u,1146560,100.00,,
     0.897860446,36,,cache-misses:u,1146464,100.00,,
     0.897860446,1525401,,bus-cycles:u,1146368,100.00,,
     0.897860446,9755199,,instructions:u,1146336,100.00,,
     0.899006698,344,,branch-misses:u,1146528,100.00,,
     0.899006698,37,,cache-misses:u,1146464,100.00,,
     0.899006698,1525787,,bus-cycles:u,1146560,100.00,,
     0.899006698,9754015,,instructions:u,1146560,100.00,,
     0.900153686,342,,branch-misses:u,1148032,100.00,,
     0.900153686,93,,cache-misses:u,1147968,100.00,,
     0.900153686,1520397,,bus-cycles:u,1147936,100.00,,
     0.900153686,9722077,,instructions:u,1147936,100.00,,
     0.901301251,341,,branch-misses:u,1146752,100.00,,
     0.901301251,32,,cache-misses:u,1146816,100.00,,
     0.901301251,1525926,,bus-cycles:u,1146848,100.00,,
     0.901301251,9761711,,instructions:u,1146816,100.00,,
     0.902447375,342,,branch-misses:u,1146400,100.00,,
     0.902447375,31,,cache-misses:u,1146336,100.00,,
     0.902447375,1525170,,bus-cycles:u,1146304,100.00,,
     0.902447375,9752997,,instructions:u,1146336,100.00,,
     0.903594011,343,,branch-misses:u,1147104,100.00,,
     0.903594011,109,,cache-misses:u,1147168,100.00,,
     0.903594011,1518961,,bus-cycles:u,1147040,100.00,,
     0.903594011,9725137,,instructions:u,1147008,100.00,,
     0.904741255,342,,branch-misses:u,1147040,100.00,,
     0.904741255,37,,cache-misses:u,1147008,100.00,,
     0.904741255,1526944,,bus-cycles:u,1147104,100.00,,
     0.904741255,9767480,,instructions:u,1147168,100.00,,
     0.905887028,343,,branch-misses:u,1146112,100.00,,
     0.905887028,35,,cache-misses:u,1146080,100.00,,
     0.905887028,1526025,,bus-cycles:u,1146176,100.00,,
     0.905887028,9761638,,instructions:u,1146176,100.00,,
     0.907033184,342,,branch-misses:u,1146176,100.00,,
     0.907033184,33,,cache-misses:u,1146144,100.00,,
     0.907033184,1525269,,bus-cycles:u,1146144,100.00,,
     0.907033184,9762577,,instructions:u,1146048,100.00,,
     0.908189323,345,,branch-misses:u,1156576,100.00,,
     0.908189323,98,,cache-misses:u,1156672,100.00,,
     0.908189323,1533484,,bus-cycles:u,1156640,100.00,,
     0.908189323,9805047,,instructions:u,1156736,100.00,,
     0.909336183,343,,branch-misses:u,1146752,100.00,,
     0.909336183,35,,cache-misses:u,1146720,100.00,,
     0.909336183,1525935,,bus-cycles:u,1146720,100.00,,
     0.909336183,9758615,,instructions:u,1146656,100.00,,
     0.910482147,342,,branch-misses:u,1146240,100.00,,
     0.910482147,36,,cache-misses:u,1146336,100.00,,
     0.910482147,1525236,,bus-cycles:u,1146336,100.00,,
     0.910482147,9760200,,instructions:u,1146368,100.00,,
     0.911629488,341,,branch-misses:u,1147904,100.00,,
     0.911629488,109,,cache-misses:u,1147840,100.00,,
     0.911629488,1522051,,bus-cycles:u,1147872,100.00,,
     0.911629488,9740232,,instructions:u,1147840,100.00,,
     0.912777276,343,,branch-misses:u,1147616,100.00,,
     0.912777276,34,,cache-misses:u,1147616,100.00,,
     0.912777276,1526869,,bus-cycles:u,1147584,100.00,,
     0.912777276,9771287,,instructions:u,1147616,100.00,,
     0.913935334,345,,branch-misses:u,1158464,100.00,,
     0.913935334,33,,cache-misses:u,1158720,100.00,,
     0.913935334,1541795,,bus-cycles:u,1158752,100.00,,
     0.913935334,9866412,,instructions:u,1158720,100.00,,
     0.915082418,343,,branch-misses:u,1147040,100.00,,
     0.915082418,37,,cache-misses:u,1146688,100.00,,
     0.915082418,1525213,,bus-cycles:u,1146720,100.00,,
     0.915082418,9750082,,instructions:u,1146624,100.00,,
     0.916238941,345,,branch-misses:u,1156960,100.00,,
     0.916238941,93,,cache-misses:u,1157344,100.00,,
     0.916238941,1535632,,bus-cycles:u,1157248,100.00,,
     0.916238941,9824011,,instructions:u,1157376,100.00,,
     0.917386441,343,,branch-misses:u,1147424,100.00,,
     0.917386441,32,,cache-misses:u,1147072,100.00,,
     0.917386441,1526509,,bus-cycles:u,1147104,100.00,,
     0.917386441,9761900,,instructions:u,1147104,100.00,,
     0.918532726,341,,branch-misses:u,1146400,100.00,,
     0.918532726,32,,cache-misses:u,1146656,100.00,,
     0.918532726,1525277,,bus-cycles:u,1146560,100.00,,
     0.918532726,9747260,,instructions:u,1146624,100.00,,
     0.919680290,344,,branch-misses:u,1148384,100.00,,
     0.919680290,108,,cache-misses:u,1148416,100.00,,
     0.919680290,1520088,,bus-cycles:u,1148544,100.00,,
     0.919680290,9727008,,instructions:u,1148544,100.00,,
     0.920831757,343,,branch-misses:u,1151136,100.00,,
     0.920831757,35,,cache-misses:u,1151136,100.00,,
     0.920831757,1531646,,bus-cycles:u,1151040,100.00,,
     0.920831757,9794118,,instructions:u,1151008,100.00,,
     0.921978361,342,,branch-misses:u,1146656,100.00,,
     0.921978361,33,,cache-misses:u,1146624,100.00,,
     0.921978361,1526803,,bus-cycles:u,1146752,100.00,,
     0.921978361,9759175,,instructions:u,1146720,100.00,,
     0.923129093,343,,branch-misses:u,1151296,100.00,,
     0.923129093,44,,cache-misses:u,1151424,100.00,,
     0.923129093,1527477,,bus-cycles:u,1151424,100.00,,
     0.923129093,9776189,,instructions:u,1151392,100.00,,
     0.924276785,341,,branch-misses:u,1147456,100.00,,
     0.924276785,82,,cache-misses:u,1147136,100.00,,
     0.924276785,1527071,,bus-cycles:u,1147008,100.00,,
     0.924276785,9768071,,instructions:u,1147072,100.00,,
     0.925421566,344,,branch-misses:u,1144928,100.00,,
     0.925421566,38,,cache-misses:u,1145184,100.00,,
     0.925421566,1524621,,bus-cycles:u,1145248,100.00,,
     0.925421566,9729089,,instructions:u,1145184,100.00,,
     0.926565610,341,,branch-misses:u,1144224,100.00,,
     0.926565610,33,,cache-misses:u,1143904,100.00,,
     0.926565610,1523418,,bus-cycles:u,1143936,100.00,,
     0.926565610,9739646,,instructions:u,1144000,100.00,,
     0.927710935,342,,branch-misses:u,1146048,100.00,,
     0.927710935,103,,cache-misses:u,1146144,100.00,,
     0.927710935,1519025,,bus-cycles:u,1146176,100.00,,
     0.927710935,9714453,,instructions:u,1146208,100.00,,
     0.928861795,344,,branch-misses:u,1150656,100.00,,
     0.928861795,32,,cache-misses:u,1150592,100.00,,
     0.928861795,1531309,,bus-cycles:u,1150496,100.00,,
     0.928861795,9789809,,instructions:u,1150400,100.00,,
     0.930007855,341,,branch-misses:u,1146112,100.00,,
     0.930007855,38,,cache-misses:u,1146144,100.00,,
     0.930007855,1525652,,bus-cycles:u,1146144,100.00,,
     0.930007855,9758920,,instructions:u,1146208,100.00,,
     0.931154171,343,,branch-misses:u,1146752,100.00,,
     0.931154171,58,,cache-misses:u,1146720,100.00,,
     0.931154171,1520879,,bus-cycles:u,1146752,100.00,,
     0.931154171,9727137,,instructions:u,1146752,100.00,,
     0.932300871,343,,branch-misses:u,1146624,100.00,,
     0.932300871,67,,cache-misses:u,1146656,100.00,,
     0.932300871,1525698,,bus-cycles:u,1146656,100.00,,
     0.932300871,9753702,,instructions:u,1146624,100.00,,
     0.933446228,341,,branch-misses:u,1145536,100.00,,
     0.933446228,43,,cache-misses:u,1145536,100.00,,
     0.933446228,1524468,,bus-cycles:u,1145440,100.00,,
     0.933446228,9746481,,instructions:u,1145376,100.00,,
     0.934603103,346,,branch-misses:u,1157344,100.00,,
     0.934603103,34,,cache-misses:u,1157312,100.00,,
     0.934603103,1540599,,bus-cycles:u,1157344,100.00,,
     0.934603103,9858330,,instructions:u,1157408,100.00,,
     0.935751211,342,,branch-misses:u,1148224,100.00,,
     0.935751211,100,,cache-misses:u,1148288,100.00,,
     0.935751211,1522079,,bus-cycles:u,1148416,100.00,,
     0.935751211,9734279,,instructions:u,1148384,100.00,,
     0.936899863,343,,branch-misses:u,1149152,100.00,,
     0.936899863,38,,cache-misses:u,1149120,100.00,,
     0.936899863,1527989,,bus-cycles:u,1149088,100.00,,
     0.936899863,9771025,,instructions:u,1149120,100.00,,
     0.938047619,343,,branch-misses:u,1147488,100.00,,
     0.938047619,37,,cache-misses:u,1147488,100.00,,
     0.938047619,1526656,,bus-cycles:u,1147488,100.00,,
     0.938047619,9761853,,instructions:u,1147488,100.00,,
     0.939194735,341,,branch-misses:u,1147584,100.00,,
     0.939194735,56,,cache-misses:u,1147520,100.00,,
     0.939194735,1520405,,bus-cycles:u,1147488,100.00,,
     0.939194735,9717275,,instructions:u,1147456,100.00,,
     0.940342363,341,,branch-misses:u,1147552,100.00,,
     0.940342363,73,,cache-misses:u,1147552,100.00,,
     0.940342363,1526466,,bus-cycles:u,1147584,100.00,,
     0.940342363,9757990,,instructions:u,1147648,100.00,,
     0.941488199,342,,branch-misses:u,1146016,100.00,,
     0.941488199,36,,cache-misses:u,1146016,100.00,,
     0.941488199,1525155,,bus-cycles:u,1146048,100.00,,
     0.941488199,9755036,,instructions:u,1145984,100.00,,
     0.942634356,342,,branch-misses:u,1146304,100.00,,
     0.942634356,38,,cache-misses:u,1146272,100.00,,
     0.942634356,1524710,,bus-cycles:u,1146240,100.00,,
     0.942634356,9749933,,instructions:u,1146272,100.00,,
     0.943781280,343,,branch-misses:u,1147552,100.00,,
     0.943781280,122,,cache-misses:u,1147616,100.00,,
     0.943781280,1519158,,bus-cycles:u,1147552,100.00,,
     0.943781280,9716011,,instructions:u,1147552,100.00,,
     0.944929932,342,,branch-misses:u,1148384,100.00,,
     0.944929932,50,,cache-misses:u,1148384,100.00,,
     0.944929932,1527710,,bus-cycles:u,1148448,100.00,,
     0.944929932,9771234,,instructions:u,1148448,100.00,,
     0.946076504,342,,branch-misses:u,1146720,100.00,,
     0.946076504,35,,cache-misses:u,1146688,100.00,,
     0.946076504,1525628,,bus-cycles:u,1146656,100.00,,
     0.946076504,9756879,,instructions:u,1146688,100.00,,
     0.947223556,342,,branch-misses:u,1147296,100.00,,
     0.947223556,63,,cache-misses:u,1147360,100.00,,
     0.947223556,1523080,,bus-cycles:u,1147360,100.00,,
     0.947223556,9734751,,instructions:u,1147360,100.00,,
     0.948370928,342,,branch-misses:u,1147520,100.00,,
     0.948370928,54,,cache-misses:u,1147552,100.00,,
     0.948370928,1526914,,bus-cycles:u,1147552,100.00,,
     0.948370928,9771330,,instructions:u,1147488,100.00,,
     0.949516765,343,,branch-misses:u,1146016,100.00,,
     0.949516765,38,,cache-misses:u,1145952,100.00,,
     0.949516765,1524242,,bus-cycles:u,1145920,100.00,,
     0.949516765,9747802,,instructions:u,1145920,100.00,,
     0.950662569,342,,branch-misses:u,1145984,100.00,,
     0.950662569,40,,cache-misses:u,1146048,100.00,,
     0.950662569,1524371,,bus-cycles:u,1146080,100.00,,
     0.950662569,9748928,,instructions:u,1146112,100.00,,
     0.951809302,342,,branch-misses:u,1147136,100.00,,
     0.951809302,107,,cache-misses:u,1147136,100.00,,
     0.951809302,1519492,,bus-cycles:u,1147232,100.00,,
     0.951809302,9717360,,instructions:u,1147232,100.00,,
     0.952956642,344,,branch-misses:u,1147360,100.00,,
     0.952956642,31,,cache-misses:u,1147392,100.00,,
     0.952956642,1526732,,bus-cycles:u,1147264,100.00,,
     0.952956642,9765894,,instructions:u,1147296,100.00,,
     0.954103214,342,,branch-misses:u,1146624,100.00,,
     0.954103214,33,,cache-misses:u,1146496,100.00,,
     0.954103214,1525984,,bus-cycles:u,1146496,100.00,,
     0.954103214,9764021,,instructions:u,1146464,100.00,,
     0.955249882,343,,branch-misses:u,1147168,100.00,,
     0.955249882,75,,cache-misses:u,1147328,100.00,,
     0.955249882,1520620,,bus-cycles:u,1147328,100.00,,
     0.955249882,9720458,,instructions:u,1147328,100.00,,
     0.956408549,346,,branch-misses:u,1159360,100.00,,
     0.956408549,55,,cache-misses:u,1159488,100.00,,
     0.956408549,1542040,,bus-cycles:u,1159456,100.00,,
     0.956408549,9868659,,instructions:u,1159456,100.00,,
     0.957555761,343,,branch-misses:u,1146560,100.00,,
     0.957555761,35,,cache-misses:u,1146304,100.00,,
     0.957555761,1525143,,bus-cycles:u,1146240,100.00,,
     0.957555761,9755229,,instructions:u,1146208,100.00,,
     0.958700797,341,,branch-misses:u,1145312,100.00,,
     0.958700797,30,,cache-misses:u,1145312,100.00,,
     0.958700797,1524898,,bus-cycles:u,1145440,100.00,,
     0.958700797,9747592,,instructions:u,1145376,100.00,,
     0.959846826,342,,branch-misses:u,1146400,100.00,,
     0.959846826,100,,cache-misses:u,1146496,100.00,,
     0.959846826,1519438,,bus-cycles:u,1146432,100.00,,
     0.959846826,9715313,,instructions:u,1146528,100.00,,
     0.960994006,343,,branch-misses:u,1147104,100.00,,
     0.960994006,36,,cache-misses:u,1147072,100.00,,
     0.960994006,1527398,,bus-cycles:u,1147104,100.00,,
     0.960994006,9766079,,instructions:u,1147072,100.00,,
     0.962140066,342,,branch-misses:u,1146176,100.00,,
     0.962140066,42,,cache-misses:u,1146208,100.00,,
     0.962140066,1525932,,bus-cycles:u,1146240,100.00,,
     0.962140066,9753162,,instructions:u,1146304,100.00,,
     0.963287278,342,,branch-misses:u,1147488,100.00,,
     0.963287278,94,,cache-misses:u,1147424,100.00,,
     0.963287278,1521576,,bus-cycles:u,1147424,100.00,,
     0.963287278,9736460,,instructions:u,1147392,100.00,,
     0.964434267,342,,branch-misses:u,1147040,100.00,,
     0.964434267,45,,cache-misses:u,1147104,100.00,,
     0.964434267,1527053,,bus-cycles:u,1147136,100.00,,
     0.964434267,9768423,,instructions:u,1147168,100.00,,
     0.965579975,342,,branch-misses:u,1145952,100.00,,
     0.965579975,31,,cache-misses:u,1145824,100.00,,
     0.965579975,1525358,,bus-cycles:u,1145760,100.00,,
     0.965579975,9760364,,instructions:u,1145728,100.00,,
     0.966725395,343,,branch-misses:u,1145568,100.00,,
     0.966725395,39,,cache-misses:u,1145568,100.00,,
     0.966725395,1524931,,bus-cycles:u,1145632,100.00,,
     0.966725395,9753335,,instructions:u,1145664,100.00,,
     0.967872032,341,,branch-misses:u,1146848,100.00,,
     0.967872032,120,,cache-misses:u,1146944,100.00,,
     0.967872032,1521371,,bus-cycles:u,1146944,100.00,,
     0.967872032,9724302,,instructions:u,1146976,100.00,,
     0.969019244,342,,branch-misses:u,1147360,100.00,,
     0.969019244,29,,cache-misses:u,1147264,100.00,,
     0.969019244,1526827,,bus-cycles:u,1147264,100.00,,
     0.969019244,9764456,,instructions:u,1147232,100.00,,
     0.970164792,341,,branch-misses:u,1145760,100.00,,
     0.970164792,30,,cache-misses:u,1145792,100.00,,
     0.970164792,1524536,,bus-cycles:u,1145824,100.00,,
     0.970164792,9752380,,instructions:u,1145792,100.00,,
     0.971311749,342,,branch-misses:u,1147104,100.00,,
     0.971311749,91,,cache-misses:u,1147200,100.00,,
     0.971311749,1521048,,bus-cycles:u,1147168,100.00,,
     0.971311749,9727021,,instructions:u,1147200,100.00,,
     0.972458961,343,,branch-misses:u,1147328,100.00,,
     0.972458961,45,,cache-misses:u,1147296,100.00,,
     0.972458961,1525546,,bus-cycles:u,1147264,100.00,,
     0.972458961,9755338,,instructions:u,1147264,100.00,,
     0.973604669,341,,branch-misses:u,1145984,100.00,,
     0.973604669,39,,cache-misses:u,1145984,100.00,,
     0.973604669,1525032,,bus-cycles:u,1145984,100.00,,
     0.973604669,9750642,,instructions:u,1145952,100.00,,
     0.974751401,342,,branch-misses:u,1146976,100.00,,
     0.974751401,30,,cache-misses:u,1146976,100.00,,
     0.974751401,1525060,,bus-cycles:u,1147008,100.00,,
     0.974751401,9755699,,instructions:u,1147040,100.00,,
     0.975899317,342,,branch-misses:u,1148416,100.00,,
     0.975899317,101,,cache-misses:u,1148416,100.00,,
     0.975899317,1522506,,bus-cycles:u,1148416,100.00,,
     0.975899317,9745922,,instructions:u,1148320,100.00,,
     0.977062943,349,,branch-misses:u,1163872,100.00,,
     0.977062943,35,,cache-misses:u,1164128,100.00,,
     0.977062943,1548898,,bus-cycles:u,1164160,100.00,,
     0.977062943,9900464,,instructions:u,1164224,100.00,,
     0.978209899,342,,branch-misses:u,1146752,100.00,,
     0.978209899,37,,cache-misses:u,1146496,100.00,,
     0.978209899,1525354,,bus-cycles:u,1146464,100.00,,
     0.978209899,9752599,,instructions:u,1146400,100.00,,
     0.979355864,342,,branch-misses:u,1146208,100.00,,
     0.979355864,103,,cache-misses:u,1146240,100.00,,
     0.979355864,1521436,,bus-cycles:u,1146240,100.00,,
     0.979355864,9725218,,instructions:u,1146304,100.00,,
     0.980502180,342,,branch-misses:u,1146368,100.00,,
     0.980502180,35,,cache-misses:u,1146240,100.00,,
     0.980502180,1524989,,bus-cycles:u,1146240,100.00,,
     0.980502180,9754833,,instructions:u,1146272,100.00,,
     0.981646321,341,,branch-misses:u,1144320,100.00,,
     0.981646321,32,,cache-misses:u,1144384,100.00,,
     0.981646321,1522391,,bus-cycles:u,1144384,100.00,,
     0.981646321,9737289,,instructions:u,1144352,100.00,,
     0.982791165,342,,branch-misses:u,1145024,100.00,,
     0.982791165,31,,cache-misses:u,1144960,100.00,,
     0.982791165,1523855,,bus-cycles:u,1144928,100.00,,
     0.982791165,9746450,,instructions:u,1144928,100.00,,
     0.983936554,341,,branch-misses:u,1146176,100.00,,
     0.983936554,108,,cache-misses:u,1146272,100.00,,
     0.983936554,1520995,,bus-cycles:u,1146240,100.00,,
     0.983936554,9727040,,instructions:u,1146272,100.00,,
     0.985087957,345,,branch-misses:u,1151136,100.00,,
     0.985087957,45,,cache-misses:u,1151072,100.00,,
     0.985087957,1532003,,bus-cycles:u,1151104,100.00,,
     0.985087957,9794053,,instructions:u,1151104,100.00,,
     0.986235041,341,,branch-misses:u,1147104,100.00,,
     0.986235041,36,,cache-misses:u,1147104,100.00,,
     0.986235041,1526818,,bus-cycles:u,1147136,100.00,,
     0.986235041,9769070,,instructions:u,1147104,100.00,,
     0.987382669,341,,branch-misses:u,1148128,100.00,,
     0.987382669,102,,cache-misses:u,1148096,100.00,,
     0.987382669,1520903,,bus-cycles:u,1148064,100.00,,
     0.987382669,9726217,,instructions:u,1148064,100.00,,
     0.988530490,343,,branch-misses:u,1147712,100.00,,
     0.988530490,40,,cache-misses:u,1147712,100.00,,
     0.988530490,1527246,,bus-cycles:u,1147680,100.00,,
     0.988530490,9763766,,instructions:u,1147648,100.00,,
     0.989676454,343,,branch-misses:u,1146112,100.00,,
     0.989676454,38,,cache-misses:u,1146176,100.00,,
     0.989676454,1526164,,bus-cycles:u,1146176,100.00,,
     0.989676454,9760348,,instructions:u,1146176,100.00,,
     0.990822450,343,,branch-misses:u,1146272,100.00,,
     0.990822450,44,,cache-misses:u,1146176,100.00,,
     0.990822450,1526071,,bus-cycles:u,1146176,100.00,,
     0.990822450,9757074,,instructions:u,1146176,100.00,,
     0.991969886,343,,branch-misses:u,1147552,100.00,,
     0.991969886,102,,cache-misses:u,1147584,100.00,,
     0.991969886,1523582,,bus-cycles:u,1147616,100.00,,
     0.991969886,9743614,,instructions:u,1147680,100.00,,
     0.993118026,341,,branch-misses:u,1148416,100.00,,
     0.993118026,34,,cache-misses:u,1148416,100.00,,
     0.993118026,1527716,,bus-cycles:u,1148384,100.00,,
     0.993118026,9770088,,instructions:u,1148320,100.00,,
     0.994264791,343,,branch-misses:u,1146816,100.00,,
     0.994264791,34,,cache-misses:u,1146880,100.00,,
     0.994264791,1525454,,bus-cycles:u,1146880,100.00,,
     0.994264791,9757507,,instructions:u,1146880,100.00,,
     0.995411939,344,,branch-misses:u,1147712,100.00,,
     0.995411939,126,,cache-misses:u,1147680,100.00,,
     0.995411939,1518255,,bus-cycles:u,1147680,100.00,,
     0.995411939,9712419,,instructions:u,1147744,100.00,,
     0.996559695,342,,branch-misses:u,1147616,100.00,,
     0.996559695,48,,cache-misses:u,1147584,100.00,,
     0.996559695,1526834,,bus-cycles:u,1147584,100.00,,
     0.996559695,9768066,,instructions:u,1147520,100.00,,
     0.997705595,342,,branch-misses:u,1146048,100.00,,
     0.997705595,35,,cache-misses:u,1146112,100.00,,
     0.997705595,1525311,,bus-cycles:u,1146144,100.00,,
     0.997705595,9755252,,instructions:u,1146176,100.00,,
     0.998862790,345,,branch-misses:u,1157536,100.00,,
     0.998862790,32,,cache-misses:u,1157504,100.00,,
     0.998862790,1540159,,bus-cycles:u,1157504,100.00,,
     0.998862790,9847707,,instructions:u,1157344,100.00,,
     1.000009650,341,,branch-misses:u,1147232,100.00,,
     1.000009650,105,,cache-misses:u,1147296,100.00,,
     1.000009650,1520569,,bus-cycles:u,1147264,100.00,,
     1.000009650,9722175,,instructions:u,1147424,100.00,,
     1.001157822,343,,branch-misses:u,1148064,100.00,,
     1.001157822,46,,cache-misses:u,1147968,100.00,,
     1.001157822,1527586,,bus-cycles:u,1147968,100.00,,
     1.001157822,9771022,,instructions:u,1147968,100.00,,
     1.002304234,342,,branch-misses:u,1146496,100.00,,
     1.002304234,54,,cache-misses:u,1146560,100.00,,
     1.002304234,1525346,,bus-cycles:u,1146528,100.00,,
     1.002304234,9759276,,instructions:u,1146592,100.00,,
     1.003450999,343,,branch-misses:u,1146976,100.00,,
     1.003450999,105,,cache-misses:u,1147008,100.00,,
     1.003450999,1523191,,bus-cycles:u,1147072,100.00,,
     1.003450999,9754840,,instructions:u,1147008,100.00,,
     1.004598115,342,,branch-misses:u,1147264,100.00,,
     1.004598115,32,,cache-misses:u,1147168,100.00,,
     1.004598115,1526827,,bus-cycles:u,1147200,100.00,,
     1.004598115,9761200,,instructions:u,1147168,100.00,,
     1.005744175,342,,branch-misses:u,1146304,100.00,,
     1.005744175,30,,cache-misses:u,1146432,100.00,,
     1.005744175,1526339,,bus-cycles:u,1146432,100.00,,
     1.005744175,9761984,,instructions:u,1146496,100.00,,
     1.006890620,343,,branch-misses:u,1146592,100.00,,
     1.006890620,39,,cache-misses:u,1146592,100.00,,
     1.006890620,1525612,,bus-cycles:u,1146560,100.00,,
     1.006890620,9733144,,instructions:u,1146528,100.00,,
     1.008037512,341,,branch-misses:u,1147360,100.00,,
     1.008037512,114,,cache-misses:u,1147296,100.00,,
     1.008037512,1519081,,bus-cycles:u,1147296,100.00,,
     1.008037512,9710618,,instructions:u,1147296,100.00,,
     1.009184980,343,,branch-misses:u,1147328,100.00,,
     1.009184980,31,,cache-misses:u,1147296,100.00,,
     1.009184980,1527049,,bus-cycles:u,1147296,100.00,,
     1.009184980,9762772,,instructions:u,1147328,100.00,,
     1.010331200,342,,branch-misses:u,1146400,100.00,,
     1.010331200,36,,cache-misses:u,1146560,100.00,,
     1.010331200,1525296,,bus-cycles:u,1146560,100.00,,
     1.010331200,9761822,,instructions:u,1146560,100.00,,
     1.011477645,342,,branch-misses:u,1146976,100.00,,
     1.011477645,98,,cache-misses:u,1146720,100.00,,
     1.011477645,1521599,,bus-cycles:u,1146720,100.00,,
     1.011477645,9727115,,instructions:u,1146688,100.00,,
     1.012625305,343,,branch-misses:u,1147520,100.00,,
     1.012625305,37,,cache-misses:u,1147744,100.00,,
     1.012625305,1527749,,bus-cycles:u,1147680,100.00,,
     1.012625305,9767288,,instructions:u,1147680,100.00,,
     1.013771429,342,,branch-misses:u,1146336,100.00,,
     1.013771429,37,,cache-misses:u,1146208,100.00,,
     1.013771429,1525920,,bus-cycles:u,1146304,100.00,,
     1.013771429,9753823,,instructions:u,1146176,100.00,,
     1.014917169,342,,branch-misses:u,1145824,100.00,,
     1.014917169,33,,cache-misses:u,1145888,100.00,,
     1.014917169,1526722,,bus-cycles:u,1145856,100.00,,
     1.014917169,9765421,,instructions:u,1145984,100.00,,
     1.016063646,344,,branch-misses:u,1147168,100.00,,
     1.016063646,100,,cache-misses:u,1147136,100.00,,
     1.016063646,1522681,,bus-cycles:u,1147168,100.00,,
     1.016063646,9743756,,instructions:u,1147168,100.00,,
     1.017211146,343,,branch-misses:u,1147296,100.00,,
     1.017211146,37,,cache-misses:u,1147424,100.00,,
     1.017211146,1526912,,bus-cycles:u,1147424,100.00,,
     1.017211146,9766655,,instructions:u,1147456,100.00,,
     1.018357654,343,,branch-misses:u,1146592,100.00,,
     1.018357654,34,,cache-misses:u,1146560,100.00,,
     1.018357654,1526388,,bus-cycles:u,1146560,100.00,,
     1.018357654,9761987,,instructions:u,1146560,100.00,,
     1.019519520,346,,branch-misses:u,1162656,100.00,,
     1.019519520,105,,cache-misses:u,1162880,100.00,,
     1.019519520,1542088,,bus-cycles:u,1162880,100.00,,
     1.019519520,9862173,,instructions:u,1162848,100.00,,
     1.020670124,344,,branch-misses:u,1150208,100.00,,
     1.020670124,32,,cache-misses:u,1149824,100.00,,
     1.020670124,1528582,,bus-cycles:u,1149824,100.00,,
     1.020670124,9782538,,instructions:u,1149856,100.00,,
     1.021817240,342,,branch-misses:u,1147328,100.00,,
     1.021817240,35,,cache-misses:u,1147456,100.00,,
     1.021817240,1527198,,bus-cycles:u,1147392,100.00,,
     1.021817240,9766803,,instructions:u,1147360,100.00,,
     1.022964452,344,,branch-misses:u,1147520,100.00,,
     1.022964452,41,,cache-misses:u,1147328,100.00,,
     1.022964452,1527683,,bus-cycles:u,1147328,100.00,,
     1.022964452,9770487,,instructions:u,1147328,100.00,,
     1.024112272,342,,branch-misses:u,1147840,100.00,,
     1.024112272,94,,cache-misses:u,1147904,100.00,,
     1.024112272,1522586,,bus-cycles:u,1147936,100.00,,
     1.024112272,9737082,,instructions:u,1147968,100.00,,
     1.025260668,342,,branch-misses:u,1148544,100.00,,
     1.025260668,36,,cache-misses:u,1148576,100.00,,
     1.025260668,1528236,,bus-cycles:u,1148576,100.00,,
     1.025260668,9782464,,instructions:u,1148544,100.00,,
     1.026406952,342,,branch-misses:u,1146560,100.00,,
     1.026406952,30,,cache-misses:u,1146560,100.00,,
     1.026406952,1525767,,bus-cycles:u,1146560,100.00,,
     1.026406952,9757673,,instructions:u,1146560,100.00,,
     1.027554453,342,,branch-misses:u,1148064,100.00,,
     1.027554453,104,,cache-misses:u,1148288,100.00,,
     1.027554453,1523136,,bus-cycles:u,1148352,100.00,,
     1.027554453,9748667,,instructions:u,1148352,100.00,,
     1.028703137,343,,branch-misses:u,1148448,100.00,,
     1.028703137,44,,cache-misses:u,1148256,100.00,,
     1.028703137,1527899,,bus-cycles:u,1148192,100.00,,
     1.028703137,9772640,,instructions:u,1148192,100.00,,
     1.029849773,342,,branch-misses:u,1146848,100.00,,
     1.029849773,35,,cache-misses:u,1146816,100.00,,
     1.029849773,1525893,,bus-cycles:u,1146784,100.00,,
     1.029849773,9760626,,instructions:u,1146816,100.00,,
     1.030997017,342,,branch-misses:u,1147520,100.00,,
     1.030997017,38,,cache-misses:u,1147456,100.00,,
     1.030997017,1525693,,bus-cycles:u,1147520,100.00,,
     1.030997017,9759024,,instructions:u,1147456,100.00,,
     1.032145605,342,,branch-misses:u,1149088,100.00,,
     1.032145605,86,,cache-misses:u,1149152,100.00,,
     1.032145605,1523882,,bus-cycles:u,1149088,100.00,,
     1.032145605,9742507,,instructions:u,1149120,100.00,,
     1.033294833,342,,branch-misses:u,1148864,100.00,,
     1.033294833,39,,cache-misses:u,1148832,100.00,,
     1.033294833,1528631,,bus-cycles:u,1148864,100.00,,
     1.033294833,9775107,,instructions:u,1148864,100.00,,
     1.034441469,344,,branch-misses:u,1146912,100.00,,
     1.034441469,38,,cache-misses:u,1146912,100.00,,
     1.034441469,1525974,,bus-cycles:u,1146912,100.00,,
     1.034441469,9770766,,instructions:u,1146912,100.00,,
     1.035589065,345,,branch-misses:u,1148160,100.00,,
     1.035589065,109,,cache-misses:u,1148192,100.00,,
     1.035589065,1521664,,bus-cycles:u,1148160,100.00,,
     1.035589065,9741191,,instructions:u,1148192,100.00,,
     1.036736693,342,,branch-misses:u,1147360,100.00,,
     1.036736693,36,,cache-misses:u,1147392,100.00,,
     1.036736693,1525068,,bus-cycles:u,1147456,100.00,,
     1.036736693,9755317,,instructions:u,1147424,100.00,,
     1.037882882,341,,branch-misses:u,1146016,100.00,,
     1.037882882,31,,cache-misses:u,1145952,100.00,,
     1.037882882,1524441,,bus-cycles:u,1145856,100.00,,
     1.037882882,9740495,,instructions:u,1145888,100.00,,
     1.039027630,341,,branch-misses:u,1145248,100.00,,
     1.039027630,38,,cache-misses:u,1145248,100.00,,
     1.039027630,1523811,,bus-cycles:u,1145248,100.00,,
     1.039027630,9746355,,instructions:u,1145216,100.00,,
     1.040193463,349,,branch-misses:u,1166752,100.00,,
     1.040193463,99,,cache-misses:u,1167104,100.00,,
     1.040193463,1548623,,bus-cycles:u,1167136,100.00,,
     1.040193463,9905856,,instructions:u,1167072,100.00,,
     1.041356641,347,,branch-misses:u,1162944,100.00,,
     1.041356641,38,,cache-misses:u,1162752,100.00,,
     1.041356641,1548194,,bus-cycles:u,1162816,100.00,,
     1.041356641,9905523,,instructions:u,1162816,100.00,,
     1.042506381,343,,branch-misses:u,1149696,100.00,,
     1.042506381,36,,cache-misses:u,1149536,100.00,,
     1.042506381,1529556,,bus-cycles:u,1149504,100.00,,
     1.042506381,9786218,,instructions:u,1149600,100.00,,
     1.043654681,342,,branch-misses:u,1148864,100.00,,
     1.043654681,101,,cache-misses:u,1148992,100.00,,
     1.043654681,1522653,,bus-cycles:u,1148960,100.00,,
     1.043654681,9741134,,instructions:u,1148928,100.00,,
     1.044803493,342,,branch-misses:u,1148544,100.00,,
     1.044803493,31,,cache-misses:u,1148480,100.00,,
     1.044803493,1528427,,bus-cycles:u,1148512,100.00,,
     1.044803493,9774880,,instructions:u,1148544,100.00,,
     1.045950385,343,,branch-misses:u,1147168,100.00,,
     1.045950385,40,,cache-misses:u,1147168,100.00,,
     1.045950385,1526378,,bus-cycles:u,1147072,100.00,,
     1.045950385,9758524,,instructions:u,1147040,100.00,,
     1.047097597,344,,branch-misses:u,1147328,100.00,,
     1.047097597,42,,cache-misses:u,1147264,100.00,,
     1.047097597,1526986,,bus-cycles:u,1147360,100.00,,
     1.047097597,9766294,,instructions:u,1147296,100.00,,
     1.048255176,345,,branch-misses:u,1158208,100.00,,
     1.048255176,79,,cache-misses:u,1158368,100.00,,
     1.048255176,1534141,,bus-cycles:u,1158400,100.00,,
     1.048255176,9807332,,instructions:u,1158496,100.00,,
     1.049403316,342,,branch-misses:u,1147840,100.00,,
     1.049403316,31,,cache-misses:u,1147776,100.00,,
     1.049403316,1527505,,bus-cycles:u,1147744,100.00,,
     1.049403316,9740431,,instructions:u,1147712,100.00,,
     1.050550144,343,,branch-misses:u,1146944,100.00,,
     1.050550144,37,,cache-misses:u,1146944,100.00,,
     1.050550144,1525993,,bus-cycles:u,1146880,100.00,,
     1.050550144,9762496,,instructions:u,1146880,100.00,,
     1.051698060,343,,branch-misses:u,1148448,100.00,,
     1.051698060,102,,cache-misses:u,1148576,100.00,,
     1.051698060,1524353,,bus-cycles:u,1148672,100.00,,
     1.051698060,9756490,,instructions:u,1148672,100.00,,
     1.052847256,341,,branch-misses:u,1149056,100.00,,
     1.052847256,37,,cache-misses:u,1148992,100.00,,
     1.052847256,1529265,,bus-cycles:u,1148928,100.00,,
     1.052847256,9783767,,instructions:u,1148992,100.00,,
     1.053994820,343,,branch-misses:u,1147904,100.00,,
     1.053994820,33,,cache-misses:u,1147712,100.00,,
     1.053994820,1527576,,bus-cycles:u,1147712,100.00,,
     1.053994820,9773407,,instructions:u,1147648,100.00,,
     1.055142864,344,,branch-misses:u,1148160,100.00,,
     1.055142864,53,,cache-misses:u,1148256,100.00,,
     1.055142864,1521682,,bus-cycles:u,1148256,100.00,,
     1.055142864,9734502,,instructions:u,1148256,100.00,,
     1.056290876,343,,branch-misses:u,1148064,100.00,,
     1.056290876,76,,cache-misses:u,1148000,100.00,,
     1.056290876,1527445,,bus-cycles:u,1148064,100.00,,
     1.056290876,9766987,,instructions:u,1148032,100.00,,
     1.057438792,342,,branch-misses:u,1148096,100.00,,
     1.057438792,35,,cache-misses:u,1148128,100.00,,
     1.057438792,1527746,,bus-cycles:u,1148128,100.00,,
     1.057438792,9770951,,instructions:u,1148128,100.00,,
     1.058586196,343,,branch-misses:u,1147232,100.00,,
     1.058586196,30,,cache-misses:u,1147328,100.00,,
     1.058586196,1526273,,bus-cycles:u,1147232,100.00,,
     1.058586196,9759561,,instructions:u,1147328,100.00,,
     1.059733409,342,,branch-misses:u,1147872,100.00,,
     1.059733409,100,,cache-misses:u,1147872,100.00,,
     1.059733409,1521194,,bus-cycles:u,1147872,100.00,,
     1.059733409,9735432,,instructions:u,1147872,100.00,,
     1.060881613,342,,branch-misses:u,1148320,100.00,,
     1.060881613,39,,cache-misses:u,1148224,100.00,,
     1.060881613,1527222,,bus-cycles:u,1148256,100.00,,
     1.060881613,9761139,,instructions:u,1148192,100.00,,
     1.062039511,347,,branch-misses:u,1158336,100.00,,
     1.062039511,34,,cache-misses:u,1158464,100.00,,
     1.062039511,1541880,,bus-cycles:u,1158560,100.00,,
     1.062039511,9856358,,instructions:u,1158624,100.00,,
     1.063187747,341,,branch-misses:u,1148192,100.00,,
     1.063187747,62,,cache-misses:u,1148352,100.00,,
     1.063187747,1524412,,bus-cycles:u,1148352,100.00,,
     1.063187747,9742677,,instructions:u,1148288,100.00,,
     1.064336463,343,,branch-misses:u,1148864,100.00,,
     1.064336463,65,,cache-misses:u,1148640,100.00,,
     1.064336463,1528929,,bus-cycles:u,1148608,100.00,,
     1.064336463,9779460,,instructions:u,1148608,100.00,,
     1.065483547,343,,branch-misses:u,1147200,100.00,,
     1.065483547,35,,cache-misses:u,1147168,100.00,,
     1.065483547,1526665,,bus-cycles:u,1147136,100.00,,
     1.065483547,9758035,,instructions:u,1147168,100.00,,
     1.066629832,342,,branch-misses:u,1146560,100.00,,
     1.066629832,35,,cache-misses:u,1146496,100.00,,
     1.066629832,1526222,,bus-cycles:u,1146496,100.00,,
     1.066629832,9759617,,instructions:u,1146464,100.00,,
     1.067778004,341,,branch-misses:u,1148864,100.00,,
     1.067778004,103,,cache-misses:u,1148992,100.00,,
     1.067778004,1523831,,bus-cycles:u,1148960,100.00,,
     1.067778004,9749203,,instructions:u,1148960,100.00,,
     1.068926400,343,,branch-misses:u,1148032,100.00,,
     1.068926400,37,,cache-misses:u,1148000,100.00,,
     1.068926400,1527796,,bus-cycles:u,1148064,100.00,,
     1.068926400,9768760,,instructions:u,1148064,100.00,,
     1.070073356,340,,branch-misses:u,1147168,100.00,,
     1.070073356,32,,cache-misses:u,1147200,100.00,,
     1.070073356,1526231,,bus-cycles:u,1147200,100.00,,
     1.070073356,9758348,,instructions:u,1147200,100.00,,
     1.071220792,343,,branch-misses:u,1147680,100.00,,
     1.071220792,62,,cache-misses:u,1147680,100.00,,
     1.071220792,1522348,,bus-cycles:u,1147744,100.00,,
     1.071220792,9735681,,instructions:u,1147744,100.00,,
     1.072368868,343,,branch-misses:u,1148256,100.00,,
     1.072368868,56,,cache-misses:u,1148192,100.00,,
     1.072368868,1527635,,bus-cycles:u,1148128,100.00,,
     1.072368868,9769172,,instructions:u,1148128,100.00,,
     1.073515760,342,,branch-misses:u,1146976,100.00,,
     1.073515760,32,,cache-misses:u,1147104,100.00,,
     1.073515760,1526160,,bus-cycles:u,1147040,100.00,,
     1.073515760,9753306,,instructions:u,1147040,100.00,,
     1.074662492,342,,branch-misses:u,1146944,100.00,,
     1.074662492,30,,cache-misses:u,1146752,100.00,,
     1.074662492,1525040,,bus-cycles:u,1146784,100.00,,
     1.074662492,9749885,,instructions:u,1146720,100.00,,
     1.075810376,343,,branch-misses:u,1148384,100.00,,
     1.075810376,101,,cache-misses:u,1148480,100.00,,
     1.075810376,1523271,,bus-cycles:u,1148512,100.00,,
     1.075810376,9739703,,instructions:u,1148480,100.00,,
     1.076958708,343,,branch-misses:u,1148224,100.00,,
     1.076958708,36,,cache-misses:u,1148256,100.00,,
     1.076958708,1527455,,bus-cycles:u,1148224,100.00,,
     1.076958708,9772881,,instructions:u,1148288,100.00,,
     1.078105473,341,,branch-misses:u,1146944,100.00,,
     1.078105473,35,,cache-misses:u,1146848,100.00,,
     1.078105473,1525678,,bus-cycles:u,1146688,100.00,,
     1.078105473,9765069,,instructions:u,1146688,100.00,,
     1.079253069,343,,branch-misses:u,1148160,100.00,,
     1.079253069,78,,cache-misses:u,1148160,100.00,,
     1.079253069,1521434,,bus-cycles:u,1148256,100.00,,
     1.079253069,9728173,,instructions:u,1148288,100.00,,
     1.080402201,343,,branch-misses:u,1148960,100.00,,
     1.080402201,48,,cache-misses:u,1148896,100.00,,
     1.080402201,1528350,,bus-cycles:u,1148928,100.00,,
     1.080402201,9781981,,instructions:u,1148864,100.00,,
     1.081548613,342,,branch-misses:u,1146560,100.00,,
     1.081548613,33,,cache-misses:u,1146656,100.00,,
     1.081548613,1525720,,bus-cycles:u,1146624,100.00,,
     1.081548613,9752788,,instructions:u,1146656,100.00,,
     1.082695409,343,,branch-misses:u,1146880,100.00,,
     1.082695409,32,,cache-misses:u,1146784,100.00,,
     1.082695409,1525890,,bus-cycles:u,1146784,100.00,,
     1.082695409,9767340,,instructions:u,1146848,100.00,,
     1.083852060,345,,branch-misses:u,1157408,100.00,,
     1.083852060,102,,cache-misses:u,1157600,100.00,,
     1.083852060,1534896,,bus-cycles:u,1157600,100.00,,
     1.083852060,9813571,,instructions:u,1157632,100.00,,
     1.085001352,344,,branch-misses:u,1149024,100.00,,
     1.085001352,34,,cache-misses:u,1148928,100.00,,
     1.085001352,1528561,,bus-cycles:u,1148992,100.00,,
     1.085001352,9778224,,instructions:u,1148896,100.00,,
     1.086148820,342,,branch-misses:u,1148032,100.00,,
     1.086148820,40,,cache-misses:u,1148064,100.00,,
     1.086148820,1526894,,bus-cycles:u,1148064,100.00,,
     1.086148820,9762900,,instructions:u,1148064,100.00,,
     1.087297056,342,,branch-misses:u,1148320,100.00,,
     1.087297056,103,,cache-misses:u,1148224,100.00,,
     1.087297056,1523160,,bus-cycles:u,1148288,100.00,,
     1.087297056,9748577,,instructions:u,1148288,100.00,,
     1.088444716,343,,branch-misses:u,1147616,100.00,,
     1.088444716,42,,cache-misses:u,1147840,100.00,,
     1.088444716,1528289,,bus-cycles:u,1147744,100.00,,
     1.088444716,9775385,,instructions:u,1147712,100.00,,
     1.089591288,342,,branch-misses:u,1146592,100.00,,
     1.089591288,34,,cache-misses:u,1146336,100.00,,
     1.089591288,1525830,,bus-cycles:u,1146400,100.00,,
     1.089591288,9772621,,instructions:u,1146464,100.00,,
     1.090736933,342,,branch-misses:u,1145920,100.00,,
     1.090736933,37,,cache-misses:u,1146016,100.00,,
     1.090736933,1526007,,bus-cycles:u,1145920,100.00,,
     1.090736933,9737020,,instructions:u,1145824,100.00,,
     1.091884369,343,,branch-misses:u,1147584,100.00,,
     1.091884369,113,,cache-misses:u,1147584,100.00,,
     1.091884369,1523959,,bus-cycles:u,1147616,100.00,,
     1.091884369,9747417,,instructions:u,1147712,100.00,,
     1.093031517,342,,branch-misses:u,1147328,100.00,,
     1.093031517,38,,cache-misses:u,1147488,100.00,,
     1.093031517,1527624,,bus-cycles:u,1147552,100.00,,
     1.093031517,9766862,,instructions:u,1147584,100.00,,
     1.094177130,340,,branch-misses:u,1145760,100.00,,
     1.094177130,36,,cache-misses:u,1145568,100.00,,
     1.094177130,1525131,,bus-cycles:u,1145600,100.00,,
     1.094177130,9756474,,instructions:u,1145504,100.00,,
     1.095322678,341,,branch-misses:u,1145792,100.00,,
     1.095322678,95,,cache-misses:u,1145856,100.00,,
     1.095322678,1521224,,bus-cycles:u,1145792,100.00,,
     1.095322678,9729055,,instructions:u,1145856,100.00,,
     1.096470530,344,,branch-misses:u,1148000,100.00,,
     1.096470530,41,,cache-misses:u,1147904,100.00,,
     1.096470530,1527894,,bus-cycles:u,1147904,100.00,,
     1.096470530,9770403,,instructions:u,1147936,100.00,,
     1.097615950,342,,branch-misses:u,1145536,100.00,,
     1.097615950,38,,cache-misses:u,1145632,100.00,,
     1.097615950,1524690,,bus-cycles:u,1145664,100.00,,
     1.097615950,9748002,,instructions:u,1145664,100.00,,
     1.098761787,343,,branch-misses:u,1146048,100.00,,
     1.098761787,34,,cache-misses:u,1146016,100.00,,
     1.098761787,1525196,,bus-cycles:u,1145920,100.00,,
     1.098761787,9748512,,instructions:u,1145888,100.00,,
     1.099908359,342,,branch-misses:u,1147296,100.00,,
     1.099908359,105,,cache-misses:u,1147584,100.00,,
     1.099908359,1522409,,bus-cycles:u,1147712,100.00,,
     1.099908359,9747013,,instructions:u,1147712,100.00,,
     1.101059219,343,,branch-misses:u,1150560,100.00,,
     1.101059219,35,,cache-misses:u,1150240,100.00,,
     1.101059219,1531986,,bus-cycles:u,1150112,100.00,,
     1.101059219,9802574,,instructions:u,1150144,100.00,,
     1.102207071,344,,branch-misses:u,1148064,100.00,,
     1.102207071,33,,cache-misses:u,1148064,100.00,,
     1.102207071,1528477,,bus-cycles:u,1148096,100.00,,
     1.102207071,9768479,,instructions:u,1148128,100.00,,
     1.103354475,341,,branch-misses:u,1147616,100.00,,
     1.103354475,100,,cache-misses:u,1147680,100.00,,
     1.103354475,1522743,,bus-cycles:u,1147712,100.00,,
     1.103354475,9732725,,instructions:u,1147680,100.00,,
     1.104514261,345,,branch-misses:u,1160032,100.00,,
     1.104514261,37,,cache-misses:u,1160320,100.00,,
     1.104514261,1544045,,bus-cycles:u,1160352,100.00,,
     1.104514261,9868477,,instructions:u,1160320,100.00,,
     1.105661761,342,,branch-misses:u,1147584,100.00,,
     1.105661761,36,,cache-misses:u,1147296,100.00,,
     1.105661761,1527803,,bus-cycles:u,1147296,100.00,,
     1.105661761,9773609,,instructions:u,1147328,100.00,,
     1.106808174,343,,branch-misses:u,1146560,100.00,,
     1.106808174,32,,cache-misses:u,1146560,100.00,,
     1.106808174,1526802,,bus-cycles:u,1146528,100.00,,
     1.106808174,9760888,,instructions:u,1146464,100.00,,
     1.107955322,342,,branch-misses:u,1147552,100.00,,
     1.107955322,103,,cache-misses:u,1147552,100.00,,
     1.107955322,1522471,,bus-cycles:u,1147552,100.00,,
     1.107955322,9731873,,instructions:u,1147552,100.00,,
     1.109103750,343,,branch-misses:u,1148352,100.00,,
     1.109103750,46,,cache-misses:u,1148288,100.00,,
     1.109103750,1528816,,bus-cycles:u,1148320,100.00,,
     1.109103750,9779181,,instructions:u,1148384,100.00,,
     1.110251122,342,,branch-misses:u,1147584,100.00,,
     1.110251122,31,,cache-misses:u,1147520,100.00,,
     1.110251122,1527590,,bus-cycles:u,1147488,100.00,,
     1.110251122,9766266,,instructions:u,1147456,100.00,,
     1.111398046,342,,branch-misses:u,1147424,100.00,,
     1.111398046,104,,cache-misses:u,1147392,100.00,,
     1.111398046,1521059,,bus-cycles:u,1147456,100.00,,
     1.111398046,9720507,,instructions:u,1147360,100.00,,
     1.112546762,342,,branch-misses:u,1148448,100.00,,
     1.112546762,31,,cache-misses:u,1148608,100.00,,
     1.112546762,1528987,,bus-cycles:u,1148544,100.00,,
     1.112546762,9782060,,instructions:u,1148672,100.00,,
     1.113693814,343,,branch-misses:u,1147328,100.00,,
     1.113693814,40,,cache-misses:u,1147232,100.00,,
     1.113693814,1526501,,bus-cycles:u,1147232,100.00,,
     1.113693814,9755444,,instructions:u,1147232,100.00,,
     1.114840579,342,,branch-misses:u,1146912,100.00,,
     1.114840579,48,,cache-misses:u,1146976,100.00,,
     1.114840579,1526878,,bus-cycles:u,1147008,100.00,,
     1.114840579,9762871,,instructions:u,1146976,100.00,,
     1.115987951,342,,branch-misses:u,1147872,100.00,,
     1.115987951,106,,cache-misses:u,1147936,100.00,,
     1.115987951,1523011,,bus-cycles:u,1147936,100.00,,
     1.115987951,9745891,,instructions:u,1147936,100.00,,
     1.117136379,343,,branch-misses:u,1148320,100.00,,
     1.117136379,34,,cache-misses:u,1148224,100.00,,
     1.117136379,1528485,,bus-cycles:u,1148192,100.00,,
     1.117136379,9777261,,instructions:u,1148192,100.00,,
     1.118283431,344,,branch-misses:u,1147200,100.00,,
     1.118283431,34,,cache-misses:u,1147200,100.00,,
     1.118283431,1527352,,bus-cycles:u,1147200,100.00,,
     1.118283431,9768103,,instructions:u,1147136,100.00,,
     1.119430611,344,,branch-misses:u,1147360,100.00,,
     1.119430611,112,,cache-misses:u,1147488,100.00,,
     1.119430611,1523976,,bus-cycles:u,1147488,100.00,,
     1.119430611,9752822,,instructions:u,1147584,100.00,,
     1.120578591,342,,branch-misses:u,1148128,100.00,,
     1.120578591,35,,cache-misses:u,1148032,100.00,,
     1.120578591,1527690,,bus-cycles:u,1148032,100.00,,
     1.120578591,9763455,,instructions:u,1147968,100.00,,
     1.121725451,342,,branch-misses:u,1147104,100.00,,
     1.121725451,32,,cache-misses:u,1147136,100.00,,
     1.121725451,1526716,,bus-cycles:u,1147168,100.00,,
     1.121725451,9766088,,instructions:u,1147232,100.00,,
     1.122872600,342,,branch-misses:u,1147392,100.00,,
     1.122872600,35,,cache-misses:u,1147328,100.00,,
     1.122872600,1527031,,bus-cycles:u,1147392,100.00,,
     1.122872600,9769093,,instructions:u,1147360,100.00,,
     1.124020292,344,,branch-misses:u,1148160,100.00,,
     1.124020292,123,,cache-misses:u,1148288,100.00,,
     1.124020292,1520015,,bus-cycles:u,1148128,100.00,,
     1.124020292,9724503,,instructions:u,1148160,100.00,,
     1.125181518,346,,branch-misses:u,1161312,100.00,,
     1.125181518,33,,cache-misses:u,1161568,100.00,,
     1.125181518,1546856,,bus-cycles:u,1161696,100.00,,
     1.125181518,9889688,,instructions:u,1161664,100.00,,
     1.126329594,342,,branch-misses:u,1148096,100.00,,
     1.126329594,30,,cache-misses:u,1147744,100.00,,
     1.126329594,1527135,,bus-cycles:u,1147712,100.00,,
     1.126329594,9764098,,instructions:u,1147744,100.00,,
     1.127477222,342,,branch-misses:u,1148160,100.00,,
     1.127477222,111,,cache-misses:u,1148192,100.00,,
     1.127477222,1522184,,bus-cycles:u,1148256,100.00,,
     1.127477222,9743869,,instructions:u,1148256,100.00,,
     1.128625234,341,,branch-misses:u,1147744,100.00,,
     1.128625234,36,,cache-misses:u,1147744,100.00,,
     1.128625234,1527378,,bus-cycles:u,1147648,100.00,,
     1.128625234,9771611,,instructions:u,1147648,100.00,,
     1.129771422,343,,branch-misses:u,1146304,100.00,,
     1.129771422,30,,cache-misses:u,1146240,100.00,,
     1.129771422,1525254,,bus-cycles:u,1146272,100.00,,
     1.129771422,9750056,,instructions:u,1146176,100.00,,
     1.130917802,342,,branch-misses:u,1146528,100.00,,
     1.130917802,35,,cache-misses:u,1146560,100.00,,
     1.130917802,1525737,,bus-cycles:u,1146496,100.00,,
     1.130917802,9754535,,instructions:u,1146560,100.00,,
     1.132065847,341,,branch-misses:u,1148320,100.00,,
     1.132065847,103,,cache-misses:u,1148384,100.00,,
     1.132065847,1521073,,bus-cycles:u,1148448,100.00,,
     1.132065847,9729685,,instructions:u,1148416,100.00,,
     1.133213955,342,,branch-misses:u,1148256,100.00,,
     1.133213955,35,,cache-misses:u,1148224,100.00,,
     1.133213955,1527308,,bus-cycles:u,1148160,100.00,,
     1.133213955,9771805,,instructions:u,1148160,100.00,,
     1.134361295,341,,branch-misses:u,1147520,100.00,,
     1.134361295,36,,cache-misses:u,1147424,100.00,,
     1.134361295,1527140,,bus-cycles:u,1147456,100.00,,
     1.134361295,9743540,,instructions:u,1147424,100.00,,
     1.135508827,343,,branch-misses:u,1147776,100.00,,
     1.135508827,109,,cache-misses:u,1147840,100.00,,
     1.135508827,1522699,,bus-cycles:u,1147840,100.00,,
     1.135508827,9738301,,instructions:u,1147904,100.00,,
     1.136657447,343,,branch-misses:u,1148800,100.00,,
     1.136657447,36,,cache-misses:u,1148704,100.00,,
     1.136657447,1528910,,bus-cycles:u,1148640,100.00,,
     1.136657447,9776862,,instructions:u,1148640,100.00,,
     1.137804403,343,,branch-misses:u,1147040,100.00,,
     1.137804403,33,,cache-misses:u,1147232,100.00,,
     1.137804403,1526593,,bus-cycles:u,1147264,100.00,,
     1.137804403,9758849,,instructions:u,1147264,100.00,,
     1.138951295,342,,branch-misses:u,1147104,100.00,,
     1.138951295,31,,cache-misses:u,1147008,100.00,,
     1.138951295,1526510,,bus-cycles:u,1147072,100.00,,
     1.138951295,9768281,,instructions:u,1147072,100.00,,
     1.140099307,342,,branch-misses:u,1148288,100.00,,
     1.140099307,107,,cache-misses:u,1148288,100.00,,
     1.140099307,1522449,,bus-cycles:u,1148224,100.00,,
     1.140099307,9737205,,instructions:u,1148256,100.00,,
     1.141247863,343,,branch-misses:u,1148640,100.00,,
     1.141247863,34,,cache-misses:u,1148704,100.00,,
     1.141247863,1527803,,bus-cycles:u,1148768,100.00,,
     1.141247863,9765954,,instructions:u,1148736,100.00,,
     1.142395331,342,,branch-misses:u,1147616,100.00,,
     1.142395331,33,,cache-misses:u,1147552,100.00,,
     1.142395331,1526611,,bus-cycles:u,1147552,100.00,,
     1.142395331,9762301,,instructions:u,1147584,100.00,,
     1.143542926,343,,branch-misses:u,1148160,100.00,,
     1.143542926,104,,cache-misses:u,1148224,100.00,,
     1.143542926,1523908,,bus-cycles:u,1148160,100.00,,
     1.143542926,9747740,,instructions:u,1148128,100.00,,
     1.144691734,343,,branch-misses:u,1148768,100.00,,
     1.144691734,36,,cache-misses:u,1148704,100.00,,
     1.144691734,1529654,,bus-cycles:u,1148736,100.00,,
     1.144691734,9784253,,instructions:u,1148800,100.00,,
     1.145839038,342,,branch-misses:u,1147488,100.00,,
     1.145839038,34,,cache-misses:u,1147424,100.00,,
     1.145839038,1527603,,bus-cycles:u,1147520,100.00,,
     1.145839038,9763686,,instructions:u,1147424,100.00,,
     1.146996836,347,,branch-misses:u,1158176,100.00,,
     1.146996836,32,,cache-misses:u,1158528,100.00,,
     1.146996836,1542319,,bus-cycles:u,1158496,100.00,,
     1.146996836,9862027,,instructions:u,1158528,100.00,,
     1.148145707,342,,branch-misses:u,1149152,100.00,,
     1.148145707,108,,cache-misses:u,1148864,100.00,,
     1.148145707,1522571,,bus-cycles:u,1148832,100.00,,
     1.148145707,9736846,,instructions:u,1148864,100.00,,
     1.149295155,342,,branch-misses:u,1149184,100.00,,
     1.149295155,31,,cache-misses:u,1149248,100.00,,
     1.149295155,1529828,,bus-cycles:u,1149184,100.00,,
     1.149295155,9777709,,instructions:u,1149184,100.00,,
     1.150442171,342,,branch-misses:u,1147328,100.00,,
     1.150442171,31,,cache-misses:u,1147264,100.00,,
     1.150442171,1526620,,bus-cycles:u,1147328,100.00,,
     1.150442171,9760051,,instructions:u,1147328,100.00,,
     1.151591171,343,,branch-misses:u,1149152,100.00,,
     1.151591171,112,,cache-misses:u,1149248,100.00,,
     1.151591171,1525055,,bus-cycles:u,1149248,100.00,,
     1.151591171,9755940,,instructions:u,1149216,100.00,,
     1.152738795,343,,branch-misses:u,1147712,100.00,,
     1.152738795,36,,cache-misses:u,1147520,100.00,,
     1.152738795,1526977,,bus-cycles:u,1147424,100.00,,
     1.152738795,9764868,,instructions:u,1147424,100.00,,
     1.153884467,342,,branch-misses:u,1145856,100.00,,
     1.153884467,39,,cache-misses:u,1145920,100.00,,
     1.153884467,1525271,,bus-cycles:u,1145952,100.00,,
     1.153884467,9763818,,instructions:u,1145920,100.00,,
     1.155030619,341,,branch-misses:u,1146016,100.00,,
     1.155030619,33,,cache-misses:u,1145984,100.00,,
     1.155030619,1524263,,bus-cycles:u,1146048,100.00,,
     1.155030619,9746463,,instructions:u,1145984,100.00,,
     1.156196576,347,,branch-misses:u,1156832,100.00,,
     1.156196576,202,,cache-misses:u,1157728,100.00,,
     1.156196576,1521531,,bus-cycles:u,1158016,100.00,,
     1.156196576,9723255,,instructions:u,1158208,100.00,,
     1.157359973,345,,branch-misses:u,1162240,100.00,,
     1.157359973,34,,cache-misses:u,1161696,100.00,,
     1.157359973,1543674,,bus-cycles:u,1161344,100.00,,
     1.157359973,9879732,,instructions:u,1161280,100.00,,
     1.158510189,343,,branch-misses:u,1150144,100.00,,
     1.158510189,42,,cache-misses:u,1150080,100.00,,
     1.158510189,1529011,,bus-cycles:u,1150048,100.00,,
     1.158510189,9777469,,instructions:u,1150016,100.00,,
     1.159658420,342,,branch-misses:u,1148768,100.00,,
     1.159658420,126,,cache-misses:u,1148768,100.00,,
     1.159658420,1519842,,bus-cycles:u,1148896,100.00,,
     1.159658420,9714788,,instructions:u,1148896,100.00,,
     1.160807484,342,,branch-misses:u,1148928,100.00,,
     1.160807484,35,,cache-misses:u,1148864,100.00,,
     1.160807484,1527607,,bus-cycles:u,1148800,100.00,,
     1.160807484,9771458,,instructions:u,1148864,100.00,,
     1.161955012,342,,branch-misses:u,1147648,100.00,,
     1.161955012,39,,cache-misses:u,1147488,100.00,,
     1.161955012,1525927,,bus-cycles:u,1147552,100.00,,
     1.161955012,9761092,,instructions:u,1147520,100.00,,
     1.163101804,342,,branch-misses:u,1146912,100.00,,
     1.163101804,35,,cache-misses:u,1146976,100.00,,
     1.163101804,1526182,,bus-cycles:u,1146944,100.00,,
     1.163101804,9758060,,instructions:u,1146944,100.00,,
     1.164261810,346,,branch-misses:u,1160704,100.00,,
     1.164261810,78,,cache-misses:u,1160672,100.00,,
     1.164261810,1538462,,bus-cycles:u,1160608,100.00,,
     1.164261810,9833753,,instructions:u,1160608,100.00,,
     1.165409306,342,,branch-misses:u,1147168,100.00,,
     1.165409306,35,,cache-misses:u,1147072,100.00,,
     1.165409306,1526186,,bus-cycles:u,1147136,100.00,,
     1.165409306,9760581,,instructions:u,1147136,100.00,,
     1.166556546,342,,branch-misses:u,1147488,100.00,,
     1.166556546,35,,cache-misses:u,1147552,100.00,,
     1.166556546,1526083,,bus-cycles:u,1147552,100.00,,
     1.166556546,9761525,,instructions:u,1147520,100.00,,
     1.167718023,346,,branch-misses:u,1162272,100.00,,
     1.167718023,107,,cache-misses:u,1162688,100.00,,
     1.167718023,1541339,,bus-cycles:u,1162656,100.00,,
     1.167718023,9861763,,instructions:u,1162624,100.00,,
     1.168868015,343,,branch-misses:u,1149632,100.00,,
     1.168868015,33,,cache-misses:u,1149440,100.00,,
     1.168868015,1529319,,bus-cycles:u,1149408,100.00,,
     1.168868015,9777498,,instructions:u,1149440,100.00,,
     1.170014391,342,,branch-misses:u,1146656,100.00,,
     1.170014391,38,,cache-misses:u,1146432,100.00,,
     1.170014391,1525131,,bus-cycles:u,1146432,100.00,,
     1.170014391,9751909,,instructions:u,1146400,100.00,,
     1.171161151,341,,branch-misses:u,1146784,100.00,,
     1.171161151,41,,cache-misses:u,1146720,100.00,,
     1.171161151,1520540,,bus-cycles:u,1146784,100.00,,
     1.171161151,9720215,,instructions:u,1146784,100.00,,
     1.172307943,342,,branch-misses:u,1146976,100.00,,
     1.172307943,72,,cache-misses:u,1147296,100.00,,
     1.172307943,1526201,,bus-cycles:u,1147264,100.00,,
     1.172307943,9764829,,instructions:u,1147296,100.00,,
     1.173454319,342,,branch-misses:u,1146496,100.00,,
     1.173454319,33,,cache-misses:u,1146080,100.00,,
     1.173454319,1524800,,bus-cycles:u,1146048,100.00,,
     1.173454319,9743883,,instructions:u,1146048,100.00,,
     1.174599863,343,,branch-misses:u,1145856,100.00,,
     1.174599863,33,,cache-misses:u,1145920,100.00,,
     1.174599863,1523840,,bus-cycles:u,1145888,100.00,,
     1.174599863,9744824,,instructions:u,1145856,100.00,,
     1.175746239,342,,branch-misses:u,1146976,100.00,,
     1.175746239,102,,cache-misses:u,1147424,100.00,,
     1.175746239,1522455,,bus-cycles:u,1147616,100.00,,
     1.175746239,9735969,,instructions:u,1147712,100.00,,
     1.176898183,342,,branch-misses:u,1151712,100.00,,
     1.176898183,33,,cache-misses:u,1151648,100.00,,
     1.176898183,1532241,,bus-cycles:u,1151520,100.00,,
     1.176898183,9798452,,instructions:u,1151456,100.00,,
     1.178045199,342,,branch-misses:u,1147136,100.00,,
     1.178045199,33,,cache-misses:u,1146752,100.00,,
     1.178045199,1525478,,bus-cycles:u,1146784,100.00,,
     1.178045199,9752592,,instructions:u,1146784,100.00,,
     1.179193174,342,,branch-misses:u,1148416,100.00,,
     1.179193174,66,,cache-misses:u,1148480,100.00,,
     1.179193174,1522819,,bus-cycles:u,1148480,100.00,,
     1.179193174,9741291,,instructions:u,1148512,100.00,,
     1.180341342,343,,branch-misses:u,1148064,100.00,,
     1.180341342,55,,cache-misses:u,1148096,100.00,,
     1.180341342,1526861,,bus-cycles:u,1148000,100.00,,
     1.180341342,9758521,,instructions:u,1147936,100.00,,
     1.181488134,343,,branch-misses:u,1146912,100.00,,
     1.181488134,35,,cache-misses:u,1146912,100.00,,
     1.181488134,1525572,,bus-cycles:u,1146944,100.00,,
     1.181488134,9755002,,instructions:u,1146944,100.00,,
     1.182634894,341,,branch-misses:u,1147040,100.00,,
     1.182634894,31,,cache-misses:u,1147040,100.00,,
     1.182634894,1525977,,bus-cycles:u,1147072,100.00,,
     1.182634894,9759996,,instructions:u,1147168,100.00,,
     1.183782934,343,,branch-misses:u,1148608,100.00,,
     1.183782934,100,,cache-misses:u,1148608,100.00,,
     1.183782934,1521866,,bus-cycles:u,1148640,100.00,,
     1.183782934,9737832,,instructions:u,1148608,100.00,,
     1.184931422,341,,branch-misses:u,1148320,100.00,,
     1.184931422,36,,cache-misses:u,1148320,100.00,,
     1.184931422,1527079,,bus-cycles:u,1148256,100.00,,
     1.184931422,9761635,,instructions:u,1148256,100.00,,
     1.186078566,344,,branch-misses:u,1147264,100.00,,
     1.186078566,36,,cache-misses:u,1147296,100.00,,
     1.186078566,1526238,,bus-cycles:u,1147232,100.00,,
     1.186078566,9764252,,instructions:u,1147264,100.00,,
     1.187224622,342,,branch-misses:u,1146752,100.00,,
     1.187224622,73,,cache-misses:u,1147008,100.00,,
     1.187224622,1517849,,bus-cycles:u,1147104,100.00,,
     1.187224622,9704812,,instructions:u,1147040,100.00,,
     1.188378261,343,,branch-misses:u,1154368,100.00,,
     1.188378261,61,,cache-misses:u,1154496,100.00,,
     1.188378261,1531757,,bus-cycles:u,1154656,100.00,,
     1.188378261,9797012,,instructions:u,1155072,100.00,,
     1.189548441,346,,branch-misses:u,1169920,100.00,,
     1.189548441,32,,cache-misses:u,1169888,100.00,,
     1.189548441,1551087,,bus-cycles:u,1169728,100.00,,
     1.189548441,9886796,,instructions:u,1169344,100.00,,
     1.190709695,347,,branch-misses:u,1165728,100.00,,
     1.190709695,31,,cache-misses:u,1166944,100.00,,
     1.190709695,1548166,,bus-cycles:u,1169056,100.00,,
     1.190709695,9909618,,instructions:u,1170240,100.00,,
     1.191915229,359,,branch-misses:u,1204704,100.00,,
     1.191915229,105,,cache-misses:u,1204896,100.00,,
     1.191915229,1589105,,bus-cycles:u,1204096,100.00,,
     1.191915229,10159607,,instructions:u,1204192,100.00,,
     1.193123451,359,,branch-misses:u,1207168,100.00,,
     1.193123451,33,,cache-misses:u,1206976,100.00,,
     1.193123451,1601326,,bus-cycles:u,1206944,100.00,,
     1.193123451,10248554,,instructions:u,1206560,100.00,,
     1.194316060,356,,branch-misses:u,1191680,100.00,,
     1.194316060,33,,cache-misses:u,1191072,100.00,,
     1.194316060,1582518,,bus-cycles:u,1190272,100.00,,
     1.194316060,10120228,,instructions:u,1190112,100.00,,
     1.195478018,346,,branch-misses:u,1162624,100.00,,
     1.195478018,108,,cache-misses:u,1162272,100.00,,
     1.195478018,1536921,,bus-cycles:u,1161920,100.00,,
     1.195478018,9823659,,instructions:u,1161216,100.00,,
     1.196635368,344,,branch-misses:u,1155936,100.00,,
     1.196635368,34,,cache-misses:u,1155744,100.00,,
     1.196635368,1538332,,bus-cycles:u,1155680,100.00,,
     1.196635368,9821299,,instructions:u,1155680,100.00,,
     1.197786895,344,,branch-misses:u,1151680,100.00,,
     1.197786895,34,,cache-misses:u,1151712,100.00,,
     1.197786895,1533706,,bus-cycles:u,1151712,100.00,,
     1.197786895,9814034,,instructions:u,1151712,100.00,,
     1.198937847,345,,branch-misses:u,1150912,100.00,,
     1.198937847,38,,cache-misses:u,1150624,100.00,,
     1.198937847,1531856,,bus-cycles:u,1150656,100.00,,
     1.198937847,9797781,,instructions:u,1150688,100.00,,
     1.200088158,344,,branch-misses:u,1150944,100.00,,
     1.200088158,109,,cache-misses:u,1151136,100.00,,
     1.200088158,1527150,,bus-cycles:u,1151232,100.00,,
     1.200088158,9766396,,instructions:u,1151168,100.00,,
     1.201241541,344,,branch-misses:u,1153152,100.00,,
     1.201241541,37,,cache-misses:u,1153216,100.00,,
     1.201241541,1535690,,bus-cycles:u,1153120,100.00,,
     1.201241541,9819565,,instructions:u,1153184,100.00,,
     1.202391980,343,,branch-misses:u,1150432,100.00,,
     1.202391980,37,,cache-misses:u,1150144,100.00,,
     1.202391980,1532194,,bus-cycles:u,1150080,100.00,,
     1.202391980,9802965,,instructions:u,1150048,100.00,,
     1.203540308,345,,branch-misses:u,1148992,100.00,,
     1.203540308,108,,cache-misses:u,1149312,100.00,,
     1.203540308,1525271,,bus-cycles:u,1149376,100.00,,
     1.203540308,9770056,,instructions:u,1149440,100.00,,
     1.204690460,342,,branch-misses:u,1149920,100.00,,
     1.204690460,38,,cache-misses:u,1149472,100.00,,
     1.204690460,1529994,,bus-cycles:u,1149440,100.00,,
     1.204690460,9787224,,instructions:u,1149408,100.00,,
     1.205837732,344,,branch-misses:u,1147424,100.00,,
     1.205837732,29,,cache-misses:u,1147456,100.00,,
     1.205837732,1527345,,bus-cycles:u,1147680,100.00,,
     1.205837732,9777540,,instructions:u,1147584,100.00,,
     1.206985164,342,,branch-misses:u,1147648,100.00,,
     1.206985164,33,,cache-misses:u,1147648,100.00,,
     1.206985164,1527416,,bus-cycles:u,1147392,100.00,,
     1.206985164,9762046,,instructions:u,1147424,100.00,,
     1.208132627,342,,branch-misses:u,1148192,100.00,,
     1.208132627,102,,cache-misses:u,1148288,100.00,,
     1.208132627,1524409,,bus-cycles:u,1148320,100.00,,
     1.208132627,9750103,,instructions:u,1148320,100.00,,
     1.209284123,345,,branch-misses:u,1151200,100.00,,
     1.209284123,33,,cache-misses:u,1151104,100.00,,
     1.209284123,1532268,,bus-cycles:u,1151072,100.00,,
     1.209284123,9799251,,instructions:u,1151008,100.00,,
     1.210465661,353,,branch-misses:u,1182112,100.00,,
     1.210465661,33,,cache-misses:u,1182400,100.00,,
     1.210465661,1574715,,bus-cycles:u,1182400,100.00,,
     1.210465661,10071019,,instructions:u,1182496,100.00,,
     1.211623907,347,,branch-misses:u,1164256,100.00,,
     1.211623907,104,,cache-misses:u,1165952,100.00,,
     1.211623907,1548707,,bus-cycles:u,1167232,100.00,,
     1.211623907,9907555,,instructions:u,1168480,100.00,,
     1.212820131,355,,branch-misses:u,1191808,100.00,,
     1.212820131,36,,cache-misses:u,1190688,100.00,,
     1.212820131,1581023,,bus-cycles:u,1189728,100.00,,
     1.212820131,10099391,,instructions:u,1188800,100.00,,
     1.213976554,345,,branch-misses:u,1155936,100.00,,
     1.213976554,39,,cache-misses:u,1155520,100.00,,
     1.213976554,1537830,,bus-cycles:u,1155264,100.00,,
     1.213976554,9830430,,instructions:u,1155008,100.00,,
     1.215149038,350,,branch-misses:u,1172192,100.00,,
     1.215149038,38,,cache-misses:u,1172064,100.00,,
     1.215149038,1554932,,bus-cycles:u,1172032,100.00,,
     1.215149038,9943854,,instructions:u,1171968,100.00,,
     1.216303700,342,,branch-misses:u,1154432,100.00,,
     1.216303700,77,,cache-misses:u,1154336,100.00,,
     1.216303700,1537841,,bus-cycles:u,1154464,100.00,,
     1.216303700,9831312,,instructions:u,1154400,100.00,,
     1.217452988,345,,branch-misses:u,1149376,100.00,,
     1.217452988,30,,cache-misses:u,1149184,100.00,,
     1.217452988,1530118,,bus-cycles:u,1149056,100.00,,
     1.217452988,9784802,,instructions:u,1149120,100.00,,
     1.218597892,341,,branch-misses:u,1145120,100.00,,
     1.218597892,33,,cache-misses:u,1145088,100.00,,
     1.218597892,1524770,,bus-cycles:u,1145056,100.00,,
     1.218597892,9751413,,instructions:u,1145024,100.00,,
     1.219744780,342,,branch-misses:u,1147296,100.00,,
     1.219744780,106,,cache-misses:u,1147296,100.00,,
     1.219744780,1521708,,bus-cycles:u,1147360,100.00,,
     1.219744780,9734146,,instructions:u,1147392,100.00,,
     1.220891732,342,,branch-misses:u,1146848,100.00,,
     1.220891732,32,,cache-misses:u,1146816,100.00,,
     1.220891732,1526905,,bus-cycles:u,1146656,100.00,,
     1.220891732,9762973,,instructions:u,1146688,100.00,,
     1.222036637,341,,branch-misses:u,1145152,100.00,,
     1.222036637,32,,cache-misses:u,1145056,100.00,,
     1.222036637,1524514,,bus-cycles:u,1145120,100.00,,
     1.222036637,9749883,,instructions:u,1145088,100.00,,
     1.223182213,344,,branch-misses:u,1145984,100.00,,
     1.223182213,66,,cache-misses:u,1146048,100.00,,
     1.223182213,1521263,,bus-cycles:u,1146144,100.00,,
     1.223182213,9725768,,instructions:u,1146144,100.00,,
     1.224328621,342,,branch-misses:u,1146336,100.00,,
     1.224328621,63,,cache-misses:u,1146304,100.00,,
     1.224328621,1526074,,bus-cycles:u,1146304,100.00,,
     1.224328621,9766764,,instructions:u,1146272,100.00,,
     1.225473845,342,,branch-misses:u,1145472,100.00,,
     1.225473845,31,,cache-misses:u,1145536,100.00,,
     1.225473845,1524999,,bus-cycles:u,1145504,100.00,,
     1.225473845,9749751,,instructions:u,1145536,100.00,,
     1.226618686,341,,branch-misses:u,1144896,100.00,,
     1.226618686,33,,cache-misses:u,1144896,100.00,,
     1.226618686,1524418,,bus-cycles:u,1144896,100.00,,
     1.226618686,9753511,,instructions:u,1144896,100.00,,
     1.227764326,342,,branch-misses:u,1146144,100.00,,
     1.227764326,117,,cache-misses:u,1146016,100.00,,
     1.227764326,1518143,,bus-cycles:u,1146016,100.00,,
     1.227764326,9715825,,instructions:u,1146016,100.00,,
     1.228910382,343,,branch-misses:u,1145952,100.00,,
     1.228910382,36,,cache-misses:u,1145920,100.00,,
     1.228910382,1525700,,bus-cycles:u,1145888,100.00,,
     1.228910382,9758744,,instructions:u,1145888,100.00,,
     1.230061269,343,,branch-misses:u,1153248,100.00,,
     1.230061269,35,,cache-misses:u,1154304,100.00,,
     1.230061269,1538054,,bus-cycles:u,1155264,100.00,,
     1.230061269,9840699,,instructions:u,1155904,100.00,,
     1.231227898,350,,branch-misses:u,1165664,100.00,,
     1.231227898,72,,cache-misses:u,1165088,100.00,,
     1.231227898,1543116,,bus-cycles:u,1164256,100.00,,
     1.231227898,9864506,,instructions:u,1163616,100.00,,
     1.232408829,351,,branch-misses:u,1180384,100.00,,
     1.232408829,67,,cache-misses:u,1180512,100.00,,
     1.232408829,1571941,,bus-cycles:u,1180384,100.00,,
     1.232408829,10055687,,instructions:u,1180448,100.00,,
     1.233557764,344,,branch-misses:u,1149024,100.00,,
     1.233557764,34,,cache-misses:u,1148736,100.00,,
     1.233557764,1530199,,bus-cycles:u,1148672,100.00,,
     1.233557764,9788869,,instructions:u,1148608,100.00,,
     1.234705580,344,,branch-misses:u,1147968,100.00,,
     1.234705580,35,,cache-misses:u,1147680,100.00,,
     1.234705580,1528167,,bus-cycles:u,1147712,100.00,,
     1.234705580,9771727,,instructions:u,1147616,100.00,,
     1.235853300,342,,branch-misses:u,1148224,100.00,,
     1.235853300,117,,cache-misses:u,1148256,100.00,,
     1.235853300,1521906,,bus-cycles:u,1148288,100.00,,
     1.235853300,9730298,,instructions:u,1148288,100.00,,
     1.237001788,342,,branch-misses:u,1148416,100.00,,
     1.237001788,31,,cache-misses:u,1148448,100.00,,
     1.237001788,1529334,,bus-cycles:u,1148416,100.00,,
     1.237001788,9780229,,instructions:u,1148448,100.00,,
     1.238148836,342,,branch-misses:u,1147136,100.00,,
     1.238148836,32,,cache-misses:u,1147200,100.00,,
     1.238148836,1527559,,bus-cycles:u,1147136,100.00,,
     1.238148836,9765055,,instructions:u,1147104,100.00,,
     1.239296204,344,,branch-misses:u,1147712,100.00,,
     1.239296204,91,,cache-misses:u,1147808,100.00,,
     1.239296204,1524089,,bus-cycles:u,1147904,100.00,,
     1.239296204,9741614,,instructions:u,1147904,100.00,,
     1.240443380,342,,branch-misses:u,1147104,100.00,,
     1.240443380,42,,cache-misses:u,1147008,100.00,,
     1.240443380,1527683,,bus-cycles:u,1147008,100.00,,
     1.240443380,9769963,,instructions:u,1146944,100.00,,
     1.241588732,341,,branch-misses:u,1145152,100.00,,
     1.241588732,29,,cache-misses:u,1145216,100.00,,
     1.241588732,1524866,,bus-cycles:u,1145184,100.00,,
     1.241588732,9746069,,instructions:u,1145312,100.00,,
     1.242733508,342,,branch-misses:u,1145344,100.00,,
     1.242733508,29,,cache-misses:u,1145280,100.00,,
     1.242733508,1525428,,bus-cycles:u,1145312,100.00,,
     1.242733508,9756505,,instructions:u,1145248,100.00,,
     1.243879276,342,,branch-misses:u,1146432,100.00,,
     1.243879276,118,,cache-misses:u,1146528,100.00,,
     1.243879276,1520161,,bus-cycles:u,1146528,100.00,,
     1.243879276,9720840,,instructions:u,1146592,100.00,,
     1.245029748,345,,branch-misses:u,1150176,100.00,,
     1.245029748,36,,cache-misses:u,1150080,100.00,,
     1.245029748,1531544,,bus-cycles:u,1150016,100.00,,
     1.245029748,9798025,,instructions:u,1150016,100.00,,
     1.246175836,341,,branch-misses:u,1146208,100.00,,
     1.246175836,38,,cache-misses:u,1146144,100.00,,
     1.246175836,1525752,,bus-cycles:u,1146176,100.00,,
     1.246175836,9755275,,instructions:u,1146112,100.00,,
     1.247321828,344,,branch-misses:u,1147264,100.00,,
     1.247321828,129,,cache-misses:u,1147680,100.00,,
     1.247321828,1517700,,bus-cycles:u,1147808,100.00,,
     1.247321828,9715853,,instructions:u,1147968,100.00,,
     1.248480298,345,,branch-misses:u,1158016,100.00,,
     1.248480298,40,,cache-misses:u,1157888,100.00,,
     1.248480298,1539675,,bus-cycles:u,1157792,100.00,,
     1.248480298,9845994,,instructions:u,1157696,100.00,,
     1.249629362,343,,branch-misses:u,1149024,100.00,,
     1.249629362,33,,cache-misses:u,1148768,100.00,,
     1.249629362,1528406,,bus-cycles:u,1148768,100.00,,
     1.249629362,9776695,,instructions:u,1148736,100.00,,
     1.250776666,343,,branch-misses:u,1147392,100.00,,
     1.250776666,38,,cache-misses:u,1147456,100.00,,
     1.250776666,1527067,,bus-cycles:u,1147360,100.00,,
     1.250776666,9755799,,instructions:u,1147296,100.00,,
     1.251923778,341,,branch-misses:u,1147840,100.00,,
     1.251923778,140,,cache-misses:u,1147808,100.00,,
     1.251923778,1521134,,bus-cycles:u,1147904,100.00,,
     1.251923778,9732184,,instructions:u,1147968,100.00,,
     1.253090055,348,,branch-misses:u,1166144,100.00,,
     1.253090055,32,,cache-misses:u,1166368,100.00,,
     1.253090055,1552788,,bus-cycles:u,1166304,100.00,,
     1.253090055,9932460,,instructions:u,1166304,100.00,,
     1.254237934,343,,branch-misses:u,1147936,100.00,,
     1.254237934,31,,cache-misses:u,1147680,100.00,,
     1.254237934,1528007,,bus-cycles:u,1147680,100.00,,
     1.254237934,9771326,,instructions:u,1147680,100.00,,
     1.255383991,342,,branch-misses:u,1146496,100.00,,
     1.255383991,124,,cache-misses:u,1146880,100.00,,
     1.255383991,1519534,,bus-cycles:u,1146976,100.00,,
     1.255383991,9721454,,instructions:u,1147040,100.00,,
     1.256534110,343,,branch-misses:u,1149984,100.00,,
     1.256534110,32,,cache-misses:u,1149632,100.00,,
     1.256534110,1529761,,bus-cycles:u,1149536,100.00,,
     1.256534110,9787735,,instructions:u,1149472,100.00,,
     1.257681190,342,,branch-misses:u,1147264,100.00,,
     1.257681190,31,,cache-misses:u,1147232,100.00,,
     1.257681190,1527109,,bus-cycles:u,1147264,100.00,,
     1.257681190,9755382,,instructions:u,1147200,100.00,,
     1.258828814,342,,branch-misses:u,1147808,100.00,,
     1.258828814,32,,cache-misses:u,1147744,100.00,,
     1.258828814,1528828,,bus-cycles:u,1147680,100.00,,
     1.258828814,9777075,,instructions:u,1147776,100.00,,
     1.259976534,343,,branch-misses:u,1148256,100.00,,
     1.259976534,103,,cache-misses:u,1148288,100.00,,
     1.259976534,1524116,,bus-cycles:u,1148384,100.00,,
     1.259976534,9743897,,instructions:u,1148384,100.00,,
     1.261125821,343,,branch-misses:u,1148992,100.00,,
     1.261125821,38,,cache-misses:u,1149088,100.00,,
     1.261125821,1529810,,bus-cycles:u,1148992,100.00,,
     1.261125821,9780804,,instructions:u,1148992,100.00,,
     1.262272581,342,,branch-misses:u,1146944,100.00,,
     1.262272581,37,,cache-misses:u,1146912,100.00,,
     1.262272581,1526771,,bus-cycles:u,1146944,100.00,,
     1.262272581,9761317,,instructions:u,1146944,100.00,,
     1.263419373,343,,branch-misses:u,1147616,100.00,,
     1.263419373,111,,cache-misses:u,1147872,100.00,,
     1.263419373,1522360,,bus-cycles:u,1147872,100.00,,
     1.263419373,9741778,,instructions:u,1147904,100.00,,
     1.264569557,342,,branch-misses:u,1149824,100.00,,
     1.264569557,35,,cache-misses:u,1149568,100.00,,
     1.264569557,1529479,,bus-cycles:u,1149632,100.00,,
     1.264569557,9783997,,instructions:u,1149568,100.00,,
     1.265715389,342,,branch-misses:u,1145920,100.00,,
     1.265715389,33,,cache-misses:u,1145952,100.00,,
     1.265715389,1525459,,bus-cycles:u,1145920,100.00,,
     1.265715389,9750194,,instructions:u,1145920,100.00,,
     1.266861029,342,,branch-misses:u,1145792,100.00,,
     1.266861029,33,,cache-misses:u,1145760,100.00,,
     1.266861029,1524926,,bus-cycles:u,1145728,100.00,,
     1.266861029,9727930,,instructions:u,1145696,100.00,,
     1.268008013,342,,branch-misses:u,1147872,100.00,,
     1.268008013,120,,cache-misses:u,1148128,100.00,,
     1.268008013,1520892,,bus-cycles:u,1148256,100.00,,
     1.268008013,9734212,,instructions:u,1148288,100.00,,
     1.269161396,343,,branch-misses:u,1153120,100.00,,
     1.269161396,37,,cache-misses:u,1152992,100.00,,
     1.269161396,1535055,,bus-cycles:u,1152832,100.00,,
     1.269161396,9814716,,instructions:u,1152800,100.00,,
     1.270308924,342,,branch-misses:u,1147616,100.00,,
     1.270308924,34,,cache-misses:u,1147584,100.00,,
     1.270308924,1527204,,bus-cycles:u,1147680,100.00,,
     1.270308924,9766073,,instructions:u,1147712,100.00,,
     1.271456996,343,,branch-misses:u,1148736,100.00,,
     1.271456996,105,,cache-misses:u,1148672,100.00,,
     1.271456996,1523594,,bus-cycles:u,1148640,100.00,,
     1.271456996,9742062,,instructions:u,1148672,100.00,,
     1.272605548,344,,branch-misses:u,1148224,100.00,,
     1.272605548,51,,cache-misses:u,1148032,100.00,,
     1.272605548,1525699,,bus-cycles:u,1148064,100.00,,
     1.272605548,9755467,,instructions:u,1148032,100.00,,
     1.273765841,346,,branch-misses:u,1160768,100.00,,
     1.273765841,35,,cache-misses:u,1161024,100.00,,
     1.273765841,1545744,,bus-cycles:u,1160992,100.00,,
     1.273765841,9895380,,instructions:u,1160992,100.00,,
     1.274912985,342,,branch-misses:u,1147104,100.00,,
     1.274912985,30,,cache-misses:u,1147040,100.00,,
     1.274912985,1526993,,bus-cycles:u,1147040,100.00,,
     1.274912985,9771897,,instructions:u,1147104,100.00,,
     1.276059457,342,,branch-misses:u,1147136,100.00,,
     1.276059457,114,,cache-misses:u,1147136,100.00,,
     1.276059457,1521936,,bus-cycles:u,1147136,100.00,,
     1.276059457,9733600,,instructions:u,1147104,100.00,,
     1.277209545,342,,branch-misses:u,1149792,100.00,,
     1.277209545,35,,cache-misses:u,1149728,100.00,,
     1.277209545,1530754,,bus-cycles:u,1149696,100.00,,
     1.277209545,9791265,,instructions:u,1149632,100.00,,
     1.278355281,343,,branch-misses:u,1145792,100.00,,
     1.278355281,31,,cache-misses:u,1145760,100.00,,
     1.278355281,1525053,,bus-cycles:u,1145760,100.00,,
     1.278355281,9748000,,instructions:u,1145760,100.00,,
     1.279501369,342,,branch-misses:u,1147072,100.00,,
     1.279501369,118,,cache-misses:u,1147488,100.00,,
     1.279501369,1521791,,bus-cycles:u,1147616,100.00,,
     1.279501369,9736293,,instructions:u,1147744,100.00,,
     1.280661983,346,,branch-misses:u,1160256,100.00,,
     1.280661983,36,,cache-misses:u,1160192,100.00,,
     1.280661983,1544353,,bus-cycles:u,1160128,100.00,,
     1.280661983,9868469,,instructions:u,1160096,100.00,,
     1.281810855,343,,branch-misses:u,1148896,100.00,,
     1.281810855,33,,cache-misses:u,1148672,100.00,,
     1.281810855,1529060,,bus-cycles:u,1148640,100.00,,
     1.281810855,9773724,,instructions:u,1148640,100.00,,
     1.282957903,343,,branch-misses:u,1147232,100.00,,
     1.282957903,39,,cache-misses:u,1147104,100.00,,
     1.282957903,1526453,,bus-cycles:u,1147136,100.00,,
     1.282957903,9767057,,instructions:u,1147040,100.00,,
     1.284104631,342,,branch-misses:u,1147360,100.00,,
     1.284104631,116,,cache-misses:u,1147360,100.00,,
     1.284104631,1517976,,bus-cycles:u,1147392,100.00,,
     1.284104631,9712767,,instructions:u,1147424,100.00,,
     1.285255454,343,,branch-misses:u,1150560,100.00,,
     1.285255454,46,,cache-misses:u,1150624,100.00,,
     1.285255454,1531690,,bus-cycles:u,1150560,100.00,,
     1.285255454,9791641,,instructions:u,1150528,100.00,,
     1.286403654,343,,branch-misses:u,1148480,100.00,,
     1.286403654,33,,cache-misses:u,1148448,100.00,,
     1.286403654,1528840,,bus-cycles:u,1148384,100.00,,
     1.286403654,9777803,,instructions:u,1148384,100.00,,
     1.287550958,342,,branch-misses:u,1147744,100.00,,
     1.287550958,106,,cache-misses:u,1147744,100.00,,
     1.287550958,1523440,,bus-cycles:u,1147776,100.00,,
     1.287550958,9746338,,instructions:u,1147808,100.00,,
     1.288698934,343,,branch-misses:u,1147712,100.00,,
     1.288698934,44,,cache-misses:u,1147680,100.00,,
     1.288698934,1528096,,bus-cycles:u,1147616,100.00,,
     1.288698934,9772512,,instructions:u,1147584,100.00,,
     1.289845374,343,,branch-misses:u,1146592,100.00,,
     1.289845374,36,,cache-misses:u,1146624,100.00,,
     1.289845374,1526553,,bus-cycles:u,1146720,100.00,,
     1.289845374,9758255,,instructions:u,1146720,100.00,,
     1.290992454,343,,branch-misses:u,1147424,100.00,,
     1.290992454,33,,cache-misses:u,1147488,100.00,,
     1.290992454,1527123,,bus-cycles:u,1147520,100.00,,
     1.290992454,9765772,,instructions:u,1147456,100.00,,
     1.292140653,343,,branch-misses:u,1148736,100.00,,
     1.292140653,94,,cache-misses:u,1148672,100.00,,
     1.292140653,1524181,,bus-cycles:u,1148672,100.00,,
     1.292140653,9748764,,instructions:u,1148736,100.00,,
     1.293288757,342,,branch-misses:u,1147936,100.00,,
     1.293288757,36,,cache-misses:u,1147968,100.00,,
     1.293288757,1528096,,bus-cycles:u,1147872,100.00,,
     1.293288757,9770849,,instructions:u,1147872,100.00,,
     1.294435485,345,,branch-misses:u,1146816,100.00,,
     1.294435485,39,,cache-misses:u,1146880,100.00,,
     1.294435485,1525681,,bus-cycles:u,1146976,100.00,,
     1.294435485,9753783,,instructions:u,1146976,100.00,,
     1.295610305,350,,branch-misses:u,1175680,100.00,,
     1.295610305,109,,cache-misses:u,1175872,100.00,,
     1.295610305,1559507,,bus-cycles:u,1175840,100.00,,
     1.295610305,9973184,,instructions:u,1175936,100.00,,
     1.296761128,343,,branch-misses:u,1150368,100.00,,
     1.296761128,40,,cache-misses:u,1150144,100.00,,
     1.296761128,1531132,,bus-cycles:u,1150144,100.00,,
     1.296761128,9795497,,instructions:u,1150080,100.00,,
     1.297908208,342,,branch-misses:u,1147392,100.00,,
     1.297908208,34,,cache-misses:u,1147264,100.00,,
     1.297908208,1527128,,bus-cycles:u,1147232,100.00,,
     1.297908208,9776971,,instructions:u,1147232,100.00,,
     1.299055064,343,,branch-misses:u,1147008,100.00,,
     1.299055064,33,,cache-misses:u,1146976,100.00,,
     1.299055064,1526577,,bus-cycles:u,1147008,100.00,,
     1.299055064,9764996,,instructions:u,1146976,100.00,,
     1.300213630,346,,branch-misses:u,1158752,100.00,,
     1.300213630,90,,cache-misses:u,1158880,100.00,,
     1.300213630,1538480,,bus-cycles:u,1158880,100.00,,
     1.300213630,9837555,,instructions:u,1158880,100.00,,
     1.301361286,343,,branch-misses:u,1147776,100.00,,
     1.301361286,35,,cache-misses:u,1147616,100.00,,
     1.301361286,1527095,,bus-cycles:u,1147616,100.00,,
     1.301361286,9766097,,instructions:u,1147552,100.00,,
     1.302507918,342,,branch-misses:u,1146816,100.00,,
     1.302507918,28,,cache-misses:u,1146880,100.00,,
     1.302507918,1525765,,bus-cycles:u,1146912,100.00,,
     1.302507918,9752495,,instructions:u,1147008,100.00,,
     1.303656726,342,,branch-misses:u,1149344,100.00,,
     1.303656726,113,,cache-misses:u,1149376,100.00,,
     1.303656726,1524394,,bus-cycles:u,1149376,100.00,,
     1.303656726,9751078,,instructions:u,1149376,100.00,,
     1.304805374,344,,branch-misses:u,1148416,100.00,,
     1.304805374,43,,cache-misses:u,1148384,100.00,,
     1.304805374,1528539,,bus-cycles:u,1148384,100.00,,
     1.304805374,9780734,,instructions:u,1148384,100.00,,
     1.305951910,342,,branch-misses:u,1146720,100.00,,
     1.305951910,34,,cache-misses:u,1146784,100.00,,
     1.305951910,1526702,,bus-cycles:u,1146720,100.00,,
     1.305951910,9770692,,instructions:u,1146688,100.00,,
     1.307098350,342,,branch-misses:u,1146208,100.00,,
     1.307098350,34,,cache-misses:u,1146304,100.00,,
     1.307098350,1525661,,bus-cycles:u,1146272,100.00,,
     1.307098350,9756715,,instructions:u,1146336,100.00,,
     1.308254676,345,,branch-misses:u,1157024,100.00,,
     1.308254676,81,,cache-misses:u,1157248,100.00,,
     1.308254676,1535077,,bus-cycles:u,1157344,100.00,,
     1.308254676,9816140,,instructions:u,1157344,100.00,,
     1.309400988,343,,branch-misses:u,1145984,100.00,,
     1.309400988,32,,cache-misses:u,1145664,100.00,,
     1.309400988,1523654,,bus-cycles:u,1145664,100.00,,
     1.309400988,9745690,,instructions:u,1145600,100.00,,
     1.310546021,343,,branch-misses:u,1145248,100.00,,
     1.310546021,34,,cache-misses:u,1145312,100.00,,
     1.310546021,1523675,,bus-cycles:u,1145312,100.00,,
     1.310546021,9739193,,instructions:u,1145312,100.00,,
     1.311691405,343,,branch-misses:u,1146272,100.00,,
     1.311691405,100,,cache-misses:u,1146336,100.00,,
     1.311691405,1521348,,bus-cycles:u,1146432,100.00,,
     1.311691405,9729097,,instructions:u,1146528,100.00,,
     1.312845012,344,,branch-misses:u,1153344,100.00,,
     1.312845012,30,,cache-misses:u,1153152,100.00,,
     1.312845012,1534909,,bus-cycles:u,1153056,100.00,,
     1.312845012,9815041,,instructions:u,1152928,100.00,,
     1.313990780,342,,branch-misses:u,1146112,100.00,,
     1.313990780,33,,cache-misses:u,1146112,100.00,,
     1.313990780,1525088,,bus-cycles:u,1146048,100.00,,
     1.313990780,9755854,,instructions:u,1146112,100.00,,
     1.315141187,343,,branch-misses:u,1152352,100.00,,
     1.315141187,50,,cache-misses:u,1153760,100.00,,
     1.315141187,1531989,,bus-cycles:u,1154656,100.00,,
     1.315141187,9803923,,instructions:u,1155392,100.00,,
     1.316343330,359,,branch-misses:u,1201728,100.00,,
     1.316343330,82,,cache-misses:u,1201632,100.00,,
     1.316343330,1599840,,bus-cycles:u,1201376,100.00,,
     1.316343330,10225403,,instructions:u,1201344,100.00,,
     1.317532772,355,,branch-misses:u,1189312,100.00,,
     1.317532772,35,,cache-misses:u,1188800,100.00,,
     1.317532772,1582629,,bus-cycles:u,1188544,100.00,,
     1.317532772,10120160,,instructions:u,1188192,100.00,,
     1.318688266,344,,branch-misses:u,1155424,100.00,,
     1.318688266,37,,cache-misses:u,1155360,100.00,,
     1.318688266,1537605,,bus-cycles:u,1155072,100.00,,
     1.318688266,9828876,,instructions:u,1154784,100.00,,
     1.319840817,345,,branch-misses:u,1152608,100.00,,
     1.319840817,110,,cache-misses:u,1152288,100.00,,
     1.319840817,1529458,,bus-cycles:u,1152288,100.00,,
     1.319840817,9779130,,instructions:u,1152256,100.00,,
     1.320990297,342,,branch-misses:u,1149184,100.00,,
     1.320990297,45,,cache-misses:u,1149152,100.00,,
     1.320990297,1530310,,bus-cycles:u,1148992,100.00,,
     1.320990297,9784691,,instructions:u,1149056,100.00,,
     1.322137729,343,,branch-misses:u,1147712,100.00,,
     1.322137729,33,,cache-misses:u,1147744,100.00,,
     1.322137729,1528716,,bus-cycles:u,1147840,100.00,,
     1.322137729,9780852,,instructions:u,1147808,100.00,,
     1.323285449,344,,branch-misses:u,1148224,100.00,,
     1.323285449,90,,cache-misses:u,1148256,100.00,,
     1.323285449,1524007,,bus-cycles:u,1148288,100.00,,
     1.323285449,9751692,,instructions:u,1148320,100.00,,
     1.324438384,345,,branch-misses:u,1152928,100.00,,
     1.324438384,55,,cache-misses:u,1152704,100.00,,
     1.324438384,1535914,,bus-cycles:u,1152736,100.00,,
     1.324438384,9822199,,instructions:u,1152608,100.00,,
     1.325586264,341,,branch-misses:u,1147872,100.00,,
     1.325586264,33,,cache-misses:u,1147776,100.00,,
     1.325586264,1528796,,bus-cycles:u,1147680,100.00,,
     1.325586264,9775748,,instructions:u,1147712,100.00,,
     1.326733536,343,,branch-misses:u,1147392,100.00,,
     1.326733536,30,,cache-misses:u,1147392,100.00,,
     1.326733536,1528147,,bus-cycles:u,1147392,100.00,,
     1.326733536,9774429,,instructions:u,1147424,100.00,,
     1.327881319,343,,branch-misses:u,1148352,100.00,,
     1.327881319,107,,cache-misses:u,1148288,100.00,,
     1.327881319,1523071,,bus-cycles:u,1148384,100.00,,
     1.327881319,9740095,,instructions:u,1148320,100.00,,
     1.329030735,342,,branch-misses:u,1149344,100.00,,
     1.329030735,34,,cache-misses:u,1149376,100.00,,
     1.329030735,1529618,,bus-cycles:u,1149312,100.00,,
     1.329030735,9780938,,instructions:u,1149376,100.00,,
     1.330177943,343,,branch-misses:u,1147360,100.00,,
     1.330177943,36,,cache-misses:u,1147392,100.00,,
     1.330177943,1527332,,bus-cycles:u,1147328,100.00,,
     1.330177943,9767327,,instructions:u,1147328,100.00,,
     1.331325535,342,,branch-misses:u,1147744,100.00,,
     1.331325535,104,,cache-misses:u,1147680,100.00,,
     1.331325535,1524048,,bus-cycles:u,1147744,100.00,,
     1.331325535,9745127,,instructions:u,1147712,100.00,,
     1.332474406,343,,branch-misses:u,1148992,100.00,,
     1.332474406,35,,cache-misses:u,1149088,100.00,,
     1.332474406,1529799,,bus-cycles:u,1149088,100.00,,
     1.332474406,9786775,,instructions:u,1149088,100.00,,
     1.333621422,343,,branch-misses:u,1147232,100.00,,
     1.333621422,32,,cache-misses:u,1147168,100.00,,
     1.333621422,1527192,,bus-cycles:u,1147104,100.00,,
     1.333621422,9767860,,instructions:u,1147104,100.00,,
     1.334768342,342,,branch-misses:u,1147136,100.00,,
     1.334768342,33,,cache-misses:u,1147136,100.00,,
     1.334768342,1527825,,bus-cycles:u,1147232,100.00,,
     1.334768342,9774223,,instructions:u,1147232,100.00,,
     1.335915998,344,,branch-misses:u,1147808,100.00,,
     1.335915998,103,,cache-misses:u,1147840,100.00,,
     1.335915998,1524731,,bus-cycles:u,1147840,100.00,,
     1.335915998,9753789,,instructions:u,1147872,100.00,,
     1.337064934,343,,branch-misses:u,1149088,100.00,,
     1.337064934,38,,cache-misses:u,1149024,100.00,,
     1.337064934,1529791,,bus-cycles:u,1148960,100.00,,
     1.337064934,9784031,,instructions:u,1148928,100.00,,
     1.338225868,346,,branch-misses:u,1161472,100.00,,
     1.338225868,29,,cache-misses:u,1161856,100.00,,
     1.338225868,1546921,,bus-cycles:u,1161920,100.00,,
     1.338225868,9893883,,instructions:u,1161984,100.00,,
     1.339375603,344,,branch-misses:u,1149952,100.00,,
     1.339375603,101,,cache-misses:u,1149632,100.00,,
     1.339375603,1524869,,bus-cycles:u,1149536,100.00,,
     1.339375603,9757844,,instructions:u,1149472,100.00,,
     1.340524539,344,,branch-misses:u,1148768,100.00,,
     1.340524539,36,,cache-misses:u,1148608,100.00,,
     1.340524539,1529336,,bus-cycles:u,1148640,100.00,,
     1.340524539,9789572,,instructions:u,1148640,100.00,,
     1.341671587,343,,branch-misses:u,1147264,100.00,,
     1.341671587,41,,cache-misses:u,1147360,100.00,,
     1.341671587,1526824,,bus-cycles:u,1147360,100.00,,
     1.341671587,9760818,,instructions:u,1147360,100.00,,
     1.342819339,342,,branch-misses:u,1147904,100.00,,
     1.342819339,36,,cache-misses:u,1147968,100.00,,
     1.342819339,1528603,,bus-cycles:u,1147936,100.00,,
     1.342819339,9777972,,instructions:u,1147936,100.00,,
     1.343967251,343,,branch-misses:u,1148448,100.00,,
     1.343967251,105,,cache-misses:u,1148352,100.00,,
     1.343967251,1523320,,bus-cycles:u,1148416,100.00,,
     1.343967251,9744972,,instructions:u,1148448,100.00,,
     1.345115866,342,,branch-misses:u,1148384,100.00,,
     1.345115866,32,,cache-misses:u,1148448,100.00,,
     1.345115866,1530175,,bus-cycles:u,1148448,100.00,,
     1.345115866,9788177,,instructions:u,1148448,100.00,,
     1.346262434,344,,branch-misses:u,1146816,100.00,,
     1.346262434,36,,cache-misses:u,1146816,100.00,,
     1.346262434,1528185,,bus-cycles:u,1146816,100.00,,
     1.346262434,9776578,,instructions:u,1146784,100.00,,
     1.347408459,342,,branch-misses:u,1147168,100.00,,
     1.347408459,104,,cache-misses:u,1147488,100.00,,
     1.347408459,1523400,,bus-cycles:u,1147584,100.00,,
     1.347408459,9738957,,instructions:u,1147680,100.00,,
     1.348562545,343,,branch-misses:u,1153664,100.00,,
     1.348562545,34,,cache-misses:u,1153696,100.00,,
     1.348562545,1536693,,bus-cycles:u,1153568,100.00,,
     1.348562545,9829690,,instructions:u,1153536,100.00,,
     1.349711929,343,,branch-misses:u,1149280,100.00,,
     1.349711929,30,,cache-misses:u,1148768,100.00,,
     1.349711929,1530063,,bus-cycles:u,1148832,100.00,,
     1.349711929,9779467,,instructions:u,1148704,100.00,,
     1.350859073,343,,branch-misses:u,1147264,100.00,,
     1.350859073,31,,cache-misses:u,1147424,100.00,,
     1.350859073,1528470,,bus-cycles:u,1147360,100.00,,
     1.350859073,9784628,,instructions:u,1147392,100.00,,
     1.352006761,342,,branch-misses:u,1148384,100.00,,
     1.352006761,105,,cache-misses:u,1148640,100.00,,
     1.352006761,1524402,,bus-cycles:u,1148608,100.00,,
     1.352006761,9740604,,instructions:u,1148704,100.00,,
     1.353156016,343,,branch-misses:u,1148864,100.00,,
     1.353156016,37,,cache-misses:u,1148640,100.00,,
     1.353156016,1529827,,bus-cycles:u,1148704,100.00,,
     1.353156016,9788618,,instructions:u,1148672,100.00,,
     1.354302808,342,,branch-misses:u,1147168,100.00,,
     1.354302808,30,,cache-misses:u,1147072,100.00,,
     1.354302808,1528378,,bus-cycles:u,1147072,100.00,,
     1.354302808,9775309,,instructions:u,1146976,100.00,,
     1.355450944,343,,branch-misses:u,1148512,100.00,,
     1.355450944,110,,cache-misses:u,1148576,100.00,,
     1.355450944,1524529,,bus-cycles:u,1148576,100.00,,
     1.355450944,9754089,,instructions:u,1148672,100.00,,
     1.356599752,342,,branch-misses:u,1148640,100.00,,
     1.356599752,31,,cache-misses:u,1148640,100.00,,
     1.356599752,1529464,,bus-cycles:u,1148672,100.00,,
     1.356599752,9781723,,instructions:u,1148640,100.00,,
     1.357746928,344,,branch-misses:u,1147296,100.00,,
     1.357746928,35,,cache-misses:u,1147296,100.00,,
     1.357746928,1527945,,bus-cycles:u,1147232,100.00,,
     1.357746928,9775242,,instructions:u,1147200,100.00,,
     1.358913717,348,,branch-misses:u,1167392,100.00,,
     1.358913717,41,,cache-misses:u,1167488,100.00,,
     1.358913717,1554897,,bus-cycles:u,1167584,100.00,,
     1.358913717,9951926,,instructions:u,1167648,100.00,,
     1.360063612,344,,branch-misses:u,1150272,100.00,,
     1.360063612,101,,cache-misses:u,1150080,100.00,,
     1.360063612,1524285,,bus-cycles:u,1150016,100.00,,
     1.360063612,9749873,,instructions:u,1150016,100.00,,
     1.361214596,344,,branch-misses:u,1150688,100.00,,
     1.361214596,32,,cache-misses:u,1150688,100.00,,
     1.361214596,1531836,,bus-cycles:u,1150656,100.00,,
     1.361214596,9793861,,instructions:u,1150656,100.00,,
     1.362362539,343,,branch-misses:u,1148192,100.00,,
     1.362362539,34,,cache-misses:u,1148192,100.00,,
     1.362362539,1528758,,bus-cycles:u,1148256,100.00,,
     1.362362539,9783965,,instructions:u,1148256,100.00,,
     1.363511603,343,,branch-misses:u,1149216,100.00,,
     1.363511603,103,,cache-misses:u,1149248,100.00,,
     1.363511603,1526901,,bus-cycles:u,1149216,100.00,,
     1.363511603,9765829,,instructions:u,1149216,100.00,,
     1.364660859,343,,branch-misses:u,1149280,100.00,,
     1.364660859,33,,cache-misses:u,1149344,100.00,,
     1.364660859,1531072,,bus-cycles:u,1149408,100.00,,
     1.364660859,9795731,,instructions:u,1149408,100.00,,
     1.365808450,343,,branch-misses:u,1147872,100.00,,
     1.365808450,36,,cache-misses:u,1147840,100.00,,
     1.365808450,1529358,,bus-cycles:u,1147840,100.00,,
     1.365808450,9784925,,instructions:u,1147840,100.00,,
     1.366955914,342,,branch-misses:u,1147648,100.00,,
     1.366955914,29,,cache-misses:u,1147680,100.00,,
     1.366955914,1529296,,bus-cycles:u,1147648,100.00,,
     1.366955914,9781690,,instructions:u,1147648,100.00,,
     1.368104722,344,,branch-misses:u,1149376,100.00,,
     1.368104722,104,,cache-misses:u,1149376,100.00,,
     1.368104722,1526342,,bus-cycles:u,1149376,100.00,,
     1.368104722,9763031,,instructions:u,1149312,100.00,,
     1.369254074,343,,branch-misses:u,1149056,100.00,,
     1.369254074,39,,cache-misses:u,1149056,100.00,,
     1.369254074,1530891,,bus-cycles:u,1148992,100.00,,
     1.369254074,9791001,,instructions:u,1149024,100.00,,
     1.370401634,342,,branch-misses:u,1147872,100.00,,
     1.370401634,35,,cache-misses:u,1147872,100.00,,
     1.370401634,1529784,,bus-cycles:u,1147872,100.00,,
     1.370401634,9782156,,instructions:u,1147936,100.00,,
     1.371549897,344,,branch-misses:u,1148384,100.00,,
     1.371549897,108,,cache-misses:u,1148416,100.00,,
     1.371549897,1526136,,bus-cycles:u,1148416,100.00,,
     1.371549897,9765885,,instructions:u,1148384,100.00,,
     1.372699185,343,,branch-misses:u,1149600,100.00,,
     1.372699185,37,,cache-misses:u,1149536,100.00,,
     1.372699185,1532087,,bus-cycles:u,1149600,100.00,,
     1.372699185,9800301,,instructions:u,1149568,100.00,,
     1.373846745,343,,branch-misses:u,1147616,100.00,,
     1.373846745,43,,cache-misses:u,1147680,100.00,,
     1.373846745,1530046,,bus-cycles:u,1147680,100.00,,
     1.373846745,9773906,,instructions:u,1147680,100.00,,
     1.374994497,343,,branch-misses:u,1147904,100.00,,
     1.374994497,50,,cache-misses:u,1147904,100.00,,
     1.374994497,1529683,,bus-cycles:u,1147840,100.00,,
     1.374994497,9774129,,instructions:u,1147904,100.00,,
     1.376142313,343,,branch-misses:u,1148448,100.00,,
     1.376142313,103,,cache-misses:u,1148512,100.00,,
     1.376142313,1523275,,bus-cycles:u,1148480,100.00,,
     1.376142313,9739583,,instructions:u,1148416,100.00,,
     1.377291184,343,,branch-misses:u,1148672,100.00,,
     1.377291184,37,,cache-misses:u,1148576,100.00,,
     1.377291184,1529692,,bus-cycles:u,1148640,100.00,,
     1.377291184,9790241,,instructions:u,1148640,100.00,,
     1.378437944,344,,branch-misses:u,1146496,100.00,,
     1.378437944,37,,cache-misses:u,1146464,100.00,,
     1.378437944,1527069,,bus-cycles:u,1146400,100.00,,
     1.378437944,9765796,,instructions:u,1146368,100.00,,
     1.379584576,342,,branch-misses:u,1147968,100.00,,
     1.379584576,119,,cache-misses:u,1148480,100.00,,
     1.379584576,1525017,,bus-cycles:u,1148608,100.00,,
     1.379584576,9753054,,instructions:u,1148704,100.00,,
     1.380751621,349,,branch-misses:u,1166944,100.00,,
     1.380751621,36,,cache-misses:u,1166784,100.00,,
     1.380751621,1554186,,bus-cycles:u,1166656,100.00,,
     1.380751621,9932603,,instructions:u,1166656,100.00,,
     1.381899565,343,,branch-misses:u,1147648,100.00,,
     1.381899565,32,,cache-misses:u,1147392,100.00,,
     1.381899565,1528429,,bus-cycles:u,1147456,100.00,,
     1.381899565,9771494,,instructions:u,1147328,100.00,,
     1.383046229,341,,branch-misses:u,1146848,100.00,,
     1.383046229,33,,cache-misses:u,1146752,100.00,,
     1.383046229,1526888,,bus-cycles:u,1146752,100.00,,
     1.383046229,9760447,,instructions:u,1146848,100.00,,
     1.384200732,344,,branch-misses:u,1155424,100.00,,
     1.384200732,130,,cache-misses:u,1155392,100.00,,
     1.384200732,1521715,,bus-cycles:u,1155360,100.00,,
     1.384200732,9733095,,instructions:u,1155360,100.00,,
     1.385348292,342,,branch-misses:u,1146976,100.00,,
     1.385348292,36,,cache-misses:u,1146944,100.00,,
     1.385348292,1527309,,bus-cycles:u,1146976,100.00,,
     1.385348292,9772202,,instructions:u,1146944,100.00,,
     1.386494892,342,,branch-misses:u,1146848,100.00,,
     1.386494892,31,,cache-misses:u,1146976,100.00,,
     1.386494892,1527481,,bus-cycles:u,1147008,100.00,,
     1.386494892,9775219,,instructions:u,1147040,100.00,,
     1.387642995,344,,branch-misses:u,1148704,100.00,,
     1.387642995,112,,cache-misses:u,1148704,100.00,,
     1.387642995,1524668,,bus-cycles:u,1148704,100.00,,
     1.387642995,9759959,,instructions:u,1148576,100.00,,
     1.388797914,345,,branch-misses:u,1155648,100.00,,
     1.388797914,36,,cache-misses:u,1156576,100.00,,
     1.388797914,1540780,,bus-cycles:u,1157024,100.00,,
     1.388797914,9868929,,instructions:u,1157568,100.00,,
     1.389982812,354,,branch-misses:u,1184896,100.00,,
     1.389982812,31,,cache-misses:u,1184608,100.00,,
     1.389982812,1576489,,bus-cycles:u,1184320,100.00,,
     1.389982812,10075676,,instructions:u,1184192,100.00,,
     1.391136995,344,,branch-misses:u,1154240,100.00,,
     1.391136995,41,,cache-misses:u,1153920,100.00,,
     1.391136995,1530982,,bus-cycles:u,1153888,100.00,,
     1.391136995,9791186,,instructions:u,1153632,100.00,,
     1.392288106,343,,branch-misses:u,1150784,100.00,,
     1.392288106,74,,cache-misses:u,1150368,100.00,,
     1.392288106,1530878,,bus-cycles:u,1150240,100.00,,
     1.392288106,9784125,,instructions:u,1150208,100.00,,
     1.393436530,343,,branch-misses:u,1148544,100.00,,
     1.393436530,31,,cache-misses:u,1148576,100.00,,
     1.393436530,1529263,,bus-cycles:u,1148544,100.00,,
     1.393436530,9776930,,instructions:u,1148544,100.00,,
     1.394584090,343,,branch-misses:u,1147776,100.00,,
     1.394584090,34,,cache-misses:u,1147680,100.00,,
     1.394584090,1528159,,bus-cycles:u,1147648,100.00,,
     1.394584090,9777423,,instructions:u,1147616,100.00,,
     1.395733249,343,,branch-misses:u,1149632,100.00,,
     1.395733249,127,,cache-misses:u,1149632,100.00,,
     1.395733249,1524842,,bus-cycles:u,1149664,100.00,,
     1.395733249,9752818,,instructions:u,1149664,100.00,,
     1.396882857,343,,branch-misses:u,1149408,100.00,,
     1.396882857,33,,cache-misses:u,1149408,100.00,,
     1.396882857,1531274,,bus-cycles:u,1149376,100.00,,
     1.396882857,9792018,,instructions:u,1149408,100.00,,
     1.398030673,344,,branch-misses:u,1147648,100.00,,
     1.398030673,37,,cache-misses:u,1147712,100.00,,
     1.398030673,1529333,,bus-cycles:u,1147712,100.00,,
     1.398030673,9787226,,instructions:u,1147712,100.00,,
     1.399179289,344,,branch-misses:u,1149312,100.00,,
     1.399179289,68,,cache-misses:u,1149216,100.00,,
     1.399179289,1526492,,bus-cycles:u,1149280,100.00,,
     1.399179289,9767743,,instructions:u,1149280,100.00,,
     1.400327936,342,,branch-misses:u,1148736,100.00,,
     1.400327936,63,,cache-misses:u,1148800,100.00,,
     1.400327936,1529418,,bus-cycles:u,1148736,100.00,,
     1.400327936,9775421,,instructions:u,1148736,100.00,,
     1.401489126,346,,branch-misses:u,1161632,100.00,,
     1.401489126,35,,cache-misses:u,1161856,100.00,,
     1.401489126,1547361,,bus-cycles:u,1161920,100.00,,
     1.401489126,9896370,,instructions:u,1161952,100.00,,
     1.402637838,342,,branch-misses:u,1148608,100.00,,
     1.402637838,34,,cache-misses:u,1148352,100.00,,
     1.402637838,1529399,,bus-cycles:u,1148320,100.00,,
     1.402637838,9779832,,instructions:u,1148288,100.00,,
     1.403787253,343,,branch-misses:u,1149920,100.00,,
     1.403787253,101,,cache-misses:u,1150112,100.00,,
     1.403787253,1527259,,bus-cycles:u,1150048,100.00,,
     1.403787253,9769386,,instructions:u,1149984,100.00,,
     1.404936349,344,,branch-misses:u,1148896,100.00,,
     1.404936349,35,,cache-misses:u,1148832,100.00,,
     1.404936349,1529960,,bus-cycles:u,1148928,100.00,,
     1.404936349,9781381,,instructions:u,1149024,100.00,,
     1.406084517,342,,branch-misses:u,1148000,100.00,,
     1.406084517,37,,cache-misses:u,1148000,100.00,,
     1.406084517,1528392,,bus-cycles:u,1147968,100.00,,
     1.406084517,9764697,,instructions:u,1147936,100.00,,
     1.407233164,343,,branch-misses:u,1149184,100.00,,
     1.407233164,71,,cache-misses:u,1149152,100.00,,
     1.407233164,1525989,,bus-cycles:u,1149184,100.00,,
     1.407233164,9765021,,instructions:u,1149152,100.00,,
     1.408381748,343,,branch-misses:u,1148736,100.00,,
     1.408381748,61,,cache-misses:u,1148768,100.00,,
     1.408381748,1528899,,bus-cycles:u,1148768,100.00,,
     1.408381748,9777205,,instructions:u,1148768,100.00,,
     1.409528988,342,,branch-misses:u,1147456,100.00,,
     1.409528988,27,,cache-misses:u,1147488,100.00,,
     1.409528988,1527784,,bus-cycles:u,1147360,100.00,,
     1.409528988,9765238,,instructions:u,1147296,100.00,,
     1.410676452,343,,branch-misses:u,1147264,100.00,,
     1.410676452,33,,cache-misses:u,1147136,100.00,,
     1.410676452,1527954,,bus-cycles:u,1147200,100.00,,
     1.410676452,9775070,,instructions:u,1147264,100.00,,
     1.411823692,343,,branch-misses:u,1148192,100.00,,
     1.411823692,117,,cache-misses:u,1148704,100.00,,
     1.411823692,1525661,,bus-cycles:u,1148768,100.00,,
     1.411823692,9762135,,instructions:u,1148800,100.00,,
     1.412976499,344,,branch-misses:u,1152800,100.00,,
     1.412976499,34,,cache-misses:u,1152608,100.00,,
     1.412976499,1534964,,bus-cycles:u,1152576,100.00,,
     1.412976499,9818364,,instructions:u,1152608,100.00,,
     1.414125275,343,,branch-misses:u,1148800,100.00,,
     1.414125275,33,,cache-misses:u,1148608,100.00,,
     1.414125275,1529296,,bus-cycles:u,1148608,100.00,,
     1.414125275,9783370,,instructions:u,1148544,100.00,,
     1.415273634,334,,branch-misses:u,1135808,100.00,,
     1.415273634,149,,cache-misses:u,1135648,100.00,,
     1.415273634,1486755,,bus-cycles:u,1135584,100.00,,
     1.415273634,9501406,,instructions:u,1135648,100.00,,
     1.416422794,343,,branch-misses:u,1148448,100.00,,
     1.416422794,76,,cache-misses:u,1148672,100.00,,
     1.416422794,1530114,,bus-cycles:u,1148672,100.00,,
     1.416422794,9784394,,instructions:u,1148608,100.00,,
     1.417570450,344,,branch-misses:u,1147808,100.00,,
     1.417570450,34,,cache-misses:u,1147712,100.00,,
     1.417570450,1529472,,bus-cycles:u,1147744,100.00,,
     1.417570450,9779684,,instructions:u,1147744,100.00,,
     1.418717690,343,,branch-misses:u,1147456,100.00,,
     1.418717690,31,,cache-misses:u,1147456,100.00,,
     1.418717690,1528232,,bus-cycles:u,1147520,100.00,,
     1.418717690,9782467,,instructions:u,1147552,100.00,,
     1.419865986,342,,branch-misses:u,1148768,100.00,,
     1.419865986,103,,cache-misses:u,1148800,100.00,,
     1.419865986,1524538,,bus-cycles:u,1148800,100.00,,
     1.419865986,9754539,,instructions:u,1148800,100.00,,
     1.421014281,343,,branch-misses:u,1148224,100.00,,
     1.421014281,36,,cache-misses:u,1148192,100.00,,
     1.421014281,1529737,,bus-cycles:u,1148160,100.00,,
     1.421014281,9782223,,instructions:u,1148128,100.00,,
     1.422174991,347,,branch-misses:u,1161152,100.00,,
     1.422174991,30,,cache-misses:u,1161504,100.00,,
     1.422174991,1547070,,bus-cycles:u,1161536,100.00,,
     1.422174991,9886085,,instructions:u,1161536,100.00,,
     1.423324087,343,,branch-misses:u,1149088,100.00,,
     1.423324087,101,,cache-misses:u,1148576,100.00,,
     1.423324087,1525838,,bus-cycles:u,1148576,100.00,,
     1.423324087,9759469,,instructions:u,1148544,100.00,,
     1.424472575,342,,branch-misses:u,1148672,100.00,,
     1.424472575,39,,cache-misses:u,1148736,100.00,,
     1.424472575,1530508,,bus-cycles:u,1148736,100.00,,
     1.424472575,9792119,,instructions:u,1148800,100.00,,
     1.425619111,342,,branch-misses:u,1146432,100.00,,
     1.425619111,39,,cache-misses:u,1146464,100.00,,
     1.425619111,1527148,,bus-cycles:u,1146464,100.00,,
     1.425619111,9763731,,instructions:u,1146432,100.00,,
     1.426764527,343,,branch-misses:u,1145792,100.00,,
     1.426764527,36,,cache-misses:u,1145856,100.00,,
     1.426764527,1525750,,bus-cycles:u,1145824,100.00,,
     1.426764527,9765513,,instructions:u,1145856,100.00,,
     1.427912567,343,,branch-misses:u,1148320,100.00,,
     1.427912567,105,,cache-misses:u,1148288,100.00,,
     1.427912567,1523939,,bus-cycles:u,1148320,100.00,,
     1.427912567,9747771,,instructions:u,1148288,100.00,,
     1.429060926,343,,branch-misses:u,1148416,100.00,,
     1.429060926,31,,cache-misses:u,1148448,100.00,,
     1.429060926,1529363,,bus-cycles:u,1148352,100.00,,
     1.429060926,9777831,,instructions:u,1148384,100.00,,
     1.430206919,342,,branch-misses:u,1146176,100.00,,
     1.430206919,33,,cache-misses:u,1146272,100.00,,
     1.430206919,1527478,,bus-cycles:u,1146400,100.00,,
     1.430206919,9768748,,instructions:u,1146368,100.00,,
     1.431354383,343,,branch-misses:u,1147648,100.00,,
     1.431354383,99,,cache-misses:u,1147584,100.00,,
     1.431354383,1524988,,bus-cycles:u,1147488,100.00,,
     1.431354383,9756367,,instructions:u,1147488,100.00,,
     1.432502038,344,,branch-misses:u,1147840,100.00,,
     1.432502038,34,,cache-misses:u,1147744,100.00,,
     1.432502038,1528801,,bus-cycles:u,1147776,100.00,,
     1.432502038,9780949,,instructions:u,1147680,100.00,,
     1.433647167,342,,branch-misses:u,1145312,100.00,,
     1.433647167,35,,cache-misses:u,1145344,100.00,,
     1.433647167,1524596,,bus-cycles:u,1145312,100.00,,
     1.433647167,9749158,,instructions:u,1145376,100.00,,
     1.434792455,342,,branch-misses:u,1145472,100.00,,
     1.434792455,32,,cache-misses:u,1145504,100.00,,
     1.434792455,1525207,,bus-cycles:u,1145504,100.00,,
     1.434792455,9755023,,instructions:u,1145536,100.00,,
     1.435939119,342,,branch-misses:u,1146976,100.00,,
     1.435939119,100,,cache-misses:u,1147072,100.00,,
     1.435939119,1523457,,bus-cycles:u,1147232,100.00,,
     1.435939119,9744770,,instructions:u,1147296,100.00,,
     1.437087447,343,,branch-misses:u,1148256,100.00,,
     1.437087447,37,,cache-misses:u,1148224,100.00,,
     1.437087447,1528737,,bus-cycles:u,1148096,100.00,,
     1.437087447,9779794,,instructions:u,1148064,100.00,,
     1.438232799,342,,branch-misses:u,1145312,100.00,,
     1.438232799,35,,cache-misses:u,1145184,100.00,,
     1.438232799,1525183,,bus-cycles:u,1145248,100.00,,
     1.438232799,9753757,,instructions:u,1145184,100.00,,
     1.439378311,341,,branch-misses:u,1146528,100.00,,
     1.439378311,99,,cache-misses:u,1146912,100.00,,
     1.439378311,1521570,,bus-cycles:u,1146912,100.00,,
     1.439378311,9738080,,instructions:u,1147040,100.00,,
     1.440531822,345,,branch-misses:u,1153408,100.00,,
     1.440531822,34,,cache-misses:u,1153440,100.00,,
     1.440531822,1536005,,bus-cycles:u,1153504,100.00,,
     1.440531822,9829194,,instructions:u,1153440,100.00,,
     1.441680566,343,,branch-misses:u,1148896,100.00,,
     1.441680566,33,,cache-misses:u,1148480,100.00,,
     1.441680566,1528390,,bus-cycles:u,1148352,100.00,,
     1.441680566,9752059,,instructions:u,1148352,100.00,,
     1.442827870,342,,branch-misses:u,1147456,100.00,,
     1.442827870,32,,cache-misses:u,1147616,100.00,,
     1.442827870,1527423,,bus-cycles:u,1147552,100.00,,
     1.442827870,9775105,,instructions:u,1147488,100.00,,
     1.443987332,348,,branch-misses:u,1159904,100.00,,
     1.443987332,114,,cache-misses:u,1159936,100.00,,
     1.443987332,1540308,,bus-cycles:u,1159968,100.00,,
     1.443987332,9857148,,instructions:u,1159968,100.00,,
     1.445137547,343,,branch-misses:u,1150560,100.00,,
     1.445137547,37,,cache-misses:u,1150400,100.00,,
     1.445137547,1531876,,bus-cycles:u,1150464,100.00,,
     1.445137547,9792437,,instructions:u,1150528,100.00,,
     1.446285235,341,,branch-misses:u,1147424,100.00,,
     1.446285235,31,,cache-misses:u,1147360,100.00,,
     1.446285235,1527045,,bus-cycles:u,1147328,100.00,,
     1.446285235,9755875,,instructions:u,1147296,100.00,,
     1.447433371,343,,branch-misses:u,1148768,100.00,,
     1.447433371,108,,cache-misses:u,1148832,100.00,,
     1.447433371,1524519,,bus-cycles:u,1148896,100.00,,
     1.447433371,9763262,,instructions:u,1148896,100.00,,
     1.448582659,342,,branch-misses:u,1148992,100.00,,
     1.448582659,38,,cache-misses:u,1149056,100.00,,
     1.448582659,1528744,,bus-cycles:u,1148896,100.00,,
     1.448582659,9776622,,instructions:u,1148896,100.00,,
     1.449730026,343,,branch-misses:u,1147552,100.00,,
     1.449730026,37,,cache-misses:u,1147520,100.00,,
     1.449730026,1527264,,bus-cycles:u,1147648,100.00,,
     1.449730026,9771721,,instructions:u,1147680,100.00,,
     1.450877298,341,,branch-misses:u,1147488,100.00,,
     1.450877298,49,,cache-misses:u,1147584,100.00,,
     1.450877298,1526540,,bus-cycles:u,1147584,100.00,,
     1.450877298,9760805,,instructions:u,1147552,100.00,,
     1.452027034,343,,branch-misses:u,1150272,100.00,,
     1.452027034,105,,cache-misses:u,1150272,100.00,,
     1.452027034,1524951,,bus-cycles:u,1150272,100.00,,
     1.452027034,9753683,,instructions:u,1150272,100.00,,
     1.453176290,343,,branch-misses:u,1149120,100.00,,
     1.453176290,32,,cache-misses:u,1148992,100.00,,
     1.453176290,1528968,,bus-cycles:u,1148960,100.00,,
     1.453176290,9776510,,instructions:u,1148896,100.00,,
     1.454323945,345,,branch-misses:u,1147840,100.00,,
     1.454323945,33,,cache-misses:u,1147936,100.00,,
     1.454323945,1526811,,bus-cycles:u,1147936,100.00,,
     1.454323945,9762354,,instructions:u,1147968,100.00,,
     1.455472593,342,,branch-misses:u,1148800,100.00,,
     1.455472593,112,,cache-misses:u,1148736,100.00,,
     1.455472593,1524029,,bus-cycles:u,1148736,100.00,,
     1.455472593,9743608,,instructions:u,1148800,100.00,,
     1.456621305,342,,branch-misses:u,1148896,100.00,,
     1.456621305,43,,cache-misses:u,1148928,100.00,,
     1.456621305,1528709,,bus-cycles:u,1148864,100.00,,
     1.456621305,9776250,,instructions:u,1148800,100.00,,
     1.457768257,341,,branch-misses:u,1147168,100.00,,
     1.457768257,34,,cache-misses:u,1147232,100.00,,
     1.457768257,1527285,,bus-cycles:u,1147296,100.00,,
     1.457768257,9766577,,instructions:u,1147360,100.00,,
     1.458915305,343,,branch-misses:u,1147232,100.00,,
     1.458915305,30,,cache-misses:u,1147040,100.00,,
     1.458915305,1526849,,bus-cycles:u,1147040,100.00,,
     1.458915305,9766465,,instructions:u,1147008,100.00,,
     1.460063665,343,,branch-misses:u,1148512,100.00,,
     1.460063665,108,,cache-misses:u,1148672,100.00,,
     1.460063665,1525000,,bus-cycles:u,1148608,100.00,,
     1.460063665,9755097,,instructions:u,1148608,100.00,,
     1.461212408,343,,branch-misses:u,1148928,100.00,,
     1.461212408,37,,cache-misses:u,1148864,100.00,,
     1.461212408,1528235,,bus-cycles:u,1148896,100.00,,
     1.461212408,9771488,,instructions:u,1148864,100.00,,
     1.462359904,342,,branch-misses:u,1147616,100.00,,
     1.462359904,32,,cache-misses:u,1147584,100.00,,
     1.462359904,1527311,,bus-cycles:u,1147552,100.00,,
     1.462359904,9765909,,instructions:u,1147584,100.00,,
     1.463508136,342,,branch-misses:u,1148512,100.00,,
     1.463508136,106,,cache-misses:u,1148512,100.00,,
     1.463508136,1523757,,bus-cycles:u,1148608,100.00,,
     1.463508136,9750757,,instructions:u,1148608,100.00,,
     1.464668398,346,,branch-misses:u,1160672,100.00,,
     1.464668398,38,,cache-misses:u,1160768,100.00,,
     1.464668398,1545713,,bus-cycles:u,1160832,100.00,,
     1.464668398,9885788,,instructions:u,1160832,100.00,,
     1.465816214,344,,branch-misses:u,1147840,100.00,,
     1.465816214,33,,cache-misses:u,1147680,100.00,,
     1.465816214,1528205,,bus-cycles:u,1147584,100.00,,
     1.465816214,9770633,,instructions:u,1147552,100.00,,
     1.466963006,342,,branch-misses:u,1146912,100.00,,
     1.466963006,37,,cache-misses:u,1147072,100.00,,
     1.466963006,1526218,,bus-cycles:u,1147072,100.00,,
     1.466963006,9759300,,instructions:u,1147104,100.00,,
     1.468110278,340,,branch-misses:u,1147456,100.00,,
     1.468110278,87,,cache-misses:u,1147424,100.00,,
     1.468110278,1522348,,bus-cycles:u,1147360,100.00,,
     1.468110278,9699216,,instructions:u,1147360,100.00,,
     1.469258637,344,,branch-misses:u,1148640,100.00,,
     1.469258637,38,,cache-misses:u,1148576,100.00,,
     1.469258637,1528837,,bus-cycles:u,1148672,100.00,,
     1.469258637,9782101,,instructions:u,1148576,100.00,,
     1.470406901,342,,branch-misses:u,1148352,100.00,,
     1.470406901,32,,cache-misses:u,1148384,100.00,,
     1.470406901,1527085,,bus-cycles:u,1148384,100.00,,
     1.470406901,9769913,,instructions:u,1148416,100.00,,
     1.471554685,343,,branch-misses:u,1147968,100.00,,
     1.471554685,104,,cache-misses:u,1148000,100.00,,
     1.471554685,1524866,,bus-cycles:u,1147936,100.00,,
     1.471554685,9757499,,instructions:u,1148000,100.00,,
     1.472703461,344,,branch-misses:u,1148928,100.00,,
     1.472703461,39,,cache-misses:u,1148896,100.00,,
     1.472703461,1530251,,bus-cycles:u,1148928,100.00,,
     1.472703461,9790533,,instructions:u,1148896,100.00,,
     1.473850541,341,,branch-misses:u,1147232,100.00,,
     1.473850541,33,,cache-misses:u,1147296,100.00,,
     1.473850541,1526851,,bus-cycles:u,1147328,100.00,,
     1.473850541,9769390,,instructions:u,1147328,100.00,,
     1.474998228,343,,branch-misses:u,1147904,100.00,,
     1.474998228,32,,cache-misses:u,1147808,100.00,,
     1.474998228,1528065,,bus-cycles:u,1147808,100.00,,
     1.474998228,9776978,,instructions:u,1147840,100.00,,
     1.476146332,343,,branch-misses:u,1148384,100.00,,
     1.476146332,99,,cache-misses:u,1148480,100.00,,
     1.476146332,1522058,,bus-cycles:u,1148448,100.00,,
     1.476146332,9742802,,instructions:u,1148480,100.00,,
     1.477294788,344,,branch-misses:u,1148672,100.00,,
     1.477294788,37,,cache-misses:u,1148608,100.00,,
     1.477294788,1529208,,bus-cycles:u,1148576,100.00,,
     1.477294788,9780519,,instructions:u,1148576,100.00,,
     1.478442316,342,,branch-misses:u,1147648,100.00,,
     1.478442316,35,,cache-misses:u,1147680,100.00,,
     1.478442316,1527681,,bus-cycles:u,1147680,100.00,,
     1.478442316,9766609,,instructions:u,1147648,100.00,,
     1.479590420,342,,branch-misses:u,1148704,100.00,,
     1.479590420,101,,cache-misses:u,1148736,100.00,,
     1.479590420,1523756,,bus-cycles:u,1148672,100.00,,
     1.479590420,9746130,,instructions:u,1148672,100.00,,
     1.480739931,343,,branch-misses:u,1149216,100.00,,
     1.480739931,37,,cache-misses:u,1149152,100.00,,
     1.480739931,1530124,,bus-cycles:u,1149184,100.00,,
     1.480739931,9791329,,instructions:u,1149184,100.00,,
     1.481886883,341,,branch-misses:u,1147040,100.00,,
     1.481886883,36,,cache-misses:u,1147008,100.00,,
     1.481886883,1526787,,bus-cycles:u,1147072,100.00,,
     1.481886883,9764689,,instructions:u,1147040,100.00,,
     1.483034539,343,,branch-misses:u,1147968,100.00,,
     1.483034539,35,,cache-misses:u,1147936,100.00,,
     1.483034539,1527310,,bus-cycles:u,1147872,100.00,,
     1.483034539,9761390,,instructions:u,1147840,100.00,,
     1.484193873,345,,branch-misses:u,1159616,100.00,,
     1.484193873,94,,cache-misses:u,1159584,100.00,,
     1.484193873,1538969,,bus-cycles:u,1159648,100.00,,
     1.484193873,9834631,,instructions:u,1159648,100.00,,
     1.485341753,343,,branch-misses:u,1147936,100.00,,
     1.485341753,35,,cache-misses:u,1148000,100.00,,
     1.485341753,1527385,,bus-cycles:u,1147936,100.00,,
     1.485341753,9772717,,instructions:u,1148032,100.00,,
     1.486500319,344,,branch-misses:u,1159008,100.00,,
     1.486500319,34,,cache-misses:u,1159200,100.00,,
     1.486500319,1542522,,bus-cycles:u,1159296,100.00,,
     1.486500319,9865497,,instructions:u,1159328,100.00,,
     1.487649831,344,,branch-misses:u,1149888,100.00,,
     1.487649831,103,,cache-misses:u,1149696,100.00,,
     1.487649831,1525174,,bus-cycles:u,1149664,100.00,,
     1.487649831,9759736,,instructions:u,1149632,100.00,,
     1.488800046,344,,branch-misses:u,1150016,100.00,,
     1.488800046,37,,cache-misses:u,1150144,100.00,,
     1.488800046,1530208,,bus-cycles:u,1150272,100.00,,
     1.488800046,9787237,,instructions:u,1150240,100.00,,
     1.489948214,342,,branch-misses:u,1148288,100.00,,
     1.489948214,31,,cache-misses:u,1148288,100.00,,
     1.489948214,1527935,,bus-cycles:u,1148192,100.00,,
     1.489948214,9766597,,instructions:u,1148224,100.00,,
     1.491096094,343,,branch-misses:u,1148160,100.00,,
     1.491096094,31,,cache-misses:u,1148128,100.00,,
     1.491096094,1527618,,bus-cycles:u,1148128,100.00,,
     1.491096094,9781565,,instructions:u,1148160,100.00,,
     1.492257827,345,,branch-misses:u,1162432,100.00,,
     1.492257827,89,,cache-misses:u,1162720,100.00,,
     1.492257827,1542283,,bus-cycles:u,1162688,100.00,,
     1.492257827,9857558,,instructions:u,1162656,100.00,,
     1.493405739,344,,branch-misses:u,1147552,100.00,,
     1.493405739,39,,cache-misses:u,1147072,100.00,,
     1.493405739,1527083,,bus-cycles:u,1147072,100.00,,
     1.493405739,9765980,,instructions:u,1147072,100.00,,
     1.494552019,342,,branch-misses:u,1146016,100.00,,
     1.494552019,38,,cache-misses:u,1146144,100.00,,
     1.494552019,1525314,,bus-cycles:u,1146144,100.00,,
     1.494552019,9756987,,instructions:u,1146144,100.00,,
     1.495698459,342,,branch-misses:u,1147424,100.00,,
     1.495698459,106,,cache-misses:u,1147648,100.00,,
     1.495698459,1521670,,bus-cycles:u,1147616,100.00,,
     1.495698459,9737139,,instructions:u,1147616,100.00,,
     1.496848387,343,,branch-misses:u,1149728,100.00,,
     1.496848387,36,,cache-misses:u,1149664,100.00,,
     1.496848387,1529972,,bus-cycles:u,1149728,100.00,,
     1.496848387,9784516,,instructions:u,1149664,100.00,,
     1.497994763,341,,branch-misses:u,1146144,100.00,,
     1.497994763,35,,cache-misses:u,1145984,100.00,,
     1.497994763,1524060,,bus-cycles:u,1145920,100.00,,
     1.497994763,9745655,,instructions:u,1146016,100.00,,
     1.499165615,355,,branch-misses:u,1192768,100.00,,
     1.499165615,74,,cache-misses:u,1198176,100.00,,
     1.499165615,1582562,,bus-cycles:u,1203072,100.00,,
     1.499165615,10141615,,instructions:u,1207072,100.00,,
     1.500466654,380,,branch-misses:u,1283232,100.00,,
     1.500466654,87,,cache-misses:u,1280576,100.00,,
     1.500466654,1693674,,bus-cycles:u,1278944,100.00,,
     1.500466654,10825287,,instructions:u,1277856,100.00,,
     1.501635747,346,,branch-misses:u,1168000,100.00,,
     1.501635747,30,,cache-misses:u,1167840,100.00,,
     1.501635747,1546691,,bus-cycles:u,1166784,100.00,,
     1.501635747,9884289,,instructions:u,1166208,100.00,,
     1.502794985,345,,branch-misses:u,1159168,100.00,,
     1.502794985,28,,cache-misses:u,1158720,100.00,,
     1.502794985,1536289,,bus-cycles:u,1159136,100.00,,
     1.502794985,9833004,,instructions:u,1159136,100.00,,
     1.503953391,343,,branch-misses:u,1159392,100.00,,
     1.503953391,102,,cache-misses:u,1159712,100.00,,
     1.503953391,1531703,,bus-cycles:u,1159968,100.00,,
     1.503953391,9790625,,instructions:u,1159936,100.00,,
     1.505118804,347,,branch-misses:u,1164544,100.00,,
     1.505118804,37,,cache-misses:u,1164640,100.00,,
     1.505118804,1542821,,bus-cycles:u,1163936,100.00,,
     1.505118804,9844451,,instructions:u,1163968,100.00,,
     1.506277978,344,,branch-misses:u,1159040,100.00,,
     1.506277978,31,,cache-misses:u,1158880,100.00,,
     1.506277978,1533617,,bus-cycles:u,1159136,100.00,,
     1.506277978,9799969,,instructions:u,1159008,100.00,,
     1.507492471,360,,branch-misses:u,1216416,100.00,,
     1.507492471,109,,cache-misses:u,1216992,100.00,,
     1.507492471,1606822,,bus-cycles:u,1217088,100.00,,
     1.507492471,10293522,,instructions:u,1217280,100.00,,
     1.508656732,347,,branch-misses:u,1163008,100.00,,
     1.508656732,35,,cache-misses:u,1162944,100.00,,
     1.508656732,1541575,,bus-cycles:u,1162720,100.00,,
     1.508656732,9863811,,instructions:u,1162880,100.00,,
     1.509814979,344,,branch-misses:u,1158272,100.00,,
     1.509814979,36,,cache-misses:u,1157728,100.00,,
     1.509814979,1534159,,bus-cycles:u,1157696,100.00,,
     1.509814979,9812817,,instructions:u,1157280,100.00,,
     1.510971561,343,,branch-misses:u,1156800,100.00,,
     1.510971561,29,,cache-misses:u,1157312,100.00,,
     1.510971561,1533879,,bus-cycles:u,1157312,100.00,,
     1.510971561,9811084,,instructions:u,1157312,100.00,,
     1.512128911,344,,branch-misses:u,1157952,100.00,,
     1.512128911,99,,cache-misses:u,1157152,100.00,,
     1.512128911,1529146,,bus-cycles:u,1157216,100.00,,
     1.512128911,9783754,,instructions:u,1157184,100.00,,
     1.513285430,345,,branch-misses:u,1156256,100.00,,
     1.513285430,33,,cache-misses:u,1156928,100.00,,
     1.513285430,1532673,,bus-cycles:u,1156832,100.00,,
     1.513285430,9811505,,instructions:u,1157248,100.00,,
     1.514441468,345,,branch-misses:u,1155840,100.00,,
     1.514441468,27,,cache-misses:u,1155072,100.00,,
     1.514441468,1531839,,bus-cycles:u,1155072,100.00,,
     1.514441468,9788804,,instructions:u,1154784,100.00,,
     1.515598083,344,,branch-misses:u,1157984,100.00,,
     1.515598083,140,,cache-misses:u,1158816,100.00,,
     1.515598083,1528098,,bus-cycles:u,1159264,100.00,,
     1.515598083,9781106,,instructions:u,1159264,100.00,,
     1.516765991,347,,branch-misses:u,1167136,100.00,,
     1.516765991,34,,cache-misses:u,1167232,100.00,,
     1.516765991,1546979,,bus-cycles:u,1166944,100.00,,
     1.516765991,9896285,,instructions:u,1166880,100.00,,
     1.517922734,343,,branch-misses:u,1156896,100.00,,
     1.517922734,30,,cache-misses:u,1156544,100.00,,
     1.517922734,1532038,,bus-cycles:u,1156384,100.00,,
     1.517922734,9796919,,instructions:u,1156352,100.00,,
     1.519078516,343,,branch-misses:u,1156512,100.00,,
     1.519078516,29,,cache-misses:u,1156064,100.00,,
     1.519078516,1532324,,bus-cycles:u,1156032,100.00,,
     1.519078516,9800148,,instructions:u,1156096,100.00,,
     1.520255032,349,,branch-misses:u,1177376,100.00,,
     1.520255032,100,,cache-misses:u,1178048,100.00,,
     1.520255032,1556391,,bus-cycles:u,1178144,100.00,,
     1.520255032,9946341,,instructions:u,1178112,100.00,,
     1.521414942,344,,branch-misses:u,1159008,100.00,,
     1.521414942,33,,cache-misses:u,1159040,100.00,,
     1.521414942,1536132,,bus-cycles:u,1158976,100.00,,
     1.521414942,9822144,,instructions:u,1158944,100.00,,
     1.522569988,343,,branch-misses:u,1155040,100.00,,
     1.522569988,32,,cache-misses:u,1154624,100.00,,
     1.522569988,1529245,,bus-cycles:u,1154688,100.00,,
     1.522569988,9781017,,instructions:u,1154688,100.00,,
     1.523725771,344,,branch-misses:u,1156704,100.00,,
     1.523725771,110,,cache-misses:u,1156896,100.00,,
     1.523725771,1527905,,bus-cycles:u,1156864,100.00,,
     1.523725771,9776891,,instructions:u,1156896,100.00,,
     1.524882865,343,,branch-misses:u,1156192,100.00,,
     1.524882865,51,,cache-misses:u,1156000,100.00,,
     1.524882865,1528086,,bus-cycles:u,1156000,100.00,,
     1.524882865,9757937,,instructions:u,1156032,100.00,,
     1.526035832,344,,branch-misses:u,1153152,100.00,,
     1.526035832,32,,cache-misses:u,1153152,100.00,,
     1.526035832,1528426,,bus-cycles:u,1152992,100.00,,
     1.526035832,9769766,,instructions:u,1152992,100.00,,
     1.527189119,342,,branch-misses:u,1154944,100.00,,
     1.527189119,51,,cache-misses:u,1155232,100.00,,
     1.527189119,1524670,,bus-cycles:u,1155392,100.00,,
     1.527189119,9754823,,instructions:u,1155392,100.00,,
     1.528351493,345,,branch-misses:u,1161408,100.00,,
     1.528351493,70,,cache-misses:u,1161184,100.00,,
     1.528351493,1539542,,bus-cycles:u,1161184,100.00,,
     1.528351493,9844317,,instructions:u,1161344,100.00,,
     1.529549221,357,,branch-misses:u,1200832,100.00,,
     1.529549221,33,,cache-misses:u,1201056,100.00,,
     1.529549221,1593228,,bus-cycles:u,1201408,100.00,,
     1.529549221,10181719,,instructions:u,1201248,100.00,,
     1.530710250,344,,branch-misses:u,1158432,100.00,,
     1.530710250,28,,cache-misses:u,1158272,100.00,,
     1.530710250,1534774,,bus-cycles:u,1157952,100.00,,
     1.530710250,9814906,,instructions:u,1157920,100.00,,
     1.531865073,343,,branch-misses:u,1155872,100.00,,
     1.531865073,99,,cache-misses:u,1155776,100.00,,
     1.531865073,1527290,,bus-cycles:u,1155744,100.00,,
     1.531865073,9775866,,instructions:u,1155808,100.00,,
     1.533027606,346,,branch-misses:u,1162240,100.00,,
     1.533027606,43,,cache-misses:u,1162048,100.00,,
     1.533027606,1540757,,bus-cycles:u,1161856,100.00,,
     1.533027606,9834275,,instructions:u,1161760,100.00,,
     1.534184349,342,,branch-misses:u,1156128,100.00,,
     1.534184349,36,,cache-misses:u,1156384,100.00,,
     1.534184349,1533014,,bus-cycles:u,1156544,100.00,,
     1.534184349,9802950,,instructions:u,1156544,100.00,,
     1.535339652,344,,branch-misses:u,1155904,100.00,,
     1.535339652,94,,cache-misses:u,1155872,100.00,,
     1.535339652,1528141,,bus-cycles:u,1155744,100.00,,
     1.535339652,9767657,,instructions:u,1155776,100.00,,
     1.536494346,343,,branch-misses:u,1154784,100.00,,
     1.536494346,33,,cache-misses:u,1154464,100.00,,
     1.536494346,1530380,,bus-cycles:u,1154560,100.00,,
     1.536494346,9797989,,instructions:u,1154560,100.00,,
     1.537649265,343,,branch-misses:u,1154944,100.00,,
     1.537649265,34,,cache-misses:u,1154944,100.00,,
     1.537649265,1530818,,bus-cycles:u,1154944,100.00,,
     1.537649265,9796307,,instructions:u,1155264,100.00,,
     1.538804216,343,,branch-misses:u,1155680,100.00,,
     1.538804216,29,,cache-misses:u,1156032,100.00,,
     1.538804216,1530882,,bus-cycles:u,1155744,100.00,,
     1.538804216,9780745,,instructions:u,1155360,100.00,,
     1.539958814,343,,branch-misses:u,1154592,100.00,,
     1.539958814,100,,cache-misses:u,1154560,100.00,,
     1.539958814,1527134,,bus-cycles:u,1155040,100.00,,
     1.539958814,9767532,,instructions:u,1155136,100.00,,
     1.541113765,343,,branch-misses:u,1154848,100.00,,
     1.541113765,32,,cache-misses:u,1154432,100.00,,
     1.541113765,1529803,,bus-cycles:u,1154272,100.00,,
     1.541113765,9781854,,instructions:u,1154240,100.00,,
     1.542268780,343,,branch-misses:u,1154944,100.00,,
     1.542268780,28,,cache-misses:u,1155264,100.00,,
     1.542268780,1531198,,bus-cycles:u,1155264,100.00,,
     1.542268780,9797127,,instructions:u,1155264,100.00,,
     1.543426642,345,,branch-misses:u,1161408,100.00,,
     1.543426642,90,,cache-misses:u,1161984,100.00,,
     1.543426642,1536180,,bus-cycles:u,1161984,100.00,,
     1.543426642,9821488,,instructions:u,1161952,100.00,,
     1.544597014,348,,branch-misses:u,1167264,100.00,,
     1.544597014,33,,cache-misses:u,1166784,100.00,,
     1.544597014,1546794,,bus-cycles:u,1167136,100.00,,
     1.544597014,9888002,,instructions:u,1167168,100.00,,
     1.545753693,344,,branch-misses:u,1157280,100.00,,
     1.545753693,31,,cache-misses:u,1157056,100.00,,
     1.545753693,1533317,,bus-cycles:u,1156736,100.00,,
     1.545753693,9810593,,instructions:u,1156704,100.00,,
     1.546908036,343,,branch-misses:u,1154432,100.00,,
     1.546908036,27,,cache-misses:u,1154304,100.00,,
     1.546908036,1529055,,bus-cycles:u,1154272,100.00,,
     1.546908036,9781368,,instructions:u,1154272,100.00,,
     1.548063050,343,,branch-misses:u,1156096,100.00,,
     1.548063050,102,,cache-misses:u,1156064,100.00,,
     1.548063050,1524819,,bus-cycles:u,1156064,100.00,,
     1.548063050,9755086,,instructions:u,1156128,100.00,,
     1.549220625,344,,branch-misses:u,1157216,100.00,,
     1.549220625,38,,cache-misses:u,1157440,100.00,,
     1.549220625,1533422,,bus-cycles:u,1157440,100.00,,
     1.549220625,9809918,,instructions:u,1157376,100.00,,
     1.550413649,354,,branch-misses:u,1194176,100.00,,
     1.550413649,35,,cache-misses:u,1194624,100.00,,
     1.550413649,1583605,,bus-cycles:u,1194624,100.00,,
     1.550413649,10129505,,instructions:u,1194656,100.00,,
     1.551575895,346,,branch-misses:u,1161504,100.00,,
     1.551575895,98,,cache-misses:u,1161216,100.00,,
     1.551575895,1534537,,bus-cycles:u,1161184,100.00,,
     1.551575895,9822267,,instructions:u,1161120,100.00,,
     1.552732317,343,,branch-misses:u,1155840,100.00,,
     1.552732317,35,,cache-misses:u,1155552,100.00,,
     1.552732317,1531072,,bus-cycles:u,1155552,100.00,,
     1.552732317,9792529,,instructions:u,1155584,100.00,,
     1.553885188,343,,branch-misses:u,1153376,100.00,,
     1.553885188,29,,cache-misses:u,1153312,100.00,,
     1.553885188,1526982,,bus-cycles:u,1153056,100.00,,
     1.553885188,9761742,,instructions:u,1153056,100.00,,
     1.555037771,343,,branch-misses:u,1152448,100.00,,
     1.555037771,44,,cache-misses:u,1152320,100.00,,
     1.555037771,1527204,,bus-cycles:u,1152608,100.00,,
     1.555037771,9767771,,instructions:u,1152640,100.00,,
     1.556215630,350,,branch-misses:u,1180576,100.00,,
     1.556215630,75,,cache-misses:u,1181280,100.00,,
     1.556215630,1559757,,bus-cycles:u,1181312,100.00,,
     1.556215630,9973930,,instructions:u,1181280,100.00,,
     1.557379891,345,,branch-misses:u,1162048,100.00,,
     1.557379891,36,,cache-misses:u,1161792,100.00,,
     1.557379891,1539395,,bus-cycles:u,1161792,100.00,,
     1.557379891,9848116,,instructions:u,1161792,100.00,,
     1.558536058,344,,branch-misses:u,1156256,100.00,,
     1.558536058,31,,cache-misses:u,1156224,100.00,,
     1.558536058,1531273,,bus-cycles:u,1155584,100.00,,
     1.558536058,9797191,,instructions:u,1155616,100.00,,
     1.559690337,342,,branch-misses:u,1155392,100.00,,
     1.559690337,115,,cache-misses:u,1155360,100.00,,
     1.559690337,1524508,,bus-cycles:u,1156192,100.00,,
     1.559690337,9750442,,instructions:u,1156192,100.00,,
     1.560848839,344,,branch-misses:u,1157952,100.00,,
     1.560848839,32,,cache-misses:u,1158432,100.00,,
     1.560848839,1533027,,bus-cycles:u,1158240,100.00,,
     1.560848839,9804951,,instructions:u,1158240,100.00,,
     1.562004078,343,,branch-misses:u,1155360,100.00,,
     1.562004078,29,,cache-misses:u,1154688,100.00,,
     1.562004078,1529478,,bus-cycles:u,1154624,100.00,,
     1.562004078,9779522,,instructions:u,1154656,100.00,,
     1.563158900,343,,branch-misses:u,1155648,100.00,,
     1.563158900,56,,cache-misses:u,1155744,100.00,,
     1.563158900,1527310,,bus-cycles:u,1155808,100.00,,
     1.563158900,9767556,,instructions:u,1155744,100.00,,
     1.564313915,343,,branch-misses:u,1154528,100.00,,
     1.564313915,73,,cache-misses:u,1154656,100.00,,
     1.564313915,1529555,,bus-cycles:u,1154624,100.00,,
     1.564313915,9785938,,instructions:u,1154624,100.00,,
     1.565468290,344,,branch-misses:u,1154400,100.00,,
     1.565468290,34,,cache-misses:u,1154240,100.00,,
     1.565468290,1529588,,bus-cycles:u,1154208,100.00,,
     1.565468290,9780012,,instructions:u,1154240,100.00,,
     1.566621481,343,,branch-misses:u,1153472,100.00,,
     1.566621481,31,,cache-misses:u,1153312,100.00,,
     1.566621481,1528553,,bus-cycles:u,1153376,100.00,,
     1.566621481,9775206,,instructions:u,1153312,100.00,,
     1.567774768,342,,branch-misses:u,1154944,100.00,,
     1.567774768,97,,cache-misses:u,1155360,100.00,,
     1.567774768,1527036,,bus-cycles:u,1155552,100.00,,
     1.567774768,9763336,,instructions:u,1155584,100.00,,
     1.568943764,349,,branch-misses:u,1168224,100.00,,
     1.568943764,38,,cache-misses:u,1167776,100.00,,
     1.568943764,1546892,,bus-cycles:u,1167648,100.00,,
     1.568943764,9901170,,instructions:u,1167648,100.00,,
     1.570099547,343,,branch-misses:u,1155360,100.00,,
     1.570099547,33,,cache-misses:u,1155584,100.00,,
     1.570099547,1530623,,bus-cycles:u,1155616,100.00,,
     1.570099547,9792793,,instructions:u,1155648,100.00,,
     1.571289020,354,,branch-misses:u,1194816,100.00,,
     1.571289020,78,,cache-misses:u,1195168,100.00,,
     1.571289020,1577563,,bus-cycles:u,1195104,100.00,,
     1.571289020,10094173,,instructions:u,1195200,100.00,,
     1.572475966,352,,branch-misses:u,1182528,100.00,,
     1.572475966,51,,cache-misses:u,1182496,100.00,,
     1.572475966,1566607,,bus-cycles:u,1182496,100.00,,
     1.572475966,10017104,,instructions:u,1182368,100.00,,
     1.573632772,343,,branch-misses:u,1156832,100.00,,
     1.573632772,32,,cache-misses:u,1156960,100.00,,
     1.573632772,1531720,,bus-cycles:u,1156896,100.00,,
     1.573632772,9795611,,instructions:u,1156896,100.00,,
     1.574788618,343,,branch-misses:u,1156192,100.00,,
     1.574788618,30,,cache-misses:u,1155840,100.00,,
     1.574788618,1530579,,bus-cycles:u,1155840,100.00,,
     1.574788618,9781597,,instructions:u,1155840,100.00,,
     1.575944913,424,,branch-misses:u,1156576,100.00,,
     1.575944913,179,,cache-misses:u,1157024,100.00,,
     1.575944913,1358865,,bus-cycles:u,1156928,100.00,,
     1.575944913,8434477,,instructions:u,1156864,100.00,,
     1.576223620,0,,branch-misses:u,190656,100.00,,
     1.576223620,0,,cache-misses:u,185184,100.00,,
     1.576223620,0,,bus-cycles:u,180608,100.00,,
     1.576223620,0,,instructions:u,176000,100.00,,
