     0.001083423,893,,branch-misses:u,477760,100.00,,
     0.001083423,326,,cache-misses:u,484704,100.00,,
     0.001083423,73727,,bus-cycles:u,488352,100.00,,
     0.001083423,31754,,instructions:u,492192,100.00,,
     0.002586822,1551,,branch-misses:u,1500448,100.00,,
     0.002586822,26454,,cache-misses:u,1500256,100.00,,
     0.002586822,902597,,bus-cycles:u,1500480,100.00,,
     0.002586822,1019947,,instructions:u,1500320,100.00,,
     0.003789228,0,,branch-misses:u,1195840,100.00,,
     0.003789228,33837,,cache-misses:u,1192992,100.00,,
     0.003789228,958793,,bus-cycles:u,1192000,100.00,,
     0.003789228,1275270,,instructions:u,1191520,100.00,,
     0.004954553,0,,branch-misses:u,1165056,100.00,,
     0.004954553,33469,,cache-misses:u,1164192,100.00,,
     0.004954553,944867,,bus-cycles:u,1164672,100.00,,
     0.004954553,1252200,,instructions:u,1163968,100.00,,
     0.006068593,0,,branch-misses:u,1113984,100.00,,
     0.006068593,29926,,cache-misses:u,1114656,100.00,,
     0.006068593,861732,,bus-cycles:u,1113696,100.00,,
     0.006068593,1146880,,instructions:u,1113536,100.00,,
     0.007228640,0,,branch-misses:u,1161440,100.00,,
     0.007228640,91,,cache-misses:u,1161152,100.00,,
     0.007228640,973938,,bus-cycles:u,1161888,100.00,,
     0.007228640,1616800,,instructions:u,1162144,100.00,,
     0.008391054,0,,branch-misses:u,1161216,100.00,,
     0.008391054,92,,cache-misses:u,1161568,100.00,,
     0.008391054,1543180,,bus-cycles:u,1160864,100.00,,
     0.008391054,2566880,,instructions:u,1160800,100.00,,
     0.009547229,6,,branch-misses:u,1157664,100.00,,
     0.009547229,20839,,cache-misses:u,1156992,100.00,,
     0.009547229,1229880,,bus-cycles:u,1157088,100.00,,
     0.009547229,1853895,,instructions:u,1157152,100.00,,
     0.010705932,0,,branch-misses:u,1162592,100.00,,
     0.010705932,56099,,cache-misses:u,1164000,100.00,,
     0.010705932,1527446,,bus-cycles:u,1164448,100.00,,
     0.010705932,2173858,,instructions:u,1164928,100.00,,
     0.011892821,0,,branch-misses:u,1183296,100.00,,
     0.011892821,57843,,cache-misses:u,1182112,100.00,,
     0.011892821,1570621,,bus-cycles:u,1183072,100.00,,
     0.011892821,2248332,,instructions:u,1182816,100.00,,
     0.013053412,0,,branch-misses:u,1160160,100.00,,
     0.013053412,330,,cache-misses:u,1160000,100.00,,
     0.013053412,1539388,,bus-cycles:u,1158752,100.00,,
     0.013053412,2559850,,instructions:u,1158784,100.00,,
     0.014210771,0,,branch-misses:u,1160416,100.00,,
     0.014210771,260,,cache-misses:u,1160672,100.00,,
     0.014210771,1525685,,bus-cycles:u,1161248,100.00,,
     0.014210771,2536140,,instructions:u,1161472,100.00,,
     0.015381823,2,,branch-misses:u,1169664,100.00,,
     0.015381823,53293,,cache-misses:u,1169472,100.00,,
     0.015381823,1551432,,bus-cycles:u,1170048,100.00,,
     0.015381823,2254755,,instructions:u,1169824,100.00,,
     0.016542925,0,,branch-misses:u,1160320,100.00,,
     0.016542925,57121,,cache-misses:u,1160416,100.00,,
     0.016542925,1538198,,bus-cycles:u,1159456,100.00,,
     0.016542925,2218340,,instructions:u,1159552,100.00,,
     0.017701884,0,,branch-misses:u,1159456,100.00,,
     0.017701884,23823,,cache-misses:u,1159616,100.00,,
     0.017701884,1538975,,bus-cycles:u,1160704,100.00,,
     0.017701884,2416960,,instructions:u,1160640,100.00,,
     0.018863210,2,,branch-misses:u,1114336,100.00,,
     0.018863210,177,,cache-misses:u,1120064,100.00,,
     0.018863210,919211,,bus-cycles:u,1122560,100.00,,
     0.018863210,1522700,,instructions:u,1126624,100.00,,
     0.020048948,0,,branch-misses:u,1179904,100.00,,
     0.020048948,114,,cache-misses:u,1177440,100.00,,
     0.020048948,846750,,bus-cycles:u,1176672,100.00,,
     0.020048948,1408180,,instructions:u,1176000,100.00,,
     0.021215393,0,,branch-misses:u,765536,100.00,,
     0.021215393,1465,,cache-misses:u,758784,100.00,,
     0.021215393,537680,,bus-cycles:u,753088,100.00,,
     0.021215393,882550,,instructions:u,746816,100.00,,
     0.022361490,2,,branch-misses:u,1127200,100.00,,
     0.022361490,52980,,cache-misses:u,1133856,100.00,,
     0.022361490,1456950,,bus-cycles:u,1139904,100.00,,
     0.022361490,2073755,,instructions:u,1145632,100.00,,
     0.023593810,0,,branch-misses:u,1235840,100.00,,
     0.023593810,60571,,cache-misses:u,1236096,100.00,,
     0.023593810,1632227,,bus-cycles:u,1235488,100.00,,
     0.023593810,2346400,,instructions:u,1234816,100.00,,
     0.024768158,0,,branch-misses:u,1171808,100.00,,
     0.024768158,19982,,cache-misses:u,1170336,100.00,,
     0.024768158,1545897,,bus-cycles:u,1169888,100.00,,
     0.024768158,2445140,,instructions:u,1169984,100.00,,
     0.025930892,0,,branch-misses:u,1161024,100.00,,
     0.025930892,240,,cache-misses:u,1161312,100.00,,
     0.025930892,1535262,,bus-cycles:u,1162400,100.00,,
     0.025930892,2550220,,instructions:u,1162752,100.00,,
     0.027098777,3,,branch-misses:u,1171552,100.00,,
     0.027098777,33202,,cache-misses:u,1172832,100.00,,
     0.027098777,1522974,,bus-cycles:u,1171776,100.00,,
     0.027098777,2326822,,instructions:u,1172288,100.00,,
     0.028271716,0,,branch-misses:u,1170656,100.00,,
     0.028271716,57749,,cache-misses:u,1169536,100.00,,
     0.028271716,1545800,,bus-cycles:u,1170208,100.00,,
     0.028271716,2228697,,instructions:u,1169792,100.00,,
     0.029436402,0,,branch-misses:u,1165408,100.00,,
     0.029436402,44132,,cache-misses:u,1165920,100.00,,
     0.029436402,1537846,,bus-cycles:u,1165760,100.00,,
     0.029436402,2299786,,instructions:u,1165312,100.00,,
     0.030606207,0,,branch-misses:u,1174048,100.00,,
     0.030606207,344,,cache-misses:u,1174080,100.00,,
     0.030606207,1521831,,bus-cycles:u,1173920,100.00,,
     0.030606207,2530530,,instructions:u,1174016,100.00,,
     0.031792328,0,,branch-misses:u,1181280,100.00,,
     0.031792328,10622,,cache-misses:u,1180352,100.00,,
     0.031792328,1560772,,bus-cycles:u,1180192,100.00,,
     0.031792328,2533904,,instructions:u,1180224,100.00,,
     0.032954902,1,,branch-misses:u,1163488,100.00,,
     0.032954902,57391,,cache-misses:u,1163648,100.00,,
     0.032954902,1537158,,bus-cycles:u,1163616,100.00,,
     0.032954902,2220259,,instructions:u,1163520,100.00,,
     0.034117476,0,,branch-misses:u,1161696,100.00,,
     0.034117476,56754,,cache-misses:u,1162464,100.00,,
     0.034117476,1518247,,bus-cycles:u,1162240,100.00,,
     0.034117476,2195918,,instructions:u,1161920,100.00,,
     0.035281681,0,,branch-misses:u,1166176,100.00,,
     0.035281681,10656,,cache-misses:u,1165312,100.00,,
     0.035281681,1540645,,bus-cycles:u,1165312,100.00,,
     0.035281681,2502084,,instructions:u,1165472,100.00,,
     0.036445791,0,,branch-misses:u,1162432,100.00,,
     0.036445791,105,,cache-misses:u,1162592,100.00,,
     0.036445791,1538399,,bus-cycles:u,1162720,100.00,,
     0.036445791,2558340,,instructions:u,1162688,100.00,,
     0.037608461,1,,branch-misses:u,1163776,100.00,,
     0.037608461,43827,,cache-misses:u,1163776,100.00,,
     0.037608461,1538995,,bus-cycles:u,1163776,100.00,,
     0.037608461,2299443,,instructions:u,1164608,100.00,,
     0.038774651,0,,branch-misses:u,1166976,100.00,,
     0.038774651,57385,,cache-misses:u,1167360,100.00,,
     0.038774651,1526385,,bus-cycles:u,1167264,100.00,,
     0.038774651,2205068,,instructions:u,1166496,100.00,,
     0.039944679,0,,branch-misses:u,1170624,100.00,,
     0.039944679,34495,,cache-misses:u,1170400,100.00,,
     0.039944679,1541858,,bus-cycles:u,1171008,100.00,,
     0.039944679,2363574,,instructions:u,1171200,100.00,,
     0.041123090,0,,branch-misses:u,1179136,100.00,,
     0.041123090,225,,cache-misses:u,1179168,100.00,,
     0.041123090,1557502,,bus-cycles:u,1178688,100.00,,
     0.041123090,2589810,,instructions:u,1178432,100.00,,
     0.042295966,1,,branch-misses:u,1172448,100.00,,
     0.042295966,20535,,cache-misses:u,1171424,100.00,,
     0.042295966,1532891,,bus-cycles:u,1171296,100.00,,
     0.042295966,2424823,,instructions:u,1171424,100.00,,
     0.043462315,0,,branch-misses:u,1165536,100.00,,
     0.043462315,57783,,cache-misses:u,1166240,100.00,,
     0.043462315,1542774,,bus-cycles:u,1166272,100.00,,
     0.043462315,2228838,,instructions:u,1166272,100.00,,
     0.044678798,0,,branch-misses:u,1219776,100.00,,
     0.044678798,57466,,cache-misses:u,1220704,100.00,,
     0.044678798,1613879,,bus-cycles:u,1220736,100.00,,
     0.044678798,2349954,,instructions:u,1220640,100.00,,
     0.045853881,0,,branch-misses:u,1172096,100.00,,
     0.045853881,171,,cache-misses:u,1171136,100.00,,
     0.045853881,1549627,,bus-cycles:u,1170848,100.00,,
     0.045853881,2577160,,instructions:u,1170848,100.00,,
     0.047015495,0,,branch-misses:u,1162784,100.00,,
     0.047015495,261,,cache-misses:u,1163200,100.00,,
     0.047015495,1523414,,bus-cycles:u,1163744,100.00,,
     0.047015495,2531168,,instructions:u,1163808,100.00,,
     0.048180501,1,,branch-misses:u,1165280,100.00,,
     0.048180501,57354,,cache-misses:u,1164928,100.00,,
     0.048180501,1539871,,bus-cycles:u,1164544,100.00,,
     0.048180501,2222837,,instructions:u,1164704,100.00,,
     0.049346018,0,,branch-misses:u,1165024,100.00,,
     0.049346018,57929,,cache-misses:u,1164896,100.00,,
     0.049346018,1540429,,bus-cycles:u,1165504,100.00,,
     0.049346018,2226590,,instructions:u,1165600,100.00,,
     0.050512592,1,,branch-misses:u,1168096,100.00,,
     0.050512592,20322,,cache-misses:u,1168512,100.00,,
     0.050512592,1530543,,bus-cycles:u,1168192,100.00,,
     0.050512592,2430880,,instructions:u,1167936,100.00,,
     0.051682876,0,,branch-misses:u,1169376,100.00,,
     0.051682876,252,,cache-misses:u,1169152,100.00,,
     0.051682876,1548169,,bus-cycles:u,1169504,100.00,,
     0.051682876,2573830,,instructions:u,1169504,100.00,,
     0.052860391,1,,branch-misses:u,1178368,100.00,,
     0.052860391,34807,,cache-misses:u,1178240,100.00,,
     0.052860391,1558874,,bus-cycles:u,1177728,100.00,,
     0.052860391,2378775,,instructions:u,1177728,100.00,,
     0.054038386,0,,branch-misses:u,1178464,100.00,,
     0.054038386,58244,,cache-misses:u,1178720,100.00,,
     0.054038386,1558969,,bus-cycles:u,1178592,100.00,,
     0.054038386,2254960,,instructions:u,1190880,100.00,,
     0.055236441,0,,branch-misses:u,1200832,100.00,,
     0.055236441,42338,,cache-misses:u,1201152,100.00,,
     0.055236441,1576330,,bus-cycles:u,1201696,100.00,,
     0.055236441,2369670,,instructions:u,1189504,100.00,,
     0.056423905,0,,branch-misses:u,1185184,100.00,,
     0.056423905,102,,cache-misses:u,1184640,100.00,,
     0.056423905,1565979,,bus-cycles:u,1184320,100.00,,
     0.056423905,2606490,,instructions:u,1184320,100.00,,
     0.057593230,0,,branch-misses:u,1169024,100.00,,
     0.057593230,14934,,cache-misses:u,1169696,100.00,,
     0.057593230,1546854,,bus-cycles:u,1169536,100.00,,
     0.057593230,2483240,,instructions:u,1170080,100.00,,
     0.058762331,1,,branch-misses:u,1170848,100.00,,
     0.058762331,56888,,cache-misses:u,1170400,100.00,,
     0.058762331,1528179,,bus-cycles:u,1170624,100.00,,
     0.058762331,2202725,,instructions:u,1169952,100.00,,
     0.059932519,0,,branch-misses:u,1169760,100.00,,
     0.059932519,57826,,cache-misses:u,1169760,100.00,,
     0.059932519,1546887,,bus-cycles:u,1169696,100.00,,
     0.059932519,2232270,,instructions:u,1170048,100.00,,
     0.061104147,0,,branch-misses:u,1170656,100.00,,
     0.061104147,5856,,cache-misses:u,1170752,100.00,,
     0.061104147,1547318,,bus-cycles:u,1170816,100.00,,
     0.061104147,2541940,,instructions:u,1171328,100.00,,
     0.062270977,0,,branch-misses:u,1168224,100.00,,
     0.062270977,402,,cache-misses:u,1168320,100.00,,
     0.062270977,1529154,,bus-cycles:u,1168256,100.00,,
     0.062270977,2542670,,instructions:u,1167520,100.00,,
     0.063442125,1,,branch-misses:u,1170912,100.00,,
     0.063442125,47941,,cache-misses:u,1170656,100.00,,
     0.063442125,1547261,,bus-cycles:u,1170560,100.00,,
     0.063442125,2285415,,instructions:u,1170432,100.00,,
     0.064623159,0,,branch-misses:u,1184640,100.00,,
     0.064623159,58603,,cache-misses:u,1184736,100.00,,
     0.064623159,1566021,,bus-cycles:u,1184896,100.00,,
     0.064623159,2260290,,instructions:u,1185024,100.00,,
     0.065795139,0,,branch-misses:u,1168832,100.00,,
     0.065795139,28061,,cache-misses:u,1168960,100.00,,
     0.065795139,1544331,,bus-cycles:u,1168896,100.00,,
     0.065795139,2404520,,instructions:u,1168736,100.00,,
     0.067022756,0,,branch-misses:u,1227840,100.00,,
     0.067022756,371,,cache-misses:u,1228704,100.00,,
     0.067022756,1609165,,bus-cycles:u,1228704,100.00,,
     0.067022756,2676570,,instructions:u,1228992,100.00,,
     0.068196783,1,,branch-misses:u,1174176,100.00,,
     0.068196783,29858,,cache-misses:u,1173696,100.00,,
     0.068196783,1553072,,bus-cycles:u,1173792,100.00,,
     0.068196783,2416283,,instructions:u,1173760,100.00,,
     0.069376218,0,,branch-misses:u,1178624,100.00,,
     0.069376218,58383,,cache-misses:u,1178176,100.00,,
     0.069376218,1558104,,bus-cycles:u,1178624,100.00,,
     0.069376218,2272122,,instructions:u,1179008,100.00,,
     0.070562019,0,,branch-misses:u,1188512,100.00,,
     0.070562019,46124,,cache-misses:u,1188928,100.00,,
     0.070562019,1551614,,bus-cycles:u,1188704,100.00,,
     0.070562019,2324350,,instructions:u,1188480,100.00,,
     0.071741518,0,,branch-misses:u,1178048,100.00,,
     0.071741518,255,,cache-misses:u,1178016,100.00,,
     0.071741518,1556283,,bus-cycles:u,1178464,100.00,,
     0.071741518,2587100,,instructions:u,1178432,100.00,,
     0.072913946,0,,branch-misses:u,1173152,100.00,,
     0.072913946,9838,,cache-misses:u,1173024,100.00,,
     0.072913946,1548989,,bus-cycles:u,1172320,100.00,,
     0.072913946,2521810,,instructions:u,1172192,100.00,,
     0.074089317,1,,branch-misses:u,1175328,100.00,,
     0.074089317,56795,,cache-misses:u,1174976,100.00,,
     0.074089317,1536367,,bus-cycles:u,1174912,100.00,,
     0.074089317,2242322,,instructions:u,1175104,100.00,,
     0.075263025,0,,branch-misses:u,1173344,100.00,,
     0.075263025,58188,,cache-misses:u,1173600,100.00,,
     0.075263025,1553546,,bus-cycles:u,1173952,100.00,,
     0.075263025,2269713,,instructions:u,1173792,100.00,,
     0.076438588,0,,branch-misses:u,1175296,100.00,,
     0.076438588,8765,,cache-misses:u,1175040,100.00,,
     0.076438588,1554041,,bus-cycles:u,1174688,100.00,,
     0.076438588,2540000,,instructions:u,1174560,100.00,,
     0.077611624,0,,branch-misses:u,1173504,100.00,,
     0.077611624,217,,cache-misses:u,1173472,100.00,,
     0.077611624,1552538,,bus-cycles:u,1173472,100.00,,
     0.077611624,2583140,,instructions:u,1173504,100.00,,
     0.078784948,1,,branch-misses:u,1174592,100.00,,
     0.078784948,46145,,cache-misses:u,1174912,100.00,,
     0.078784948,1523300,,bus-cycles:u,1174944,100.00,,
     0.078784948,2276465,,instructions:u,1174816,100.00,,
     0.079955808,0,,branch-misses:u,1170624,100.00,,
     0.079955808,58117,,cache-misses:u,1169888,100.00,,
     0.079955808,1548634,,bus-cycles:u,1169888,100.00,,
     0.079955808,2265048,,instructions:u,1169824,100.00,,
     0.081122893,0,,branch-misses:u,1167040,100.00,,
     0.081122893,29866,,cache-misses:u,1167456,100.00,,
     0.081122893,1544121,,bus-cycles:u,1167392,100.00,,
     0.081122893,2408952,,instructions:u,1167776,100.00,,
     0.082289530,0,,branch-misses:u,1167360,100.00,,
     0.082289530,281,,cache-misses:u,1167168,100.00,,
     0.082289530,1526730,,bus-cycles:u,1167360,100.00,,
     0.082289530,2539250,,instructions:u,1167392,100.00,,
     0.083456424,1,,branch-misses:u,1167104,100.00,,
     0.083456424,24631,,cache-misses:u,1167040,100.00,,
     0.083456424,1543474,,bus-cycles:u,1166720,100.00,,
     0.083456424,2430925,,instructions:u,1166432,100.00,,
     0.084624916,0,,branch-misses:u,1169024,100.00,,
     0.084624916,57867,,cache-misses:u,1169216,100.00,,
     0.084624916,1545060,,bus-cycles:u,1169568,100.00,,
     0.084624916,2260150,,instructions:u,1169792,100.00,,
     0.085792289,0,,branch-misses:u,1167168,100.00,,
     0.085792289,51633,,cache-misses:u,1167520,100.00,,
     0.085792289,1539693,,bus-cycles:u,1167200,100.00,,
     0.085792289,2282290,,instructions:u,1167008,100.00,,
     0.086959438,0,,branch-misses:u,1167360,100.00,,
     0.086959438,240,,cache-misses:u,1166784,100.00,,
     0.086959438,1521351,,bus-cycles:u,1166592,100.00,,
     0.086959438,2530520,,instructions:u,1166272,100.00,,
     0.088177841,0,,branch-misses:u,1219232,100.00,,
     0.088177841,5537,,cache-misses:u,1219360,100.00,,
     0.088177841,1616712,,bus-cycles:u,1219424,100.00,,
     0.088177841,2656180,,instructions:u,1219456,100.00,,
     0.089347485,1,,branch-misses:u,1170400,100.00,,
     0.089347485,57813,,cache-misses:u,1170400,100.00,,
     0.089347485,1546848,,bus-cycles:u,1170560,100.00,,
     0.089347485,2259259,,instructions:u,1170688,100.00,,
     0.090514379,0,,branch-misses:u,1166304,100.00,,
     0.090514379,56575,,cache-misses:u,1166272,100.00,,
     0.090514379,1525581,,bus-cycles:u,1166400,100.00,,
     0.090514379,2225726,,instructions:u,1166944,100.00,,
     0.091679352,0,,branch-misses:u,1166432,100.00,,
     0.091679352,13798,,cache-misses:u,1166528,100.00,,
     0.091679352,1541437,,bus-cycles:u,1166368,100.00,,
     0.091679352,2491380,,instructions:u,1166368,100.00,,
     0.092844262,0,,branch-misses:u,1163328,100.00,,
     0.092844262,214,,cache-misses:u,1163520,100.00,,
     0.092844262,1538410,,bus-cycles:u,1163680,100.00,,
     0.092844262,2559890,,instructions:u,1163264,100.00,,
     0.094007316,1,,branch-misses:u,1164928,100.00,,
     0.094007316,40815,,cache-misses:u,1164288,100.00,,
     0.094007316,1539245,,bus-cycles:u,1164224,100.00,,
     0.094007316,2334525,,instructions:u,1164416,100.00,,
     0.095203003,0,,branch-misses:u,1159904,100.00,,
     0.095203003,54597,,cache-misses:u,1162336,100.00,,
     0.095203003,1458045,,bus-cycles:u,1163360,100.00,,
     0.095203003,2126508,,instructions:u,1163904,100.00,,
     0.096438682,0,,branch-misses:u,1230400,100.00,,
     0.096438682,38722,,cache-misses:u,1228928,100.00,,
     0.096438682,1623766,,bus-cycles:u,1227872,100.00,,
     0.096438682,2493922,,instructions:u,1227104,100.00,,
     0.097612421,0,,branch-misses:u,1171936,100.00,,
     0.097612421,431,,cache-misses:u,1171488,100.00,,
     0.097612421,1550115,,bus-cycles:u,1171840,100.00,,
     0.097612421,2578810,,instructions:u,1171616,100.00,,
     0.098777203,1,,branch-misses:u,1166432,100.00,,
     0.098777203,18431,,cache-misses:u,1166976,100.00,,
     0.098777203,1515018,,bus-cycles:u,1166304,100.00,,
     0.098777203,2412597,,instructions:u,1165984,100.00,,
     0.099942017,0,,branch-misses:u,1164064,100.00,,
     0.099942017,57580,,cache-misses:u,1163648,100.00,,
     0.099942017,1540648,,bus-cycles:u,1163904,100.00,,
     0.099942017,2248148,,instructions:u,1164608,100.00,,
     0.101107278,0,,branch-misses:u,1165600,100.00,,
     0.101107278,57682,,cache-misses:u,1165760,100.00,,
     0.101107278,1542408,,bus-cycles:u,1166016,100.00,,
     0.101107278,2257570,,instructions:u,1166048,100.00,,
     0.102271548,0,,branch-misses:u,1165088,100.00,,
     0.102271548,397,,cache-misses:u,1165568,100.00,,
     0.102271548,1522165,,bus-cycles:u,1165312,100.00,,
     0.102271548,2532200,,instructions:u,1165344,100.00,,
     0.103436873,0,,branch-misses:u,1164736,100.00,,
     0.103436873,163,,cache-misses:u,1163904,100.00,,
     0.103436873,1540268,,bus-cycles:u,1163840,100.00,,
     0.103436873,2562630,,instructions:u,1163680,100.00,,
     0.104600279,1,,branch-misses:u,1163264,100.00,,
     0.104600279,53812,,cache-misses:u,1163392,100.00,,
     0.104600279,1539667,,bus-cycles:u,1163584,100.00,,
     0.104600279,2267275,,instructions:u,1163712,100.00,,
     0.105764357,0,,branch-misses:u,1165792,100.00,,
     0.105764357,58099,,cache-misses:u,1165472,100.00,,
     0.105764357,1540915,,bus-cycles:u,1165312,100.00,,
     0.105764357,2248418,,instructions:u,1165056,100.00,,
     0.106928946,0,,branch-misses:u,1165760,100.00,,
     0.106928946,22641,,cache-misses:u,1166112,100.00,,
     0.106928946,1520069,,bus-cycles:u,1166304,100.00,,
     0.106928946,2405132,,instructions:u,1166528,100.00,,
     0.108097631,0,,branch-misses:u,1166688,100.00,,
     0.108097631,202,,cache-misses:u,1166496,100.00,,
     0.108097631,1542371,,bus-cycles:u,1166592,100.00,,
     0.108097631,2565090,,instructions:u,1166560,100.00,,
     0.109267916,1,,branch-misses:u,1170624,100.00,,
     0.109267916,31680,,cache-misses:u,1170688,100.00,,
     0.109267916,1548167,,bus-cycles:u,1170496,100.00,,
     0.109267916,2397715,,instructions:u,1170656,100.00,,
     0.110495148,0,,branch-misses:u,1229280,100.00,,
     0.110495148,59694,,cache-misses:u,1230944,100.00,,
     0.110495148,1601340,,bus-cycles:u,1231040,100.00,,
     0.110495148,2331430,,instructions:u,1230912,100.00,,
     0.111669688,0,,branch-misses:u,1173504,100.00,,
     0.111669688,42835,,cache-misses:u,1171840,100.00,,
     0.111669688,1548147,,bus-cycles:u,1171776,100.00,,
     0.111669688,2345490,,instructions:u,1171552,100.00,,
     0.112833286,0,,branch-misses:u,1163168,100.00,,
     0.112833286,191,,cache-misses:u,1163168,100.00,,
     0.112833286,1537880,,bus-cycles:u,1163200,100.00,,
     0.112833286,2559330,,instructions:u,1163808,100.00,,
     0.113995636,0,,branch-misses:u,1162528,100.00,,
     0.113995636,12251,,cache-misses:u,1162464,100.00,,
     0.113995636,1535109,,bus-cycles:u,1162240,100.00,,
     0.113995636,2484120,,instructions:u,1161600,100.00,,
     0.115177886,1,,branch-misses:u,1185120,100.00,,
     0.115177886,58061,,cache-misses:u,1185184,100.00,,
     0.115177886,1551063,,bus-cycles:u,1185280,100.00,,
     0.115177886,2264105,,instructions:u,1185408,100.00,,
     0.116345035,0,,branch-misses:u,1165792,100.00,,
     0.116345035,58079,,cache-misses:u,1165888,100.00,,
     0.116345035,1540744,,bus-cycles:u,1166112,100.00,,
     0.116345035,2249260,,instructions:u,1166272,100.00,,
     0.117508057,0,,branch-misses:u,1162720,100.00,,
     0.117508057,6537,,cache-misses:u,1162848,100.00,,
     0.117508057,1538832,,bus-cycles:u,1163168,100.00,,
     0.117508057,2525490,,instructions:u,1163104,100.00,,
     0.118671335,0,,branch-misses:u,1164096,100.00,,
     0.118671335,158,,cache-misses:u,1163936,100.00,,
     0.118671335,1518779,,bus-cycles:u,1163616,100.00,,
     0.118671335,2528480,,instructions:u,1163936,100.00,,
     0.119836596,1,,branch-misses:u,1165408,100.00,,
     0.119836596,47318,,cache-misses:u,1165280,100.00,,
     0.119836596,1541016,,bus-cycles:u,1165088,100.00,,
     0.119836596,2302465,,instructions:u,1164640,100.00,,
     0.120997859,0,,branch-misses:u,1161856,100.00,,
     0.120997859,57823,,cache-misses:u,1161856,100.00,,
     0.120997859,1535027,,bus-cycles:u,1161792,100.00,,
     0.120997859,2241210,,instructions:u,1161792,100.00,,
     0.122159121,0,,branch-misses:u,1160960,100.00,,
     0.122159121,28401,,cache-misses:u,1162144,100.00,,
     0.122159121,1522592,,bus-cycles:u,1162112,100.00,,
     0.122159121,2378790,,instructions:u,1162016,100.00,,
     0.123320543,0,,branch-misses:u,1161152,100.00,,
     0.123320543,226,,cache-misses:u,1160640,100.00,,
     0.123320543,1535049,,bus-cycles:u,1160704,100.00,,
     0.123320543,2552320,,instructions:u,1160672,100.00,,
     0.124483277,1,,branch-misses:u,1163232,100.00,,
     0.124483277,24237,,cache-misses:u,1162912,100.00,,
     0.124483277,1536468,,bus-cycles:u,1162976,100.00,,
     0.124483277,2421655,,instructions:u,1162944,100.00,,
     0.125641852,0,,branch-misses:u,1157984,100.00,,
     0.125641852,57411,,cache-misses:u,1157568,100.00,,
     0.125641852,1531114,,bus-cycles:u,1157632,100.00,,
     0.125641852,2232431,,instructions:u,1158304,100.00,,
     0.126803914,0,,branch-misses:u,1167296,100.00,,
     0.126803914,53018,,cache-misses:u,1168032,100.00,,
     0.126803914,1529341,,bus-cycles:u,1168192,100.00,,
     0.126803914,2249659,,instructions:u,1168096,100.00,,
     0.127997778,0,,branch-misses:u,1191072,100.00,,
     0.127997778,220,,cache-misses:u,1191104,100.00,,
     0.127997778,1573574,,bus-cycles:u,1190976,100.00,,
     0.127997778,2616830,,instructions:u,1190752,100.00,,
     0.129182427,0,,branch-misses:u,1194784,100.00,,
     0.129182427,4644,,cache-misses:u,1195520,100.00,,
     0.129182427,1573766,,bus-cycles:u,1196512,100.00,,
     0.129182427,2594980,,instructions:u,1197536,100.00,,
     0.130442229,1,,branch-misses:u,1254848,100.00,,
     0.130442229,60352,,cache-misses:u,1255424,100.00,,
     0.130442229,1623513,,bus-cycles:u,1255840,100.00,,
     0.130442229,2369703,,instructions:u,1256128,100.00,,
     0.131770497,0,,branch-misses:u,1324576,100.00,,
     0.131770497,65260,,cache-misses:u,1323968,100.00,,
     0.131770497,1748647,,bus-cycles:u,1323136,100.00,,
     0.131770497,2554742,,instructions:u,1322272,100.00,,
     0.132945228,0,,branch-misses:u,1175552,100.00,,
     0.132945228,3684,,cache-misses:u,1175264,100.00,,
     0.132945228,1552476,,bus-cycles:u,1175264,100.00,,
     0.132945228,2562230,,instructions:u,1174912,100.00,,
     0.134115768,0,,branch-misses:u,1169664,100.00,,
     0.134115768,321,,cache-misses:u,1169696,100.00,,
     0.134115768,1523313,,bus-cycles:u,1169568,100.00,,
     0.134115768,2528030,,instructions:u,1170400,100.00,,
     0.135287781,1,,branch-misses:u,1172992,100.00,,
     0.135287781,50607,,cache-misses:u,1171776,100.00,,
     0.135287781,1548306,,bus-cycles:u,1171840,100.00,,
     0.135287781,2284215,,instructions:u,1171200,100.00,,
     0.136454578,0,,branch-misses:u,1168032,100.00,,
     0.136454578,57629,,cache-misses:u,1168768,100.00,,
     0.136454578,1542713,,bus-cycles:u,1168256,100.00,,
     0.136454578,2247590,,instructions:u,1168352,100.00,,
     0.137626174,0,,branch-misses:u,1171712,100.00,,
     0.137626174,25671,,cache-misses:u,1171200,100.00,,
     0.137626174,1546942,,bus-cycles:u,1171264,100.00,,
     0.137626174,2430150,,instructions:u,1170752,100.00,,
     0.138794731,0,,branch-misses:u,1169632,100.00,,
     0.138794731,262,,cache-misses:u,1171712,100.00,,
     0.138794731,1523281,,bus-cycles:u,1172096,100.00,,
     0.138794731,2533780,,instructions:u,1172352,100.00,,
     0.139979828,1,,branch-misses:u,1183456,100.00,,
     0.139979828,29116,,cache-misses:u,1181024,100.00,,
     0.139979828,1561947,,bus-cycles:u,1180704,100.00,,
     0.139979828,2435505,,instructions:u,1180352,100.00,,
     0.141144002,0,,branch-misses:u,1163072,100.00,,
     0.141144002,57503,,cache-misses:u,1163488,100.00,,
     0.141144002,1539209,,bus-cycles:u,1164096,100.00,,
     0.141144002,2245660,,instructions:u,1164448,100.00,,
     0.142311823,0,,branch-misses:u,1170720,100.00,,
     0.142311823,47292,,cache-misses:u,1170912,100.00,,
     0.142311823,1525957,,bus-cycles:u,1170176,100.00,,
     0.142311823,2272580,,instructions:u,1170176,100.00,,
     0.143491321,0,,branch-misses:u,1176800,100.00,,
     0.143491321,206,,cache-misses:u,1176320,100.00,,
     0.143491321,1557633,,bus-cycles:u,1176224,100.00,,
     0.143491321,2590120,,instructions:u,1176096,100.00,,
     0.144660006,0,,branch-misses:u,1170208,100.00,,
     0.144660006,7764,,cache-misses:u,1170400,100.00,,
     0.144660006,1548468,,bus-cycles:u,1170464,100.00,,
     0.144660006,2531541,,instructions:u,1170816,100.00,,
     0.145839760,1,,branch-misses:u,1178784,100.00,,
     0.145839760,58403,,cache-misses:u,1178240,100.00,,
     0.145839760,1559719,,bus-cycles:u,1178208,100.00,,
     0.145839760,2265978,,instructions:u,1177696,100.00,,
     0.147354709,0,,branch-misses:u,1536768,100.00,,
     0.147354709,68463,,cache-misses:u,1540928,100.00,,
     0.147354709,2025235,,bus-cycles:u,1543360,100.00,,
     0.147354709,2999176,,instructions:u,1545856,100.00,,
     0.148649320,0,,branch-misses:u,1272864,100.00,,
     0.148649320,285,,cache-misses:u,1269824,100.00,,
     0.148649320,1678328,,bus-cycles:u,1267456,100.00,,
     0.148649320,2786390,,instructions:u,1265152,100.00,,
     0.149816917,0,,branch-misses:u,1167424,100.00,,
     0.149816917,10027,,cache-misses:u,1166784,100.00,,
     0.149816917,1544179,,bus-cycles:u,1166752,100.00,,
     0.149816917,2511630,,instructions:u,1166528,100.00,,
     0.150978595,1,,branch-misses:u,1163424,100.00,,
     0.150978595,56427,,cache-misses:u,1164032,100.00,,
     0.150978595,1524027,,bus-cycles:u,1164416,100.00,,
     0.150978595,2215625,,instructions:u,1164736,100.00,,
     0.152164844,0,,branch-misses:u,1186016,100.00,,
     0.152164844,58823,,cache-misses:u,1185856,100.00,,
     0.152164844,1569740,,bus-cycles:u,1185568,100.00,,
     0.152164844,2286930,,instructions:u,1185440,100.00,,
     0.153336120,0,,branch-misses:u,1170432,100.00,,
     0.153336120,9316,,cache-misses:u,1170112,100.00,,
     0.153336120,1549673,,bus-cycles:u,1170624,100.00,,
     0.153336120,2526346,,instructions:u,1171712,100.00,,
     0.154578262,0,,branch-misses:u,1244576,100.00,,
     0.154578262,189,,cache-misses:u,1246272,100.00,,
     0.154578262,1632481,,bus-cycles:u,1246144,100.00,,
     0.154578262,2715098,,instructions:u,1245120,100.00,,
     0.155753697,1,,branch-misses:u,1174880,100.00,,
     0.155753697,49140,,cache-misses:u,1173440,100.00,,
     0.155753697,1550293,,bus-cycles:u,1173024,100.00,,
     0.155753697,2303171,,instructions:u,1172864,100.00,,
     0.156921678,0,,branch-misses:u,1169472,100.00,,
     0.156921678,58014,,cache-misses:u,1169408,100.00,,
     0.156921678,1546588,,bus-cycles:u,1169600,100.00,,
     0.156921678,2257300,,instructions:u,1169760,100.00,,
     0.158093882,0,,branch-misses:u,1170240,100.00,,
     0.158093882,26789,,cache-misses:u,1169888,100.00,,
     0.158093882,1531890,,bus-cycles:u,1170080,100.00,,
     0.158093882,2405210,,instructions:u,1169984,100.00,,
     0.159264007,0,,branch-misses:u,1170912,100.00,,
     0.159264007,141,,cache-misses:u,1171104,100.00,,
     0.159264007,1548880,,bus-cycles:u,1170592,100.00,,
     0.159264007,2578470,,instructions:u,1170400,100.00,,
     0.160428724,1,,branch-misses:u,1164768,100.00,,
     0.160428724,28225,,cache-misses:u,1164768,100.00,,
     0.160428724,1542655,,bus-cycles:u,1165184,100.00,,
     0.160428724,2407025,,instructions:u,1165792,100.00,,
     0.161593282,0,,branch-misses:u,1165536,100.00,,
     0.161593282,57826,,cache-misses:u,1165216,100.00,,
     0.161593282,1539924,,bus-cycles:u,1164992,100.00,,
     0.161593282,2249410,,instructions:u,1164352,100.00,,
     0.162756240,0,,branch-misses:u,1163104,100.00,,
     0.162756240,48112,,cache-misses:u,1163264,100.00,,
     0.162756240,1522700,,bus-cycles:u,1163040,100.00,,
     0.162756240,2274180,,instructions:u,1163072,100.00,,
     0.163921277,0,,branch-misses:u,1163776,100.00,,
     0.163921277,285,,cache-misses:u,1163680,100.00,,
     0.163921277,1539739,,bus-cycles:u,1163680,100.00,,
     0.163921277,2562063,,instructions:u,1164000,100.00,,
     0.165079020,0,,branch-misses:u,1158080,100.00,,
     0.165079020,5625,,cache-misses:u,1158048,100.00,,
     0.165079020,1531266,,bus-cycles:u,1158272,100.00,,
     0.165079020,2517073,,instructions:u,1158592,100.00,,
     0.166238587,1,,branch-misses:u,1161088,100.00,,
     0.166238587,56920,,cache-misses:u,1161056,100.00,,
     0.166238587,1516278,,bus-cycles:u,1160896,100.00,,
     0.166238587,2212857,,instructions:u,1160416,100.00,,
     0.167404265,0,,branch-misses:u,1166112,100.00,,
     0.167404265,57634,,cache-misses:u,1166048,100.00,,
     0.167404265,1541550,,bus-cycles:u,1166176,100.00,,
     0.167404265,2250272,,instructions:u,1166176,100.00,,
     0.168566103,0,,branch-misses:u,1161856,100.00,,
     0.168566103,14275,,cache-misses:u,1162016,100.00,,
     0.168566103,1535114,,bus-cycles:u,1161984,100.00,,
     0.168566103,2476800,,instructions:u,1161792,100.00,,
     0.169725701,0,,branch-misses:u,1158784,100.00,,
     0.169725701,232,,cache-misses:u,1158752,100.00,,
     0.169725701,1532422,,bus-cycles:u,1158496,100.00,,
     0.169725701,2549570,,instructions:u,1158464,100.00,,
     0.170884468,1,,branch-misses:u,1161376,100.00,,
     0.170884468,39100,,cache-misses:u,1161344,100.00,,
     0.170884468,1522116,,bus-cycles:u,1161472,100.00,,
     0.170884468,2314092,,instructions:u,1161472,100.00,,
     0.172046914,0,,branch-misses:u,1160992,100.00,,
     0.172046914,57960,,cache-misses:u,1160960,100.00,,
     0.172046914,1535485,,bus-cycles:u,1161056,100.00,,
     0.172046914,2239460,,instructions:u,1161056,100.00,,
     0.173205329,0,,branch-misses:u,1158304,100.00,,
     0.173205329,37555,,cache-misses:u,1158432,100.00,,
     0.173205329,1531823,,bus-cycles:u,1158976,100.00,,
     0.173205329,2347463,,instructions:u,1158944,100.00,,
     0.174366240,0,,branch-misses:u,1162688,100.00,,
     0.174366240,244,,cache-misses:u,1162912,100.00,,
     0.174366240,1520576,,bus-cycles:u,1162272,100.00,,
     0.174366240,2529870,,instructions:u,1162464,100.00,,
     0.175589921,1,,branch-misses:u,1225312,100.00,,
     0.175589921,19272,,cache-misses:u,1225312,100.00,,
     0.175589921,1621205,,bus-cycles:u,1225600,100.00,,
     0.175589921,2589185,,instructions:u,1225632,100.00,,
     0.176756046,0,,branch-misses:u,1163328,100.00,,
     0.176756046,57869,,cache-misses:u,1162880,100.00,,
     0.176756046,1538444,,bus-cycles:u,1162624,100.00,,
     0.176756046,2243080,,instructions:u,1162464,100.00,,
     0.177912446,0,,branch-misses:u,1156640,100.00,,
     0.177912446,57479,,cache-misses:u,1157184,100.00,,
     0.177912446,1529557,,bus-cycles:u,1157184,100.00,,
     0.177912446,2233403,,instructions:u,1157248,100.00,,
     0.179072460,0,,branch-misses:u,1162528,100.00,,
     0.179072460,269,,cache-misses:u,1162112,100.00,,
     0.179072460,1521205,,bus-cycles:u,1161952,100.00,,
     0.179072460,2527797,,instructions:u,1161760,100.00,,
     0.180236026,0,,branch-misses:u,1162880,100.00,,
     0.180236026,214,,cache-misses:u,1162592,100.00,,
     0.180236026,1538585,,bus-cycles:u,1162432,100.00,,
     0.180236026,2559320,,instructions:u,1162368,100.00,,
     0.181396968,1,,branch-misses:u,1160800,100.00,,
     0.181396968,53540,,cache-misses:u,1161184,100.00,,
     0.181396968,1535741,,bus-cycles:u,1161408,100.00,,
     0.181396968,2261085,,instructions:u,1161600,100.00,,
     0.182556759,0,,branch-misses:u,1160640,100.00,,
     0.182556759,57053,,cache-misses:u,1160512,100.00,,
     0.182556759,1520183,,bus-cycles:u,1160512,100.00,,
     0.182556759,2217670,,instructions:u,1160480,100.00,,
     0.183723172,0,,branch-misses:u,1166144,100.00,,
     0.183723172,23692,,cache-misses:u,1166752,100.00,,
     0.183723172,1542958,,bus-cycles:u,1167264,100.00,,
     0.183723172,2441750,,instructions:u,1167456,100.00,,
     0.184883987,0,,branch-misses:u,1159712,100.00,,
     0.184883987,209,,cache-misses:u,1159200,100.00,,
     0.184883987,1533655,,bus-cycles:u,1158848,100.00,,
     0.184883987,2551940,,instructions:u,1158752,100.00,,
     0.186042114,1,,branch-misses:u,1159712,100.00,,
     0.186042114,30638,,cache-misses:u,1159616,100.00,,
     0.186042114,1543975,,bus-cycles:u,1176256,100.00,,
     0.186042114,2393065,,instructions:u,1176544,100.00,,
     0.187225739,0,,branch-misses:u,1183168,100.00,,
     0.187225739,58198,,cache-misses:u,1183264,100.00,,
     0.187225739,1543708,,bus-cycles:u,1166656,100.00,,
     0.187225739,2253358,,instructions:u,1166528,100.00,,
     0.188386074,0,,branch-misses:u,1159872,100.00,,
     0.188386074,45489,,cache-misses:u,1160096,100.00,,
     0.188386074,1535117,,bus-cycles:u,1160160,100.00,,
     0.188386074,2308182,,instructions:u,1160128,100.00,,
     0.189542409,0,,branch-misses:u,1156928,100.00,,
     0.189542409,494,,cache-misses:u,1156768,100.00,,
     0.189542409,1529816,,bus-cycles:u,1156576,100.00,,
     0.189542409,2544410,,instructions:u,1156544,100.00,,
     0.190699672,0,,branch-misses:u,1158432,100.00,,
     0.190699672,8091,,cache-misses:u,1158400,100.00,,
     0.190699672,1515395,,bus-cycles:u,1158496,100.00,,
     0.190699672,2474870,,instructions:u,1158944,100.00,,
     0.191864294,1,,branch-misses:u,1164736,100.00,,
     0.191864294,57469,,cache-misses:u,1164736,100.00,,
     0.191864294,1538138,,bus-cycles:u,1164896,100.00,,
     0.191864294,2245235,,instructions:u,1164672,100.00,,
     0.193026516,0,,branch-misses:u,1163136,100.00,,
     0.193026516,57810,,cache-misses:u,1162944,100.00,,
     0.193026516,1535588,,bus-cycles:u,1162784,100.00,,
     0.193026516,2239260,,instructions:u,1162496,100.00,,
     0.194193441,0,,branch-misses:u,1166496,100.00,,
     0.194193441,11466,,cache-misses:u,1166976,100.00,,
     0.194193441,1529905,,bus-cycles:u,1166880,100.00,,
     0.194193441,2483980,,instructions:u,1166944,100.00,,
     0.195356495,0,,branch-misses:u,1162304,100.00,,
     0.195356495,218,,cache-misses:u,1161984,100.00,,
     0.195356495,1536752,,bus-cycles:u,1162016,100.00,,
     0.195356495,2556280,,instructions:u,1161888,100.00,,
     0.196570483,1,,branch-misses:u,1215552,100.00,,
     0.196570483,45137,,cache-misses:u,1216160,100.00,,
     0.196570483,1607730,,bus-cycles:u,1216160,100.00,,
     0.196570483,2419885,,instructions:u,1216192,100.00,,
     0.197736672,0,,branch-misses:u,1165152,100.00,,
     0.197736672,57931,,cache-misses:u,1165152,100.00,,
     0.197736672,1540445,,bus-cycles:u,1165664,100.00,,
     0.197736672,2251150,,instructions:u,1165888,100.00,,
     0.198895983,0,,branch-misses:u,1161216,100.00,,
     0.198895983,31320,,cache-misses:u,1161984,100.00,,
     0.198895983,1507305,,bus-cycles:u,1161472,100.00,,
     0.198895983,2339410,,instructions:u,1161312,100.00,,
     0.200061116,0,,branch-misses:u,1163488,100.00,,
     0.200061116,309,,cache-misses:u,1162272,100.00,,
     0.200061116,1537461,,bus-cycles:u,1162304,100.00,,
     0.200061116,2556713,,instructions:u,1162272,100.00,,
     0.201219499,1,,branch-misses:u,1159296,100.00,,
     0.201219499,21697,,cache-misses:u,1158784,100.00,,
     0.201219499,1531384,,bus-cycles:u,1158784,100.00,,
     0.201219499,2426022,,instructions:u,1159168,100.00,,
     0.202377274,0,,branch-misses:u,1158784,100.00,,
     0.202377274,57183,,cache-misses:u,1159680,100.00,,
     0.202377274,1520796,,bus-cycles:u,1159712,100.00,,
     0.202377274,2217290,,instructions:u,1159264,100.00,,
     0.203541640,0,,branch-misses:u,1164768,100.00,,
     0.203541640,55611,,cache-misses:u,1164384,100.00,,
     0.203541640,1539867,,bus-cycles:u,1164256,100.00,,
     0.203541640,2262240,,instructions:u,1164256,100.00,,
     0.204701526,0,,branch-misses:u,1159072,100.00,,
     0.204701526,236,,cache-misses:u,1159264,100.00,,
     0.204701526,1534379,,bus-cycles:u,1159392,100.00,,
     0.204701526,2553090,,instructions:u,1159392,100.00,,
     0.205860581,0,,branch-misses:u,1158880,100.00,,
     0.205860581,330,,cache-misses:u,1158816,100.00,,
     0.205860581,1533472,,bus-cycles:u,1158784,100.00,,
     0.205860581,2550750,,instructions:u,1158752,100.00,,
     0.207017780,1,,branch-misses:u,1158368,100.00,,
     0.207017780,55649,,cache-misses:u,1158400,100.00,,
     0.207017780,1517653,,bus-cycles:u,1158400,100.00,,
     0.207017780,2213325,,instructions:u,1158560,100.00,,
     0.208181698,0,,branch-misses:u,1163840,100.00,,
     0.208181698,57827,,cache-misses:u,1163744,100.00,,
     0.208181698,1538694,,bus-cycles:u,1163776,100.00,,
     0.208181698,2251760,,instructions:u,1163648,100.00,,
     0.209340625,0,,branch-misses:u,1158496,100.00,,
     0.209340625,20907,,cache-misses:u,1158432,100.00,,
     0.209340625,1533194,,bus-cycles:u,1158240,100.00,,
     0.209340625,2438340,,instructions:u,1158176,100.00,,
     0.210498816,0,,branch-misses:u,1159200,100.00,,
     0.210498816,291,,cache-misses:u,1158656,100.00,,
     0.210498816,1520787,,bus-cycles:u,1158848,100.00,,
     0.210498816,2529490,,instructions:u,1159104,100.00,,
     0.211658766,1,,branch-misses:u,1159200,100.00,,
     0.211658766,32492,,cache-misses:u,1159520,100.00,,
     0.211658766,1534395,,bus-cycles:u,1159328,100.00,,
     0.211658766,2374525,,instructions:u,1159136,100.00,,
     0.212816062,0,,branch-misses:u,1158944,100.00,,
     0.212816062,57511,,cache-misses:u,1159136,100.00,,
     0.212816062,1532543,,bus-cycles:u,1159136,100.00,,
     0.212816062,2239648,,instructions:u,1159072,100.00,,
     0.213973133,0,,branch-misses:u,1156768,100.00,,
     0.213973133,44083,,cache-misses:u,1156768,100.00,,
     0.213973133,1529555,,bus-cycles:u,1156896,100.00,,
     0.213973133,2308972,,instructions:u,1156960,100.00,,
     0.215150392,0,,branch-misses:u,1178848,100.00,,
     0.215150392,228,,cache-misses:u,1179264,100.00,,
     0.215150392,1548099,,bus-cycles:u,1179424,100.00,,
     0.215150392,2576250,,instructions:u,1179424,100.00,,
     0.216319237,0,,branch-misses:u,1168224,100.00,,
     0.216319237,11078,,cache-misses:u,1167808,100.00,,
     0.216319237,1547018,,bus-cycles:u,1167552,100.00,,
     0.216319237,2510510,,instructions:u,1167712,100.00,,
     0.217483282,1,,branch-misses:u,1165248,100.00,,
     0.217483282,57381,,cache-misses:u,1165312,100.00,,
     0.217483282,1542121,,bus-cycles:u,1165344,100.00,,
     0.217483282,2248175,,instructions:u,1165152,100.00,,
     0.218708723,0,,branch-misses:u,1229728,100.00,,
     0.218708723,60210,,cache-misses:u,1231488,100.00,,
     0.218708723,1609609,,bus-cycles:u,1231648,100.00,,
     0.218708723,2346430,,instructions:u,1232416,100.00,,
     0.219887550,0,,branch-misses:u,1174752,100.00,,
     0.219887550,5666,,cache-misses:u,1173632,100.00,,
     0.219887550,1549382,,bus-cycles:u,1173536,100.00,,
     0.219887550,2547080,,instructions:u,1173408,100.00,,
     0.221051724,0,,branch-misses:u,1163936,100.00,,
     0.221051724,181,,cache-misses:u,1163488,100.00,,
     0.221051724,1538478,,bus-cycles:u,1165472,100.00,,
     0.221051724,2559433,,instructions:u,1165504,100.00,,
     0.222217113,1,,branch-misses:u,1168640,100.00,,
     0.222217113,48676,,cache-misses:u,1169152,100.00,,
     0.222217113,1523045,,bus-cycles:u,1167680,100.00,,
     0.222217113,2262922,,instructions:u,1167136,100.00,,
     0.223410817,0,,branch-misses:u,1192096,100.00,,
     0.223410817,59110,,cache-misses:u,1190752,100.00,,
     0.223410817,1574782,,bus-cycles:u,1191296,100.00,,
     0.223410817,2300370,,instructions:u,1191136,100.00,,
     0.224573903,0,,branch-misses:u,1161888,100.00,,
     0.224573903,26445,,cache-misses:u,1162272,100.00,,
     0.224573903,1536030,,bus-cycles:u,1161280,100.00,,
     0.224573903,2413130,,instructions:u,1161440,100.00,,
     0.225736509,0,,branch-misses:u,1161824,100.00,,
     0.225736509,234,,cache-misses:u,1161696,100.00,,
     0.225736509,1536949,,bus-cycles:u,1161824,100.00,,
     0.225736509,2556568,,instructions:u,1162464,100.00,,
     0.226897163,1,,branch-misses:u,1161792,100.00,,
     0.226897163,27146,,cache-misses:u,1162784,100.00,,
     0.226897163,1517629,,bus-cycles:u,1162848,100.00,,
     0.226897163,2374097,,instructions:u,1162688,100.00,,
     0.228060537,0,,branch-misses:u,1165504,100.00,,
     0.228060537,57461,,cache-misses:u,1164480,100.00,,
     0.228060537,1539168,,bus-cycles:u,1164128,100.00,,
     0.228060537,2249270,,instructions:u,1163584,100.00,,
     0.229223143,0,,branch-misses:u,1161248,100.00,,
     0.229223143,49333,,cache-misses:u,1162304,100.00,,
     0.229223143,1536293,,bus-cycles:u,1162368,100.00,,
     0.229223143,2290343,,instructions:u,1162400,100.00,,
     0.230385877,0,,branch-misses:u,1164928,100.00,,
     0.230385877,356,,cache-misses:u,1166080,100.00,,
     0.230385877,1521158,,bus-cycles:u,1167424,100.00,,
     0.230385877,2531497,,instructions:u,1168160,100.00,,
     0.231616053,0,,branch-misses:u,1228480,100.00,,
     0.231616053,7861,,cache-misses:u,1227840,100.00,,
     0.231616053,1625410,,bus-cycles:u,1227264,100.00,,
     0.231616053,2660130,,instructions:u,1227456,100.00,,
     0.232838647,1,,branch-misses:u,1222816,100.00,,
     0.232838647,60194,,cache-misses:u,1222208,100.00,,
     0.232838647,1618711,,bus-cycles:u,1221696,100.00,,
     0.232838647,2355085,,instructions:u,1221216,100.00,,
     0.234013890,0,,branch-misses:u,1178304,100.00,,
     0.234013890,58234,,cache-misses:u,1178208,100.00,,
     0.234013890,1556059,,bus-cycles:u,1178144,100.00,,
     0.234013890,2271990,,instructions:u,1178464,100.00,,
     0.235212520,0,,branch-misses:u,1197408,100.00,,
     0.235212520,7919,,cache-misses:u,1197056,100.00,,
     0.235212520,1569044,,bus-cycles:u,1197088,100.00,,
     0.235212520,2559960,,instructions:u,1196608,100.00,,
     0.236391091,0,,branch-misses:u,1177696,100.00,,
     0.236391091,342,,cache-misses:u,1177664,100.00,,
     0.236391091,1558396,,bus-cycles:u,1177504,100.00,,
     0.236391091,2588990,,instructions:u,1177536,100.00,,
     0.237566239,1,,branch-misses:u,1175552,100.00,,
     0.237566239,48872,,cache-misses:u,1175552,100.00,,
     0.237566239,1556584,,bus-cycles:u,1175776,100.00,,
     0.237566239,2314865,,instructions:u,1175520,100.00,,
     0.238739978,0,,branch-misses:u,1174592,100.00,,
     0.238739978,57418,,cache-misses:u,1174304,100.00,,
     0.238739978,1537298,,bus-cycles:u,1174688,100.00,,
     0.238739978,2243617,,instructions:u,1174720,100.00,,
     0.239969642,0,,branch-misses:u,1230912,100.00,,
     0.239969642,27647,,cache-misses:u,1231840,100.00,,
     0.239969642,1628373,,bus-cycles:u,1231360,100.00,,
     0.239969642,2561603,,instructions:u,1231456,100.00,,
     0.241143254,0,,branch-misses:u,1171392,100.00,,
     0.241143254,207,,cache-misses:u,1170624,100.00,,
     0.241143254,1548007,,bus-cycles:u,1170624,100.00,,
     0.241143254,2574340,,instructions:u,1170496,100.00,,
     0.242331935,1,,branch-misses:u,1206144,100.00,,
     0.242331935,31965,,cache-misses:u,1207360,100.00,,
     0.242331935,1580530,,bus-cycles:u,1208128,100.00,,
     0.242331935,2451502,,instructions:u,1208896,100.00,,
     0.243592377,0,,branch-misses:u,1246336,100.00,,
     0.243592377,61836,,cache-misses:u,1245184,100.00,,
     0.243592377,1647180,,bus-cycles:u,1244288,100.00,,
     0.243592377,2402947,,instructions:u,1243456,100.00,,
     0.244767044,0,,branch-misses:u,1171840,100.00,,
     0.244767044,40337,,cache-misses:u,1171584,100.00,,
     0.244767044,1549377,,bus-cycles:u,1171488,100.00,,
     0.244767044,2359356,,instructions:u,1171744,100.00,,
     0.245931410,0,,branch-misses:u,1165088,100.00,,
     0.245931410,255,,cache-misses:u,1165312,100.00,,
     0.245931410,1540781,,bus-cycles:u,1165728,100.00,,
     0.245931410,2563994,,instructions:u,1166048,100.00,,
     0.247097759,0,,branch-misses:u,1169184,100.00,,
     0.247097759,14547,,cache-misses:u,1169248,100.00,,
     0.247097759,1530073,,bus-cycles:u,1168832,100.00,,
     0.247097759,2462206,,instructions:u,1168384,100.00,,
     0.248287271,1,,branch-misses:u,1187712,100.00,,
     0.248287271,58813,,cache-misses:u,1187424,100.00,,
     0.248287271,1569981,,bus-cycles:u,1187424,100.00,,
     0.248287271,2291435,,instructions:u,1187552,100.00,,
     0.249452277,0,,branch-misses:u,1164000,100.00,,
     0.249452277,58074,,cache-misses:u,1163776,100.00,,
     0.249452277,1540536,,bus-cycles:u,1163968,100.00,,
     0.249452277,2248920,,instructions:u,1163808,100.00,,
     0.250611876,0,,branch-misses:u,1163456,100.00,,
     0.250611876,3656,,cache-misses:u,1164352,100.00,,
     0.250611876,1524924,,bus-cycles:u,1164160,100.00,,
     0.250611876,2518860,,instructions:u,1164160,100.00,,
     0.251793230,0,,branch-misses:u,1178464,100.00,,
     0.251793230,129,,cache-misses:u,1177856,100.00,,
     0.251793230,1559819,,bus-cycles:u,1178048,100.00,,
     0.251793230,2593920,,instructions:u,1178016,100.00,,
     0.252951325,1,,branch-misses:u,1159040,100.00,,
     0.252951325,51101,,cache-misses:u,1159040,100.00,,
     0.252951325,1531221,,bus-cycles:u,1158848,100.00,,
     0.252951325,2264493,,instructions:u,1158752,100.00,,
     0.254065621,0,,branch-misses:u,1113632,100.00,,
     0.254065621,54686,,cache-misses:u,1113728,100.00,,
     0.254065621,1456354,,bus-cycles:u,1113696,100.00,,
     0.254065621,2125782,,instructions:u,1113856,100.00,,
     0.255262332,0,,branch-misses:u,1197824,100.00,,
     0.255262332,28661,,cache-misses:u,1198048,100.00,,
     0.255262332,1584077,,bus-cycles:u,1198080,100.00,,
     0.255262332,2481501,,instructions:u,1198048,100.00,,
     0.256429769,0,,branch-misses:u,1168352,100.00,,
     0.256429769,188,,cache-misses:u,1168128,100.00,,
     0.256429769,1545155,,bus-cycles:u,1168480,100.00,,
     0.256429769,2569449,,instructions:u,1168384,100.00,,
     0.257601013,1,,branch-misses:u,1170624,100.00,,
     0.257601013,27707,,cache-misses:u,1170592,100.00,,
     0.257601013,1547345,,bus-cycles:u,1170304,100.00,,
     0.257601013,2417795,,instructions:u,1170368,100.00,,
     0.258767554,0,,branch-misses:u,1176768,100.00,,
     0.258767554,57751,,cache-misses:u,1179936,100.00,,
     0.258767554,1538906,,bus-cycles:u,1181824,100.00,,
     0.258767554,2246830,,instructions:u,1182624,100.00,,
     0.260013663,0,,branch-misses:u,1238560,100.00,,
     0.260013663,48690,,cache-misses:u,1235872,100.00,,
     0.260013663,1631138,,bus-cycles:u,1234048,100.00,,
     0.260013663,2448220,,instructions:u,1233152,100.00,,
     0.261187019,0,,branch-misses:u,1173792,100.00,,
     0.261187019,272,,cache-misses:u,1173664,100.00,,
     0.261187019,1550788,,bus-cycles:u,1173568,100.00,,
     0.261187019,2580530,,instructions:u,1173856,100.00,,
     0.262436647,0,,branch-misses:u,1251776,100.00,,
     0.262436647,13954,,cache-misses:u,1252192,100.00,,
     0.262436647,1639417,,bus-cycles:u,1252704,100.00,,
     0.262436647,2641504,,instructions:u,1252480,100.00,,
     0.263612690,1,,branch-misses:u,1173856,100.00,,
     0.263612690,57638,,cache-misses:u,1173248,100.00,,
     0.263612690,1549133,,bus-cycles:u,1172672,100.00,,
     0.263612690,2235691,,instructions:u,1172736,100.00,,
     0.264773760,0,,branch-misses:u,1160448,100.00,,
     0.264773760,57319,,cache-misses:u,1160128,100.00,,
     0.264773760,1531348,,bus-cycles:u,1160160,100.00,,
     0.264773760,2216033,,instructions:u,1160128,100.00,,
     0.265931567,0,,branch-misses:u,1156576,100.00,,
     0.265931567,6567,,cache-misses:u,1156704,100.00,,
     0.265931567,1529115,,bus-cycles:u,1157472,100.00,,
     0.265931567,2508437,,instructions:u,1158176,100.00,,
     0.267090910,0,,branch-misses:u,1160832,100.00,,
     0.267090910,320,,cache-misses:u,1161408,100.00,,
     0.267090910,1516577,,bus-cycles:u,1160896,100.00,,
     0.267090910,2522860,,instructions:u,1160448,100.00,,
     0.268256587,1,,branch-misses:u,1165216,100.00,,
     0.268256587,46972,,cache-misses:u,1164800,100.00,,
     0.268256587,1539530,,bus-cycles:u,1164672,100.00,,
     0.268256587,2283565,,instructions:u,1164224,100.00,,
     0.269415546,0,,branch-misses:u,1159456,100.00,,
     0.269415546,57486,,cache-misses:u,1159424,100.00,,
     0.269415546,1530492,,bus-cycles:u,1159232,100.00,,
     0.269415546,2213748,,instructions:u,1159200,100.00,,
     0.270574281,0,,branch-misses:u,1158976,100.00,,
     0.270574281,31528,,cache-misses:u,1159552,100.00,,
     0.270574281,1518131,,bus-cycles:u,1159584,100.00,,
     0.270574281,2340992,,instructions:u,1159616,100.00,,
     0.271735639,0,,branch-misses:u,1160384,100.00,,
     0.271735639,228,,cache-misses:u,1159392,100.00,,
     0.271735639,1534495,,bus-cycles:u,1159488,100.00,,
     0.271735639,2551470,,instructions:u,1159456,100.00,,
     0.272893478,1,,branch-misses:u,1158656,100.00,,
     0.272893478,21911,,cache-misses:u,1159392,100.00,,
     0.272893478,1532820,,bus-cycles:u,1159552,100.00,,
     0.272893478,2418805,,instructions:u,1159808,100.00,,
     0.274075472,0,,branch-misses:u,1184544,100.00,,
     0.274075472,57652,,cache-misses:u,1184704,100.00,,
     0.274075472,1552326,,bus-cycles:u,1184608,100.00,,
     0.274075472,2242690,,instructions:u,1184480,100.00,,
     0.275246141,0,,branch-misses:u,1170624,100.00,,
     0.275246141,55421,,cache-misses:u,1170272,100.00,,
     0.275246141,1543853,,bus-cycles:u,1170272,100.00,,
     0.275246141,2248880,,instructions:u,1170656,100.00,,
     0.276406987,0,,branch-misses:u,1158656,100.00,,
     0.276406987,156,,cache-misses:u,1158688,100.00,,
     0.276406987,1531947,,bus-cycles:u,1158528,100.00,,
     0.276406987,2546606,,instructions:u,1158176,100.00,,
     0.277565562,0,,branch-misses:u,1157888,100.00,,
     0.277565562,293,,cache-misses:u,1157472,100.00,,
     0.277565562,1530923,,bus-cycles:u,1157728,100.00,,
     0.277565562,2545874,,instructions:u,1157664,100.00,,
     0.278722057,1,,branch-misses:u,1157984,100.00,,
     0.278722057,55286,,cache-misses:u,1158624,100.00,,
     0.278722057,1513876,,bus-cycles:u,1158368,100.00,,
     0.278722057,2191905,,instructions:u,1158368,100.00,,
     0.279887799,0,,branch-misses:u,1165760,100.00,,
     0.279887799,57883,,cache-misses:u,1165984,100.00,,
     0.279887799,1541473,,bus-cycles:u,1166208,100.00,,
     0.279887799,2225188,,instructions:u,1166368,100.00,,
     0.281049413,0,,branch-misses:u,1162464,100.00,,
     0.281049413,22642,,cache-misses:u,1162624,100.00,,
     0.281049413,1535026,,bus-cycles:u,1162464,100.00,,
     0.281049413,2422012,,instructions:u,1162336,100.00,,
     0.282208404,0,,branch-misses:u,1158496,100.00,,
     0.282208404,256,,cache-misses:u,1157888,100.00,,
     0.282208404,1518529,,bus-cycles:u,1157472,100.00,,
     0.282208404,2525480,,instructions:u,1157120,100.00,,
     0.283426550,1,,branch-misses:u,1220544,100.00,,
     0.283426550,33704,,cache-misses:u,1220800,100.00,,
     0.283426550,1615179,,bus-cycles:u,1221184,100.00,,
     0.283426550,2482585,,instructions:u,1221600,100.00,,
     0.284591812,0,,branch-misses:u,1163616,100.00,,
     0.284591812,57642,,cache-misses:u,1163552,100.00,,
     0.284591812,1537483,,bus-cycles:u,1163488,100.00,,
     0.284591812,2219692,,instructions:u,1163296,100.00,,
     0.285749427,0,,branch-misses:u,1158112,100.00,,
     0.285749427,44148,,cache-misses:u,1158080,100.00,,
     0.285749427,1530615,,bus-cycles:u,1158208,100.00,,
     0.285749427,2293705,,instructions:u,1158304,100.00,,
     0.286906754,0,,branch-misses:u,1157504,100.00,,
     0.286906754,197,,cache-misses:u,1157504,100.00,,
     0.286906754,1512841,,bus-cycles:u,1157504,100.00,,
     0.286906754,2516913,,instructions:u,1157536,100.00,,
     0.288071504,0,,branch-misses:u,1164192,100.00,,
     0.288071504,9517,,cache-misses:u,1163712,100.00,,
     0.288071504,1538564,,bus-cycles:u,1163328,100.00,,
     0.288071504,2501470,,instructions:u,1163040,100.00,,
     0.289229023,1,,branch-misses:u,1157920,100.00,,
     0.289229023,57195,,cache-misses:u,1158240,100.00,,
     0.289229023,1532614,,bus-cycles:u,1158816,100.00,,
     0.289229023,2212933,,instructions:u,1159008,100.00,,
     0.290388142,0,,branch-misses:u,1164224,100.00,,
     0.290388142,57164,,cache-misses:u,1165248,100.00,,
     0.290388142,1521459,,bus-cycles:u,1164992,100.00,,
     0.290388142,2198702,,instructions:u,1164896,100.00,,
     0.291568056,0,,branch-misses:u,1175488,100.00,,
     0.291568056,12081,,cache-misses:u,1174144,100.00,,
     0.291568056,1551645,,bus-cycles:u,1174176,100.00,,
     0.291568056,2513590,,instructions:u,1174304,100.00,,
     0.292729510,0,,branch-misses:u,1161440,100.00,,
     0.292729510,227,,cache-misses:u,1162048,100.00,,
     0.292729510,1536320,,bus-cycles:u,1162272,100.00,,
     0.292729510,2555480,,instructions:u,1162464,100.00,,
     0.293888341,1,,branch-misses:u,1160032,100.00,,
     0.293888341,42543,,cache-misses:u,1159680,100.00,,
     0.293888341,1532907,,bus-cycles:u,1159520,100.00,,
     0.293888341,2297285,,instructions:u,1159456,100.00,,
     0.295045700,0,,branch-misses:u,1157824,100.00,,
     0.295045700,56805,,cache-misses:u,1157760,100.00,,
     0.295045700,1514957,,bus-cycles:u,1157632,100.00,,
     0.295045700,2191340,,instructions:u,1157536,100.00,,
     0.296206547,0,,branch-misses:u,1161088,100.00,,
     0.296206547,36210,,cache-misses:u,1160896,100.00,,
     0.296206547,1534499,,bus-cycles:u,1160928,100.00,,
     0.296206547,2344500,,instructions:u,1160960,100.00,,
     0.297365793,0,,branch-misses:u,1159200,100.00,,
     0.297365793,226,,cache-misses:u,1159424,100.00,,
     0.297365793,1533310,,bus-cycles:u,1159328,100.00,,
     0.297365793,2549580,,instructions:u,1159360,100.00,,
     0.298525840,1,,branch-misses:u,1164064,100.00,,
     0.298525840,16857,,cache-misses:u,1165824,100.00,,
     0.298525840,1513071,,bus-cycles:u,1166048,100.00,,
     0.298525840,2410673,,instructions:u,1166624,100.00,,
     0.299699644,0,,branch-misses:u,1171616,100.00,,
     0.299699644,57980,,cache-misses:u,1170496,100.00,,
     0.299699644,1547231,,bus-cycles:u,1170368,100.00,,
     0.299699644,2232261,,instructions:u,1169696,100.00,,
     0.301142383,0,,branch-misses:u,1451008,100.00,,
     0.301142383,60356,,cache-misses:u,1452672,100.00,,
     0.301142383,1921461,,bus-cycles:u,1453120,100.00,,
     0.301142383,2842141,,instructions:u,1453824,100.00,,
     0.302328281,0,,branch-misses:u,1180160,100.00,,
     0.302328281,194,,cache-misses:u,1179904,100.00,,
     0.302328281,1536336,,bus-cycles:u,1180576,100.00,,
     0.302328281,2555910,,instructions:u,1180576,100.00,,
     0.303515489,0,,branch-misses:u,1185376,100.00,,
     0.303515489,9180,,cache-misses:u,1184800,100.00,,
     0.303515489,1564103,,bus-cycles:u,1183488,100.00,,
     0.303515489,2544750,,instructions:u,1182976,100.00,,
     0.304746049,1,,branch-misses:u,1231488,100.00,,
     0.304746049,60714,,cache-misses:u,1230240,100.00,,
     0.304746049,1626801,,bus-cycles:u,1230816,100.00,,
     0.304746049,2348903,,instructions:u,1230752,100.00,,
     0.305912655,0,,branch-misses:u,1166944,100.00,,
     0.305912655,57430,,cache-misses:u,1167232,100.00,,
     0.305912655,1543354,,bus-cycles:u,1168864,100.00,,
     0.305912655,2230212,,instructions:u,1169024,100.00,,
     0.307082747,0,,branch-misses:u,1170048,100.00,,
     0.307082747,8123,,cache-misses:u,1170752,100.00,,
     0.307082747,1529699,,bus-cycles:u,1169088,100.00,,
     0.307082747,2498531,,instructions:u,1169376,100.00,,
     0.308265861,0,,branch-misses:u,1181600,100.00,,
     0.308265861,299,,cache-misses:u,1180704,100.00,,
     0.308265861,1562174,,bus-cycles:u,1180864,100.00,,
     0.308265861,2598439,,instructions:u,1180832,100.00,,
     0.309432402,1,,branch-misses:u,1168704,100.00,,
     0.309432402,47019,,cache-misses:u,1168832,100.00,,
     0.309432402,1544020,,bus-cycles:u,1168928,100.00,,
     0.309432402,2289065,,instructions:u,1168576,100.00,,
     0.310603966,0,,branch-misses:u,1173280,100.00,,
     0.310603966,57211,,cache-misses:u,1173408,100.00,,
     0.310603966,1533131,,bus-cycles:u,1172928,100.00,,
     0.310603966,2214250,,instructions:u,1173120,100.00,,
     0.312141918,0,,branch-misses:u,1555456,100.00,,
     0.312141918,30774,,cache-misses:u,1557440,100.00,,
     0.312141918,2063922,,bus-cycles:u,1559264,100.00,,
     0.312141918,3259750,,instructions:u,1561856,100.00,,
     0.313422036,0,,branch-misses:u,1259552,100.00,,
     0.313422036,456,,cache-misses:u,1257440,100.00,,
     0.313422036,1662959,,bus-cycles:u,1255648,100.00,,
     0.313422036,2760108,,instructions:u,1253152,100.00,,
     0.314596607,1,,branch-misses:u,1176768,100.00,,
     0.314596607,47465,,cache-misses:u,1177120,100.00,,
     0.314596607,1540085,,bus-cycles:u,1177952,100.00,,
     0.314596607,2268547,,instructions:u,1178528,100.00,,
     0.315833054,0,,branch-misses:u,1235936,100.00,,
     0.315833054,61337,,cache-misses:u,1236640,100.00,,
     0.315833054,1636550,,bus-cycles:u,1236896,100.00,,
     0.315833054,2362260,,instructions:u,1236672,100.00,,
     0.317058879,0,,branch-misses:u,1224608,100.00,,
     0.317058879,26768,,cache-misses:u,1223328,100.00,,
     0.317058879,1618682,,bus-cycles:u,1222944,100.00,,
     0.317058879,2537190,,instructions:u,1222816,100.00,,
     0.318234666,0,,branch-misses:u,1177056,100.00,,
     0.318234666,334,,cache-misses:u,1177984,100.00,,
     0.318234666,1529041,,bus-cycles:u,1177408,100.00,,
     0.318234666,2543283,,instructions:u,1177184,100.00,,
     0.319417524,1,,branch-misses:u,1181952,100.00,,
     0.319417524,31086,,cache-misses:u,1180640,100.00,,
     0.319417524,1562633,,bus-cycles:u,1180608,100.00,,
     0.319417524,2404900,,instructions:u,1180480,100.00,,
     0.320596255,0,,branch-misses:u,1179328,100.00,,
     0.320596255,58262,,cache-misses:u,1179840,100.00,,
     0.320596255,1561752,,bus-cycles:u,1179872,100.00,,
     0.320596255,2257612,,instructions:u,1179872,100.00,,
     0.321771018,0,,branch-misses:u,1175584,100.00,,
     0.321771018,45599,,cache-misses:u,1175424,100.00,,
     0.321771018,1554945,,bus-cycles:u,1175488,100.00,,
     0.321771018,2321026,,instructions:u,1175488,100.00,,
     0.322945782,0,,branch-misses:u,1174816,100.00,,
     0.322945782,302,,cache-misses:u,1175168,100.00,,
     0.322945782,1536119,,bus-cycles:u,1175072,100.00,,
     0.322945782,2553996,,instructions:u,1174816,100.00,,
     0.324118050,0,,branch-misses:u,1172736,100.00,,
     0.324118050,9806,,cache-misses:u,1171936,100.00,,
     0.324118050,1552407,,bus-cycles:u,1171712,100.00,,
     0.324118050,2521939,,instructions:u,1171680,100.00,,
     0.325288942,1,,branch-misses:u,1170880,100.00,,
     0.325288942,58125,,cache-misses:u,1170720,100.00,,
     0.325288942,1549371,,bus-cycles:u,1171104,100.00,,
     0.325288942,2235662,,instructions:u,1171552,100.00,,
     0.326458139,0,,branch-misses:u,1172448,100.00,,
     0.326458139,57391,,cache-misses:u,1172608,100.00,,
     0.326458139,1531367,,bus-cycles:u,1172384,100.00,,
     0.326458139,2208552,,instructions:u,1171968,100.00,,
     0.327706359,0,,branch-misses:u,1247456,100.00,,
     0.327706359,10815,,cache-misses:u,1248256,100.00,,
     0.327706359,1648233,,bus-cycles:u,1248512,100.00,,
     0.327706359,2681197,,instructions:u,1248544,100.00,,
     0.328879907,0,,branch-misses:u,1170912,100.00,,
     0.328879907,306,,cache-misses:u,1170528,100.00,,
     0.328879907,1546743,,bus-cycles:u,1170208,100.00,,
     0.328879907,2571933,,instructions:u,1170272,100.00,,
     0.330045744,1,,branch-misses:u,1166912,100.00,,
     0.330045744,48241,,cache-misses:u,1180000,100.00,,
     0.330045744,1544590,,bus-cycles:u,1180960,100.00,,
     0.330045744,2282815,,instructions:u,1181056,100.00,,
     0.331229946,0,,branch-misses:u,1184576,100.00,,
     0.331229946,58070,,cache-misses:u,1171104,100.00,,
     0.331229946,1546996,,bus-cycles:u,1170048,100.00,,
     0.331229946,2239190,,instructions:u,1169856,100.00,,
     0.332393416,0,,branch-misses:u,1164064,100.00,,
     0.332393416,29348,,cache-misses:u,1164160,100.00,,
     0.332393416,1539443,,bus-cycles:u,1164192,100.00,,
     0.332393416,2392120,,instructions:u,1164128,100.00,,
     0.333558869,0,,branch-misses:u,1164800,100.00,,
     0.333558869,162,,cache-misses:u,1164896,100.00,,
     0.333558869,1540949,,bus-cycles:u,1165024,100.00,,
     0.333558869,2562380,,instructions:u,1164896,100.00,,
     0.334722275,1,,branch-misses:u,1164416,100.00,,
     0.334722275,24665,,cache-misses:u,1164064,100.00,,
     0.334722275,1523228,,bus-cycles:u,1163808,100.00,,
     0.334722275,2386772,,instructions:u,1163776,100.00,,
     0.335891280,0,,branch-misses:u,1169376,100.00,,
     0.335891280,58654,,cache-misses:u,1169664,100.00,,
     0.335891280,1546569,,bus-cycles:u,1169600,100.00,,
     0.335891280,2225810,,instructions:u,1169856,100.00,,
     0.337054269,0,,branch-misses:u,1162272,100.00,,
     0.337054269,52938,,cache-misses:u,1163040,100.00,,
     0.337054269,1536852,,bus-cycles:u,1163168,100.00,,
     0.337054269,2250763,,instructions:u,1162976,100.00,,
     0.338218507,0,,branch-misses:u,1165152,100.00,,
     0.338218507,134,,cache-misses:u,1164736,100.00,,
     0.338218507,1522350,,bus-cycles:u,1164640,100.00,,
     0.338218507,2530760,,instructions:u,1164640,100.00,,
     0.339381177,0,,branch-misses:u,1161856,100.00,,
     0.339381177,1054,,cache-misses:u,1161024,100.00,,
     0.339381177,1537273,,bus-cycles:u,1160608,100.00,,
     0.339381177,2549987,,instructions:u,1160512,100.00,,
     0.340540168,1,,branch-misses:u,1159200,100.00,,
     0.340540168,57322,,cache-misses:u,1159520,100.00,,
     0.340540168,1533466,,bus-cycles:u,1160032,100.00,,
     0.340540168,2216346,,instructions:u,1160064,100.00,,
     0.341697879,0,,branch-misses:u,1158208,100.00,,
     0.341697879,57319,,cache-misses:u,1157856,100.00,,
     0.341697879,1530985,,bus-cycles:u,1157728,100.00,,
     0.341697879,2213822,,instructions:u,1157920,100.00,,
     0.342857478,0,,branch-misses:u,1160320,100.00,,
     0.342857478,19918,,cache-misses:u,1160768,100.00,,
     0.342857478,1520700,,bus-cycles:u,1160736,100.00,,
     0.342857478,2415590,,instructions:u,1160608,100.00,,
     0.344025459,0,,branch-misses:u,1167360,100.00,,
     0.344025459,173,,cache-misses:u,1167040,100.00,,
     0.344025459,1544964,,bus-cycles:u,1167008,100.00,,
     0.344025459,2569790,,instructions:u,1166976,100.00,,
     0.345182594,1,,branch-misses:u,1156992,100.00,,
     0.345182594,33815,,cache-misses:u,1157184,100.00,,
     0.345182594,1531332,,bus-cycles:u,1157248,100.00,,
     0.345182594,2345915,,instructions:u,1157536,100.00,,
     0.346341233,0,,branch-misses:u,1162912,100.00,,
     0.346341233,56902,,cache-misses:u,1163008,100.00,,
     0.346341233,1523759,,bus-cycles:u,1163072,100.00,,
     0.346341233,2201320,,instructions:u,1163328,100.00,,
     0.347524762,0,,branch-misses:u,1182400,100.00,,
     0.347524762,44292,,cache-misses:u,1183136,100.00,,
     0.347524762,1562014,,bus-cycles:u,1183136,100.00,,
     0.347524762,2343054,,instructions:u,1182560,100.00,,
     0.348756026,0,,branch-misses:u,1230944,100.00,,
     0.348756026,187,,cache-misses:u,1230720,100.00,,
     0.348756026,1629058,,bus-cycles:u,1230784,100.00,,
     0.348756026,2709903,,instructions:u,1230880,100.00,,
     0.349919848,0,,branch-misses:u,1163744,100.00,,
     0.349919848,14197,,cache-misses:u,1163424,100.00,,
     0.349919848,1538039,,bus-cycles:u,1163232,100.00,,
     0.349919848,2473874,,instructions:u,1163808,100.00,,
     0.351085973,1,,branch-misses:u,1169280,100.00,,
     0.351085973,57312,,cache-misses:u,1170528,100.00,,
     0.351085973,1530450,,bus-cycles:u,1171904,100.00,,
     0.351085973,2207314,,instructions:u,1171744,100.00,,
     0.352298937,0,,branch-misses:u,1209728,100.00,,
     0.352298937,59926,,cache-misses:u,1208704,100.00,,
     0.352298937,1597078,,bus-cycles:u,1207552,100.00,,
     0.352298937,2308698,,instructions:u,1207168,100.00,,
     0.353461351,0,,branch-misses:u,1162112,100.00,,
     0.353461351,4395,,cache-misses:u,1161248,100.00,,
     0.353461351,1537096,,bus-cycles:u,1160992,100.00,,
     0.353461351,2532402,,instructions:u,1160864,100.00,,
     0.354619990,0,,branch-misses:u,1160192,100.00,,
     0.354619990,181,,cache-misses:u,1161056,100.00,,
     0.354619990,1519493,,bus-cycles:u,1161152,100.00,,
     0.354619990,2526260,,instructions:u,1161088,100.00,,
     0.355784068,1,,branch-misses:u,1162880,100.00,,
     0.355784068,49228,,cache-misses:u,1162656,100.00,,
     0.355784068,1538122,,bus-cycles:u,1162656,100.00,,
     0.355784068,2265495,,instructions:u,1162752,100.00,,
     0.356941651,0,,branch-misses:u,1158400,100.00,,
     0.356941651,57474,,cache-misses:u,1158816,100.00,,
     0.356941651,1533087,,bus-cycles:u,1158976,100.00,,
     0.356941651,2210880,,instructions:u,1159072,100.00,,
     0.358100193,0,,branch-misses:u,1158528,100.00,,
     0.358100193,28931,,cache-misses:u,1158144,100.00,,
     0.358100193,1513479,,bus-cycles:u,1158496,100.00,,
     0.358100193,2348760,,instructions:u,1158624,100.00,,
     0.359265743,0,,branch-misses:u,1166624,100.00,,
     0.359265743,267,,cache-misses:u,1166720,100.00,,
     0.359265743,1541968,,bus-cycles:u,1166592,100.00,,
     0.359265743,2565860,,instructions:u,1166624,100.00,,
     0.360430013,1,,branch-misses:u,1164576,100.00,,
     0.360430013,24165,,cache-misses:u,1163968,100.00,,
     0.360430013,1538516,,bus-cycles:u,1163776,100.00,,
     0.360430013,2410695,,instructions:u,1163584,100.00,,
     0.361588875,0,,branch-misses:u,1158112,100.00,,
     0.361588875,57268,,cache-misses:u,1158368,100.00,,
     0.361588875,1531767,,bus-cycles:u,1158976,100.00,,
     0.361588875,2214528,,instructions:u,1159104,100.00,,
     0.362751801,0,,branch-misses:u,1164960,100.00,,
     0.362751801,53603,,cache-misses:u,1165824,100.00,,
     0.362751801,1524366,,bus-cycles:u,1165344,100.00,,
     0.362751801,2223212,,instructions:u,1165536,100.00,,
     0.363914407,0,,branch-misses:u,1161120,100.00,,
     0.363914407,110,,cache-misses:u,1160544,100.00,,
     0.363914407,1533874,,bus-cycles:u,1160448,100.00,,
     0.363914407,2552790,,instructions:u,1160320,100.00,,
     0.365072374,0,,branch-misses:u,1158336,100.00,,
     0.365072374,513,,cache-misses:u,1158176,100.00,,
     0.365072374,1530701,,bus-cycles:u,1158528,100.00,,
     0.365072374,2542000,,instructions:u,1158496,100.00,,
     0.366236516,1,,branch-misses:u,1165440,100.00,,
     0.366236516,56749,,cache-misses:u,1165504,100.00,,
     0.366236516,1524343,,bus-cycles:u,1165408,100.00,,
     0.366236516,2202295,,instructions:u,1165440,100.00,,
     0.367397842,0,,branch-misses:u,1160096,100.00,,
     0.367397842,57722,,cache-misses:u,1160000,100.00,,
     0.367397842,1533822,,bus-cycles:u,1159616,100.00,,
     0.367397842,2217770,,instructions:u,1159456,100.00,,
     0.368556129,0,,branch-misses:u,1159648,100.00,,
     0.368556129,21037,,cache-misses:u,1159872,100.00,,
     0.368556129,1533067,,bus-cycles:u,1159872,100.00,,
     0.368556129,2429413,,instructions:u,1159840,100.00,,
     0.369715568,0,,branch-misses:u,1158368,100.00,,
     0.369715568,213,,cache-misses:u,1158144,100.00,,
     0.369715568,1532617,,bus-cycles:u,1158176,100.00,,
     0.369715568,2550250,,instructions:u,1158176,100.00,,
     0.370936370,1,,branch-misses:u,1224480,100.00,,
     0.370936370,35318,,cache-misses:u,1224768,100.00,,
     0.370936370,1606751,,bus-cycles:u,1224640,100.00,,
     0.370936370,2459902,,instructions:u,1224640,100.00,,
     0.372104511,0,,branch-misses:u,1166336,100.00,,
     0.372104511,57747,,cache-misses:u,1165760,100.00,,
     0.372104511,1542078,,bus-cycles:u,1166112,100.00,,
     0.372104511,2229840,,instructions:u,1166208,100.00,,
     0.373263918,0,,branch-misses:u,1159456,100.00,,
     0.373263918,41924,,cache-misses:u,1160384,100.00,,
     0.373263918,1533432,,bus-cycles:u,1160032,100.00,,
     0.373263918,2309100,,instructions:u,1159840,100.00,,
     0.374423772,0,,branch-misses:u,1160288,100.00,,
     0.374423772,153,,cache-misses:u,1159744,100.00,,
     0.374423772,1517354,,bus-cycles:u,1159616,100.00,,
     0.374423772,2522770,,instructions:u,1159808,100.00,,
     0.375584555,0,,branch-misses:u,1160544,100.00,,
     0.375584555,11314,,cache-misses:u,1160640,100.00,,
     0.375584555,1534386,,bus-cycles:u,1160864,100.00,,
     0.375584555,2481161,,instructions:u,1160672,100.00,,
     0.376743194,1,,branch-misses:u,1159456,100.00,,
     0.376743194,57034,,cache-misses:u,1159040,100.00,,
     0.376743194,1531194,,bus-cycles:u,1158912,100.00,,
     0.376743194,2212634,,instructions:u,1159008,100.00,,
     0.377901257,0,,branch-misses:u,1157728,100.00,,
     0.377901257,57409,,cache-misses:u,1157984,100.00,,
     0.377901257,1530568,,bus-cycles:u,1158080,100.00,,
     0.377901257,2215527,,instructions:u,1158112,100.00,,
     0.379059224,0,,branch-misses:u,1158496,100.00,,
     0.379059224,9517,,cache-misses:u,1159264,100.00,,
     0.379059224,1508249,,bus-cycles:u,1159168,100.00,,
     0.379059224,2453663,,instructions:u,1158816,100.00,,
     0.380218182,0,,branch-misses:u,1158464,100.00,,
     0.380218182,209,,cache-misses:u,1157184,100.00,,
     0.380218182,1531484,,bus-cycles:u,1157024,100.00,,
     0.380218182,2548010,,instructions:u,1157024,100.00,,
     0.381375957,1,,branch-misses:u,1158176,100.00,,
     0.381375957,43201,,cache-misses:u,1158560,100.00,,
     0.381375957,1531457,,bus-cycles:u,1158912,100.00,,
     0.381375957,2293215,,instructions:u,1159328,100.00,,
     0.382535396,0,,branch-misses:u,1160384,100.00,,
     0.382535396,56730,,cache-misses:u,1160256,100.00,,
     0.382535396,1515803,,bus-cycles:u,1160512,100.00,,
     0.382535396,2192940,,instructions:u,1160672,100.00,,
     0.383698162,0,,branch-misses:u,1163936,100.00,,
     0.383698162,35342,,cache-misses:u,1164608,100.00,,
     0.383698162,1540187,,bus-cycles:u,1164608,100.00,,
     0.383698162,2361320,,instructions:u,1164704,100.00,,
     0.384864735,0,,branch-misses:u,1165280,100.00,,
     0.384864735,164,,cache-misses:u,1165312,100.00,,
     0.384864735,1540142,,bus-cycles:u,1164864,100.00,,
     0.384864735,2561530,,instructions:u,1164960,100.00,,
     0.386030349,1,,branch-misses:u,1168064,100.00,,
     0.386030349,19113,,cache-misses:u,1168128,100.00,,
     0.386030349,1543439,,bus-cycles:u,1168736,100.00,,
     0.386030349,2446395,,instructions:u,1168800,100.00,,
     0.387240593,0,,branch-misses:u,1213728,100.00,,
     0.387240593,59320,,cache-misses:u,1214208,100.00,,
     0.387240593,1588539,,bus-cycles:u,1213920,100.00,,
     0.387240593,2293420,,instructions:u,1213792,100.00,,
     0.388419004,0,,branch-misses:u,1173984,100.00,,
     0.388419004,56730,,cache-misses:u,1172768,100.00,,
     0.388419004,1550294,,bus-cycles:u,1172512,100.00,,
     0.388419004,2249826,,instructions:u,1171936,100.00,,
     0.389582761,0,,branch-misses:u,1165312,100.00,,
     0.389582761,138,,cache-misses:u,1165568,100.00,,
     0.389582761,1543605,,bus-cycles:u,1165568,100.00,,
     0.389582761,2567315,,instructions:u,1165760,100.00,,
     0.390746455,0,,branch-misses:u,1162496,100.00,,
     0.390746455,368,,cache-misses:u,1162304,100.00,,
     0.390746455,1524702,,bus-cycles:u,1162432,100.00,,
     0.390746455,2535189,,instructions:u,1162592,100.00,,
     0.391984598,1,,branch-misses:u,1242016,100.00,,
     0.391984598,59081,,cache-misses:u,1242528,100.00,,
     0.391984598,1642984,,bus-cycles:u,1242880,100.00,,
     0.391984598,2380591,,instructions:u,1243072,100.00,,
     0.393160001,0,,branch-misses:u,1172352,100.00,,
     0.393160001,57909,,cache-misses:u,1172224,100.00,,
     0.393160001,1545944,,bus-cycles:u,1171808,100.00,,
     0.393160001,2233184,,instructions:u,1171520,100.00,,
     0.394318640,0,,branch-misses:u,1159200,100.00,,
     0.394318640,18494,,cache-misses:u,1159104,100.00,,
     0.394318640,1516580,,bus-cycles:u,1159200,100.00,,
     0.394318640,2416260,,instructions:u,1159264,100.00,,
     0.395479998,0,,branch-misses:u,1160224,100.00,,
     0.395479998,335,,cache-misses:u,1159968,100.00,,
     0.395479998,1533117,,bus-cycles:u,1159840,100.00,,
     0.395479998,2549860,,instructions:u,1159712,100.00,,
     0.396639149,1,,branch-misses:u,1160096,100.00,,
     0.396639149,34598,,cache-misses:u,1160704,100.00,,
     0.396639149,1533304,,bus-cycles:u,1161088,100.00,,
     0.396639149,2340219,,instructions:u,1161216,100.00,,
     0.397799643,0,,branch-misses:u,1160320,100.00,,
     0.397799643,57421,,cache-misses:u,1159360,100.00,,
     0.397799643,1534634,,bus-cycles:u,1159264,100.00,,
     0.397799643,2214140,,instructions:u,1159264,100.00,,
     0.398961098,0,,branch-misses:u,1164480,100.00,,
     0.398961098,43156,,cache-misses:u,1165728,100.00,,
     0.398961098,1526615,,bus-cycles:u,1166336,100.00,,
     0.398961098,2292946,,instructions:u,1167584,100.00,,
     0.400188682,0,,branch-misses:u,1224768,100.00,,
     0.400188682,205,,cache-misses:u,1223936,100.00,,
     0.400188682,1618489,,bus-cycles:u,1223584,100.00,,
     0.400188682,2689710,,instructions:u,1222400,100.00,,
     0.401368917,0,,branch-misses:u,1180704,100.00,,
     0.401368917,14586,,cache-misses:u,1180480,100.00,,
     0.401368917,1560626,,bus-cycles:u,1180064,100.00,,
     0.401368917,2506170,,instructions:u,1180896,100.00,,
     0.402545184,1,,branch-misses:u,1176640,100.00,,
     0.402545184,56957,,cache-misses:u,1176992,100.00,,
     0.402545184,1537027,,bus-cycles:u,1177184,100.00,,
     0.402545184,2214615,,instructions:u,1176608,100.00,,
     0.403714668,0,,branch-misses:u,1169504,100.00,,
     0.403714668,57750,,cache-misses:u,1169056,100.00,,
     0.403714668,1546300,,bus-cycles:u,1169024,100.00,,
     0.403714668,2232140,,instructions:u,1169632,100.00,,
     0.404887288,0,,branch-misses:u,1172448,100.00,,
     0.404887288,5898,,cache-misses:u,1172960,100.00,,
     0.404887288,1549734,,bus-cycles:u,1172896,100.00,,
     0.404887288,2543452,,instructions:u,1172032,100.00,,
     0.406054821,0,,branch-misses:u,1181184,100.00,,
     0.406054821,179,,cache-misses:u,1182048,100.00,,
     0.406054821,1549583,,bus-cycles:u,1182336,100.00,,
     0.406054821,2576688,,instructions:u,1182560,100.00,,
     0.407249933,1,,branch-misses:u,1182944,100.00,,
     0.407249933,49994,,cache-misses:u,1181888,100.00,,
     0.407249933,1563311,,bus-cycles:u,1182080,100.00,,
     0.407249933,2298095,,instructions:u,1181792,100.00,,
     0.408419705,0,,branch-misses:u,1171264,100.00,,
     0.408419705,57801,,cache-misses:u,1171392,100.00,,
     0.408419705,1547267,,bus-cycles:u,1170848,100.00,,
     0.408419705,2239820,,instructions:u,1171040,100.00,,
     0.409588998,0,,branch-misses:u,1168064,100.00,,
     0.409588998,27284,,cache-misses:u,1168256,100.00,,
     0.409588998,1545923,,bus-cycles:u,1168192,100.00,,
     0.409588998,2414860,,instructions:u,1167968,100.00,,
     0.410758674,0,,branch-misses:u,1169824,100.00,,
     0.410758674,340,,cache-misses:u,1169024,100.00,,
     0.410758674,1533606,,bus-cycles:u,1168736,100.00,,
     0.410758674,2549000,,instructions:u,1168512,100.00,,
     0.411920545,1,,branch-misses:u,1162304,100.00,,
     0.411920545,27136,,cache-misses:u,1162880,100.00,,
     0.411920545,1538359,,bus-cycles:u,1163136,100.00,,
     0.411920545,2394678,,instructions:u,1163552,100.00,,
     0.413134564,0,,branch-misses:u,1214016,100.00,,
     0.413134564,60284,,cache-misses:u,1214112,100.00,,
     0.413134564,1605622,,bus-cycles:u,1214400,100.00,,
     0.413134564,2317387,,instructions:u,1214176,100.00,,
     0.414307728,0,,branch-misses:u,1174912,100.00,,
     0.414307728,48416,,cache-misses:u,1174784,100.00,,
     0.414307728,1533988,,bus-cycles:u,1174592,100.00,,
     0.414307728,2270690,,instructions:u,1174624,100.00,,
     0.415472061,0,,branch-misses:u,1162816,100.00,,
     0.415472061,101,,cache-misses:u,1162720,100.00,,
     0.415472061,1537315,,bus-cycles:u,1162784,100.00,,
     0.415472061,2557710,,instructions:u,1162912,100.00,,
     0.416633772,0,,branch-misses:u,1162048,100.00,,
     0.416633772,6007,,cache-misses:u,1161824,100.00,,
     0.416633772,1535984,,bus-cycles:u,1161760,100.00,,
     0.416633772,2516230,,instructions:u,1161696,100.00,,
     0.417795386,1,,branch-misses:u,1161952,100.00,,
     0.417795386,57255,,cache-misses:u,1162336,100.00,,
     0.417795386,1535497,,bus-cycles:u,1162528,100.00,,
     0.417795386,2218095,,instructions:u,1162912,100.00,,
     0.418958024,0,,branch-misses:u,1163328,100.00,,
     0.418958024,57126,,cache-misses:u,1163680,100.00,,
     0.418958024,1525122,,bus-cycles:u,1163360,100.00,,
     0.418958024,2204140,,instructions:u,1162816,100.00,,
     0.420120310,0,,branch-misses:u,1163520,100.00,,
     0.420120310,14969,,cache-misses:u,1163104,100.00,,
     0.420120310,1535104,,bus-cycles:u,1163136,100.00,,
     0.420120310,2470673,,instructions:u,1163136,100.00,,
     0.421283812,0,,branch-misses:u,1162496,100.00,,
     0.421283812,169,,cache-misses:u,1162368,100.00,,
     0.421283812,1537235,,bus-cycles:u,1162304,100.00,,
     0.421283812,2557367,,instructions:u,1162624,100.00,,
     0.422441523,1,,branch-misses:u,1157120,100.00,,
     0.422441523,38486,,cache-misses:u,1157088,100.00,,
     0.422441523,1515742,,bus-cycles:u,1157664,100.00,,
     0.422441523,2289265,,instructions:u,1157344,100.00,,
     0.423600226,0,,branch-misses:u,1159296,100.00,,
     0.423600226,57363,,cache-misses:u,1159552,100.00,,
     0.423600226,1532710,,bus-cycles:u,1159168,100.00,,
     0.423600226,2217920,,instructions:u,1159200,100.00,,
     0.424757521,0,,branch-misses:u,1157600,100.00,,
     0.424757521,39664,,cache-misses:u,1157920,100.00,,
     0.424757521,1529844,,bus-cycles:u,1157856,100.00,,
     0.424757521,2320190,,instructions:u,1157984,100.00,,
     0.425916192,0,,branch-misses:u,1159008,100.00,,
     0.425916192,375,,cache-misses:u,1158816,100.00,,
     0.425916192,1530911,,bus-cycles:u,1158816,100.00,,
     0.425916192,2545220,,instructions:u,1158720,100.00,,
     0.427075567,0,,branch-misses:u,1160384,100.00,,
     0.427075567,13479,,cache-misses:u,1160544,100.00,,
     0.427075567,1516881,,bus-cycles:u,1160384,100.00,,
     0.427075567,2439747,,instructions:u,1160544,100.00,,
     0.428237533,1,,branch-misses:u,1162272,100.00,,
     0.428237533,57483,,cache-misses:u,1162336,100.00,,
     0.428237533,1534797,,bus-cycles:u,1162368,100.00,,
     0.428237533,2212658,,instructions:u,1162368,100.00,,
     0.429401067,0,,branch-misses:u,1164320,100.00,,
     0.429401067,57658,,cache-misses:u,1164064,100.00,,
     0.429401067,1537634,,bus-cycles:u,1164224,100.00,,
     0.429401067,2222000,,instructions:u,1164512,100.00,,
     0.430566424,0,,branch-misses:u,1164800,100.00,,
     0.430566424,7375,,cache-misses:u,1164768,100.00,,
     0.430566424,1524762,,bus-cycles:u,1164800,100.00,,
     0.430566424,2496370,,instructions:u,1164448,100.00,,
     0.431727302,0,,branch-misses:u,1160256,100.00,,
     0.431727302,90,,cache-misses:u,1160128,100.00,,
     0.431727302,1533869,,bus-cycles:u,1160032,100.00,,
     0.431727302,2552410,,instructions:u,1160032,100.00,,
     0.432886901,1,,branch-misses:u,1160224,100.00,,
     0.432886901,46276,,cache-misses:u,1160224,100.00,,
     0.432886901,1534507,,bus-cycles:u,1160416,100.00,,
     0.432886901,2278555,,instructions:u,1160544,100.00,,
     0.434047012,0,,branch-misses:u,1160704,100.00,,
     0.434047012,57424,,cache-misses:u,1173152,100.00,,
     0.434047012,1536970,,bus-cycles:u,1173824,100.00,,
     0.434047012,2220450,,instructions:u,1174272,100.00,,
     0.435273988,0,,branch-misses:u,1228224,100.00,,
     0.435273988,31537,,cache-misses:u,1216352,100.00,,
     0.435273988,1607686,,bus-cycles:u,1215520,100.00,,
     0.435273988,2493274,,instructions:u,1215104,100.00,,
     0.436439090,0,,branch-misses:u,1163168,100.00,,
     0.436439090,229,,cache-misses:u,1162688,100.00,,
     0.436439090,1537615,,bus-cycles:u,1162400,100.00,,
     0.436439090,2558576,,instructions:u,1162112,100.00,,
     0.437595649,1,,branch-misses:u,1157504,100.00,,
     0.437595649,25282,,cache-misses:u,1157600,100.00,,
     0.437595649,1530702,,bus-cycles:u,1157920,100.00,,
     0.437595649,2393195,,instructions:u,1157952,100.00,,
     0.438754032,0,,branch-misses:u,1159840,100.00,,
     0.438754032,56159,,cache-misses:u,1160352,100.00,,
     0.438754032,1503020,,bus-cycles:u,1160384,100.00,,
     0.438754032,2169930,,instructions:u,1160384,100.00,,
     0.439914974,0,,branch-misses:u,1161472,100.00,,
     0.439914974,53942,,cache-misses:u,1161152,100.00,,
     0.439914974,1532528,,bus-cycles:u,1161184,100.00,,
     0.439914974,2238530,,instructions:u,1161792,100.00,,
     0.441073613,0,,branch-misses:u,1157824,100.00,,
     0.441073613,160,,cache-misses:u,1157376,100.00,,
     0.441073613,1530054,,bus-cycles:u,1157280,100.00,,
     0.441073613,2544840,,instructions:u,1156928,100.00,,
     0.442230237,0,,branch-misses:u,1156288,100.00,,
     0.442230237,323,,cache-misses:u,1157152,100.00,,
     0.442230237,1515201,,bus-cycles:u,1157376,100.00,,
     0.442230237,2518760,,instructions:u,1156832,100.00,,
     0.443390091,1,,branch-misses:u,1160192,100.00,,
     0.443390091,56249,,cache-misses:u,1159168,100.00,,
     0.443390091,1532443,,bus-cycles:u,1158880,100.00,,
     0.443390091,2219502,,instructions:u,1159104,100.00,,
     0.444546299,0,,branch-misses:u,1156128,100.00,,
     0.444546299,57294,,cache-misses:u,1156128,100.00,,
     0.444546299,1529117,,bus-cycles:u,1156160,100.00,,
     0.444546299,2210853,,instructions:u,1156704,100.00,,
     0.445703818,0,,branch-misses:u,1157504,100.00,,
     0.445703818,21764,,cache-misses:u,1158080,100.00,,
     0.445703818,1529887,,bus-cycles:u,1158176,100.00,,
     0.445703818,2420154,,instructions:u,1157696,100.00,,
     0.446861273,0,,branch-misses:u,1158208,100.00,,
     0.446861273,269,,cache-misses:u,1158144,100.00,,
     0.446861273,1516875,,bus-cycles:u,1158368,100.00,,
     0.446861273,2522206,,instructions:u,1158464,100.00,,
     0.448020296,1,,branch-misses:u,1159392,100.00,,
     0.448020296,31152,,cache-misses:u,1159072,100.00,,
     0.448020296,1531543,,bus-cycles:u,1158656,100.00,,
     0.448020296,2361043,,instructions:u,1158592,100.00,,
     0.449178327,0,,branch-misses:u,1158016,100.00,,
     0.449178327,56619,,cache-misses:u,1157824,100.00,,
     0.449178327,1530126,,bus-cycles:u,1157920,100.00,,
     0.449178327,2207599,,instructions:u,1158048,100.00,,
     0.450335718,0,,branch-misses:u,1158528,100.00,,
     0.450335718,47076,,cache-misses:u,1159008,100.00,,
     0.450335718,1512764,,bus-cycles:u,1158976,100.00,,
     0.450335718,2242633,,instructions:u,1158976,100.00,,
     0.451493525,0,,branch-misses:u,1157024,100.00,,
     0.451493525,397,,cache-misses:u,1156640,100.00,,
     0.451493525,1530724,,bus-cycles:u,1156576,100.00,,
     0.451493525,2545430,,instructions:u,1156288,100.00,,
     0.452649380,0,,branch-misses:u,1156352,100.00,,
     0.452649380,5938,,cache-misses:u,1156672,100.00,,
     0.452649380,1527507,,bus-cycles:u,1156800,100.00,,
     0.452649380,2504230,,instructions:u,1156864,100.00,,
     0.453807443,1,,branch-misses:u,1158016,100.00,,
     0.453807443,57129,,cache-misses:u,1157664,100.00,,
     0.453807443,1530602,,bus-cycles:u,1158240,100.00,,
     0.453807443,2213705,,instructions:u,1158304,100.00,,
     0.454970145,0,,branch-misses:u,1167232,100.00,,
     0.454970145,57396,,cache-misses:u,1169248,100.00,,
     0.454970145,1531055,,bus-cycles:u,1169824,100.00,,
     0.454970145,2213430,,instructions:u,1170688,100.00,,
     0.456230171,0,,branch-misses:u,1256608,100.00,,
     0.456230171,15133,,cache-misses:u,1255648,100.00,,
     0.456230171,1657881,,bus-cycles:u,1254848,100.00,,
     0.456230171,2670270,,instructions:u,1254176,100.00,,
     0.457396456,0,,branch-misses:u,1166016,100.00,,
     0.457396456,153,,cache-misses:u,1165568,100.00,,
     0.457396456,1540082,,bus-cycles:u,1165952,100.00,,
     0.457396456,2561990,,instructions:u,1165920,100.00,,
     0.458558262,1,,branch-misses:u,1163168,100.00,,
     0.458558262,43151,,cache-misses:u,1162784,100.00,,
     0.458558262,1524258,,bus-cycles:u,1162016,100.00,,
     0.458558262,2276965,,instructions:u,1161888,100.00,,
     0.459721252,0,,branch-misses:u,1163744,100.00,,
     0.459721252,57467,,cache-misses:u,1163552,100.00,,
     0.459721252,1536533,,bus-cycles:u,1163456,100.00,,
     0.459721252,2223648,,instructions:u,1163328,100.00,,
     0.460878995,0,,branch-misses:u,1157440,100.00,,
     0.460878995,34433,,cache-misses:u,1157472,100.00,,
     0.460878995,1528627,,bus-cycles:u,1157600,100.00,,
     0.460878995,2346962,,instructions:u,1157792,100.00,,
     0.462037890,0,,branch-misses:u,1157632,100.00,,
     0.462037890,236,,cache-misses:u,1157984,100.00,,
     0.462037890,1529611,,bus-cycles:u,1158048,100.00,,
     0.462037890,2555474,,instructions:u,1176032,100.00,,
     0.463223532,1,,branch-misses:u,1185984,100.00,,
     0.463223532,19535,,cache-misses:u,1185728,100.00,,
     0.463223532,1548666,,bus-cycles:u,1185664,100.00,,
     0.463223532,2446421,,instructions:u,1167488,100.00,,
     0.464381818,0,,branch-misses:u,1158816,100.00,,
     0.464381818,57371,,cache-misses:u,1158880,100.00,,
     0.464381818,1530582,,bus-cycles:u,1158752,100.00,,
     0.464381818,2215340,,instructions:u,1158848,100.00,,
     0.465539434,0,,branch-misses:u,1158400,100.00,,
     0.465539434,57484,,cache-misses:u,1158816,100.00,,
     0.465539434,1530706,,bus-cycles:u,1158976,100.00,,
     0.465539434,2212290,,instructions:u,1158976,100.00,,
     0.466699640,0,,branch-misses:u,1160672,100.00,,
     0.466699640,1241,,cache-misses:u,1160480,100.00,,
     0.466699640,1518454,,bus-cycles:u,1160352,100.00,,
     0.466699640,2519900,,instructions:u,1160576,100.00,,
     0.467861190,0,,branch-misses:u,1161888,100.00,,
     0.467861190,324,,cache-misses:u,1162752,100.00,,
     0.467861190,1536797,,bus-cycles:u,1162528,100.00,,
     0.467861190,2554140,,instructions:u,1161984,100.00,,
     0.469024372,1,,branch-misses:u,1163424,100.00,,
     0.469024372,52082,,cache-misses:u,1163104,100.00,,
     0.469024372,1537454,,bus-cycles:u,1164032,100.00,,
     0.469024372,2241965,,instructions:u,1164640,100.00,,
     0.470187970,0,,branch-misses:u,1164768,100.00,,
     0.470187970,56983,,cache-misses:u,1163712,100.00,,
     0.470187970,1523048,,bus-cycles:u,1162976,100.00,,
     0.470187970,2199510,,instructions:u,1162720,100.00,,
     0.471351664,0,,branch-misses:u,1164288,100.00,,
     0.471351664,26120,,cache-misses:u,1164704,100.00,,
     0.471351664,1538384,,bus-cycles:u,1164672,100.00,,
     0.471351664,2408350,,instructions:u,1164576,100.00,,
     0.472514494,0,,branch-misses:u,1161760,100.00,,
     0.472514494,88,,cache-misses:u,1161536,100.00,,
     0.472514494,1535712,,bus-cycles:u,1161600,100.00,,
     0.472514494,2556370,,instructions:u,1161728,100.00,,
     0.473674317,1,,branch-misses:u,1159008,100.00,,
     0.473674317,27805,,cache-misses:u,1159040,100.00,,
     0.473674317,1532981,,bus-cycles:u,1158944,100.00,,
     0.473674317,2382783,,instructions:u,1158880,100.00,,
     0.474836699,0,,branch-misses:u,1164864,100.00,,
     0.474836699,56962,,cache-misses:u,1165344,100.00,,
     0.474836699,1521219,,bus-cycles:u,1165792,100.00,,
     0.474836699,2195323,,instructions:u,1165952,100.00,,
     0.476005415,0,,branch-misses:u,1168288,100.00,,
     0.476005415,50997,,cache-misses:u,1167808,100.00,,
     0.476005415,1542248,,bus-cycles:u,1167456,100.00,,
     0.476005415,2263819,,instructions:u,1167488,100.00,,
     0.477168245,0,,branch-misses:u,1161760,100.00,,
     0.477168245,202,,cache-misses:u,1161536,100.00,,
     0.477168245,1535821,,bus-cycles:u,1161792,100.00,,
     0.477168245,2553262,,instructions:u,1161536,100.00,,
     0.478429231,0,,branch-misses:u,1267808,100.00,,
     0.478429231,8566,,cache-misses:u,1270720,100.00,,
     0.478429231,1665575,,bus-cycles:u,1271072,100.00,,
     0.478429231,2719408,,instructions:u,1271296,100.00,,
     0.479605146,1,,branch-misses:u,1171680,100.00,,
     0.479605146,57382,,cache-misses:u,1168928,100.00,,
     0.479605146,1544116,,bus-cycles:u,1168480,100.00,,
     0.479605146,2224933,,instructions:u,1168512,100.00,,
     0.480769960,0,,branch-misses:u,1163072,100.00,,
     0.480769960,57583,,cache-misses:u,1163424,100.00,,
     0.480769960,1538983,,bus-cycles:u,1163456,100.00,,
     0.480769960,2222440,,instructions:u,1163872,100.00,,
     0.481936181,0,,branch-misses:u,1167648,100.00,,
     0.481936181,11940,,cache-misses:u,1168448,100.00,,
     0.481936181,1542920,,bus-cycles:u,1168480,100.00,,
     0.481936181,2495102,,instructions:u,1168160,100.00,,
     0.483111744,0,,branch-misses:u,1176448,100.00,,
     0.483111744,244,,cache-misses:u,1176000,100.00,,
     0.483111744,1539806,,bus-cycles:u,1175904,100.00,,
     0.483111744,2557800,,instructions:u,1176736,100.00,,
     0.484297194,1,,branch-misses:u,1185216,100.00,,
     0.484297194,43256,,cache-misses:u,1185600,100.00,,
     0.484297194,1564980,,bus-cycles:u,1185824,100.00,,
     0.484297194,2339445,,instructions:u,1185472,100.00,,
     0.485472565,0,,branch-misses:u,1175712,100.00,,
     0.485472565,58356,,cache-misses:u,1174976,100.00,,
     0.485472565,1553605,,bus-cycles:u,1175264,100.00,,
     0.485472565,2242781,,instructions:u,1175488,100.00,,
     0.486648096,0,,branch-misses:u,1175776,100.00,,
     0.486648096,33825,,cache-misses:u,1176768,100.00,,
     0.486648096,1527035,,bus-cycles:u,1176288,100.00,,
     0.486648096,2341299,,instructions:u,1175552,100.00,,
     0.487817645,0,,branch-misses:u,1168576,100.00,,
     0.487817645,498,,cache-misses:u,1167200,100.00,,
     0.487817645,1543812,,bus-cycles:u,1167008,100.00,,
     0.487817645,2566380,,instructions:u,1167392,100.00,,
     0.488986938,1,,branch-misses:u,1169824,100.00,,
     0.488986938,20365,,cache-misses:u,1170240,100.00,,
     0.488986938,1547298,,bus-cycles:u,1170400,100.00,,
     0.488986938,2445614,,instructions:u,1170080,100.00,,
     0.490156902,0,,branch-misses:u,1170272,100.00,,
     0.490156902,57008,,cache-misses:u,1170048,100.00,,
     0.490156902,1532805,,bus-cycles:u,1170816,100.00,,
     0.490156902,2210321,,instructions:u,1170656,100.00,,
     0.491327027,0,,branch-misses:u,1171296,100.00,,
     0.491327027,57921,,cache-misses:u,1171488,100.00,,
     0.491327027,1546615,,bus-cycles:u,1170784,100.00,,
     0.491327027,2237580,,instructions:u,1170656,100.00,,
     0.492495328,0,,branch-misses:u,1166912,100.00,,
     0.492495328,180,,cache-misses:u,1167072,100.00,,
     0.492495328,1543339,,bus-cycles:u,1167296,100.00,,
     0.492495328,2566770,,instructions:u,1167328,100.00,,
     0.493662125,0,,branch-misses:u,1167328,100.00,,
     0.493662125,150,,cache-misses:u,1167776,100.00,,
     0.493662125,1544729,,bus-cycles:u,1167680,100.00,,
     0.493662125,2570430,,instructions:u,1167840,100.00,,
     0.494831001,1,,branch-misses:u,1169728,100.00,,
     0.494831001,54334,,cache-misses:u,1169120,100.00,,
     0.494831001,1529524,,bus-cycles:u,1168928,100.00,,
     0.494831001,2221885,,instructions:u,1168960,100.00,,
     0.495997799,0,,branch-misses:u,1167744,100.00,,
     0.495997799,57771,,cache-misses:u,1167808,100.00,,
     0.495997799,1543976,,bus-cycles:u,1167680,100.00,,
     0.495997799,2233510,,instructions:u,1167424,100.00,,
     0.497164212,0,,branch-misses:u,1165920,100.00,,
     0.497164212,23171,,cache-misses:u,1166240,100.00,,
     0.497164212,1540084,,bus-cycles:u,1166464,100.00,,
     0.497164212,2427870,,instructions:u,1166560,100.00,,
     0.498327650,0,,branch-misses:u,1163904,100.00,,
     0.498327650,326,,cache-misses:u,1164192,100.00,,
     0.498327650,1514553,,bus-cycles:u,1164064,100.00,,
     0.498327650,2518200,,instructions:u,1163936,100.00,,
     0.499540581,1,,branch-misses:u,1214272,100.00,,
     0.499540581,33013,,cache-misses:u,1213568,100.00,,
     0.499540581,1604105,,bus-cycles:u,1213600,100.00,,
     0.499540581,2472953,,instructions:u,1213600,100.00,,
     0.500707283,0,,branch-misses:u,1166208,100.00,,
     0.500707283,57660,,cache-misses:u,1165792,100.00,,
     0.500707283,1538969,,bus-cycles:u,1165664,100.00,,
     0.500707283,2223809,,instructions:u,1165696,100.00,,
     0.501867905,0,,branch-misses:u,1160832,100.00,,
     0.501867905,44845,,cache-misses:u,1160832,100.00,,
     0.501867905,1531828,,bus-cycles:u,1160928,100.00,,
     0.501867905,2287473,,instructions:u,1160832,100.00,,
     0.503028399,0,,branch-misses:u,1161248,100.00,,
     0.503028399,387,,cache-misses:u,1161408,100.00,,
     0.503028399,1518567,,bus-cycles:u,1161504,100.00,,
     0.503028399,2524020,,instructions:u,1161536,100.00,,
     0.504191101,0,,branch-misses:u,1161056,100.00,,
     0.504191101,8782,,cache-misses:u,1160704,100.00,,
     0.504191101,1535188,,bus-cycles:u,1160288,100.00,,
     0.504191101,2501140,,instructions:u,1160128,100.00,,
     0.505348525,1,,branch-misses:u,1158016,100.00,,
     0.505348525,57166,,cache-misses:u,1158144,100.00,,
     0.505348525,1531850,,bus-cycles:u,1158368,100.00,,
     0.505348525,2213545,,instructions:u,1158528,100.00,,
     0.506507643,0,,branch-misses:u,1159776,100.00,,
     0.506507643,56353,,cache-misses:u,1160160,100.00,,
     0.506507643,1518482,,bus-cycles:u,1160416,100.00,,
     0.506507643,2191938,,instructions:u,1160512,100.00,,
     0.507668586,0,,branch-misses:u,1160864,100.00,,
     0.507668586,12928,,cache-misses:u,1160768,100.00,,
     0.507668586,1533625,,bus-cycles:u,1160640,100.00,,
     0.507668586,2477602,,instructions:u,1160800,100.00,,
     0.508828952,0,,branch-misses:u,1160704,100.00,,
     0.508828952,167,,cache-misses:u,1160672,100.00,,
     0.508828952,1534082,,bus-cycles:u,1160544,100.00,,
     0.508828952,2550120,,instructions:u,1160032,100.00,,
     0.509986247,1,,branch-misses:u,1157056,100.00,,
     0.509986247,40632,,cache-misses:u,1156832,100.00,,
     0.509986247,1529501,,bus-cycles:u,1156800,100.00,,
     0.509986247,2302935,,instructions:u,1157056,100.00,,
     0.511166674,0,,branch-misses:u,1183552,100.00,,
     0.511166674,57837,,cache-misses:u,1184032,100.00,,
     0.511166674,1545009,,bus-cycles:u,1184480,100.00,,
     0.511166674,2235890,,instructions:u,1184544,100.00,,
     0.512332895,0,,branch-misses:u,1164768,100.00,,
     0.512332895,36713,,cache-misses:u,1164512,100.00,,
     0.512332895,1538118,,bus-cycles:u,1164128,100.00,,
     0.512332895,2343740,,instructions:u,1164096,100.00,,
     0.513498668,0,,branch-misses:u,1165120,100.00,,
     0.513498668,249,,cache-misses:u,1164704,100.00,,
     0.513498668,1541313,,bus-cycles:u,1164512,100.00,,
     0.513498668,2561030,,instructions:u,1164320,100.00,,
     0.514659739,1,,branch-misses:u,1161568,100.00,,
     0.514659739,17078,,cache-misses:u,1162240,100.00,,
     0.514659739,1522439,,bus-cycles:u,1162400,100.00,,
     0.514659739,2430925,,instructions:u,1162720,100.00,,
     0.515821513,0,,branch-misses:u,1162112,100.00,,
     0.515821513,57621,,cache-misses:u,1161792,100.00,,
     0.515821513,1536316,,bus-cycles:u,1161824,100.00,,
     0.515821513,2220847,,instructions:u,1161920,100.00,,
     0.516981688,0,,branch-misses:u,1159456,100.00,,
     0.516981688,57350,,cache-misses:u,1158976,100.00,,
     0.516981688,1533099,,bus-cycles:u,1159008,100.00,,
     0.516981688,2214763,,instructions:u,1158816,100.00,,
     0.518141510,0,,branch-misses:u,1160640,100.00,,
     0.518141510,3511,,cache-misses:u,1161376,100.00,,
     0.518141510,1519830,,bus-cycles:u,1161536,100.00,,
     0.518141510,2509891,,instructions:u,1161856,100.00,,
     0.519302677,0,,branch-misses:u,1160768,100.00,,
     0.519302677,302,,cache-misses:u,1160928,100.00,,
     0.519302677,1536126,,bus-cycles:u,1160960,100.00,,
     0.519302677,2552746,,instructions:u,1160736,100.00,,
     0.520462531,1,,branch-misses:u,1161024,100.00,,
     0.520462531,49862,,cache-misses:u,1160672,100.00,,
     0.520462531,1534060,,bus-cycles:u,1160448,100.00,,
     0.520462531,2253038,,instructions:u,1160928,100.00,,
     0.521666473,0,,branch-misses:u,1205024,100.00,,
     0.521666473,59770,,cache-misses:u,1204992,100.00,,
     0.521666473,1591516,,bus-cycles:u,1205120,100.00,,
     0.521666473,2298418,,instructions:u,1204544,100.00,,
     0.522829079,0,,branch-misses:u,1163936,100.00,,
     0.522829079,26157,,cache-misses:u,1164448,100.00,,
     0.522829079,1515318,,bus-cycles:u,1164352,100.00,,
     0.522829079,2366432,,instructions:u,1164448,100.00,,
     0.523992325,0,,branch-misses:u,1160960,100.00,,
     0.523992325,156,,cache-misses:u,1160352,100.00,,
     0.523992325,1533661,,bus-cycles:u,1160256,100.00,,
     0.523992325,2549550,,instructions:u,1160160,100.00,,
     0.525150228,1,,branch-misses:u,1157664,100.00,,
     0.525150228,26901,,cache-misses:u,1157504,100.00,,
     0.525150228,1530159,,bus-cycles:u,1157536,100.00,,
     0.525150228,2384205,,instructions:u,1157920,100.00,,
     0.526309634,0,,branch-misses:u,1161792,100.00,,
     0.526309634,56875,,cache-misses:u,1162784,100.00,,
     0.526309634,1521306,,bus-cycles:u,1163040,100.00,,
     0.526309634,2196910,,instructions:u,1162752,100.00,,
     0.527470865,0,,branch-misses:u,1159936,100.00,,
     0.527470865,51690,,cache-misses:u,1159232,100.00,,
     0.527470865,1531009,,bus-cycles:u,1159200,100.00,,
     0.527470865,2245010,,instructions:u,1159072,100.00,,
     0.528630079,0,,branch-misses:u,1158528,100.00,,
     0.528630079,242,,cache-misses:u,1158560,100.00,,
     0.528630079,1531432,,bus-cycles:u,1158368,100.00,,
     0.528630079,2545890,,instructions:u,1158400,100.00,,
     0.529786447,0,,branch-misses:u,1157152,100.00,,
     0.529786447,2269,,cache-misses:u,1156992,100.00,,
     0.529786447,1529398,,bus-cycles:u,1157024,100.00,,
     0.529786447,2529658,,instructions:u,1157024,100.00,,
     0.530943678,1,,branch-misses:u,1158304,100.00,,
     0.530943678,56427,,cache-misses:u,1158592,100.00,,
     0.530943678,1517230,,bus-cycles:u,1158592,100.00,,
     0.530943678,2194424,,instructions:u,1158816,100.00,,
     0.532103948,0,,branch-misses:u,1161536,100.00,,
     0.532103948,57661,,cache-misses:u,1161120,100.00,,
     0.532103948,1532853,,bus-cycles:u,1161152,100.00,,
     0.532103948,2216163,,instructions:u,1160928,100.00,,
     0.533264059,0,,branch-misses:u,1159104,100.00,,
     0.533264059,19463,,cache-misses:u,1159968,100.00,,
     0.533264059,1531176,,bus-cycles:u,1159968,100.00,,
     0.533264059,2435620,,instructions:u,1160128,100.00,,
     0.534422922,0,,branch-misses:u,1159424,100.00,,
     0.534422922,205,,cache-misses:u,1159392,100.00,,
     0.534422922,1517393,,bus-cycles:u,1159552,100.00,,
     0.534422922,2523130,,instructions:u,1159648,100.00,,
     0.535584280,1,,branch-misses:u,1161280,100.00,,
     0.535584280,33867,,cache-misses:u,1161472,100.00,,
     0.535584280,1533941,,bus-cycles:u,1161280,100.00,,
     0.535584280,2349119,,instructions:u,1160992,100.00,,
     0.536742727,0,,branch-misses:u,1158592,100.00,,
     0.536742727,57576,,cache-misses:u,1157504,100.00,,
     0.536742727,1529686,,bus-cycles:u,1157536,100.00,,
     0.536742727,2209866,,instructions:u,1158016,100.00,,
     0.537899734,0,,branch-misses:u,1159712,100.00,,
     0.537899734,43973,,cache-misses:u,1159904,100.00,,
     0.537899734,1529766,,bus-cycles:u,1159968,100.00,,
     0.537899734,2284570,,instructions:u,1159616,100.00,,
     0.539061572,0,,branch-misses:u,1160320,100.00,,
     0.539061572,210,,cache-misses:u,1160768,100.00,,
     0.539061572,1516405,,bus-cycles:u,1160800,100.00,,
     0.539061572,2518610,,instructions:u,1160736,100.00,,
     0.540223411,0,,branch-misses:u,1161088,100.00,,
     0.540223411,8730,,cache-misses:u,1160576,100.00,,
     0.540223411,1532365,,bus-cycles:u,1160832,100.00,,
     0.540223411,2495680,,instructions:u,1160800,100.00,,
     0.541380738,1,,branch-misses:u,1157824,100.00,,
     0.541380738,57035,,cache-misses:u,1157696,100.00,,
     0.541380738,1528693,,bus-cycles:u,1157216,100.00,,
     0.541380738,2210715,,instructions:u,1157376,100.00,,
     0.542579048,0,,branch-misses:u,1199936,100.00,,
     0.542579048,58969,,cache-misses:u,1200384,100.00,,
     0.542579048,1573474,,bus-cycles:u,1200448,100.00,,
     0.542579048,2278130,,instructions:u,1200384,100.00,,
     0.543743094,0,,branch-misses:u,1163200,100.00,,
     0.543743094,10679,,cache-misses:u,1163104,100.00,,
     0.543743094,1535880,,bus-cycles:u,1163200,100.00,,
     0.543743094,2496700,,instructions:u,1163232,100.00,,
     0.544901445,0,,branch-misses:u,1157792,100.00,,
     0.544901445,106,,cache-misses:u,1157792,100.00,,
     0.544901445,1530266,,bus-cycles:u,1157824,100.00,,
     0.544901445,2545030,,instructions:u,1157920,100.00,,
     0.546062643,1,,branch-misses:u,1162272,100.00,,
     0.546062643,42544,,cache-misses:u,1162816,100.00,,
     0.546062643,1519793,,bus-cycles:u,1163232,100.00,,
     0.546062643,2279491,,instructions:u,1163008,100.00,,
     0.547223266,0,,branch-misses:u,1161472,100.00,,
     0.547223266,57565,,cache-misses:u,1160768,100.00,,
     0.547223266,1531966,,bus-cycles:u,1160096,100.00,,
     0.547223266,2213442,,instructions:u,1160000,100.00,,
     0.548382417,0,,branch-misses:u,1159840,100.00,,
     0.548382417,35370,,cache-misses:u,1160000,100.00,,
     0.548382417,1532876,,bus-cycles:u,1160192,100.00,,
     0.548382417,2346042,,instructions:u,1160160,100.00,,
     0.549543199,0,,branch-misses:u,1159616,100.00,,
     0.549543199,337,,cache-misses:u,1159584,100.00,,
     0.549543199,1534153,,bus-cycles:u,1159648,100.00,,
     0.549543199,2551360,,instructions:u,1159712,100.00,,
     0.550706061,1,,branch-misses:u,1164032,100.00,,
     0.550706061,17910,,cache-misses:u,1164768,100.00,,
     0.550706061,1523444,,bus-cycles:u,1165152,100.00,,
     0.550706061,2423735,,instructions:u,1165216,100.00,,
     0.551873466,0,,branch-misses:u,1167840,100.00,,
     0.551873466,57577,,cache-misses:u,1166880,100.00,,
     0.551873466,1539703,,bus-cycles:u,1166528,100.00,,
     0.551873466,2222310,,instructions:u,1166400,100.00,,
     0.553039495,0,,branch-misses:u,1166464,100.00,,
     0.553039495,57611,,cache-misses:u,1166464,100.00,,
     0.553039495,1539492,,bus-cycles:u,1166400,100.00,,
     0.553039495,2223591,,instructions:u,1166560,100.00,,
     0.554203381,0,,branch-misses:u,1164608,100.00,,
     0.554203381,3007,,cache-misses:u,1165792,100.00,,
     0.554203381,1521653,,bus-cycles:u,1165728,100.00,,
     0.554203381,2514403,,instructions:u,1165696,100.00,,
     0.555381536,0,,branch-misses:u,1176864,100.00,,
     0.555381536,239,,cache-misses:u,1175712,100.00,,
     0.555381536,1555551,,bus-cycles:u,1175360,100.00,,
     0.555381536,2588026,,instructions:u,1175040,100.00,,
     0.556541614,1,,branch-misses:u,1159488,100.00,,
     0.556541614,51840,,cache-misses:u,1159712,100.00,,
     0.556541614,1534949,,bus-cycles:u,1160128,100.00,,
     0.556541614,2245935,,instructions:u,1160512,100.00,,
     0.557700093,0,,branch-misses:u,1160256,100.00,,
     0.557700093,57349,,cache-misses:u,1160288,100.00,,
     0.557700093,1532725,,bus-cycles:u,1160224,100.00,,
     0.557700093,2218663,,instructions:u,1162048,100.00,,
     0.558870282,0,,branch-misses:u,1179168,100.00,,
     0.558870282,25927,,cache-misses:u,1183328,100.00,,
     0.558870282,1536958,,bus-cycles:u,1183776,100.00,,
     0.558870282,2404047,,instructions:u,1182240,100.00,,
     0.560095115,0,,branch-misses:u,1217184,100.00,,
     0.560095115,328,,cache-misses:u,1213952,100.00,,
     0.560095115,1603440,,bus-cycles:u,1213472,100.00,,
     0.560095115,2665992,,instructions:u,1213152,100.00,,
     0.561261400,1,,branch-misses:u,1167232,100.00,,
     0.561261400,30778,,cache-misses:u,1165792,100.00,,
     0.561261400,1541099,,bus-cycles:u,1165920,100.00,,
     0.561261400,2375383,,instructions:u,1165984,100.00,,
     0.562428645,0,,branch-misses:u,1165984,100.00,,
     0.562428645,56909,,cache-misses:u,1168224,100.00,,
     0.562428645,1531049,,bus-cycles:u,1168384,100.00,,
     0.562428645,2207318,,instructions:u,1168320,100.00,,
     0.563658565,0,,branch-misses:u,1229472,100.00,,
     0.563658565,47567,,cache-misses:u,1227488,100.00,,
     0.563658565,1624593,,bus-cycles:u,1227520,100.00,,
     0.563658565,2425150,,instructions:u,1227584,100.00,,
     0.564868841,0,,branch-misses:u,1211904,100.00,,
     0.564868841,257,,cache-misses:u,1212736,100.00,,
     0.564868841,1606322,,bus-cycles:u,1213312,100.00,,
     0.564868841,2671772,,instructions:u,1214208,100.00,,
     0.566096074,0,,branch-misses:u,1227584,100.00,,
     0.566096074,15348,,cache-misses:u,1229024,100.00,,
     0.566096074,1609919,,bus-cycles:u,1229664,100.00,,
     0.566096074,2580110,,instructions:u,1230176,100.00,,
     0.567285171,1,,branch-misses:u,1189760,100.00,,
     0.567285171,58204,,cache-misses:u,1187616,100.00,,
     0.567285171,1566932,,bus-cycles:u,1186208,100.00,,
     0.567285171,2254173,,instructions:u,1185024,100.00,,
     0.568461502,0,,branch-misses:u,1174368,100.00,,
     0.568461502,58065,,cache-misses:u,1174464,100.00,,
     0.568461502,1553386,,bus-cycles:u,1174528,100.00,,
     0.568461502,2245265,,instructions:u,1174592,100.00,,
     0.569636201,0,,branch-misses:u,1175392,100.00,,
     0.569636201,3799,,cache-misses:u,1176288,100.00,,
     0.569636201,1554748,,bus-cycles:u,1176320,100.00,,
     0.569636201,2567657,,instructions:u,1176288,100.00,,
     0.570812308,0,,branch-misses:u,1176928,100.00,,
     0.570812308,223,,cache-misses:u,1177472,100.00,,
     0.570812308,1540930,,bus-cycles:u,1178080,100.00,,
     0.570812308,2564690,,instructions:u,1178592,100.00,,
     0.571991583,1,,branch-misses:u,1179904,100.00,,
     0.571991583,51878,,cache-misses:u,1179264,100.00,,
     0.571991583,1558145,,bus-cycles:u,1178560,100.00,,
     0.571991583,2277453,,instructions:u,1177760,100.00,,
     0.573162699,0,,branch-misses:u,1170848,100.00,,
     0.573162699,57837,,cache-misses:u,1170080,100.00,,
     0.573162699,1546114,,bus-cycles:u,1170048,100.00,,
     0.573162699,2233542,,instructions:u,1170304,100.00,,
     0.574334871,0,,branch-misses:u,1172320,100.00,,
     0.574334871,25494,,cache-misses:u,1172768,100.00,,
     0.574334871,1536218,,bus-cycles:u,1172864,100.00,,
     0.574334871,2408250,,instructions:u,1172608,100.00,,
     0.575499429,0,,branch-misses:u,1164128,100.00,,
     0.575499429,396,,cache-misses:u,1163872,100.00,,
     0.575499429,1538702,,bus-cycles:u,1163936,100.00,,
     0.575499429,2558520,,instructions:u,1164320,100.00,,
     0.576662451,1,,branch-misses:u,1163488,100.00,,
     0.576662451,28773,,cache-misses:u,1163584,100.00,,
     0.576662451,1537288,,bus-cycles:u,1163744,100.00,,
     0.576662451,2383062,,instructions:u,1163392,100.00,,
     0.577824321,0,,branch-misses:u,1162016,100.00,,
     0.577824321,57465,,cache-misses:u,1161504,100.00,,
     0.577824321,1533749,,bus-cycles:u,1161056,100.00,,
     0.577824321,2215433,,instructions:u,1160928,100.00,,
     0.578987983,0,,branch-misses:u,1165376,100.00,,
     0.578987983,48838,,cache-misses:u,1166400,100.00,,
     0.578987983,1527332,,bus-cycles:u,1167072,100.00,,
     0.578987983,2253340,,instructions:u,1167200,100.00,,
     0.580156540,0,,branch-misses:u,1166944,100.00,,
     0.580156540,379,,cache-misses:u,1166144,100.00,,
     0.580156540,1540698,,bus-cycles:u,1165696,100.00,,
     0.580156540,2562140,,instructions:u,1165824,100.00,,
     0.581316010,0,,branch-misses:u,1159936,100.00,,
     0.581316010,4848,,cache-misses:u,1160224,100.00,,
     0.581316010,1532726,,bus-cycles:u,1160320,100.00,,
     0.581316010,2519770,,instructions:u,1160032,100.00,,
     0.582474425,1,,branch-misses:u,1160192,100.00,,
     0.582474425,56218,,cache-misses:u,1161024,100.00,,
     0.582474425,1507515,,bus-cycles:u,1160704,100.00,,
     0.582474425,2179463,,instructions:u,1160768,100.00,,
     0.583653028,0,,branch-misses:u,1178208,100.00,,
     0.583653028,57743,,cache-misses:u,1176928,100.00,,
     0.583653028,1554660,,bus-cycles:u,1177056,100.00,,
     0.583653028,2245910,,instructions:u,1177152,100.00,,
     0.584814866,0,,branch-misses:u,1162368,100.00,,
     0.584814866,16254,,cache-misses:u,1162400,100.00,,
     0.584814866,1535501,,bus-cycles:u,1162528,100.00,,
     0.584814866,2460822,,instructions:u,1162560,100.00,,
     0.586023287,0,,branch-misses:u,1209024,100.00,,
     0.586023287,274,,cache-misses:u,1208896,100.00,,
     0.586023287,1598774,,bus-cycles:u,1208928,100.00,,
     0.586023287,2659560,,instructions:u,1209056,100.00,,
     0.587201826,1,,branch-misses:u,1179808,100.00,,
     0.587201826,40514,,cache-misses:u,1180864,100.00,,
     0.587201826,1544347,,bus-cycles:u,1180704,100.00,,
     0.587201826,2327422,,instructions:u,1180416,100.00,,
     0.588368591,0,,branch-misses:u,1164032,100.00,,
     0.588368591,57534,,cache-misses:u,1162784,100.00,,
     0.588368591,1536320,,bus-cycles:u,1162784,100.00,,
     0.588368591,2219893,,instructions:u,1162688,100.00,,
     0.589528573,0,,branch-misses:u,1160288,100.00,,
     0.589528573,37572,,cache-misses:u,1161120,100.00,,
     0.589528573,1533682,,bus-cycles:u,1161024,100.00,,
     0.589528573,2335800,,instructions:u,1161568,100.00,,
     0.590689836,0,,branch-misses:u,1162688,100.00,,
     0.590689836,297,,cache-misses:u,1163232,100.00,,
     0.590689836,1526842,,bus-cycles:u,1163904,100.00,,
     0.590689836,2538610,,instructions:u,1163584,100.00,,
     0.591862200,1,,branch-misses:u,1171744,100.00,,
     0.591862200,16606,,cache-misses:u,1170880,100.00,,
     0.591862200,1546735,,bus-cycles:u,1170624,100.00,,
     0.591862200,2474825,,instructions:u,1170624,100.00,,
     0.593026885,0,,branch-misses:u,1166272,100.00,,
     0.593026885,57736,,cache-misses:u,1166112,100.00,,
     0.593026885,1540330,,bus-cycles:u,1165728,100.00,,
     0.593026885,2224140,,instructions:u,1165664,100.00,,
     0.594191635,0,,branch-misses:u,1164768,100.00,,
     0.594191635,57182,,cache-misses:u,1165120,100.00,,
     0.594191635,1521231,,bus-cycles:u,1165056,100.00,,
     0.594191635,2199050,,instructions:u,1164992,100.00,,
     0.595355585,0,,branch-misses:u,1163008,100.00,,
     0.595355585,4237,,cache-misses:u,1162400,100.00,,
     0.595355585,1536739,,bus-cycles:u,1162368,100.00,,
     0.595355585,2532510,,instructions:u,1162304,100.00,,
     0.596514351,0,,branch-misses:u,1158496,100.00,,
     0.596514351,291,,cache-misses:u,1158400,100.00,,
     0.596514351,1532123,,bus-cycles:u,1158528,100.00,,
     0.596514351,2548097,,instructions:u,1158592,100.00,,
     0.597669215,1,,branch-misses:u,1155840,100.00,,
     0.597669215,49209,,cache-misses:u,1155616,100.00,,
     0.597669215,1527488,,bus-cycles:u,1155552,100.00,,
     0.597669215,2247366,,instructions:u,1155488,100.00,,
     0.598826350,0,,branch-misses:u,1159552,100.00,,
     0.598826350,56870,,cache-misses:u,1160352,100.00,,
     0.598826350,1518448,,bus-cycles:u,1160736,100.00,,
     0.598826350,2195930,,instructions:u,1160992,100.00,,
     0.599994331,0,,branch-misses:u,1165216,100.00,,
     0.599994331,29343,,cache-misses:u,1165440,100.00,,
     0.599994331,1540519,,bus-cycles:u,1165184,100.00,,
     0.599994331,2393622,,instructions:u,1165024,100.00,,
     0.601154122,0,,branch-misses:u,1160576,100.00,,
     0.601154122,432,,cache-misses:u,1160128,100.00,,
     0.601154122,1533628,,bus-cycles:u,1160128,100.00,,
     0.601154122,2550780,,instructions:u,1160224,100.00,,
     0.602311225,1,,branch-misses:u,1157632,100.00,,
     0.602311225,24178,,cache-misses:u,1157696,100.00,,
     0.602311225,1515186,,bus-cycles:u,1157504,100.00,,
     0.602311225,2372535,,instructions:u,1157344,100.00,,
     0.603472807,0,,branch-misses:u,1161472,100.00,,
     0.603472807,57389,,cache-misses:u,1161056,100.00,,
     0.603472807,1534695,,bus-cycles:u,1161152,100.00,,
     0.603472807,2217110,,instructions:u,1161792,100.00,,
     0.604632150,0,,branch-misses:u,1160224,100.00,,
     0.604632150,53869,,cache-misses:u,1160704,100.00,,
     0.604632150,1531959,,bus-cycles:u,1160576,100.00,,
     0.604632150,2234060,,instructions:u,1160000,100.00,,
     0.605788677,0,,branch-misses:u,1155872,100.00,,
     0.605788677,462,,cache-misses:u,1155424,100.00,,
     0.605788677,1527732,,bus-cycles:u,1155904,100.00,,
     0.605788677,2540620,,instructions:u,1155808,100.00,,
     0.607000169,0,,branch-misses:u,1216384,100.00,,
     0.607000169,2134,,cache-misses:u,1217440,100.00,,
     0.607000169,1591468,,bus-cycles:u,1217280,100.00,,
     0.607000169,2632990,,instructions:u,1217536,100.00,,
     0.608183475,1,,branch-misses:u,1179680,100.00,,
     0.608183475,58057,,cache-misses:u,1179136,100.00,,
     0.608183475,1557521,,bus-cycles:u,1179008,100.00,,
     0.608183475,2246385,,instructions:u,1178784,100.00,,
     0.609349344,0,,branch-misses:u,1165504,100.00,,
     0.609349344,57898,,cache-misses:u,1166144,100.00,,
     0.609349344,1540198,,bus-cycles:u,1166048,100.00,,
     0.609349344,2224087,,instructions:u,1166208,100.00,,
     0.610512878,0,,branch-misses:u,1164736,100.00,,
     0.610512878,17818,,cache-misses:u,1164416,100.00,,
     0.610512878,1517413,,bus-cycles:u,1164640,100.00,,
     0.610512878,2419927,,instructions:u,1164640,100.00,,
     0.611678875,0,,branch-misses:u,1164864,100.00,,
     0.611678875,188,,cache-misses:u,1165344,100.00,,
     0.611678875,1532691,,bus-cycles:u,1165280,100.00,,
     0.611678875,2548326,,instructions:u,1165280,100.00,,
     0.612841897,1,,branch-misses:u,1163904,100.00,,
     0.612841897,35349,,cache-misses:u,1163136,100.00,,
     0.612841897,1535847,,bus-cycles:u,1162976,100.00,,
     0.612841897,2341865,,instructions:u,1162784,100.00,,
     0.614002936,0,,branch-misses:u,1161312,100.00,,
     0.614002936,57486,,cache-misses:u,1161920,100.00,,
     0.614002936,1536003,,bus-cycles:u,1162016,100.00,,
     0.614002936,2220150,,instructions:u,1162208,100.00,,
     0.615179491,0,,branch-misses:u,1177856,100.00,,
     0.615179491,42276,,cache-misses:u,1176672,100.00,,
     0.615179491,1542387,,bus-cycles:u,1177120,100.00,,
     0.615179491,2325510,,instructions:u,1177568,100.00,,
     0.616340369,0,,branch-misses:u,1160448,100.00,,
     0.616340369,274,,cache-misses:u,1161408,100.00,,
     0.616340369,1531825,,bus-cycles:u,1161440,100.00,,
     0.616340369,2546640,,instructions:u,1160864,100.00,,
     0.617499104,0,,branch-misses:u,1158112,100.00,,
     0.617499104,11934,,cache-misses:u,1157664,100.00,,
     0.617499104,1529144,,bus-cycles:u,1157216,100.00,,
     0.617499104,2471910,,instructions:u,1157248,100.00,,
     0.618656623,1,,branch-misses:u,1159936,100.00,,
     0.618656623,56593,,cache-misses:u,1161408,100.00,,
     0.618656623,1512140,,bus-cycles:u,1161440,100.00,,
     0.618656623,2182248,,instructions:u,1161504,100.00,,
     0.619830523,0,,branch-misses:u,1172320,100.00,,
     0.619830523,58128,,cache-misses:u,1170272,100.00,,
     0.619830523,1547616,,bus-cycles:u,1170592,100.00,,
     0.619830523,2237175,,instructions:u,1170432,100.00,,
     0.620989194,0,,branch-misses:u,1158688,100.00,,
     0.620989194,9491,,cache-misses:u,1158944,100.00,,
     0.620989194,1531345,,bus-cycles:u,1158432,100.00,,
     0.620989194,2494632,,instructions:u,1158464,100.00,,
     0.622145433,1,,branch-misses:u,1157408,100.00,,
     0.622145433,162,,cache-misses:u,1157536,100.00,,
     0.622145433,1517154,,bus-cycles:u,1157536,100.00,,
     0.622145433,2523940,,instructions:u,1157632,100.00,,
     0.623312678,1,,branch-misses:u,1167904,100.00,,
     0.623312678,44046,,cache-misses:u,1168064,100.00,,
     0.623312678,1541411,,bus-cycles:u,1168192,100.00,,
     0.623312678,2303416,,instructions:u,1168320,100.00,,
     0.624475188,0,,branch-misses:u,1161952,100.00,,
     0.624475188,57367,,cache-misses:u,1161632,100.00,,
     0.624475188,1534079,,bus-cycles:u,1162016,100.00,,
     0.624475188,2221049,,instructions:u,1161856,100.00,,
     0.625632707,0,,branch-misses:u,1157184,100.00,,
     0.625632707,33724,,cache-misses:u,1157504,100.00,,
     0.625632707,1528457,,bus-cycles:u,1157248,100.00,,
     0.625632707,2349458,,instructions:u,1157344,100.00,,
     0.626791442,0,,branch-misses:u,1159648,100.00,,
     0.626791442,300,,cache-misses:u,1159616,100.00,,
     0.626791442,1520634,,bus-cycles:u,1159456,100.00,,
     0.626791442,2528683,,instructions:u,1159456,100.00,,
     0.627951585,1,,branch-misses:u,1159584,100.00,,
     0.627951585,19699,,cache-misses:u,1159616,100.00,,
     0.627951585,1531868,,bus-cycles:u,1159872,100.00,,
     0.627951585,2423086,,instructions:u,1159872,100.00,,
     0.629164996,0,,branch-misses:u,1215328,100.00,,
     0.629164996,60301,,cache-misses:u,1216416,100.00,,
     0.629164996,1609453,,bus-cycles:u,1216224,100.00,,
     0.629164996,2326898,,instructions:u,1216320,100.00,,
     0.630338864,0,,branch-misses:u,1176672,100.00,,
     0.630338864,55564,,cache-misses:u,1175488,100.00,,
     0.630338864,1539487,,bus-cycles:u,1175552,100.00,,
     0.630338864,2232690,,instructions:u,1175520,100.00,,
     0.631518203,0,,branch-misses:u,1175776,100.00,,
     0.631518203,357,,cache-misses:u,1176096,100.00,,
     0.631518203,1555055,,bus-cycles:u,1176032,100.00,,
     0.631518203,2585868,,instructions:u,1176160,100.00,,
     0.632686119,0,,branch-misses:u,1168736,100.00,,
     0.632686119,301,,cache-misses:u,1169088,100.00,,
     0.632686119,1544650,,bus-cycles:u,1169440,100.00,,
     0.632686119,2569112,,instructions:u,1169536,100.00,,
     0.633859955,1,,branch-misses:u,1173888,100.00,,
     0.633859955,56954,,cache-misses:u,1173184,100.00,,
     0.633859955,1551041,,bus-cycles:u,1173152,100.00,,
     0.633859955,2235235,,instructions:u,1173376,100.00,,
     0.635024385,0,,branch-misses:u,1166880,100.00,,
     0.635024385,57165,,cache-misses:u,1166848,100.00,,
     0.635024385,1523458,,bus-cycles:u,1166432,100.00,,
     0.635024385,2196540,,instructions:u,1166112,100.00,,
     0.636203307,0,,branch-misses:u,1177344,100.00,,
     0.636203307,21545,,cache-misses:u,1177344,100.00,,
     0.636203307,1558816,,bus-cycles:u,1177280,100.00,,
     0.636203307,2469180,,instructions:u,1177152,100.00,,
     0.637368121,0,,branch-misses:u,1164640,100.00,,
     0.637368121,105,,cache-misses:u,1164608,100.00,,
     0.637368121,1539819,,bus-cycles:u,1164608,100.00,,
     0.637368121,2563618,,instructions:u,1164960,100.00,,
     0.638527976,1,,branch-misses:u,1161440,100.00,,
     0.638527976,32933,,cache-misses:u,1161536,100.00,,
     0.638527976,1521604,,bus-cycles:u,1162112,100.00,,
     0.638527976,2325167,,instructions:u,1161696,100.00,,
     0.639689846,0,,branch-misses:u,1161120,100.00,,
     0.639689846,57503,,cache-misses:u,1161024,100.00,,
     0.639689846,1535268,,bus-cycles:u,1160640,100.00,,
     0.639689846,2218008,,instructions:u,1160864,100.00,,
     0.640851620,0,,branch-misses:u,1161952,100.00,,
     0.640851620,45089,,cache-misses:u,1161696,100.00,,
     0.640851620,1534354,,bus-cycles:u,1161536,100.00,,
     0.640851620,2290542,,instructions:u,1161600,100.00,,
     0.642009107,0,,branch-misses:u,1156928,100.00,,
     0.642009107,220,,cache-misses:u,1156864,100.00,,
     0.642009107,1530655,,bus-cycles:u,1156992,100.00,,
     0.642009107,2546020,,instructions:u,1157376,100.00,,
     0.643199707,0,,branch-misses:u,1194016,100.00,,
     0.643199707,10071,,cache-misses:u,1194080,100.00,,
     0.643199707,1562401,,bus-cycles:u,1193920,100.00,,
     0.643199707,2534020,,instructions:u,1193280,100.00,,
     0.644368424,1,,branch-misses:u,1165728,100.00,,
     0.644368424,57506,,cache-misses:u,1166176,100.00,,
     0.644368424,1542741,,bus-cycles:u,1166336,100.00,,
     0.644368424,2225795,,instructions:u,1167104,100.00,,
     0.645531894,0,,branch-misses:u,1163712,100.00,,
     0.645531894,57843,,cache-misses:u,1163168,100.00,,
     0.645531894,1537225,,bus-cycles:u,1162976,100.00,,
     0.645531894,2217490,,instructions:u,1162112,100.00,,
     0.646696388,0,,branch-misses:u,1166880,100.00,,
     0.646696388,10742,,cache-misses:u,1168000,100.00,,
     0.646696388,1528347,,bus-cycles:u,1168608,100.00,,
     0.646696388,2482620,,instructions:u,1169120,100.00,,
     0.647924804,0,,branch-misses:u,1227424,100.00,,
     0.647924804,257,,cache-misses:u,1227360,100.00,,
     0.647924804,1625554,,bus-cycles:u,1227360,100.00,,
     0.647924804,2704100,,instructions:u,1227360,100.00,,
     0.649146502,1,,branch-misses:u,1221664,100.00,,
     0.649146502,49669,,cache-misses:u,1221600,100.00,,
     0.649146502,1617306,,bus-cycles:u,1221408,100.00,,
     0.649146502,2393435,,instructions:u,1221312,100.00,,
     0.650376486,0,,branch-misses:u,1232224,100.00,,
     0.650376486,60562,,cache-misses:u,1233472,100.00,,
     0.650376486,1616240,,bus-cycles:u,1233472,100.00,,
     0.650376486,2329970,,instructions:u,1233440,100.00,,
     0.651564111,0,,branch-misses:u,1186208,100.00,,
     0.651564111,25718,,cache-misses:u,1184736,100.00,,
     0.651564111,1566855,,bus-cycles:u,1184544,100.00,,
     0.651564111,2457500,,instructions:u,1184800,100.00,,
     0.652739898,0,,branch-misses:u,1175296,100.00,,
     0.652739898,206,,cache-misses:u,1174816,100.00,,
     0.652739898,1555412,,bus-cycles:u,1174720,100.00,,
     0.652739898,2586540,,instructions:u,1174080,100.00,,
     0.653913158,1,,branch-misses:u,1173952,100.00,,
     0.653913158,30678,,cache-misses:u,1174016,100.00,,
     0.653913158,1554874,,bus-cycles:u,1174624,100.00,,
     0.653913158,2396125,,instructions:u,1174848,100.00,,
     0.655087921,0,,branch-misses:u,1175840,100.00,,
     0.655087921,57534,,cache-misses:u,1176672,100.00,,
     0.655087921,1539968,,bus-cycles:u,1176928,100.00,,
     0.655087921,2222008,,instructions:u,1176928,100.00,,
     0.656261821,0,,branch-misses:u,1175136,100.00,,
     0.656261821,46967,,cache-misses:u,1175072,100.00,,
     0.656261821,1551887,,bus-cycles:u,1174368,100.00,,
     0.656261821,2311482,,instructions:u,1174144,100.00,,
     0.657435721,0,,branch-misses:u,1171360,100.00,,
     0.657435721,202,,cache-misses:u,1170912,100.00,,
     0.657435721,1548727,,bus-cycles:u,1170880,100.00,,
     0.657435721,2573860,,instructions:u,1171008,100.00,,
     0.658602134,0,,branch-misses:u,1168096,100.00,,
     0.658602134,8123,,cache-misses:u,1168032,100.00,,
     0.658602134,1528484,,bus-cycles:u,1168160,100.00,,
     0.658602134,2491970,,instructions:u,1168256,100.00,,
     0.659769091,1,,branch-misses:u,1166688,100.00,,
     0.659769091,57349,,cache-misses:u,1166528,100.00,,
     0.659769091,1541892,,bus-cycles:u,1166304,100.00,,
     0.659769091,2225855,,instructions:u,1166144,100.00,,
     0.660934225,0,,branch-misses:u,1164960,100.00,,
     0.660934225,56494,,cache-misses:u,1164896,100.00,,
     0.660934225,1538847,,bus-cycles:u,1164800,100.00,,
     0.660934225,2223400,,instructions:u,1164800,100.00,,
     0.662071300,0,,branch-misses:u,1137504,100.00,,
     0.662071300,12269,,cache-misses:u,1137312,100.00,,
     0.662071300,1486726,,bus-cycles:u,1137344,100.00,,
     0.662071300,2403590,,instructions:u,1137248,100.00,,
     0.663237649,0,,branch-misses:u,1165600,100.00,,
     0.663237649,172,,cache-misses:u,1165760,100.00,,
     0.663237649,1542330,,bus-cycles:u,1165504,100.00,,
     0.663237649,2566740,,instructions:u,1165344,100.00,,
     0.664398880,1,,branch-misses:u,1161824,100.00,,
     0.664398880,40437,,cache-misses:u,1161568,100.00,,
     0.664398880,1537508,,bus-cycles:u,1161760,100.00,,
     0.664398880,2313695,,instructions:u,1161856,100.00,,
     0.665557774,0,,branch-misses:u,1159968,100.00,,
     0.665557774,57227,,cache-misses:u,1160160,100.00,,
     0.665557774,1533348,,bus-cycles:u,1160384,100.00,,
     0.665557774,2215870,,instructions:u,1160480,100.00,,
     0.666723420,0,,branch-misses:u,1171936,100.00,,
     0.666723420,37705,,cache-misses:u,1172928,100.00,,
     0.666723420,1537911,,bus-cycles:u,1174400,100.00,,
     0.666723420,2341500,,instructions:u,1174592,100.00,,
     0.667926689,0,,branch-misses:u,1197056,100.00,,
     0.667926689,240,,cache-misses:u,1196800,100.00,,
     0.667926689,1580998,,bus-cycles:u,1195584,100.00,,
     0.667926689,2629270,,instructions:u,1195296,100.00,,
     0.669091279,1,,branch-misses:u,1164896,100.00,,
     0.669091279,18228,,cache-misses:u,1164192,100.00,,
     0.669091279,1537898,,bus-cycles:u,1163904,100.00,,
     0.669091279,2447115,,instructions:u,1164064,100.00,,
     0.670253885,0,,branch-misses:u,1164224,100.00,,
     0.670253885,56634,,cache-misses:u,1164608,100.00,,
     0.670253885,1522689,,bus-cycles:u,1164576,100.00,,
     0.670253885,2199000,,instructions:u,1164672,100.00,,
     0.671994067,0,,branch-misses:u,1744512,100.00,,
     0.671994067,60339,,cache-misses:u,1745600,100.00,,
     0.671994067,2314141,,bus-cycles:u,1745888,100.00,,
     0.671994067,3501680,,instructions:u,1746496,100.00,,
     0.673177884,0,,branch-misses:u,1179904,100.00,,
     0.673177884,151,,cache-misses:u,1178816,100.00,,
     0.673177884,1558608,,bus-cycles:u,1178432,100.00,,
     0.673177884,2591450,,instructions:u,1177440,100.00,,
     0.674340138,1,,branch-misses:u,1162112,100.00,,
     0.674340138,23082,,cache-misses:u,1161920,100.00,,
     0.674340138,1516332,,bus-cycles:u,1161984,100.00,,
     0.674340138,2381085,,instructions:u,1162176,100.00,,
     0.675500470,0,,branch-misses:u,1160288,100.00,,
     0.675500470,57520,,cache-misses:u,1160096,100.00,,
     0.675500470,1533015,,bus-cycles:u,1159904,100.00,,
     0.675500470,2214147,,instructions:u,1159904,100.00,,
     0.676658403,0,,branch-misses:u,1157760,100.00,,
     0.676658403,55171,,cache-misses:u,1158048,100.00,,
     0.676658403,1529406,,bus-cycles:u,1158016,100.00,,
     0.676658403,2225083,,instructions:u,1157984,100.00,,
     0.677818479,0,,branch-misses:u,1159456,100.00,,
     0.677818479,159,,cache-misses:u,1159296,100.00,,
     0.677818479,1533266,,bus-cycles:u,1159424,100.00,,
     0.677818479,2550488,,instructions:u,1159456,100.00,,
     0.678978331,0,,branch-misses:u,1163008,100.00,,
     0.678978331,187,,cache-misses:u,1164480,100.00,,
     0.678978331,1521508,,bus-cycles:u,1165344,100.00,,
     0.678978331,2532006,,instructions:u,1165408,100.00,,
     0.680152388,1,,branch-misses:u,1172640,100.00,,
     0.680152388,56198,,cache-misses:u,1171520,100.00,,
     0.680152388,1547654,,bus-cycles:u,1170688,100.00,,
     0.680152388,2240431,,instructions:u,1170624,100.00,,
     0.681313072,0,,branch-misses:u,1160480,100.00,,
     0.681313072,56923,,cache-misses:u,1159872,100.00,,
     0.681313072,1532410,,bus-cycles:u,1160160,100.00,,
     0.681313072,2212672,,instructions:u,1160128,100.00,,
     0.682471997,0,,branch-misses:u,1160640,100.00,,
     0.682471997,21841,,cache-misses:u,1161216,100.00,,
     0.682471997,1520067,,bus-cycles:u,1161088,100.00,,
     0.682471997,2400808,,instructions:u,1161408,100.00,,
     0.683637000,0,,branch-misses:u,1163232,100.00,,
     0.683637000,301,,cache-misses:u,1162784,100.00,,
     0.683637000,1536898,,bus-cycles:u,1162656,100.00,,
     0.683637000,2557150,,instructions:u,1162624,100.00,,
     0.684793685,1,,branch-misses:u,1157280,100.00,,
     0.684793685,31179,,cache-misses:u,1157120,100.00,,
     0.684793685,1530159,,bus-cycles:u,1157152,100.00,,
     0.684793685,2354041,,instructions:u,1156960,100.00,,
     0.685951585,0,,branch-misses:u,1158240,100.00,,
     0.685951585,57320,,cache-misses:u,1158176,100.00,,
     0.685951585,1530549,,bus-cycles:u,1158144,100.00,,
     0.685951585,2208934,,instructions:u,1158144,100.00,,
     0.687111246,0,,branch-misses:u,1163616,100.00,,
     0.687111246,47047,,cache-misses:u,1165088,100.00,,
     0.687111246,1520548,,bus-cycles:u,1165184,100.00,,
     0.687111246,2254670,,instructions:u,1165184,100.00,,
     0.688297524,0,,branch-misses:u,1182720,100.00,,
     0.688297524,140,,cache-misses:u,1182208,100.00,,
     0.688297524,1561808,,bus-cycles:u,1182080,100.00,,
     0.688297524,2598390,,instructions:u,1182496,100.00,,
     0.689459488,0,,branch-misses:u,1162752,100.00,,
     0.689459488,7870,,cache-misses:u,1162080,100.00,,
     0.689459488,1535264,,bus-cycles:u,1161952,100.00,,
     0.689459488,2506598,,instructions:u,1161408,100.00,,
     0.690618860,1,,branch-misses:u,1159904,100.00,,
     0.690618860,56540,,cache-misses:u,1160512,100.00,,
     0.690618860,1520850,,bus-cycles:u,1160608,100.00,,
     0.690618860,2192047,,instructions:u,1160896,100.00,,
     0.691780856,0,,branch-misses:u,1160928,100.00,,
     0.691780856,57485,,cache-misses:u,1160320,100.00,,
     0.691780856,1534078,,bus-cycles:u,1160928,100.00,,
     0.691780856,2217730,,instructions:u,1160704,100.00,,
     0.692939460,0,,branch-misses:u,1160000,100.00,,
     0.692939460,13595,,cache-misses:u,1159936,100.00,,
     0.692939460,1531634,,bus-cycles:u,1159328,100.00,,
     0.692939460,2468550,,instructions:u,1159296,100.00,,
     0.694159492,0,,branch-misses:u,1221792,100.00,,
     0.694159492,223,,cache-misses:u,1222368,100.00,,
     0.694159492,1605616,,bus-cycles:u,1222304,100.00,,
     0.694159492,2671247,,instructions:u,1222208,100.00,,
     0.695331374,1,,branch-misses:u,1170656,100.00,,
     0.695331374,43277,,cache-misses:u,1170368,100.00,,
     0.695331374,1547348,,bus-cycles:u,1170368,100.00,,
     0.695331374,2316168,,instructions:u,1170560,100.00,,
     0.696491418,0,,branch-misses:u,1160576,100.00,,
     0.696491418,57586,,cache-misses:u,1160832,100.00,,
     0.696491418,1532628,,bus-cycles:u,1161024,100.00,,
     0.696491418,2216228,,instructions:u,1161536,100.00,,
     0.697650502,0,,branch-misses:u,1159424,100.00,,
     0.697650502,34978,,cache-misses:u,1158912,100.00,,
     0.697650502,1530561,,bus-cycles:u,1158880,100.00,,
     0.697650502,2342428,,instructions:u,1158240,100.00,,
     0.698809459,0,,branch-misses:u,1159168,100.00,,
     0.698809459,151,,cache-misses:u,1159136,100.00,,
     0.698809459,1514675,,bus-cycles:u,1159040,100.00,,
     0.698809459,2517394,,instructions:u,1159136,100.00,,
     0.699969343,1,,branch-misses:u,1160096,100.00,,
     0.699969343,18152,,cache-misses:u,1160000,100.00,,
     0.699969343,1534131,,bus-cycles:u,1159904,100.00,,
     0.699969343,2442755,,instructions:u,1159872,100.00,,
     0.701128747,0,,branch-misses:u,1159616,100.00,,
     0.701128747,57726,,cache-misses:u,1160128,100.00,,
     0.701128747,1533232,,bus-cycles:u,1160640,100.00,,
     0.701128747,2213510,,instructions:u,1160864,100.00,,
     0.702287703,0,,branch-misses:u,1160448,100.00,,
     0.702287703,57132,,cache-misses:u,1160032,100.00,,
     0.702287703,1518767,,bus-cycles:u,1159936,100.00,,
     0.702287703,2191370,,instructions:u,1160224,100.00,,
     0.703454754,0,,branch-misses:u,1165088,100.00,,
     0.703454754,3216,,cache-misses:u,1165120,100.00,,
     0.703454754,1538954,,bus-cycles:u,1164928,100.00,,
     0.703454754,2543680,,instructions:u,1164352,100.00,,
     0.704613295,0,,branch-misses:u,1158944,100.00,,
     0.704613295,223,,cache-misses:u,1159072,100.00,,
     0.704613295,1531954,,bus-cycles:u,1159040,100.00,,
     0.704613295,2548250,,instructions:u,1159328,100.00,,
     0.705777082,1,,branch-misses:u,1164064,100.00,,
     0.705777082,51090,,cache-misses:u,1163904,100.00,,
     0.705777082,1536870,,bus-cycles:u,1163840,100.00,,
     0.705777082,2253315,,instructions:u,1163584,100.00,,
     0.706936134,0,,branch-misses:u,1160128,100.00,,
     0.706936134,57037,,cache-misses:u,1160000,100.00,,
     0.706936134,1520142,,bus-cycles:u,1160000,100.00,,
     0.706936134,2196210,,instructions:u,1159968,100.00,,
     0.708097106,0,,branch-misses:u,1160416,100.00,,
     0.708097106,28706,,cache-misses:u,1160544,100.00,,
     0.708097106,1532199,,bus-cycles:u,1160512,100.00,,
     0.708097106,2376077,,instructions:u,1160544,100.00,,
     0.709255999,0,,branch-misses:u,1158144,100.00,,
     0.709255999,288,,cache-misses:u,1158400,100.00,,
     0.709255999,1530434,,bus-cycles:u,1158144,100.00,,
     0.709255999,2546381,,instructions:u,1158016,100.00,,
     0.710413131,1,,branch-misses:u,1158496,100.00,,
     0.710413131,25280,,cache-misses:u,1158112,100.00,,
     0.710413131,1516806,,bus-cycles:u,1158528,100.00,,
     0.710413131,2371464,,instructions:u,1158816,100.00,,
     0.711574007,0,,branch-misses:u,1161920,100.00,,
     0.711574007,57455,,cache-misses:u,1162112,100.00,,
     0.711574007,1535065,,bus-cycles:u,1161984,100.00,,
     0.711574007,2219271,,instructions:u,1161824,100.00,,
     0.712733956,0,,branch-misses:u,1160000,100.00,,
     0.712733956,52862,,cache-misses:u,1160032,100.00,,
     0.712733956,1533714,,bus-cycles:u,1160064,100.00,,
     0.712733956,2245152,,instructions:u,1160256,100.00,,
     0.713893776,0,,branch-misses:u,1159072,100.00,,
     0.713893776,116,,cache-misses:u,1159104,100.00,,
     0.713893776,1533358,,bus-cycles:u,1159040,100.00,,
     0.713893776,2553010,,instructions:u,1160288,100.00,,
     0.715102130,0,,branch-misses:u,1210624,100.00,,
     0.715102130,3486,,cache-misses:u,1210368,100.00,,
     0.715102130,1589139,,bus-cycles:u,1210592,100.00,,
     0.715102130,2616350,,instructions:u,1209248,100.00,,
     0.716265309,1,,branch-misses:u,1161440,100.00,,
     0.716265309,57049,,cache-misses:u,1161952,100.00,,
     0.716265309,1537079,,bus-cycles:u,1162304,100.00,,
     0.716265309,2220835,,instructions:u,1162304,100.00,,
     0.717423914,0,,branch-misses:u,1159712,100.00,,
     0.717423914,57249,,cache-misses:u,1159584,100.00,,
     0.717423914,1532882,,bus-cycles:u,1159360,100.00,,
     0.717423914,2215600,,instructions:u,1159616,100.00,,
     0.718589525,0,,branch-misses:u,1167616,100.00,,
     0.718589525,17486,,cache-misses:u,1168256,100.00,,
     0.718589525,1528009,,bus-cycles:u,1168352,100.00,,
     0.718589525,2440470,,instructions:u,1168768,100.00,,
     0.719773116,0,,branch-misses:u,1183296,100.00,,
     0.719773116,151,,cache-misses:u,1182784,100.00,,
     0.719773116,1560769,,bus-cycles:u,1182496,100.00,,
     0.719773116,2596560,,instructions:u,1181792,100.00,,
     0.720941542,1,,branch-misses:u,1168416,100.00,,
     0.720941542,37479,,cache-misses:u,1168864,100.00,,
     0.720941542,1544380,,bus-cycles:u,1169248,100.00,,
     0.720941542,2343955,,instructions:u,1169504,100.00,,
     0.722107441,0,,branch-misses:u,1164896,100.00,,
     0.722107441,56909,,cache-misses:u,1163968,100.00,,
     0.722107441,1524622,,bus-cycles:u,1163584,100.00,,
     0.722107441,2197080,,instructions:u,1163456,100.00,,
     0.723273340,0,,branch-misses:u,1166784,100.00,,
     0.723273340,40738,,cache-misses:u,1167392,100.00,,
     0.723273340,1541724,,bus-cycles:u,1167392,100.00,,
     0.723273340,2327710,,instructions:u,1167200,100.00,,
     0.724438919,0,,branch-misses:u,1164672,100.00,,
     0.724438919,163,,cache-misses:u,1163968,100.00,,
     0.724438919,1540957,,bus-cycles:u,1163744,100.00,,
     0.724438919,2561180,,instructions:u,1163424,100.00,,
     0.725601363,0,,branch-misses:u,1163040,100.00,,
     0.725601363,13850,,cache-misses:u,1163648,100.00,,
     0.725601363,1539016,,bus-cycles:u,1163552,100.00,,
     0.725601363,2474548,,instructions:u,1163616,100.00,,
     0.726764510,1,,branch-misses:u,1165568,100.00,,
     0.726764510,56720,,cache-misses:u,1165632,100.00,,
     0.726764510,1524034,,bus-cycles:u,1166016,100.00,,
     0.726764510,2198807,,instructions:u,1167072,100.00,,
     0.727933001,0,,branch-misses:u,1167424,100.00,,
     0.727933001,57591,,cache-misses:u,1167008,100.00,,
     0.727933001,1541834,,bus-cycles:u,1167392,100.00,,
     0.727933001,2225750,,instructions:u,1166784,100.00,,
     0.729098996,0,,branch-misses:u,1165888,100.00,,
     0.729098996,7281,,cache-misses:u,1165888,100.00,,
     0.729098996,1542302,,bus-cycles:u,1165312,100.00,,
     0.729098996,2524160,,instructions:u,1165568,100.00,,
     0.730261247,0,,branch-misses:u,1162240,100.00,,
     0.730261247,330,,cache-misses:u,1162368,100.00,,
     0.730261247,1522691,,bus-cycles:u,1162400,100.00,,
     0.730261247,2529490,,instructions:u,1162080,100.00,,
     0.731427178,1,,branch-misses:u,1165056,100.00,,
     0.731427178,46513,,cache-misses:u,1166368,100.00,,
     0.731427178,1541415,,bus-cycles:u,1166400,100.00,,
     0.731427178,2282625,,instructions:u,1166464,100.00,,
     0.732596916,0,,branch-misses:u,1170656,100.00,,
     0.732596916,57875,,cache-misses:u,1169632,100.00,,
     0.732596916,1547093,,bus-cycles:u,1169568,100.00,,
     0.732596916,2235187,,instructions:u,1169472,100.00,,
     0.733806678,0,,branch-misses:u,1211232,100.00,,
     0.733806678,30744,,cache-misses:u,1211744,100.00,,
     0.733806678,1603936,,bus-cycles:u,1212416,100.00,,
     0.733806678,2488883,,instructions:u,1213568,100.00,,
     0.735035732,0,,branch-misses:u,1230208,100.00,,
     0.735035732,206,,cache-misses:u,1230208,100.00,,
     0.735035732,1612163,,bus-cycles:u,1230240,100.00,,
     0.735035732,2681320,,instructions:u,1229824,100.00,,
     0.736264721,11,,branch-misses:u,1230112,100.00,,
     0.736264721,16465,,cache-misses:u,1230848,100.00,,
     0.736264721,1216054,,bus-cycles:u,1230784,100.00,,
     0.736264721,1897203,,instructions:u,1230592,100.00,,
     0.736922023,92,,branch-misses:u,547712,100.00,,
     0.736922023,83,,cache-misses:u,540256,100.00,,
     0.736922023,29812,,bus-cycles:u,534528,100.00,,
     0.736922023,1254,,instructions:u,528832,100.00,,
