     0.001080125,822,,branch-misses:u,514912,100.00,,
     0.001080125,302,,cache-misses:u,520192,100.00,,
     0.001080125,61627,,bus-cycles:u,523776,100.00,,
     0.001080125,32554,,instructions:u,527104,100.00,,
     0.002459739,1439,,branch-misses:u,1375840,100.00,,
     0.002459739,28873,,cache-misses:u,1377248,100.00,,
     0.002459739,895176,,bus-cycles:u,1377344,100.00,,
     0.002459739,1099253,,instructions:u,1377088,100.00,,
     0.003991865,2,,branch-misses:u,1531072,100.00,,
     0.003991865,8923,,cache-misses:u,1529984,100.00,,
     0.003991865,1182286,,bus-cycles:u,1529920,100.00,,
     0.003991865,1884944,,instructions:u,1530752,100.00,,
     0.005187134,0,,branch-misses:u,1192448,100.00,,
     0.005187134,551,,cache-misses:u,1191232,100.00,,
     0.005187134,1579377,,bus-cycles:u,1190464,100.00,,
     0.005187134,2623490,,instructions:u,1189504,100.00,,
     0.006650474,0,,branch-misses:u,1463040,100.00,,
     0.006650474,29552,,cache-misses:u,1463008,100.00,,
     0.006650474,1422752,,bus-cycles:u,1464512,100.00,,
     0.006650474,2106860,,instructions:u,1465408,100.00,,
     0.007826419,0,,branch-misses:u,1175616,100.00,,
     0.007826419,33207,,cache-misses:u,1175904,100.00,,
     0.007826419,912120,,bus-cycles:u,1174624,100.00,,
     0.007826419,1226810,,instructions:u,1174272,100.00,,
     0.009314267,0,,branch-misses:u,1489952,100.00,,
     0.009314267,43143,,cache-misses:u,1489376,100.00,,
     0.009314267,1188519,,bus-cycles:u,1488896,100.00,,
     0.009314267,1596120,,instructions:u,1489024,100.00,,
     0.010480997,6,,branch-misses:u,1165120,100.00,,
     0.010480997,34657,,cache-misses:u,1165088,100.00,,
     0.010480997,1535147,,bus-cycles:u,1166240,100.00,,
     0.010480997,2318395,,instructions:u,1165952,100.00,,
     0.011646416,0,,branch-misses:u,1165632,100.00,,
     0.011646416,972,,cache-misses:u,1166272,100.00,,
     0.011646416,1505660,,bus-cycles:u,1166176,100.00,,
     0.011646416,2490944,,instructions:u,1166208,100.00,,
     0.012812827,1,,branch-misses:u,1166080,100.00,,
     0.012812827,17158,,cache-misses:u,1164928,100.00,,
     0.012812827,1545339,,bus-cycles:u,1164000,100.00,,
     0.012812827,2447946,,instructions:u,1163232,100.00,,
     0.013968712,0,,branch-misses:u,1154912,100.00,,
     0.013968712,56638,,cache-misses:u,1154432,100.00,,
     0.013968712,1534436,,bus-cycles:u,1154336,100.00,,
     0.013968712,2214740,,instructions:u,1154400,100.00,,
     0.015121366,3,,branch-misses:u,1154080,100.00,,
     0.015121366,56825,,cache-misses:u,1171872,100.00,,
     0.015121366,1540380,,bus-cycles:u,1172160,100.00,,
     0.015121366,2230845,,instructions:u,1172128,100.00,,
     0.016297375,0,,branch-misses:u,1175104,100.00,,
     0.016297375,4286,,cache-misses:u,1157120,100.00,,
     0.016297375,1537867,,bus-cycles:u,1156800,100.00,,
     0.016297375,2530020,,instructions:u,1156768,100.00,,
     0.017449453,0,,branch-misses:u,1153664,100.00,,
     0.017449453,1184,,cache-misses:u,1154176,100.00,,
     0.017449453,1532931,,bus-cycles:u,1154208,100.00,,
     0.017449453,2539670,,instructions:u,1154176,100.00,,
     0.018602362,0,,branch-misses:u,1152032,100.00,,
     0.018602362,49868,,cache-misses:u,1152160,100.00,,
     0.018602362,1530700,,bus-cycles:u,1152576,100.00,,
     0.018602362,2253350,,instructions:u,1152576,100.00,,
     0.019760135,2,,branch-misses:u,1160128,100.00,,
     0.019760135,56622,,cache-misses:u,1160512,100.00,,
     0.019760135,1527874,,bus-cycles:u,1160320,100.00,,
     0.019760135,2214145,,instructions:u,1161216,100.00,,
     0.020935152,0,,branch-misses:u,1174848,100.00,,
     0.020935152,28501,,cache-misses:u,1175168,100.00,,
     0.020935152,1559361,,bus-cycles:u,1174976,100.00,,
     0.020935152,2434640,,instructions:u,1174048,100.00,,
     0.022093916,0,,branch-misses:u,1157856,100.00,,
     0.022093916,803,,cache-misses:u,1157408,100.00,,
     0.022093916,1535930,,bus-cycles:u,1157216,100.00,,
     0.022093916,2548000,,instructions:u,1157280,100.00,,
     0.023275140,0,,branch-misses:u,1196128,100.00,,
     0.023275140,28983,,cache-misses:u,1197600,100.00,,
     0.023275140,1577503,,bus-cycles:u,1199072,100.00,,
     0.023275140,2459210,,instructions:u,1201120,100.00,,
     0.024594255,0,,branch-misses:u,1308224,100.00,,
     0.024594255,64518,,cache-misses:u,1307968,100.00,,
     0.024594255,1733574,,bus-cycles:u,1307168,100.00,,
     0.024594255,2501870,,instructions:u,1305568,100.00,,
     0.025773751,2,,branch-misses:u,1176928,100.00,,
     0.025773751,42091,,cache-misses:u,1176576,100.00,,
     0.025773751,1560143,,bus-cycles:u,1176352,100.00,,
     0.025773751,2352895,,instructions:u,1176384,100.00,,
     0.026933027,0,,branch-misses:u,1158752,100.00,,
     0.026933027,651,,cache-misses:u,1157376,100.00,,
     0.026933027,1534986,,bus-cycles:u,1157120,100.00,,
     0.026933027,2533040,,instructions:u,1157408,100.00,,
     0.028089424,0,,branch-misses:u,1159008,100.00,,
     0.028089424,6266,,cache-misses:u,1161536,100.00,,
     0.028089424,1362897,,bus-cycles:u,1161600,100.00,,
     0.028089424,2197738,,instructions:u,1161856,100.00,,
     0.029287348,0,,branch-misses:u,1196704,100.00,,
     0.029287348,58672,,cache-misses:u,1194112,100.00,,
     0.029287348,1584455,,bus-cycles:u,1194048,100.00,,
     0.029287348,2289962,,instructions:u,1192992,100.00,,
     0.030448288,4,,branch-misses:u,1160224,100.00,,
     0.030448288,57541,,cache-misses:u,1160224,100.00,,
     0.030448288,1540361,,bus-cycles:u,1160288,100.00,,
     0.030448288,2233413,,instructions:u,1160320,100.00,,
     0.031604781,0,,branch-misses:u,1121696,100.00,,
     0.031604781,13666,,cache-misses:u,1125120,100.00,,
     0.031604781,1422858,,bus-cycles:u,1126176,100.00,,
     0.031604781,2285912,,instructions:u,1126272,100.00,,
     0.032815791,0,,branch-misses:u,1206912,100.00,,
     0.032815791,585,,cache-misses:u,1204736,100.00,,
     0.032815791,1598037,,bus-cycles:u,1203520,100.00,,
     0.032815791,2648740,,instructions:u,1203328,100.00,,
     0.034029551,0,,branch-misses:u,1213920,100.00,,
     0.034029551,41962,,cache-misses:u,1214144,100.00,,
     0.034029551,1610952,,bus-cycles:u,1214208,100.00,,
     0.034029551,2430690,,instructions:u,1214240,100.00,,
     0.035161793,0,,branch-misses:u,1132736,100.00,,
     0.035161793,55019,,cache-misses:u,1132160,100.00,,
     0.035161793,1481089,,bus-cycles:u,1132192,100.00,,
     0.035161793,2141498,,instructions:u,1132544,100.00,,
     0.036326445,3,,branch-misses:u,1164640,100.00,,
     0.036326445,38104,,cache-misses:u,1163360,100.00,,
     0.036326445,1544724,,bus-cycles:u,1163328,100.00,,
     0.036326445,2342967,,instructions:u,1162944,100.00,,
     0.037595426,0,,branch-misses:u,1275744,100.00,,
     0.037595426,1079,,cache-misses:u,1278880,100.00,,
     0.037595426,1698564,,bus-cycles:u,1279616,100.00,,
     0.037595426,2816740,,instructions:u,1280608,100.00,,
     0.038803652,0,,branch-misses:u,1202528,100.00,,
     0.038803652,24440,,cache-misses:u,1200128,100.00,,
     0.038803652,1591699,,bus-cycles:u,1200000,100.00,,
     0.038803652,2501720,,instructions:u,1199680,100.00,,
     0.039959921,0,,branch-misses:u,1155968,100.00,,
     0.039959921,56258,,cache-misses:u,1156064,100.00,,
     0.039959921,1512788,,bus-cycles:u,1155392,100.00,,
     0.039959921,2190102,,instructions:u,1154816,100.00,,
     0.041121405,2,,branch-misses:u,1161504,100.00,,
     0.041121405,54512,,cache-misses:u,1161152,100.00,,
     0.041121405,1541371,,bus-cycles:u,1161120,100.00,,
     0.041121405,2253283,,instructions:u,1161600,100.00,,
     0.042275242,0,,branch-misses:u,1153248,100.00,,
     0.042275242,861,,cache-misses:u,1153280,100.00,,
     0.042275242,1531759,,bus-cycles:u,1153280,100.00,,
     0.042275242,2537710,,instructions:u,1152768,100.00,,
     0.043424729,0,,branch-misses:u,1107520,100.00,,
     0.043424729,811,,cache-misses:u,1113824,100.00,,
     0.043424729,1273029,,bus-cycles:u,1117760,100.00,,
     0.043424729,2097680,,instructions:u,1121856,100.00,,
     0.044599714,0,,branch-misses:u,1173152,100.00,,
     0.044599714,20975,,cache-misses:u,1170304,100.00,,
     0.044599714,840903,,bus-cycles:u,1169248,100.00,,
     0.044599714,1281578,,instructions:u,1167968,100.00,,
     0.045832574,0,,branch-misses:u,1233568,100.00,,
     0.045832574,33717,,cache-misses:u,1233248,100.00,,
     0.045832574,890205,,bus-cycles:u,1233472,100.00,,
     0.045832574,1295522,,instructions:u,1233600,100.00,,
     0.046997801,0,,branch-misses:u,1164576,100.00,,
     0.046997801,31702,,cache-misses:u,1164512,100.00,,
     0.046997801,839396,,bus-cycles:u,1164640,100.00,,
     0.046997801,1221420,,instructions:u,1164896,100.00,,
     0.048159349,3,,branch-misses:u,697056,100.00,,
     0.048159349,28369,,cache-misses:u,697440,100.00,,
     0.048159349,770409,,bus-cycles:u,697024,100.00,,
     0.048159349,1112765,,instructions:u,696512,100.00,,
     0.049327104,0,,branch-misses:u,1166848,100.00,,
     0.049327104,21381,,cache-misses:u,1165984,100.00,,
     0.049327104,1540339,,bus-cycles:u,1166144,100.00,,
     0.049327104,2438070,,instructions:u,1166304,100.00,,
     0.050488940,0,,branch-misses:u,1161696,100.00,,
     0.050488940,1234,,cache-misses:u,1161024,100.00,,
     0.050488940,1533186,,bus-cycles:u,1161152,100.00,,
     0.050488940,2520260,,instructions:u,1161376,100.00,,
     0.051652599,0,,branch-misses:u,1165376,100.00,,
     0.051652599,32433,,cache-misses:u,1168032,100.00,,
     0.051652599,1520308,,bus-cycles:u,1167968,100.00,,
     0.051652599,2350000,,instructions:u,1167648,100.00,,
     0.052825121,0,,branch-misses:u,1171136,100.00,,
     0.052825121,57976,,cache-misses:u,1168064,100.00,,
     0.052825121,1544868,,bus-cycles:u,1167552,100.00,,
     0.052825121,2255580,,instructions:u,1167200,100.00,,
     0.053982381,1,,branch-misses:u,1157632,100.00,,
     0.053982381,44904,,cache-misses:u,1158368,100.00,,
     0.053982381,1530860,,bus-cycles:u,1158208,100.00,,
     0.053982381,2305448,,instructions:u,1158304,100.00,,
     0.055154711,0,,branch-misses:u,1173824,100.00,,
     0.055154711,739,,cache-misses:u,1173760,100.00,,
     0.055154711,1519423,,bus-cycles:u,1173920,100.00,,
     0.055154711,2523247,,instructions:u,1174368,100.00,,
     0.056324065,0,,branch-misses:u,1169024,100.00,,
     0.056324065,9946,,cache-misses:u,1169152,100.00,,
     0.056324065,1545123,,bus-cycles:u,1169312,100.00,,
     0.056324065,2517388,,instructions:u,1168736,100.00,,
     0.057486925,0,,branch-misses:u,1162784,100.00,,
     0.057486925,58692,,cache-misses:u,1162112,100.00,,
     0.057486925,1536237,,bus-cycles:u,1162272,100.00,,
     0.057486925,2240982,,instructions:u,1162912,100.00,,
     0.058647353,1,,branch-misses:u,1159936,100.00,,
     0.058647353,58499,,cache-misses:u,1160448,100.00,,
     0.058647353,1532775,,bus-cycles:u,1160128,100.00,,
     0.058647353,2235275,,instructions:u,1159520,100.00,,
     0.059808677,0,,branch-misses:u,1163232,100.00,,
     0.059808677,10995,,cache-misses:u,1164320,100.00,,
     0.059808677,1517862,,bus-cycles:u,1164640,100.00,,
     0.059808677,2467960,,instructions:u,1165504,100.00,,
     0.060977039,0,,branch-misses:u,1166592,100.00,,
     0.060977039,989,,cache-misses:u,1166144,100.00,,
     0.060977039,1541128,,bus-cycles:u,1165696,100.00,,
     0.060977039,2560084,,instructions:u,1164960,100.00,,
     0.062138523,0,,branch-misses:u,1163744,100.00,,
     0.062138523,45397,,cache-misses:u,1162848,100.00,,
     0.062138523,1539458,,bus-cycles:u,1162592,100.00,,
     0.062138523,2313396,,instructions:u,1162464,100.00,,
     0.063304422,1,,branch-misses:u,1167968,100.00,,
     0.063304422,58415,,cache-misses:u,1168928,100.00,,
     0.063304422,1532449,,bus-cycles:u,1169728,100.00,,
     0.063304422,2228323,,instructions:u,1170016,100.00,,
     0.064491116,0,,branch-misses:u,1185312,100.00,,
     0.064491116,34932,,cache-misses:u,1185184,100.00,,
     0.064491116,1567012,,bus-cycles:u,1184608,100.00,,
     0.064491116,2418682,,instructions:u,1184192,100.00,,
     0.065667157,0,,branch-misses:u,1176224,100.00,,
     0.065667157,1079,,cache-misses:u,1175840,100.00,,
     0.065667157,1556490,,bus-cycles:u,1175904,100.00,,
     0.065667157,2583450,,instructions:u,1176288,100.00,,
     0.066837823,0,,branch-misses:u,1170080,100.00,,
     0.066837823,23951,,cache-misses:u,1170112,100.00,,
     0.066837823,1547065,,bus-cycles:u,1170368,100.00,,
     0.066837823,2438768,,instructions:u,1170496,100.00,,
     0.068113875,0,,branch-misses:u,1281792,100.00,,
     0.068113875,65150,,cache-misses:u,1283552,100.00,,
     0.068113875,1688271,,bus-cycles:u,1283392,100.00,,
     0.068113875,2450692,,instructions:u,1283936,100.00,,
     0.069302009,1,,branch-misses:u,1185696,100.00,,
     0.069302009,50146,,cache-misses:u,1184256,100.00,,
     0.069302009,1565971,,bus-cycles:u,1184448,100.00,,
     0.069302009,2326555,,instructions:u,1183680,100.00,,
     0.070476194,0,,branch-misses:u,940896,100.00,,
     0.070476194,701,,cache-misses:u,934912,100.00,,
     0.070476194,1226464,,bus-cycles:u,929664,100.00,,
     0.070476194,2033380,,instructions:u,924544,100.00,,
     0.071632111,0,,branch-misses:u,457184,100.00,,
     0.071632111,226,,cache-misses:u,465312,100.00,,
     0.071632111,322167,,bus-cycles:u,471744,100.00,,
     0.071632111,517100,,instructions:u,477760,100.00,,
     0.072818454,0,,branch-misses:u,1165536,100.00,,
     0.072818454,561,,cache-misses:u,1165056,100.00,,
     0.072818454,823229,,bus-cycles:u,1164256,100.00,,
     0.072818454,1366553,,instructions:u,1163968,100.00,,
     0.073999070,0,,branch-misses:u,1180960,100.00,,
     0.073999070,12016,,cache-misses:u,1179968,100.00,,
     0.073999070,850815,,bus-cycles:u,1179808,100.00,,
     0.073999070,1349467,,instructions:u,1180704,100.00,,
     0.075535483,0,,branch-misses:u,1538176,100.00,,
     0.075535483,47287,,cache-misses:u,1540704,100.00,,
     0.075535483,1238100,,bus-cycles:u,1543008,100.00,,
     0.075535483,1801612,,instructions:u,1543200,100.00,,
     0.077321539,3,,branch-misses:u,1767648,100.00,,
     0.077321539,78166,,cache-misses:u,1766560,100.00,,
     0.077321539,2343039,,bus-cycles:u,1766080,100.00,,
     0.077321539,3456583,,instructions:u,1766048,100.00,,
     0.078580635,0,,branch-misses:u,1255840,100.00,,
     0.078580635,904,,cache-misses:u,1254816,100.00,,
     0.078580635,1660710,,bus-cycles:u,1253632,100.00,,
     0.078580635,2754300,,instructions:u,1252768,100.00,,
     0.079808665,0,,branch-misses:u,1231104,100.00,,
     0.079808665,14541,,cache-misses:u,1230816,100.00,,
     0.079808665,1599843,,bus-cycles:u,1230752,100.00,,
     0.079808665,2569940,,instructions:u,1230016,100.00,,
     0.081004125,0,,branch-misses:u,1191328,100.00,,
     0.081004125,60144,,cache-misses:u,1190368,100.00,,
     0.081004125,1575720,,bus-cycles:u,1189504,100.00,,
     0.081004125,2287110,,instructions:u,1189536,100.00,,
     0.082182022,1,,branch-misses:u,1178880,100.00,,
     0.082182022,58982,,cache-misses:u,1179008,100.00,,
     0.082182022,1560397,,bus-cycles:u,1178784,100.00,,
     0.082182022,2251262,,instructions:u,1178880,100.00,,
     0.083402341,0,,branch-misses:u,1228736,100.00,,
     0.083402341,4987,,cache-misses:u,1230848,100.00,,
     0.083402341,1600517,,bus-cycles:u,1232128,100.00,,
     0.083402341,2636353,,instructions:u,1233600,100.00,,
     0.084660957,0,,branch-misses:u,1252384,100.00,,
     0.084660957,1234,,cache-misses:u,1251392,100.00,,
     0.084660957,1655387,,bus-cycles:u,1250496,100.00,,
     0.084660957,2745130,,instructions:u,1249408,100.00,,
     0.085841285,0,,branch-misses:u,1180640,100.00,,
     0.085841285,59131,,cache-misses:u,1179872,100.00,,
     0.085841285,1559480,,bus-cycles:u,1179904,100.00,,
     0.085841285,2264780,,instructions:u,1179392,100.00,,
     0.087015054,1,,branch-misses:u,1173152,100.00,,
     0.087015054,58784,,cache-misses:u,1171968,100.00,,
     0.087015054,1550598,,bus-cycles:u,1172832,100.00,,
     0.087015054,2251905,,instructions:u,1172704,100.00,,
     0.088211570,0,,branch-misses:u,1026432,100.00,,
     0.088211570,20231,,cache-misses:u,1021312,100.00,,
     0.088211570,1274013,,bus-cycles:u,1015072,100.00,,
     0.088211570,2002870,,instructions:u,1010016,100.00,,
     0.089372158,0,,branch-misses:u,1004992,100.00,,
     0.089372158,907,,cache-misses:u,1011744,100.00,,
     0.089372158,1335193,,bus-cycles:u,1016832,100.00,,
     0.089372158,2216240,,instructions:u,1021920,100.00,,
     0.090615481,0,,branch-misses:u,1242944,100.00,,
     0.090615481,22788,,cache-misses:u,1242240,100.00,,
     0.090615481,1644981,,bus-cycles:u,1242528,100.00,,
     0.090615481,2608640,,instructions:u,1243072,100.00,,
     0.091784387,0,,branch-misses:u,1170176,100.00,,
     0.091784387,58423,,cache-misses:u,1170048,100.00,,
     0.091784387,1508166,,bus-cycles:u,1169824,100.00,,
     0.091784387,2186618,,instructions:u,1169120,100.00,,
     0.092955245,1,,branch-misses:u,1169248,100.00,,
     0.092955245,59241,,cache-misses:u,1168768,100.00,,
     0.092955245,1545874,,bus-cycles:u,1168608,100.00,,
     0.092955245,2247207,,instructions:u,1168672,100.00,,
     0.094116249,0,,branch-misses:u,1161728,100.00,,
     0.094116249,880,,cache-misses:u,1162464,100.00,,
     0.094116249,1537648,,bus-cycles:u,1162432,100.00,,
     0.094116249,2555713,,instructions:u,1162496,100.00,,
     0.095347414,0,,branch-misses:u,1233248,100.00,,
     0.095347414,1698,,cache-misses:u,1234080,100.00,,
     0.095347414,1611177,,bus-cycles:u,1234560,100.00,,
     0.095347414,2673977,,instructions:u,1235520,100.00,,
     0.096543739,0,,branch-misses:u,1195392,100.00,,
     0.096543739,61844,,cache-misses:u,1194208,100.00,,
     0.096543739,1577732,,bus-cycles:u,1193760,100.00,,
     0.096543739,2286880,,instructions:u,1192704,100.00,,
     0.097712005,1,,branch-misses:u,1167232,100.00,,
     0.097712005,60137,,cache-misses:u,1166784,100.00,,
     0.097712005,1543063,,bus-cycles:u,1166848,100.00,,
     0.097712005,2238915,,instructions:u,1166912,100.00,,
     0.098870642,0,,branch-misses:u,1159328,100.00,,
     0.098870642,19613,,cache-misses:u,1160096,100.00,,
     0.098870642,1533798,,bus-cycles:u,1159904,100.00,,
     0.098870642,2447050,,instructions:u,1159968,100.00,,
     0.100030878,0,,branch-misses:u,1162080,100.00,,
     0.100030878,689,,cache-misses:u,1162336,100.00,,
     0.100030878,1497061,,bus-cycles:u,1163264,100.00,,
     0.100030878,2487280,,instructions:u,1163232,100.00,,
     0.101198569,0,,branch-misses:u,1166720,100.00,,
     0.101198569,36575,,cache-misses:u,1165760,100.00,,
     0.101198569,1540275,,bus-cycles:u,1164864,100.00,,
     0.101198569,2366050,,instructions:u,1165184,100.00,,
     0.102358389,0,,branch-misses:u,1159712,100.00,,
     0.102358389,60000,,cache-misses:u,1159712,100.00,,
     0.102358389,1534330,,bus-cycles:u,1159744,100.00,,
     0.102358389,2226430,,instructions:u,1159392,100.00,,
     0.103517697,1,,branch-misses:u,1160864,100.00,,
     0.103517697,44795,,cache-misses:u,1161408,100.00,,
     0.103517697,1510545,,bus-cycles:u,1161600,100.00,,
     0.103517697,2270305,,instructions:u,1161696,100.00,,
     0.104686283,0,,branch-misses:u,1167232,100.00,,
     0.104686283,1017,,cache-misses:u,1166752,100.00,,
     0.104686283,1542416,,bus-cycles:u,1166368,100.00,,
     0.104686283,2563490,,instructions:u,1166304,100.00,,
     0.105847639,0,,branch-misses:u,853184,100.00,,
     0.105847639,634,,cache-misses:u,854272,100.00,,
     0.105847639,1072284,,bus-cycles:u,854400,100.00,,
     0.105847639,1778190,,instructions:u,855072,100.00,,
     0.107016482,0,,branch-misses:u,1169088,100.00,,
     0.107016482,52926,,cache-misses:u,1168544,100.00,,
     0.107016482,1546381,,bus-cycles:u,1168800,100.00,,
     0.107016482,2279200,,instructions:u,1168480,100.00,,
     0.108182061,1,,branch-misses:u,1166432,100.00,,
     0.108182061,58201,,cache-misses:u,1166272,100.00,,
     0.108182061,1507296,,bus-cycles:u,1166720,100.00,,
     0.108182061,2184905,,instructions:u,1166432,100.00,,
     0.109354166,0,,branch-misses:u,1172608,100.00,,
     0.109354166,28883,,cache-misses:u,1172416,100.00,,
     0.109354166,1548959,,bus-cycles:u,1171776,100.00,,
     0.109354166,2421120,,instructions:u,1171744,100.00,,
     0.110516930,0,,branch-misses:u,1162304,100.00,,
     0.110516930,976,,cache-misses:u,1162272,100.00,,
     0.110516930,1537513,,bus-cycles:u,1162368,100.00,,
     0.110516930,2553860,,instructions:u,1162304,100.00,,
     0.111681741,0,,branch-misses:u,1165856,100.00,,
     0.111681741,28109,,cache-misses:u,1165536,100.00,,
     0.111681741,1518992,,bus-cycles:u,1165440,100.00,,
     0.111681741,2375844,,instructions:u,1165856,100.00,,
     0.112919305,0,,branch-misses:u,1237888,100.00,,
     0.112919305,63615,,cache-misses:u,1238816,100.00,,
     0.112919305,1639045,,bus-cycles:u,1239200,100.00,,
     0.112919305,2382616,,instructions:u,1238656,100.00,,
     0.114084660,1,,branch-misses:u,1165280,100.00,,
     0.114084660,48521,,cache-misses:u,1164544,100.00,,
     0.114084660,1539893,,bus-cycles:u,1164640,100.00,,
     0.114084660,2295715,,instructions:u,1165024,100.00,,
     0.115246944,0,,branch-misses:u,1162656,100.00,,
     0.115246944,997,,cache-misses:u,1163136,100.00,,
     0.115246944,1512723,,bus-cycles:u,1162752,100.00,,
     0.115246944,2511880,,instructions:u,1162592,100.00,,
     0.116415210,0,,branch-misses:u,1167584,100.00,,
     0.116415210,8106,,cache-misses:u,1167552,100.00,,
     0.116415210,1543508,,bus-cycles:u,1167520,100.00,,
     0.116415210,2524640,,instructions:u,1167680,100.00,,
     0.117574678,0,,branch-misses:u,1158976,100.00,,
     0.117574678,59852,,cache-misses:u,1158304,100.00,,
     0.117574678,1532617,,bus-cycles:u,1158368,100.00,,
     0.117574678,2221280,,instructions:u,1157984,100.00,,
     0.118732387,1,,branch-misses:u,1158048,100.00,,
     0.118732387,59303,,cache-misses:u,1158560,100.00,,
     0.118732387,1531630,,bus-cycles:u,1158400,100.00,,
     0.118732387,2224025,,instructions:u,1158464,100.00,,
     0.119893807,0,,branch-misses:u,1162944,100.00,,
     0.119893807,14650,,cache-misses:u,1162688,100.00,,
     0.119893807,1515699,,bus-cycles:u,1163264,100.00,,
     0.119893807,2444090,,instructions:u,1163136,100.00,,
     0.121058330,0,,branch-misses:u,1164896,100.00,,
     0.121058330,714,,cache-misses:u,1164768,100.00,,
     0.121058330,1540625,,bus-cycles:u,1164352,100.00,,
     0.121058330,2560462,,instructions:u,1164512,100.00,,
     0.122218758,0,,branch-misses:u,1160224,100.00,,
     0.122218758,42046,,cache-misses:u,1160160,100.00,,
     0.122218758,1533310,,bus-cycles:u,1160032,100.00,,
     0.122218758,2322858,,instructions:u,1160032,100.00,,
     0.123379186,0,,branch-misses:u,1161184,100.00,,
     0.123379186,59157,,cache-misses:u,1160960,100.00,,
     0.123379186,1516159,,bus-cycles:u,1161568,100.00,,
     0.123379186,2196030,,instructions:u,1161600,100.00,,
     0.124546909,1,,branch-misses:u,855744,100.00,,
     0.124546909,40014,,cache-misses:u,857408,100.00,,
     0.124546909,1075705,,bus-cycles:u,857248,100.00,,
     0.124546909,1569145,,instructions:u,857632,100.00,,
     0.125716583,0,,branch-misses:u,1168672,100.00,,
     0.125716583,1049,,cache-misses:u,1167456,100.00,,
     0.125716583,1539781,,bus-cycles:u,1167008,100.00,,
     0.125716583,2557480,,instructions:u,1166592,100.00,,
     0.126877907,0,,branch-misses:u,1161280,100.00,,
     0.126877907,1218,,cache-misses:u,1161216,100.00,,
     0.126877907,1534509,,bus-cycles:u,1161280,100.00,,
     0.126877907,2548430,,instructions:u,1161216,100.00,,
     0.128040926,0,,branch-misses:u,1165536,100.00,,
     0.128040926,57210,,cache-misses:u,1166112,100.00,,
     0.128040926,1508151,,bus-cycles:u,1166048,100.00,,
     0.128040926,2196490,,instructions:u,1165856,100.00,,
     0.129217287,1,,branch-misses:u,1175648,100.00,,
     0.129217287,60581,,cache-misses:u,1175008,100.00,,
     0.129217287,1552874,,bus-cycles:u,1175008,100.00,,
     0.129217287,2250972,,instructions:u,1175200,100.00,,
     0.130379283,0,,branch-misses:u,1161216,100.00,,
     0.130379283,23744,,cache-misses:u,1161984,100.00,,
     0.130379283,1537212,,bus-cycles:u,1162176,100.00,,
     0.130379283,2431793,,instructions:u,1162400,100.00,,
     0.131542814,0,,branch-misses:u,1164672,100.00,,
     0.131542814,1156,,cache-misses:u,1163584,100.00,,
     0.131542814,1512737,,bus-cycles:u,1163520,100.00,,
     0.131542814,2508430,,instructions:u,1163136,100.00,,
     0.132711465,0,,branch-misses:u,1167904,100.00,,
     0.132711465,33134,,cache-misses:u,1168448,100.00,,
     0.132711465,1545813,,bus-cycles:u,1168256,100.00,,
     0.132711465,2388890,,instructions:u,1168384,100.00,,
     0.133935943,0,,branch-misses:u,1225952,100.00,,
     0.133935943,63643,,cache-misses:u,1225792,100.00,,
     0.133935943,1623970,,bus-cycles:u,1226048,100.00,,
     0.133935943,2355692,,instructions:u,1226368,100.00,,
     0.135108113,1,,branch-misses:u,1172000,100.00,,
     0.135108113,44715,,cache-misses:u,1171904,100.00,,
     0.135108113,1548024,,bus-cycles:u,1171904,100.00,,
     0.135108113,2324953,,instructions:u,1185600,100.00,,
     0.136291224,0,,branch-misses:u,1183584,100.00,,
     0.136291224,1378,,cache-misses:u,1183712,100.00,,
     0.136291224,1538423,,bus-cycles:u,1183616,100.00,,
     0.136291224,2560330,,instructions:u,1169600,100.00,,
     0.137453540,0,,branch-misses:u,1162496,100.00,,
     0.137453540,13242,,cache-misses:u,1161984,100.00,,
     0.137453540,1535411,,bus-cycles:u,1162208,100.00,,
     0.137453540,2482938,,instructions:u,1162432,100.00,,
     0.138615344,0,,branch-misses:u,1162016,100.00,,
     0.138615344,60139,,cache-misses:u,1162144,100.00,,
     0.138615344,1534866,,bus-cycles:u,1162080,100.00,,
     0.138615344,2229382,,instructions:u,1161984,100.00,,
     0.139994350,1,,branch-misses:u,1381600,100.00,,
     0.139994350,67981,,cache-misses:u,1383296,100.00,,
     0.139994350,1810455,,bus-cycles:u,1383904,100.00,,
     0.139994350,2648915,,instructions:u,1384480,100.00,,
     0.141192818,0,,branch-misses:u,1195328,100.00,,
     0.141192818,761,,cache-misses:u,1194208,100.00,,
     0.141192818,1578163,,bus-cycles:u,1193312,100.00,,
     0.141192818,2622100,,instructions:u,1192608,100.00,,
     0.142355165,0,,branch-misses:u,1096928,100.00,,
     0.142355165,575,,cache-misses:u,1091168,100.00,,
     0.142355165,1403073,,bus-cycles:u,1086272,100.00,,
     0.142355165,2327420,,instructions:u,1081376,100.00,,
     0.143509867,0,,branch-misses:u,929888,100.00,,
     0.143509867,41836,,cache-misses:u,937312,100.00,,
     0.143509867,1193477,,bus-cycles:u,942208,100.00,,
     0.143509867,1755510,,instructions:u,947392,100.00,,
     0.144685204,0,,branch-misses:u,1174144,100.00,,
     0.144685204,60190,,cache-misses:u,1172608,100.00,,
     0.144685204,1551147,,bus-cycles:u,1172672,100.00,,
     0.144685204,2252897,,instructions:u,1172512,100.00,,
     0.145850751,1,,branch-misses:u,1166624,100.00,,
     0.145850751,38190,,cache-misses:u,1166112,100.00,,
     0.145850751,1541975,,bus-cycles:u,1166304,100.00,,
     0.145850751,2356228,,instructions:u,1166784,100.00,,
     0.147015466,0,,branch-misses:u,1164864,100.00,,
     0.147015466,662,,cache-misses:u,1165664,100.00,,
     0.147015466,1540546,,bus-cycles:u,1165920,100.00,,
     0.147015466,2559490,,instructions:u,1165280,100.00,,
     0.148181525,0,,branch-misses:u,1169088,100.00,,
     0.148181525,18334,,cache-misses:u,1168928,100.00,,
     0.148181525,1523645,,bus-cycles:u,1169216,100.00,,
     0.148181525,2428988,,instructions:u,1169280,100.00,,
     0.149362620,0,,branch-misses:u,1179168,100.00,,
     0.149362620,60004,,cache-misses:u,1179520,100.00,,
     0.149362620,1558627,,bus-cycles:u,1178752,100.00,,
     0.149362620,2263502,,instructions:u,1179648,100.00,,
     0.150534918,1,,branch-misses:u,1171680,100.00,,
     0.150534918,59582,,cache-misses:u,1170848,100.00,,
     0.150534918,1547203,,bus-cycles:u,1171360,100.00,,
     0.150534918,2242155,,instructions:u,1170688,100.00,,
     0.151705072,0,,branch-misses:u,1173280,100.00,,
     0.151705072,2585,,cache-misses:u,1173536,100.00,,
     0.151705072,1529082,,bus-cycles:u,1173408,100.00,,
     0.151705072,2529150,,instructions:u,1173600,100.00,,
     0.152880729,0,,branch-misses:u,1171936,100.00,,
     0.152880729,1016,,cache-misses:u,1171840,100.00,,
     0.152880729,1550118,,bus-cycles:u,1171232,100.00,,
     0.152880729,2571050,,instructions:u,1171104,100.00,,
     0.154046596,0,,branch-misses:u,1168224,100.00,,
     0.154046596,54843,,cache-misses:u,1168032,100.00,,
     0.154046596,1543011,,bus-cycles:u,1168352,100.00,,
     0.154046596,2265720,,instructions:u,1168800,100.00,,
     0.155212271,1,,branch-misses:u,1164384,100.00,,
     0.155212271,58432,,cache-misses:u,1164896,100.00,,
     0.155212271,1517288,,bus-cycles:u,1165312,100.00,,
     0.155212271,2200755,,instructions:u,1164576,100.00,,
     0.156453386,0,,branch-misses:u,1245568,100.00,,
     0.156453386,26791,,cache-misses:u,1246368,100.00,,
     0.156453386,1648514,,bus-cycles:u,1246144,100.00,,
     0.156453386,2596090,,instructions:u,1246208,100.00,,
     0.157628787,0,,branch-misses:u,1171968,100.00,,
     0.157628787,1114,,cache-misses:u,1170496,100.00,,
     0.157628787,1548184,,bus-cycles:u,1170304,100.00,,
     0.157628787,2571950,,instructions:u,1170464,100.00,,
     0.158790207,0,,branch-misses:u,1162176,100.00,,
     0.158790207,34907,,cache-misses:u,1162432,100.00,,
     0.158790207,1536548,,bus-cycles:u,1162304,100.00,,
     0.158790207,2363400,,instructions:u,1162176,100.00,,
     0.159991650,0,,branch-misses:u,923232,100.00,,
     0.159991650,43547,,cache-misses:u,926144,100.00,,
     0.159991650,1136987,,bus-cycles:u,927808,100.00,,
     0.159991650,1650210,,instructions:u,929728,100.00,,
     0.161288146,1,,branch-misses:u,1279936,100.00,,
     0.161288146,60357,,cache-misses:u,1278112,100.00,,
     0.161288146,1688728,,bus-cycles:u,1276864,100.00,,
     0.161288146,2464865,,instructions:u,1275584,100.00,,
     0.162459643,0,,branch-misses:u,1169120,100.00,,
     0.162459643,1056,,cache-misses:u,1167744,100.00,,
     0.162459643,1541785,,bus-cycles:u,1167264,100.00,,
     0.162459643,2558060,,instructions:u,1166432,100.00,,
     0.163621127,0,,branch-misses:u,1162528,100.00,,
     0.163621127,900,,cache-misses:u,1163072,100.00,,
     0.163621127,1501542,,bus-cycles:u,1163392,100.00,,
     0.163621127,2494540,,instructions:u,1163712,100.00,,
     0.164833992,0,,branch-misses:u,1214048,100.00,,
     0.164833992,61530,,cache-misses:u,1214432,100.00,,
     0.164833992,1606875,,bus-cycles:u,1215296,100.00,,
     0.164833992,2334520,,instructions:u,1215904,100.00,,
     0.166064646,1,,branch-misses:u,1230784,100.00,,
     0.166064646,63012,,cache-misses:u,1230912,100.00,,
     0.166064646,1628743,,bus-cycles:u,1230528,100.00,,
     0.166064646,2365085,,instructions:u,1230912,100.00,,
     0.167246253,0,,branch-misses:u,1181984,100.00,,
     0.167246253,15403,,cache-misses:u,1181408,100.00,,
     0.167246253,1539108,,bus-cycles:u,1180832,100.00,,
     0.167246253,2475120,,instructions:u,1179840,100.00,,
     0.168421942,0,,branch-misses:u,1174304,100.00,,
     0.168421942,1042,,cache-misses:u,1174112,100.00,,
     0.168421942,1552783,,bus-cycles:u,1174080,100.00,,
     0.168421942,2575560,,instructions:u,1174016,100.00,,
     0.169593376,0,,branch-misses:u,1171008,100.00,,
     0.169593376,42612,,cache-misses:u,1170976,100.00,,
     0.169593376,1548927,,bus-cycles:u,1171072,100.00,,
     0.169593376,2340780,,instructions:u,1171104,100.00,,
     0.170763082,0,,branch-misses:u,1171232,100.00,,
     0.170763082,59823,,cache-misses:u,1171360,100.00,,
     0.170763082,1548953,,bus-cycles:u,1171552,100.00,,
     0.170763082,2250520,,instructions:u,1171648,100.00,,
     0.171936563,1,,branch-misses:u,1174560,100.00,,
     0.171936563,37102,,cache-misses:u,1175680,100.00,,
     0.171936563,1531331,,bus-cycles:u,1175968,100.00,,
     0.171936563,2343565,,instructions:u,1176352,100.00,,
     0.173112412,0,,branch-misses:u,1174432,100.00,,
     0.173112412,485,,cache-misses:u,1173440,100.00,,
     0.173112412,1551426,,bus-cycles:u,1172608,100.00,,
     0.173112412,2579530,,instructions:u,1171808,100.00,,
     0.174278439,0,,branch-misses:u,1167904,100.00,,
     0.174278439,19961,,cache-misses:u,1167968,100.00,,
     0.174278439,1544663,,bus-cycles:u,1168256,100.00,,
     0.174278439,2460490,,instructions:u,1168448,100.00,,
     0.175446258,0,,branch-misses:u,1167520,100.00,,
     0.175446258,59165,,cache-misses:u,1166848,100.00,,
     0.175446258,1523030,,bus-cycles:u,1166848,100.00,,
     0.175446258,2208670,,instructions:u,1166976,100.00,,
     0.176611165,1,,branch-misses:u,1165152,100.00,,
     0.176611165,59800,,cache-misses:u,1165472,100.00,,
     0.176611165,1539787,,bus-cycles:u,1165376,100.00,,
     0.176611165,2232045,,instructions:u,1165280,100.00,,
     0.177845113,0,,branch-misses:u,1235168,100.00,,
     0.177845113,2448,,cache-misses:u,1242560,100.00,,
     0.177845113,1626256,,bus-cycles:u,1237600,100.00,,
     0.177845113,2688940,,instructions:u,1232576,100.00,,
     0.179025377,0,,branch-misses:u,1056672,100.00,,
     0.179025377,868,,cache-misses:u,1043744,100.00,,
     0.179025377,1330138,,bus-cycles:u,1043744,100.00,,
     0.179025377,2201947,,instructions:u,1043744,100.00,,
     0.180175216,0,,branch-misses:u,918336,100.00,,
     0.180175216,37693,,cache-misses:u,925056,100.00,,
     0.180175216,1215313,,bus-cycles:u,930528,100.00,,
     0.180175216,1818613,,instructions:u,935584,100.00,,
     0.181348697,0,,branch-misses:u,1172928,100.00,,
     0.181348697,60431,,cache-misses:u,1172288,100.00,,
     0.181348697,1546403,,bus-cycles:u,1171744,100.00,,
     0.181348697,2245780,,instructions:u,1171616,100.00,,
     0.182512932,1,,branch-misses:u,1163168,100.00,,
     0.182512932,42393,,cache-misses:u,1162400,100.00,,
     0.182512932,1536295,,bus-cycles:u,1162496,100.00,,
     0.182512932,2324402,,instructions:u,1162624,100.00,,
     0.183674799,0,,branch-misses:u,1162400,100.00,,
     0.183674799,809,,cache-misses:u,1162848,100.00,,
     0.183674799,1503974,,bus-cycles:u,1162848,100.00,,
     0.183674799,2499243,,instructions:u,1163616,100.00,,
     0.184838616,0,,branch-misses:u,1164256,100.00,,
     0.184838616,13287,,cache-misses:u,1163584,100.00,,
     0.184838616,1535917,,bus-cycles:u,1163360,100.00,,
     0.184838616,2482580,,instructions:u,1162496,100.00,,
     0.185997730,0,,branch-misses:u,1159968,100.00,,
     0.185997730,59774,,cache-misses:u,1160416,100.00,,
     0.185997730,1532194,,bus-cycles:u,1160384,100.00,,
     0.185997730,2215060,,instructions:u,1160512,100.00,,
     0.187147182,1,,branch-misses:u,1150624,100.00,,
     0.187147182,58572,,cache-misses:u,1150656,100.00,,
     0.187147182,1501064,,bus-cycles:u,1150976,100.00,,
     0.187147182,2178235,,instructions:u,1150912,100.00,,
     0.188310903,0,,branch-misses:u,1161920,100.00,,
     0.188310903,10802,,cache-misses:u,1161760,100.00,,
     0.188310903,1535992,,bus-cycles:u,1161600,100.00,,
     0.188310903,2499030,,instructions:u,1161600,100.00,,
     0.189468673,0,,branch-misses:u,1157632,100.00,,
     0.189468673,1038,,cache-misses:u,1157728,100.00,,
     0.189468673,1530786,,bus-cycles:u,1158208,100.00,,
     0.189468673,2545940,,instructions:u,1159296,100.00,,
     0.190627340,0,,branch-misses:u,1159072,100.00,,
     0.190627340,46557,,cache-misses:u,1159072,100.00,,
     0.190627340,1530778,,bus-cycles:u,1159264,100.00,,
     0.190627340,2290181,,instructions:u,1158496,100.00,,
     0.191783670,0,,branch-misses:u,1158688,100.00,,
     0.191783670,59220,,cache-misses:u,1158976,100.00,,
     0.191783670,1512362,,bus-cycles:u,1158464,100.00,,
     0.191783670,2195352,,instructions:u,1158592,100.00,,
     0.192948031,1,,branch-misses:u,1162848,100.00,,
     0.192948031,34425,,cache-misses:u,1162592,100.00,,
     0.192948031,1536870,,bus-cycles:u,1162752,100.00,,
     0.192948031,2367322,,instructions:u,1162496,100.00,,
     0.194106761,0,,branch-misses:u,1159072,100.00,,
     0.194106761,877,,cache-misses:u,1159008,100.00,,
     0.194106761,1532232,,bus-cycles:u,1158784,100.00,,
     0.194106761,2546220,,instructions:u,1158656,100.00,,
     0.195269202,0,,branch-misses:u,1163808,100.00,,
     0.195269202,20724,,cache-misses:u,1163872,100.00,,
     0.195269202,1516453,,bus-cycles:u,1164064,100.00,,
     0.195269202,2411538,,instructions:u,1163616,100.00,,
     0.196439802,0,,branch-misses:u,1169568,100.00,,
     0.196439802,60270,,cache-misses:u,1169760,100.00,,
     0.196439802,1547210,,bus-cycles:u,1169824,100.00,,
     0.196439802,2246092,,instructions:u,1170240,100.00,,
     0.197599396,1,,branch-misses:u,808512,100.00,,
     0.197599396,39319,,cache-misses:u,809440,100.00,,
     0.197599396,1015492,,bus-cycles:u,809376,100.00,,
     0.197599396,1469193,,instructions:u,809152,100.00,,
     0.198819585,0,,branch-misses:u,1221568,100.00,,
     0.198819585,21178,,cache-misses:u,1220480,100.00,,
     0.198819585,1614307,,bus-cycles:u,1220064,100.00,,
     0.198819585,2571802,,instructions:u,1220384,100.00,,
     0.199986697,0,,branch-misses:u,1166848,100.00,,
     0.199986697,1036,,cache-misses:u,1167008,100.00,,
     0.199986697,1508722,,bus-cycles:u,1167488,100.00,,
     0.199986697,2507881,,instructions:u,1167616,100.00,,
     0.201149107,0,,branch-misses:u,1162656,100.00,,
     0.201149107,37108,,cache-misses:u,1162496,100.00,,
     0.201149107,1535594,,bus-cycles:u,1162336,100.00,,
     0.201149107,2337989,,instructions:u,1162240,100.00,,
     0.202309436,0,,branch-misses:u,1158912,100.00,,
     0.202309436,59662,,cache-misses:u,1158752,100.00,,
     0.202309436,1533137,,bus-cycles:u,1159232,100.00,,
     0.202309436,2222370,,instructions:u,1159104,100.00,,
     0.203470150,1,,branch-misses:u,1164032,100.00,,
     0.203470150,43645,,cache-misses:u,1165632,100.00,,
     0.203470150,1514780,,bus-cycles:u,1164832,100.00,,
     0.203470150,2280755,,instructions:u,1165312,100.00,,
     0.204651659,0,,branch-misses:u,1179072,100.00,,
     0.204651659,770,,cache-misses:u,1178048,100.00,,
     0.204651659,1557958,,bus-cycles:u,1178176,100.00,,
     0.204651659,2589290,,instructions:u,1177888,100.00,,
     0.205811125,0,,branch-misses:u,1160512,100.00,,
     0.205811125,13191,,cache-misses:u,1159840,100.00,,
     0.205811125,1532389,,bus-cycles:u,1159872,100.00,,
     0.205811125,2475940,,instructions:u,1159776,100.00,,
     0.206969567,0,,branch-misses:u,1158368,100.00,,
     0.206969567,59587,,cache-misses:u,1158240,100.00,,
     0.206969567,1530879,,bus-cycles:u,1158432,100.00,,
     0.206969567,2226760,,instructions:u,1158272,100.00,,
     0.208131145,1,,branch-misses:u,1162784,100.00,,
     0.208131145,58810,,cache-misses:u,1163328,100.00,,
     0.208131145,1519954,,bus-cycles:u,1162816,100.00,,
     0.208131145,2208355,,instructions:u,1162784,100.00,,
     0.209294098,0,,branch-misses:u,1162560,100.00,,
     0.209294098,9126,,cache-misses:u,1162336,100.00,,
     0.209294098,1537327,,bus-cycles:u,1162560,100.00,,
     0.209294098,2510860,,instructions:u,1162432,100.00,,
     0.210453852,0,,branch-misses:u,1159680,100.00,,
     0.210453852,756,,cache-misses:u,1160224,100.00,,
     0.210453852,1535077,,bus-cycles:u,1160320,100.00,,
     0.210453852,2550780,,instructions:u,1160288,100.00,,
     0.211612262,0,,branch-misses:u,1158752,100.00,,
     0.211612262,47003,,cache-misses:u,1158176,100.00,,
     0.211612262,1504252,,bus-cycles:u,1158144,100.00,,
     0.211612262,2245558,,instructions:u,1158304,100.00,,
     0.212773296,1,,branch-misses:u,1161472,100.00,,
     0.212773296,59962,,cache-misses:u,1161088,100.00,,
     0.212773296,1534513,,bus-cycles:u,1161056,100.00,,
     0.212773296,2227814,,instructions:u,1161024,100.00,,
     0.213930586,0,,branch-misses:u,1156704,100.00,,
     0.213930586,34966,,cache-misses:u,1157056,100.00,,
     0.213930586,1530269,,bus-cycles:u,1157216,100.00,,
     0.213930586,2353563,,instructions:u,1165120,100.00,,
     0.215110240,1,,branch-misses:u,856096,100.00,,
     0.215110240,3108,,cache-misses:u,856896,100.00,,
     0.215110240,1048905,,bus-cycles:u,856800,100.00,,
     0.215110240,1732640,,instructions:u,863168,100.00,,
     0.216292933,0,,branch-misses:u,1183104,100.00,,
     0.216292933,3264,,cache-misses:u,1182432,100.00,,
     0.216292933,1528262,,bus-cycles:u,1182400,100.00,,
     0.216292933,2530730,,instructions:u,1168384,100.00,,
     0.217451983,0,,branch-misses:u,1159040,100.00,,
     0.217451983,59653,,cache-misses:u,1158976,100.00,,
     0.217451983,1532346,,bus-cycles:u,1158976,100.00,,
     0.217451983,2215020,,instructions:u,1158624,100.00,,
     0.218608921,1,,branch-misses:u,1156640,100.00,,
     0.218608921,59659,,cache-misses:u,1156832,100.00,,
     0.218608921,1529113,,bus-cycles:u,1156832,100.00,,
     0.218608921,2220165,,instructions:u,1156928,100.00,,
     0.219768643,0,,branch-misses:u,1160416,100.00,,
     0.219768643,19556,,cache-misses:u,1160544,100.00,,
     0.219768643,1497001,,bus-cycles:u,1160576,100.00,,
     0.219768643,2384490,,instructions:u,1160544,100.00,,
     0.220994335,0,,branch-misses:u,1226176,100.00,,
     0.220994335,590,,cache-misses:u,1225600,100.00,,
     0.220994335,1623167,,bus-cycles:u,1226016,100.00,,
     0.220994335,2698840,,instructions:u,1226144,100.00,,
     0.222157672,0,,branch-misses:u,1164160,100.00,,
     0.222157672,39865,,cache-misses:u,1164256,100.00,,
     0.222157672,1537245,,bus-cycles:u,1163904,100.00,,
     0.222157672,2340300,,instructions:u,1163968,100.00,,
     0.223317074,0,,branch-misses:u,1159104,100.00,,
     0.223317074,59321,,cache-misses:u,1159040,100.00,,
     0.223317074,1509606,,bus-cycles:u,1159168,100.00,,
     0.223317074,2186720,,instructions:u,1159104,100.00,,
     0.224478268,1,,branch-misses:u,1160096,100.00,,
     0.224478268,43175,,cache-misses:u,1160256,100.00,,
     0.224478268,1534986,,bus-cycles:u,1160128,100.00,,
     0.224478268,2319415,,instructions:u,1160064,100.00,,
     0.225635654,0,,branch-misses:u,1157984,100.00,,
     0.225635654,1062,,cache-misses:u,1157664,100.00,,
     0.225635654,1532983,,bus-cycles:u,1157472,100.00,,
     0.225635654,2547150,,instructions:u,1157344,100.00,,
     0.226792369,0,,branch-misses:u,1158432,100.00,,
     0.226792369,14224,,cache-misses:u,1158816,100.00,,
     0.226792369,1532413,,bus-cycles:u,1159168,100.00,,
     0.226792369,2472707,,instructions:u,1159360,100.00,,
     0.227953946,0,,branch-misses:u,1161600,100.00,,
     0.227953946,59297,,cache-misses:u,1162272,100.00,,
     0.227953946,1518577,,bus-cycles:u,1162112,100.00,,
     0.227953946,2207963,,instructions:u,1162112,100.00,,
     0.229116803,1,,branch-misses:u,1162208,100.00,,
     0.229116803,59800,,cache-misses:u,1161536,100.00,,
     0.229116803,1536331,,bus-cycles:u,1161632,100.00,,
     0.229116803,2232505,,instructions:u,1161696,100.00,,
     0.230277677,0,,branch-misses:u,1160320,100.00,,
     0.230277677,8325,,cache-misses:u,1160320,100.00,,
     0.230277677,1534744,,bus-cycles:u,1160096,100.00,,
     0.230277677,2510586,,instructions:u,1159872,100.00,,
     0.231435575,0,,branch-misses:u,1160000,100.00,,
     0.231435575,758,,cache-misses:u,1159904,100.00,,
     0.231435575,1517182,,bus-cycles:u,1160064,100.00,,
     0.231435575,2522594,,instructions:u,1160224,100.00,,
     0.232596289,0,,branch-misses:u,1161984,100.00,,
     0.232596289,47862,,cache-misses:u,1162272,100.00,,
     0.232596289,1533294,,bus-cycles:u,1166432,100.00,,
     0.232596289,2282480,,instructions:u,1161408,100.00,,
     0.233778470,0,,branch-misses:u,888032,100.00,,
     0.233778470,43255,,cache-misses:u,889120,100.00,,
     0.233778470,1132554,,bus-cycles:u,885280,100.00,,
     0.233778470,1646910,,instructions:u,890592,100.00,,
     0.234955084,1,,branch-misses:u,1174624,100.00,,
     0.234955084,47633,,cache-misses:u,1174432,100.00,,
     0.234955084,1553140,,bus-cycles:u,1174208,100.00,,
     0.234955084,2313275,,instructions:u,1174016,100.00,,
     0.236132499,0,,branch-misses:u,1179168,100.00,,
     0.236132499,795,,cache-misses:u,1178976,100.00,,
     0.236132499,1516305,,bus-cycles:u,1179328,100.00,,
     0.236132499,2517900,,instructions:u,1179264,100.00,,
     0.237306233,0,,branch-misses:u,1172000,100.00,,
     0.237306233,8592,,cache-misses:u,1171072,100.00,,
     0.237306233,1548576,,bus-cycles:u,1170624,100.00,,
     0.237306233,2529720,,instructions:u,1170848,100.00,,
     0.238469795,0,,branch-misses:u,1164608,100.00,,
     0.238469795,59937,,cache-misses:u,1164736,100.00,,
     0.238469795,1540832,,bus-cycles:u,1164640,100.00,,
     0.238469795,2233180,,instructions:u,1164384,100.00,,
     0.239634667,1,,branch-misses:u,1163744,100.00,,
     0.239634667,57936,,cache-misses:u,1164320,100.00,,
     0.239634667,1515542,,bus-cycles:u,1164544,100.00,,
     0.239634667,2196002,,instructions:u,1164704,100.00,,
     0.240800788,0,,branch-misses:u,1167264,100.00,,
     0.240800788,14052,,cache-misses:u,1166592,100.00,,
     0.240800788,1542004,,bus-cycles:u,1167264,100.00,,
     0.240800788,2485343,,instructions:u,1167168,100.00,,
     0.242038317,0,,branch-misses:u,1240160,100.00,,
     0.242038317,883,,cache-misses:u,1241088,100.00,,
     0.242038317,1639998,,bus-cycles:u,1240032,100.00,,
     0.242038317,2724670,,instructions:u,1240544,100.00,,
     0.243211668,0,,branch-misses:u,1170880,100.00,,
     0.243211668,45854,,cache-misses:u,1170336,100.00,,
     0.243211668,1520835,,bus-cycles:u,1170496,100.00,,
     0.243211668,2275418,,instructions:u,1170368,100.00,,
     0.244378077,1,,branch-misses:u,1169184,100.00,,
     0.244378077,59174,,cache-misses:u,1168288,100.00,,
     0.244378077,1543438,,bus-cycles:u,1168352,100.00,,
     0.244378077,2242961,,instructions:u,1167680,100.00,,
     0.245540422,0,,branch-misses:u,1159296,100.00,,
     0.245540422,33849,,cache-misses:u,1159744,100.00,,
     0.245540422,1534291,,bus-cycles:u,1159616,100.00,,
     0.245540422,2365226,,instructions:u,1159648,100.00,,
     0.246698096,0,,branch-misses:u,1157152,100.00,,
     0.246698096,638,,cache-misses:u,1157120,100.00,,
     0.246698096,1531900,,bus-cycles:u,1157024,100.00,,
     0.246698096,2545478,,instructions:u,1157088,100.00,,
     0.247860890,0,,branch-misses:u,1165696,100.00,,
     0.247860890,21219,,cache-misses:u,1166272,100.00,,
     0.247860890,1506042,,bus-cycles:u,1167360,100.00,,
     0.247860890,2388912,,instructions:u,1168256,100.00,,
     0.249089557,0,,branch-misses:u,1227552,100.00,,
     0.249089557,62770,,cache-misses:u,1227200,100.00,,
     0.249089557,1624204,,bus-cycles:u,1226912,100.00,,
     0.249089557,2359210,,instructions:u,1227232,100.00,,
     0.250317232,1,,branch-misses:u,1229280,100.00,,
     0.250317232,55856,,cache-misses:u,1229376,100.00,,
     0.250317232,1626605,,bus-cycles:u,1229568,100.00,,
     0.250317232,2398315,,instructions:u,1229280,100.00,,
     0.251546699,0,,branch-misses:u,1230048,100.00,,
     0.251546699,993,,cache-misses:u,1230272,100.00,,
     0.251546699,1605664,,bus-cycles:u,1230464,100.00,,
     0.251546699,2668310,,instructions:u,1230112,100.00,,
     0.252776902,0,,branch-misses:u,943680,100.00,,
     0.252776902,603,,cache-misses:u,944832,100.00,,
     0.252776902,1197364,,bus-cycles:u,944480,100.00,,
     0.252776902,1984740,,instructions:u,945056,100.00,,
     0.254001474,0,,branch-misses:u,1224832,100.00,,
     0.254001474,56406,,cache-misses:u,1224096,100.00,,
     0.254001474,1617109,,bus-cycles:u,1224032,100.00,,
     0.254001474,2377310,,instructions:u,1223264,100.00,,
     0.255181032,1,,branch-misses:u,1179200,100.00,,
     0.255181032,58844,,cache-misses:u,1178528,100.00,,
     0.255181032,1522721,,bus-cycles:u,1178144,100.00,,
     0.255181032,2207825,,instructions:u,1178272,100.00,,
     0.256357103,0,,branch-misses:u,1176512,100.00,,
     0.256357103,25546,,cache-misses:u,1176992,100.00,,
     0.256357103,1555656,,bus-cycles:u,1177120,100.00,,
     0.256357103,2444100,,instructions:u,1177472,100.00,,
     0.257531637,0,,branch-misses:u,1174112,100.00,,
     0.257531637,890,,cache-misses:u,1173024,100.00,,
     0.257531637,1549773,,bus-cycles:u,1172768,100.00,,
     0.257531637,2574130,,instructions:u,1172096,100.00,,
     0.258703965,0,,branch-misses:u,1174144,100.00,,
     0.258703965,32870,,cache-misses:u,1174432,100.00,,
     0.258703965,1550232,,bus-cycles:u,1175104,100.00,,
     0.258703965,2401996,,instructions:u,1175232,100.00,,
     0.259880899,0,,branch-misses:u,1179136,100.00,,
     0.259880899,58988,,cache-misses:u,1180672,100.00,,
     0.259880899,1536856,,bus-cycles:u,1179968,100.00,,
     0.259880899,2236851,,instructions:u,1179936,100.00,,
     0.261070758,1,,branch-misses:u,1189216,100.00,,
     0.261070758,46920,,cache-misses:u,1187936,100.00,,
     0.261070758,1569422,,bus-cycles:u,1188032,100.00,,
     0.261070758,2360098,,instructions:u,1187936,100.00,,
     0.262243661,0,,branch-misses:u,1170560,100.00,,
     0.262243661,939,,cache-misses:u,1170880,100.00,,
     0.262243661,1549277,,bus-cycles:u,1171200,100.00,,
     0.262243661,2574248,,instructions:u,1170944,100.00,,
     0.263414741,0,,branch-misses:u,1172256,100.00,,
     0.263414741,11264,,cache-misses:u,1171648,100.00,,
     0.263414741,1526639,,bus-cycles:u,1171168,100.00,,
     0.263414741,2477740,,instructions:u,1171296,100.00,,
     0.264628147,0,,branch-misses:u,1213504,100.00,,
     0.264628147,62487,,cache-misses:u,1213312,100.00,,
     0.264628147,1605648,,bus-cycles:u,1213280,100.00,,
     0.264628147,2332152,,instructions:u,1213632,100.00,,
     0.265792764,1,,branch-misses:u,1165504,100.00,,
     0.265792764,59921,,cache-misses:u,1165952,100.00,,
     0.265792764,1540365,,bus-cycles:u,1166048,100.00,,
     0.265792764,2233575,,instructions:u,1165792,100.00,,
     0.266956261,0,,branch-misses:u,1162944,100.00,,
     0.266956261,8296,,cache-misses:u,1163072,100.00,,
     0.266956261,1536760,,bus-cycles:u,1163136,100.00,,
     0.266956261,2513900,,instructions:u,1163616,100.00,,
     0.268118831,0,,branch-misses:u,1162688,100.00,,
     0.268118831,1125,,cache-misses:u,1162336,100.00,,
     0.268118831,1512439,,bus-cycles:u,1162016,100.00,,
     0.268118831,2511140,,instructions:u,1161280,100.00,,
     0.269278424,0,,branch-misses:u,1159040,100.00,,
     0.269278424,47970,,cache-misses:u,1159424,100.00,,
     0.269278424,1532980,,bus-cycles:u,1159648,100.00,,
     0.269278424,2288537,,instructions:u,1159808,100.00,,
     0.270436227,0,,branch-misses:u,871136,100.00,,
     0.270436227,42776,,cache-misses:u,872960,100.00,,
     0.270436227,1099025,,bus-cycles:u,873024,100.00,,
     0.270436227,1589953,,instructions:u,873472,100.00,,
     0.271600716,1,,branch-misses:u,1163968,100.00,,
     0.271600716,50103,,cache-misses:u,1162592,100.00,,
     0.271600716,1498898,,bus-cycles:u,1162752,100.00,,
     0.271600716,2218575,,instructions:u,1162400,100.00,,
     0.272765204,0,,branch-misses:u,1163616,100.00,,
     0.272765204,933,,cache-misses:u,1163136,100.00,,
     0.272765204,1538187,,bus-cycles:u,1163136,100.00,,
     0.272765204,2556240,,instructions:u,1163296,100.00,,
     0.273928222,0,,branch-misses:u,1163776,100.00,,
     0.273928222,6046,,cache-misses:u,1163616,100.00,,
     0.273928222,1539273,,bus-cycles:u,1163424,100.00,,
     0.273928222,2526700,,instructions:u,1163040,100.00,,
     0.275086664,0,,branch-misses:u,1159168,100.00,,
     0.275086664,60070,,cache-misses:u,1159104,100.00,,
     0.275086664,1533013,,bus-cycles:u,1159008,100.00,,
     0.275086664,2227340,,instructions:u,1159008,100.00,,
     0.276270381,1,,branch-misses:u,1184640,100.00,,
     0.276270381,60235,,cache-misses:u,1184928,100.00,,
     0.276270381,1547323,,bus-cycles:u,1184960,100.00,,
     0.276270381,2244812,,instructions:u,1185440,100.00,,
     0.277433814,0,,branch-misses:u,1163552,100.00,,
     0.277433814,16031,,cache-misses:u,1163296,100.00,,
     0.277433814,1536717,,bus-cycles:u,1163456,100.00,,
     0.277433814,2472783,,instructions:u,1163200,100.00,,
     0.278593088,0,,branch-misses:u,1158880,100.00,,
     0.278593088,961,,cache-misses:u,1159488,100.00,,
     0.278593088,1531498,,bus-cycles:u,1159328,100.00,,
     0.278593088,2543840,,instructions:u,1159168,100.00,,
     0.279753002,0,,branch-misses:u,1161024,100.00,,
     0.279753002,39972,,cache-misses:u,1160320,100.00,,
     0.279753002,1495637,,bus-cycles:u,1160288,100.00,,
     0.279753002,2272710,,instructions:u,1160640,100.00,,
     0.280916147,0,,branch-misses:u,1162464,100.00,,
     0.280916147,59333,,cache-misses:u,1162656,100.00,,
     0.280916147,1536672,,bus-cycles:u,1162752,100.00,,
     0.280916147,2231401,,instructions:u,1162592,100.00,,
     0.282080188,1,,branch-misses:u,1165856,100.00,,
     0.282080188,41570,,cache-misses:u,1166464,100.00,,
     0.282080188,1541956,,bus-cycles:u,1166464,100.00,,
     0.282080188,2335374,,instructions:u,1166336,100.00,,
     0.283248836,0,,branch-misses:u,1170080,100.00,,
     0.283248836,966,,cache-misses:u,1169504,100.00,,
     0.283248836,1516343,,bus-cycles:u,1169504,100.00,,
     0.283248836,2519990,,instructions:u,1169472,100.00,,
     0.284414892,0,,branch-misses:u,1164832,100.00,,
     0.284414892,14969,,cache-misses:u,1164480,100.00,,
     0.284414892,1538716,,bus-cycles:u,1164544,100.00,,
     0.284414892,2479300,,instructions:u,1165024,100.00,,
     0.285638537,0,,branch-misses:u,1225664,100.00,,
     0.285638537,62915,,cache-misses:u,1225728,100.00,,
     0.285638537,1618500,,bus-cycles:u,1225824,100.00,,
     0.285638537,2349110,,instructions:u,1225440,100.00,,
     0.286806257,1,,branch-misses:u,1166080,100.00,,
     0.286806257,59823,,cache-misses:u,1166784,100.00,,
     0.286806257,1540474,,bus-cycles:u,1166496,100.00,,
     0.286806257,2234055,,instructions:u,1166688,100.00,,
     0.287968186,0,,branch-misses:u,1114688,100.00,,
     0.287968186,4223,,cache-misses:u,1114720,100.00,,
     0.287968186,1397659,,bus-cycles:u,1114720,100.00,,
     0.287968186,2304030,,instructions:u,1114816,100.00,,
     0.289130372,0,,branch-misses:u,883008,100.00,,
     0.289130372,491,,cache-misses:u,883200,100.00,,
     0.289130372,1132438,,bus-cycles:u,883072,100.00,,
     0.289130372,1879380,,instructions:u,882528,100.00,,
     0.290290477,0,,branch-misses:u,1161376,100.00,,
     0.290290477,32058,,cache-misses:u,1160512,100.00,,
     0.290290477,1535225,,bus-cycles:u,1161152,100.00,,
     0.290290477,2375903,,instructions:u,1161760,100.00,,
     0.291450615,0,,branch-misses:u,1160480,100.00,,
     0.291450615,58457,,cache-misses:u,1160512,100.00,,
     0.291450615,1503385,,bus-cycles:u,1160000,100.00,,
     0.291450615,2179495,,instructions:u,1159488,100.00,,
     0.292611553,1,,branch-misses:u,1160960,100.00,,
     0.292611553,49650,,cache-misses:u,1161152,100.00,,
     0.292611553,1534828,,bus-cycles:u,1161024,100.00,,
     0.292611553,2282417,,instructions:u,1160928,100.00,,
     0.293769611,0,,branch-misses:u,1156640,100.00,,
     0.293769611,928,,cache-misses:u,1156416,100.00,,
     0.293769611,1530322,,bus-cycles:u,1156640,100.00,,
     0.293769611,2541980,,instructions:u,1156576,100.00,,
     0.294927669,0,,branch-misses:u,1160480,100.00,,
     0.294927669,7064,,cache-misses:u,1160256,100.00,,
     0.294927669,1534193,,bus-cycles:u,1160640,100.00,,
     0.294927669,2514618,,instructions:u,1160896,100.00,,
     0.296091678,0,,branch-misses:u,1163456,100.00,,
     0.296091678,58821,,cache-misses:u,1163808,100.00,,
     0.296091678,1516666,,bus-cycles:u,1163424,100.00,,
     0.296091678,2196712,,instructions:u,1163424,100.00,,
     0.297251496,1,,branch-misses:u,1160896,100.00,,
     0.297251496,59517,,cache-misses:u,1160672,100.00,,
     0.297251496,1533867,,bus-cycles:u,1160640,100.00,,
     0.297251496,2224482,,instructions:u,1160576,100.00,,
     0.298409746,0,,branch-misses:u,1157536,100.00,,
     0.298409746,16081,,cache-misses:u,1157792,100.00,,
     0.298409746,1530535,,bus-cycles:u,1157760,100.00,,
     0.298409746,2459423,,instructions:u,1157792,100.00,,
     0.299570364,0,,branch-misses:u,1161024,100.00,,
     0.299570364,1004,,cache-misses:u,1161152,100.00,,
     0.299570364,1515230,,bus-cycles:u,1161536,100.00,,
     0.299570364,2517810,,instructions:u,1161536,100.00,,
     0.300730790,0,,branch-misses:u,1160384,100.00,,
     0.300730790,40282,,cache-misses:u,1160032,100.00,,
     0.300730790,1531939,,bus-cycles:u,1159712,100.00,,
     0.300730790,2331508,,instructions:u,1159648,100.00,,
     0.301888240,0,,branch-misses:u,1157152,100.00,,
     0.301888240,59689,,cache-misses:u,1157088,100.00,,
     0.301888240,1529654,,bus-cycles:u,1157024,100.00,,
     0.301888240,2224852,,instructions:u,1157056,100.00,,
     0.303046330,1,,branch-misses:u,1157824,100.00,,
     0.303046330,41283,,cache-misses:u,1157952,100.00,,
     0.303046330,1530798,,bus-cycles:u,1157984,100.00,,
     0.303046330,2324755,,instructions:u,1157952,100.00,,
     0.304235870,0,,branch-misses:u,1190912,100.00,,
     0.304235870,1088,,cache-misses:u,1191040,100.00,,
     0.304235870,1558676,,bus-cycles:u,1191040,100.00,,
     0.304235870,2590170,,instructions:u,1191360,100.00,,
     0.305399527,0,,branch-misses:u,1163072,100.00,,
     0.305399527,16707,,cache-misses:u,1162944,100.00,,
     0.305399527,1537485,,bus-cycles:u,1163040,100.00,,
     0.305399527,2466680,,instructions:u,1162816,100.00,,
     0.306556657,0,,branch-misses:u,1157248,100.00,,
     0.306556657,59813,,cache-misses:u,1157152,100.00,,
     0.306556657,1529515,,bus-cycles:u,1157152,100.00,,
     0.306556657,2221350,,instructions:u,1157248,100.00,,
     0.307766833,1,,branch-misses:u,923904,100.00,,
     0.307766833,43973,,cache-misses:u,926048,100.00,,
     0.307766833,1146366,,bus-cycles:u,926336,100.00,,
     0.307766833,1662745,,instructions:u,926240,100.00,,
     0.308936696,0,,branch-misses:u,1169824,100.00,,
     0.308936696,20689,,cache-misses:u,1168064,100.00,,
     0.308936696,1543455,,bus-cycles:u,1167744,100.00,,
     0.308936696,2457520,,instructions:u,1167840,100.00,,
     0.310099554,0,,branch-misses:u,1162048,100.00,,
     0.310099554,896,,cache-misses:u,1161632,100.00,,
     0.310099554,1535432,,bus-cycles:u,1161568,100.00,,
     0.310099554,2551840,,instructions:u,1161472,100.00,,
     0.311258891,0,,branch-misses:u,1159680,100.00,,
     0.311258891,35932,,cache-misses:u,1160192,100.00,,
     0.311258891,1510045,,bus-cycles:u,1160224,100.00,,
     0.311258891,2315670,,instructions:u,1160224,100.00,,
     0.312419189,0,,branch-misses:u,1161760,100.00,,
     0.312419189,60173,,cache-misses:u,1161120,100.00,,
     0.312419189,1535808,,bus-cycles:u,1161472,100.00,,
     0.312419189,2228523,,instructions:u,1161568,100.00,,
     0.313577151,1,,branch-misses:u,1157472,100.00,,
     0.313577151,45273,,cache-misses:u,1157664,100.00,,
     0.313577151,1529990,,bus-cycles:u,1157216,100.00,,
     0.313577151,2301812,,instructions:u,1157120,100.00,,
     0.314732138,0,,branch-misses:u,1154240,100.00,,
     0.314732138,878,,cache-misses:u,1154112,100.00,,
     0.314732138,1526717,,bus-cycles:u,1153920,100.00,,
     0.314732138,2537080,,instructions:u,1153696,100.00,,
     0.315888821,0,,branch-misses:u,1158368,100.00,,
     0.315888821,10260,,cache-misses:u,1158592,100.00,,
     0.315888821,1510562,,bus-cycles:u,1158912,100.00,,
     0.315888821,2457860,,instructions:u,1159328,100.00,,
     0.317052542,0,,branch-misses:u,1163040,100.00,,
     0.317052542,60239,,cache-misses:u,1162624,100.00,,
     0.317052542,1537798,,bus-cycles:u,1162912,100.00,,
     0.317052542,2231820,,instructions:u,1162816,100.00,,
     0.318209448,1,,branch-misses:u,1157440,100.00,,
     0.318209448,59621,,cache-misses:u,1157760,100.00,,
     0.318209448,1528944,,bus-cycles:u,1157568,100.00,,
     0.318209448,2222635,,instructions:u,1157504,100.00,,
     0.319370194,0,,branch-misses:u,1163552,100.00,,
     0.319370194,11902,,cache-misses:u,1164064,100.00,,
     0.319370194,1519550,,bus-cycles:u,1164032,100.00,,
     0.319370194,2465220,,instructions:u,1164320,100.00,,
     0.320550008,0,,branch-misses:u,1178016,100.00,,
     0.320550008,792,,cache-misses:u,1177984,100.00,,
     0.320550008,1558729,,bus-cycles:u,1177568,100.00,,
     0.320550008,2588680,,instructions:u,1177376,100.00,,
     0.321722975,0,,branch-misses:u,1174016,100.00,,
     0.321722975,45364,,cache-misses:u,1173632,100.00,,
     0.321722975,1551507,,bus-cycles:u,1173984,100.00,,
     0.321722975,2326560,,instructions:u,1173824,100.00,,
     0.322889223,1,,branch-misses:u,1168064,100.00,,
     0.322889223,59182,,cache-misses:u,1167904,100.00,,
     0.322889223,1542503,,bus-cycles:u,1168032,100.00,,
     0.322889223,2238445,,instructions:u,1168224,100.00,,
     0.324060687,0,,branch-misses:u,1170752,100.00,,
     0.324060687,34451,,cache-misses:u,1171232,100.00,,
     0.324060687,1528003,,bus-cycles:u,1171232,100.00,,
     0.324060687,2350884,,instructions:u,1171616,100.00,,
     0.325228215,0,,branch-misses:u,1066752,100.00,,
     0.325228215,908,,cache-misses:u,1060960,100.00,,
     0.325228215,1368706,,bus-cycles:u,1055808,100.00,,
     0.325228215,2269006,,instructions:u,1050304,100.00,,
     0.326377187,0,,branch-misses:u,954144,100.00,,
     0.326377187,4618,,cache-misses:u,960992,100.00,,
     0.326377187,1260586,,bus-cycles:u,966208,100.00,,
     0.326377187,2069018,,instructions:u,971136,100.00,,
     0.327546539,0,,branch-misses:u,1170560,100.00,,
     0.327546539,57905,,cache-misses:u,1169952,100.00,,
     0.327546539,1513911,,bus-cycles:u,1169952,100.00,,
     0.327546539,2192702,,instructions:u,1170176,100.00,,
     0.328778725,1,,branch-misses:u,1233216,100.00,,
     0.328778725,62366,,cache-misses:u,1232928,100.00,,
     0.328778725,1630717,,bus-cycles:u,1232864,100.00,,
     0.328778725,2367495,,instructions:u,1233216,100.00,,
     0.329951021,0,,branch-misses:u,1171168,100.00,,
     0.329951021,14548,,cache-misses:u,1170944,100.00,,
     0.329951021,1546772,,bus-cycles:u,1170624,100.00,,
     0.329951021,2493850,,instructions:u,1170208,100.00,,
     0.331113046,0,,branch-misses:u,1160448,100.00,,
     0.331113046,625,,cache-misses:u,1160160,100.00,,
     0.331113046,1534376,,bus-cycles:u,1172896,100.00,,
     0.331113046,2545120,,instructions:u,1179360,100.00,,
     0.332295419,0,,branch-misses:u,1186208,100.00,,
     0.332295419,42285,,cache-misses:u,1186848,100.00,,
     0.332295419,1531951,,bus-cycles:u,1174432,100.00,,
     0.332295419,2319388,,instructions:u,1168320,100.00,,
     0.333461732,0,,branch-misses:u,1164128,100.00,,
     0.333461732,57846,,cache-misses:u,1163904,100.00,,
     0.333461732,1539331,,bus-cycles:u,1163936,100.00,,
     0.333461732,2237802,,instructions:u,1163840,100.00,,
     0.334629324,1,,branch-misses:u,1168096,100.00,,
     0.334629324,37416,,cache-misses:u,1168416,100.00,,
     0.334629324,1543266,,bus-cycles:u,1168544,100.00,,
     0.334629324,2350695,,instructions:u,1168224,100.00,,
     0.335799412,0,,branch-misses:u,1171680,100.00,,
     0.335799412,928,,cache-misses:u,1171840,100.00,,
     0.335799412,1521872,,bus-cycles:u,1172064,100.00,,
     0.335799412,2525898,,instructions:u,1172768,100.00,,
     0.337027663,0,,branch-misses:u,1227232,100.00,,
     0.337027663,21744,,cache-misses:u,1227712,100.00,,
     0.337027663,1625085,,bus-cycles:u,1228000,100.00,,
     0.337027663,2580462,,instructions:u,1228096,100.00,,
     0.338260937,0,,branch-misses:u,1233984,100.00,,
     0.338260937,62759,,cache-misses:u,1234368,100.00,,
     0.338260937,1632978,,bus-cycles:u,1234784,100.00,,
     0.338260937,2359658,,instructions:u,1234816,100.00,,
     0.339444846,1,,branch-misses:u,1183648,100.00,,
     0.339444846,54843,,cache-misses:u,1183840,100.00,,
     0.339444846,1530182,,bus-cycles:u,1182912,100.00,,
     0.339444846,2232557,,instructions:u,1182624,100.00,,
     0.340626515,0,,branch-misses:u,1181120,100.00,,
     0.340626515,1131,,cache-misses:u,1179232,100.00,,
     0.340626515,1559920,,bus-cycles:u,1179392,100.00,,
     0.340626515,2587470,,instructions:u,1179296,100.00,,
     0.341795067,0,,branch-misses:u,1169824,100.00,,
     0.341795067,2288,,cache-misses:u,1170464,100.00,,
     0.341795067,1545445,,bus-cycles:u,1170368,100.00,,
     0.341795067,2560076,,instructions:u,1171072,100.00,,
     0.342965891,0,,branch-misses:u,1057920,100.00,,
     0.342965891,52492,,cache-misses:u,1051776,100.00,,
     0.342965891,1357755,,bus-cycles:u,1046400,100.00,,
     0.342965891,1964952,,instructions:u,1040224,100.00,,
     0.344119886,0,,branch-misses:u,938368,100.00,,
     0.344119886,47648,,cache-misses:u,945824,100.00,,
     0.344119886,1243040,,bus-cycles:u,950848,100.00,,
     0.344119886,1807952,,instructions:u,955968,100.00,,
     0.345298100,1,,branch-misses:u,1175264,100.00,,
     0.345298100,37595,,cache-misses:u,1173792,100.00,,
     0.345298100,1551792,,bus-cycles:u,1173728,100.00,,
     0.345298100,2374995,,instructions:u,1173600,100.00,,
     0.346462653,0,,branch-misses:u,1164640,100.00,,
     0.346462653,763,,cache-misses:u,1163776,100.00,,
     0.346462653,1539757,,bus-cycles:u,1163680,100.00,,
     0.346462653,2559740,,instructions:u,1163776,100.00,,
     0.347623782,0,,branch-misses:u,1161920,100.00,,
     0.347623782,18439,,cache-misses:u,1163392,100.00,,
     0.347623782,1504663,,bus-cycles:u,1163616,100.00,,
     0.347623782,2400080,,instructions:u,1163520,100.00,,
     0.348789359,0,,branch-misses:u,1166048,100.00,,
     0.348789359,60004,,cache-misses:u,1165440,100.00,,
     0.348789359,1540259,,bus-cycles:u,1165440,100.00,,
     0.348789359,2229940,,instructions:u,1165984,100.00,,
     0.350008844,1,,branch-misses:u,1220640,100.00,,
     0.350008844,62375,,cache-misses:u,1220768,100.00,,
     0.350008844,1614614,,bus-cycles:u,1220704,100.00,,
     0.350008844,2345885,,instructions:u,1220416,100.00,,
     0.351178484,0,,branch-misses:u,1168704,100.00,,
     0.351178484,1012,,cache-misses:u,1168608,100.00,,
     0.351178484,1525676,,bus-cycles:u,1168640,100.00,,
     0.351178484,2532690,,instructions:u,1168384,100.00,,
     0.352341213,0,,branch-misses:u,1162624,100.00,,
     0.352341213,1013,,cache-misses:u,1162240,100.00,,
     0.352341213,1536422,,bus-cycles:u,1162272,100.00,,
     0.352341213,2552100,,instructions:u,1162272,100.00,,
     0.353498695,0,,branch-misses:u,1157664,100.00,,
     0.353498695,56157,,cache-misses:u,1157152,100.00,,
     0.353498695,1531092,,bus-cycles:u,1157312,100.00,,
     0.353498695,2242040,,instructions:u,1157536,100.00,,
     0.354657106,1,,branch-misses:u,1159072,100.00,,
     0.354657106,59548,,cache-misses:u,1159584,100.00,,
     0.354657106,1531813,,bus-cycles:u,1159456,100.00,,
     0.354657106,2222693,,instructions:u,1159168,100.00,,
     0.355828121,0,,branch-misses:u,1176800,100.00,,
     0.355828121,25564,,cache-misses:u,1178784,100.00,,
     0.355828121,1539159,,bus-cycles:u,1179456,100.00,,
     0.355828121,2423082,,instructions:u,1180320,100.00,,
     0.357054805,0,,branch-misses:u,1221504,100.00,,
     0.357054805,885,,cache-misses:u,1219744,100.00,,
     0.357054805,1614074,,bus-cycles:u,1219328,100.00,,
     0.357054805,2681530,,instructions:u,1218752,100.00,,
     0.358218686,0,,branch-misses:u,1165376,100.00,,
     0.358218686,35162,,cache-misses:u,1165696,100.00,,
     0.358218686,1540205,,bus-cycles:u,1165312,100.00,,
     0.358218686,2373430,,instructions:u,1165152,100.00,,
     0.359383975,0,,branch-misses:u,1164992,100.00,,
     0.359383975,58921,,cache-misses:u,1165472,100.00,,
     0.359383975,1518395,,bus-cycles:u,1166240,100.00,,
     0.359383975,2209887,,instructions:u,1166048,100.00,,
     0.360549839,1,,branch-misses:u,855616,100.00,,
     0.360549839,40490,,cache-misses:u,856128,100.00,,
     0.360549839,1051792,,bus-cycles:u,856032,100.00,,
     0.360549839,1521916,,instructions:u,856512,100.00,,
     0.361720791,0,,branch-misses:u,1171488,100.00,,
     0.361720791,6204,,cache-misses:u,1169920,100.00,,
     0.361720791,1539286,,bus-cycles:u,1169248,100.00,,
     0.361720791,2529262,,instructions:u,1168928,100.00,,
     0.362891262,0,,branch-misses:u,1158336,100.00,,
     0.362891262,1049,,cache-misses:u,1158464,100.00,,
     0.362891262,1508408,,bus-cycles:u,1158560,100.00,,
     0.362891262,2505880,,instructions:u,1158656,100.00,,
     0.364054279,0,,branch-misses:u,1165568,100.00,,
     0.364054279,48941,,cache-misses:u,1165504,100.00,,
     0.364054279,1506414,,bus-cycles:u,1165504,100.00,,
     0.364054279,2235740,,instructions:u,1165600,100.00,,
     0.365223375,1,,branch-misses:u,1167744,100.00,,
     0.365223375,59160,,cache-misses:u,1167584,100.00,,
     0.365223375,1543255,,bus-cycles:u,1167488,100.00,,
     0.365223375,2240145,,instructions:u,1167296,100.00,,
     0.366389016,0,,branch-misses:u,1164960,100.00,,
     0.366389016,31730,,cache-misses:u,1165184,100.00,,
     0.366389016,1540529,,bus-cycles:u,1165344,100.00,,
     0.366389016,2392130,,instructions:u,1165408,100.00,,
     0.367550817,0,,branch-misses:u,1163328,100.00,,
     0.367550817,1206,,cache-misses:u,1162976,100.00,,
     0.367550817,1516038,,bus-cycles:u,1162880,100.00,,
     0.367550817,2518460,,instructions:u,1162848,100.00,,
     0.368712971,0,,branch-misses:u,1161248,100.00,,
     0.368712971,24700,,cache-misses:u,1161408,100.00,,
     0.368712971,1535888,,bus-cycles:u,1161280,100.00,,
     0.368712971,2419050,,instructions:u,1161408,100.00,,
     0.369874356,0,,branch-misses:u,1161760,100.00,,
     0.369874356,59241,,cache-misses:u,1161632,100.00,,
     0.369874356,1535611,,bus-cycles:u,1162080,100.00,,
     0.369874356,2219720,,instructions:u,1161696,100.00,,
     0.371033342,1,,branch-misses:u,1159264,100.00,,
     0.371033342,56071,,cache-misses:u,1159296,100.00,,
     0.371033342,1532280,,bus-cycles:u,1158816,100.00,,
     0.371033342,2242797,,instructions:u,1158816,100.00,,
     0.372271991,0,,branch-misses:u,1241216,100.00,,
     0.372271991,853,,cache-misses:u,1241696,100.00,,
     0.372271991,1624096,,bus-cycles:u,1242464,100.00,,
     0.372271991,2697018,,instructions:u,1242816,100.00,,
     0.373435904,0,,branch-misses:u,1161120,100.00,,
     0.373435904,3437,,cache-misses:u,1160608,100.00,,
     0.373435904,1533328,,bus-cycles:u,1159904,100.00,,
     0.373435904,2531330,,instructions:u,1159680,100.00,,
     0.374590891,0,,branch-misses:u,1154976,100.00,,
     0.374590891,59442,,cache-misses:u,1154432,100.00,,
     0.374590891,1526471,,bus-cycles:u,1154464,100.00,,
     0.374590891,2215650,,instructions:u,1154880,100.00,,
     0.375744535,1,,branch-misses:u,1155104,100.00,,
     0.375744535,58262,,cache-misses:u,1155872,100.00,,
     0.375744535,1507410,,bus-cycles:u,1156064,100.00,,
     0.375744535,2190515,,instructions:u,1156000,100.00,,
     0.376910655,0,,branch-misses:u,1165664,100.00,,
     0.376910655,19899,,cache-misses:u,1165472,100.00,,
     0.376910655,1541917,,bus-cycles:u,1165248,100.00,,
     0.376910655,2458880,,instructions:u,1164864,100.00,,
     0.378067881,0,,branch-misses:u,1157120,100.00,,
     0.378067881,1172,,cache-misses:u,1157056,100.00,,
     0.378067881,1531222,,bus-cycles:u,1156928,100.00,,
     0.378067881,2544550,,instructions:u,1156928,100.00,,
     0.379226100,0,,branch-misses:u,866112,100.00,,
     0.379226100,18558,,cache-misses:u,867552,100.00,,
     0.379226100,1055424,,bus-cycles:u,867744,100.00,,
     0.379226100,1646800,,instructions:u,867776,100.00,,
     0.380406041,0,,branch-misses:u,1178880,100.00,,
     0.380406041,60556,,cache-misses:u,1177280,100.00,,
     0.380406041,1557130,,bus-cycles:u,1177344,100.00,,
     0.380406041,2257520,,instructions:u,1177280,100.00,,
     0.381565827,1,,branch-misses:u,1159680,100.00,,
     0.381565827,59449,,cache-misses:u,1159808,100.00,,
     0.381565827,1532776,,bus-cycles:u,1159328,100.00,,
     0.381565827,2223595,,instructions:u,1159360,100.00,,
     0.382724013,0,,branch-misses:u,1157504,100.00,,
     0.382724013,2906,,cache-misses:u,1157664,100.00,,
     0.382724013,1531060,,bus-cycles:u,1157952,100.00,,
     0.382724013,2534410,,instructions:u,1158016,100.00,,
     0.383882360,0,,branch-misses:u,1159584,100.00,,
     0.383882360,780,,cache-misses:u,1159680,100.00,,
     0.383882360,1513416,,bus-cycles:u,1159680,100.00,,
     0.383882360,2514900,,instructions:u,1159680,100.00,,
     0.385041538,0,,branch-misses:u,1159872,100.00,,
     0.385041538,53642,,cache-misses:u,1159488,100.00,,
     0.385041538,1532038,,bus-cycles:u,1159584,100.00,,
     0.385041538,2257420,,instructions:u,1159488,100.00,,
     0.386199788,1,,branch-misses:u,1158848,100.00,,
     0.386199788,60023,,cache-misses:u,1159296,100.00,,
     0.386199788,1530910,,bus-cycles:u,1159136,100.00,,
     0.386199788,2221812,,instructions:u,1159360,100.00,,
     0.387359094,0,,branch-misses:u,1159040,100.00,,
     0.387359094,28369,,cache-misses:u,1159264,100.00,,
     0.387359094,1512372,,bus-cycles:u,1159424,100.00,,
     0.387359094,2363513,,instructions:u,1159264,100.00,,
     0.388521215,0,,branch-misses:u,1160864,100.00,,
     0.388521215,650,,cache-misses:u,1160544,100.00,,
     0.388521215,1534323,,bus-cycles:u,1160480,100.00,,
     0.388521215,2551020,,instructions:u,1160352,100.00,,
     0.389678793,0,,branch-misses:u,1158656,100.00,,
     0.389678793,28118,,cache-misses:u,1158560,100.00,,
     0.389678793,1531384,,bus-cycles:u,1158528,100.00,,
     0.389678793,2396350,,instructions:u,1159136,100.00,,
     0.390837460,0,,branch-misses:u,1159136,100.00,,
     0.390837460,59265,,cache-misses:u,1159232,100.00,,
     0.390837460,1531374,,bus-cycles:u,1159360,100.00,,
     0.390837460,2224394,,instructions:u,1159040,100.00,,
     0.391998525,1,,branch-misses:u,1161952,100.00,,
     0.391998525,53334,,cache-misses:u,1161632,100.00,,
     0.391998525,1517939,,bus-cycles:u,1161536,100.00,,
     0.391998525,2235901,,instructions:u,1161344,100.00,,
     0.393216219,0,,branch-misses:u,1217120,100.00,,
     0.393216219,870,,cache-misses:u,1217216,100.00,,
     0.393216219,1611937,,bus-cycles:u,1216928,100.00,,
     0.393216219,2678940,,instructions:u,1216896,100.00,,
     0.394379044,0,,branch-misses:u,1164448,100.00,,
     0.394379044,6254,,cache-misses:u,1164384,100.00,,
     0.394379044,1538737,,bus-cycles:u,1164704,100.00,,
     0.394379044,2526040,,instructions:u,1164800,100.00,,
     0.395538574,0,,branch-misses:u,1132736,100.00,,
     0.395538574,56359,,cache-misses:u,1134176,100.00,,
     0.395538574,1437623,,bus-cycles:u,1134336,100.00,,
     0.395538574,2086818,,instructions:u,1134240,100.00,,
     0.396703863,1,,branch-misses:u,1127584,100.00,,
     0.396703863,56371,,cache-misses:u,1126944,100.00,,
     0.396703863,1455091,,bus-cycles:u,1126944,100.00,,
     0.396703863,2118247,,instructions:u,1127168,100.00,,
     0.397868224,1,,branch-misses:u,890208,100.00,,
     0.397868224,22080,,cache-misses:u,890688,100.00,,
     0.397868224,1144850,,bus-cycles:u,890432,100.00,,
     0.397868224,1785350,,instructions:u,890016,100.00,,
     0.399030601,0,,branch-misses:u,1161216,100.00,,
     0.399030601,777,,cache-misses:u,1160704,100.00,,
     0.399030601,1534241,,bus-cycles:u,1160544,100.00,,
     0.399030601,2550540,,instructions:u,1160480,100.00,,
     0.400206447,0,,branch-misses:u,1178624,100.00,,
     0.400206447,18872,,cache-misses:u,1178560,100.00,,
     0.400206447,1507812,,bus-cycles:u,1178816,100.00,,
     0.400206447,2403850,,instructions:u,1179072,100.00,,
     0.401370520,0,,branch-misses:u,1163744,100.00,,
     0.401370520,59990,,cache-misses:u,1163200,100.00,,
     0.401370520,1536884,,bus-cycles:u,1163200,100.00,,
     0.401370520,2234560,,instructions:u,1163392,100.00,,
     0.402532354,1,,branch-misses:u,1162144,100.00,,
     0.402532354,59232,,cache-misses:u,1162720,100.00,,
     0.402532354,1535561,,bus-cycles:u,1162944,100.00,,
     0.402532354,2228335,,instructions:u,1163168,100.00,,
     0.403695755,0,,branch-misses:u,1163552,100.00,,
     0.403695755,3495,,cache-misses:u,1163616,100.00,,
     0.403695755,1507596,,bus-cycles:u,1163808,100.00,,
     0.403695755,2490137,,instructions:u,1164736,100.00,,
     0.404864179,0,,branch-misses:u,1168096,100.00,,
     0.404864179,1228,,cache-misses:u,1168416,100.00,,
     0.404864179,1542159,,bus-cycles:u,1168448,100.00,,
     0.404864179,2559803,,instructions:u,1167136,100.00,,
     0.406027868,0,,branch-misses:u,1163456,100.00,,
     0.406027868,52131,,cache-misses:u,1163232,100.00,,
     0.406027868,1536097,,bus-cycles:u,1162784,100.00,,
     0.406027868,2262840,,instructions:u,1162816,100.00,,
     0.407190597,1,,branch-misses:u,1163680,100.00,,
     0.407190597,58568,,cache-misses:u,1163168,100.00,,
     0.407190597,1517642,,bus-cycles:u,1162912,100.00,,
     0.407190597,2198235,,instructions:u,1162848,100.00,,
     0.408357901,0,,branch-misses:u,1167680,100.00,,
     0.408357901,29478,,cache-misses:u,1167968,100.00,,
     0.408357901,1543945,,bus-cycles:u,1168288,100.00,,
     0.408357901,2407677,,instructions:u,1168832,100.00,,
     0.409521271,0,,branch-misses:u,1162112,100.00,,
     0.409521271,1205,,cache-misses:u,1162272,100.00,,
     0.409521271,1536100,,bus-cycles:u,1162208,100.00,,
     0.409521271,2550673,,instructions:u,1161920,100.00,,
     0.410683232,0,,branch-misses:u,1163040,100.00,,
     0.410683232,28172,,cache-misses:u,1162496,100.00,,
     0.410683232,1536749,,bus-cycles:u,1163072,100.00,,
     0.410683232,2398430,,instructions:u,1163008,100.00,,
     0.411844554,0,,branch-misses:u,1162304,100.00,,
     0.411844554,58310,,cache-misses:u,1162272,100.00,,
     0.411844554,1514686,,bus-cycles:u,1161856,100.00,,
     0.411844554,2195670,,instructions:u,1161760,100.00,,
     0.413008083,1,,branch-misses:u,1163328,100.00,,
     0.413008083,53307,,cache-misses:u,1163776,100.00,,
     0.413008083,1537744,,bus-cycles:u,1163840,100.00,,
     0.413008083,2265155,,instructions:u,1164032,100.00,,
     0.414170492,0,,branch-misses:u,1161824,100.00,,
     0.414170492,822,,cache-misses:u,1161664,100.00,,
     0.414170492,1536837,,bus-cycles:u,1162304,100.00,,
     0.414170492,2552300,,instructions:u,1162080,100.00,,
     0.415381947,0,,branch-misses:u,913152,100.00,,
     0.415381947,789,,cache-misses:u,915104,100.00,,
     0.415381947,1107276,,bus-cycles:u,914112,100.00,,
     0.415381947,1835170,,instructions:u,913952,100.00,,
     0.416568959,0,,branch-misses:u,1179904,100.00,,
     0.416568959,45347,,cache-misses:u,1177792,100.00,,
     0.416568959,1556501,,bus-cycles:u,1178176,100.00,,
     0.416568959,2328700,,instructions:u,1179008,100.00,,
     0.417732264,1,,branch-misses:u,1162880,100.00,,
     0.417732264,58661,,cache-misses:u,1163104,100.00,,
     0.417732264,1537378,,bus-cycles:u,1162848,100.00,,
     0.417732264,2226915,,instructions:u,1162688,100.00,,
     0.418904655,0,,branch-misses:u,1173696,100.00,,
     0.418904655,34306,,cache-misses:u,1173856,100.00,,
     0.418904655,1551520,,bus-cycles:u,1174080,100.00,,
     0.418904655,2388870,,instructions:u,1173952,100.00,,
     0.420083285,0,,branch-misses:u,1179712,100.00,,
     0.420083285,1056,,cache-misses:u,1179168,100.00,,
     0.420083285,1538087,,bus-cycles:u,1179104,100.00,,
     0.420083285,2540260,,instructions:u,1179008,100.00,,
     0.421261851,0,,branch-misses:u,1177600,100.00,,
     0.421261851,22787,,cache-misses:u,1179200,100.00,,
     0.421261851,1558629,,bus-cycles:u,1179296,100.00,,
     0.421261851,2464697,,instructions:u,1179200,100.00,,
     0.422438113,0,,branch-misses:u,1175488,100.00,,
     0.422438113,59389,,cache-misses:u,1173856,100.00,,
     0.422438113,1553219,,bus-cycles:u,1173760,100.00,,
     0.422438113,2257123,,instructions:u,1173792,100.00,,
     0.423613224,1,,branch-misses:u,1176096,100.00,,
     0.423613224,55868,,cache-misses:u,1176416,100.00,,
     0.423613224,1529854,,bus-cycles:u,1176640,100.00,,
     0.423613224,2236235,,instructions:u,1176960,100.00,,
     0.424783408,0,,branch-misses:u,1169376,100.00,,
     0.424783408,787,,cache-misses:u,1168704,100.00,,
     0.424783408,1546419,,bus-cycles:u,1168960,100.00,,
     0.424783408,2570100,,instructions:u,1169216,100.00,,
     0.425953143,0,,branch-misses:u,1173824,100.00,,
     0.425953143,970,,cache-misses:u,1173856,100.00,,
     0.425953143,1552017,,bus-cycles:u,1173408,100.00,,
     0.425953143,2578080,,instructions:u,1172768,100.00,,
     0.427124127,0,,branch-misses:u,1176032,100.00,,
     0.427124127,61857,,cache-misses:u,1218432,100.00,,
     0.427124127,1596216,,bus-cycles:u,1219040,100.00,,
     0.427124127,2313830,,instructions:u,1219136,100.00,,
     0.428360537,1,,branch-misses:u,1229216,100.00,,
     0.428360537,60684,,cache-misses:u,1187200,100.00,,
     0.428360537,1568914,,bus-cycles:u,1186144,100.00,,
     0.428360537,2273765,,instructions:u,1186144,100.00,,
     0.429528385,0,,branch-misses:u,1167744,100.00,,
     0.429528385,17571,,cache-misses:u,1167840,100.00,,
     0.429528385,1544300,,bus-cycles:u,1168256,100.00,,
     0.429528385,2475130,,instructions:u,1168128,100.00,,
     0.430695881,0,,branch-misses:u,1166848,100.00,,
     0.430695881,1153,,cache-misses:u,1166816,100.00,,
     0.430695881,1542848,,bus-cycles:u,1166560,100.00,,
     0.430695881,2563690,,instructions:u,1166848,100.00,,
     0.431857842,0,,branch-misses:u,1164128,100.00,,
     0.431857842,39414,,cache-misses:u,1164160,100.00,,
     0.431857842,1515982,,bus-cycles:u,1164544,100.00,,
     0.431857842,2302640,,instructions:u,1164320,100.00,,
     0.433019036,0,,branch-misses:u,1160416,100.00,,
     0.433019036,59844,,cache-misses:u,1160128,100.00,,
     0.433019036,1532472,,bus-cycles:u,1159968,100.00,,
     0.433019036,2224610,,instructions:u,1159840,100.00,,
     0.434179718,1,,branch-misses:u,932352,100.00,,
     0.434179718,41855,,cache-misses:u,927008,100.00,,
     0.434179718,1185947,,bus-cycles:u,921920,100.00,,
     0.434179718,1741075,,instructions:u,916928,100.00,,
     0.435326130,0,,branch-misses:u,1081504,100.00,,
     0.435326130,838,,cache-misses:u,1088064,100.00,,
     0.435326130,1386213,,bus-cycles:u,1093184,100.00,,
     0.435326130,2299600,,instructions:u,1098624,100.00,,
     0.436550510,0,,branch-misses:u,1222368,100.00,,
     0.436550510,611,,cache-misses:u,1221536,100.00,,
     0.436550510,1617138,,bus-cycles:u,1221344,100.00,,
     0.436550510,2687380,,instructions:u,1220896,100.00,,
     0.437709848,0,,branch-misses:u,1160096,100.00,,
     0.437709848,58030,,cache-misses:u,1159776,100.00,,
     0.437709848,1533391,,bus-cycles:u,1159840,100.00,,
     0.437709848,2231820,,instructions:u,1159776,100.00,,
     0.438866435,1,,branch-misses:u,1155872,100.00,,
     0.438866435,58971,,cache-misses:u,1157024,100.00,,
     0.438866435,1530575,,bus-cycles:u,1156992,100.00,,
     0.438866435,2225295,,instructions:u,1156992,100.00,,
     0.440025869,0,,branch-misses:u,1162816,100.00,,
     0.440025869,23747,,cache-misses:u,1162816,100.00,,
     0.440025869,1516773,,bus-cycles:u,1162784,100.00,,
     0.440025869,2398570,,instructions:u,1162912,100.00,,
     0.441205139,0,,branch-misses:u,1176384,100.00,,
     0.441205139,1425,,cache-misses:u,1175456,100.00,,
     0.441205139,1555771,,bus-cycles:u,1175552,100.00,,
     0.441205139,2584890,,instructions:u,1175648,100.00,,
     0.442363229,0,,branch-misses:u,1159648,100.00,,
     0.442363229,33894,,cache-misses:u,1159648,100.00,,
     0.442363229,1532708,,bus-cycles:u,1160096,100.00,,
     0.442363229,2364280,,instructions:u,1159776,100.00,,
     0.443524103,0,,branch-misses:u,1160928,100.00,,
     0.443524103,59247,,cache-misses:u,1160736,100.00,,
     0.443524103,1515967,,bus-cycles:u,1160064,100.00,,
     0.443524103,2199258,,instructions:u,1160128,100.00,,
     0.444681777,1,,branch-misses:u,1157600,100.00,,
     0.444681777,48386,,cache-misses:u,1158048,100.00,,
     0.444681777,1531495,,bus-cycles:u,1158336,100.00,,
     0.444681777,2281607,,instructions:u,1158528,100.00,,
     0.445840731,0,,branch-misses:u,1159168,100.00,,
     0.445840731,703,,cache-misses:u,1159360,100.00,,
     0.445840731,1533952,,bus-cycles:u,1159296,100.00,,
     0.445840731,2549220,,instructions:u,1159200,100.00,,
     0.447006691,0,,branch-misses:u,1166272,100.00,,
     0.447006691,8509,,cache-misses:u,1165664,100.00,,
     0.447006691,1542458,,bus-cycles:u,1165504,100.00,,
     0.447006691,2518294,,instructions:u,1166400,100.00,,
     0.448171948,0,,branch-misses:u,1165888,100.00,,
     0.448171948,59040,,cache-misses:u,1165568,100.00,,
     0.448171948,1525215,,bus-cycles:u,1165664,100.00,,
     0.448171948,2204896,,instructions:u,1164608,100.00,,
     0.449333686,1,,branch-misses:u,1162592,100.00,,
     0.449333686,59716,,cache-misses:u,1163360,100.00,,
     0.449333686,1537164,,bus-cycles:u,1163456,100.00,,
     0.449333686,2233992,,instructions:u,1163488,100.00,,
     0.450493024,0,,branch-misses:u,1158656,100.00,,
     0.450493024,13814,,cache-misses:u,1158112,100.00,,
     0.450493024,1531037,,bus-cycles:u,1158016,100.00,,
     0.450493024,2475364,,instructions:u,1158048,100.00,,
     0.451649994,0,,branch-misses:u,1158624,100.00,,
     0.451649994,2021,,cache-misses:u,1158816,100.00,,
     0.451649994,1507186,,bus-cycles:u,1158912,100.00,,
     0.451649994,2502079,,instructions:u,1159008,100.00,,
     0.452811444,0,,branch-misses:u,875648,100.00,,
     0.452811444,25048,,cache-misses:u,877248,100.00,,
     0.452811444,1103543,,bus-cycles:u,877632,100.00,,
     0.452811444,1695970,,instructions:u,877920,100.00,,
     0.453974333,0,,branch-misses:u,1161632,100.00,,
     0.453974333,59344,,cache-misses:u,1159584,100.00,,
     0.453974333,1533886,,bus-cycles:u,1158976,100.00,,
     0.453974333,2225900,,instructions:u,1159072,100.00,,
     0.455140517,1,,branch-misses:u,1166304,100.00,,
     0.455140517,55625,,cache-misses:u,1167648,100.00,,
     0.455140517,1514431,,bus-cycles:u,1168352,100.00,,
     0.455140517,2212025,,instructions:u,1167840,100.00,,
     0.456302223,0,,branch-misses:u,1161536,100.00,,
     0.456302223,938,,cache-misses:u,1160640,100.00,,
     0.456302223,1535074,,bus-cycles:u,1160192,100.00,,
     0.456302223,2549620,,instructions:u,1160448,100.00,,
     0.457459385,0,,branch-misses:u,1157088,100.00,,
     0.457459385,859,,cache-misses:u,1156640,100.00,,
     0.457459385,1529999,,bus-cycles:u,1156672,100.00,,
     0.457459385,2542930,,instructions:u,1156544,100.00,,
     0.458672504,0,,branch-misses:u,1215072,100.00,,
     0.458672504,62020,,cache-misses:u,1215520,100.00,,
     0.458672504,1606735,,bus-cycles:u,1216000,100.00,,
     0.458672504,2335460,,instructions:u,1216096,100.00,,
     0.459839744,1,,branch-misses:u,1167264,100.00,,
     0.459839744,58620,,cache-misses:u,1167840,100.00,,
     0.459839744,1511146,,bus-cycles:u,1167136,100.00,,
     0.459839744,2191992,,instructions:u,1167264,100.00,,
     0.461001865,0,,branch-misses:u,1161568,100.00,,
     0.461001865,20386,,cache-misses:u,1161184,100.00,,
     0.461001865,1535512,,bus-cycles:u,1161856,100.00,,
     0.461001865,2439093,,instructions:u,1161664,100.00,,
     0.462160148,0,,branch-misses:u,1158976,100.00,,
     0.462160148,1262,,cache-misses:u,1159136,100.00,,
     0.462160148,1532168,,bus-cycles:u,1158464,100.00,,
     0.462160148,2546040,,instructions:u,1158304,100.00,,
     0.463317598,0,,branch-misses:u,1159072,100.00,,
     0.463317598,35972,,cache-misses:u,1158272,100.00,,
     0.463317598,1508816,,bus-cycles:u,1158336,100.00,,
     0.463317598,2310928,,instructions:u,1158464,100.00,,
     0.464486054,0,,branch-misses:u,1167552,100.00,,
     0.464486054,60541,,cache-misses:u,1168128,100.00,,
     0.464486054,1544622,,bus-cycles:u,1168032,100.00,,
     0.464486054,2240362,,instructions:u,1168032,100.00,,
     0.465646096,1,,branch-misses:u,1158944,100.00,,
     0.465646096,45945,,cache-misses:u,1159072,100.00,,
     0.465646096,1532890,,bus-cycles:u,1159200,100.00,,
     0.465646096,2301095,,instructions:u,1159264,100.00,,
     0.466801915,0,,branch-misses:u,1156000,100.00,,
     0.466801915,819,,cache-misses:u,1155872,100.00,,
     0.466801915,1528730,,bus-cycles:u,1155872,100.00,,
     0.466801915,2540530,,instructions:u,1155808,100.00,,
     0.467959909,0,,branch-misses:u,1161920,100.00,,
     0.467959909,10609,,cache-misses:u,1162144,100.00,,
     0.467959909,1512095,,bus-cycles:u,1162080,100.00,,
     0.467959909,2460040,,instructions:u,1161952,100.00,,
     0.469123630,0,,branch-misses:u,1160416,100.00,,
     0.469123630,60545,,cache-misses:u,1159648,100.00,,
     0.469123630,1534252,,bus-cycles:u,1159776,100.00,,
     0.469123630,2226160,,instructions:u,1159936,100.00,,
     0.470282808,1,,branch-misses:u,1160800,100.00,,
     0.470282808,60024,,cache-misses:u,1162336,100.00,,
     0.470282808,1534577,,bus-cycles:u,1162208,100.00,,
     0.470282808,2227132,,instructions:u,1162016,100.00,,
     0.471442722,0,,branch-misses:u,865216,100.00,,
     0.471442722,11594,,cache-misses:u,865472,100.00,,
     0.471442722,1052447,,bus-cycles:u,865760,100.00,,
     0.471442722,1681753,,instructions:u,865824,100.00,,
     0.472604331,0,,branch-misses:u,1160928,100.00,,
     0.472604331,751,,cache-misses:u,1159616,100.00,,
     0.472604331,1533951,,bus-cycles:u,1159424,100.00,,
     0.472604331,2550140,,instructions:u,1159584,100.00,,
     0.473761814,0,,branch-misses:u,1159072,100.00,,
     0.473761814,26541,,cache-misses:u,1158880,100.00,,
     0.473761814,1531640,,bus-cycles:u,1158496,100.00,,
     0.473761814,2403030,,instructions:u,1158528,100.00,,
     0.474919520,0,,branch-misses:u,1156160,100.00,,
     0.474919520,59954,,cache-misses:u,1156448,100.00,,
     0.474919520,1529208,,bus-cycles:u,1156800,100.00,,
     0.474919520,2219337,,instructions:u,1156736,100.00,,
     0.476076362,1,,branch-misses:u,1160480,100.00,,
     0.476076362,55041,,cache-misses:u,1160192,100.00,,
     0.476076362,1513025,,bus-cycles:u,1160160,100.00,,
     0.476076362,2213868,,instructions:u,1160192,100.00,,
     0.477239060,0,,branch-misses:u,1160480,100.00,,
     0.477239060,752,,cache-misses:u,1160864,100.00,,
     0.477239060,1536164,,bus-cycles:u,1160896,100.00,,
     0.477239060,2553094,,instructions:u,1160768,100.00,,
     0.478397118,0,,branch-misses:u,1158496,100.00,,
     0.478397118,1053,,cache-misses:u,1157888,100.00,,
     0.478397118,1531747,,bus-cycles:u,1157888,100.00,,
     0.478397118,2543304,,instructions:u,1157984,100.00,,
     0.479614588,0,,branch-misses:u,1218368,100.00,,
     0.479614588,62116,,cache-misses:u,1219296,100.00,,
     0.479614588,1594525,,bus-cycles:u,1219104,100.00,,
     0.479614588,2314282,,instructions:u,1219328,100.00,,
     0.480782276,1,,branch-misses:u,1167616,100.00,,
     0.480782276,59976,,cache-misses:u,1167424,100.00,,
     0.480782276,1542274,,bus-cycles:u,1167520,100.00,,
     0.480782276,2240415,,instructions:u,1167232,100.00,,
     0.481942861,0,,branch-misses:u,1161120,100.00,,
     0.481942861,18585,,cache-misses:u,1160576,100.00,,
     0.481942861,1533362,,bus-cycles:u,1160576,100.00,,
     0.481942861,2452530,,instructions:u,1160544,100.00,,
     0.483103383,0,,branch-misses:u,1159872,100.00,,
     0.483103383,1078,,cache-misses:u,1159776,100.00,,
     0.483103383,1534504,,bus-cycles:u,1159808,100.00,,
     0.483103383,2549950,,instructions:u,1159808,100.00,,
     0.484290267,0,,branch-misses:u,1190208,100.00,,
     0.484290267,39127,,cache-misses:u,1191680,100.00,,
     0.484290267,1555404,,bus-cycles:u,1191648,100.00,,
     0.484290267,2372930,,instructions:u,1191904,100.00,,
     0.485461283,0,,branch-misses:u,1170080,100.00,,
     0.485461283,59214,,cache-misses:u,1169216,100.00,,
     0.485461283,1546696,,bus-cycles:u,1169216,100.00,,
     0.485461283,2244740,,instructions:u,1169504,100.00,,
     0.486629899,1,,branch-misses:u,1167936,100.00,,
     0.486629899,40334,,cache-misses:u,1167904,100.00,,
     0.486629899,1545144,,bus-cycles:u,1168032,100.00,,
     0.486629899,2346445,,instructions:u,1167520,100.00,,
     0.487799635,0,,branch-misses:u,874272,100.00,,
     0.487799635,591,,cache-misses:u,876128,100.00,,
     0.487799635,1081481,,bus-cycles:u,876320,100.00,,
     0.487799635,1793680,,instructions:u,876224,100.00,,
     0.488974137,0,,branch-misses:u,1173792,100.00,,
     0.488974137,1050,,cache-misses:u,1171360,100.00,,
     0.488974137,1549927,,bus-cycles:u,1171168,100.00,,
     0.488974137,2573680,,instructions:u,1171168,100.00,,
     0.490144737,0,,branch-misses:u,1171264,100.00,,
     0.490144737,58381,,cache-misses:u,1171264,100.00,,
     0.490144737,1547231,,bus-cycles:u,1171200,100.00,,
     0.490144737,2252740,,instructions:u,1171232,100.00,,
     0.491308202,1,,branch-misses:u,1162528,100.00,,
     0.491308202,57405,,cache-misses:u,1163968,100.00,,
     0.491308202,1500392,,bus-cycles:u,1164448,100.00,,
     0.491308202,2173575,,instructions:u,1164640,100.00,,
     0.492474482,0,,branch-misses:u,1167392,100.00,,
     0.492474482,23656,,cache-misses:u,1166272,100.00,,
     0.492474482,1525643,,bus-cycles:u,1165984,100.00,,
     0.492474482,2411430,,instructions:u,1166496,100.00,,
     0.493636796,0,,branch-misses:u,1160320,100.00,,
     0.493636796,725,,cache-misses:u,1160768,100.00,,
     0.493636796,1534436,,bus-cycles:u,1160800,100.00,,
     0.493636796,2549970,,instructions:u,1160256,100.00,,
     0.494797573,0,,branch-misses:u,1161760,100.00,,
     0.494797573,32260,,cache-misses:u,1160480,100.00,,
     0.494797573,1535052,,bus-cycles:u,1160416,100.00,,
     0.494797573,2374610,,instructions:u,1160288,100.00,,
     0.495969677,0,,branch-misses:u,1183488,100.00,,
     0.495969677,59336,,cache-misses:u,1186752,100.00,,
     0.495969677,1553707,,bus-cycles:u,1188160,100.00,,
     0.495969677,2254500,,instructions:u,1188736,100.00,,
     0.497226946,1,,branch-misses:u,1249056,100.00,,
     0.497226946,47006,,cache-misses:u,1247200,100.00,,
     0.497226946,1645482,,bus-cycles:u,1245792,100.00,,
     0.497226946,2478766,,instructions:u,1245376,100.00,,
     0.498396010,0,,branch-misses:u,1167136,100.00,,
     0.498396010,2352,,cache-misses:u,1166528,100.00,,
     0.498396010,1544055,,bus-cycles:u,1166400,100.00,,
     0.498396010,2560629,,instructions:u,1166176,100.00,,
     0.499563282,0,,branch-misses:u,1169216,100.00,,
     0.499563282,13287,,cache-misses:u,1169920,100.00,,
     0.499563282,1524453,,bus-cycles:u,1170976,100.00,,
     0.499563282,2460806,,instructions:u,1172128,100.00,,
     0.500862846,0,,branch-misses:u,1300224,100.00,,
     0.500862846,66408,,cache-misses:u,1299648,100.00,,
     0.500862846,1722309,,bus-cycles:u,1299584,100.00,,
     0.500862846,2499234,,instructions:u,1299296,100.00,,
     0.502087674,1,,branch-misses:u,1223360,100.00,,
     0.502087674,59903,,cache-misses:u,1223328,100.00,,
     0.502087674,1618096,,bus-cycles:u,1222560,100.00,,
     0.502087674,2355925,,instructions:u,1222016,100.00,,
     0.503263873,0,,branch-misses:u,1176288,100.00,,
     0.503263873,1301,,cache-misses:u,1176256,100.00,,
     0.503263873,1539021,,bus-cycles:u,1175936,100.00,,
     0.503263873,2550960,,instructions:u,1176352,100.00,,
     0.504444326,0,,branch-misses:u,1180544,100.00,,
     0.504444326,1029,,cache-misses:u,1180256,100.00,,
     0.504444326,1563003,,bus-cycles:u,1180832,100.00,,
     0.504444326,2594160,,instructions:u,1180256,100.00,,
     0.505616142,0,,branch-misses:u,1129632,100.00,,
     0.505616142,55432,,cache-misses:u,1130688,100.00,,
     0.505616142,1443078,,bus-cycles:u,1130368,100.00,,
     0.505616142,2092068,,instructions:u,1130304,100.00,,
     0.506784534,0,,branch-misses:u,967584,100.00,,
     0.506784534,48297,,cache-misses:u,961152,100.00,,
     0.506784534,1250153,,bus-cycles:u,956000,100.00,,
     0.506784534,1808702,,instructions:u,951040,100.00,,
     0.507948383,1,,branch-misses:u,1062496,100.00,,
     0.507948383,35326,,cache-misses:u,1068928,100.00,,
     0.507948383,1341565,,bus-cycles:u,1073920,100.00,,
     0.507948383,2036265,,instructions:u,1078944,100.00,,
     0.509125957,0,,branch-misses:u,1175840,100.00,,
     0.509125957,665,,cache-misses:u,1175168,100.00,,
     0.509125957,1554740,,bus-cycles:u,1175264,100.00,,
     0.509125957,2585060,,instructions:u,1175328,100.00,,
     0.510295405,0,,branch-misses:u,1170464,100.00,,
     0.510295405,14409,,cache-misses:u,1170016,100.00,,
     0.510295405,1547494,,bus-cycles:u,1169952,100.00,,
     0.510295405,2494550,,instructions:u,1169856,100.00,,
     0.511462741,0,,branch-misses:u,1166464,100.00,,
     0.511462741,59169,,cache-misses:u,1166752,100.00,,
     0.511462741,1525611,,bus-cycles:u,1166912,100.00,,
     0.511462741,2212610,,instructions:u,1166848,100.00,,
     0.512627006,1,,branch-misses:u,1165344,100.00,,
     0.512627006,59658,,cache-misses:u,1165216,100.00,,
     0.512627006,1539543,,bus-cycles:u,1165088,100.00,,
     0.512627006,2233012,,instructions:u,1165088,100.00,,
     0.513790599,0,,branch-misses:u,1163360,100.00,,
     0.513790599,7777,,cache-misses:u,1163584,100.00,,
     0.513790599,1538715,,bus-cycles:u,1163744,100.00,,
     0.513790599,2518403,,instructions:u,1163840,100.00,,
     0.514952176,0,,branch-misses:u,1161216,100.00,,
     0.514952176,812,,cache-misses:u,1160832,100.00,,
     0.514952176,1534667,,bus-cycles:u,1160352,100.00,,
     0.514952176,2551490,,instructions:u,1160128,100.00,,
     0.516115353,0,,branch-misses:u,1164384,100.00,,
     0.516115353,48680,,cache-misses:u,1164832,100.00,,
     0.516115353,1522045,,bus-cycles:u,1164992,100.00,,
     0.516115353,2262441,,instructions:u,1165088,100.00,,
     0.517275491,1,,branch-misses:u,1159584,100.00,,
     0.517275491,59539,,cache-misses:u,1159328,100.00,,
     0.517275491,1532303,,bus-cycles:u,1159424,100.00,,
     0.517275491,2228014,,instructions:u,1159744,100.00,,
     0.518436141,0,,branch-misses:u,1160704,100.00,,
     0.518436141,32667,,cache-misses:u,1161280,100.00,,
     0.518436141,1535026,,bus-cycles:u,1161376,100.00,,
     0.518436141,2381020,,instructions:u,1161184,100.00,,
     0.519596375,0,,branch-misses:u,1161152,100.00,,
     0.519596375,1053,,cache-misses:u,1160800,100.00,,
     0.519596375,1508334,,bus-cycles:u,1160672,100.00,,
     0.519596375,2504810,,instructions:u,1160736,100.00,,
     0.520757376,0,,branch-misses:u,1162304,100.00,,
     0.520757376,23553,,cache-misses:u,1162080,100.00,,
     0.520757376,1535219,,bus-cycles:u,1162208,100.00,,
     0.520757376,2422780,,instructions:u,1161984,100.00,,
     0.521919498,0,,branch-misses:u,1161728,100.00,,
     0.521919498,59914,,cache-misses:u,1161440,100.00,,
     0.521919498,1535743,,bus-cycles:u,1161248,100.00,,
     0.521919498,2234024,,instructions:u,1161248,100.00,,
     0.523136359,1,,branch-misses:u,1217472,100.00,,
     0.523136359,57255,,cache-misses:u,1218208,100.00,,
     0.523136359,1593990,,bus-cycles:u,1218272,100.00,,
     0.523136359,2345501,,instructions:u,1218432,100.00,,
     0.524304080,0,,branch-misses:u,1166336,100.00,,
     0.524304080,852,,cache-misses:u,1165792,100.00,,
     0.524304080,1542040,,bus-cycles:u,1165760,100.00,,
     0.524304080,2561920,,instructions:u,1165632,100.00,,
     0.525460506,0,,branch-misses:u,871968,100.00,,
     0.525460506,775,,cache-misses:u,873408,100.00,,
     0.525460506,1107207,,bus-cycles:u,873408,100.00,,
     0.525460506,1834877,,instructions:u,873824,100.00,,
     0.526625507,0,,branch-misses:u,1164864,100.00,,
     0.526625507,45096,,cache-misses:u,1164192,100.00,,
     0.526625507,1539261,,bus-cycles:u,1164288,100.00,,
     0.526625507,2312303,,instructions:u,1164000,100.00,,
     0.527789676,0,,branch-misses:u,1164064,100.00,,
     0.527789676,58870,,cache-misses:u,1164224,100.00,,
     0.527789676,1508781,,bus-cycles:u,1164224,100.00,,
     0.527789676,2188708,,instructions:u,1164288,100.00,,
     0.528958100,1,,branch-misses:u,1172160,100.00,,
     0.528958100,37432,,cache-misses:u,1171456,100.00,,
     0.528958100,1548762,,bus-cycles:u,1171584,100.00,,
     0.528958100,2374477,,instructions:u,1171616,100.00,,
     0.530131259,0,,branch-misses:u,1169856,100.00,,
     0.530131259,1200,,cache-misses:u,1171136,100.00,,
     0.530131259,1547458,,bus-cycles:u,1171008,100.00,,
     0.530131259,2570150,,instructions:u,1170848,100.00,,
     0.531293444,0,,branch-misses:u,1161760,100.00,,
     0.531293444,19990,,cache-misses:u,1160000,100.00,,
     0.531293444,1512926,,bus-cycles:u,1159968,100.00,,
     0.531293444,2405612,,instructions:u,1160096,100.00,,
     0.532455726,0,,branch-misses:u,1163328,100.00,,
     0.532455726,59624,,cache-misses:u,1163648,100.00,,
     0.532455726,1539217,,bus-cycles:u,1164000,100.00,,
     0.532455726,2234548,,instructions:u,1163936,100.00,,
     0.533616471,1,,branch-misses:u,1160736,100.00,,
     0.533616471,59329,,cache-misses:u,1160864,100.00,,
     0.533616471,1532873,,bus-cycles:u,1160512,100.00,,
     0.533616471,2229455,,instructions:u,1160480,100.00,,
     0.534776193,0,,branch-misses:u,1158912,100.00,,
     0.534776193,2108,,cache-misses:u,1159072,100.00,,
     0.534776193,1532410,,bus-cycles:u,1159136,100.00,,
     0.534776193,2540120,,instructions:u,1159104,100.00,,
     0.535933036,0,,branch-misses:u,1157888,100.00,,
     0.535933036,770,,cache-misses:u,1157728,100.00,,
     0.535933036,1511320,,bus-cycles:u,1157696,100.00,,
     0.535933036,2512363,,instructions:u,1157632,100.00,,
     0.537092694,0,,branch-misses:u,1159392,100.00,,
     0.537092694,53970,,cache-misses:u,1159904,100.00,,
     0.537092694,1533307,,bus-cycles:u,1160000,100.00,,
     0.537092694,2256077,,instructions:u,1160000,100.00,,
     0.538250560,1,,branch-misses:u,1158496,100.00,,
     0.538250560,59391,,cache-misses:u,1157280,100.00,,
     0.538250560,1529563,,bus-cycles:u,1157088,100.00,,
     0.538250560,2220725,,instructions:u,1157312,100.00,,
     0.539407786,0,,branch-misses:u,1157248,100.00,,
     0.539407786,27822,,cache-misses:u,1158304,100.00,,
     0.539407786,1512551,,bus-cycles:u,1158144,100.00,,
     0.539407786,2368750,,instructions:u,1158464,100.00,,
     0.540570868,0,,branch-misses:u,1163168,100.00,,
     0.540570868,797,,cache-misses:u,1163040,100.00,,
     0.540570868,1537609,,bus-cycles:u,1163360,100.00,,
     0.540570868,2555610,,instructions:u,1163040,100.00,,
     0.541731101,0,,branch-misses:u,1161152,100.00,,
     0.541731101,28819,,cache-misses:u,1161024,100.00,,
     0.541731101,1535030,,bus-cycles:u,1160960,100.00,,
     0.541731101,2397110,,instructions:u,1160736,100.00,,
     0.542893127,0,,branch-misses:u,878720,100.00,,
     0.542893127,43189,,cache-misses:u,879712,100.00,,
     0.542893127,1109955,,bus-cycles:u,879936,100.00,,
     0.542893127,1607692,,instructions:u,880064,100.00,,
     0.544117251,1,,branch-misses:u,1224352,100.00,,
     0.544117251,61397,,cache-misses:u,1224640,100.00,,
     0.544117251,1589399,,bus-cycles:u,1224352,100.00,,
     0.544117251,2307423,,instructions:u,1224448,100.00,,
     0.545291530,0,,branch-misses:u,1172192,100.00,,
     0.545291530,7610,,cache-misses:u,1170848,100.00,,
     0.545291530,1548761,,bus-cycles:u,1170976,100.00,,
     0.545291530,2537090,,instructions:u,1170880,100.00,,
     0.546449364,0,,branch-misses:u,1157504,100.00,,
     0.546449364,571,,cache-misses:u,1157536,100.00,,
     0.546449364,1530510,,bus-cycles:u,1157760,100.00,,
     0.546449364,2544154,,instructions:u,1157472,100.00,,
     0.547604671,0,,branch-misses:u,1157888,100.00,,
     0.547604671,49359,,cache-misses:u,1157376,100.00,,
     0.547604671,1510565,,bus-cycles:u,1157056,100.00,,
     0.547604671,2242446,,instructions:u,1157344,100.00,,
     0.548763945,1,,branch-misses:u,1158688,100.00,,
     0.548763945,59876,,cache-misses:u,1158816,100.00,,
     0.548763945,1531633,,bus-cycles:u,1158816,100.00,,
     0.548763945,2220682,,instructions:u,1158624,100.00,,
     0.549919796,0,,branch-misses:u,1154880,100.00,,
     0.549919796,32972,,cache-misses:u,1155584,100.00,,
     0.549919796,1526421,,bus-cycles:u,1155456,100.00,,
     0.549919796,2363111,,instructions:u,1155520,100.00,,
     0.551076862,0,,branch-misses:u,1157504,100.00,,
     0.551076862,566,,cache-misses:u,1156928,100.00,,
     0.551076862,1530936,,bus-cycles:u,1156768,100.00,,
     0.551076862,2544472,,instructions:u,1156832,100.00,,
     0.552310936,0,,branch-misses:u,1237376,100.00,,
     0.552310936,27409,,cache-misses:u,1238880,100.00,,
     0.552310936,1622458,,bus-cycles:u,1239424,100.00,,
     0.552310936,2548140,,instructions:u,1239968,100.00,,
     0.553476833,0,,branch-misses:u,1163584,100.00,,
     0.553476833,60055,,cache-misses:u,1161952,100.00,,
     0.553476833,1536861,,bus-cycles:u,1161568,100.00,,
     0.553476833,2228390,,instructions:u,1160992,100.00,,
     0.554633611,1,,branch-misses:u,1157536,100.00,,
     0.554633611,53589,,cache-misses:u,1158016,100.00,,
     0.554633611,1531605,,bus-cycles:u,1158112,100.00,,
     0.554633611,2262292,,instructions:u,1158080,100.00,,
     0.555796404,0,,branch-misses:u,1163744,100.00,,
     0.555796404,1092,,cache-misses:u,1163872,100.00,,
     0.555796404,1522160,,bus-cycles:u,1163776,100.00,,
     0.555796404,2529183,,instructions:u,1164128,100.00,,
     0.556958014,0,,branch-misses:u,1160512,100.00,,
     0.556958014,2705,,cache-misses:u,1159808,100.00,,
     0.556958014,1532963,,bus-cycles:u,1159872,100.00,,
     0.556958014,2536000,,instructions:u,1159744,100.00,,
     0.558116008,0,,branch-misses:u,1159104,100.00,,
     0.558116008,60075,,cache-misses:u,1159296,100.00,,
     0.558116008,1533347,,bus-cycles:u,1159040,100.00,,
     0.558116008,2224090,,instructions:u,1158592,100.00,,
     0.559277234,1,,branch-misses:u,1161248,100.00,,
     0.559277234,59079,,cache-misses:u,1160992,100.00,,
     0.559277234,1516965,,bus-cycles:u,1161216,100.00,,
     0.559277234,2200982,,instructions:u,1161504,100.00,,
     0.560435676,0,,branch-misses:u,1157408,100.00,,
     0.560435676,20221,,cache-misses:u,1157664,100.00,,
     0.560435676,1531481,,bus-cycles:u,1157664,100.00,,
     0.560435676,2441753,,instructions:u,1157600,100.00,,
     0.561591815,0,,branch-misses:u,1156768,100.00,,
     0.561591815,1231,,cache-misses:u,1156768,100.00,,
     0.561591815,1531400,,bus-cycles:u,1157248,100.00,,
     0.561591815,2546880,,instructions:u,1157920,100.00,,
     0.562750705,0,,branch-misses:u,869472,100.00,,
     0.562750705,19433,,cache-misses:u,871232,100.00,,
     0.562750705,1092991,,bus-cycles:u,871232,100.00,,
     0.562750705,1710120,,instructions:u,870752,100.00,,
     0.563914234,0,,branch-misses:u,1162592,100.00,,
     0.563914234,58518,,cache-misses:u,1161344,100.00,,
     0.563914234,1506295,,bus-cycles:u,1161280,100.00,,
     0.563914234,2190643,,instructions:u,1161280,100.00,,
     0.565081858,1,,branch-misses:u,1166944,100.00,,
     0.565081858,59622,,cache-misses:u,1166400,100.00,,
     0.565081858,1543153,,bus-cycles:u,1166176,100.00,,
     0.565081858,2242192,,instructions:u,1166112,100.00,,
     0.566291777,0,,branch-misses:u,1211616,100.00,,
     0.566291777,3359,,cache-misses:u,1212032,100.00,,
     0.566291777,1604858,,bus-cycles:u,1212128,100.00,,
     0.566291777,2653030,,instructions:u,1212736,100.00,,
     0.567461321,0,,branch-misses:u,1169888,100.00,,
     0.567461321,820,,cache-misses:u,1169216,100.00,,
     0.567461321,1522607,,bus-cycles:u,1168864,100.00,,
     0.567461321,2530350,,instructions:u,1168096,100.00,,
     0.568629169,0,,branch-misses:u,1169472,100.00,,
     0.568629169,55838,,cache-misses:u,1170112,100.00,,
     0.568629169,1548670,,bus-cycles:u,1171584,100.00,,
     0.568629169,2267460,,instructions:u,1172864,100.00,,
     0.569797881,1,,branch-misses:u,1168128,100.00,,
     0.569797881,58811,,cache-misses:u,1168160,100.00,,
     0.569797881,1540143,,bus-cycles:u,1166848,100.00,,
     0.569797881,2232548,,instructions:u,1165760,100.00,,
     0.570965377,0,,branch-misses:u,1167136,100.00,,
     0.570965377,24017,,cache-misses:u,1166976,100.00,,
     0.570965377,1541283,,bus-cycles:u,1167040,100.00,,
     0.570965377,2429527,,instructions:u,1167008,100.00,,
     0.572131562,0,,branch-misses:u,1166592,100.00,,
     0.572131562,851,,cache-misses:u,1166688,100.00,,
     0.572131562,1523045,,bus-cycles:u,1166944,100.00,,
     0.572131562,2530090,,instructions:u,1166880,100.00,,
     0.573296019,0,,branch-misses:u,1163616,100.00,,
     0.573296019,32415,,cache-misses:u,1163936,100.00,,
     0.573296019,1537784,,bus-cycles:u,1163584,100.00,,
     0.573296019,2380210,,instructions:u,1163584,100.00,,
     0.574458588,0,,branch-misses:u,1163488,100.00,,
     0.574458588,59303,,cache-misses:u,1163488,100.00,,
     0.574458588,1538493,,bus-cycles:u,1163840,100.00,,
     0.574458588,2230050,,instructions:u,1164000,100.00,,
     0.575622565,1,,branch-misses:u,1164480,100.00,,
     0.575622565,47781,,cache-misses:u,1164448,100.00,,
     0.575622565,1514772,,bus-cycles:u,1164064,100.00,,
     0.575622565,2255985,,instructions:u,1163840,100.00,,
     0.576786766,0,,branch-misses:u,1163328,100.00,,
     0.576786766,762,,cache-misses:u,1163072,100.00,,
     0.576786766,1537928,,bus-cycles:u,1163168,100.00,,
     0.576786766,2556150,,instructions:u,1163296,100.00,,
     0.577949015,0,,branch-misses:u,1162688,100.00,,
     0.577949015,7738,,cache-misses:u,1162560,100.00,,
     0.577949015,1537019,,bus-cycles:u,1162560,100.00,,
     0.577949015,2514050,,instructions:u,1162848,100.00,,
     0.579108193,0,,branch-misses:u,1159680,100.00,,
     0.579108193,59455,,cache-misses:u,1159328,100.00,,
     0.579108193,1534137,,bus-cycles:u,1159488,100.00,,
     0.579108193,2215190,,instructions:u,1172992,100.00,,
     0.580293574,1,,branch-misses:u,1186944,100.00,,
     0.580293574,59186,,cache-misses:u,1187360,100.00,,
     0.580293574,1544068,,bus-cycles:u,1187232,100.00,,
     0.580293574,2245315,,instructions:u,1173856,100.00,,
     0.581462254,0,,branch-misses:u,1168448,100.00,,
     0.581462254,13937,,cache-misses:u,1168608,100.00,,
     0.581462254,1544245,,bus-cycles:u,1168768,100.00,,
     0.581462254,2490830,,instructions:u,1168448,100.00,,
     0.582627127,0,,branch-misses:u,1163552,100.00,,
     0.582627127,1020,,cache-misses:u,1163296,100.00,,
     0.582627127,1538828,,bus-cycles:u,1163072,100.00,,
     0.582627127,2557510,,instructions:u,1163072,100.00,,
     0.583790336,0,,branch-misses:u,1164640,100.00,,
     0.583790336,42146,,cache-misses:u,1165344,100.00,,
     0.583790336,1519196,,bus-cycles:u,1165760,100.00,,
     0.583790336,2288960,,instructions:u,1165984,100.00,,
     0.584975748,0,,branch-misses:u,1185408,100.00,,
     0.584975748,60170,,cache-misses:u,1184960,100.00,,
     0.584975748,1567081,,bus-cycles:u,1184800,100.00,,
     0.584975748,2261590,,instructions:u,1184768,100.00,,
     0.586153930,1,,branch-misses:u,923616,100.00,,
     0.586153930,37049,,cache-misses:u,917792,100.00,,
     0.586153930,1175623,,bus-cycles:u,912544,100.00,,
     0.586153930,1742948,,instructions:u,907232,100.00,,
     0.587369320,1,,branch-misses:u,1159840,100.00,,
     0.587369320,775,,cache-misses:u,1167648,100.00,,
     0.587369320,1496042,,bus-cycles:u,1173024,100.00,,
     0.587369320,2484677,,instructions:u,1178528,100.00,,
     0.588554157,0,,branch-misses:u,1157696,100.00,,
     0.588554157,1869,,cache-misses:u,1155712,100.00,,
     0.588554157,1484760,,bus-cycles:u,1155968,100.00,,
     0.588554157,2453770,,instructions:u,1155488,100.00,,
     0.589728436,0,,branch-misses:u,1174368,100.00,,
     0.589728436,59225,,cache-misses:u,1174688,100.00,,
     0.589728436,1550085,,bus-cycles:u,1174208,100.00,,
     0.589728436,2249540,,instructions:u,1174496,100.00,,
     0.590899419,1,,branch-misses:u,1170912,100.00,,
     0.590899419,59187,,cache-misses:u,1170528,100.00,,
     0.590899419,1545561,,bus-cycles:u,1170784,100.00,,
     0.590899419,2231848,,instructions:u,1171328,100.00,,
     0.592068675,0,,branch-misses:u,1171456,100.00,,
     0.592068675,19739,,cache-misses:u,1171648,100.00,,
     0.592068675,1511277,,bus-cycles:u,1171200,100.00,,
     0.592068675,2402157,,instructions:u,1170432,100.00,,
     0.593241898,0,,branch-misses:u,1171616,100.00,,
     0.593241898,1227,,cache-misses:u,1171520,100.00,,
     0.593241898,1551009,,bus-cycles:u,1171744,100.00,,
     0.593241898,2577540,,instructions:u,1171584,100.00,,
     0.594407123,0,,branch-misses:u,1166272,100.00,,
     0.594407123,37177,,cache-misses:u,1165952,100.00,,
     0.594407123,1542759,,bus-cycles:u,1166144,100.00,,
     0.594407123,2351360,,instructions:u,1166240,100.00,,
     0.595574235,0,,branch-misses:u,1166912,100.00,,
     0.595574235,59286,,cache-misses:u,1167904,100.00,,
     0.595574235,1521289,,bus-cycles:u,1167488,100.00,,
     0.595574235,2192124,,instructions:u,1167680,100.00,,
     0.596747522,1,,branch-misses:u,1173088,100.00,,
     0.596747522,45408,,cache-misses:u,1172288,100.00,,
     0.596747522,1549477,,bus-cycles:u,1172352,100.00,,
     0.596747522,2319611,,instructions:u,1172192,100.00,,
     0.597911787,0,,branch-misses:u,1163360,100.00,,
     0.597911787,1066,,cache-misses:u,1163360,100.00,,
     0.597911787,1539065,,bus-cycles:u,1163232,100.00,,
     0.597911787,2557690,,instructions:u,1163200,100.00,,
     0.599074068,0,,branch-misses:u,1163776,100.00,,
     0.599074068,12296,,cache-misses:u,1163552,100.00,,
     0.599074068,1538674,,bus-cycles:u,1163648,100.00,,
     0.599074068,2486340,,instructions:u,1163648,100.00,,
     0.600265463,0,,branch-misses:u,1193856,100.00,,
     0.600265463,61152,,cache-misses:u,1193920,100.00,,
     0.600265463,1561465,,bus-cycles:u,1194304,100.00,,
     0.600265463,2252010,,instructions:u,1194720,100.00,,
     0.601438047,1,,branch-misses:u,1170208,100.00,,
     0.601438047,60487,,cache-misses:u,1169952,100.00,,
     0.601438047,1547671,,bus-cycles:u,1169248,100.00,,
     0.601438047,2228989,,instructions:u,1168832,100.00,,
     0.602598728,0,,branch-misses:u,1160960,100.00,,
     0.602598728,9550,,cache-misses:u,1161376,100.00,,
     0.602598728,1535866,,bus-cycles:u,1161600,100.00,,
     0.602598728,2503646,,instructions:u,1161472,100.00,,
     0.603758514,0,,branch-misses:u,1160128,100.00,,
     0.603758514,758,,cache-misses:u,1160192,100.00,,
     0.603758514,1517474,,bus-cycles:u,1160576,100.00,,
     0.603758514,2521367,,instructions:u,1160704,100.00,,
     0.604924635,0,,branch-misses:u,784992,100.00,,
     0.604924635,26092,,cache-misses:u,785568,100.00,,
     0.604924635,990838,,bus-cycles:u,785408,100.00,,
     0.604924635,1503500,,instructions:u,785248,100.00,,
     0.606082277,0,,branch-misses:u,1156896,100.00,,
     0.606082277,60012,,cache-misses:u,1155744,100.00,,
     0.606082277,1528919,,bus-cycles:u,1155904,100.00,,
     0.606082277,2212753,,instructions:u,1156096,100.00,,
     0.607240143,1,,branch-misses:u,1158336,100.00,,
     0.607240143,55593,,cache-misses:u,1158400,100.00,,
     0.607240143,1497527,,bus-cycles:u,1158048,100.00,,
     0.607240143,2187445,,instructions:u,1157856,100.00,,
     0.608404920,0,,branch-misses:u,1164832,100.00,,
     0.608404920,762,,cache-misses:u,1165024,100.00,,
     0.608404920,1541549,,bus-cycles:u,1165024,100.00,,
     0.608404920,2562292,,instructions:u,1165056,100.00,,
     0.609614423,0,,branch-misses:u,1211456,100.00,,
     0.609614423,2793,,cache-misses:u,1211328,100.00,,
     0.609614423,1602268,,bus-cycles:u,1211424,100.00,,
     0.609614423,2649998,,instructions:u,1211392,100.00,,
     0.610776737,0,,branch-misses:u,1161216,100.00,,
     0.610776737,60445,,cache-misses:u,1161024,100.00,,
     0.610776737,1536188,,bus-cycles:u,1160832,100.00,,
     0.610776737,2229560,,instructions:u,1161184,100.00,,
     0.611940138,1,,branch-misses:u,1168224,100.00,,
     0.611940138,59722,,cache-misses:u,1169792,100.00,,
     0.611940138,1528380,,bus-cycles:u,1171104,100.00,,
     0.611940138,2217665,,instructions:u,1171136,100.00,,
     0.613141483,0,,branch-misses:u,1198144,100.00,,
     0.613141483,19408,,cache-misses:u,1198464,100.00,,
     0.613141483,1583303,,bus-cycles:u,1197248,100.00,,
     0.613141483,2530720,,instructions:u,1197120,100.00,,
     0.614311507,0,,branch-misses:u,1168832,100.00,,
     0.614311507,681,,cache-misses:u,1168160,100.00,,
     0.614311507,1544597,,bus-cycles:u,1168192,100.00,,
     0.614311507,2568050,,instructions:u,1168096,100.00,,
     0.615473148,0,,branch-misses:u,1163040,100.00,,
     0.615473148,39475,,cache-misses:u,1162880,100.00,,
     0.615473148,1519316,,bus-cycles:u,1162816,100.00,,
     0.615473148,2312560,,instructions:u,1162656,100.00,,
     0.616640868,0,,branch-misses:u,1167424,100.00,,
     0.616640868,60304,,cache-misses:u,1167232,100.00,,
     0.616640868,1544168,,bus-cycles:u,1167296,100.00,,
     0.616640868,2241440,,instructions:u,1167392,100.00,,
     0.617802734,1,,branch-misses:u,1161344,100.00,,
     0.617802734,41287,,cache-misses:u,1161024,100.00,,
     0.617802734,1534321,,bus-cycles:u,1161024,100.00,,
     0.617802734,2324695,,instructions:u,1161056,100.00,,
     0.618961080,0,,branch-misses:u,1158304,100.00,,
     0.618961080,668,,cache-misses:u,1157952,100.00,,
     0.618961080,1530942,,bus-cycles:u,1157888,100.00,,
     0.618961080,2544704,,instructions:u,1157760,100.00,,
     0.620117410,0,,branch-misses:u,1158368,100.00,,
     0.620117410,15786,,cache-misses:u,1158784,100.00,,
     0.620117410,1512558,,bus-cycles:u,1158880,100.00,,
     0.620117410,2432736,,instructions:u,1159200,100.00,,
     0.621286666,0,,branch-misses:u,1168832,100.00,,
     0.621286666,60222,,cache-misses:u,1168256,100.00,,
     0.621286666,1544142,,bus-cycles:u,1168096,100.00,,
     0.621286666,2237960,,instructions:u,1167936,100.00,,
     0.622444917,1,,branch-misses:u,1157952,100.00,,
     0.622444917,59382,,cache-misses:u,1158144,100.00,,
     0.622444917,1529735,,bus-cycles:u,1158496,100.00,,
     0.622444917,2219668,,instructions:u,1158336,100.00,,
     0.623603615,0,,branch-misses:u,805216,100.00,,
     0.623603615,7369,,cache-misses:u,806400,100.00,,
     0.623603615,951206,,bus-cycles:u,807264,100.00,,
     0.623603615,1534927,,instructions:u,807840,100.00,,
     0.624770695,0,,branch-misses:u,1166848,100.00,,
     0.624770695,1025,,cache-misses:u,1166080,100.00,,
     0.624770695,1539597,,bus-cycles:u,1164672,100.00,,
     0.624770695,2554220,,instructions:u,1163936,100.00,,
     0.625934928,0,,branch-misses:u,1164608,100.00,,
     0.625934928,26825,,cache-misses:u,1164512,100.00,,
     0.625934928,1538970,,bus-cycles:u,1164864,100.00,,
     0.625934928,2409220,,instructions:u,1165184,100.00,,
     0.627096953,0,,branch-misses:u,1162336,100.00,,
     0.627096953,59613,,cache-misses:u,1162368,100.00,,
     0.627096953,1534763,,bus-cycles:u,1161984,100.00,,
     0.627096953,2224608,,instructions:u,1161888,100.00,,
     0.628287965,1,,branch-misses:u,1192192,100.00,,
     0.628287965,54331,,cache-misses:u,1192576,100.00,,
     0.628287965,1546725,,bus-cycles:u,1192800,100.00,,
     0.628287965,2275187,,instructions:u,1192704,100.00,,
     0.629451942,0,,branch-misses:u,1162880,100.00,,
     0.629451942,956,,cache-misses:u,1162560,100.00,,
     0.629451942,1537128,,bus-cycles:u,1162656,100.00,,
     0.629451942,2554300,,instructions:u,1162944,100.00,,
     0.630667460,0,,branch-misses:u,1216416,100.00,,
     0.630667460,6160,,cache-misses:u,1216352,100.00,,
     0.630667460,1607914,,bus-cycles:u,1216320,100.00,,
     0.630667460,2642050,,instructions:u,1216096,100.00,,
     0.631828973,0,,branch-misses:u,1163104,100.00,,
     0.631828973,59318,,cache-misses:u,1162976,100.00,,
     0.631828973,1518240,,bus-cycles:u,1163488,100.00,,
     0.631828973,2204090,,instructions:u,1163776,100.00,,
     0.632998581,1,,branch-misses:u,1168544,100.00,,
     0.632998581,60257,,cache-misses:u,1168896,100.00,,
     0.632998581,1543721,,bus-cycles:u,1168928,100.00,,
     0.632998581,2240155,,instructions:u,1168704,100.00,,
     0.634158143,0,,branch-misses:u,1159424,100.00,,
     0.634158143,16642,,cache-misses:u,1159296,100.00,,
     0.634158143,1531089,,bus-cycles:u,1158656,100.00,,
     0.634158143,2456711,,instructions:u,1158656,100.00,,
     0.635316265,0,,branch-misses:u,1158560,100.00,,
     0.635316265,1425,,cache-misses:u,1158592,100.00,,
     0.635316265,1513519,,bus-cycles:u,1158848,100.00,,
     0.635316265,2514799,,instructions:u,1158976,100.00,,
     0.636479858,0,,branch-misses:u,1164256,100.00,,
     0.636479858,40028,,cache-misses:u,1163776,100.00,,
     0.636479858,1537188,,bus-cycles:u,1163936,100.00,,
     0.636479858,2339908,,instructions:u,1163744,100.00,,
     0.637640700,0,,branch-misses:u,1160832,100.00,,
     0.637640700,60125,,cache-misses:u,1161152,100.00,,
     0.637640700,1532725,,bus-cycles:u,1160896,100.00,,
     0.637640700,2223442,,instructions:u,1160832,100.00,,
     0.638800550,130,,branch-misses:u,1160832,100.00,,
     0.638800550,6106,,cache-misses:u,1162912,100.00,,
     0.638800550,197831,,bus-cycles:u,1163136,100.00,,
     0.638800550,215487,,instructions:u,1163040,100.00,,
     0.639104357,0,,branch-misses:u,202944,100.00,,
     0.639104357,0,,cache-misses:u,195168,100.00,,
     0.639104357,0,,bus-cycles:u,189984,100.00,,
     0.639104357,0,,instructions:u,185248,100.00,,
