     0.001077227,879,,branch-misses:u,393792,100.00,,
     0.001077227,298,,cache-misses:u,399136,100.00,,
     0.001077227,65143,,bus-cycles:u,402400,100.00,,
     0.001077227,30052,,instructions:u,405952,100.00,,
     0.002427127,1561,,branch-misses:u,1346944,100.00,,
     0.002427127,23510,,cache-misses:u,1348032,100.00,,
     0.002427127,802728,,bus-cycles:u,1348256,100.00,,
     0.002427127,948159,,instructions:u,1347296,100.00,,
     0.003604779,0,,branch-misses:u,1174016,100.00,,
     0.003604779,32784,,cache-misses:u,1171872,100.00,,
     0.003604779,952418,,bus-cycles:u,1171680,100.00,,
     0.003604779,1280100,,instructions:u,1171904,100.00,,
     0.004782463,0,,branch-misses:u,1176320,100.00,,
     0.004782463,34236,,cache-misses:u,1175552,100.00,,
     0.004782463,1002617,,bus-cycles:u,1175776,100.00,,
     0.004782463,1341340,,instructions:u,1175456,100.00,,
     0.005942071,0,,branch-misses:u,1163168,100.00,,
     0.005942071,16172,,cache-misses:u,1164000,100.00,,
     0.005942071,706498,,bus-cycles:u,1163136,100.00,,
     0.005942071,1017057,,instructions:u,1163264,100.00,,
     0.007114604,0,,branch-misses:u,1169984,100.00,,
     0.007114604,1593,,cache-misses:u,1169696,100.00,,
     0.007114604,1551956,,bus-cycles:u,1169632,100.00,,
     0.007114604,2574603,,instructions:u,1169600,100.00,,
     0.008396200,0,,branch-misses:u,1285280,100.00,,
     0.008396200,7735,,cache-misses:u,1287488,100.00,,
     0.008396200,1560912,,bus-cycles:u,1287936,100.00,,
     0.008396200,2527020,,instructions:u,1288064,100.00,,
     0.009568573,4,,branch-misses:u,1170752,100.00,,
     0.009568573,39215,,cache-misses:u,1168288,100.00,,
     0.009568573,1140425,,bus-cycles:u,1168928,100.00,,
     0.009568573,1559843,,instructions:u,1168800,100.00,,
     0.010727701,0,,branch-misses:u,1158176,100.00,,
     0.010727701,55330,,cache-misses:u,1157920,100.00,,
     0.010727701,1535681,,bus-cycles:u,1157472,100.00,,
     0.010727701,2217483,,instructions:u,1157472,100.00,,
     0.011884525,1,,branch-misses:u,1158432,100.00,,
     0.011884525,30637,,cache-misses:u,1160096,100.00,,
     0.011884525,1479900,,bus-cycles:u,1159488,100.00,,
     0.011884525,2277529,,instructions:u,1160128,100.00,,
     0.013054851,0,,branch-misses:u,1168160,100.00,,
     0.013054851,2017,,cache-misses:u,1166464,100.00,,
     0.013054851,1550091,,bus-cycles:u,1167104,100.00,,
     0.013054851,2548930,,instructions:u,1166464,100.00,,
     0.014211132,0,,branch-misses:u,1158816,100.00,,
     0.014211132,20758,,cache-misses:u,1159392,100.00,,
     0.014211132,1536617,,bus-cycles:u,1158752,100.00,,
     0.014211132,2415018,,instructions:u,1158720,100.00,,
     0.015369748,1,,branch-misses:u,1158464,100.00,,
     0.015369748,54329,,cache-misses:u,1159360,100.00,,
     0.015369748,1519251,,bus-cycles:u,1159936,100.00,,
     0.015369748,2209287,,instructions:u,1160160,100.00,,
     0.016537866,0,,branch-misses:u,1167328,100.00,,
     0.016537866,55886,,cache-misses:u,1166240,100.00,,
     0.016537866,1545967,,bus-cycles:u,1166368,100.00,,
     0.016537866,2244530,,instructions:u,1166144,100.00,,
     0.017697857,0,,branch-misses:u,1160032,100.00,,
     0.017697857,1893,,cache-misses:u,1159872,100.00,,
     0.017697857,1537086,,bus-cycles:u,1159072,100.00,,
     0.017697857,2539420,,instructions:u,1159136,100.00,,
     0.018855226,0,,branch-misses:u,1158144,100.00,,
     0.018855226,1977,,cache-misses:u,1158048,100.00,,
     0.018855226,1537072,,bus-cycles:u,1159136,100.00,,
     0.018855226,2523100,,instructions:u,1159168,100.00,,
     0.020021232,2,,branch-misses:u,1168736,100.00,,
     0.020021232,46428,,cache-misses:u,1170816,100.00,,
     0.020021232,1413128,,bus-cycles:u,1169984,100.00,,
     0.020021232,2058025,,instructions:u,1171360,100.00,,
     0.021202467,0,,branch-misses:u,1180448,100.00,,
     0.021202467,56347,,cache-misses:u,1178336,100.00,,
     0.021202467,1560847,,bus-cycles:u,1178208,100.00,,
     0.021202467,2269560,,instructions:u,1176800,100.00,,
     0.022367066,0,,branch-misses:u,1164160,100.00,,
     0.022367066,28293,,cache-misses:u,1164192,100.00,,
     0.022367066,1544798,,bus-cycles:u,1164160,100.00,,
     0.022367066,2406192,,instructions:u,1164096,100.00,,
     0.023980394,0,,branch-misses:u,1618816,100.00,,
     0.023980394,2625,,cache-misses:u,1621344,100.00,,
     0.023980394,2137778,,bus-cycles:u,1622432,100.00,,
     0.023980394,3505228,,instructions:u,1624256,100.00,,
     0.025204948,1,,branch-misses:u,1220704,100.00,,
     0.025204948,48415,,cache-misses:u,1219360,100.00,,
     0.025204948,1617064,,bus-cycles:u,1218944,100.00,,
     0.025204948,2394975,,instructions:u,1217312,100.00,,
     0.026381799,0,,branch-misses:u,1175776,100.00,,
     0.026381799,56143,,cache-misses:u,1174752,100.00,,
     0.026381799,1557194,,bus-cycles:u,1174112,100.00,,
     0.026381799,2253788,,instructions:u,1174016,100.00,,
     0.027545023,0,,branch-misses:u,1163520,100.00,,
     0.027545023,26156,,cache-misses:u,1165344,100.00,,
     0.027545023,1429169,,bus-cycles:u,1165920,100.00,,
     0.027545023,2216062,,instructions:u,1166080,100.00,,
     0.028720851,0,,branch-misses:u,1174976,100.00,,
     0.028720851,1943,,cache-misses:u,1172960,100.00,,
     0.028720851,1557422,,bus-cycles:u,1172352,100.00,,
     0.028720851,2557600,,instructions:u,1172064,100.00,,
     0.029877483,0,,branch-misses:u,1157920,100.00,,
     0.029877483,22946,,cache-misses:u,1157664,100.00,,
     0.029877483,1536106,,bus-cycles:u,1157824,100.00,,
     0.029877483,2417586,,instructions:u,1158528,100.00,,
     0.031034724,1,,branch-misses:u,1156544,100.00,,
     0.031034724,55142,,cache-misses:u,1156608,100.00,,
     0.031034724,1534425,,bus-cycles:u,1156480,100.00,,
     0.031034724,2231537,,instructions:u,1155840,100.00,,
     0.032193308,0,,branch-misses:u,1160096,100.00,,
     0.032193308,51742,,cache-misses:u,1160704,100.00,,
     0.032193308,1524468,,bus-cycles:u,1160768,100.00,,
     0.032193308,2229842,,instructions:u,1160736,100.00,,
     0.033360850,0,,branch-misses:u,1167104,100.00,,
     0.033360850,1997,,cache-misses:u,1167744,100.00,,
     0.033360850,1550369,,bus-cycles:u,1168768,100.00,,
     0.033360850,2563700,,instructions:u,1168800,100.00,,
     0.034524297,0,,branch-misses:u,1164256,100.00,,
     0.034524297,2173,,cache-misses:u,1163488,100.00,,
     0.034524297,1542700,,bus-cycles:u,1162464,100.00,,
     0.034524297,2540560,,instructions:u,1162496,100.00,,
     0.035684385,1,,branch-misses:u,1159872,100.00,,
     0.035684385,54379,,cache-misses:u,1160224,100.00,,
     0.035684385,1524741,,bus-cycles:u,1160224,100.00,,
     0.035684385,2214255,,instructions:u,1160320,100.00,,
     0.036854326,0,,branch-misses:u,1170752,100.00,,
     0.036854326,56166,,cache-misses:u,1170400,100.00,,
     0.036854326,1553691,,bus-cycles:u,1170368,100.00,,
     0.036854326,2263130,,instructions:u,1170208,100.00,,
     0.038014702,0,,branch-misses:u,1159392,100.00,,
     0.038014702,20064,,cache-misses:u,1159680,100.00,,
     0.038014702,1538648,,bus-cycles:u,1159648,100.00,,
     0.038014702,2442953,,instructions:u,1160064,100.00,,
     0.039173382,0,,branch-misses:u,1158656,100.00,,
     0.039173382,1832,,cache-misses:u,1158464,100.00,,
     0.039173382,1536033,,bus-cycles:u,1158496,100.00,,
     0.039173382,2530807,,instructions:u,1158080,100.00,,
     0.040351194,1,,branch-misses:u,1181120,100.00,,
     0.040351194,33344,,cache-misses:u,1181728,100.00,,
     0.040351194,1556173,,bus-cycles:u,1181664,100.00,,
     0.040351194,2367285,,instructions:u,1181760,100.00,,
     0.041513713,0,,branch-misses:u,1161920,100.00,,
     0.041513713,55682,,cache-misses:u,1160512,100.00,,
     0.041513713,1541492,,bus-cycles:u,1160416,100.00,,
     0.041513713,2247140,,instructions:u,1160384,100.00,,
     0.042672169,0,,branch-misses:u,1156320,100.00,,
     0.042672169,40800,,cache-misses:u,1157056,100.00,,
     0.042672169,1535679,,bus-cycles:u,1157120,100.00,,
     0.042672169,2312676,,instructions:u,1157056,100.00,,
     0.043826786,0,,branch-misses:u,1155360,100.00,,
     0.043826786,2006,,cache-misses:u,1155360,100.00,,
     0.043826786,1519988,,bus-cycles:u,1155328,100.00,,
     0.043826786,2511124,,instructions:u,1155424,100.00,,
     0.045078213,0,,branch-misses:u,1254816,100.00,,
     0.045078213,16283,,cache-misses:u,1256448,100.00,,
     0.045078213,1667796,,bus-cycles:u,1256512,100.00,,
     0.045078213,2682037,,instructions:u,1256448,100.00,,
     0.046263223,1,,branch-misses:u,1182080,100.00,,
     0.046263223,56358,,cache-misses:u,1179936,100.00,,
     0.046263223,1567395,,bus-cycles:u,1179872,100.00,,
     0.046263223,2282838,,instructions:u,1179808,100.00,,
     0.047415441,0,,branch-misses:u,1152960,100.00,,
     0.047415441,54331,,cache-misses:u,1154240,100.00,,
     0.047415441,1501334,,bus-cycles:u,1154336,100.00,,
     0.047415441,2186424,,instructions:u,1154496,100.00,,
     0.048571178,0,,branch-misses:u,1155488,100.00,,
     0.048571178,6038,,cache-misses:u,1153952,100.00,,
     0.048571178,1531537,,bus-cycles:u,1153888,100.00,,
     0.048571178,2514796,,instructions:u,1154208,100.00,,
     0.049726115,0,,branch-misses:u,1154944,100.00,,
     0.049726115,1867,,cache-misses:u,1155168,100.00,,
     0.049726115,1533071,,bus-cycles:u,1155232,100.00,,
     0.049726115,2541040,,instructions:u,1154752,100.00,,
     0.050879324,1,,branch-misses:u,1154912,100.00,,
     0.050879324,47303,,cache-misses:u,1154848,100.00,,
     0.050879324,1532091,,bus-cycles:u,1154976,100.00,,
     0.050879324,2277472,,instructions:u,1155008,100.00,,
     0.052034517,0,,branch-misses:u,1155872,100.00,,
     0.052034517,55039,,cache-misses:u,1156864,100.00,,
     0.052034517,1517399,,bus-cycles:u,1156800,100.00,,
     0.052034517,2213783,,instructions:u,1157088,100.00,,
     0.053196780,0,,branch-misses:u,1160032,100.00,,
     0.053196780,28609,,cache-misses:u,1159040,100.00,,
     0.053196780,1538964,,bus-cycles:u,1158944,100.00,,
     0.053196780,2399710,,instructions:u,1158688,100.00,,
     0.054346566,0,,branch-misses:u,1149856,100.00,,
     0.054346566,1809,,cache-misses:u,1149824,100.00,,
     0.054346566,1526635,,bus-cycles:u,1149792,100.00,,
     0.054346566,2533450,,instructions:u,1149760,100.00,,
     0.055495968,0,,branch-misses:u,1150240,100.00,,
     0.055495968,24348,,cache-misses:u,1150848,100.00,,
     0.055495968,1514843,,bus-cycles:u,1150848,100.00,,
     0.055495968,2374290,,instructions:u,1150944,100.00,,
     0.056651641,1,,branch-misses:u,1156288,100.00,,
     0.056651641,54420,,cache-misses:u,1155584,100.00,,
     0.056651641,1533884,,bus-cycles:u,1155616,100.00,,
     0.056651641,2238205,,instructions:u,1155488,100.00,,
     0.057802099,0,,branch-misses:u,1149760,100.00,,
     0.057802099,50659,,cache-misses:u,1150496,100.00,,
     0.057802099,1527229,,bus-cycles:u,1150560,100.00,,
     0.057802099,2254920,,instructions:u,1150496,100.00,,
     0.058950734,0,,branch-misses:u,1148992,100.00,,
     0.058950734,1963,,cache-misses:u,1148384,100.00,,
     0.058950734,1525414,,bus-cycles:u,1148288,100.00,,
     0.058950734,2529390,,instructions:u,1148384,100.00,,
     0.060105351,0,,branch-misses:u,1156192,100.00,,
     0.060105351,2426,,cache-misses:u,1156128,100.00,,
     0.060105351,1523635,,bus-cycles:u,1156736,100.00,,
     0.060105351,2521838,,instructions:u,1156864,100.00,,
     0.061261183,1,,branch-misses:u,1155872,100.00,,
     0.061261183,55179,,cache-misses:u,1155808,100.00,,
     0.061261183,1533307,,bus-cycles:u,1155200,100.00,,
     0.061261183,2232257,,instructions:u,1155072,100.00,,
     0.062416472,0,,branch-misses:u,1154752,100.00,,
     0.062416472,55581,,cache-misses:u,1155328,100.00,,
     0.062416472,1534399,,bus-cycles:u,1155328,100.00,,
     0.062416472,2235850,,instructions:u,1155360,100.00,,
     0.063569138,0,,branch-misses:u,1159488,100.00,,
     0.063569138,19859,,cache-misses:u,1160128,100.00,,
     0.063569138,1527085,,bus-cycles:u,1160160,100.00,,
     0.063569138,2426300,,instructions:u,1160320,100.00,,
     0.064763362,0,,branch-misses:u,1189088,100.00,,
     0.064763362,2023,,cache-misses:u,1188224,100.00,,
     0.064763362,1576181,,bus-cycles:u,1188192,100.00,,
     0.064763362,2612570,,instructions:u,1188064,100.00,,
     0.065919482,1,,branch-misses:u,1155392,100.00,,
     0.065919482,34845,,cache-misses:u,1155584,100.00,,
     0.065919482,1533373,,bus-cycles:u,1155584,100.00,,
     0.065919482,2349755,,instructions:u,1155616,100.00,,
     0.067171773,0,,branch-misses:u,1255040,100.00,,
     0.067171773,60302,,cache-misses:u,1255200,100.00,,
     0.067171773,1665255,,bus-cycles:u,1255200,100.00,,
     0.067171773,2428490,,instructions:u,1255360,100.00,,
     0.068358127,0,,branch-misses:u,1185088,100.00,,
     0.068358127,35835,,cache-misses:u,1185344,100.00,,
     0.068358127,1559160,,bus-cycles:u,1185408,100.00,,
     0.068358127,2386320,,instructions:u,1185216,100.00,,
     0.069513288,0,,branch-misses:u,1154464,100.00,,
     0.069513288,2180,,cache-misses:u,1153568,100.00,,
     0.069513288,1530558,,bus-cycles:u,1153472,100.00,,
     0.069513288,2538650,,instructions:u,1153504,100.00,,
     0.070661538,0,,branch-misses:u,1148256,100.00,,
     0.070661538,18224,,cache-misses:u,1148448,100.00,,
     0.070661538,1524345,,bus-cycles:u,1149056,100.00,,
     0.070661538,2430880,,instructions:u,1149024,100.00,,
     0.071812636,1,,branch-misses:u,1151808,100.00,,
     0.071812636,54478,,cache-misses:u,1151808,100.00,,
     0.071812636,1515649,,bus-cycles:u,1151328,100.00,,
     0.071812636,2209305,,instructions:u,1151360,100.00,,
     0.072964438,0,,branch-misses:u,1153536,100.00,,
     0.072964438,55186,,cache-misses:u,1153472,100.00,,
     0.072964438,1532103,,bus-cycles:u,1153472,100.00,,
     0.072964438,2220730,,instructions:u,1153408,100.00,,
     0.074115824,0,,branch-misses:u,1150880,100.00,,
     0.074115824,5129,,cache-misses:u,1150784,100.00,,
     0.074115824,1528656,,bus-cycles:u,1150720,100.00,,
     0.074115824,2512270,,instructions:u,1150688,100.00,,
     0.075292708,0,,branch-misses:u,1190112,100.00,,
     0.075292708,1539,,cache-misses:u,1191712,100.00,,
     0.075292708,1572854,,bus-cycles:u,1192864,100.00,,
     0.075292708,2608550,,instructions:u,1193600,100.00,,
     0.076552741,1,,branch-misses:u,1247584,100.00,,
     0.076552741,53711,,cache-misses:u,1246720,100.00,,
     0.076552741,1653226,,bus-cycles:u,1245664,100.00,,
     0.076552741,2422535,,instructions:u,1245024,100.00,,
     0.077716859,0,,branch-misses:u,1164160,100.00,,
     0.077716859,55799,,cache-misses:u,1163936,100.00,,
     0.077716859,1544951,,bus-cycles:u,1163840,100.00,,
     0.077716859,2237540,,instructions:u,1164416,100.00,,
     0.078883314,0,,branch-misses:u,1166848,100.00,,
     0.078883314,22315,,cache-misses:u,1166784,100.00,,
     0.078883314,1549159,,bus-cycles:u,1166720,100.00,,
     0.078883314,2438630,,instructions:u,1166080,100.00,,
     0.080040746,0,,branch-misses:u,1160640,100.00,,
     0.080040746,1289,,cache-misses:u,1161248,100.00,,
     0.080040746,1527340,,bus-cycles:u,1161536,100.00,,
     0.080040746,2528509,,instructions:u,1161632,100.00,,
     0.081211903,1,,branch-misses:u,1168960,100.00,,
     0.081211903,32062,,cache-misses:u,1167968,100.00,,
     0.081211903,1550869,,bus-cycles:u,1168384,100.00,,
     0.081211903,2383706,,instructions:u,1168288,100.00,,
     0.082369688,0,,branch-misses:u,1157760,100.00,,
     0.082369688,55513,,cache-misses:u,1157728,100.00,,
     0.082369688,1535149,,bus-cycles:u,1157216,100.00,,
     0.082369688,2219974,,instructions:u,1157440,100.00,,
     0.083523569,0,,branch-misses:u,1153760,100.00,,
     0.083523569,43812,,cache-misses:u,1154656,100.00,,
     0.083523569,1517397,,bus-cycles:u,1154528,100.00,,
     0.083523569,2257286,,instructions:u,1154336,100.00,,
     0.084687688,0,,branch-misses:u,1165536,100.00,,
     0.084687688,1369,,cache-misses:u,1165856,100.00,,
     0.084687688,1547066,,bus-cycles:u,1165792,100.00,,
     0.084687688,2562480,,instructions:u,1165600,100.00,,
     0.085848351,0,,branch-misses:u,1159456,100.00,,
     0.085848351,9845,,cache-misses:u,1158368,100.00,,
     0.085848351,1538587,,bus-cycles:u,1158464,100.00,,
     0.085848351,2491560,,instructions:u,1159200,100.00,,
     0.087004152,1,,branch-misses:u,1155936,100.00,,
     0.087004152,55091,,cache-misses:u,1155808,100.00,,
     0.087004152,1534001,,bus-cycles:u,1155776,100.00,,
     0.087004152,2211515,,instructions:u,1155296,100.00,,
     0.088215364,0,,branch-misses:u,1217152,100.00,,
     0.088215364,57846,,cache-misses:u,1219008,100.00,,
     0.088215364,1604503,,bus-cycles:u,1219584,100.00,,
     0.088215364,2306304,,instructions:u,1219552,100.00,,
     0.089402070,0,,branch-misses:u,1181792,100.00,,
     0.089402070,11893,,cache-misses:u,1179968,100.00,,
     0.089402070,1565763,,bus-cycles:u,1179424,100.00,,
     0.089402070,2526996,,instructions:u,1179904,100.00,,
     0.090556911,0,,branch-misses:u,1155328,100.00,,
     0.090556911,1746,,cache-misses:u,1155264,100.00,,
     0.090556911,1532257,,bus-cycles:u,1155104,100.00,,
     0.090556911,2520000,,instructions:u,1154656,100.00,,
     0.091713032,1,,branch-misses:u,1157472,100.00,,
     0.091713032,41438,,cache-misses:u,1158144,100.00,,
     0.091713032,1522705,,bus-cycles:u,1158752,100.00,,
     0.091713032,2267625,,instructions:u,1158688,100.00,,
     0.092876863,0,,branch-misses:u,1163584,100.00,,
     0.092876863,55466,,cache-misses:u,1162944,100.00,,
     0.092876863,1541325,,bus-cycles:u,1162496,100.00,,
     0.092876863,2220040,,instructions:u,1162432,100.00,,
     0.094038550,0,,branch-misses:u,1161888,100.00,,
     0.094038550,34410,,cache-misses:u,1162048,100.00,,
     0.094038550,1541009,,bus-cycles:u,1162048,100.00,,
     0.094038550,2355920,,instructions:u,1162048,100.00,,
     0.095195023,0,,branch-misses:u,1155904,100.00,,
     0.095195023,1596,,cache-misses:u,1169440,100.00,,
     0.095195023,1605413,,bus-cycles:u,1235776,100.00,,
     0.095195023,2646130,,instructions:u,1236256,100.00,,
     0.096459790,0,,branch-misses:u,1269248,100.00,,
     0.096459790,22968,,cache-misses:u,1256224,100.00,,
     0.096459790,1577988,,bus-cycles:u,1190720,100.00,,
     0.096459790,2469480,,instructions:u,1190368,100.00,,
     0.097639234,1,,branch-misses:u,1175872,100.00,,
     0.097639234,55786,,cache-misses:u,1175072,100.00,,
     0.097639234,1558407,,bus-cycles:u,1174336,100.00,,
     0.097639234,2248893,,instructions:u,1174208,100.00,,
     0.098793435,0,,branch-misses:u,1153312,100.00,,
     0.098793435,52663,,cache-misses:u,1153536,100.00,,
     0.098793435,1531131,,bus-cycles:u,1153600,100.00,,
     0.098793435,2225322,,instructions:u,1153632,100.00,,
     0.099949876,0,,branch-misses:u,1158560,100.00,,
     0.099949876,1510,,cache-misses:u,1160192,100.00,,
     0.099949876,1523412,,bus-cycles:u,1161088,100.00,,
     0.099949876,2516530,,instructions:u,1161088,100.00,,
     0.101125256,0,,branch-misses:u,1174848,100.00,,
     0.101125256,1406,,cache-misses:u,1173088,100.00,,
     0.101125256,1555466,,bus-cycles:u,1171968,100.00,,
     0.101125256,2571740,,instructions:u,1171872,100.00,,
     0.102279841,1,,branch-misses:u,1154400,100.00,,
     0.102279841,53015,,cache-misses:u,1155168,100.00,,
     0.102279841,1531641,,bus-cycles:u,1155392,100.00,,
     0.102279841,2210265,,instructions:u,1155520,100.00,,
     0.103433914,0,,branch-misses:u,1154272,100.00,,
     0.103433914,54605,,cache-misses:u,1154112,100.00,,
     0.103433914,1517859,,bus-cycles:u,1154272,100.00,,
     0.103433914,2194000,,instructions:u,1154304,100.00,,
     0.104589011,0,,branch-misses:u,1155936,100.00,,
     0.104589011,23379,,cache-misses:u,1156064,100.00,,
     0.104589011,1533521,,bus-cycles:u,1156224,100.00,,
     0.104589011,2404910,,instructions:u,1156352,100.00,,
     0.105747435,0,,branch-misses:u,1160192,100.00,,
     0.105747435,1434,,cache-misses:u,1159776,100.00,,
     0.105747435,1537959,,bus-cycles:u,1159456,100.00,,
     0.105747435,2532867,,instructions:u,1160000,100.00,,
     0.106907203,1,,branch-misses:u,1158368,100.00,,
     0.106907203,29240,,cache-misses:u,1158272,100.00,,
     0.106907203,1535298,,bus-cycles:u,1158048,100.00,,
     0.106907203,2354638,,instructions:u,1157568,100.00,,
     0.108067547,0,,branch-misses:u,1165824,100.00,,
     0.108067547,54977,,cache-misses:u,1168480,100.00,,
     0.108067547,1535260,,bus-cycles:u,1168672,100.00,,
     0.108067547,2215770,,instructions:u,1168480,100.00,,
     0.109268201,0,,branch-misses:u,1197248,100.00,,
     0.109268201,46645,,cache-misses:u,1194400,100.00,,
     0.109268201,1584302,,bus-cycles:u,1194272,100.00,,
     0.109268201,2357770,,instructions:u,1194112,100.00,,
     0.110481013,0,,branch-misses:u,1211776,100.00,,
     0.110481013,2341,,cache-misses:u,1212096,100.00,,
     0.110481013,1609120,,bus-cycles:u,1212576,100.00,,
     0.110481013,2647690,,instructions:u,1212704,100.00,,
     0.111638893,0,,branch-misses:u,1158912,100.00,,
     0.111638893,9816,,cache-misses:u,1159456,100.00,,
     0.111638893,1523291,,bus-cycles:u,1158880,100.00,,
     0.111638893,2451630,,instructions:u,1158912,100.00,,
     0.112796070,1,,branch-misses:u,1156512,100.00,,
     0.112796070,54989,,cache-misses:u,1155552,100.00,,
     0.112796070,1535742,,bus-cycles:u,1155744,100.00,,
     0.112796070,2206985,,instructions:u,1155680,100.00,,
     0.113951263,0,,branch-misses:u,1154944,100.00,,
     0.113951263,55292,,cache-misses:u,1155296,100.00,,
     0.113951263,1534751,,bus-cycles:u,1155136,100.00,,
     0.113951263,2218810,,instructions:u,1155136,100.00,,
     0.115101945,0,,branch-misses:u,1151776,100.00,,
     0.115101945,13319,,cache-misses:u,1151936,100.00,,
     0.115101945,1529971,,bus-cycles:u,1151968,100.00,,
     0.115101945,2456210,,instructions:u,1151936,100.00,,
     0.116266447,0,,branch-misses:u,1164064,100.00,,
     0.116266447,1443,,cache-misses:u,1165888,100.00,,
     0.116266447,1512643,,bus-cycles:u,1166496,100.00,,
     0.116266447,2492940,,instructions:u,1166688,100.00,,
     0.117424520,1,,branch-misses:u,1158144,100.00,,
     0.117424520,38682,,cache-misses:u,1155584,100.00,,
     0.117424520,1533449,,bus-cycles:u,1154880,100.00,,
     0.117424520,2310713,,instructions:u,1154784,100.00,,
     0.118573026,0,,branch-misses:u,1148736,100.00,,
     0.118573026,55001,,cache-misses:u,1149856,100.00,,
     0.118573026,1524664,,bus-cycles:u,1149824,100.00,,
     0.118573026,2207462,,instructions:u,1149728,100.00,,
     0.119726459,0,,branch-misses:u,1155360,100.00,,
     0.119726459,37707,,cache-misses:u,1156896,100.00,,
     0.119726459,1518689,,bus-cycles:u,1157088,100.00,,
     0.119726459,2301120,,instructions:u,1157472,100.00,,
     0.120890482,0,,branch-misses:u,1163360,100.00,,
     0.120890482,1563,,cache-misses:u,1161536,100.00,,
     0.120890482,1541601,,bus-cycles:u,1161440,100.00,,
     0.120890482,2556000,,instructions:u,1161120,100.00,,
     0.122041516,0,,branch-misses:u,1150560,100.00,,
     0.122041516,15391,,cache-misses:u,1150656,100.00,,
     0.122041516,1528183,,bus-cycles:u,1150688,100.00,,
     0.122041516,2448198,,instructions:u,1150624,100.00,,
     0.123193414,1,,branch-misses:u,1151488,100.00,,
     0.123193414,54386,,cache-misses:u,1151200,100.00,,
     0.123193414,1516980,,bus-cycles:u,1151168,100.00,,
     0.123193414,2192107,,instructions:u,1151264,100.00,,
     0.124343648,0,,branch-misses:u,1150848,100.00,,
     0.124343648,54875,,cache-misses:u,1150688,100.00,,
     0.124343648,1527630,,bus-cycles:u,1151072,100.00,,
     0.124343648,2214073,,instructions:u,1151584,100.00,,
     0.125493402,0,,branch-misses:u,1150176,100.00,,
     0.125493402,8468,,cache-misses:u,1150240,100.00,,
     0.125493402,1525224,,bus-cycles:u,1149888,100.00,,
     0.125493402,2487440,,instructions:u,1149376,100.00,,
     0.126643252,0,,branch-misses:u,1150176,100.00,,
     0.126643252,1630,,cache-misses:u,1150112,100.00,,
     0.126643252,1526193,,bus-cycles:u,1150144,100.00,,
     0.126643252,2531707,,instructions:u,1150016,100.00,,
     0.127792942,1,,branch-misses:u,1150496,100.00,,
     0.127792942,43628,,cache-misses:u,1150912,100.00,,
     0.127792942,1512689,,bus-cycles:u,1150848,100.00,,
     0.127792942,2248432,,instructions:u,1151136,100.00,,
     0.128950150,0,,branch-misses:u,1156480,100.00,,
     0.128950150,55003,,cache-misses:u,1155808,100.00,,
     0.128950150,1533548,,bus-cycles:u,1155936,100.00,,
     0.128950150,2220539,,instructions:u,1155808,100.00,,
     0.130101504,0,,branch-misses:u,1151840,100.00,,
     0.130101504,32088,,cache-misses:u,1151904,100.00,,
     0.130101504,1528908,,bus-cycles:u,1151808,100.00,,
     0.130101504,2355114,,instructions:u,1151648,100.00,,
     0.131312045,0,,branch-misses:u,1212512,100.00,,
     0.131312045,1639,,cache-misses:u,1212480,100.00,,
     0.131312045,1598545,,bus-cycles:u,1213184,100.00,,
     0.131312045,2650520,,instructions:u,1213408,100.00,,
     0.132503421,0,,branch-misses:u,1202816,100.00,,
     0.132503421,25904,,cache-misses:u,1205024,100.00,,
     0.132503421,1597499,,bus-cycles:u,1206560,100.00,,
     0.132503421,2505918,,instructions:u,1208992,100.00,,
     0.133781242,1,,branch-misses:u,1268800,100.00,,
     0.133781242,60440,,cache-misses:u,1268224,100.00,,
     0.133781242,1677859,,bus-cycles:u,1267488,100.00,,
     0.133781242,2424837,,instructions:u,1265536,100.00,,
     0.134974346,0,,branch-misses:u,1192672,100.00,,
     0.134974346,45536,,cache-misses:u,1192704,100.00,,
     0.134974346,1577165,,bus-cycles:u,1192928,100.00,,
     0.134974346,2353500,,instructions:u,1193472,100.00,,
     0.136177752,0,,branch-misses:u,1204512,100.00,,
     0.136177752,2195,,cache-misses:u,1204224,100.00,,
     0.136177752,1580007,,bus-cycles:u,1204352,100.00,,
     0.136177752,2610900,,instructions:u,1204320,100.00,,
     0.137380710,0,,branch-misses:u,1201408,100.00,,
     0.137380710,13288,,cache-misses:u,1201280,100.00,,
     0.137380710,1591730,,bus-cycles:u,1199808,100.00,,
     0.137380710,2561340,,instructions:u,1199616,100.00,,
     0.138541566,1,,branch-misses:u,1160512,100.00,,
     0.138541566,55147,,cache-misses:u,1159520,100.00,,
     0.138541566,1538038,,bus-cycles:u,1159200,100.00,,
     0.138541566,2218195,,instructions:u,1158432,100.00,,
     0.139697495,0,,branch-misses:u,1155808,100.00,,
     0.139697495,54678,,cache-misses:u,1155840,100.00,,
     0.139697495,1519877,,bus-cycles:u,1155840,100.00,,
     0.139697495,2205140,,instructions:u,1156480,100.00,,
     0.140853583,0,,branch-misses:u,1155584,100.00,,
     0.140853583,10264,,cache-misses:u,1155392,100.00,,
     0.140853583,1533722,,bus-cycles:u,1155360,100.00,,
     0.140853583,2488710,,instructions:u,1154592,100.00,,
     0.142004425,0,,branch-misses:u,1150432,100.00,,
     0.142004425,1350,,cache-misses:u,1150208,100.00,,
     0.142004425,1528011,,bus-cycles:u,1150848,100.00,,
     0.142004425,2532647,,instructions:u,1150912,100.00,,
     0.143153699,1,,branch-misses:u,1150272,100.00,,
     0.143153699,42811,,cache-misses:u,1150336,100.00,,
     0.143153699,1526838,,bus-cycles:u,1149792,100.00,,
     0.143153699,2279385,,instructions:u,1149856,100.00,,
     0.144323193,0,,branch-misses:u,1171008,100.00,,
     0.144323193,55874,,cache-misses:u,1171968,100.00,,
     0.144323193,1543482,,bus-cycles:u,1171936,100.00,,
     0.144323193,2233303,,instructions:u,1171936,100.00,,
     0.145478162,0,,branch-misses:u,1153248,100.00,,
     0.145478162,33468,,cache-misses:u,1152160,100.00,,
     0.145478162,1529944,,bus-cycles:u,1152064,100.00,,
     0.145478162,2345650,,instructions:u,1151872,100.00,,
     0.146628236,0,,branch-misses:u,1150400,100.00,,
     0.146628236,1729,,cache-misses:u,1150560,100.00,,
     0.146628236,1527693,,bus-cycles:u,1151104,100.00,,
     0.146628236,2530970,,instructions:u,1151168,100.00,,
     0.147780326,0,,branch-misses:u,1153920,100.00,,
     0.147780326,19588,,cache-misses:u,1156064,100.00,,
     0.147780326,1521322,,bus-cycles:u,1155520,100.00,,
     0.147780326,2407230,,instructions:u,1155520,100.00,,
     0.148944221,1,,branch-misses:u,1164192,100.00,,
     0.148944221,55302,,cache-misses:u,1161920,100.00,,
     0.148944221,1540955,,bus-cycles:u,1162016,100.00,,
     0.148944221,2230131,,instructions:u,1161984,100.00,,
     0.150096374,0,,branch-misses:u,1150944,100.00,,
     0.150096374,55291,,cache-misses:u,1151232,100.00,,
     0.150096374,1527889,,bus-cycles:u,1151168,100.00,,
     0.150096374,2210974,,instructions:u,1151232,100.00,,
     0.151202362,0,,branch-misses:u,1107520,100.00,,
     0.151202362,3376,,cache-misses:u,1107488,100.00,,
     0.151202362,1456250,,bus-cycles:u,1107392,100.00,,
     0.151202362,2403797,,instructions:u,1107424,100.00,,
     0.152454941,0,,branch-misses:u,1256352,100.00,,
     0.152454941,1748,,cache-misses:u,1257152,100.00,,
     0.152454941,1671713,,bus-cycles:u,1257056,100.00,,
     0.152454941,2772023,,instructions:u,1256896,100.00,,
     0.153621075,1,,branch-misses:u,1162496,100.00,,
     0.153621075,52776,,cache-misses:u,1161472,100.00,,
     0.153621075,1543394,,bus-cycles:u,1161568,100.00,,
     0.153621075,2246815,,instructions:u,1161536,100.00,,
     0.154772813,0,,branch-misses:u,1151520,100.00,,
     0.154772813,55164,,cache-misses:u,1152192,100.00,,
     0.154772813,1529334,,bus-cycles:u,1152192,100.00,,
     0.154772813,2213403,,instructions:u,1152320,100.00,,
     0.155930341,0,,branch-misses:u,1161696,100.00,,
     0.155930341,23858,,cache-misses:u,1163680,100.00,,
     0.155930341,1529023,,bus-cycles:u,1163712,100.00,,
     0.155930341,2400477,,instructions:u,1163840,100.00,,
     0.157114520,0,,branch-misses:u,1180512,100.00,,
     0.157114520,1514,,cache-misses:u,1178528,100.00,,
     0.157114520,1565965,,bus-cycles:u,1178592,100.00,,
     0.157114520,2595670,,instructions:u,1178528,100.00,,
     0.158266993,1,,branch-misses:u,1154688,100.00,,
     0.158266993,30146,,cache-misses:u,1154048,100.00,,
     0.158266993,1530225,,bus-cycles:u,1153984,100.00,,
     0.158266993,2359125,,instructions:u,1153920,100.00,,
     0.159419915,0,,branch-misses:u,1151392,100.00,,
     0.159419915,54825,,cache-misses:u,1151936,100.00,,
     0.159419915,1516381,,bus-cycles:u,1152064,100.00,,
     0.159419915,2192310,,instructions:u,1152064,100.00,,
     0.160573028,0,,branch-misses:u,1153248,100.00,,
     0.160573028,46491,,cache-misses:u,1152768,100.00,,
     0.160573028,1530947,,bus-cycles:u,1152608,100.00,,
     0.160573028,2269420,,instructions:u,1152608,100.00,,
     0.161721726,0,,branch-misses:u,1148576,100.00,,
     0.161721726,1458,,cache-misses:u,1148704,100.00,,
     0.161721726,1526971,,bus-cycles:u,1148672,100.00,,
     0.161721726,2534590,,instructions:u,1148672,100.00,,
     0.162869689,0,,branch-misses:u,1148544,100.00,,
     0.162869689,6926,,cache-misses:u,1148416,100.00,,
     0.162869689,1526731,,bus-cycles:u,1148544,100.00,,
     0.162869689,2497150,,instructions:u,1148384,100.00,,
     0.164020275,1,,branch-misses:u,1151200,100.00,,
     0.164020275,54031,,cache-misses:u,1151328,100.00,,
     0.164020275,1515748,,bus-cycles:u,1151296,100.00,,
     0.164020275,2177945,,instructions:u,1151552,100.00,,
     0.165181610,0,,branch-misses:u,1161632,100.00,,
     0.165181610,55655,,cache-misses:u,1161536,100.00,,
     0.165181610,1542712,,bus-cycles:u,1161408,100.00,,
     0.165181610,2228300,,instructions:u,1161312,100.00,,
     0.166337763,0,,branch-misses:u,1155840,100.00,,
     0.166337763,17016,,cache-misses:u,1155840,100.00,,
     0.166337763,1535286,,bus-cycles:u,1155968,100.00,,
     0.166337763,2452830,,instructions:u,1156064,100.00,,
     0.167493500,0,,branch-misses:u,1156768,100.00,,
     0.167493500,1760,,cache-misses:u,1158528,100.00,,
     0.167493500,1519720,,bus-cycles:u,1158432,100.00,,
     0.167493500,2504860,,instructions:u,1158272,100.00,,
     0.168650452,1,,branch-misses:u,1157344,100.00,,
     0.168650452,35688,,cache-misses:u,1155616,100.00,,
     0.168650452,1535001,,bus-cycles:u,1155680,100.00,,
     0.168650452,2322542,,instructions:u,1155840,100.00,,
     0.169804142,0,,branch-misses:u,1153824,100.00,,
     0.169804142,56988,,cache-misses:u,1153792,100.00,,
     0.169804142,1531458,,bus-cycles:u,1153792,100.00,,
     0.169804142,2196216,,instructions:u,1153632,100.00,,
     0.170957767,0,,branch-misses:u,1154016,100.00,,
     0.170957767,41240,,cache-misses:u,1154080,100.00,,
     0.170957767,1532343,,bus-cycles:u,1154048,100.00,,
     0.170957767,2299377,,instructions:u,1154048,100.00,,
     0.172114111,0,,branch-misses:u,1157312,100.00,,
     0.172114111,2125,,cache-misses:u,1158048,100.00,,
     0.172114111,1523206,,bus-cycles:u,1158112,100.00,,
     0.172114111,2501980,,instructions:u,1158720,100.00,,
     0.173276983,0,,branch-misses:u,1162976,100.00,,
     0.173276983,11525,,cache-misses:u,1162176,100.00,,
     0.173276983,1543542,,bus-cycles:u,1162208,100.00,,
     0.173276983,2493930,,instructions:u,1161632,100.00,,
     0.174496033,1,,branch-misses:u,1222336,100.00,,
     0.174496033,58211,,cache-misses:u,1222496,100.00,,
     0.174496033,1624419,,bus-cycles:u,1222848,100.00,,
     0.174496033,2352215,,instructions:u,1222848,100.00,,
     0.175665303,0,,branch-misses:u,1168704,100.00,,
     0.175665303,55165,,cache-misses:u,1169920,100.00,,
     0.175665303,1539905,,bus-cycles:u,1169856,100.00,,
     0.175665303,2213260,,instructions:u,1169952,100.00,,
     0.176852168,0,,branch-misses:u,1184480,100.00,,
     0.176852168,8395,,cache-misses:u,1183296,100.00,,
     0.176852168,1572469,,bus-cycles:u,1183680,100.00,,
     0.176852168,2557570,,instructions:u,1183552,100.00,,
     0.178012256,0,,branch-misses:u,1159712,100.00,,
     0.178012256,2297,,cache-misses:u,1159616,100.00,,
     0.178012256,1538978,,bus-cycles:u,1158912,100.00,,
     0.178012256,2537340,,instructions:u,1159360,100.00,,
     0.179165817,1,,branch-misses:u,1155200,100.00,,
     0.179165817,46020,,cache-misses:u,1155008,100.00,,
     0.179165817,1532133,,bus-cycles:u,1155488,100.00,,
     0.179165817,2256542,,instructions:u,1155136,100.00,,
     0.180348140,0,,branch-misses:u,1183648,100.00,,
     0.180348140,55547,,cache-misses:u,1184064,100.00,,
     0.180348140,1542911,,bus-cycles:u,1183840,100.00,,
     0.180348140,2226043,,instructions:u,1183840,100.00,,
     0.181506372,0,,branch-misses:u,1156800,100.00,,
     0.181506372,30019,,cache-misses:u,1156416,100.00,,
     0.181506372,1534821,,bus-cycles:u,1156448,100.00,,
     0.181506372,2374573,,instructions:u,1156224,100.00,,
     0.182660381,0,,branch-misses:u,1155552,100.00,,
     0.182660381,1739,,cache-misses:u,1155648,100.00,,
     0.182660381,1534576,,bus-cycles:u,1155616,100.00,,
     0.182660381,2532527,,instructions:u,1155680,100.00,,
     0.183814039,0,,branch-misses:u,1151936,100.00,,
     0.183814039,22690,,cache-misses:u,1153888,100.00,,
     0.183814039,1514511,,bus-cycles:u,1153824,100.00,,
     0.183814039,2372060,,instructions:u,1153952,100.00,,
     0.184974702,1,,branch-misses:u,1160576,100.00,,
     0.184974702,55040,,cache-misses:u,1158784,100.00,,
     0.184974702,1538581,,bus-cycles:u,1158560,100.00,,
     0.184974702,2215515,,instructions:u,1158624,100.00,,
     0.186125416,0,,branch-misses:u,1151168,100.00,,
     0.186125416,53928,,cache-misses:u,1150912,100.00,,
     0.186125416,1529356,,bus-cycles:u,1151200,100.00,,
     0.186125416,2213620,,instructions:u,1151168,100.00,,
     0.187277666,0,,branch-misses:u,1152896,100.00,,
     0.187277666,1637,,cache-misses:u,1153120,100.00,,
     0.187277666,1517286,,bus-cycles:u,1153120,100.00,,
     0.187277666,2497883,,instructions:u,1153152,100.00,,
     0.188431035,0,,branch-misses:u,1153408,100.00,,
     0.188431035,1381,,cache-misses:u,1153280,100.00,,
     0.188431035,1529842,,bus-cycles:u,1153408,100.00,,
     0.188431035,2532517,,instructions:u,1153184,100.00,,
     0.189582773,1,,branch-misses:u,1152192,100.00,,
     0.189582773,51474,,cache-misses:u,1152192,100.00,,
     0.189582773,1529554,,bus-cycles:u,1152128,100.00,,
     0.189582773,2234985,,instructions:u,1152192,100.00,,
     0.190737678,0,,branch-misses:u,1157632,100.00,,
     0.190737678,55629,,cache-misses:u,1158752,100.00,,
     0.190737678,1538757,,bus-cycles:u,1158720,100.00,,
     0.190737678,2222491,,instructions:u,1158752,100.00,,
     0.191897797,0,,branch-misses:u,1160160,100.00,,
     0.191897797,25672,,cache-misses:u,1159840,100.00,,
     0.191897797,1521028,,bus-cycles:u,1160288,100.00,,
     0.191897797,2368089,,instructions:u,1160256,100.00,,
     0.193056350,0,,branch-misses:u,1157760,100.00,,
     0.193056350,1758,,cache-misses:u,1157120,100.00,,
     0.193056350,1535692,,bus-cycles:u,1157280,100.00,,
     0.193056350,2532710,,instructions:u,1157376,100.00,,
     0.194209975,0,,branch-misses:u,1153280,100.00,,
     0.194209975,27341,,cache-misses:u,1153152,100.00,,
     0.194209975,1530530,,bus-cycles:u,1153088,100.00,,
     0.194209975,2356030,,instructions:u,1153056,100.00,,
     0.195426306,1,,branch-misses:u,1217856,100.00,,
     0.195426306,57508,,cache-misses:u,1220512,100.00,,
     0.195426306,1603541,,bus-cycles:u,1219744,100.00,,
     0.195426306,2305125,,instructions:u,1219776,100.00,,
     0.196587033,0,,branch-misses:u,1160000,100.00,,
     0.196587033,46802,,cache-misses:u,1157280,100.00,,
     0.196587033,1538226,,bus-cycles:u,1157440,100.00,,
     0.196587033,2277630,,instructions:u,1157408,100.00,,
     0.197737491,0,,branch-misses:u,1149536,100.00,,
     0.197737491,2262,,cache-misses:u,1149600,100.00,,
     0.197737491,1527350,,bus-cycles:u,1149248,100.00,,
     0.197737491,2511308,,instructions:u,1149184,100.00,,
     0.198887693,0,,branch-misses:u,1152096,100.00,,
     0.198887693,5863,,cache-misses:u,1151968,100.00,,
     0.198887693,1530397,,bus-cycles:u,1152320,100.00,,
     0.198887693,2505700,,instructions:u,1153504,100.00,,
     0.200041319,1,,branch-misses:u,1153024,100.00,,
     0.200041319,53761,,cache-misses:u,1154016,100.00,,
     0.200041319,1514302,,bus-cycles:u,1153824,100.00,,
     0.200041319,2170154,,instructions:u,1152736,100.00,,
     0.201195264,0,,branch-misses:u,1153920,100.00,,
     0.201195264,55306,,cache-misses:u,1153696,100.00,,
     0.201195264,1531332,,bus-cycles:u,1153696,100.00,,
     0.201195264,2214381,,instructions:u,1154304,100.00,,
     0.202352536,0,,branch-misses:u,1157344,100.00,,
     0.202352536,18163,,cache-misses:u,1157056,100.00,,
     0.202352536,1535205,,bus-cycles:u,1156960,100.00,,
     0.202352536,2441535,,instructions:u,1156256,100.00,,
     0.203504818,0,,branch-misses:u,1152192,100.00,,
     0.203504818,1792,,cache-misses:u,1151904,100.00,,
     0.203504818,1514489,,bus-cycles:u,1152512,100.00,,
     0.203504818,2507187,,instructions:u,1152640,100.00,,
     0.204654860,1,,branch-misses:u,1150912,100.00,,
     0.204654860,34124,,cache-misses:u,1150848,100.00,,
     0.204654860,1526898,,bus-cycles:u,1150336,100.00,,
     0.204654860,2331815,,instructions:u,1150912,100.00,,
     0.205805990,0,,branch-misses:u,1150560,100.00,,
     0.205805990,55402,,cache-misses:u,1150464,100.00,,
     0.205805990,1526776,,bus-cycles:u,1150464,100.00,,
     0.205805990,2211371,,instructions:u,1150336,100.00,,
     0.206955296,0,,branch-misses:u,1149568,100.00,,
     0.206955296,42176,,cache-misses:u,1149504,100.00,,
     0.206955296,1526839,,bus-cycles:u,1149440,100.00,,
     0.206955296,2285909,,instructions:u,1148896,100.00,,
     0.208109017,0,,branch-misses:u,1157568,100.00,,
     0.208109017,2367,,cache-misses:u,1159104,100.00,,
     0.208109017,1522862,,bus-cycles:u,1159296,100.00,,
     0.208109017,2519730,,instructions:u,1159360,100.00,,
     0.209287501,0,,branch-misses:u,1176160,100.00,,
     0.209287501,11502,,cache-misses:u,1174688,100.00,,
     0.209287501,1558508,,bus-cycles:u,1174496,100.00,,
     0.209287501,2524970,,instructions:u,1174752,100.00,,
     0.210440614,1,,branch-misses:u,1152544,100.00,,
     0.210440614,54957,,cache-misses:u,1152448,100.00,,
     0.210440614,1528830,,bus-cycles:u,1152448,100.00,,
     0.210440614,2210595,,instructions:u,1152192,100.00,,
     0.211590592,0,,branch-misses:u,1150272,100.00,,
     0.211590592,54802,,cache-misses:u,1150496,100.00,,
     0.211590592,1514937,,bus-cycles:u,1150560,100.00,,
     0.211590592,2194170,,instructions:u,1150624,100.00,,
     0.212742938,0,,branch-misses:u,1152544,100.00,,
     0.212742938,11916,,cache-misses:u,1152576,100.00,,
     0.212742938,1529203,,bus-cycles:u,1152544,100.00,,
     0.212742938,2474710,,instructions:u,1152384,100.00,,
     0.213895155,0,,branch-misses:u,1152096,100.00,,
     0.213895155,1487,,cache-misses:u,1152160,100.00,,
     0.213895155,1529003,,bus-cycles:u,1152256,100.00,,
     0.213895155,2536010,,instructions:u,1152384,100.00,,
     0.215044941,1,,branch-misses:u,1151808,100.00,,
     0.215044941,41289,,cache-misses:u,1151936,100.00,,
     0.215044941,1526721,,bus-cycles:u,1151840,100.00,,
     0.215044941,2290565,,instructions:u,1151968,100.00,,
     0.216277653,0,,branch-misses:u,1233376,100.00,,
     0.216277653,58732,,cache-misses:u,1233440,100.00,,
     0.216277653,1625938,,bus-cycles:u,1233632,100.00,,
     0.216277653,2355890,,instructions:u,1233696,100.00,,
     0.217435565,0,,branch-misses:u,1157184,100.00,,
     0.217435565,31796,,cache-misses:u,1156864,100.00,,
     0.217435565,1534145,,bus-cycles:u,1156768,100.00,,
     0.217435565,2367220,,instructions:u,1156416,100.00,,
     0.218585671,0,,branch-misses:u,1149216,100.00,,
     0.218585671,1126,,cache-misses:u,1149120,100.00,,
     0.218585671,1525608,,bus-cycles:u,1149024,100.00,,
     0.218585671,2531812,,instructions:u,1149152,100.00,,
     0.219734113,0,,branch-misses:u,1150144,100.00,,
     0.219734113,20657,,cache-misses:u,1150208,100.00,,
     0.219734113,1515077,,bus-cycles:u,1150208,100.00,,
     0.219734113,2393248,,instructions:u,1150176,100.00,,
     0.220885403,1,,branch-misses:u,1151008,100.00,,
     0.220885403,54702,,cache-misses:u,1150880,100.00,,
     0.220885403,1527025,,bus-cycles:u,1150784,100.00,,
     0.220885403,2205065,,instructions:u,1150816,100.00,,
     0.222037685,0,,branch-misses:u,1152448,100.00,,
     0.222037685,55313,,cache-misses:u,1152512,100.00,,
     0.222037685,1528653,,bus-cycles:u,1152672,100.00,,
     0.222037685,2216098,,instructions:u,1152736,100.00,,
     0.223187407,0,,branch-misses:u,1169312,100.00,,
     0.223187407,2509,,cache-misses:u,1174816,100.00,,
     0.223187407,1520464,,bus-cycles:u,1172128,100.00,,
     0.223187407,2514882,,instructions:u,1169408,100.00,,
     0.224388221,0,,branch-misses:u,1139072,100.00,,
     0.224388221,2028,,cache-misses:u,1135456,100.00,,
     0.224388221,1488103,,bus-cycles:u,1138080,100.00,,
     0.224388221,2462590,,instructions:u,1140768,100.00,,
     0.225545558,1,,branch-misses:u,1155264,100.00,,
     0.225545558,48964,,cache-misses:u,1152832,100.00,,
     0.225545558,1530714,,bus-cycles:u,1152800,100.00,,
     0.225545558,2255326,,instructions:u,1152704,100.00,,
     0.226693200,0,,branch-misses:u,1147936,100.00,,
     0.226693200,55089,,cache-misses:u,1148416,100.00,,
     0.226693200,1525390,,bus-cycles:u,1148416,100.00,,
     0.226693200,2214469,,instructions:u,1148384,100.00,,
     0.227842539,0,,branch-misses:u,1151136,100.00,,
     0.227842539,27495,,cache-misses:u,1152096,100.00,,
     0.227842539,1509831,,bus-cycles:u,1152128,100.00,,
     0.227842539,2351340,,instructions:u,1152128,100.00,,
     0.228995364,0,,branch-misses:u,1151072,100.00,,
     0.228995364,1626,,cache-misses:u,1150272,100.00,,
     0.228995364,1526777,,bus-cycles:u,1150272,100.00,,
     0.228995364,2532870,,instructions:u,1150240,100.00,,
     0.230142399,0,,branch-misses:u,1148384,100.00,,
     0.230142399,25052,,cache-misses:u,1148096,100.00,,
     0.230142399,1523260,,bus-cycles:u,1148320,100.00,,
     0.230142399,2387676,,instructions:u,1148416,100.00,,
     0.231295160,1,,branch-misses:u,1157504,100.00,,
     0.231295160,54704,,cache-misses:u,1158400,100.00,,
     0.231295160,1525759,,bus-cycles:u,1158176,100.00,,
     0.231295160,2206989,,instructions:u,1158272,100.00,,
     0.232474892,0,,branch-misses:u,1175200,100.00,,
     0.232474892,51547,,cache-misses:u,1174624,100.00,,
     0.232474892,1560140,,bus-cycles:u,1174528,100.00,,
     0.232474892,2288810,,instructions:u,1174304,100.00,,
     0.233627909,0,,branch-misses:u,1152864,100.00,,
     0.233627909,1532,,cache-misses:u,1152736,100.00,,
     0.233627909,1531782,,bus-cycles:u,1152736,100.00,,
     0.233627909,2536800,,instructions:u,1152832,100.00,,
     0.234779103,0,,branch-misses:u,1153216,100.00,,
     0.234779103,2375,,cache-misses:u,1153152,100.00,,
     0.234779103,1529296,,bus-cycles:u,1153248,100.00,,
     0.234779103,2525507,,instructions:u,1153312,100.00,,
     0.235933144,1,,branch-misses:u,1152768,100.00,,
     0.235933144,54420,,cache-misses:u,1152960,100.00,,
     0.235933144,1515615,,bus-cycles:u,1152896,100.00,,
     0.235933144,2188338,,instructions:u,1152896,100.00,,
     0.237086097,0,,branch-misses:u,1152480,100.00,,
     0.237086097,55385,,cache-misses:u,1152288,100.00,,
     0.237086097,1531214,,bus-cycles:u,1152288,100.00,,
     0.237086097,2219801,,instructions:u,1152224,100.00,,
     0.238301437,0,,branch-misses:u,1217152,100.00,,
     0.238301437,20511,,cache-misses:u,1217920,100.00,,
     0.238301437,1617725,,bus-cycles:u,1217760,100.00,,
     0.238301437,2562829,,instructions:u,1217824,100.00,,
     0.239466451,0,,branch-misses:u,1170944,100.00,,
     0.239466451,1885,,cache-misses:u,1173536,100.00,,
     0.239466451,1529728,,bus-cycles:u,1173760,100.00,,
     0.239466451,2529560,,instructions:u,1173728,100.00,,
     0.240648070,1,,branch-misses:u,1177536,100.00,,
     0.240648070,36266,,cache-misses:u,1174688,100.00,,
     0.240648070,1559454,,bus-cycles:u,1174752,100.00,,
     0.240648070,2377555,,instructions:u,1174848,100.00,,
     0.241802911,0,,branch-misses:u,1152864,100.00,,
     0.241802911,55207,,cache-misses:u,1152512,100.00,,
     0.241802911,1529003,,bus-cycles:u,1152416,100.00,,
     0.241802911,2216440,,instructions:u,1152288,100.00,,
     0.242952985,0,,branch-misses:u,1150016,100.00,,
     0.242952985,40061,,cache-misses:u,1149792,100.00,,
     0.242952985,1527819,,bus-cycles:u,1149856,100.00,,
     0.242952985,2307300,,instructions:u,1149856,100.00,,
     0.244101459,0,,branch-misses:u,1149408,100.00,,
     0.244101459,1917,,cache-misses:u,1150144,100.00,,
     0.244101459,1511100,,bus-cycles:u,1150112,100.00,,
     0.244101459,2503119,,instructions:u,1150144,100.00,,
     0.245256812,0,,branch-misses:u,1155584,100.00,,
     0.245256812,12453,,cache-misses:u,1155072,100.00,,
     0.245256812,1535263,,bus-cycles:u,1155104,100.00,,
     0.245256812,2480581,,instructions:u,1155200,100.00,,
     0.246406758,1,,branch-misses:u,1150624,100.00,,
     0.246406758,54745,,cache-misses:u,1150688,100.00,,
     0.246406758,1528231,,bus-cycles:u,1150720,100.00,,
     0.246406758,2208423,,instructions:u,1150560,100.00,,
     0.247556896,0,,branch-misses:u,1149600,100.00,,
     0.247556896,54452,,cache-misses:u,1149568,100.00,,
     0.247556896,1513873,,bus-cycles:u,1149440,100.00,,
     0.247556896,2193822,,instructions:u,1149472,100.00,,
     0.248706683,0,,branch-misses:u,1149792,100.00,,
     0.248706683,11232,,cache-misses:u,1149632,100.00,,
     0.248706683,1529522,,bus-cycles:u,1150176,100.00,,
     0.248706683,2475900,,instructions:u,1150080,100.00,,
     0.249855797,0,,branch-misses:u,1150272,100.00,,
     0.249855797,2312,,cache-misses:u,1149920,100.00,,
     0.249855797,1528129,,bus-cycles:u,1149408,100.00,,
     0.249855797,2524510,,instructions:u,1149504,100.00,,
     0.251007023,1,,branch-misses:u,1150976,100.00,,
     0.251007023,41648,,cache-misses:u,1151424,100.00,,
     0.251007023,1529948,,bus-cycles:u,1151520,100.00,,
     0.251007023,2289605,,instructions:u,1151616,100.00,,
     0.252158536,0,,branch-misses:u,1153632,100.00,,
     0.252158536,54810,,cache-misses:u,1154176,100.00,,
     0.252158536,1519101,,bus-cycles:u,1154048,100.00,,
     0.252158536,2199750,,instructions:u,1154144,100.00,,
     0.253319296,0,,branch-misses:u,1159936,100.00,,
     0.253319296,34831,,cache-misses:u,1159008,100.00,,
     0.253319296,1540167,,bus-cycles:u,1158976,100.00,,
     0.253319296,2360260,,instructions:u,1158816,100.00,,
     0.254470906,0,,branch-misses:u,1151168,100.00,,
     0.254470906,1390,,cache-misses:u,1151456,100.00,,
     0.254470906,1529791,,bus-cycles:u,1151456,100.00,,
     0.254470906,2532710,,instructions:u,1151904,100.00,,
     0.255622835,0,,branch-misses:u,1152672,100.00,,
     0.255622835,18061,,cache-misses:u,1154240,100.00,,
     0.255622835,1520378,,bus-cycles:u,1154304,100.00,,
     0.255622835,2416640,,instructions:u,1153984,100.00,,
     0.256778092,1,,branch-misses:u,1155872,100.00,,
     0.256778092,54793,,cache-misses:u,1154336,100.00,,
     0.256778092,1533443,,bus-cycles:u,1154368,100.00,,
     0.256778092,2209683,,instructions:u,1154208,100.00,,
     0.257934373,0,,branch-misses:u,1155488,100.00,,
     0.257934373,54954,,cache-misses:u,1155360,100.00,,
     0.257934373,1535599,,bus-cycles:u,1155904,100.00,,
     0.257934373,2221872,,instructions:u,1155872,100.00,,
     0.259140466,0,,branch-misses:u,1209536,100.00,,
     0.259140466,5010,,cache-misses:u,1211424,100.00,,
     0.259140466,1607555,,bus-cycles:u,1211552,100.00,,
     0.259140466,2637020,,instructions:u,1211584,100.00,,
     0.260324932,0,,branch-misses:u,1183264,100.00,,
     0.260324932,2261,,cache-misses:u,1182016,100.00,,
     0.260324932,1555838,,bus-cycles:u,1181248,100.00,,
     0.260324932,2563830,,instructions:u,1181248,100.00,,
     0.261481757,1,,branch-misses:u,1155904,100.00,,
     0.261481757,51600,,cache-misses:u,1155776,100.00,,
     0.261481757,1535065,,bus-cycles:u,1155904,100.00,,
     0.261481757,2242418,,instructions:u,1155808,100.00,,
     0.262632343,0,,branch-misses:u,1150848,100.00,,
     0.262632343,55196,,cache-misses:u,1150432,100.00,,
     0.262632343,1527628,,bus-cycles:u,1150496,100.00,,
     0.262632343,2208587,,instructions:u,1150592,100.00,,
     0.263782545,0,,branch-misses:u,1152224,100.00,,
     0.263782545,24691,,cache-misses:u,1152992,100.00,,
     0.263782545,1514458,,bus-cycles:u,1153024,100.00,,
     0.263782545,2357650,,instructions:u,1153152,100.00,,
     0.264946472,0,,branch-misses:u,1162368,100.00,,
     0.264946472,1292,,cache-misses:u,1161920,100.00,,
     0.264946472,1540996,,bus-cycles:u,1161760,100.00,,
     0.264946472,2548620,,instructions:u,1161600,100.00,,
     0.266099553,0,,branch-misses:u,1154144,100.00,,
     0.266099553,27538,,cache-misses:u,1154304,100.00,,
     0.266099553,1532076,,bus-cycles:u,1154304,100.00,,
     0.266099553,2372120,,instructions:u,1154336,100.00,,
     0.267253914,1,,branch-misses:u,1153472,100.00,,
     0.267253914,54691,,cache-misses:u,1153280,100.00,,
     0.267253914,1520405,,bus-cycles:u,1153408,100.00,,
     0.267253914,2193179,,instructions:u,1153504,100.00,,
     0.268404660,0,,branch-misses:u,1151040,100.00,,
     0.268404660,49284,,cache-misses:u,1151136,100.00,,
     0.268404660,1528205,,bus-cycles:u,1150976,100.00,,
     0.268404660,2238486,,instructions:u,1150784,100.00,,
     0.269553998,0,,branch-misses:u,1148864,100.00,,
     0.269553998,1399,,cache-misses:u,1148736,100.00,,
     0.269553998,1526264,,bus-cycles:u,1148704,100.00,,
     0.269553998,2526680,,instructions:u,1148672,100.00,,
     0.270701097,0,,branch-misses:u,1147840,100.00,,
     0.270701097,2712,,cache-misses:u,1147776,100.00,,
     0.270701097,1524763,,bus-cycles:u,1148576,100.00,,
     0.270701097,2505440,,instructions:u,1148768,100.00,,
     0.271854370,1,,branch-misses:u,1155712,100.00,,
     0.271854370,54245,,cache-misses:u,1156032,100.00,,
     0.271854370,1522003,,bus-cycles:u,1155328,100.00,,
     0.271854370,2185425,,instructions:u,1155424,100.00,,
     0.273032854,0,,branch-misses:u,1177504,100.00,,
     0.273032854,56435,,cache-misses:u,1177600,100.00,,
     0.273032854,1563456,,bus-cycles:u,1177568,100.00,,
     0.273032854,2253017,,instructions:u,1177440,100.00,,
     0.274184400,0,,branch-misses:u,1152128,100.00,,
     0.274184400,19872,,cache-misses:u,1151296,100.00,,
     0.274184400,1528916,,bus-cycles:u,1152032,100.00,,
     0.274184400,2422933,,instructions:u,1152000,100.00,,
     0.275338345,0,,branch-misses:u,1154848,100.00,,
     0.275338345,1814,,cache-misses:u,1155840,100.00,,
     0.275338345,1517387,,bus-cycles:u,1155680,100.00,,
     0.275338345,2496820,,instructions:u,1155744,100.00,,
     0.276501152,1,,branch-misses:u,1163936,100.00,,
     0.276501152,32594,,cache-misses:u,1163520,100.00,,
     0.276501152,1543068,,bus-cycles:u,1163040,100.00,,
     0.276501152,2360222,,instructions:u,1163072,100.00,,
     0.277660664,0,,branch-misses:u,1158624,100.00,,
     0.277660664,55586,,cache-misses:u,1158336,100.00,,
     0.277660664,1537221,,bus-cycles:u,1158304,100.00,,
     0.277660664,2221930,,instructions:u,1158208,100.00,,
     0.278817968,0,,branch-misses:u,1156224,100.00,,
     0.278817968,43626,,cache-misses:u,1156544,100.00,,
     0.278817968,1535946,,bus-cycles:u,1157120,100.00,,
     0.278817968,2292523,,instructions:u,1157312,100.00,,
     0.279975145,0,,branch-misses:u,1162496,100.00,,
     0.279975145,1971,,cache-misses:u,1162976,100.00,,
     0.279975145,1529289,,bus-cycles:u,1162432,100.00,,
     0.279975145,2510330,,instructions:u,1163712,100.00,,
     0.281223309,0,,branch-misses:u,1245344,100.00,,
     0.281223309,13228,,cache-misses:u,1244896,100.00,,
     0.281223309,1652063,,bus-cycles:u,1244832,100.00,,
     0.281223309,2649220,,instructions:u,1243328,100.00,,
     0.282379845,1,,branch-misses:u,1157056,100.00,,
     0.282379845,54968,,cache-misses:u,1157792,100.00,,
     0.282379845,1536063,,bus-cycles:u,1157760,100.00,,
     0.282379845,2209373,,instructions:u,1157792,100.00,,
     0.283534814,0,,branch-misses:u,1153856,100.00,,
     0.283534814,54235,,cache-misses:u,1154016,100.00,,
     0.283534814,1517961,,bus-cycles:u,1154016,100.00,,
     0.283534814,2175039,,instructions:u,1154144,100.00,,
     0.284688599,0,,branch-misses:u,1153760,100.00,,
     0.284688599,11107,,cache-misses:u,1152960,100.00,,
     0.284688599,1531908,,bus-cycles:u,1153504,100.00,,
     0.284688599,2474873,,instructions:u,1153312,100.00,,
     0.285839537,0,,branch-misses:u,1150944,100.00,,
     0.285839537,1489,,cache-misses:u,1150432,100.00,,
     0.285839537,1527530,,bus-cycles:u,1150080,100.00,,
     0.285839537,2511070,,instructions:u,1151072,100.00,,
     0.286988971,1,,branch-misses:u,1149504,100.00,,
     0.286988971,40565,,cache-misses:u,1149568,100.00,,
     0.286988971,1527143,,bus-cycles:u,1149376,100.00,,
     0.286988971,2279338,,instructions:u,1148864,100.00,,
     0.288141253,0,,branch-misses:u,1155616,100.00,,
     0.288141253,54460,,cache-misses:u,1157024,100.00,,
     0.288141253,1515901,,bus-cycles:u,1157600,100.00,,
     0.288141253,2183967,,instructions:u,1157344,100.00,,
     0.289312730,0,,branch-misses:u,1169088,100.00,,
     0.289312730,36095,,cache-misses:u,1167648,100.00,,
     0.289312730,1549650,,bus-cycles:u,1167072,100.00,,
     0.289312730,2362579,,instructions:u,1166784,100.00,,
     0.290465780,0,,branch-misses:u,1152896,100.00,,
     0.290465780,1062,,cache-misses:u,1152832,100.00,,
     0.290465780,1531735,,bus-cycles:u,1152768,100.00,,
     0.290465780,2540401,,instructions:u,1152832,100.00,,
     0.291615822,0,,branch-misses:u,1151904,100.00,,
     0.291615822,17274,,cache-misses:u,1152608,100.00,,
     0.291615822,1514595,,bus-cycles:u,1152704,100.00,,
     0.291615822,2410420,,instructions:u,1152864,100.00,,
     0.292772326,1,,branch-misses:u,1155808,100.00,,
     0.292772326,54917,,cache-misses:u,1155200,100.00,,
     0.292772326,1533502,,bus-cycles:u,1155392,100.00,,
     0.292772326,2219284,,instructions:u,1155296,100.00,,
     0.293924416,0,,branch-misses:u,1151872,100.00,,
     0.293924416,55210,,cache-misses:u,1151808,100.00,,
     0.293924416,1529134,,bus-cycles:u,1151552,100.00,,
     0.293924416,2215821,,instructions:u,1151488,100.00,,
     0.295073722,0,,branch-misses:u,1149248,100.00,,
     0.295073722,5711,,cache-misses:u,1149280,100.00,,
     0.295073722,1525049,,bus-cycles:u,1149280,100.00,,
     0.295073722,2506560,,instructions:u,1149344,100.00,,
     0.296223956,0,,branch-misses:u,1150304,100.00,,
     0.296223956,1341,,cache-misses:u,1150400,100.00,,
     0.296223956,1513325,,bus-cycles:u,1150368,100.00,,
     0.296223956,2508439,,instructions:u,1150336,100.00,,
     0.297375310,1,,branch-misses:u,1151520,100.00,,
     0.297375310,46234,,cache-misses:u,1151040,100.00,,
     0.297375310,1529125,,bus-cycles:u,1151136,100.00,,
     0.297375310,2260936,,instructions:u,1151104,100.00,,
     0.298524520,0,,branch-misses:u,1149472,100.00,,
     0.298524520,54957,,cache-misses:u,1149824,100.00,,
     0.298524520,1526205,,bus-cycles:u,1149888,100.00,,
     0.298524520,2207428,,instructions:u,1149920,100.00,,
     0.299676322,0,,branch-misses:u,1152640,100.00,,
     0.299676322,29769,,cache-misses:u,1152896,100.00,,
     0.299676322,1514832,,bus-cycles:u,1153216,100.00,,
     0.299676322,2345362,,instructions:u,1153280,100.00,,
     0.300832922,0,,branch-misses:u,1156192,100.00,,
     0.300832922,2352,,cache-misses:u,1155904,100.00,,
     0.300832922,1533689,,bus-cycles:u,1155488,100.00,,
     0.300832922,2541901,,instructions:u,1155936,100.00,,
     0.302037480,0,,branch-misses:u,1206656,100.00,,
     0.302037480,25498,,cache-misses:u,1207040,100.00,,
     0.302037480,1602711,,bus-cycles:u,1207040,100.00,,
     0.302037480,2501399,,instructions:u,1206592,100.00,,
     0.303215228,2,,branch-misses:u,1177664,100.00,,
     0.303215228,55801,,cache-misses:u,1177344,100.00,,
     0.303215228,1553114,,bus-cycles:u,1177408,100.00,,
     0.303215228,2245215,,instructions:u,1177472,100.00,,
     0.304373844,0,,branch-misses:u,1159040,100.00,,
     0.304373844,50217,,cache-misses:u,1159616,100.00,,
     0.304373844,1539617,,bus-cycles:u,1159584,100.00,,
     0.304373844,2266500,,instructions:u,1159424,100.00,,
     0.305524846,0,,branch-misses:u,1149568,100.00,,
     0.305524846,1610,,cache-misses:u,1148960,100.00,,
     0.305524846,1525333,,bus-cycles:u,1148960,100.00,,
     0.305524846,2530850,,instructions:u,1148896,100.00,,
     0.306672520,0,,branch-misses:u,1147904,100.00,,
     0.306672520,3618,,cache-misses:u,1147936,100.00,,
     0.306672520,1525039,,bus-cycles:u,1147904,100.00,,
     0.306672520,2518040,,instructions:u,1148128,100.00,,
     0.307822978,1,,branch-misses:u,1152416,100.00,,
     0.307822978,54650,,cache-misses:u,1153056,100.00,,
     0.307822978,1519819,,bus-cycles:u,1153216,100.00,,
     0.307822978,2198065,,instructions:u,1153344,100.00,,
     0.308977403,0,,branch-misses:u,1154016,100.00,,
     0.308977403,55443,,cache-misses:u,1153504,100.00,,
     0.308977403,1532408,,bus-cycles:u,1153280,100.00,,
     0.308977403,2220860,,instructions:u,1153056,100.00,,
     0.310127189,0,,branch-misses:u,1149248,100.00,,
     0.310127189,20237,,cache-misses:u,1149088,100.00,,
     0.310127189,1526247,,bus-cycles:u,1149088,100.00,,
     0.310127189,2418940,,instructions:u,1149024,100.00,,
     0.311277327,0,,branch-misses:u,1150624,100.00,,
     0.311277327,1663,,cache-misses:u,1150752,100.00,,
     0.311277327,1514038,,bus-cycles:u,1150752,100.00,,
     0.311277327,2508360,,instructions:u,1150784,100.00,,
     0.312427657,1,,branch-misses:u,1150400,100.00,,
     0.312427657,31651,,cache-misses:u,1150304,100.00,,
     0.312427657,1528113,,bus-cycles:u,1150368,100.00,,
     0.312427657,2348155,,instructions:u,1150464,100.00,,
     0.313577444,0,,branch-misses:u,1149984,100.00,,
     0.313577444,55055,,cache-misses:u,1150144,100.00,,
     0.313577444,1528164,,bus-cycles:u,1150208,100.00,,
     0.313577444,2216500,,instructions:u,1150080,100.00,,
     0.314725182,0,,branch-misses:u,1148192,100.00,,
     0.314725182,43563,,cache-misses:u,1148128,100.00,,
     0.314725182,1525123,,bus-cycles:u,1148032,100.00,,
     0.314725182,2274273,,instructions:u,1147968,100.00,,
     0.315874552,0,,branch-misses:u,1151168,100.00,,
     0.315874552,2080,,cache-misses:u,1151200,100.00,,
     0.315874552,1517279,,bus-cycles:u,1151264,100.00,,
     0.315874552,2512807,,instructions:u,1151424,100.00,,
     0.317030001,0,,branch-misses:u,1154144,100.00,,
     0.317030001,8956,,cache-misses:u,1154272,100.00,,
     0.317030001,1533591,,bus-cycles:u,1154272,100.00,,
     0.317030001,2496230,,instructions:u,1154336,100.00,,
     0.318181867,1,,branch-misses:u,1152448,100.00,,
     0.318181867,54951,,cache-misses:u,1152736,100.00,,
     0.318181867,1530530,,bus-cycles:u,1152768,100.00,,
     0.318181867,2213852,,instructions:u,1152800,100.00,,
     0.319332677,0,,branch-misses:u,1151776,100.00,,
     0.319332677,54640,,cache-misses:u,1151296,100.00,,
     0.319332677,1516619,,bus-cycles:u,1151712,100.00,,
     0.319332677,2194063,,instructions:u,1152032,100.00,,
     0.320485982,0,,branch-misses:u,1152928,100.00,,
     0.320485982,15307,,cache-misses:u,1152800,100.00,,
     0.320485982,1530327,,bus-cycles:u,1152288,100.00,,
     0.320485982,2455940,,instructions:u,1151872,100.00,,
     0.321635384,0,,branch-misses:u,1149248,100.00,,
     0.321635384,1597,,cache-misses:u,1149312,100.00,,
     0.321635384,1526667,,bus-cycles:u,1149248,100.00,,
     0.321635384,2529850,,instructions:u,1149152,100.00,,
     0.322853955,1,,branch-misses:u,1224256,100.00,,
     0.322853955,41411,,cache-misses:u,1225984,100.00,,
     0.322853955,1629079,,bus-cycles:u,1226112,100.00,,
     0.322853955,2459859,,instructions:u,1226176,100.00,,
     0.324019961,0,,branch-misses:u,1161600,100.00,,
     0.324019961,55343,,cache-misses:u,1160288,100.00,,
     0.324019961,1527205,,bus-cycles:u,1160192,100.00,,
     0.324019961,2210254,,instructions:u,1160256,100.00,,
     0.325173362,0,,branch-misses:u,1153344,100.00,,
     0.325173362,35213,,cache-misses:u,1152864,100.00,,
     0.325173362,1532793,,bus-cycles:u,1153952,100.00,,
     0.325173362,2345652,,instructions:u,1154752,100.00,,
     0.326323245,0,,branch-misses:u,1149312,100.00,,
     0.326323245,1844,,cache-misses:u,1148832,100.00,,
     0.326323245,1524719,,bus-cycles:u,1147744,100.00,,
     0.326323245,2523890,,instructions:u,1146848,100.00,,
     0.327472071,0,,branch-misses:u,1150048,100.00,,
     0.327472071,17254,,cache-misses:u,1150784,100.00,,
     0.327472071,1510782,,bus-cycles:u,1150848,100.00,,
     0.327472071,2405040,,instructions:u,1150880,100.00,,
     0.328622465,1,,branch-misses:u,1151072,100.00,,
     0.328622465,54690,,cache-misses:u,1150720,100.00,,
     0.328622465,1526681,,bus-cycles:u,1150656,100.00,,
     0.328622465,2206005,,instructions:u,1150720,100.00,,
     0.329773467,0,,branch-misses:u,1150368,100.00,,
     0.329773467,55241,,cache-misses:u,1150016,100.00,,
     0.329773467,1527285,,bus-cycles:u,1150048,100.00,,
     0.329773467,2211540,,instructions:u,1150048,100.00,,
     0.330922421,0,,branch-misses:u,1149504,100.00,,
     0.330922421,6297,,cache-misses:u,1150048,100.00,,
     0.330922421,1527910,,bus-cycles:u,1150112,100.00,,
     0.330922421,2505240,,instructions:u,1150016,100.00,,
     0.332073231,0,,branch-misses:u,1151744,100.00,,
     0.332073231,1888,,cache-misses:u,1152288,100.00,,
     0.332073231,1515754,,bus-cycles:u,1152256,100.00,,
     0.332073231,2509308,,instructions:u,1152256,100.00,,
     0.333233127,1,,branch-misses:u,1159616,100.00,,
     0.333233127,46505,,cache-misses:u,1159616,100.00,,
     0.333233127,1540522,,bus-cycles:u,1159616,100.00,,
     0.333233127,2272837,,instructions:u,1159584,100.00,,
     0.334385088,0,,branch-misses:u,1151488,100.00,,
     0.334385088,55359,,cache-misses:u,1150976,100.00,,
     0.334385088,1529556,,bus-cycles:u,1150944,100.00,,
     0.334385088,2213650,,instructions:u,1150912,100.00,,
     0.335534139,0,,branch-misses:u,1149984,100.00,,
     0.335534139,29815,,cache-misses:u,1150080,100.00,,
     0.335534139,1515328,,bus-cycles:u,1150176,100.00,,
     0.335534139,2338110,,instructions:u,1150752,100.00,,
     0.336695282,0,,branch-misses:u,1161600,100.00,,
     0.336695282,1867,,cache-misses:u,1161184,100.00,,
     0.336695282,1542750,,bus-cycles:u,1161152,100.00,,
     0.336695282,2544380,,instructions:u,1160672,100.00,,
     0.337848524,0,,branch-misses:u,1152928,100.00,,
     0.337848524,23267,,cache-misses:u,1153088,100.00,,
     0.337848524,1532569,,bus-cycles:u,1152960,100.00,,
     0.337848524,2397040,,instructions:u,1153024,100.00,,
     0.339000197,1,,branch-misses:u,1152128,100.00,,
     0.339000197,54545,,cache-misses:u,1151936,100.00,,
     0.339000197,1531851,,bus-cycles:u,1152032,100.00,,
     0.339000197,2213025,,instructions:u,1151936,100.00,,
     0.340152799,0,,branch-misses:u,1154016,100.00,,
     0.340152799,53360,,cache-misses:u,1154624,100.00,,
     0.340152799,1517791,,bus-cycles:u,1154624,100.00,,
     0.340152799,2205254,,instructions:u,1154816,100.00,,
     0.341310039,0,,branch-misses:u,1156544,100.00,,
     0.341310039,1403,,cache-misses:u,1156928,100.00,,
     0.341310039,1536206,,bus-cycles:u,1156992,100.00,,
     0.341310039,2544446,,instructions:u,1156864,100.00,,
     0.342460625,0,,branch-misses:u,1150080,100.00,,
     0.342460625,1496,,cache-misses:u,1149216,100.00,,
     0.342460625,1526790,,bus-cycles:u,1149216,100.00,,
     0.342460625,2523830,,instructions:u,1149056,100.00,,
     0.343613163,1,,branch-misses:u,1155872,100.00,,
     0.343613163,51781,,cache-misses:u,1156672,100.00,,
     0.343613163,1520995,,bus-cycles:u,1157280,100.00,,
     0.343613163,2211515,,instructions:u,1157568,100.00,,
     0.344839347,0,,branch-misses:u,1226656,100.00,,
     0.344839347,58707,,cache-misses:u,1226144,100.00,,
     0.344839347,1626824,,bus-cycles:u,1225696,100.00,,
     0.344839347,2344680,,instructions:u,1225856,100.00,,
     0.345997931,0,,branch-misses:u,1155904,100.00,,
     0.345997931,21293,,cache-misses:u,1155296,100.00,,
     0.345997931,1534773,,bus-cycles:u,1155296,100.00,,
     0.345997931,2425480,,instructions:u,1154976,100.00,,
     0.347146022,0,,branch-misses:u,1148640,100.00,,
     0.347146022,1587,,cache-misses:u,1149184,100.00,,
     0.347146022,1525400,,bus-cycles:u,1149280,100.00,,
     0.347146022,2516130,,instructions:u,1149248,100.00,,
     0.348312572,1,,branch-misses:u,1168768,100.00,,
     0.348312572,31764,,cache-misses:u,1168896,100.00,,
     0.348312572,1535471,,bus-cycles:u,1168672,100.00,,
     0.348312572,2357815,,instructions:u,1168800,100.00,,
     0.349462742,0,,branch-misses:u,1148672,100.00,,
     0.349462742,54853,,cache-misses:u,1148448,100.00,,
     0.349462742,1523689,,bus-cycles:u,1148544,100.00,,
     0.349462742,2204390,,instructions:u,1148512,100.00,,
     0.350613360,0,,branch-misses:u,1151168,100.00,,
     0.350613360,45047,,cache-misses:u,1151232,100.00,,
     0.350613360,1528406,,bus-cycles:u,1151200,100.00,,
     0.350613360,2267290,,instructions:u,1151104,100.00,,
     0.351767081,0,,branch-misses:u,1156640,100.00,,
     0.351767081,1721,,cache-misses:u,1157696,100.00,,
     0.351767081,1522658,,bus-cycles:u,1158272,100.00,,
     0.351767081,2507970,,instructions:u,1158816,100.00,,
     0.352938559,0,,branch-misses:u,1169152,100.00,,
     0.352938559,8125,,cache-misses:u,1168416,100.00,,
     0.352938559,1549627,,bus-cycles:u,1168000,100.00,,
     0.352938559,2508410,,instructions:u,1167520,100.00,,
     0.354091672,1,,branch-misses:u,1153152,100.00,,
     0.354091672,54939,,cache-misses:u,1153056,100.00,,
     0.354091672,1530353,,bus-cycles:u,1153024,100.00,,
     0.354091672,2192235,,instructions:u,1153056,100.00,,
     0.355242258,0,,branch-misses:u,1151296,100.00,,
     0.355242258,54354,,cache-misses:u,1151808,100.00,,
     0.355242258,1515358,,bus-cycles:u,1151808,100.00,,
     0.355242258,2185994,,instructions:u,1151904,100.00,,
     0.356396267,0,,branch-misses:u,1153376,100.00,,
     0.356396267,16632,,cache-misses:u,1153120,100.00,,
     0.356396267,1530198,,bus-cycles:u,1153056,100.00,,
     0.356396267,2436406,,instructions:u,1152928,100.00,,
     0.357546085,0,,branch-misses:u,1149952,100.00,,
     0.357546085,1621,,cache-misses:u,1149408,100.00,,
     0.357546085,1525428,,bus-cycles:u,1149952,100.00,,
     0.357546085,2521960,,instructions:u,1149856,100.00,,
     0.358696543,1,,branch-misses:u,1152160,100.00,,
     0.358696543,35760,,cache-misses:u,1152288,100.00,,
     0.358696543,1528087,,bus-cycles:u,1152416,100.00,,
     0.358696543,2307383,,instructions:u,1153152,100.00,,
     0.359849977,0,,branch-misses:u,1154560,100.00,,
     0.359849977,54664,,cache-misses:u,1155616,100.00,,
     0.359849977,1519095,,bus-cycles:u,1155104,100.00,,
     0.359849977,2198312,,instructions:u,1154496,100.00,,
     0.361015887,0,,branch-misses:u,1164640,100.00,,
     0.361015887,41309,,cache-misses:u,1163712,100.00,,
     0.361015887,1544838,,bus-cycles:u,1163488,100.00,,
     0.361015887,2312390,,instructions:u,1163456,100.00,,
     0.362171848,0,,branch-misses:u,1160096,100.00,,
     0.362171848,1589,,cache-misses:u,1159872,100.00,,
     0.362171848,1540969,,bus-cycles:u,1160000,100.00,,
     0.362171848,2548500,,instructions:u,1159936,100.00,,
     0.363335135,0,,branch-misses:u,1162144,100.00,,
     0.363335135,11976,,cache-misses:u,1163808,100.00,,
     0.363335135,1516326,,bus-cycles:u,1163744,100.00,,
     0.363335135,2432030,,instructions:u,1163904,100.00,,
     0.364500629,1,,branch-misses:u,1163712,100.00,,
     0.364500629,55198,,cache-misses:u,1162176,100.00,,
     0.364500629,1542242,,bus-cycles:u,1161984,100.00,,
     0.364500629,2217525,,instructions:u,1162656,100.00,,
     0.365709858,0,,branch-misses:u,1212608,100.00,,
     0.365709858,57734,,cache-misses:u,1212672,100.00,,
     0.365709858,1609448,,bus-cycles:u,1212864,100.00,,
     0.365709858,2320371,,instructions:u,1212032,100.00,,
     0.366867674,0,,branch-misses:u,1154592,100.00,,
     0.366867674,8857,,cache-misses:u,1154496,100.00,,
     0.366867674,1531811,,bus-cycles:u,1154464,100.00,,
     0.366867674,2476047,,instructions:u,1154400,100.00,,
     0.368017364,0,,branch-misses:u,1150656,100.00,,
     0.368017364,2041,,cache-misses:u,1151264,100.00,,
     0.368017364,1501878,,bus-cycles:u,1151264,100.00,,
     0.368017364,2456162,,instructions:u,1151520,100.00,,
     0.369174477,1,,branch-misses:u,1156000,100.00,,
     0.369174477,41890,,cache-misses:u,1155360,100.00,,
     0.369174477,1534967,,bus-cycles:u,1155360,100.00,,
     0.369174477,2283615,,instructions:u,1155232,100.00,,
     0.370325127,0,,branch-misses:u,1151744,100.00,,
     0.370325127,55320,,cache-misses:u,1151584,100.00,,
     0.370325127,1528956,,bus-cycles:u,1151648,100.00,,
     0.370325127,2206490,,instructions:u,1151616,100.00,,
     0.371474881,0,,branch-misses:u,1150624,100.00,,
     0.371474881,34463,,cache-misses:u,1151712,100.00,,
     0.371474881,1518874,,bus-cycles:u,1152032,100.00,,
     0.371474881,2311230,,instructions:u,1152128,100.00,,
     0.372639096,0,,branch-misses:u,1163328,100.00,,
     0.372639096,1376,,cache-misses:u,1162912,100.00,,
     0.372639096,1545112,,bus-cycles:u,1162432,100.00,,
     0.372639096,2556880,,instructions:u,1162432,100.00,,
     0.373792561,0,,branch-misses:u,1153792,100.00,,
     0.373792561,18327,,cache-misses:u,1153408,100.00,,
     0.373792561,1531808,,bus-cycles:u,1153344,100.00,,
     0.373792561,2433670,,instructions:u,1153184,100.00,,
     0.374945514,1,,branch-misses:u,1153856,100.00,,
     0.374945514,55025,,cache-misses:u,1153920,100.00,,
     0.374945514,1532456,,bus-cycles:u,1153920,100.00,,
     0.374945514,2213915,,instructions:u,1153920,100.00,,
     0.376096868,0,,branch-misses:u,1151232,100.00,,
     0.376096868,54576,,cache-misses:u,1151168,100.00,,
     0.376096868,1514828,,bus-cycles:u,1151200,100.00,,
     0.376096868,2192860,,instructions:u,1151456,100.00,,
     0.377247294,0,,branch-misses:u,1149696,100.00,,
     0.377247294,5049,,cache-misses:u,1149504,100.00,,
     0.377247294,1526914,,bus-cycles:u,1149440,100.00,,
     0.377247294,2509200,,instructions:u,1149248,100.00,,
     0.378394585,0,,branch-misses:u,1147392,100.00,,
     0.378394585,2040,,cache-misses:u,1147680,100.00,,
     0.378394585,1524827,,bus-cycles:u,1147584,100.00,,
     0.378394585,2525550,,instructions:u,1147520,100.00,,
     0.379541012,1,,branch-misses:u,1148000,100.00,,
     0.379541012,46657,,cache-misses:u,1147776,100.00,,
     0.379541012,1512730,,bus-cycles:u,1148256,100.00,,
     0.379541012,2226732,,instructions:u,1148288,100.00,,
     0.380699756,0,,branch-misses:u,1157952,100.00,,
     0.380699756,55536,,cache-misses:u,1157696,100.00,,
     0.380699756,1537675,,bus-cycles:u,1157312,100.00,,
     0.380699756,2225211,,instructions:u,1157312,100.00,,
     0.381848838,0,,branch-misses:u,1149952,100.00,,
     0.381848838,29178,,cache-misses:u,1150336,100.00,,
     0.381848838,1526700,,bus-cycles:u,1150400,100.00,,
     0.381848838,2368612,,instructions:u,1150400,100.00,,
     0.382996097,0,,branch-misses:u,1147168,100.00,,
     0.382996097,1646,,cache-misses:u,1146816,100.00,,
     0.382996097,1523630,,bus-cycles:u,1146720,100.00,,
     0.382996097,2526030,,instructions:u,1146784,100.00,,
     0.384146203,0,,branch-misses:u,1153696,100.00,,
     0.384146203,23314,,cache-misses:u,1154464,100.00,,
     0.384146203,1519965,,bus-cycles:u,1154912,100.00,,
     0.384146203,2384168,,instructions:u,1155008,100.00,,
     0.385328717,1,,branch-misses:u,1180032,100.00,,
     0.385328717,56332,,cache-misses:u,1179360,100.00,,
     0.385328717,1565453,,bus-cycles:u,1178976,100.00,,
     0.385328717,2266227,,instructions:u,1178848,100.00,,
     0.386479303,0,,branch-misses:u,1149856,100.00,,
     0.386479303,51661,,cache-misses:u,1149856,100.00,,
     0.386479303,1527593,,bus-cycles:u,1149792,100.00,,
     0.386479303,2233890,,instructions:u,1149760,100.00,,
     0.387704912,0,,branch-misses:u,1228864,100.00,,
     0.387704912,2378,,cache-misses:u,1229824,100.00,,
     0.387704912,1622300,,bus-cycles:u,1230656,100.00,,
     0.387704912,2687500,,instructions:u,1230688,100.00,,
     0.388868615,0,,branch-misses:u,1161024,100.00,,
     0.388868615,4944,,cache-misses:u,1160224,100.00,,
     0.388868615,1540204,,bus-cycles:u,1159520,100.00,,
     0.388868615,2532187,,instructions:u,1159616,100.00,,
     0.390019201,1,,branch-misses:u,1152448,100.00,,
     0.390019201,55149,,cache-misses:u,1152320,100.00,,
     0.390019201,1531105,,bus-cycles:u,1152288,100.00,,
     0.390019201,2215028,,instructions:u,1152160,100.00,,
     0.391169083,0,,branch-misses:u,1148800,100.00,,
     0.391169083,55139,,cache-misses:u,1148800,100.00,,
     0.391169083,1526248,,bus-cycles:u,1148896,100.00,,
     0.391169083,2215290,,instructions:u,1148896,100.00,,
     0.392333458,0,,branch-misses:u,1165248,100.00,,
     0.392333458,18191,,cache-misses:u,1165376,100.00,,
     0.392333458,1538381,,bus-cycles:u,1165280,100.00,,
     0.392333458,2452400,,instructions:u,1165184,100.00,,
     0.393484396,0,,branch-misses:u,1150848,100.00,,
     0.393484396,1709,,cache-misses:u,1150688,100.00,,
     0.393484396,1529226,,bus-cycles:u,1150848,100.00,,
     0.393484396,2535880,,instructions:u,1150912,100.00,,
     0.394634630,1,,branch-misses:u,1150720,100.00,,
     0.394634630,35397,,cache-misses:u,1150688,100.00,,
     0.394634630,1526464,,bus-cycles:u,1150496,100.00,,
     0.394634630,2326825,,instructions:u,1150592,100.00,,
     0.395784064,0,,branch-misses:u,1149600,100.00,,
     0.395784064,54547,,cache-misses:u,1149760,100.00,,
     0.395784064,1511392,,bus-cycles:u,1149760,100.00,,
     0.395784064,2190460,,instructions:u,1149632,100.00,,
     0.396933434,0,,branch-misses:u,1149312,100.00,,
     0.396933434,41844,,cache-misses:u,1149632,100.00,,
     0.396933434,1527453,,bus-cycles:u,1149568,100.00,,
     0.396933434,2294480,,instructions:u,1149664,100.00,,
     0.398082421,0,,branch-misses:u,1148896,100.00,,
     0.398082421,1797,,cache-misses:u,1148640,100.00,,
     0.398082421,1525465,,bus-cycles:u,1148704,100.00,,
     0.398082421,2531260,,instructions:u,1149248,100.00,,
     0.399227184,0,,branch-misses:u,1146912,100.00,,
     0.399227184,10677,,cache-misses:u,1147104,100.00,,
     0.399227184,1511539,,bus-cycles:u,1147200,100.00,,
     0.399227184,2451830,,instructions:u,1146720,100.00,,
     0.400387048,1,,branch-misses:u,1160000,100.00,,
     0.400387048,55321,,cache-misses:u,1160320,100.00,,
     0.400387048,1540568,,bus-cycles:u,1160192,100.00,,
     0.400387048,2230615,,instructions:u,1160192,100.00,,
     0.401542561,0,,branch-misses:u,1154464,100.00,,
     0.401542561,55538,,cache-misses:u,1153856,100.00,,
     0.401542561,1532821,,bus-cycles:u,1153824,100.00,,
     0.401542561,2220140,,instructions:u,1153792,100.00,,
     0.402693626,0,,branch-misses:u,1151136,100.00,,
     0.402693626,11875,,cache-misses:u,1150880,100.00,,
     0.402693626,1529635,,bus-cycles:u,1150912,100.00,,
     0.402693626,2478350,,instructions:u,1151648,100.00,,
     0.403845204,0,,branch-misses:u,1152960,100.00,,
     0.403845204,1626,,cache-misses:u,1154816,100.00,,
     0.403845204,1521166,,bus-cycles:u,1154816,100.00,,
     0.403845204,2520040,,instructions:u,1154368,100.00,,
     0.405001101,1,,branch-misses:u,1156448,100.00,,
     0.405001101,40694,,cache-misses:u,1155264,100.00,,
     0.405001101,1531296,,bus-cycles:u,1155328,100.00,,
     0.405001101,2288925,,instructions:u,1154976,100.00,,
     0.406152455,0,,branch-misses:u,1150048,100.00,,
     0.406152455,55066,,cache-misses:u,1149600,100.00,,
     0.406152455,1525755,,bus-cycles:u,1149632,100.00,,
     0.406152455,2209604,,instructions:u,1149568,100.00,,
     0.407303360,0,,branch-misses:u,1152000,100.00,,
     0.407303360,35590,,cache-misses:u,1152512,100.00,,
     0.407303360,1519183,,bus-cycles:u,1152480,100.00,,
     0.407303360,2312376,,instructions:u,1152672,100.00,,
     0.408525898,0,,branch-misses:u,1225792,100.00,,
     0.408525898,1984,,cache-misses:u,1226304,100.00,,
     0.408525898,1630113,,bus-cycles:u,1226208,100.00,,
     0.408525898,2701630,,instructions:u,1226016,100.00,,
     0.409685282,0,,branch-misses:u,1156832,100.00,,
     0.409685282,20392,,cache-misses:u,1155680,100.00,,
     0.409685282,1533780,,bus-cycles:u,1155680,100.00,,
     0.409685282,2425020,,instructions:u,1155808,100.00,,
     0.410836444,1,,branch-misses:u,1150816,100.00,,
     0.410836444,54976,,cache-misses:u,1151392,100.00,,
     0.410836444,1529529,,bus-cycles:u,1151520,100.00,,
     0.410836444,2213046,,instructions:u,1151488,100.00,,
     0.411988981,0,,branch-misses:u,1152864,100.00,,
     0.411988981,54732,,cache-misses:u,1152128,100.00,,
     0.411988981,1517770,,bus-cycles:u,1152192,100.00,,
     0.411988981,2195599,,instructions:u,1152160,100.00,,
     0.413140111,0,,branch-misses:u,1152992,100.00,,
     0.413140111,3262,,cache-misses:u,1153984,100.00,,
     0.413140111,1531567,,bus-cycles:u,1153792,100.00,,
     0.413140111,2530870,,instructions:u,1153760,100.00,,
     0.414292457,0,,branch-misses:u,1151520,100.00,,
     0.414292457,1525,,cache-misses:u,1150880,100.00,,
     0.414292457,1528554,,bus-cycles:u,1150880,100.00,,
     0.414292457,2531870,,instructions:u,1150880,100.00,,
     0.415441187,1,,branch-misses:u,1148384,100.00,,
     0.415441187,49462,,cache-misses:u,1147968,100.00,,
     0.415441187,1512108,,bus-cycles:u,1148032,100.00,,
     0.415441187,2204611,,instructions:u,1148224,100.00,,
     0.416594042,0,,branch-misses:u,1153216,100.00,,
     0.416594042,55361,,cache-misses:u,1153568,100.00,,
     0.416594042,1532160,,bus-cycles:u,1153632,100.00,,
     0.416594042,2218714,,instructions:u,1153504,100.00,,
     0.417745362,0,,branch-misses:u,1151168,100.00,,
     0.417745362,26757,,cache-misses:u,1151360,100.00,,
     0.417745362,1529361,,bus-cycles:u,1151232,100.00,,
     0.417745362,2385210,,instructions:u,1151104,100.00,,
     0.418895691,0,,branch-misses:u,1151104,100.00,,
     0.418895691,1248,,cache-misses:u,1150944,100.00,,
     0.418895691,1528677,,bus-cycles:u,1150976,100.00,,
     0.418895691,2535624,,instructions:u,1151136,100.00,,
     0.420044803,0,,branch-misses:u,1149696,100.00,,
     0.420044803,26022,,cache-misses:u,1149696,100.00,,
     0.420044803,1514499,,bus-cycles:u,1149728,100.00,,
     0.420044803,2364056,,instructions:u,1149856,100.00,,
     0.421194940,1,,branch-misses:u,1150144,100.00,,
     0.421194940,54886,,cache-misses:u,1150048,100.00,,
     0.421194940,1527364,,bus-cycles:u,1150080,100.00,,
     0.421194940,2208785,,instructions:u,1149920,100.00,,
     0.422347859,0,,branch-misses:u,1152192,100.00,,
     0.422347859,50661,,cache-misses:u,1152032,100.00,,
     0.422347859,1532068,,bus-cycles:u,1152256,100.00,,
     0.422347859,2240830,,instructions:u,1152576,100.00,,
     0.423499307,0,,branch-misses:u,1152992,100.00,,
     0.423499307,1972,,cache-misses:u,1153824,100.00,,
     0.423499307,1518276,,bus-cycles:u,1154336,100.00,,
     0.423499307,2505417,,instructions:u,1154304,100.00,,
     0.424654851,0,,branch-misses:u,1155232,100.00,,
     0.424654851,1636,,cache-misses:u,1155104,100.00,,
     0.424654851,1532890,,bus-cycles:u,1154752,100.00,,
     0.424654851,2539783,,instructions:u,1154496,100.00,,
     0.425806171,1,,branch-misses:u,1152416,100.00,,
     0.425806171,54837,,cache-misses:u,1151808,100.00,,
     0.425806171,1529183,,bus-cycles:u,1151424,100.00,,
     0.425806171,2204758,,instructions:u,1151360,100.00,,
     0.426958067,0,,branch-misses:u,1151424,100.00,,
     0.426958067,55105,,cache-misses:u,1151424,100.00,,
     0.426958067,1529244,,bus-cycles:u,1151616,100.00,,
     0.426958067,2211495,,instructions:u,1151904,100.00,,
     0.428110506,0,,branch-misses:u,1157152,100.00,,
     0.428110506,21638,,cache-misses:u,1159296,100.00,,
     0.428110506,1525302,,bus-cycles:u,1159744,100.00,,
     0.428110506,2400262,,instructions:u,1159584,100.00,,
     0.429338257,0,,branch-misses:u,1226240,100.00,,
     0.429338257,1611,,cache-misses:u,1224032,100.00,,
     0.429338257,1625219,,bus-cycles:u,1223808,100.00,,
     0.429338257,2686000,,instructions:u,1223712,100.00,,
     0.430498503,1,,branch-misses:u,1159136,100.00,,
     0.430498503,34338,,cache-misses:u,1159424,100.00,,
     0.430498503,1537371,,bus-cycles:u,1159072,100.00,,
     0.430498503,2329065,,instructions:u,1159136,100.00,,
     0.431651775,0,,branch-misses:u,1154848,100.00,,
     0.431651775,54590,,cache-misses:u,1154976,100.00,,
     0.431651775,1518463,,bus-cycles:u,1154912,100.00,,
     0.431651775,2188160,,instructions:u,1154944,100.00,,
     0.432815124,0,,branch-misses:u,1161056,100.00,,
     0.432815124,42570,,cache-misses:u,1161120,100.00,,
     0.432815124,1541351,,bus-cycles:u,1161056,100.00,,
     0.432815124,2305250,,instructions:u,1160928,100.00,,
     0.433966156,0,,branch-misses:u,1151552,100.00,,
     0.433966156,2014,,cache-misses:u,1151392,100.00,,
     0.433966156,1529963,,bus-cycles:u,1152480,100.00,,
     0.433966156,2529140,,instructions:u,1152576,100.00,,
     0.435117572,0,,branch-misses:u,1150976,100.00,,
     0.435117572,10005,,cache-misses:u,1151040,100.00,,
     0.435117572,1526418,,bus-cycles:u,1149888,100.00,,
     0.435117572,2468150,,instructions:u,1149696,100.00,,
     0.436300181,1,,branch-misses:u,1184992,100.00,,
     0.436300181,55765,,cache-misses:u,1184992,100.00,,
     0.436300181,1562606,,bus-cycles:u,1185088,100.00,,
     0.436300181,2248675,,instructions:u,1185280,100.00,,
     0.437457164,0,,branch-misses:u,1155872,100.00,,
     0.437457164,55369,,cache-misses:u,1155648,100.00,,
     0.437457164,1534091,,bus-cycles:u,1155616,100.00,,
     0.437457164,2220470,,instructions:u,1156064,100.00,,
     0.438607684,0,,branch-misses:u,1150016,100.00,,
     0.438607684,11879,,cache-misses:u,1150528,100.00,,
     0.438607684,1527210,,bus-cycles:u,1150528,100.00,,
     0.438607684,2464778,,instructions:u,1150016,100.00,,
     0.439759516,0,,branch-misses:u,1154208,100.00,,
     0.439759516,1589,,cache-misses:u,1154336,100.00,,
     0.439759516,1514458,,bus-cycles:u,1154432,100.00,,
     0.439759516,2490972,,instructions:u,1155008,100.00,,
     0.440922642,1,,branch-misses:u,1161856,100.00,,
     0.440922642,40521,,cache-misses:u,1161440,100.00,,
     0.440922642,1541413,,bus-cycles:u,1161312,100.00,,
     0.440922642,2304275,,instructions:u,1160672,100.00,,
     0.442072778,0,,branch-misses:u,1150272,100.00,,
     0.442072778,55086,,cache-misses:u,1150304,100.00,,
     0.442072778,1527042,,bus-cycles:u,1150272,100.00,,
     0.442072778,2205520,,instructions:u,1150304,100.00,,
     0.443224258,0,,branch-misses:u,1152832,100.00,,
     0.443224258,36287,,cache-misses:u,1153984,100.00,,
     0.443224258,1517804,,bus-cycles:u,1154144,100.00,,
     0.443224258,2294080,,instructions:u,1154304,100.00,,
     0.444380985,0,,branch-misses:u,1155808,100.00,,
     0.444380985,1649,,cache-misses:u,1154656,100.00,,
     0.444380985,1532495,,bus-cycles:u,1154752,100.00,,
     0.444380985,2525000,,instructions:u,1154816,100.00,,
     0.445529809,0,,branch-misses:u,1150624,100.00,,
     0.445529809,15717,,cache-misses:u,1150400,100.00,,
     0.445529809,1524645,,bus-cycles:u,1150176,100.00,,
     0.445529809,2434920,,instructions:u,1149856,100.00,,
     0.446679818,1,,branch-misses:u,1150080,100.00,,
     0.446679818,54534,,cache-misses:u,1150144,100.00,,
     0.446679818,1525525,,bus-cycles:u,1150112,100.00,,
     0.446679818,2199025,,instructions:u,1150080,100.00,,
     0.447831298,0,,branch-misses:u,1152704,100.00,,
     0.447831298,54501,,cache-misses:u,1152768,100.00,,
     0.447831298,1513877,,bus-cycles:u,1152896,100.00,,
     0.447831298,2186420,,instructions:u,1153024,100.00,,
     0.448991256,0,,branch-misses:u,1160704,100.00,,
     0.448991256,8700,,cache-misses:u,1160736,100.00,,
     0.448991256,1539908,,bus-cycles:u,1160608,100.00,,
     0.448991256,2498240,,instructions:u,1160672,100.00,,
     0.450147279,0,,branch-misses:u,1153536,100.00,,
     0.450147279,1632,,cache-misses:u,1153568,100.00,,
     0.450147279,1530689,,bus-cycles:u,1153696,100.00,,
     0.450147279,2532900,,instructions:u,1153664,100.00,,
     0.451351195,1,,branch-misses:u,1205568,100.00,,
     0.451351195,46061,,cache-misses:u,1206208,100.00,,
     0.451351195,1586920,,bus-cycles:u,1206080,100.00,,
     0.451351195,2342095,,instructions:u,1206272,100.00,,
     0.452506386,0,,branch-misses:u,1154912,100.00,,
     0.452506386,55351,,cache-misses:u,1154112,100.00,,
     0.452506386,1531517,,bus-cycles:u,1154368,100.00,,
     0.452506386,2215337,,instructions:u,1154080,100.00,,
     0.453655819,0,,branch-misses:u,1149056,100.00,,
     0.453655819,30191,,cache-misses:u,1149120,100.00,,
     0.453655819,1524370,,bus-cycles:u,1149088,100.00,,
     0.453655819,2349793,,instructions:u,1149184,100.00,,
     0.454803364,0,,branch-misses:u,1147232,100.00,,
     0.454803364,2061,,cache-misses:u,1148000,100.00,,
     0.454803364,1523420,,bus-cycles:u,1148096,100.00,,
     0.454803364,2506950,,instructions:u,1148032,100.00,,
     0.455952156,0,,branch-misses:u,1151968,100.00,,
     0.455952156,21537,,cache-misses:u,1152192,100.00,,
     0.455952156,1511511,,bus-cycles:u,1152032,100.00,,
     0.455952156,2376023,,instructions:u,1152320,100.00,,
     0.457116977,1,,branch-misses:u,1163200,100.00,,
     0.457116977,55121,,cache-misses:u,1162208,100.00,,
     0.457116977,1543063,,bus-cycles:u,1162112,100.00,,
     0.457116977,2226416,,instructions:u,1162016,100.00,,
     0.458266442,0,,branch-misses:u,1150080,100.00,,
     0.458266442,54748,,cache-misses:u,1150176,100.00,,
     0.458266442,1526937,,bus-cycles:u,1150336,100.00,,
     0.458266442,2209036,,instructions:u,1150112,100.00,,
     0.459415011,0,,branch-misses:u,1148704,100.00,,
     0.459415011,1553,,cache-misses:u,1149920,100.00,,
     0.459415011,1510016,,bus-cycles:u,1149824,100.00,,
     0.459415011,2495380,,instructions:u,1149920,100.00,,
     0.460571929,0,,branch-misses:u,1156128,100.00,,
     0.460571929,1286,,cache-misses:u,1154912,100.00,,
     0.460571929,1535055,,bus-cycles:u,1155744,100.00,,
     0.460571929,2545430,,instructions:u,1156256,100.00,,
     0.461722194,1,,branch-misses:u,1151104,100.00,,
     0.461722194,50411,,cache-misses:u,1150912,100.00,,
     0.461722194,1526686,,bus-cycles:u,1150080,100.00,,
     0.461722194,2219415,,instructions:u,1149504,100.00,,
     0.462872906,0,,branch-misses:u,1151968,100.00,,
     0.462872906,55192,,cache-misses:u,1152160,100.00,,
     0.462872906,1529279,,bus-cycles:u,1152256,100.00,,
     0.462872906,2205490,,instructions:u,1152352,100.00,,
     0.464023138,0,,branch-misses:u,1150368,100.00,,
     0.464023138,25349,,cache-misses:u,1151168,100.00,,
     0.464023138,1517207,,bus-cycles:u,1152160,100.00,,
     0.464023138,2363690,,instructions:u,1152672,100.00,,
     0.465177146,0,,branch-misses:u,1152960,100.00,,
     0.465177146,1640,,cache-misses:u,1152320,100.00,,
     0.465177146,1528556,,bus-cycles:u,1151744,100.00,,
     0.465177146,2531190,,instructions:u,1151168,100.00,,
     0.466325267,0,,branch-misses:u,1148864,100.00,,
     0.466325267,26341,,cache-misses:u,1148672,100.00,,
     0.466325267,1524329,,bus-cycles:u,1148064,100.00,,
     0.466325267,2369450,,instructions:u,1148160,100.00,,
     0.467473803,1,,branch-misses:u,1149888,100.00,,
     0.467473803,53758,,cache-misses:u,1150688,100.00,,
     0.467473803,1508529,,bus-cycles:u,1150720,100.00,,
     0.467473803,2170375,,instructions:u,1150624,100.00,,
     0.468628994,0,,branch-misses:u,1155552,100.00,,
     0.468628994,51539,,cache-misses:u,1154720,100.00,,
     0.468628994,1532547,,bus-cycles:u,1154688,100.00,,
     0.468628994,2227320,,instructions:u,1154656,100.00,,
     0.469781978,0,,branch-misses:u,1152640,100.00,,
     0.469781978,2429,,cache-misses:u,1152512,100.00,,
     0.469781978,1530271,,bus-cycles:u,1152608,100.00,,
     0.469781978,2528250,,instructions:u,1152704,100.00,,
     0.470932114,0,,branch-misses:u,1149440,100.00,,
     0.470932114,1722,,cache-misses:u,1149696,100.00,,
     0.470932114,1525200,,bus-cycles:u,1150144,100.00,,
     0.470932114,2521810,,instructions:u,1150048,100.00,,
     0.472140478,1,,branch-misses:u,1211104,100.00,,
     0.472140478,56498,,cache-misses:u,1211424,100.00,,
     0.472140478,1592710,,bus-cycles:u,1211360,100.00,,
     0.472140478,2307855,,instructions:u,1211488,100.00,,
     0.473302067,0,,branch-misses:u,1159584,100.00,,
     0.473302067,55731,,cache-misses:u,1159040,100.00,,
     0.473302067,1536761,,bus-cycles:u,1158592,100.00,,
     0.473302067,2225610,,instructions:u,1158528,100.00,,
     0.474455019,0,,branch-misses:u,1152448,100.00,,
     0.474455019,19784,,cache-misses:u,1152608,100.00,,
     0.474455019,1530401,,bus-cycles:u,1152672,100.00,,
     0.474455019,2429720,,instructions:u,1152640,100.00,,
     0.475601732,0,,branch-misses:u,1148640,100.00,,
     0.475601732,1475,,cache-misses:u,1149216,100.00,,
     0.475601732,1510835,,bus-cycles:u,1149248,100.00,,
     0.475601732,2507410,,instructions:u,1149536,100.00,,
     0.476754812,1,,branch-misses:u,1151936,100.00,,
     0.476754812,32744,,cache-misses:u,1151136,100.00,,
     0.476754812,1527542,,bus-cycles:u,1151008,100.00,,
     0.476754812,2340465,,instructions:u,1150784,100.00,,
     0.477899989,0,,branch-misses:u,1146976,100.00,,
     0.477899989,54949,,cache-misses:u,1146912,100.00,,
     0.477899989,1522066,,bus-cycles:u,1146944,100.00,,
     0.477899989,2206970,,instructions:u,1146976,100.00,,
     0.479046734,0,,branch-misses:u,1145600,100.00,,
     0.479046734,43262,,cache-misses:u,1145696,100.00,,
     0.479046734,1520600,,bus-cycles:u,1145696,100.00,,
     0.479046734,2271440,,instructions:u,1145568,100.00,,
     0.480193288,0,,branch-misses:u,1147904,100.00,,
     0.480193288,2051,,cache-misses:u,1148384,100.00,,
     0.480193288,1513712,,bus-cycles:u,1148384,100.00,,
     0.480193288,2508490,,instructions:u,1148480,100.00,,
     0.481344608,0,,branch-misses:u,1150656,100.00,,
     0.481344608,8299,,cache-misses:u,1150080,100.00,,
     0.481344608,1526951,,bus-cycles:u,1150208,100.00,,
     0.481344608,2490558,,instructions:u,1150144,100.00,,
     0.482491257,1,,branch-misses:u,1146592,100.00,,
     0.482491257,53946,,cache-misses:u,1146688,100.00,,
     0.482491257,1521657,,bus-cycles:u,1146560,100.00,,
     0.482491257,2202307,,instructions:u,1146592,100.00,,
     0.483638578,0,,branch-misses:u,1148384,100.00,,
     0.483638578,54553,,cache-misses:u,1149120,100.00,,
     0.483638578,1512179,,bus-cycles:u,1149216,100.00,,
     0.483638578,2194530,,instructions:u,1149376,100.00,,
     0.484790762,0,,branch-misses:u,1152352,100.00,,
     0.484790762,15257,,cache-misses:u,1151584,100.00,,
     0.484790762,1528604,,bus-cycles:u,1151488,100.00,,
     0.484790762,2455952,,instructions:u,1151168,100.00,,
     0.485936995,0,,branch-misses:u,1145312,100.00,,
     0.485936995,1640,,cache-misses:u,1145312,100.00,,
     0.485936995,1521185,,bus-cycles:u,1145376,100.00,,
     0.485936995,2521096,,instructions:u,1145600,100.00,,
     0.487081948,1,,branch-misses:u,1145792,100.00,,
     0.487081948,37354,,cache-misses:u,1146720,100.00,,
     0.487081948,1521217,,bus-cycles:u,1146688,100.00,,
     0.487081948,2304227,,instructions:u,1146528,100.00,,
     0.488236148,0,,branch-misses:u,1158944,100.00,,
     0.488236148,54799,,cache-misses:u,1161120,100.00,,
     0.488236148,1514867,,bus-cycles:u,1161248,100.00,,
     0.488236148,2197350,,instructions:u,1161472,100.00,,
     0.489431010,0,,branch-misses:u,1191648,100.00,,
     0.489431010,39442,,cache-misses:u,1188832,100.00,,
     0.489431010,1580780,,bus-cycles:u,1189120,100.00,,
     0.489431010,2398850,,instructions:u,1188928,100.00,,
     0.490583098,0,,branch-misses:u,1151648,100.00,,
     0.490583098,1544,,cache-misses:u,1151232,100.00,,
     0.490583098,1528795,,bus-cycles:u,1151488,100.00,,
     0.490583098,2536800,,instructions:u,1151584,100.00,,
     0.491736210,0,,branch-misses:u,1155136,100.00,,
     0.491736210,15264,,cache-misses:u,1155840,100.00,,
     0.491736210,1519423,,bus-cycles:u,1155328,100.00,,
     0.491736210,2436420,,instructions:u,1155328,100.00,,
     0.492895336,1,,branch-misses:u,1158112,100.00,,
     0.492895336,55123,,cache-misses:u,1157536,100.00,,
     0.492895336,1536352,,bus-cycles:u,1157408,100.00,,
     0.492895336,2221582,,instructions:u,1157344,100.00,,
     0.494107922,0,,branch-misses:u,1214592,100.00,,
     0.494107922,58486,,cache-misses:u,1214784,100.00,,
     0.494107922,1612686,,bus-cycles:u,1214688,100.00,,
     0.494107922,2333041,,instructions:u,1214816,100.00,,
     0.495265641,0,,branch-misses:u,1157088,100.00,,
     0.495265641,5112,,cache-misses:u,1156992,100.00,,
     0.495265641,1522188,,bus-cycles:u,1157056,100.00,,
     0.495265641,2503762,,instructions:u,1156960,100.00,,
     0.496417057,0,,branch-misses:u,1150240,100.00,,
     0.496417057,1215,,cache-misses:u,1150304,100.00,,
     0.496417057,1528574,,bus-cycles:u,1150304,100.00,,
     0.496417057,2535440,,instructions:u,1150336,100.00,,
     0.497566393,1,,branch-misses:u,1149248,100.00,,
     0.497566393,47904,,cache-misses:u,1149152,100.00,,
     0.497566393,1527108,,bus-cycles:u,1149152,100.00,,
     0.497566393,2246383,,instructions:u,1149152,100.00,,
     0.498714866,0,,branch-misses:u,1149024,100.00,,
     0.498714866,55093,,cache-misses:u,1148480,100.00,,
     0.498714866,1525685,,bus-cycles:u,1148512,100.00,,
     0.498714866,2207222,,instructions:u,1148544,100.00,,
     0.499864138,0,,branch-misses:u,1149984,100.00,,
     0.499864138,28809,,cache-misses:u,1150688,100.00,,
     0.499864138,1515900,,bus-cycles:u,1150688,100.00,,
     0.499864138,2348610,,instructions:u,1150688,100.00,,
     0.501015363,0,,branch-misses:u,1151040,100.00,,
     0.501015363,1400,,cache-misses:u,1150336,100.00,,
     0.501015363,1529991,,bus-cycles:u,1150368,100.00,,
     0.501015363,2537360,,instructions:u,1150240,100.00,,
     0.502163451,0,,branch-misses:u,1149920,100.00,,
     0.502163451,24063,,cache-misses:u,1150272,100.00,,
     0.502163451,1528512,,bus-cycles:u,1150688,100.00,,
     0.502163451,2397398,,instructions:u,1150816,100.00,,
     0.503338158,1,,branch-misses:u,1189408,100.00,,
     0.503338158,56236,,cache-misses:u,1191648,100.00,,
     0.503338158,1570094,,bus-cycles:u,1191776,100.00,,
     0.503338158,2270517,,instructions:u,1192704,100.00,,
     0.504602988,0,,branch-misses:u,1250432,100.00,,
     0.504602988,51283,,cache-misses:u,1248960,100.00,,
     0.504602988,1659778,,bus-cycles:u,1248480,100.00,,
     0.504602988,2451700,,instructions:u,1247584,100.00,,
     0.505761187,0,,branch-misses:u,1157280,100.00,,
     0.505761187,1996,,cache-misses:u,1156864,100.00,,
     0.505761187,1537013,,bus-cycles:u,1156672,100.00,,
     0.505761187,2544350,,instructions:u,1156512,100.00,,
     0.506912187,0,,branch-misses:u,1151200,100.00,,
     0.506912187,6129,,cache-misses:u,1150720,100.00,,
     0.506912187,1530445,,bus-cycles:u,1150720,100.00,,
     0.506912187,2507220,,instructions:u,1150816,100.00,,
     0.508062323,1,,branch-misses:u,1152960,100.00,,
     0.508062323,54374,,cache-misses:u,1154368,100.00,,
     0.508062323,1522734,,bus-cycles:u,1154496,100.00,,
     0.508062323,2199605,,instructions:u,1154560,100.00,,
     0.509242117,0,,branch-misses:u,1178624,100.00,,
     0.509242117,56500,,cache-misses:u,1177472,100.00,,
     0.509242117,1566099,,bus-cycles:u,1177536,100.00,,
     0.509242117,2259490,,instructions:u,1177504,100.00,,
     0.510398172,0,,branch-misses:u,1156448,100.00,,
     0.510398172,15776,,cache-misses:u,1156064,100.00,,
     0.510398172,1536228,,bus-cycles:u,1156032,100.00,,
     0.510398172,2457000,,instructions:u,1155904,100.00,,
     0.511549204,0,,branch-misses:u,1152448,100.00,,
     0.511549204,2395,,cache-misses:u,1153024,100.00,,
     0.511549204,1519902,,bus-cycles:u,1153792,100.00,,
     0.511549204,2510760,,instructions:u,1153824,100.00,,
     0.512702795,1,,branch-misses:u,1155072,100.00,,
     0.512702795,36959,,cache-misses:u,1155648,100.00,,
     0.512702795,1533636,,bus-cycles:u,1154816,100.00,,
     0.512702795,2317455,,instructions:u,1154880,100.00,,
     0.513862466,0,,branch-misses:u,1156704,100.00,,
     0.513862466,55369,,cache-misses:u,1155968,100.00,,
     0.513862466,1535915,,bus-cycles:u,1155872,100.00,,
     0.513862466,2223560,,instructions:u,1155840,100.00,,
     0.515096679,0,,branch-misses:u,1240992,100.00,,
     0.515096679,39468,,cache-misses:u,1242944,100.00,,
     0.515096679,1651530,,bus-cycles:u,1243072,100.00,,
     0.515096679,2510030,,instructions:u,1244128,100.00,,
     0.516309233,0,,branch-misses:u,1209216,100.00,,
     0.516309233,1320,,cache-misses:u,1208160,100.00,,
     0.516309233,1595275,,bus-cycles:u,1208704,100.00,,
     0.516309233,2637380,,instructions:u,1208256,100.00,,
     0.517472678,0,,branch-misses:u,1161952,100.00,,
     0.517472678,20260,,cache-misses:u,1161024,100.00,,
     0.517472678,1540746,,bus-cycles:u,1160608,100.00,,
     0.517472678,2432398,,instructions:u,1160160,100.00,,
     0.518625278,1,,branch-misses:u,1152704,100.00,,
     0.518625278,54865,,cache-misses:u,1152608,100.00,,
     0.518625278,1531093,,bus-cycles:u,1152608,100.00,,
     0.518625278,2210405,,instructions:u,1152512,100.00,,
     0.519777334,0,,branch-misses:u,1152384,100.00,,
     0.519777334,54646,,cache-misses:u,1152928,100.00,,
     0.519777334,1517442,,bus-cycles:u,1152672,100.00,,
     0.519777334,2187702,,instructions:u,1152704,100.00,,
     0.520933645,0,,branch-misses:u,1156864,100.00,,
     0.520933645,3411,,cache-misses:u,1156608,100.00,,
     0.520933645,1537041,,bus-cycles:u,1156832,100.00,,
     0.520933645,2535290,,instructions:u,1156768,100.00,,
     0.522085541,0,,branch-misses:u,1151008,100.00,,
     0.522085541,1622,,cache-misses:u,1150912,100.00,,
     0.522085541,1528793,,bus-cycles:u,1150784,100.00,,
     0.522085541,2518840,,instructions:u,1150784,100.00,,
     0.523237533,1,,branch-misses:u,1152352,100.00,,
     0.523237533,49002,,cache-misses:u,1153088,100.00,,
     0.523237533,1517015,,bus-cycles:u,1153280,100.00,,
     0.523237533,2213095,,instructions:u,1153312,100.00,,
     0.524391092,0,,branch-misses:u,1153952,100.00,,
     0.524391092,55230,,cache-misses:u,1153408,100.00,,
     0.524391092,1531420,,bus-cycles:u,1153152,100.00,,
     0.524391092,2210520,,instructions:u,1153184,100.00,,
     0.525543116,0,,branch-misses:u,1152224,100.00,,
     0.525543116,27470,,cache-misses:u,1151744,100.00,,
     0.525543116,1530320,,bus-cycles:u,1151872,100.00,,
     0.525543116,2383680,,instructions:u,1152768,100.00,,
     0.526696676,0,,branch-misses:u,1154560,100.00,,
     0.526696676,1811,,cache-misses:u,1155040,100.00,,
     0.526696676,1533074,,bus-cycles:u,1154976,100.00,,
     0.526696676,2525259,,instructions:u,1154080,100.00,,
     0.527847292,0,,branch-misses:u,1150144,100.00,,
     0.527847292,24635,,cache-misses:u,1150400,100.00,,
     0.527847292,1513195,,bus-cycles:u,1150464,100.00,,
     0.527847292,2351921,,instructions:u,1150496,100.00,,
     0.529005138,1,,branch-misses:u,1158336,100.00,,
     0.529005138,54771,,cache-misses:u,1157888,100.00,,
     0.529005138,1538569,,bus-cycles:u,1157856,100.00,,
     0.529005138,2209015,,instructions:u,1157664,100.00,,
     0.530156874,0,,branch-misses:u,1151680,100.00,,
     0.530156874,51843,,cache-misses:u,1152096,100.00,,
     0.530156874,1529995,,bus-cycles:u,1152032,100.00,,
     0.530156874,2224030,,instructions:u,1152224,100.00,,
     0.531308546,0,,branch-misses:u,1151808,100.00,,
     0.531308546,1731,,cache-misses:u,1151232,100.00,,
     0.531308546,1516356,,bus-cycles:u,1151328,100.00,,
     0.531308546,2508572,,instructions:u,1151424,100.00,,
     0.532467417,0,,branch-misses:u,1159776,100.00,,
     0.532467417,1417,,cache-misses:u,1160256,100.00,,
     0.532467417,1540460,,bus-cycles:u,1160192,100.00,,
     0.532467417,2547698,,instructions:u,1160032,100.00,,
     0.533621072,1,,branch-misses:u,1153024,100.00,,
     0.533621072,53876,,cache-misses:u,1152800,100.00,,
     0.533621072,1531205,,bus-cycles:u,1152640,100.00,,
     0.533621072,2217805,,instructions:u,1152608,100.00,,
     0.534773896,0,,branch-misses:u,1156224,100.00,,
     0.534773896,55179,,cache-misses:u,1156544,100.00,,
     0.534773896,1534937,,bus-cycles:u,1156640,100.00,,
     0.534773896,2208401,,instructions:u,1156640,100.00,,
     0.535996976,0,,branch-misses:u,1227104,100.00,,
     0.535996976,22663,,cache-misses:u,1228160,100.00,,
     0.535996976,1616395,,bus-cycles:u,1228768,100.00,,
     0.535996976,2544129,,instructions:u,1230016,100.00,,
     0.537184959,0,,branch-misses:u,1183168,100.00,,
     0.537184959,1514,,cache-misses:u,1182176,100.00,,
     0.537184959,1569382,,bus-cycles:u,1181600,100.00,,
     0.537184959,2591010,,instructions:u,1180416,100.00,,
     0.538342294,1,,branch-misses:u,1157600,100.00,,
     0.538342294,34621,,cache-misses:u,1156992,100.00,,
     0.538342294,1536507,,bus-cycles:u,1157568,100.00,,
     0.538342294,2340105,,instructions:u,1157440,100.00,,
     0.539496014,0,,branch-misses:u,1152480,100.00,,
     0.539496014,54603,,cache-misses:u,1153088,100.00,,
     0.539496014,1516464,,bus-cycles:u,1152864,100.00,,
     0.539496014,2187010,,instructions:u,1153024,100.00,,
     0.540648581,0,,branch-misses:u,1153312,100.00,,
     0.540648581,42521,,cache-misses:u,1152960,100.00,,
     0.540648581,1530806,,bus-cycles:u,1152800,100.00,,
     0.540648581,2283010,,instructions:u,1152608,100.00,,
     0.541803741,0,,branch-misses:u,1156064,100.00,,
     0.541803741,1595,,cache-misses:u,1156288,100.00,,
     0.541803741,1535073,,bus-cycles:u,1156416,100.00,,
     0.541803741,2532670,,instructions:u,1156992,100.00,,
     0.542957428,0,,branch-misses:u,1152832,100.00,,
     0.542957428,10453,,cache-misses:u,1152864,100.00,,
     0.542957428,1530008,,bus-cycles:u,1152896,100.00,,
     0.542957428,2474150,,instructions:u,1152544,100.00,,
     0.544111340,1,,branch-misses:u,1129952,100.00,,
     0.544111340,51649,,cache-misses:u,1130880,100.00,,
     0.544111340,1440833,,bus-cycles:u,1131200,100.00,,
     0.544111340,2075785,,instructions:u,1131200,100.00,,
     0.545272609,0,,branch-misses:u,1159968,100.00,,
     0.545272609,55537,,cache-misses:u,1158656,100.00,,
     0.545272609,1537708,,bus-cycles:u,1158080,100.00,,
     0.545272609,2226937,,instructions:u,1157824,100.00,,
     0.546432312,0,,branch-misses:u,1160288,100.00,,
     0.546432312,15845,,cache-misses:u,1160512,100.00,,
     0.546432312,1540752,,bus-cycles:u,1160896,100.00,,
     0.546432312,2453380,,instructions:u,1160992,100.00,,
     0.547587183,0,,branch-misses:u,1155392,100.00,,
     0.547587183,1741,,cache-misses:u,1156544,100.00,,
     0.547587183,1515560,,bus-cycles:u,1156160,100.00,,
     0.547587183,2501143,,instructions:u,1156352,100.00,,
     0.548748389,1,,branch-misses:u,1161728,100.00,,
     0.548748389,36536,,cache-misses:u,1160608,100.00,,
     0.548748389,1539751,,bus-cycles:u,1160640,100.00,,
     0.548748389,2311695,,instructions:u,1160576,100.00,,
     0.549901884,0,,branch-misses:u,1152288,100.00,,
     0.549901884,55053,,cache-misses:u,1152032,100.00,,
     0.549901884,1529838,,bus-cycles:u,1152640,100.00,,
     0.549901884,2210630,,instructions:u,1152480,100.00,,
     0.551053364,0,,branch-misses:u,1152032,100.00,,
     0.551053364,39955,,cache-misses:u,1152192,100.00,,
     0.551053364,1530029,,bus-cycles:u,1151424,100.00,,
     0.551053364,2299990,,instructions:u,1152192,100.00,,
     0.552205516,0,,branch-misses:u,1153728,100.00,,
     0.552205516,2144,,cache-misses:u,1153984,100.00,,
     0.552205516,1516314,,bus-cycles:u,1154048,100.00,,
     0.552205516,2499380,,instructions:u,1153248,100.00,,
     0.553364739,0,,branch-misses:u,1158176,100.00,,
     0.553364739,12411,,cache-misses:u,1157888,100.00,,
     0.553364739,1537946,,bus-cycles:u,1157952,100.00,,
     0.553364739,2475610,,instructions:u,1158144,100.00,,
     0.554517018,1,,branch-misses:u,1152928,100.00,,
     0.554517018,55097,,cache-misses:u,1152864,100.00,,
     0.554517018,1530459,,bus-cycles:u,1152832,100.00,,
     0.554517018,2207155,,instructions:u,1152800,100.00,,
     0.555668978,0,,branch-misses:u,1152992,100.00,,
     0.555668978,54555,,cache-misses:u,1153728,100.00,,
     0.555668978,1511165,,bus-cycles:u,1153728,100.00,,
     0.555668978,2186560,,instructions:u,1153920,100.00,,
     0.556829480,0,,branch-misses:u,1159264,100.00,,
     0.556829480,11574,,cache-misses:u,1158976,100.00,,
     0.556829480,1538286,,bus-cycles:u,1159136,100.00,,
     0.556829480,2484380,,instructions:u,1159072,100.00,,
     0.558038067,0,,branch-misses:u,1210560,100.00,,
     0.558038067,1716,,cache-misses:u,1210336,100.00,,
     0.558038067,1608293,,bus-cycles:u,1210144,100.00,,
     0.558038067,2659740,,instructions:u,1210176,100.00,,
     0.559204104,1,,branch-misses:u,1165088,100.00,,
     0.559204104,44170,,cache-misses:u,1164960,100.00,,
     0.559204104,1530980,,bus-cycles:u,1164896,100.00,,
     0.559204104,2270525,,instructions:u,1165728,100.00,,
     0.560358143,0,,branch-misses:u,1154208,100.00,,
     0.560358143,55396,,cache-misses:u,1154624,100.00,,
     0.560358143,1533015,,bus-cycles:u,1154656,100.00,,
     0.560358143,2218020,,instructions:u,1153568,100.00,,
     0.561508632,0,,branch-misses:u,1151104,100.00,,
     0.561508632,32201,,cache-misses:u,1151008,100.00,,
     0.561508632,1527665,,bus-cycles:u,1150912,100.00,,
     0.561508632,2347530,,instructions:u,1151040,100.00,,
     0.562659760,0,,branch-misses:u,1150656,100.00,,
     0.562659760,1674,,cache-misses:u,1150816,100.00,,
     0.562659760,1528103,,bus-cycles:u,1150944,100.00,,
     0.562659760,2506210,,instructions:u,1150912,100.00,,
     0.563810184,0,,branch-misses:u,1151808,100.00,,
     0.563810184,19491,,cache-misses:u,1152800,100.00,,
     0.563810184,1515482,,bus-cycles:u,1152800,100.00,,
     0.563810184,2376200,,instructions:u,1152832,100.00,,
     0.564968415,1,,branch-misses:u,1158304,100.00,,
     0.564968415,54833,,cache-misses:u,1156896,100.00,,
     0.564968415,1535261,,bus-cycles:u,1156928,100.00,,
     0.564968415,2210915,,instructions:u,1156896,100.00,,
     0.566123382,0,,branch-misses:u,1155520,100.00,,
     0.566123382,55372,,cache-misses:u,1155392,100.00,,
     0.566123382,1533435,,bus-cycles:u,1155200,100.00,,
     0.566123382,2222098,,instructions:u,1155168,100.00,,
     0.567275534,0,,branch-misses:u,1153024,100.00,,
     0.567275534,3671,,cache-misses:u,1153440,100.00,,
     0.567275534,1521389,,bus-cycles:u,1153568,100.00,,
     0.567275534,2509182,,instructions:u,1153600,100.00,,
     0.568433700,0,,branch-misses:u,1156320,100.00,,
     0.568433700,1296,,cache-misses:u,1155872,100.00,,
     0.568433700,1536412,,bus-cycles:u,1156000,100.00,,
     0.568433700,2547790,,instructions:u,1156032,100.00,,
     0.569582717,1,,branch-misses:u,1150496,100.00,,
     0.569582717,49055,,cache-misses:u,1150400,100.00,,
     0.569582717,1526880,,bus-cycles:u,1150304,100.00,,
     0.569582717,2243875,,instructions:u,1150112,100.00,,
     0.570732501,0,,branch-misses:u,1148576,100.00,,
     0.570732501,55205,,cache-misses:u,1148608,100.00,,
     0.570732501,1525673,,bus-cycles:u,1148672,100.00,,
     0.570732501,2209348,,instructions:u,1149248,100.00,,
     0.571880942,0,,branch-misses:u,1150720,100.00,,
     0.571880942,27308,,cache-misses:u,1150624,100.00,,
     0.571880942,1513061,,bus-cycles:u,1150624,100.00,,
     0.571880942,2356426,,instructions:u,1150080,100.00,,
     0.573037829,0,,branch-misses:u,1156128,100.00,,
     0.573037829,1790,,cache-misses:u,1156192,100.00,,
     0.573037829,1535078,,bus-cycles:u,1156160,100.00,,
     0.573037829,2544186,,instructions:u,1156256,100.00,,
     0.574187069,0,,branch-misses:u,1148672,100.00,,
     0.574187069,25737,,cache-misses:u,1148960,100.00,,
     0.574187069,1527471,,bus-cycles:u,1148992,100.00,,
     0.574187069,2388296,,instructions:u,1149088,100.00,,
     0.575336534,1,,branch-misses:u,1150080,100.00,,
     0.575336534,54544,,cache-misses:u,1149792,100.00,,
     0.575336534,1518231,,bus-cycles:u,1149728,100.00,,
     0.575336534,2191360,,instructions:u,1150528,100.00,,
     0.576489518,0,,branch-misses:u,1153536,100.00,,
     0.576489518,52640,,cache-misses:u,1153856,100.00,,
     0.576489518,1532080,,bus-cycles:u,1153856,100.00,,
     0.576489518,2229176,,instructions:u,1152928,100.00,,
     0.577640742,0,,branch-misses:u,1152384,100.00,,
     0.577640742,1689,,cache-misses:u,1152096,100.00,,
     0.577640742,1530204,,bus-cycles:u,1152096,100.00,,
     0.577640742,2536773,,instructions:u,1151968,100.00,,
     0.578905956,0,,branch-misses:u,1269248,100.00,,
     0.578905956,7228,,cache-misses:u,1270272,100.00,,
     0.578905956,1688484,,bus-cycles:u,1270304,100.00,,
     0.578905956,2764820,,instructions:u,1270944,100.00,,
     0.580071161,1,,branch-misses:u,1162688,100.00,,
     0.580071161,54886,,cache-misses:u,1161920,100.00,,
     0.580071161,1528915,,bus-cycles:u,1161792,100.00,,
     0.580071161,2207935,,instructions:u,1161952,100.00,,
     0.581227919,0,,branch-misses:u,1155456,100.00,,
     0.581227919,55439,,cache-misses:u,1155616,100.00,,
     0.581227919,1534554,,bus-cycles:u,1155872,100.00,,
     0.581227919,2226308,,instructions:u,1155232,100.00,,
     0.582379687,0,,branch-misses:u,1151168,100.00,,
     0.582379687,15926,,cache-misses:u,1150816,100.00,,
     0.582379687,1527948,,bus-cycles:u,1150720,100.00,,
     0.582379687,2445262,,instructions:u,1150688,100.00,,
     0.583539742,0,,branch-misses:u,1168480,100.00,,
     0.583539742,1601,,cache-misses:u,1171712,100.00,,
     0.583539742,1528271,,bus-cycles:u,1173760,100.00,,
     0.583539742,2530608,,instructions:u,1174304,100.00,,
     0.584784064,1,,branch-misses:u,1239200,100.00,,
     0.584784064,40355,,cache-misses:u,1236384,100.00,,
     0.584784064,1638863,,bus-cycles:u,1234432,100.00,,
     0.584784064,2472427,,instructions:u,1234144,100.00,,
     0.585942135,0,,branch-misses:u,1156320,100.00,,
     0.585942135,55249,,cache-misses:u,1155872,100.00,,
     0.585942135,1534550,,bus-cycles:u,1155744,100.00,,
     0.585942135,2225647,,instructions:u,1155552,100.00,,
     0.587095982,0,,branch-misses:u,1153824,100.00,,
     0.587095982,35327,,cache-misses:u,1153792,100.00,,
     0.587095982,1533522,,bus-cycles:u,1153760,100.00,,
     0.587095982,2342113,,instructions:u,1153696,100.00,,
     0.588266818,0,,branch-misses:u,1173568,100.00,,
     0.588266818,1695,,cache-misses:u,1174240,100.00,,
     0.588266818,1542787,,bus-cycles:u,1174144,100.00,,
     0.588266818,2558360,,instructions:u,1174656,100.00,,
     0.589425912,0,,branch-misses:u,1156640,100.00,,
     0.589425912,18614,,cache-misses:u,1156032,100.00,,
     0.589425912,1535745,,bus-cycles:u,1156160,100.00,,
     0.589425912,2443771,,instructions:u,1155744,100.00,,
     0.590576912,1,,branch-misses:u,1151104,100.00,,
     0.590576912,54820,,cache-misses:u,1151008,100.00,,
     0.590576912,1530086,,bus-cycles:u,1150944,100.00,,
     0.590576912,2213704,,instructions:u,1150880,100.00,,
     0.591727881,0,,branch-misses:u,1152064,100.00,,
     0.591727881,54816,,cache-misses:u,1153056,100.00,,
     0.591727881,1518546,,bus-cycles:u,1153088,100.00,,
     0.591727881,2197930,,instructions:u,1153152,100.00,,
     0.592885855,0,,branch-misses:u,1159552,100.00,,
     0.592885855,4861,,cache-misses:u,1158560,100.00,,
     0.592885855,1539079,,bus-cycles:u,1158496,100.00,,
     0.592885855,2533207,,instructions:u,1158464,100.00,,
     0.594049044,0,,branch-misses:u,1164352,100.00,,
     0.594049044,1420,,cache-misses:u,1165888,100.00,,
     0.594049044,1550612,,bus-cycles:u,1166880,100.00,,
     0.594049044,2572763,,instructions:u,1167808,100.00,,
     0.595265630,1,,branch-misses:u,1215456,100.00,,
     0.595265630,51707,,cache-misses:u,1214624,100.00,,
     0.595265630,1602325,,bus-cycles:u,1213760,100.00,,
     0.595265630,2337876,,instructions:u,1212896,100.00,,
     0.596423828,0,,branch-misses:u,1157536,100.00,,
     0.596423828,55566,,cache-misses:u,1156736,100.00,,
     0.596423828,1537267,,bus-cycles:u,1156576,100.00,,
     0.596423828,2219239,,instructions:u,1156480,100.00,,
     0.597573868,0,,branch-misses:u,1150208,100.00,,
     0.597573868,24545,,cache-misses:u,1150368,100.00,,
     0.597573868,1528660,,bus-cycles:u,1150336,100.00,,
     0.597573868,2396980,,instructions:u,1150304,100.00,,
     0.598722917,0,,branch-misses:u,1149632,100.00,,
     0.598722917,1459,,cache-misses:u,1149632,100.00,,
     0.598722917,1526148,,bus-cycles:u,1149632,100.00,,
     0.598722917,2526241,,instructions:u,1149472,100.00,,
     0.599874429,0,,branch-misses:u,1153888,100.00,,
     0.599874429,27342,,cache-misses:u,1155200,100.00,,
     0.599874429,1520759,,bus-cycles:u,1155296,100.00,,
     0.599874429,2356593,,instructions:u,1155520,100.00,,
     0.601103619,1,,branch-misses:u,1229056,100.00,,
     0.601103619,58609,,cache-misses:u,1228608,100.00,,
     0.601103619,1631552,,bus-cycles:u,1228640,100.00,,
     0.601103619,2352761,,instructions:u,1228608,100.00,,
     0.602263130,0,,branch-misses:u,1158976,100.00,,
     0.602263130,45096,,cache-misses:u,1157632,100.00,,
     0.602263130,1537411,,bus-cycles:u,1157504,100.00,,
     0.602263130,2278160,,instructions:u,1158080,100.00,,
     0.603414770,0,,branch-misses:u,1153408,100.00,,
     0.603414770,1651,,cache-misses:u,1154432,100.00,,
     0.603414770,1515373,,bus-cycles:u,1154496,100.00,,
     0.603414770,2499333,,instructions:u,1154464,100.00,,
     0.604571624,0,,branch-misses:u,1155520,100.00,,
     0.604571624,6961,,cache-misses:u,1154720,100.00,,
     0.604571624,1532466,,bus-cycles:u,1154880,100.00,,
     0.604571624,2496314,,instructions:u,1154176,100.00,,
     0.605724992,1,,branch-misses:u,1153280,100.00,,
     0.605724992,55065,,cache-misses:u,1153216,100.00,,
     0.605724992,1529628,,bus-cycles:u,1153024,100.00,,
     0.605724992,2211888,,instructions:u,1153216,100.00,,
     0.606875256,0,,branch-misses:u,1149632,100.00,,
     0.606875256,55374,,cache-misses:u,1150080,100.00,,
     0.606875256,1526465,,bus-cycles:u,1150080,100.00,,
     0.606875256,2203650,,instructions:u,1150144,100.00,,
     0.608027184,0,,branch-misses:u,1153088,100.00,,
     0.608027184,16322,,cache-misses:u,1153568,100.00,,
     0.608027184,1518775,,bus-cycles:u,1153600,100.00,,
     0.608027184,2424003,,instructions:u,1153600,100.00,,
     0.609188518,0,,branch-misses:u,1160736,100.00,,
     0.609188518,1628,,cache-misses:u,1160288,100.00,,
     0.609188518,1541210,,bus-cycles:u,1160384,100.00,,
     0.609188518,2547477,,instructions:u,1160224,100.00,,
     0.610340798,1,,branch-misses:u,1152864,100.00,,
     0.610340798,36423,,cache-misses:u,1152704,100.00,,
     0.610340798,1529165,,bus-cycles:u,1152704,100.00,,
     0.610340798,2310395,,instructions:u,1153056,100.00,,
     0.611494773,0,,branch-misses:u,1155072,100.00,,
     0.611494773,54431,,cache-misses:u,1157248,100.00,,
     0.611494773,1510353,,bus-cycles:u,1157152,100.00,,
     0.611494773,2174990,,instructions:u,1156896,100.00,,
     0.612653644,0,,branch-misses:u,1158496,100.00,,
     0.612653644,40988,,cache-misses:u,1156480,100.00,,
     0.612653644,1533812,,bus-cycles:u,1156544,100.00,,
     0.612653644,2295340,,instructions:u,1156384,100.00,,
     0.613806723,0,,branch-misses:u,1153248,100.00,,
     0.613806723,1725,,cache-misses:u,1153568,100.00,,
     0.613806723,1528583,,bus-cycles:u,1153536,100.00,,
     0.613806723,2528490,,instructions:u,1153536,100.00,,
     0.614959547,0,,branch-misses:u,1152896,100.00,,
     0.614959547,11380,,cache-misses:u,1152480,100.00,,
     0.614959547,1529421,,bus-cycles:u,1152544,100.00,,
     0.614959547,2448220,,instructions:u,1152640,100.00,,
     0.616111859,1,,branch-misses:u,1154048,100.00,,
     0.616111859,53800,,cache-misses:u,1154784,100.00,,
     0.616111859,1518139,,bus-cycles:u,1154816,100.00,,
     0.616111859,2176613,,instructions:u,1154880,100.00,,
     0.617273577,0,,branch-misses:u,1161344,100.00,,
     0.617273577,55609,,cache-misses:u,1161120,100.00,,
     0.617273577,1541754,,bus-cycles:u,1161056,100.00,,
     0.617273577,2228942,,instructions:u,1161632,100.00,,
     0.618431039,0,,branch-misses:u,1157312,100.00,,
     0.618431039,12370,,cache-misses:u,1157024,100.00,,
     0.618431039,1534340,,bus-cycles:u,1157024,100.00,,
     0.618431039,2475440,,instructions:u,1156384,100.00,,
     0.619584599,0,,branch-misses:u,1154912,100.00,,
     0.619584599,1861,,cache-misses:u,1155584,100.00,,
     0.619584599,1518430,,bus-cycles:u,1155552,100.00,,
     0.619584599,2499554,,instructions:u,1155552,100.00,,
     0.620741678,1,,branch-misses:u,1155616,100.00,,
     0.620741678,39399,,cache-misses:u,1154816,100.00,,
     0.620741678,1532970,,bus-cycles:u,1154752,100.00,,
     0.620741678,2293641,,instructions:u,1154752,100.00,,
     0.621945658,0,,branch-misses:u,1207136,100.00,,
     0.621945658,57681,,cache-misses:u,1207296,100.00,,
     0.621945658,1602959,,bus-cycles:u,1208192,100.00,,
     0.621945658,2321050,,instructions:u,1208096,100.00,,
     0.623114254,0,,branch-misses:u,1169376,100.00,,
     0.623114254,33915,,cache-misses:u,1169216,100.00,,
     0.623114254,1550431,,bus-cycles:u,1168448,100.00,,
     0.623114254,2371390,,instructions:u,1168864,100.00,,
     0.624305373,0,,branch-misses:u,1190880,100.00,,
     0.624305373,1733,,cache-misses:u,1191040,100.00,,
     0.624305373,1567373,,bus-cycles:u,1192192,100.00,,
     0.624305373,2562590,,instructions:u,1191968,100.00,,
     0.625462963,0,,branch-misses:u,1156352,100.00,,
     0.625462963,20070,,cache-misses:u,1156352,100.00,,
     0.625462963,1531681,,bus-cycles:u,1155200,100.00,,
     0.625462963,2423010,,instructions:u,1155104,100.00,,
     0.626615915,1,,branch-misses:u,1152448,100.00,,
     0.626615915,54827,,cache-misses:u,1152448,100.00,,
     0.626615915,1528793,,bus-cycles:u,1152416,100.00,,
     0.626615915,2208102,,instructions:u,1152448,100.00,,
     0.627767971,0,,branch-misses:u,1152480,100.00,,
     0.627767971,54358,,cache-misses:u,1153696,100.00,,
     0.627767971,1516309,,bus-cycles:u,1153696,100.00,,
     0.627767971,2190983,,instructions:u,1153696,100.00,,
     0.628928313,0,,branch-misses:u,1160544,100.00,,
     0.628928313,3428,,cache-misses:u,1159424,100.00,,
     0.628928313,1539534,,bus-cycles:u,1159424,100.00,,
     0.628928313,2531060,,instructions:u,1159328,100.00,,
     0.630085072,0,,branch-misses:u,1157184,100.00,,
     0.630085072,1745,,cache-misses:u,1157056,100.00,,
     0.630085072,1534928,,bus-cycles:u,1157024,100.00,,
     0.630085072,2532680,,instructions:u,1157792,100.00,,
     0.631238600,16,,branch-misses:u,1153984,100.00,,
     0.631238600,28051,,cache-misses:u,1156416,100.00,,
     0.631238600,944075,,bus-cycles:u,1158080,100.00,,
     0.631238600,1361673,,instructions:u,1157216,100.00,,
     0.631713851,105,,branch-misses:u,386016,100.00,,
     0.631713851,81,,cache-misses:u,379968,100.00,,
     0.631713851,34380,,bus-cycles:u,375680,100.00,,
     0.631713851,1254,,instructions:u,373216,100.00,,
