     0.001080493,837,,branch-misses:u,409792,100.00,,
     0.001080493,312,,cache-misses:u,416512,100.00,,
     0.001080493,68482,,bus-cycles:u,419552,100.00,,
     0.001080493,29254,,instructions:u,422464,100.00,,
     0.002464758,1650,,branch-misses:u,1388288,100.00,,
     0.002464758,9966,,cache-misses:u,1388608,100.00,,
     0.002464758,468669,,bus-cycles:u,1389824,100.00,,
     0.002464758,436957,,instructions:u,1392832,100.00,,
     0.003681445,0,,branch-misses:u,1172480,100.00,,
     0.003681445,2178,,cache-misses:u,1169952,100.00,,
     0.003681445,1428884,,bus-cycles:u,1168704,100.00,,
     0.003681445,2359870,,instructions:u,1165312,100.00,,
     0.004868634,0,,branch-misses:u,1182432,100.00,,
     0.004868634,2358,,cache-misses:u,1181184,100.00,,
     0.004868634,1567720,,bus-cycles:u,1180800,100.00,,
     0.004868634,2588130,,instructions:u,1180832,100.00,,
     0.006023927,0,,branch-misses:u,1155424,100.00,,
     0.006023927,28390,,cache-misses:u,1154752,100.00,,
     0.006023927,998255,,bus-cycles:u,1155552,100.00,,
     0.006023927,1384900,,instructions:u,1155936,100.00,,
     0.007175540,0,,branch-misses:u,1152576,100.00,,
     0.007175540,32083,,cache-misses:u,1154208,100.00,,
     0.007175540,933625,,bus-cycles:u,1153440,100.00,,
     0.007175540,1244700,,instructions:u,1152992,100.00,,
     0.008339694,0,,branch-misses:u,1163328,100.00,,
     0.008339694,32445,,cache-misses:u,1162656,100.00,,
     0.008339694,953662,,bus-cycles:u,1162432,100.00,,
     0.008339694,1274590,,instructions:u,1162432,100.00,,
     0.009491084,3,,branch-misses:u,1150688,100.00,,
     0.009491084,32363,,cache-misses:u,1165408,100.00,,
     0.009491084,956021,,bus-cycles:u,1165344,100.00,,
     0.009491084,1277065,,instructions:u,1165856,100.00,,
     0.010655526,2,,branch-misses:u,1165568,100.00,,
     0.010655526,10013,,cache-misses:u,1151168,100.00,,
     0.010655526,1525412,,bus-cycles:u,1151296,100.00,,
     0.010655526,2440460,,instructions:u,1151104,100.00,,
     0.012305203,0,,branch-misses:u,1655296,100.00,,
     0.012305203,11707,,cache-misses:u,1656704,100.00,,
     0.012305203,2181190,,bus-cycles:u,1657184,100.00,,
     0.012305203,3539500,,instructions:u,1658816,100.00,,
     0.013482699,0,,branch-misses:u,1172704,100.00,,
     0.013482699,55030,,cache-misses:u,1170816,100.00,,
     0.013482699,1552389,,bus-cycles:u,1170528,100.00,,
     0.013482699,2211080,,instructions:u,1169216,100.00,,
     0.014634216,0,,branch-misses:u,1150912,100.00,,
     0.014634216,54582,,cache-misses:u,1151424,100.00,,
     0.014634216,1527959,,bus-cycles:u,1151264,100.00,,
     0.014634216,2202340,,instructions:u,1150752,100.00,,
     0.015783846,3,,branch-misses:u,1151040,100.00,,
     0.015783846,12324,,cache-misses:u,1151520,100.00,,
     0.015783846,1511503,,bus-cycles:u,1151584,100.00,,
     0.015783846,2426961,,instructions:u,1151552,100.00,,
     0.016938594,0,,branch-misses:u,1153888,100.00,,
     0.016938594,1477,,cache-misses:u,1152832,100.00,,
     0.016938594,1530278,,bus-cycles:u,1152832,100.00,,
     0.016938594,2532294,,instructions:u,1152704,100.00,,
     0.018086177,0,,branch-misses:u,1148384,100.00,,
     0.018086177,38703,,cache-misses:u,1148576,100.00,,
     0.018086177,1523073,,bus-cycles:u,1148576,100.00,,
     0.018086177,2290667,,instructions:u,1148832,100.00,,
     0.019234079,1,,branch-misses:u,1148480,100.00,,
     0.019234079,53955,,cache-misses:u,1148032,100.00,,
     0.019234079,1510248,,bus-cycles:u,1148064,100.00,,
     0.019234079,2184753,,instructions:u,1147968,100.00,,
     0.020386140,2,,branch-misses:u,1151904,100.00,,
     0.020386140,37235,,cache-misses:u,1151872,100.00,,
     0.020386140,1527313,,bus-cycles:u,1151776,100.00,,
     0.020386140,2311355,,instructions:u,1151680,100.00,,
     0.021537177,0,,branch-misses:u,1150752,100.00,,
     0.021537177,1690,,cache-misses:u,1151040,100.00,,
     0.021537177,1526630,,bus-cycles:u,1151616,100.00,,
     0.021537177,2530500,,instructions:u,1151680,100.00,,
     0.022684599,0,,branch-misses:u,1147840,100.00,,
     0.022684599,14772,,cache-misses:u,1147936,100.00,,
     0.022684599,1521346,,bus-cycles:u,1147680,100.00,,
     0.022684599,2442870,,instructions:u,1147744,100.00,,
     0.023941469,0,,branch-misses:u,1260224,100.00,,
     0.023941469,59501,,cache-misses:u,1261184,100.00,,
     0.023941469,1663763,,bus-cycles:u,1261152,100.00,,
     0.023941469,2410564,,instructions:u,1261152,100.00,,
     0.025098969,2,,branch-misses:u,1154848,100.00,,
     0.025098969,54545,,cache-misses:u,1154144,100.00,,
     0.025098969,1530418,,bus-cycles:u,1153920,100.00,,
     0.025098969,2219051,,instructions:u,1153888,100.00,,
     0.026246551,0,,branch-misses:u,1147328,100.00,,
     0.026246551,3679,,cache-misses:u,1146304,100.00,,
     0.026246551,1520874,,bus-cycles:u,1146336,100.00,,
     0.026246551,2512450,,instructions:u,1146304,100.00,,
     0.027403507,0,,branch-misses:u,1162816,100.00,,
     0.027403507,2020,,cache-misses:u,1165024,100.00,,
     0.027403507,1532287,,bus-cycles:u,1165536,100.00,,
     0.027403507,2538390,,instructions:u,1165632,100.00,,
     0.028584330,0,,branch-misses:u,1176352,100.00,,
     0.028584330,50294,,cache-misses:u,1174976,100.00,,
     0.028584330,1558365,,bus-cycles:u,1174432,100.00,,
     0.028584330,2289170,,instructions:u,1174368,100.00,,
     0.029735175,0,,branch-misses:u,1151072,100.00,,
     0.029735175,54778,,cache-misses:u,1150752,100.00,,
     0.029735175,1525986,,bus-cycles:u,1150784,100.00,,
     0.029735175,2207670,,instructions:u,1150784,100.00,,
     0.030885317,1,,branch-misses:u,1150336,100.00,,
     0.030885317,25449,,cache-misses:u,1150848,100.00,,
     0.030885317,1510285,,bus-cycles:u,1150816,100.00,,
     0.030885317,2361055,,instructions:u,1150688,100.00,,
     0.032040129,0,,branch-misses:u,1154592,100.00,,
     0.032040129,1842,,cache-misses:u,1154080,100.00,,
     0.032040129,1531739,,bus-cycles:u,1154016,100.00,,
     0.032040129,2539990,,instructions:u,1154144,100.00,,
     0.033191999,0,,branch-misses:u,1152256,100.00,,
     0.033191999,26184,,cache-misses:u,1152256,100.00,,
     0.033191999,1528269,,bus-cycles:u,1152352,100.00,,
     0.033191999,2382552,,instructions:u,1152512,100.00,,
     0.034343900,0,,branch-misses:u,1153184,100.00,,
     0.034343900,54805,,cache-misses:u,1152896,100.00,,
     0.034343900,1529426,,bus-cycles:u,1152768,100.00,,
     0.034343900,2211278,,instructions:u,1152640,100.00,,
     0.035499224,1,,branch-misses:u,1157472,100.00,,
     0.035499224,49123,,cache-misses:u,1159200,100.00,,
     0.035499224,1526628,,bus-cycles:u,1159328,100.00,,
     0.035499224,2245205,,instructions:u,1159264,100.00,,
     0.036668849,0,,branch-misses:u,1166688,100.00,,
     0.036668849,1788,,cache-misses:u,1165280,100.00,,
     0.036668849,1545704,,bus-cycles:u,1165376,100.00,,
     0.036668849,2564030,,instructions:u,1165216,100.00,,
     0.037819855,0,,branch-misses:u,1151648,100.00,,
     0.037819855,4095,,cache-misses:u,1152000,100.00,,
     0.037819855,1529605,,bus-cycles:u,1151904,100.00,,
     0.037819855,2522410,,instructions:u,1152128,100.00,,
     0.038972236,0,,branch-misses:u,1153632,100.00,,
     0.038972236,54476,,cache-misses:u,1153664,100.00,,
     0.038972236,1520871,,bus-cycles:u,1153760,100.00,,
     0.038972236,2203700,,instructions:u,1153760,100.00,,
     0.040128744,0,,branch-misses:u,1155520,100.00,,
     0.040128744,54927,,cache-misses:u,1154976,100.00,,
     0.040128744,1532456,,bus-cycles:u,1154880,100.00,,
     0.040128744,2223270,,instructions:u,1154848,100.00,,
     0.041280133,1,,branch-misses:u,1152384,100.00,,
     0.041280133,18905,,cache-misses:u,1153856,100.00,,
     0.041280133,1528352,,bus-cycles:u,1153824,100.00,,
     0.041280133,2433045,,instructions:u,1154176,100.00,,
     0.042433922,0,,branch-misses:u,1153824,100.00,,
     0.042433922,2187,,cache-misses:u,1152768,100.00,,
     0.042433922,1529829,,bus-cycles:u,1152704,100.00,,
     0.042433922,2531650,,instructions:u,1152288,100.00,,
     0.043588287,0,,branch-misses:u,1156704,100.00,,
     0.043588287,33239,,cache-misses:u,1156480,100.00,,
     0.043588287,1521993,,bus-cycles:u,1156544,100.00,,
     0.043588287,2327220,,instructions:u,1156576,100.00,,
     0.044819978,0,,branch-misses:u,1233728,100.00,,
     0.044819978,58785,,cache-misses:u,1236192,100.00,,
     0.044819978,1640855,,bus-cycles:u,1236288,100.00,,
     0.044819978,2374853,,instructions:u,1236256,100.00,,
     0.045986340,1,,branch-misses:u,1163904,100.00,,
     0.045986340,38519,,cache-misses:u,1161376,100.00,,
     0.045986340,1540505,,bus-cycles:u,1161216,100.00,,
     0.045986340,2330982,,instructions:u,1161280,100.00,,
     0.047139905,0,,branch-misses:u,1153408,100.00,,
     0.047139905,1827,,cache-misses:u,1154880,100.00,,
     0.047139905,1377620,,bus-cycles:u,1154848,100.00,,
     0.047139905,2279540,,instructions:u,1155040,100.00,,
     0.048293630,0,,branch-misses:u,1152768,100.00,,
     0.048293630,9433,,cache-misses:u,1151488,100.00,,
     0.048293630,1527274,,bus-cycles:u,1151648,100.00,,
     0.048293630,2485700,,instructions:u,1151488,100.00,,
     0.049444987,0,,branch-misses:u,1151968,100.00,,
     0.049444987,54643,,cache-misses:u,1151680,100.00,,
     0.049444987,1527791,,bus-cycles:u,1151648,100.00,,
     0.049444987,2211920,,instructions:u,1151552,100.00,,
     0.050597240,0,,branch-misses:u,1152032,100.00,,
     0.050597240,54707,,cache-misses:u,1152384,100.00,,
     0.050597240,1529597,,bus-cycles:u,1152416,100.00,,
     0.050597240,2217610,,instructions:u,1152480,100.00,,
     0.051748117,4,,branch-misses:u,1153632,100.00,,
     0.051748117,13766,,cache-misses:u,1155488,100.00,,
     0.051748117,1516393,,bus-cycles:u,1156000,100.00,,
     0.051748117,2435335,,instructions:u,1156064,100.00,,
     0.052911824,0,,branch-misses:u,1161792,100.00,,
     0.052911824,1713,,cache-misses:u,1159872,100.00,,
     0.052911824,1537175,,bus-cycles:u,1159968,100.00,,
     0.052911824,2550710,,instructions:u,1159744,100.00,,
     0.054062637,0,,branch-misses:u,1150912,100.00,,
     0.054062637,38682,,cache-misses:u,1151200,100.00,,
     0.054062637,1524956,,bus-cycles:u,1150528,100.00,,
     0.054062637,2303930,,instructions:u,1150624,100.00,,
     0.055215530,0,,branch-misses:u,1154912,100.00,,
     0.055215530,54253,,cache-misses:u,1154240,100.00,,
     0.055215530,1517589,,bus-cycles:u,1154336,100.00,,
     0.055215530,2200340,,instructions:u,1154496,100.00,,
     0.056369927,1,,branch-misses:u,1155296,100.00,,
     0.056369927,37341,,cache-misses:u,1155424,100.00,,
     0.056369927,1530781,,bus-cycles:u,1155328,100.00,,
     0.056369927,2322215,,instructions:u,1155232,100.00,,
     0.057524868,0,,branch-misses:u,1153248,100.00,,
     0.057524868,1659,,cache-misses:u,1152992,100.00,,
     0.057524868,1530744,,bus-cycles:u,1153088,100.00,,
     0.057524868,2539500,,instructions:u,1153248,100.00,,
     0.058675745,0,,branch-misses:u,1151872,100.00,,
     0.058675745,15319,,cache-misses:u,1152576,100.00,,
     0.058675745,1529067,,bus-cycles:u,1152480,100.00,,
     0.058675745,2447230,,instructions:u,1152896,100.00,,
     0.059854680,0,,branch-misses:u,1149120,100.00,,
     0.059854680,52360,,cache-misses:u,1149760,100.00,,
     0.059854680,1464082,,bus-cycles:u,1149920,100.00,,
     0.059854680,2120270,,instructions:u,1149600,100.00,,
     0.061016403,1,,branch-misses:u,1160864,100.00,,
     0.061016403,54690,,cache-misses:u,1159744,100.00,,
     0.061016403,1538692,,bus-cycles:u,1160224,100.00,,
     0.061016403,2229955,,instructions:u,1159936,100.00,,
     0.062168688,0,,branch-misses:u,1152448,100.00,,
     0.062168688,9626,,cache-misses:u,1152544,100.00,,
     0.062168688,1527787,,bus-cycles:u,1152416,100.00,,
     0.062168688,2483370,,instructions:u,1152352,100.00,,
     0.063323693,0,,branch-misses:u,1155520,100.00,,
     0.063323693,2280,,cache-misses:u,1156896,100.00,,
     0.063323693,1518717,,bus-cycles:u,1156480,100.00,,
     0.063323693,2505290,,instructions:u,1156672,100.00,,
     0.064483016,0,,branch-misses:u,1159488,100.00,,
     0.064483016,42477,,cache-misses:u,1158272,100.00,,
     0.064483016,1536406,,bus-cycles:u,1158240,100.00,,
     0.064483016,2294858,,instructions:u,1158176,100.00,,
     0.065634949,0,,branch-misses:u,1152320,100.00,,
     0.065634949,54735,,cache-misses:u,1152128,100.00,,
     0.065634949,1529730,,bus-cycles:u,1152096,100.00,,
     0.065634949,2215732,,instructions:u,1152032,100.00,,
     0.066840662,1,,branch-misses:u,1209120,100.00,,
     0.066840662,32941,,cache-misses:u,1210528,100.00,,
     0.066840662,1591977,,bus-cycles:u,1210528,100.00,,
     0.066840662,2451529,,instructions:u,1210720,100.00,,
     0.068014095,0,,branch-misses:u,1170528,100.00,,
     0.068014095,1733,,cache-misses:u,1170208,100.00,,
     0.068014095,1554207,,bus-cycles:u,1170144,100.00,,
     0.068014095,2572116,,instructions:u,1170048,100.00,,
     0.069167116,0,,branch-misses:u,1153568,100.00,,
     0.069167116,22672,,cache-misses:u,1152064,100.00,,
     0.069167116,1529349,,bus-cycles:u,1152160,100.00,,
     0.069167116,2405807,,instructions:u,1152640,100.00,,
     0.070318313,0,,branch-misses:u,1152832,100.00,,
     0.070318313,54780,,cache-misses:u,1153632,100.00,,
     0.070318313,1530072,,bus-cycles:u,1153568,100.00,,
     0.070318313,2214703,,instructions:u,1153120,100.00,,
     0.071473510,1,,branch-misses:u,1155936,100.00,,
     0.071473510,52345,,cache-misses:u,1156224,100.00,,
     0.071473510,1512517,,bus-cycles:u,1156032,100.00,,
     0.071473510,2195005,,instructions:u,1156064,100.00,,
     0.072639136,0,,branch-misses:u,1163808,100.00,,
     0.072639136,1791,,cache-misses:u,1163488,100.00,,
     0.072639136,1543504,,bus-cycles:u,1164032,100.00,,
     0.072639136,2555090,,instructions:u,1163776,100.00,,
     0.073792796,0,,branch-misses:u,1155296,100.00,,
     0.073792796,1636,,cache-misses:u,1155072,100.00,,
     0.073792796,1531573,,bus-cycles:u,1154688,100.00,,
     0.073792796,2536720,,instructions:u,1154720,100.00,,
     0.074945593,0,,branch-misses:u,1151104,100.00,,
     0.074945593,51588,,cache-misses:u,1151136,100.00,,
     0.074945593,1511542,,bus-cycles:u,1151360,100.00,,
     0.074945593,2194437,,instructions:u,1151424,100.00,,
     0.076101238,0,,branch-misses:u,1155968,100.00,,
     0.076101238,54954,,cache-misses:u,1155744,100.00,,
     0.076101238,1534327,,bus-cycles:u,1155616,100.00,,
     0.076101238,2216123,,instructions:u,1155648,100.00,,
     0.077255538,1,,branch-misses:u,1155328,100.00,,
     0.077255538,24052,,cache-misses:u,1155360,100.00,,
     0.077255538,1533325,,bus-cycles:u,1155296,100.00,,
     0.077255538,2401143,,instructions:u,1155200,100.00,,
     0.078408399,0,,branch-misses:u,1152736,100.00,,
     0.078408399,1592,,cache-misses:u,1152768,100.00,,
     0.078408399,1531670,,bus-cycles:u,1153280,100.00,,
     0.078408399,2522158,,instructions:u,1153280,100.00,,
     0.079562124,0,,branch-misses:u,1154720,100.00,,
     0.079562124,28030,,cache-misses:u,1154912,100.00,,
     0.079562124,1518742,,bus-cycles:u,1154496,100.00,,
     0.079562124,2351357,,instructions:u,1154816,100.00,,
     0.080724967,0,,branch-misses:u,1163136,100.00,,
     0.080724967,55070,,cache-misses:u,1163040,100.00,,
     0.080724967,1544781,,bus-cycles:u,1162944,100.00,,
     0.080724967,2231457,,instructions:u,1162816,100.00,,
     0.081885826,1,,branch-misses:u,1160768,100.00,,
     0.081885826,47498,,cache-misses:u,1161088,100.00,,
     0.081885826,1540837,,bus-cycles:u,1161088,100.00,,
     0.081885826,2274345,,instructions:u,1161152,100.00,,
     0.083124396,0,,branch-misses:u,1245184,100.00,,
     0.083124396,1715,,cache-misses:u,1246880,100.00,,
     0.083124396,1631575,,bus-cycles:u,1248704,100.00,,
     0.083124396,2692238,,instructions:u,1249472,100.00,,
     0.084322879,0,,branch-misses:u,1192896,100.00,,
     0.084322879,10330,,cache-misses:u,1192128,100.00,,
     0.084322879,1579403,,bus-cycles:u,1190496,100.00,,
     0.084322879,2551840,,instructions:u,1189632,100.00,,
     0.085485721,0,,branch-misses:u,1163328,100.00,,
     0.085485721,54863,,cache-misses:u,1161856,100.00,,
     0.085485721,1540461,,bus-cycles:u,1161664,100.00,,
     0.085485721,2221269,,instructions:u,1161600,100.00,,
     0.086640246,0,,branch-misses:u,1153856,100.00,,
     0.086640246,54411,,cache-misses:u,1153600,100.00,,
     0.086640246,1531419,,bus-cycles:u,1153504,100.00,,
     0.086640246,2205635,,instructions:u,1153792,100.00,,
     0.087878880,1,,branch-misses:u,1242848,100.00,,
     0.087878880,12920,,cache-misses:u,1243808,100.00,,
     0.087878880,1637209,,bus-cycles:u,1243904,100.00,,
     0.087878880,2631583,,instructions:u,1243712,100.00,,
     0.089041530,0,,branch-misses:u,1158976,100.00,,
     0.089041530,1530,,cache-misses:u,1158624,100.00,,
     0.089041530,1538044,,bus-cycles:u,1158688,100.00,,
     0.089041530,2547280,,instructions:u,1158560,100.00,,
     0.090195703,0,,branch-misses:u,1156000,100.00,,
     0.090195703,43832,,cache-misses:u,1155872,100.00,,
     0.090195703,1532149,,bus-cycles:u,1155744,100.00,,
     0.090195703,2279210,,instructions:u,1155808,100.00,,
     0.091352211,0,,branch-misses:u,1157888,100.00,,
     0.091352211,54105,,cache-misses:u,1158208,100.00,,
     0.091352211,1522244,,bus-cycles:u,1158400,100.00,,
     0.091352211,2188470,,instructions:u,1158560,100.00,,
     0.092522828,1,,branch-misses:u,1168544,100.00,,
     0.092522828,32744,,cache-misses:u,1168224,100.00,,
     0.092522828,1550047,,bus-cycles:u,1168000,100.00,,
     0.092522828,2376005,,instructions:u,1167744,100.00,,
     0.093681608,0,,branch-misses:u,1162464,100.00,,
     0.093681608,1460,,cache-misses:u,1162304,100.00,,
     0.093681608,1542575,,bus-cycles:u,1162272,100.00,,
     0.093681608,2550260,,instructions:u,1162336,100.00,,
     0.094849825,0,,branch-misses:u,1166752,100.00,,
     0.094849825,20463,,cache-misses:u,1167424,100.00,,
     0.094849825,1533444,,bus-cycles:u,1167488,100.00,,
     0.094849825,2410240,,instructions:u,1167552,100.00,,
     0.096014460,0,,branch-misses:u,1164480,100.00,,
     0.096014460,55056,,cache-misses:u,1163968,100.00,,
     0.096014460,1542704,,bus-cycles:u,1163936,100.00,,
     0.096014460,2220490,,instructions:u,1164384,100.00,,
     0.097176439,1,,branch-misses:u,1161248,100.00,,
     0.097176439,54758,,cache-misses:u,1161248,100.00,,
     0.097176439,1539903,,bus-cycles:u,1161312,100.00,,
     0.097176439,2218465,,instructions:u,1160736,100.00,,
     0.098330931,0,,branch-misses:u,1154240,100.00,,
     0.098330931,2082,,cache-misses:u,1154240,100.00,,
     0.098330931,1532001,,bus-cycles:u,1154272,100.00,,
     0.098330931,2523419,,instructions:u,1154336,100.00,,
     0.099484912,0,,branch-misses:u,1155840,100.00,,
     0.099484912,1652,,cache-misses:u,1156896,100.00,,
     0.099484912,1519921,,bus-cycles:u,1157632,100.00,,
     0.099484912,2485891,,instructions:u,1157952,100.00,,
     0.100656137,0,,branch-misses:u,1170208,100.00,,
     0.100656137,50216,,cache-misses:u,1169280,100.00,,
     0.100656137,1550534,,bus-cycles:u,1169152,100.00,,
     0.100656137,2268890,,instructions:u,1168928,100.00,,
     0.101810757,0,,branch-misses:u,1155872,100.00,,
     0.101810757,54884,,cache-misses:u,1155456,100.00,,
     0.101810757,1531878,,bus-cycles:u,1154976,100.00,,
     0.101810757,2214610,,instructions:u,1154880,100.00,,
     0.102964834,1,,branch-misses:u,1153760,100.00,,
     0.102964834,25366,,cache-misses:u,1154720,100.00,,
     0.102964834,1517274,,bus-cycles:u,1157984,100.00,,
     0.102964834,2357345,,instructions:u,1158080,100.00,,
     0.104129244,0,,branch-misses:u,1164128,100.00,,
     0.104129244,1665,,cache-misses:u,1163296,100.00,,
     0.104129244,1540787,,bus-cycles:u,1160352,100.00,,
     0.104129244,2536120,,instructions:u,1160160,100.00,,
     0.105283065,0,,branch-misses:u,1153984,100.00,,
     0.105283065,26216,,cache-misses:u,1154208,100.00,,
     0.105283065,1532145,,bus-cycles:u,1153888,100.00,,
     0.105283065,2374580,,instructions:u,1153952,100.00,,
     0.106438582,0,,branch-misses:u,1155680,100.00,,
     0.106438582,54745,,cache-misses:u,1155392,100.00,,
     0.106438582,1534092,,bus-cycles:u,1155232,100.00,,
     0.106438582,2209788,,instructions:u,1155264,100.00,,
     0.107597905,1,,branch-misses:u,1161760,100.00,,
     0.107597905,49809,,cache-misses:u,1162464,100.00,,
     0.107597905,1529386,,bus-cycles:u,1162432,100.00,,
     0.107597905,2232207,,instructions:u,1162400,100.00,,
     0.108762284,0,,branch-misses:u,1162208,100.00,,
     0.108762284,1803,,cache-misses:u,1161344,100.00,,
     0.108762284,1540878,,bus-cycles:u,1161408,100.00,,
     0.108762284,2539360,,instructions:u,1162048,100.00,,
     0.109969980,0,,branch-misses:u,1209376,100.00,,
     0.109969980,5163,,cache-misses:u,1210240,100.00,,
     0.109969980,1605453,,bus-cycles:u,1210816,100.00,,
     0.109969980,2624267,,instructions:u,1210208,100.00,,
     0.111134199,0,,branch-misses:u,1164096,100.00,,
     0.111134199,54280,,cache-misses:u,1165056,100.00,,
     0.111134199,1530535,,bus-cycles:u,1165088,100.00,,
     0.111134199,2201667,,instructions:u,1165088,100.00,,
     0.112371201,0,,branch-misses:u,1237984,100.00,,
     0.112371201,58589,,cache-misses:u,1236960,100.00,,
     0.112371201,1638175,,bus-cycles:u,1236448,100.00,,
     0.112371201,2366556,,instructions:u,1237600,100.00,,
     0.113555671,1,,branch-misses:u,1184512,100.00,,
     0.113555671,14640,,cache-misses:u,1184608,100.00,,
     0.113555671,1567458,,bus-cycles:u,1184416,100.00,,
     0.113555671,2511195,,instructions:u,1183200,100.00,,
     0.114723504,0,,branch-misses:u,1167936,100.00,,
     0.114723504,1690,,cache-misses:u,1167776,100.00,,
     0.114723504,1549738,,bus-cycles:u,1167808,100.00,,
     0.114723504,2559920,,instructions:u,1167744,100.00,,
     0.115909956,0,,branch-misses:u,1162144,100.00,,
     0.115909956,37968,,cache-misses:u,1163296,100.00,,
     0.115909956,1476126,,bus-cycles:u,1163872,100.00,,
     0.115909956,2218710,,instructions:u,1164064,100.00,,
     0.117069981,0,,branch-misses:u,1158944,100.00,,
     0.117069981,54878,,cache-misses:u,1157920,100.00,,
     0.117069981,1535480,,bus-cycles:u,1157312,100.00,,
     0.117069981,2233790,,instructions:u,1157248,100.00,,
     0.118224344,1,,branch-misses:u,1154464,100.00,,
     0.118224344,37185,,cache-misses:u,1153824,100.00,,
     0.118224344,1531528,,bus-cycles:u,1153888,100.00,,
     0.118224344,2320695,,instructions:u,1153888,100.00,,
     0.119378931,0,,branch-misses:u,1157152,100.00,,
     0.119378931,1872,,cache-misses:u,1157536,100.00,,
     0.119378931,1509323,,bus-cycles:u,1157472,100.00,,
     0.119378931,2488520,,instructions:u,1157536,100.00,,
     0.120542572,0,,branch-misses:u,1161888,100.00,,
     0.120542572,14561,,cache-misses:u,1161984,100.00,,
     0.120542572,1542243,,bus-cycles:u,1162080,100.00,,
     0.120542572,2459596,,instructions:u,1162048,100.00,,
     0.121699654,0,,branch-misses:u,1158304,100.00,,
     0.121699654,54958,,cache-misses:u,1158112,100.00,,
     0.121699654,1535630,,bus-cycles:u,1158112,100.00,,
     0.121699654,2228074,,instructions:u,1157920,100.00,,
     0.122857856,1,,branch-misses:u,1157216,100.00,,
     0.122857856,53873,,cache-misses:u,1157504,100.00,,
     0.122857856,1517627,,bus-cycles:u,1157472,100.00,,
     0.122857856,2199761,,instructions:u,1157728,100.00,,
     0.124013274,0,,branch-misses:u,1156032,100.00,,
     0.124013274,8303,,cache-misses:u,1155392,100.00,,
     0.124013274,1532407,,bus-cycles:u,1155456,100.00,,
     0.124013274,2498984,,instructions:u,1155296,100.00,,
     0.125168437,0,,branch-misses:u,1155008,100.00,,
     0.125168437,1720,,cache-misses:u,1155488,100.00,,
     0.125168437,1531975,,bus-cycles:u,1155936,100.00,,
     0.125168437,2533820,,instructions:u,1156064,100.00,,
     0.126321136,0,,branch-misses:u,1153312,100.00,,
     0.126321136,44338,,cache-misses:u,1153440,100.00,,
     0.126321136,1529248,,bus-cycles:u,1152864,100.00,,
     0.126321136,2276318,,instructions:u,1152736,100.00,,
     0.127474123,0,,branch-misses:u,1154432,100.00,,
     0.127474123,54240,,cache-misses:u,1154816,100.00,,
     0.127474123,1514667,,bus-cycles:u,1154912,100.00,,
     0.127474123,2196722,,instructions:u,1154944,100.00,,
     0.128635589,1,,branch-misses:u,1160480,100.00,,
     0.128635589,31510,,cache-misses:u,1159648,100.00,,
     0.128635589,1537826,,bus-cycles:u,1159648,100.00,,
     0.128635589,2374365,,instructions:u,1159680,100.00,,
     0.129790303,0,,branch-misses:u,1154400,100.00,,
     0.129790303,1846,,cache-misses:u,1154464,100.00,,
     0.129790303,1531249,,bus-cycles:u,1154624,100.00,,
     0.129790303,2529588,,instructions:u,1155104,100.00,,
     0.130986705,0,,branch-misses:u,1199744,100.00,,
     0.130986705,22609,,cache-misses:u,1200256,100.00,,
     0.130986705,1575063,,bus-cycles:u,1200160,100.00,,
     0.130986705,2461242,,instructions:u,1199968,100.00,,
     0.132154728,0,,branch-misses:u,1167008,100.00,,
     0.132154728,55190,,cache-misses:u,1166784,100.00,,
     0.132154728,1547425,,bus-cycles:u,1166816,100.00,,
     0.132154728,2243198,,instructions:u,1166528,100.00,,
     0.133315970,1,,branch-misses:u,1160544,100.00,,
     0.133315970,52482,,cache-misses:u,1161824,100.00,,
     0.133315970,1540153,,bus-cycles:u,1161792,100.00,,
     0.133315970,2247038,,instructions:u,1161792,100.00,,
     0.134480090,0,,branch-misses:u,1164768,100.00,,
     0.134480090,125,,cache-misses:u,1163456,100.00,,
     0.134480090,1542931,,bus-cycles:u,1163392,100.00,,
     0.134480090,2563609,,instructions:u,1163360,100.00,,
     0.135643027,0,,branch-misses:u,1165184,100.00,,
     0.135643027,2141,,cache-misses:u,1166784,100.00,,
     0.135643027,1527394,,bus-cycles:u,1166912,100.00,,
     0.135643027,2502870,,instructions:u,1167072,100.00,,
     0.136817290,0,,branch-misses:u,1173376,100.00,,
     0.136817290,53802,,cache-misses:u,1171680,100.00,,
     0.136817290,1552715,,bus-cycles:u,1172064,100.00,,
     0.136817290,2259268,,instructions:u,1172032,100.00,,
     0.137982594,0,,branch-misses:u,1165120,100.00,,
     0.137982594,55001,,cache-misses:u,1165216,100.00,,
     0.137982594,1544236,,bus-cycles:u,1164768,100.00,,
     0.137982594,2233812,,instructions:u,1164704,100.00,,
     0.139145275,1,,branch-misses:u,1163584,100.00,,
     0.139145275,21098,,cache-misses:u,1163776,100.00,,
     0.139145275,1529369,,bus-cycles:u,1163712,100.00,,
     0.139145275,2402165,,instructions:u,1163840,100.00,,
     0.140308436,0,,branch-misses:u,1161952,100.00,,
     0.140308436,1880,,cache-misses:u,1162240,100.00,,
     0.140308436,1541953,,bus-cycles:u,1162752,100.00,,
     0.140308436,2521840,,instructions:u,1162560,100.00,,
     0.141468429,0,,branch-misses:u,1160448,100.00,,
     0.141468429,30766,,cache-misses:u,1159488,100.00,,
     0.141468429,1538515,,bus-cycles:u,1159904,100.00,,
     0.141468429,2353908,,instructions:u,1160096,100.00,,
     0.142627975,0,,branch-misses:u,1159712,100.00,,
     0.142627975,55033,,cache-misses:u,1159744,100.00,,
     0.142627975,1538380,,bus-cycles:u,1159040,100.00,,
     0.142627975,2233492,,instructions:u,1158816,100.00,,
     0.143788416,3,,branch-misses:u,1128896,100.00,,
     0.143788416,29746,,cache-misses:u,1136160,100.00,,
     0.143788416,846905,,bus-cycles:u,1138976,100.00,,
     0.143788416,1227310,,instructions:u,1142304,100.00,,
     0.144988689,4,,branch-misses:u,1192192,100.00,,
     0.144988689,14071,,cache-misses:u,1188608,100.00,,
     0.144988689,856747,,bus-cycles:u,1189312,100.00,,
     0.144988689,1345061,,instructions:u,1189248,100.00,,
     0.146160040,1,,branch-misses:u,1169888,100.00,,
     0.146160040,1009,,cache-misses:u,1169632,100.00,,
     0.146160040,842458,,bus-cycles:u,1168896,100.00,,
     0.146160040,1396881,,instructions:u,1168832,100.00,,
     0.147335230,0,,branch-misses:u,693184,100.00,,
     0.147335230,671,,cache-misses:u,695616,100.00,,
     0.147335230,469476,,bus-cycles:u,696768,100.00,,
     0.147335230,773963,,instructions:u,698560,100.00,,
     0.148617756,0,,branch-misses:u,1278112,100.00,,
     0.148617756,10478,,cache-misses:u,1277024,100.00,,
     0.148617756,1642146,,bus-cycles:u,1277376,100.00,,
     0.148617756,2663170,,instructions:u,1276160,100.00,,
     0.149859491,0,,branch-misses:u,1241120,100.00,,
     0.149859491,57966,,cache-misses:u,1240544,100.00,,
     0.149859491,1639228,,bus-cycles:u,1239872,100.00,,
     0.149859491,2392278,,instructions:u,1239968,100.00,,
     0.151090636,3,,branch-misses:u,1232704,100.00,,
     0.151090636,56457,,cache-misses:u,1232672,100.00,,
     0.151090636,1605173,,bus-cycles:u,1232480,100.00,,
     0.151090636,2338877,,instructions:u,1232512,100.00,,
     0.152383400,1,,branch-misses:u,1292160,100.00,,
     0.152383400,5895,,cache-misses:u,1292384,100.00,,
     0.152383400,1710265,,bus-cycles:u,1292160,100.00,,
     0.152383400,2792090,,instructions:u,1292128,100.00,,
     0.153619184,0,,branch-misses:u,1236192,100.00,,
     0.153619184,3958,,cache-misses:u,1242816,100.00,,
     0.153619184,1635847,,bus-cycles:u,1245088,100.00,,
     0.153619184,2687431,,instructions:u,1247200,100.00,,
     0.154862807,0,,branch-misses:u,1244352,100.00,,
     0.154862807,53694,,cache-misses:u,1240736,100.00,,
     0.154862807,1603316,,bus-cycles:u,1238304,100.00,,
     0.154862807,2106166,,instructions:u,1235328,100.00,,
     0.156154259,0,,branch-misses:u,448128,100.00,,
     0.156154259,17801,,cache-misses:u,437696,100.00,,
     0.156154259,542369,,bus-cycles:u,431840,100.00,,
     0.156154259,685393,,instructions:u,426272,100.00,,
     0.157490756,2,,branch-misses:u,1256352,100.00,,
     0.157490756,54931,,cache-misses:u,1264800,100.00,,
     0.157490756,1640991,,bus-cycles:u,1270976,100.00,,
     0.157490756,2198935,,instructions:u,1277888,100.00,,
     0.158684150,0,,branch-misses:u,1187264,100.00,,
     0.158684150,6588,,cache-misses:u,1186528,100.00,,
     0.158684150,1563916,,bus-cycles:u,1185824,100.00,,
     0.158684150,2384270,,instructions:u,1184576,100.00,,
     0.159890757,0,,branch-misses:u,1207744,100.00,,
     0.159890757,2915,,cache-misses:u,1207040,100.00,,
     0.159890757,1563849,,bus-cycles:u,1207136,100.00,,
     0.159890757,2421480,,instructions:u,1207776,100.00,,
     0.161065500,0,,branch-misses:u,1173536,100.00,,
     0.161065500,41203,,cache-misses:u,1172736,100.00,,
     0.161065500,1549099,,bus-cycles:u,1172768,100.00,,
     0.161065500,2228700,,instructions:u,1172224,100.00,,
     0.162235507,0,,branch-misses:u,1170080,100.00,,
     0.162235507,53725,,cache-misses:u,1169888,100.00,,
     0.162235507,1544995,,bus-cycles:u,1169824,100.00,,
     0.162235507,2150249,,instructions:u,1169728,100.00,,
     0.163403435,3,,branch-misses:u,1170240,100.00,,
     0.163403435,36668,,cache-misses:u,1170400,100.00,,
     0.163403435,1520961,,bus-cycles:u,1170912,100.00,,
     0.163403435,2255346,,instructions:u,1171168,100.00,,
     0.164593661,0,,branch-misses:u,1187648,100.00,,
     0.164593661,1704,,cache-misses:u,1188192,100.00,,
     0.164593661,1567846,,bus-cycles:u,1187200,100.00,,
     0.164593661,2567030,,instructions:u,1186432,100.00,,
     0.165759606,0,,branch-misses:u,1120320,100.00,,
     0.165759606,12343,,cache-misses:u,1120576,100.00,,
     0.165759606,1444540,,bus-cycles:u,1120672,100.00,,
     0.165759606,2326448,,instructions:u,1121024,100.00,,
     0.166927597,0,,branch-misses:u,1167680,100.00,,
     0.166927597,54349,,cache-misses:u,1167008,100.00,,
     0.166927597,1517807,,bus-cycles:u,1167136,100.00,,
     0.166927597,2198769,,instructions:u,1166816,100.00,,
     0.168091110,0,,branch-misses:u,1162272,100.00,,
     0.168091110,54880,,cache-misses:u,1161696,100.00,,
     0.168091110,1534255,,bus-cycles:u,1161568,100.00,,
     0.168091110,2223913,,instructions:u,1161344,100.00,,
     0.169249600,1,,branch-misses:u,1160096,100.00,,
     0.169249600,10885,,cache-misses:u,1159872,100.00,,
     0.169249600,1532275,,bus-cycles:u,1159712,100.00,,
     0.169249600,2484695,,instructions:u,1159808,100.00,,
     0.170407066,0,,branch-misses:u,1157088,100.00,,
     0.170407066,1242,,cache-misses:u,1157216,100.00,,
     0.170407066,1528916,,bus-cycles:u,1156928,100.00,,
     0.170407066,2536400,,instructions:u,1156640,100.00,,
     0.171565844,0,,branch-misses:u,1161632,100.00,,
     0.171565844,41597,,cache-misses:u,1161600,100.00,,
     0.171565844,1514518,,bus-cycles:u,1162048,100.00,,
     0.171565844,2264720,,instructions:u,1162400,100.00,,
     0.172732428,0,,branch-misses:u,1164832,100.00,,
     0.172732428,55202,,cache-misses:u,1164864,100.00,,
     0.172732428,1537024,,bus-cycles:u,1164800,100.00,,
     0.172732428,2224520,,instructions:u,1164864,100.00,,
     0.173898180,1,,branch-misses:u,1165472,100.00,,
     0.173898180,33936,,cache-misses:u,1165536,100.00,,
     0.173898180,1539111,,bus-cycles:u,1165664,100.00,,
     0.173898180,2359315,,instructions:u,1165568,100.00,,
     0.175148745,0,,branch-misses:u,1254464,100.00,,
     0.175148745,1900,,cache-misses:u,1255616,100.00,,
     0.175148745,1643358,,bus-cycles:u,1255552,100.00,,
     0.175148745,2724770,,instructions:u,1255520,100.00,,
     0.176325439,0,,branch-misses:u,1173888,100.00,,
     0.176325439,23674,,cache-misses:u,1172576,100.00,,
     0.176325439,1549826,,bus-cycles:u,1172416,100.00,,
     0.176325439,2434000,,instructions:u,1172320,100.00,,
     0.177482809,0,,branch-misses:u,1156640,100.00,,
     0.177482809,54794,,cache-misses:u,1156896,100.00,,
     0.177482809,1528673,,bus-cycles:u,1156832,100.00,,
     0.177482809,2214960,,instructions:u,1156960,100.00,,
     0.178639028,1,,branch-misses:u,1156736,100.00,,
     0.178639028,51752,,cache-misses:u,1156576,100.00,,
     0.178639028,1529050,,bus-cycles:u,1156800,100.00,,
     0.178639028,2235156,,instructions:u,1156768,100.00,,
     0.179798733,0,,branch-misses:u,1162208,100.00,,
     0.179798733,1620,,cache-misses:u,1162464,100.00,,
     0.179798733,1523992,,bus-cycles:u,1162464,100.00,,
     0.179798733,2529469,,instructions:u,1162688,100.00,,
     0.180978690,0,,branch-misses:u,1178048,100.00,,
     0.180978690,1756,,cache-misses:u,1177888,100.00,,
     0.180978690,1557202,,bus-cycles:u,1178016,100.00,,
     0.180978690,2581410,,instructions:u,1177856,100.00,,
     0.182138172,0,,branch-misses:u,1160160,100.00,,
     0.182138172,54831,,cache-misses:u,1160736,100.00,,
     0.182138172,1533314,,bus-cycles:u,1160480,100.00,,
     0.182138172,2222440,,instructions:u,1161760,100.00,,
     0.183303092,0,,branch-misses:u,1168032,100.00,,
     0.183303092,54518,,cache-misses:u,1167520,100.00,,
     0.183303092,1526641,,bus-cycles:u,1167552,100.00,,
     0.183303092,2206870,,instructions:u,1166368,100.00,,
     0.184474795,1,,branch-misses:u,1168736,100.00,,
     0.184474795,21157,,cache-misses:u,1168928,100.00,,
     0.184474795,1543956,,bus-cycles:u,1168960,100.00,,
     0.184474795,2443865,,instructions:u,1168768,100.00,,
     0.185631750,0,,branch-misses:u,1156416,100.00,,
     0.185631750,1786,,cache-misses:u,1156192,100.00,,
     0.185631750,1528133,,bus-cycles:u,1155680,100.00,,
     0.185631750,2535460,,instructions:u,1155712,100.00,,
     0.186765221,0,,branch-misses:u,1135584,100.00,,
     0.186765221,30819,,cache-misses:u,1136000,100.00,,
     0.186765221,1491206,,bus-cycles:u,1136512,100.00,,
     0.186765221,2294860,,instructions:u,1136448,100.00,,
     0.187931933,0,,branch-misses:u,1166624,100.00,,
     0.187931933,55141,,cache-misses:u,1166304,100.00,,
     0.187931933,1540562,,bus-cycles:u,1166688,100.00,,
     0.187931933,2233862,,instructions:u,1166720,100.00,,
     0.189090039,1,,branch-misses:u,1157920,100.00,,
     0.189090039,44251,,cache-misses:u,1157728,100.00,,
     0.189090039,1529385,,bus-cycles:u,1157312,100.00,,
     0.189090039,2279563,,instructions:u,1157440,100.00,,
     0.190247633,0,,branch-misses:u,1156896,100.00,,
     0.190247633,2209,,cache-misses:u,1157120,100.00,,
     0.190247633,1529799,,bus-cycles:u,1157088,100.00,,
     0.190247633,2533900,,instructions:u,1156992,100.00,,
     0.191402220,0,,branch-misses:u,1156032,100.00,,
     0.191402220,7796,,cache-misses:u,1155680,100.00,,
     0.191402220,1515156,,bus-cycles:u,1155680,100.00,,
     0.191402220,2473030,,instructions:u,1155840,100.00,,
     0.192563365,0,,branch-misses:u,1161184,100.00,,
     0.192563365,55027,,cache-misses:u,1161600,100.00,,
     0.192563365,1535399,,bus-cycles:u,1162080,100.00,,
     0.192563365,2222840,,instructions:u,1162048,100.00,,
     0.193723999,0,,branch-misses:u,1160992,100.00,,
     0.193723999,54869,,cache-misses:u,1160704,100.00,,
     0.193723999,1533661,,bus-cycles:u,1161120,100.00,,
     0.193723999,2217150,,instructions:u,1161120,100.00,,
     0.194882681,1,,branch-misses:u,1159008,100.00,,
     0.194882681,14940,,cache-misses:u,1159232,100.00,,
     0.194882681,1514482,,bus-cycles:u,1158464,100.00,,
     0.194882681,2434165,,instructions:u,1158336,100.00,,
     0.196107907,0,,branch-misses:u,1226912,100.00,,
     0.196107907,2255,,cache-misses:u,1227424,100.00,,
     0.196107907,1623191,,bus-cycles:u,1227264,100.00,,
     0.196107907,2689260,,instructions:u,1227168,100.00,,
     0.197275547,0,,branch-misses:u,1166368,100.00,,
     0.197275547,41010,,cache-misses:u,1165824,100.00,,
     0.197275547,1540745,,bus-cycles:u,1165920,100.00,,
     0.197275547,2313610,,instructions:u,1166080,100.00,,
     0.198432054,0,,branch-misses:u,1156576,100.00,,
     0.198432054,54645,,cache-misses:u,1156256,100.00,,
     0.198432054,1527244,,bus-cycles:u,1156160,100.00,,
     0.198432054,2213180,,instructions:u,1156256,100.00,,
     0.199589008,1,,branch-misses:u,1158400,100.00,,
     0.199589008,34759,,cache-misses:u,1158784,100.00,,
     0.199589008,1519737,,bus-cycles:u,1158752,100.00,,
     0.199589008,2321405,,instructions:u,1158688,100.00,,
     0.200751273,0,,branch-misses:u,1160608,100.00,,
     0.200751273,2444,,cache-misses:u,1160256,100.00,,
     0.200751273,1533871,,bus-cycles:u,1160768,100.00,,
     0.200751273,2542250,,instructions:u,1161056,100.00,,
     0.201905796,0,,branch-misses:u,1154496,100.00,,
     0.201905796,17662,,cache-misses:u,1154624,100.00,,
     0.201905796,1525481,,bus-cycles:u,1154080,100.00,,
     0.201905796,2432428,,instructions:u,1153632,100.00,,
     0.203064222,0,,branch-misses:u,1162944,100.00,,
     0.203064222,54100,,cache-misses:u,1164416,100.00,,
     0.203064222,1510045,,bus-cycles:u,1165152,100.00,,
     0.203064222,2182792,,instructions:u,1165376,100.00,,
     0.204243859,1,,branch-misses:u,1178464,100.00,,
     0.204243859,55472,,cache-misses:u,1177056,100.00,,
     0.204243859,1554417,,bus-cycles:u,1176448,100.00,,
     0.204243859,2252565,,instructions:u,1176352,100.00,,
     0.205404524,0,,branch-misses:u,1159072,100.00,,
     0.205404524,5163,,cache-misses:u,1159456,100.00,,
     0.205404524,1531456,,bus-cycles:u,1160128,100.00,,
     0.205404524,2520240,,instructions:u,1160032,100.00,,
     0.206564294,0,,branch-misses:u,1159232,100.00,,
     0.206564294,1568,,cache-misses:u,1158784,100.00,,
     0.206564294,1530922,,bus-cycles:u,1158144,100.00,,
     0.206564294,2540250,,instructions:u,1158080,100.00,,
     0.207721248,0,,branch-misses:u,1158976,100.00,,
     0.207721248,47328,,cache-misses:u,1159296,100.00,,
     0.207721248,1513492,,bus-cycles:u,1159232,100.00,,
     0.207721248,2233530,,instructions:u,1159328,100.00,,
     0.208883385,0,,branch-misses:u,1162048,100.00,,
     0.208883385,55098,,cache-misses:u,1161856,100.00,,
     0.208883385,1536131,,bus-cycles:u,1161728,100.00,,
     0.208883385,2224918,,instructions:u,1161664,100.00,,
     0.210043283,1,,branch-misses:u,1160480,100.00,,
     0.210043283,28179,,cache-misses:u,1160256,100.00,,
     0.210043283,1533909,,bus-cycles:u,1160480,100.00,,
     0.210043283,2382147,,instructions:u,1160512,100.00,,
     0.211204364,0,,branch-misses:u,1161056,100.00,,
     0.211204364,1507,,cache-misses:u,1161056,100.00,,
     0.211204364,1523765,,bus-cycles:u,1160736,100.00,,
     0.211204364,2527427,,instructions:u,1160384,100.00,,
     0.212364038,0,,branch-misses:u,1159136,100.00,,
     0.212364038,24715,,cache-misses:u,1159648,100.00,,
     0.212364038,1531935,,bus-cycles:u,1159904,100.00,,
     0.212364038,2400205,,instructions:u,1160224,100.00,,
     0.213521536,0,,branch-misses:u,1157888,100.00,,
     0.213521536,54866,,cache-misses:u,1157344,100.00,,
     0.213521536,1527678,,bus-cycles:u,1157344,100.00,,
     0.213521536,2212818,,instructions:u,1157472,100.00,,
     0.214680729,1,,branch-misses:u,1159584,100.00,,
     0.214680729,51026,,cache-misses:u,1160032,100.00,,
     0.214680729,1532189,,bus-cycles:u,1160128,100.00,,
     0.214680729,2245648,,instructions:u,1160064,100.00,,
     0.215854768,0,,branch-misses:u,1175776,100.00,,
     0.215854768,1519,,cache-misses:u,1175296,100.00,,
     0.215854768,1540980,,bus-cycles:u,1175200,100.00,,
     0.215854768,2554447,,instructions:u,1175232,100.00,,
     0.217018217,0,,branch-misses:u,1161504,100.00,,
     0.217018217,2130,,cache-misses:u,1161760,100.00,,
     0.217018217,1535918,,bus-cycles:u,1161856,100.00,,
     0.217018217,2542120,,instructions:u,1161824,100.00,,
     0.218237173,0,,branch-misses:u,1222976,100.00,,
     0.218237173,57769,,cache-misses:u,1223136,100.00,,
     0.218237173,1617861,,bus-cycles:u,1223200,100.00,,
     0.218237173,2345770,,instructions:u,1223232,100.00,,
     0.219405005,0,,branch-misses:u,1167264,100.00,,
     0.219405005,54565,,cache-misses:u,1167776,100.00,,
     0.219405005,1527597,,bus-cycles:u,1167840,100.00,,
     0.219405005,2213020,,instructions:u,1167840,100.00,,
     0.220573508,1,,branch-misses:u,1169536,100.00,,
     0.220573508,17373,,cache-misses:u,1169536,100.00,,
     0.220573508,1544172,,bus-cycles:u,1169408,100.00,,
     0.220573508,2468745,,instructions:u,1169408,100.00,,
     0.221743292,0,,branch-misses:u,1169056,100.00,,
     0.221743292,1560,,cache-misses:u,1168352,100.00,,
     0.221743292,1544298,,bus-cycles:u,1168672,100.00,,
     0.221743292,2556910,,instructions:u,1169344,100.00,,
     0.222912787,0,,branch-misses:u,1168800,100.00,,
     0.222912787,36152,,cache-misses:u,1169120,100.00,,
     0.222912787,1527776,,bus-cycles:u,1168864,100.00,,
     0.222912787,2320280,,instructions:u,1168352,100.00,,
     0.224078347,0,,branch-misses:u,1165728,100.00,,
     0.224078347,55088,,cache-misses:u,1165600,100.00,,
     0.224078347,1540031,,bus-cycles:u,1165344,100.00,,
     0.224078347,2226420,,instructions:u,1165088,100.00,,
     0.225241668,1,,branch-misses:u,1162880,100.00,,
     0.225241668,39226,,cache-misses:u,1162976,100.00,,
     0.225241668,1538124,,bus-cycles:u,1162976,100.00,,
     0.225241668,2323075,,instructions:u,1163008,100.00,,
     0.226405405,0,,branch-misses:u,1164224,100.00,,
     0.226405405,1569,,cache-misses:u,1164064,100.00,,
     0.226405405,1539344,,bus-cycles:u,1164064,100.00,,
     0.226405405,2554800,,instructions:u,1164128,100.00,,
     0.227566742,0,,branch-misses:u,1162880,100.00,,
     0.227566742,13880,,cache-misses:u,1162816,100.00,,
     0.227566742,1523746,,bus-cycles:u,1162880,100.00,,
     0.227566742,2449520,,instructions:u,1162816,100.00,,
     0.228735502,0,,branch-misses:u,1168384,100.00,,
     0.228735502,55322,,cache-misses:u,1169152,100.00,,
     0.228735502,1545891,,bus-cycles:u,1169152,100.00,,
     0.228735502,2234497,,instructions:u,1169536,100.00,,
     0.229907204,1,,branch-misses:u,1172864,100.00,,
     0.229907204,55178,,cache-misses:u,1172352,100.00,,
     0.229907204,1547308,,bus-cycles:u,1172320,100.00,,
     0.229907204,2236425,,instructions:u,1172000,100.00,,
     0.231074236,0,,branch-misses:u,1166656,100.00,,
     0.231074236,7939,,cache-misses:u,1166080,100.00,,
     0.231074236,1522720,,bus-cycles:u,1166048,100.00,,
     0.231074236,2489753,,instructions:u,1165920,100.00,,
     0.232236533,0,,branch-misses:u,1161856,100.00,,
     0.232236533,1605,,cache-misses:u,1161856,100.00,,
     0.232236533,1535343,,bus-cycles:u,1162016,100.00,,
     0.232236533,2544320,,instructions:u,1162240,100.00,,
     0.233395631,0,,branch-misses:u,1158880,100.00,,
     0.233395631,44952,,cache-misses:u,1159136,100.00,,
     0.233395631,1531348,,bus-cycles:u,1159200,100.00,,
     0.233395631,2270811,,instructions:u,1159520,100.00,,
     0.234554697,0,,branch-misses:u,1159328,100.00,,
     0.234554697,55003,,cache-misses:u,1159168,100.00,,
     0.234554697,1531406,,bus-cycles:u,1159040,100.00,,
     0.234554697,2213467,,instructions:u,1158784,100.00,,
     0.235717506,1,,branch-misses:u,1165600,100.00,,
     0.235717506,30920,,cache-misses:u,1169088,100.00,,
     0.235717506,1513377,,bus-cycles:u,1169632,100.00,,
     0.235717506,2328857,,instructions:u,1170240,100.00,,
     0.236957705,0,,branch-misses:u,1238944,100.00,,
     0.236957705,1470,,cache-misses:u,1236544,100.00,,
     0.236957705,1637232,,bus-cycles:u,1236800,100.00,,
     0.236957705,2715360,,instructions:u,1236960,100.00,,
     0.238147868,0,,branch-misses:u,1189728,100.00,,
     0.238147868,25969,,cache-misses:u,1188768,100.00,,
     0.238147868,1569587,,bus-cycles:u,1188160,100.00,,
     0.238147868,2446350,,instructions:u,1187904,100.00,,
     0.239377478,0,,branch-misses:u,1231616,100.00,,
     0.239377478,57990,,cache-misses:u,1232448,100.00,,
     0.239377478,1613473,,bus-cycles:u,1232576,100.00,,
     0.239377478,2328140,,instructions:u,1232096,100.00,,
     0.240555739,1,,branch-misses:u,1176576,100.00,,
     0.240555739,46910,,cache-misses:u,1176224,100.00,,
     0.240555739,1553437,,bus-cycles:u,1176160,100.00,,
     0.240555739,2295965,,instructions:u,1176160,100.00,,
     0.241724051,0,,branch-misses:u,1168224,100.00,,
     0.241724051,1648,,cache-misses:u,1168064,100.00,,
     0.241724051,1543595,,bus-cycles:u,1167872,100.00,,
     0.241724051,2559470,,instructions:u,1167712,100.00,,
     0.242891947,0,,branch-misses:u,1169376,100.00,,
     0.242891947,6641,,cache-misses:u,1169152,100.00,,
     0.242891947,1522559,,bus-cycles:u,1169472,100.00,,
     0.242891947,2491648,,instructions:u,1169504,100.00,,
     0.244061666,0,,branch-misses:u,1169728,100.00,,
     0.244061666,55186,,cache-misses:u,1169184,100.00,,
     0.244061666,1544847,,bus-cycles:u,1168960,100.00,,
     0.244061666,2237292,,instructions:u,1169120,100.00,,
     0.245229594,0,,branch-misses:u,1167776,100.00,,
     0.245229594,55225,,cache-misses:u,1168288,100.00,,
     0.245229594,1544354,,bus-cycles:u,1168160,100.00,,
     0.245229594,2237287,,instructions:u,1168544,100.00,,
     0.246397426,1,,branch-misses:u,1167904,100.00,,
     0.246397426,14937,,cache-misses:u,1168128,100.00,,
     0.246397426,1543657,,bus-cycles:u,1168128,100.00,,
     0.246397426,2482158,,instructions:u,1168064,100.00,,
     0.247566121,0,,branch-misses:u,1168992,100.00,,
     0.247566121,1793,,cache-misses:u,1168672,100.00,,
     0.247566121,1527386,,bus-cycles:u,1168672,100.00,,
     0.247566121,2533780,,instructions:u,1168000,100.00,,
     0.248729506,0,,branch-misses:u,1163168,100.00,,
     0.248729506,38857,,cache-misses:u,1163168,100.00,,
     0.248729506,1537574,,bus-cycles:u,1163264,100.00,,
     0.248729506,2320620,,instructions:u,1164064,100.00,,
     0.249892923,0,,branch-misses:u,1163488,100.00,,
     0.249892923,55231,,cache-misses:u,1163488,100.00,,
     0.249892923,1537202,,bus-cycles:u,1163360,100.00,,
     0.249892923,2223270,,instructions:u,1162656,100.00,,
     0.251058227,1,,branch-misses:u,1166720,100.00,,
     0.251058227,36415,,cache-misses:u,1166752,100.00,,
     0.251058227,1528591,,bus-cycles:u,1166752,100.00,,
     0.251058227,2319463,,instructions:u,1166688,100.00,,
     0.252217677,0,,branch-misses:u,1158784,100.00,,
     0.252217677,1763,,cache-misses:u,1158592,100.00,,
     0.252217677,1530540,,bus-cycles:u,1158624,100.00,,
     0.252217677,2537652,,instructions:u,1158720,100.00,,
     0.253377542,0,,branch-misses:u,1160096,100.00,,
     0.253377542,15779,,cache-misses:u,1160416,100.00,,
     0.253377542,1533491,,bus-cycles:u,1160320,100.00,,
     0.253377542,2456950,,instructions:u,1160352,100.00,,
     0.254538208,0,,branch-misses:u,1161504,100.00,,
     0.254538208,54810,,cache-misses:u,1161824,100.00,,
     0.254538208,1534158,,bus-cycles:u,1161856,100.00,,
     0.254538208,2222314,,instructions:u,1161728,100.00,,
     0.255697881,1,,branch-misses:u,1160736,100.00,,
     0.255697881,53862,,cache-misses:u,1160448,100.00,,
     0.255697881,1515571,,bus-cycles:u,1160544,100.00,,
     0.255697881,2195059,,instructions:u,1160608,100.00,,
     0.256858643,0,,branch-misses:u,1159648,100.00,,
     0.256858643,7657,,cache-misses:u,1159104,100.00,,
     0.256858643,1532916,,bus-cycles:u,1159200,100.00,,
     0.256858643,2507382,,instructions:u,1159360,100.00,,
     0.258017261,0,,branch-misses:u,1158784,100.00,,
     0.258017261,1305,,cache-misses:u,1159200,100.00,,
     0.258017261,1533619,,bus-cycles:u,1159072,100.00,,
     0.258017261,2544360,,instructions:u,1158880,100.00,,
     0.259174983,0,,branch-misses:u,1159264,100.00,,
     0.259174983,44943,,cache-misses:u,1159072,100.00,,
     0.259174983,1521457,,bus-cycles:u,1158976,100.00,,
     0.259174983,2253780,,instructions:u,1158976,100.00,,
     0.260385461,0,,branch-misses:u,1213632,100.00,,
     0.260385461,57379,,cache-misses:u,1214080,100.00,,
     0.260385461,1604957,,bus-cycles:u,1214272,100.00,,
     0.260385461,2326840,,instructions:u,1214016,100.00,,
     0.261556492,1,,branch-misses:u,1168032,100.00,,
     0.261556492,27629,,cache-misses:u,1167744,100.00,,
     0.261556492,1543335,,bus-cycles:u,1167616,100.00,,
     0.261556492,2403535,,instructions:u,1168448,100.00,,
     0.262715462,0,,branch-misses:u,1158496,100.00,,
     0.262715462,1357,,cache-misses:u,1158304,100.00,,
     0.262715462,1529647,,bus-cycles:u,1158240,100.00,,
     0.262715462,2538400,,instructions:u,1157728,100.00,,
     0.263903289,0,,branch-misses:u,1191424,100.00,,
     0.263903289,26206,,cache-misses:u,1193664,100.00,,
     0.263903289,1549893,,bus-cycles:u,1193856,100.00,,
     0.263903289,2411870,,instructions:u,1195808,100.00,,
     0.265074000,0,,branch-misses:u,1169280,100.00,,
     0.265074000,55350,,cache-misses:u,1166880,100.00,,
     0.265074000,1542226,,bus-cycles:u,1166848,100.00,,
     0.265074000,2228690,,instructions:u,1165408,100.00,,
     0.266238633,1,,branch-misses:u,1164512,100.00,,
     0.266238633,49202,,cache-misses:u,1164608,100.00,,
     0.266238633,1537976,,bus-cycles:u,1164480,100.00,,
     0.266238633,2263288,,instructions:u,1163936,100.00,,
     0.267401090,0,,branch-misses:u,1162432,100.00,,
     0.267401090,1483,,cache-misses:u,1163168,100.00,,
     0.267401090,1520827,,bus-cycles:u,1164128,100.00,,
     0.267401090,2521957,,instructions:u,1164576,100.00,,
     0.268567802,0,,branch-misses:u,1166048,100.00,,
     0.268567802,3607,,cache-misses:u,1165632,100.00,,
     0.268567802,1538885,,bus-cycles:u,1165120,100.00,,
     0.268567802,2538730,,instructions:u,1164768,100.00,,
     0.269726516,0,,branch-misses:u,1158784,100.00,,
     0.269726516,54898,,cache-misses:u,1158592,100.00,,
     0.269726516,1530318,,bus-cycles:u,1158240,100.00,,
     0.269726516,2213440,,instructions:u,1158272,100.00,,
     0.270882926,0,,branch-misses:u,1156640,100.00,,
     0.270882926,54213,,cache-misses:u,1156800,100.00,,
     0.270882926,1511811,,bus-cycles:u,1156672,100.00,,
     0.270882926,2189860,,instructions:u,1156448,100.00,,
     0.272042792,1,,branch-misses:u,1160256,100.00,,
     0.272042792,19773,,cache-misses:u,1160064,100.00,,
     0.272042792,1533138,,bus-cycles:u,1160032,100.00,,
     0.272042792,2429955,,instructions:u,1160096,100.00,,
     0.273202305,0,,branch-misses:u,1160032,100.00,,
     0.273202305,1948,,cache-misses:u,1159904,100.00,,
     0.273202305,1533585,,bus-cycles:u,1159904,100.00,,
     0.273202305,2543350,,instructions:u,1159872,100.00,,
     0.274359803,0,,branch-misses:u,1158176,100.00,,
     0.274359803,33510,,cache-misses:u,1158048,100.00,,
     0.274359803,1531875,,bus-cycles:u,1158208,100.00,,
     0.274359803,2347380,,instructions:u,1158272,100.00,,
     0.275519957,0,,branch-misses:u,1160384,100.00,,
     0.275519957,54330,,cache-misses:u,1160704,100.00,,
     0.275519957,1523024,,bus-cycles:u,1160640,100.00,,
     0.275519957,2204920,,instructions:u,1160640,100.00,,
     0.276681326,1,,branch-misses:u,1161312,100.00,,
     0.276681326,42568,,cache-misses:u,1161536,100.00,,
     0.276681326,1535324,,bus-cycles:u,1161440,100.00,,
     0.276681326,2298965,,instructions:u,1161472,100.00,,
     0.277840296,0,,branch-misses:u,1159712,100.00,,
     0.277840296,1474,,cache-misses:u,1159744,100.00,,
     0.277840296,1533982,,bus-cycles:u,1159680,100.00,,
     0.277840296,2546400,,instructions:u,1159744,100.00,,
     0.279002785,0,,branch-misses:u,1162656,100.00,,
     0.279002785,10088,,cache-misses:u,1162976,100.00,,
     0.279002785,1523418,,bus-cycles:u,1163456,100.00,,
     0.279002785,2472780,,instructions:u,1163424,100.00,,
     0.280164986,0,,branch-misses:u,1162400,100.00,,
     0.280164986,54990,,cache-misses:u,1162496,100.00,,
     0.280164986,1535176,,bus-cycles:u,1162464,100.00,,
     0.280164986,2221437,,instructions:u,1162528,100.00,,
     0.281326067,0,,branch-misses:u,1160832,100.00,,
     0.281326067,54812,,cache-misses:u,1160000,100.00,,
     0.281326067,1533203,,bus-cycles:u,1159808,100.00,,
     0.281326067,2222813,,instructions:u,1159712,100.00,,
     0.282536961,1,,branch-misses:u,1213216,100.00,,
     0.282536961,12259,,cache-misses:u,1213984,100.00,,
     0.282536961,1605390,,bus-cycles:u,1213984,100.00,,
     0.282536961,2599285,,instructions:u,1214048,100.00,,
     0.283704313,0,,branch-misses:u,1166080,100.00,,
     0.283704313,1809,,cache-misses:u,1165664,100.00,,
     0.283704313,1526477,,bus-cycles:u,1165312,100.00,,
     0.283704313,2530980,,instructions:u,1165088,100.00,,
     0.284867634,0,,branch-misses:u,1163264,100.00,,
     0.284867634,43502,,cache-misses:u,1163104,100.00,,
     0.284867634,1538407,,bus-cycles:u,1163360,100.00,,
     0.284867634,2294150,,instructions:u,1163648,100.00,,
     0.286025612,0,,branch-misses:u,1158368,100.00,,
     0.286025612,54860,,cache-misses:u,1158848,100.00,,
     0.286025612,1530762,,bus-cycles:u,1159584,100.00,,
     0.286025612,2221520,,instructions:u,1159520,100.00,,
     0.287184262,1,,branch-misses:u,1159200,100.00,,
     0.287184262,32031,,cache-misses:u,1159008,100.00,,
     0.287184262,1515334,,bus-cycles:u,1158304,100.00,,
     0.287184262,2329335,,instructions:u,1158176,100.00,,
     0.288344063,0,,branch-misses:u,1159584,100.00,,
     0.288344063,2004,,cache-misses:u,1159840,100.00,,
     0.288344063,1534222,,bus-cycles:u,1159712,100.00,,
     0.288344063,2541800,,instructions:u,1159808,100.00,,
     0.289501434,0,,branch-misses:u,1157888,100.00,,
     0.289501434,20333,,cache-misses:u,1157728,100.00,,
     0.289501434,1530221,,bus-cycles:u,1158144,100.00,,
     0.289501434,2423890,,instructions:u,1158240,100.00,,
     0.290661651,0,,branch-misses:u,1160000,100.00,,
     0.290661651,54985,,cache-misses:u,1159872,100.00,,
     0.290661651,1532125,,bus-cycles:u,1159552,100.00,,
     0.290661651,2218180,,instructions:u,1159328,100.00,,
     0.291837129,1,,branch-misses:u,1177760,100.00,,
     0.291837129,54950,,cache-misses:u,1178112,100.00,,
     0.291837129,1543518,,bus-cycles:u,1178112,100.00,,
     0.291837129,2233095,,instructions:u,1178176,100.00,,
     0.293000322,0,,branch-misses:u,1161344,100.00,,
     0.293000322,2241,,cache-misses:u,1160928,100.00,,
     0.293000322,1535490,,bus-cycles:u,1161408,100.00,,
     0.293000322,2544520,,instructions:u,1161440,100.00,,
     0.294159516,0,,branch-misses:u,1159840,100.00,,
     0.294159516,1550,,cache-misses:u,1160032,100.00,,
     0.294159516,1534891,,bus-cycles:u,1159520,100.00,,
     0.294159516,2545510,,instructions:u,1159104,100.00,,
     0.295318613,0,,branch-misses:u,1160096,100.00,,
     0.295318613,51006,,cache-misses:u,1160192,100.00,,
     0.295318613,1522660,,bus-cycles:u,1160256,100.00,,
     0.295318613,2219401,,instructions:u,1160512,100.00,,
     0.296479471,0,,branch-misses:u,1159744,100.00,,
     0.296479471,57093,,cache-misses:u,1159616,100.00,,
     0.296479471,1535496,,bus-cycles:u,1159808,100.00,,
     0.296479471,2197559,,instructions:u,1160160,100.00,,
     0.297638345,1,,branch-misses:u,1159584,100.00,,
     0.297638345,25118,,cache-misses:u,1160256,100.00,,
     0.297638345,1533705,,bus-cycles:u,1160416,100.00,,
     0.297638345,2401865,,instructions:u,1160320,100.00,,
     0.298798754,0,,branch-misses:u,1161088,100.00,,
     0.298798754,1385,,cache-misses:u,1160096,100.00,,
     0.298798754,1518933,,bus-cycles:u,1159744,100.00,,
     0.298798754,2521390,,instructions:u,1159584,100.00,,
     0.299957084,0,,branch-misses:u,1157888,100.00,,
     0.299957084,26997,,cache-misses:u,1157984,100.00,,
     0.299957084,1531824,,bus-cycles:u,1157856,100.00,,
     0.299957084,2381310,,instructions:u,1157952,100.00,,
     0.301115062,0,,branch-misses:u,1157920,100.00,,
     0.301115062,54714,,cache-misses:u,1157856,100.00,,
     0.301115062,1532293,,bus-cycles:u,1158080,100.00,,
     0.301115062,2223510,,instructions:u,1158112,100.00,,
     0.302275152,1,,branch-misses:u,1161536,100.00,,
     0.302275152,47929,,cache-misses:u,1161792,100.00,,
     0.302275152,1536954,,bus-cycles:u,1161920,100.00,,
     0.302275152,2271895,,instructions:u,1161728,100.00,,
     0.303491964,0,,branch-misses:u,1220544,100.00,,
     0.303491964,1876,,cache-misses:u,1221280,100.00,,
     0.303491964,1598849,,bus-cycles:u,1220736,100.00,,
     0.303491964,2651060,,instructions:u,1220800,100.00,,
     0.304668850,0,,branch-misses:u,1174464,100.00,,
     0.304668850,7721,,cache-misses:u,1174208,100.00,,
     0.304668850,1552783,,bus-cycles:u,1174624,100.00,,
     0.304668850,2536230,,instructions:u,1175520,100.00,,
     0.305834538,0,,branch-misses:u,1165408,100.00,,
     0.305834538,54808,,cache-misses:u,1165376,100.00,,
     0.305834538,1539325,,bus-cycles:u,1165984,100.00,,
     0.305834538,2222510,,instructions:u,1165152,100.00,,
     0.307000834,0,,branch-misses:u,1167328,100.00,,
     0.307000834,54649,,cache-misses:u,1166976,100.00,,
     0.307000834,1528136,,bus-cycles:u,1166432,100.00,,
     0.307000834,2228040,,instructions:u,1166816,100.00,,
     0.308166043,1,,branch-misses:u,1163872,100.00,,
     0.308166043,14278,,cache-misses:u,1163904,100.00,,
     0.308166043,1540045,,bus-cycles:u,1164224,100.00,,
     0.308166043,2480743,,instructions:u,1163968,100.00,,
     0.309326708,0,,branch-misses:u,1161312,100.00,,
     0.309326708,1949,,cache-misses:u,1161120,100.00,,
     0.309326708,1534917,,bus-cycles:u,1160672,100.00,,
     0.309326708,2544805,,instructions:u,1160768,100.00,,
     0.310486798,0,,branch-misses:u,1160224,100.00,,
     0.310486798,39488,,cache-misses:u,1160160,100.00,,
     0.310486798,1534847,,bus-cycles:u,1160064,100.00,,
     0.310486798,2326277,,instructions:u,1159936,100.00,,
     0.311649255,0,,branch-misses:u,1163168,100.00,,
     0.311649255,54471,,cache-misses:u,1163616,100.00,,
     0.311649255,1522140,,bus-cycles:u,1163840,100.00,,
     0.311649255,2214940,,instructions:u,1163936,100.00,,
     0.312813631,1,,branch-misses:u,1165024,100.00,,
     0.312813631,35871,,cache-misses:u,1165152,100.00,,
     0.312813631,1538695,,bus-cycles:u,1164992,100.00,,
     0.312813631,2353565,,instructions:u,1164672,100.00,,
     0.313974745,0,,branch-misses:u,1160320,100.00,,
     0.313974745,1795,,cache-misses:u,1159904,100.00,,
     0.313974745,1535490,,bus-cycles:u,1159872,100.00,,
     0.313974745,2545450,,instructions:u,1160064,100.00,,
     0.315134962,0,,branch-misses:u,1161312,100.00,,
     0.315134962,16737,,cache-misses:u,1161280,100.00,,
     0.315134962,1517555,,bus-cycles:u,1162112,100.00,,
     0.315134962,2427137,,instructions:u,1161824,100.00,,
     0.316299627,0,,branch-misses:u,1163904,100.00,,
     0.316299627,55139,,cache-misses:u,1163168,100.00,,
     0.316299627,1538184,,bus-cycles:u,1162464,100.00,,
     0.316299627,2240583,,instructions:u,1162720,100.00,,
     0.317462723,1,,branch-misses:u,1163968,100.00,,
     0.317462723,54831,,cache-misses:u,1164640,100.00,,
     0.317462723,1541418,,bus-cycles:u,1164576,100.00,,
     0.317462723,2245205,,instructions:u,1164192,100.00,,
     0.318624189,0,,branch-misses:u,1160480,100.00,,
     0.318624189,4793,,cache-misses:u,1160160,100.00,,
     0.318624189,1535099,,bus-cycles:u,1160800,100.00,,
     0.318624189,2531110,,instructions:u,1161248,100.00,,
     0.319788693,0,,branch-misses:u,1168096,100.00,,
     0.319788693,1938,,cache-misses:u,1169440,100.00,,
     0.319788693,1529752,,bus-cycles:u,1169600,100.00,,
     0.319788693,2539170,,instructions:u,1170848,100.00,,
     0.321023486,0,,branch-misses:u,1235392,100.00,,
     0.321023486,52252,,cache-misses:u,1235296,100.00,,
     0.321023486,1633915,,bus-cycles:u,1235520,100.00,,
     0.321023486,2409378,,instructions:u,1235168,100.00,,
     0.322209841,0,,branch-misses:u,1183520,100.00,,
     0.322209841,56130,,cache-misses:u,1182784,100.00,,
     0.322209841,1561948,,bus-cycles:u,1181632,100.00,,
     0.322209841,2271542,,instructions:u,1180832,100.00,,
     0.323386759,1,,branch-misses:u,1153984,100.00,,
     0.323386759,22086,,cache-misses:u,1155648,100.00,,
     0.323386759,1456571,,bus-cycles:u,1156032,100.00,,
     0.323386759,2291845,,instructions:u,1156800,100.00,,
     0.324562013,0,,branch-misses:u,1174784,100.00,,
     0.324562013,2003,,cache-misses:u,1172640,100.00,,
     0.324562013,1548361,,bus-cycles:u,1172352,100.00,,
     0.324562013,2567530,,instructions:u,1171456,100.00,,
     0.325780746,0,,branch-misses:u,1220064,100.00,,
     0.325780746,31791,,cache-misses:u,1220384,100.00,,
     0.325780746,1614454,,bus-cycles:u,1220416,100.00,,
     0.325780746,2497037,,instructions:u,1220960,100.00,,
     0.326954944,0,,branch-misses:u,1173312,100.00,,
     0.326954944,54098,,cache-misses:u,1173536,100.00,,
     0.326954944,1523500,,bus-cycles:u,1173536,100.00,,
     0.326954944,2223611,,instructions:u,1172672,100.00,,
     0.328122904,1,,branch-misses:u,1168064,100.00,,
     0.328122904,43452,,cache-misses:u,1168064,100.00,,
     0.328122904,1543780,,bus-cycles:u,1168000,100.00,,
     0.328122904,2321207,,instructions:u,1169152,100.00,,
     0.329289904,0,,branch-misses:u,1167136,100.00,,
     0.329289904,1889,,cache-misses:u,1166560,100.00,,
     0.329289904,1541541,,bus-cycles:u,1166688,100.00,,
     0.329289904,2557480,,instructions:u,1165888,100.00,,
     0.330456776,0,,branch-misses:u,1166912,100.00,,
     0.330456776,10864,,cache-misses:u,1167744,100.00,,
     0.330456776,1542956,,bus-cycles:u,1167712,100.00,,
     0.330456776,2505700,,instructions:u,1167744,100.00,,
     0.331625215,0,,branch-misses:u,1169888,100.00,,
     0.331625215,54725,,cache-misses:u,1169312,100.00,,
     0.331625215,1531080,,bus-cycles:u,1169440,100.00,,
     0.331625215,2215620,,instructions:u,1169440,100.00,,
     0.332793175,0,,branch-misses:u,1168064,100.00,,
     0.332793175,55279,,cache-misses:u,1167840,100.00,,
     0.332793175,1543028,,bus-cycles:u,1168096,100.00,,
     0.332793175,2236510,,instructions:u,1167968,100.00,,
     0.333957136,1,,branch-misses:u,1163616,100.00,,
     0.333957136,11671,,cache-misses:u,1163488,100.00,,
     0.333957136,1536017,,bus-cycles:u,1163040,100.00,,
     0.333957136,2489435,,instructions:u,1162944,100.00,,
     0.335119209,0,,branch-misses:u,1163104,100.00,,
     0.335119209,1929,,cache-misses:u,1163168,100.00,,
     0.335119209,1520705,,bus-cycles:u,1163040,100.00,,
     0.335119209,2521540,,instructions:u,1163008,100.00,,
     0.336279074,0,,branch-misses:u,1159744,100.00,,
     0.336279074,41373,,cache-misses:u,1159776,100.00,,
     0.336279074,1532115,,bus-cycles:u,1159840,100.00,,
     0.336279074,2295730,,instructions:u,1159808,100.00,,
     0.337438108,0,,branch-misses:u,1158976,100.00,,
     0.337438108,54707,,cache-misses:u,1158880,100.00,,
     0.337438108,1531802,,bus-cycles:u,1158880,100.00,,
     0.337438108,2220650,,instructions:u,1159040,100.00,,
     0.338598326,1,,branch-misses:u,1159904,100.00,,
     0.338598326,34406,,cache-misses:u,1160384,100.00,,
     0.338598326,1532667,,bus-cycles:u,1160864,100.00,,
     0.338598326,2340565,,instructions:u,1160896,100.00,,
     0.339759375,0,,branch-misses:u,1162336,100.00,,
     0.339759375,1982,,cache-misses:u,1161984,100.00,,
     0.339759375,1520308,,bus-cycles:u,1161696,100.00,,
     0.339759375,2522050,,instructions:u,1161600,100.00,,
     0.340922184,0,,branch-misses:u,1162560,100.00,,
     0.340922184,18345,,cache-misses:u,1163040,100.00,,
     0.340922184,1536611,,bus-cycles:u,1163520,100.00,,
     0.340922184,2444638,,instructions:u,1163680,100.00,,
     0.342092127,0,,branch-misses:u,1169664,100.00,,
     0.342092127,55531,,cache-misses:u,1169344,100.00,,
     0.342092127,1544552,,bus-cycles:u,1168768,100.00,,
     0.342092127,2238582,,instructions:u,1168640,100.00,,
     0.343250361,1,,branch-misses:u,1160320,100.00,,
     0.343250361,54004,,cache-misses:u,1160352,100.00,,
     0.343250361,1518533,,bus-cycles:u,1160384,100.00,,
     0.343250361,2198155,,instructions:u,1160384,100.00,,
     0.344413746,0,,branch-misses:u,1162048,100.00,,
     0.344413746,4588,,cache-misses:u,1161696,100.00,,
     0.344413746,1534826,,bus-cycles:u,1161568,100.00,,
     0.344413746,2530860,,instructions:u,1161536,100.00,,
     0.345573644,0,,branch-misses:u,1159712,100.00,,
     0.345573644,1780,,cache-misses:u,1159808,100.00,,
     0.345573644,1532802,,bus-cycles:u,1159840,100.00,,
     0.345573644,2544650,,instructions:u,1159840,100.00,,
     0.346776155,0,,branch-misses:u,1205792,100.00,,
     0.346776155,50756,,cache-misses:u,1206208,100.00,,
     0.346776155,1583528,,bus-cycles:u,1206432,100.00,,
     0.346776155,2325080,,instructions:u,1206400,100.00,,
     0.347945395,0,,branch-misses:u,1167648,100.00,,
     0.347945395,55361,,cache-misses:u,1167264,100.00,,
     0.347945395,1541550,,bus-cycles:u,1167072,100.00,,
     0.347945395,2234427,,instructions:u,1167232,100.00,,
     0.349108652,1,,branch-misses:u,1163872,100.00,,
     0.349108652,24605,,cache-misses:u,1163904,100.00,,
     0.349108652,1537254,,bus-cycles:u,1163968,100.00,,
     0.349108652,2409378,,instructions:u,1164192,100.00,,
     0.350276484,0,,branch-misses:u,1167104,100.00,,
     0.350276484,1425,,cache-misses:u,1167104,100.00,,
     0.350276484,1542446,,bus-cycles:u,1166976,100.00,,
     0.350276484,2559260,,instructions:u,1167328,100.00,,
     0.351436893,0,,branch-misses:u,1161056,100.00,,
     0.351436893,28254,,cache-misses:u,1161376,100.00,,
     0.351436893,1518148,,bus-cycles:u,1161984,100.00,,
     0.351436893,2352800,,instructions:u,1161376,100.00,,
     0.352600758,0,,branch-misses:u,1163584,100.00,,
     0.352600758,54901,,cache-misses:u,1163072,100.00,,
     0.352600758,1536092,,bus-cycles:u,1162560,100.00,,
     0.352600758,2226640,,instructions:u,1162688,100.00,,
     0.353760687,1,,branch-misses:u,1160736,100.00,,
     0.353760687,47098,,cache-misses:u,1160768,100.00,,
     0.353760687,1534766,,bus-cycles:u,1160672,100.00,,
     0.353760687,2266695,,instructions:u,1160480,100.00,,
     0.354919977,0,,branch-misses:u,1159360,100.00,,
     0.354919977,2396,,cache-misses:u,1159840,100.00,,
     0.354919977,1521106,,bus-cycles:u,1159776,100.00,,
     0.354919977,2520121,,instructions:u,1159680,100.00,,
     0.356080322,0,,branch-misses:u,1159744,100.00,,
     0.356080322,4214,,cache-misses:u,1159136,100.00,,
     0.356080322,1532516,,bus-cycles:u,1158944,100.00,,
     0.356080322,2519257,,instructions:u,1159264,100.00,,
     0.357237821,0,,branch-misses:u,1157984,100.00,,
     0.357237821,54726,,cache-misses:u,1158272,100.00,,
     0.357237821,1531756,,bus-cycles:u,1158624,100.00,,
     0.357237821,2217882,,instructions:u,1158336,100.00,,
     0.358397110,0,,branch-misses:u,1159552,100.00,,
     0.358397110,55108,,cache-misses:u,1159968,100.00,,
     0.358397110,1533766,,bus-cycles:u,1160000,100.00,,
     0.358397110,2217288,,instructions:u,1160192,100.00,,
     0.359557712,1,,branch-misses:u,1161664,100.00,,
     0.359557712,16684,,cache-misses:u,1161280,100.00,,
     0.359557712,1515919,,bus-cycles:u,1161792,100.00,,
     0.359557712,2423157,,instructions:u,1161632,100.00,,
     0.360719497,0,,branch-misses:u,1161856,100.00,,
     0.360719497,1602,,cache-misses:u,1161856,100.00,,
     0.360719497,1534310,,bus-cycles:u,1161216,100.00,,
     0.360719497,2546470,,instructions:u,1161152,100.00,,
     0.361878467,0,,branch-misses:u,1159424,100.00,,
     0.361878467,35664,,cache-misses:u,1159136,100.00,,
     0.361878467,1532901,,bus-cycles:u,1159104,100.00,,
     0.361878467,2335648,,instructions:u,1159264,100.00,,
     0.363038140,0,,branch-misses:u,1160000,100.00,,
     0.363038140,54004,,cache-misses:u,1160320,100.00,,
     0.363038140,1512646,,bus-cycles:u,1160448,100.00,,
     0.363038140,2186632,,instructions:u,1160480,100.00,,
     0.364198614,1,,branch-misses:u,1160000,100.00,,
     0.364198614,40626,,cache-misses:u,1159904,100.00,,
     0.364198614,1532227,,bus-cycles:u,1159808,100.00,,
     0.364198614,2303185,,instructions:u,1159776,100.00,,
     0.365356560,0,,branch-misses:u,1157920,100.00,,
     0.365356560,1521,,cache-misses:u,1157888,100.00,,
     0.365356560,1529545,,bus-cycles:u,1157952,100.00,,
     0.365356560,2538700,,instructions:u,1157824,100.00,,
     0.366516137,0,,branch-misses:u,1160448,100.00,,
     0.366516137,12007,,cache-misses:u,1160512,100.00,,
     0.366516137,1533160,,bus-cycles:u,1160384,100.00,,
     0.366516137,2477900,,instructions:u,1160544,100.00,,
     0.367725240,0,,branch-misses:u,1210944,100.00,,
     0.367725240,56653,,cache-misses:u,1211904,100.00,,
     0.367725240,1585839,,bus-cycles:u,1212000,100.00,,
     0.367725240,2296840,,instructions:u,1212480,100.00,,
     0.368895887,1,,branch-misses:u,1169536,100.00,,
     0.368895887,55029,,cache-misses:u,1168704,100.00,,
     0.368895887,1545361,,bus-cycles:u,1168736,100.00,,
     0.368895887,2234155,,instructions:u,1168160,100.00,,
     0.370053929,0,,branch-misses:u,1157824,100.00,,
     0.370053929,8244,,cache-misses:u,1157568,100.00,,
     0.370053929,1530516,,bus-cycles:u,1157472,100.00,,
     0.370053929,2500290,,instructions:u,1157376,100.00,,
     0.371211363,0,,branch-misses:u,1158432,100.00,,
     0.371211363,1458,,cache-misses:u,1158496,100.00,,
     0.371211363,1520821,,bus-cycles:u,1158368,100.00,,
     0.371211363,2524490,,instructions:u,1158144,100.00,,
     0.372370493,0,,branch-misses:u,1158528,100.00,,
     0.372370493,44496,,cache-misses:u,1158688,100.00,,
     0.372370493,1531772,,bus-cycles:u,1158912,100.00,,
     0.372370493,2276317,,instructions:u,1159136,100.00,,
     0.373527159,0,,branch-misses:u,1157536,100.00,,
     0.373527159,54777,,cache-misses:u,1157312,100.00,,
     0.373527159,1529643,,bus-cycles:u,1157344,100.00,,
     0.373527159,2217270,,instructions:u,1157408,100.00,,
     0.374684817,1,,branch-misses:u,1158016,100.00,,
     0.374684817,31000,,cache-misses:u,1158080,100.00,,
     0.374684817,1528066,,bus-cycles:u,1158016,100.00,,
     0.374684817,2356638,,instructions:u,1158112,100.00,,
     0.375903102,0,,branch-misses:u,1221728,100.00,,
     0.375903102,1985,,cache-misses:u,1222592,100.00,,
     0.375903102,1600371,,bus-cycles:u,1222688,100.00,,
     0.375903102,2652928,,instructions:u,1222592,100.00,,
     0.377074485,0,,branch-misses:u,1167808,100.00,,
     0.377074485,23932,,cache-misses:u,1167168,100.00,,
     0.377074485,1542713,,bus-cycles:u,1166976,100.00,,
     0.377074485,2416902,,instructions:u,1166976,100.00,,
     0.378230575,0,,branch-misses:u,1156832,100.00,,
     0.378230575,54904,,cache-misses:u,1156768,100.00,,
     0.378230575,1528721,,bus-cycles:u,1156800,100.00,,
     0.378230575,2216557,,instructions:u,1156864,100.00,,
     0.379389961,1,,branch-misses:u,1160480,100.00,,
     0.379389961,51077,,cache-misses:u,1160352,100.00,,
     0.379389961,1520336,,bus-cycles:u,1160352,100.00,,
     0.379389961,2220878,,instructions:u,1160256,100.00,,
     0.380548291,0,,branch-misses:u,1158080,100.00,,
     0.380548291,1494,,cache-misses:u,1158240,100.00,,
     0.380548291,1530027,,bus-cycles:u,1158816,100.00,,
     0.380548291,2538260,,instructions:u,1158944,100.00,,
     0.381706045,0,,branch-misses:u,1157152,100.00,,
     0.381706045,1384,,cache-misses:u,1157120,100.00,,
     0.381706045,1528647,,bus-cycles:u,1156576,100.00,,
     0.381706045,2536350,,instructions:u,1156608,100.00,,
     0.382863191,0,,branch-misses:u,1158144,100.00,,
     0.382863191,53165,,cache-misses:u,1158912,100.00,,
     0.382863191,1507815,,bus-cycles:u,1159232,100.00,,
     0.382863191,2185220,,instructions:u,1159232,100.00,,
     0.384024560,0,,branch-misses:u,1160864,100.00,,
     0.384024560,54691,,cache-misses:u,1159904,100.00,,
     0.384024560,1530497,,bus-cycles:u,1159616,100.00,,
     0.384024560,2221968,,instructions:u,1159552,100.00,,
     0.385181003,1,,branch-misses:u,1157056,100.00,,
     0.385181003,22293,,cache-misses:u,1157120,100.00,,
     0.385181003,1527552,,bus-cycles:u,1157152,100.00,,
     0.385181003,2407977,,instructions:u,1157088,100.00,,
     0.386340612,0,,branch-misses:u,1161088,100.00,,
     0.386340612,1379,,cache-misses:u,1161056,100.00,,
     0.386340612,1534229,,bus-cycles:u,1161024,100.00,,
     0.386340612,2545750,,instructions:u,1161024,100.00,,
     0.387506460,0,,branch-misses:u,1167360,100.00,,
     0.387506460,30165,,cache-misses:u,1168352,100.00,,
     0.387506460,1525522,,bus-cycles:u,1168320,100.00,,
     0.387506460,2350810,,instructions:u,1168288,100.00,,
     0.388671829,0,,branch-misses:u,1164800,100.00,,
     0.388671829,55098,,cache-misses:u,1163776,100.00,,
     0.388671829,1537549,,bus-cycles:u,1164288,100.00,,
     0.388671829,2223538,,instructions:u,1164288,100.00,,
     0.389898879,1,,branch-misses:u,1232288,100.00,,
     0.389898879,45407,,cache-misses:u,1233184,100.00,,
     0.389898879,1628042,,bus-cycles:u,1232800,100.00,,
     0.389898879,2430237,,instructions:u,1232800,100.00,,
     0.391080756,0,,branch-misses:u,1176640,100.00,,
     0.391080756,1742,,cache-misses:u,1176064,100.00,,
     0.391080756,1535640,,bus-cycles:u,1175840,100.00,,
     0.391080756,2544310,,instructions:u,1175904,100.00,,
     0.392241485,0,,branch-misses:u,1160704,100.00,,
     0.392241485,11439,,cache-misses:u,1160416,100.00,,
     0.392241485,1534373,,bus-cycles:u,1160480,100.00,,
     0.392241485,2480040,,instructions:u,1160480,100.00,,
     0.393402247,0,,branch-misses:u,1160160,100.00,,
     0.393402247,54773,,cache-misses:u,1160128,100.00,,
     0.393402247,1534002,,bus-cycles:u,1160256,100.00,,
     0.393402247,2216700,,instructions:u,1160160,100.00,,
     0.394561760,0,,branch-misses:u,1161440,100.00,,
     0.394561760,54939,,cache-misses:u,1161440,100.00,,
     0.394561760,1537402,,bus-cycles:u,1161920,100.00,,
     0.394561760,2224088,,instructions:u,1162080,100.00,,
     0.395724665,1,,branch-misses:u,1165056,100.00,,
     0.395724665,11608,,cache-misses:u,1166496,100.00,,
     0.395724665,1522525,,bus-cycles:u,1165888,100.00,,
     0.395724665,2464257,,instructions:u,1165792,100.00,,
     0.396903023,0,,branch-misses:u,1175584,100.00,,
     0.396903023,1315,,cache-misses:u,1174400,100.00,,
     0.396903023,1551819,,bus-cycles:u,1174336,100.00,,
     0.396903023,2573190,,instructions:u,1174208,100.00,,
     0.398065352,0,,branch-misses:u,1161920,100.00,,
     0.398065352,42165,,cache-misses:u,1161664,100.00,,
     0.398065352,1536109,,bus-cycles:u,1161760,100.00,,
     0.398065352,2300388,,instructions:u,1161952,100.00,,
     0.399225537,0,,branch-misses:u,1164032,100.00,,
     0.399225537,54407,,cache-misses:u,1163744,100.00,,
     0.399225537,1518254,,bus-cycles:u,1163744,100.00,,
     0.399225537,2195232,,instructions:u,1163712,100.00,,
     0.400390330,1,,branch-misses:u,1162720,100.00,,
     0.400390330,34228,,cache-misses:u,1163360,100.00,,
     0.400390330,1537764,,bus-cycles:u,1163360,100.00,,
     0.400390330,2355065,,instructions:u,1163328,100.00,,
     0.401553842,0,,branch-misses:u,1162240,100.00,,
     0.401553842,1612,,cache-misses:u,1161920,100.00,,
     0.401553842,1538366,,bus-cycles:u,1161920,100.00,,
     0.401553842,2548900,,instructions:u,1161856,100.00,,
     0.402714028,0,,branch-misses:u,1160448,100.00,,
     0.402714028,19223,,cache-misses:u,1160448,100.00,,
     0.402714028,1536272,,bus-cycles:u,1160384,100.00,,
     0.402714028,2435970,,instructions:u,1160512,100.00,,
     0.403899072,0,,branch-misses:u,1188640,100.00,,
     0.403899072,56193,,cache-misses:u,1190624,100.00,,
     0.403899072,1563595,,bus-cycles:u,1191680,100.00,,
     0.403899072,2256079,,instructions:u,1192448,100.00,,
     0.405137895,1,,branch-misses:u,1239104,100.00,,
     0.405137895,55754,,cache-misses:u,1238080,100.00,,
     0.405137895,1637163,,bus-cycles:u,1238112,100.00,,
     0.405137895,2386136,,instructions:u,1238144,100.00,,
     0.406330330,0,,branch-misses:u,1189952,100.00,,
     0.406330330,1285,,cache-misses:u,1190496,100.00,,
     0.406330330,1573555,,bus-cycles:u,1189888,100.00,,
     0.406330330,2607720,,instructions:u,1189152,100.00,,
     0.407508399,0,,branch-misses:u,1179200,100.00,,
     0.407508399,2659,,cache-misses:u,1178272,100.00,,
     0.407508399,1545883,,bus-cycles:u,1178176,100.00,,
     0.407508399,2543810,,instructions:u,1178432,100.00,,
     0.408694371,0,,branch-misses:u,1186400,100.00,,
     0.408694371,55928,,cache-misses:u,1186112,100.00,,
     0.408694371,1568038,,bus-cycles:u,1186080,100.00,,
     0.408694371,2267740,,instructions:u,1186048,100.00,,
     0.409868345,0,,branch-misses:u,1174176,100.00,,
     0.409868345,55394,,cache-misses:u,1174144,100.00,,
     0.409868345,1551827,,bus-cycles:u,1174208,100.00,,
     0.409868345,2249790,,instructions:u,1174272,100.00,,
     0.411094564,1,,branch-misses:u,1228384,100.00,,
     0.411094564,17905,,cache-misses:u,1229920,100.00,,
     0.411094564,1607658,,bus-cycles:u,1230752,100.00,,
     0.411094564,2565785,,instructions:u,1230624,100.00,,
     0.412274201,0,,branch-misses:u,1177472,100.00,,
     0.412274201,1410,,cache-misses:u,1176032,100.00,,
     0.412274201,1553231,,bus-cycles:u,1175136,100.00,,
     0.412274201,2576760,,instructions:u,1175104,100.00,,
     0.413445040,0,,branch-misses:u,1171104,100.00,,
     0.413445040,38509,,cache-misses:u,1171488,100.00,,
     0.413445040,1547569,,bus-cycles:u,1171200,100.00,,
     0.413445040,2338480,,instructions:u,1171136,100.00,,
     0.414616679,0,,branch-misses:u,1172192,100.00,,
     0.414616679,55444,,cache-misses:u,1172032,100.00,,
     0.414616679,1547251,,bus-cycles:u,1172032,100.00,,
     0.414616679,2241990,,instructions:u,1172512,100.00,,
     0.415786846,1,,branch-misses:u,1171744,100.00,,
     0.415786846,36349,,cache-misses:u,1171424,100.00,,
     0.415786846,1531733,,bus-cycles:u,1171328,100.00,,
     0.415786846,2325505,,instructions:u,1170688,100.00,,
     0.416955670,0,,branch-misses:u,1167200,100.00,,
     0.416955670,1771,,cache-misses:u,1167264,100.00,,
     0.416955670,1542533,,bus-cycles:u,1167296,100.00,,
     0.416955670,2559070,,instructions:u,1167264,100.00,,
     0.418119950,0,,branch-misses:u,1164288,100.00,,
     0.418119950,17489,,cache-misses:u,1164192,100.00,,
     0.418119950,1537665,,bus-cycles:u,1163904,100.00,,
     0.418119950,2450858,,instructions:u,1163936,100.00,,
     0.419285479,0,,branch-misses:u,1169152,100.00,,
     0.419285479,55215,,cache-misses:u,1169792,100.00,,
     0.419285479,1535025,,bus-cycles:u,1170304,100.00,,
     0.419285479,2220562,,instructions:u,1170464,100.00,,
     0.420474490,1,,branch-misses:u,1186016,100.00,,
     0.420474490,55957,,cache-misses:u,1185856,100.00,,
     0.420474490,1566311,,bus-cycles:u,1186304,100.00,,
     0.420474490,2269522,,instructions:u,1186272,100.00,,
     0.421640402,0,,branch-misses:u,1166496,100.00,,
     0.421640402,4560,,cache-misses:u,1166464,100.00,,
     0.421640402,1540922,,bus-cycles:u,1165888,100.00,,
     0.421640402,2539373,,instructions:u,1165760,100.00,,
     0.422804394,0,,branch-misses:u,1164160,100.00,,
     0.422804394,1593,,cache-misses:u,1164416,100.00,,
     0.422804394,1512034,,bus-cycles:u,1164448,100.00,,
     0.422804394,2509200,,instructions:u,1164320,100.00,,
     0.423966820,0,,branch-misses:u,1163424,100.00,,
     0.423966820,48473,,cache-misses:u,1162368,100.00,,
     0.423966820,1537524,,bus-cycles:u,1162080,100.00,,
     0.423966820,2264560,,instructions:u,1162048,100.00,,
     0.425126397,0,,branch-misses:u,1159008,100.00,,
     0.425126397,54997,,cache-misses:u,1159616,100.00,,
     0.425126397,1531661,,bus-cycles:u,1159968,100.00,,
     0.425126397,2219870,,instructions:u,1159872,100.00,,
     0.426284727,1,,branch-misses:u,1158496,100.00,,
     0.426284727,26885,,cache-misses:u,1157824,100.00,,
     0.426284727,1529892,,bus-cycles:u,1158048,100.00,,
     0.426284727,2384195,,instructions:u,1158176,100.00,,
     0.427443057,0,,branch-misses:u,1159456,100.00,,
     0.427443057,2295,,cache-misses:u,1159328,100.00,,
     0.427443057,1517721,,bus-cycles:u,1158656,100.00,,
     0.427443057,2514970,,instructions:u,1158336,100.00,,
     0.428602091,0,,branch-misses:u,1159008,100.00,,
     0.428602091,25116,,cache-misses:u,1158848,100.00,,
     0.428602091,1532936,,bus-cycles:u,1159136,100.00,,
     0.428602091,2395260,,instructions:u,1159456,100.00,,
     0.429759333,0,,branch-misses:u,1156864,100.00,,
     0.429759333,54676,,cache-misses:u,1157312,100.00,,
     0.429759333,1529399,,bus-cycles:u,1157312,100.00,,
     0.429759333,2213340,,instructions:u,1157312,100.00,,
     0.430917311,1,,branch-misses:u,1159008,100.00,,
     0.430917311,50313,,cache-misses:u,1159552,100.00,,
     0.430917311,1515602,,bus-cycles:u,1159616,100.00,,
     0.430917311,2217825,,instructions:u,1159744,100.00,,
     0.432137419,0,,branch-misses:u,1221088,100.00,,
     0.432137419,1657,,cache-misses:u,1220416,100.00,,
     0.432137419,1613659,,bus-cycles:u,1220384,100.00,,
     0.432137419,2679240,,instructions:u,1220928,100.00,,
     0.433300644,0,,branch-misses:u,1161504,100.00,,
     0.433300644,4899,,cache-misses:u,1161568,100.00,,
     0.433300644,1535329,,bus-cycles:u,1161568,100.00,,
     0.433300644,2523480,,instructions:u,1161216,100.00,,
     0.434460221,0,,branch-misses:u,1161728,100.00,,
     0.434460221,54921,,cache-misses:u,1161536,100.00,,
     0.434460221,1536069,,bus-cycles:u,1161632,100.00,,
     0.434460221,2224190,,instructions:u,1161408,100.00,,
     0.435623798,0,,branch-misses:u,1163744,100.00,,
     0.435623798,54290,,cache-misses:u,1165312,100.00,,
     0.435623798,1520369,,bus-cycles:u,1165376,100.00,,
     0.435623798,2200510,,instructions:u,1165504,100.00,,
     0.436793006,1,,branch-misses:u,1168384,100.00,,
     0.436793006,18096,,cache-misses:u,1166976,100.00,,
     0.436793006,1541811,,bus-cycles:u,1166784,100.00,,
     0.436793006,2452895,,instructions:u,1167136,100.00,,
     0.437951943,0,,branch-misses:u,1159168,100.00,,
     0.437951943,1320,,cache-misses:u,1159136,100.00,,
     0.437951943,1530973,,bus-cycles:u,1158944,100.00,,
     0.437951943,2540040,,instructions:u,1158176,100.00,,
     0.439114240,0,,branch-misses:u,1162944,100.00,,
     0.439114240,34773,,cache-misses:u,1163456,100.00,,
     0.439114240,1524055,,bus-cycles:u,1163744,100.00,,
     0.439114240,2321310,,instructions:u,1164128,100.00,,
     0.440274042,0,,branch-misses:u,1159552,100.00,,
     0.440274042,54884,,cache-misses:u,1159616,100.00,,
     0.440274042,1531072,,bus-cycles:u,1159584,100.00,,
     0.440274042,2214330,,instructions:u,1159488,100.00,,
     0.441437779,1,,branch-misses:u,1163904,100.00,,
     0.441437779,40789,,cache-misses:u,1163520,100.00,,
     0.441437779,1536367,,bus-cycles:u,1163520,100.00,,
     0.441437779,2309465,,instructions:u,1163520,100.00,,
     0.442595949,0,,branch-misses:u,1158112,100.00,,
     0.442595949,1374,,cache-misses:u,1158272,100.00,,
     0.442595949,1530552,,bus-cycles:u,1158464,100.00,,
     0.442595949,2538930,,instructions:u,1158496,100.00,,
     0.443758758,0,,branch-misses:u,1164640,100.00,,
     0.443758758,12011,,cache-misses:u,1165824,100.00,,
     0.443758758,1513353,,bus-cycles:u,1165824,100.00,,
     0.443758758,2445498,,instructions:u,1165984,100.00,,
     0.444922110,0,,branch-misses:u,1162688,100.00,,
     0.444922110,55113,,cache-misses:u,1161440,100.00,,
     0.444922110,1534187,,bus-cycles:u,1161280,100.00,,
     0.444922110,2223512,,instructions:u,1161056,100.00,,
     0.446079417,0,,branch-misses:u,1157600,100.00,,
     0.446079417,54869,,cache-misses:u,1157888,100.00,,
     0.446079417,1528791,,bus-cycles:u,1158272,100.00,,
     0.446079417,2212900,,instructions:u,1158304,100.00,,
     0.447238834,1,,branch-misses:u,1160864,100.00,,
     0.447238834,10918,,cache-misses:u,1160224,100.00,,
     0.447238834,1511637,,bus-cycles:u,1159776,100.00,,
     0.447238834,2449785,,instructions:u,1159776,100.00,,
     0.448403275,0,,branch-misses:u,1163136,100.00,,
     0.448403275,1375,,cache-misses:u,1163104,100.00,,
     0.448403275,1537825,,bus-cycles:u,1163296,100.00,,
     0.448403275,2552000,,instructions:u,1163392,100.00,,
     0.449562341,0,,branch-misses:u,1159552,100.00,,
     0.449562341,40925,,cache-misses:u,1159680,100.00,,
     0.449562341,1531153,,bus-cycles:u,1159456,100.00,,
     0.449562341,2289530,,instructions:u,1159296,100.00,,
     0.450719103,0,,branch-misses:u,1156128,100.00,,
     0.450719103,54496,,cache-misses:u,1156256,100.00,,
     0.450719103,1527656,,bus-cycles:u,1156960,100.00,,
     0.450719103,2212810,,instructions:u,1157184,100.00,,
     0.451903379,1,,branch-misses:u,1187168,100.00,,
     0.451903379,34206,,cache-misses:u,1187616,100.00,,
     0.451903379,1556393,,bus-cycles:u,1187072,100.00,,
     0.451903379,2382655,,instructions:u,1187008,100.00,,
     0.453069387,0,,branch-misses:u,1164416,100.00,,
     0.453069387,1725,,cache-misses:u,1164032,100.00,,
     0.453069387,1538698,,bus-cycles:u,1163776,100.00,,
     0.453069387,2552530,,instructions:u,1163840,100.00,,
     0.454282329,0,,branch-misses:u,1215456,100.00,,
     0.454282329,22656,,cache-misses:u,1215744,100.00,,
     0.454282329,1606871,,bus-cycles:u,1216064,100.00,,
     0.454282329,2538818,,instructions:u,1215904,100.00,,
     0.455446513,0,,branch-misses:u,1163200,100.00,,
     0.455446513,54500,,cache-misses:u,1163008,100.00,,
     0.455446513,1523006,,bus-cycles:u,1162944,100.00,,
     0.455446513,2198892,,instructions:u,1163040,100.00,,
     0.456607947,1,,branch-misses:u,1160352,100.00,,
     0.456607947,53814,,cache-misses:u,1160064,100.00,,
     0.456607947,1533703,,bus-cycles:u,1160448,100.00,,
     0.456607947,2226935,,instructions:u,1160416,100.00,,
     0.457765925,0,,branch-misses:u,1158048,100.00,,
     0.457765925,1920,,cache-misses:u,1158336,100.00,,
     0.457765925,1529703,,bus-cycles:u,1157824,100.00,,
     0.457765925,2537000,,instructions:u,1157728,100.00,,
     0.458922047,0,,branch-misses:u,1158080,100.00,,
     0.458922047,1566,,cache-misses:u,1157984,100.00,,
     0.458922047,1516177,,bus-cycles:u,1158016,100.00,,
     0.458922047,2515300,,instructions:u,1158112,100.00,,
     0.460080985,0,,branch-misses:u,1158688,100.00,,
     0.460080985,51459,,cache-misses:u,1158720,100.00,,
     0.460080985,1531125,,bus-cycles:u,1158848,100.00,,
     0.460080985,2230770,,instructions:u,1158912,100.00,,
     0.461241842,0,,branch-misses:u,1161024,100.00,,
     0.461241842,54941,,cache-misses:u,1161024,100.00,,
     0.461241842,1532879,,bus-cycles:u,1160896,100.00,,
     0.461241842,2222990,,instructions:u,1160864,100.00,,
     0.462401164,1,,branch-misses:u,1160032,100.00,,
     0.462401164,24094,,cache-misses:u,1160000,100.00,,
     0.462401164,1533092,,bus-cycles:u,1162144,100.00,,
     0.462401164,2405415,,instructions:u,1162144,100.00,,
     0.463565796,0,,branch-misses:u,1164576,100.00,,
     0.463565796,2121,,cache-misses:u,1164608,100.00,,
     0.463565796,1521552,,bus-cycles:u,1162496,100.00,,
     0.463565796,2520830,,instructions:u,1162368,100.00,,
     0.464725822,0,,branch-misses:u,1159776,100.00,,
     0.464725822,28216,,cache-misses:u,1159744,100.00,,
     0.464725822,1532302,,bus-cycles:u,1160128,100.00,,
     0.464725822,2376310,,instructions:u,1160224,100.00,,
     0.465884312,0,,branch-misses:u,1158144,100.00,,
     0.465884312,54684,,cache-misses:u,1158144,100.00,,
     0.465884312,1531617,,bus-cycles:u,1157760,100.00,,
     0.465884312,2218907,,instructions:u,1157760,100.00,,
     0.467047217,1,,branch-misses:u,1164320,100.00,,
     0.467047217,46882,,cache-misses:u,1164288,100.00,,
     0.467047217,1522755,,bus-cycles:u,1164480,100.00,,
     0.467047217,2251338,,instructions:u,1164320,100.00,,
     0.468207850,0,,branch-misses:u,1159616,100.00,,
     0.468207850,1367,,cache-misses:u,1159680,100.00,,
     0.468207850,1533419,,bus-cycles:u,1159296,100.00,,
     0.468207850,2544330,,instructions:u,1159328,100.00,,
     0.469364229,0,,branch-misses:u,1157408,100.00,,
     0.469364229,5556,,cache-misses:u,1157632,100.00,,
     0.469364229,1530335,,bus-cycles:u,1157728,100.00,,
     0.469364229,2513980,,instructions:u,1157696,100.00,,
     0.470520447,0,,branch-misses:u,1155808,100.00,,
     0.470520447,54499,,cache-misses:u,1155360,100.00,,
     0.470520447,1527677,,bus-cycles:u,1155424,100.00,,
     0.470520447,2213890,,instructions:u,1155520,100.00,,
     0.471679769,0,,branch-misses:u,1161120,100.00,,
     0.471679769,54395,,cache-misses:u,1161760,100.00,,
     0.471679769,1518877,,bus-cycles:u,1162208,100.00,,
     0.471679769,2201410,,instructions:u,1162144,100.00,,
     0.472842834,1,,branch-misses:u,1162240,100.00,,
     0.472842834,17748,,cache-misses:u,1161728,100.00,,
     0.472842834,1533674,,bus-cycles:u,1161184,100.00,,
     0.472842834,2444025,,instructions:u,1161760,100.00,,
     0.474002059,0,,branch-misses:u,1160128,100.00,,
     0.474002059,1350,,cache-misses:u,1160448,100.00,,
     0.474002059,1532228,,bus-cycles:u,1160544,100.00,,
     0.474002059,2540740,,instructions:u,1160032,100.00,,
     0.475243986,0,,branch-misses:u,1247136,100.00,,
     0.475243986,38716,,cache-misses:u,1247584,100.00,,
     0.475243986,1634238,,bus-cycles:u,1247456,100.00,,
     0.475243986,2473537,,instructions:u,1247808,100.00,,
     0.476423879,0,,branch-misses:u,1177216,100.00,,
     0.476423879,55609,,cache-misses:u,1176608,100.00,,
     0.476423879,1552079,,bus-cycles:u,1176704,100.00,,
     0.476423879,2245953,,instructions:u,1176320,100.00,,
     0.477589824,1,,branch-misses:u,1163424,100.00,,
     0.477589824,36028,,cache-misses:u,1162784,100.00,,
     0.477589824,1537287,,bus-cycles:u,1163232,100.00,,
     0.477589824,2336295,,instructions:u,1163168,100.00,,
     0.478761814,0,,branch-misses:u,1174592,100.00,,
     0.478761814,1560,,cache-misses:u,1174976,100.00,,
     0.478761814,1535624,,bus-cycles:u,1174464,100.00,,
     0.478761814,2545790,,instructions:u,1174496,100.00,,
     0.479932014,0,,branch-misses:u,1168768,100.00,,
     0.479932014,17270,,cache-misses:u,1169088,100.00,,
     0.479932014,1544856,,bus-cycles:u,1169088,100.00,,
     0.479932014,2461180,,instructions:u,1168960,100.00,,
     0.481093959,0,,branch-misses:u,1162080,100.00,,
     0.481093959,55137,,cache-misses:u,1161728,100.00,,
     0.481093959,1534819,,bus-cycles:u,1162016,100.00,,
     0.481093959,2219230,,instructions:u,1162176,100.00,,
     0.482254048,1,,branch-misses:u,1159968,100.00,,
     0.482254048,54575,,cache-misses:u,1160032,100.00,,
     0.482254048,1531881,,bus-cycles:u,1159776,100.00,,
     0.482254048,2214135,,instructions:u,1159776,100.00,,
     0.483412762,0,,branch-misses:u,1159616,100.00,,
     0.483412762,5239,,cache-misses:u,1159872,100.00,,
     0.483412762,1511817,,bus-cycles:u,1159776,100.00,,
     0.483412762,2484750,,instructions:u,1160000,100.00,,
     0.484575027,0,,branch-misses:u,1163488,100.00,,
     0.484575027,1624,,cache-misses:u,1163680,100.00,,
     0.484575027,1537328,,bus-cycles:u,1163648,100.00,,
     0.484575027,2549008,,instructions:u,1163360,100.00,,
     0.485738156,0,,branch-misses:u,1161632,100.00,,
     0.485738156,46867,,cache-misses:u,1161152,100.00,,
     0.485738156,1535375,,bus-cycles:u,1161312,100.00,,
     0.485738156,2269072,,instructions:u,1161344,100.00,,
     0.486899973,0,,branch-misses:u,1163776,100.00,,
     0.486899973,54737,,cache-misses:u,1164992,100.00,,
     0.486899973,1524315,,bus-cycles:u,1165856,100.00,,
     0.486899973,2208090,,instructions:u,1167072,100.00,,
     0.488130383,1,,branch-misses:u,1230656,100.00,,
     0.488130383,28613,,cache-misses:u,1230368,100.00,,
     0.488130383,1626365,,bus-cycles:u,1230208,100.00,,
     0.488130383,2534685,,instructions:u,1229728,100.00,,
     0.489364472,0,,branch-misses:u,1233696,100.00,,
     0.489364472,1584,,cache-misses:u,1234208,100.00,,
     0.489364472,1633097,,bus-cycles:u,1234336,100.00,,
     0.489364472,2706440,,instructions:u,1234720,100.00,,
     0.490550443,0,,branch-misses:u,1185664,100.00,,
     0.490550443,32184,,cache-misses:u,1184416,100.00,,
     0.490550443,1564105,,bus-cycles:u,1184288,100.00,,
     0.490550443,2398410,,instructions:u,1183616,100.00,,
     0.491723906,0,,branch-misses:u,1174272,100.00,,
     0.491723906,55099,,cache-misses:u,1174944,100.00,,
     0.491723906,1539600,,bus-cycles:u,1174400,100.00,,
     0.491723906,2222858,,instructions:u,1174304,100.00,,
     0.492900856,1,,branch-misses:u,1177152,100.00,,
     0.492900856,43521,,cache-misses:u,1176512,100.00,,
     0.492900856,1554880,,bus-cycles:u,1177504,100.00,,
     0.492900856,2324857,,instructions:u,1177824,100.00,,
     0.494072878,0,,branch-misses:u,1171424,100.00,,
     0.494072878,1460,,cache-misses:u,1171520,100.00,,
     0.494072878,1546593,,bus-cycles:u,1170496,100.00,,
     0.494072878,2563900,,instructions:u,1170048,100.00,,
     0.495240582,0,,branch-misses:u,1169312,100.00,,
     0.495240582,10304,,cache-misses:u,1169696,100.00,,
     0.495240582,1528517,,bus-cycles:u,1169792,100.00,,
     0.495240582,2474617,,instructions:u,1170400,100.00,,
     0.496414940,0,,branch-misses:u,1174624,100.00,,
     0.496414940,55147,,cache-misses:u,1174304,100.00,,
     0.496414940,1551835,,bus-cycles:u,1174112,100.00,,
     0.496414940,2247273,,instructions:u,1173504,100.00,,
     0.497637320,1,,branch-misses:u,1223200,100.00,,
     0.497637320,57651,,cache-misses:u,1223232,100.00,,
     0.497637320,1617597,,bus-cycles:u,1223392,100.00,,
     0.497637320,2341395,,instructions:u,1223328,100.00,,
     0.498811742,0,,branch-misses:u,1173120,100.00,,
     0.498811742,9067,,cache-misses:u,1173280,100.00,,
     0.498811742,1535351,,bus-cycles:u,1173376,100.00,,
     0.498811742,2506010,,instructions:u,1173408,100.00,,
     0.499977878,0,,branch-misses:u,1165856,100.00,,
     0.499977878,1360,,cache-misses:u,1165792,100.00,,
     0.499977878,1539448,,bus-cycles:u,1165632,100.00,,
     0.499977878,2552480,,instructions:u,1165504,100.00,,
     0.501140719,0,,branch-misses:u,1163616,100.00,,
     0.501140719,45107,,cache-misses:u,1163136,100.00,,
     0.501140719,1537192,,bus-cycles:u,1163136,100.00,,
     0.501140719,2286260,,instructions:u,1163168,100.00,,
     0.502303336,0,,branch-misses:u,1162592,100.00,,
     0.502303336,55092,,cache-misses:u,1162624,100.00,,
     0.502303336,1536452,,bus-cycles:u,1162528,100.00,,
     0.502303336,2225567,,instructions:u,1162528,100.00,,
     0.503465281,1,,branch-misses:u,1163776,100.00,,
     0.503465281,30482,,cache-misses:u,1165376,100.00,,
     0.503465281,1511726,,bus-cycles:u,1165312,100.00,,
     0.503465281,2332848,,instructions:u,1165184,100.00,,
     0.504630298,0,,branch-misses:u,1163392,100.00,,
     0.504630298,1477,,cache-misses:u,1161760,100.00,,
     0.504630298,1535796,,bus-cycles:u,1161760,100.00,,
     0.504630298,2547560,,instructions:u,1161728,100.00,,
     0.505787956,0,,branch-misses:u,1158784,100.00,,
     0.505787956,22023,,cache-misses:u,1158816,100.00,,
     0.505787956,1532304,,bus-cycles:u,1159008,100.00,,
     0.505787956,2411660,,instructions:u,1159264,100.00,,
     0.506947598,0,,branch-misses:u,1160320,100.00,,
     0.506947598,54385,,cache-misses:u,1160640,100.00,,
     0.506947598,1517229,,bus-cycles:u,1160448,100.00,,
     0.506947598,2197380,,instructions:u,1160224,100.00,,
     0.508109447,1,,branch-misses:u,1161728,100.00,,
     0.508109447,53974,,cache-misses:u,1160992,100.00,,
     0.508109447,1535605,,bus-cycles:u,1160896,100.00,,
     0.508109447,2232665,,instructions:u,1160928,100.00,,
     0.509265793,0,,branch-misses:u,1155488,100.00,,
     0.509265793,1441,,cache-misses:u,1155808,100.00,,
     0.509265793,1529096,,bus-cycles:u,1155840,100.00,,
     0.509265793,2535730,,instructions:u,1156128,100.00,,
     0.510421596,0,,branch-misses:u,1156512,100.00,,
     0.510421596,1290,,cache-misses:u,1156608,100.00,,
     0.510421596,1530047,,bus-cycles:u,1156736,100.00,,
     0.510421596,2538830,,instructions:u,1156512,100.00,,
     0.511588947,0,,branch-misses:u,1174208,100.00,,
     0.511588947,52243,,cache-misses:u,1176256,100.00,,
     0.511588947,1544323,,bus-cycles:u,1177696,100.00,,
     0.511588947,2253590,,instructions:u,1178624,100.00,,
     0.512834938,0,,branch-misses:u,1241856,100.00,,
     0.512834938,58898,,cache-misses:u,1240352,100.00,,
     0.512834938,1639344,,bus-cycles:u,1239136,100.00,,
     0.512834938,2374537,,instructions:u,1239168,100.00,,
     0.514005105,1,,branch-misses:u,1169344,100.00,,
     0.514005105,19707,,cache-misses:u,1169184,100.00,,
     0.514005105,1545060,,bus-cycles:u,1169056,100.00,,
     0.514005105,2451118,,instructions:u,1168224,100.00,,
     0.515170377,0,,branch-misses:u,1166880,100.00,,
     0.515170377,1507,,cache-misses:u,1166848,100.00,,
     0.515170377,1531755,,bus-cycles:u,1167360,100.00,,
     0.515170377,2539842,,instructions:u,1167296,100.00,,
     0.516341696,0,,branch-misses:u,1169920,100.00,,
     0.516341696,34160,,cache-misses:u,1170272,100.00,,
     0.516341696,1545196,,bus-cycles:u,1169728,100.00,,
     0.516341696,2360198,,instructions:u,1169920,100.00,,
     0.517505113,0,,branch-misses:u,1163040,100.00,,
     0.517505113,55012,,cache-misses:u,1162496,100.00,,
     0.517505113,1536331,,bus-cycles:u,1162560,100.00,,
     0.517505113,2222300,,instructions:u,1162304,100.00,,
     0.518720870,1,,branch-misses:u,1218624,100.00,,
     0.518720870,41441,,cache-misses:u,1219104,100.00,,
     0.518720870,1612265,,bus-cycles:u,1219104,100.00,,
     0.518720870,2431715,,instructions:u,1219264,100.00,,
     0.519908281,0,,branch-misses:u,1187264,100.00,,
     0.519908281,1508,,cache-misses:u,1186848,100.00,,
     0.519908281,1554390,,bus-cycles:u,1186976,100.00,,
     0.519908281,2577800,,instructions:u,1187296,100.00,,
     0.521068915,0,,branch-misses:u,1159616,100.00,,
     0.521068915,14847,,cache-misses:u,1159392,100.00,,
     0.521068915,1531736,,bus-cycles:u,1159168,100.00,,
     0.521068915,2455320,,instructions:u,1158720,100.00,,
     0.522226285,0,,branch-misses:u,1156864,100.00,,
     0.522226285,54759,,cache-misses:u,1157120,100.00,,
     0.522226285,1529262,,bus-cycles:u,1157216,100.00,,
     0.522226285,2212712,,instructions:u,1157248,100.00,,
     0.523384903,1,,branch-misses:u,1159072,100.00,,
     0.523384903,53960,,cache-misses:u,1159104,100.00,,
     0.523384903,1513818,,bus-cycles:u,1159072,100.00,,
     0.523384903,2187443,,instructions:u,1159136,100.00,,
     0.524545472,0,,branch-misses:u,1160928,100.00,,
     0.524545472,8721,,cache-misses:u,1160352,100.00,,
     0.524545472,1533396,,bus-cycles:u,1160096,100.00,,
     0.524545472,2501630,,instructions:u,1159936,100.00,,
     0.525704922,0,,branch-misses:u,1159008,100.00,,
     0.525704922,1483,,cache-misses:u,1159360,100.00,,
     0.525704922,1532704,,bus-cycles:u,1159712,100.00,,
     0.525704922,2544280,,instructions:u,1159904,100.00,,
     0.526864467,0,,branch-misses:u,1161184,100.00,,
     0.526864467,44189,,cache-misses:u,1161248,100.00,,
     0.526864467,1520147,,bus-cycles:u,1161120,100.00,,
     0.526864467,2255748,,instructions:u,1161248,100.00,,
     0.528026509,0,,branch-misses:u,1161088,100.00,,
     0.528026509,54963,,cache-misses:u,1161056,100.00,,
     0.528026509,1533494,,bus-cycles:u,1160928,100.00,,
     0.528026509,2218962,,instructions:u,1160832,100.00,,
     0.529186054,1,,branch-misses:u,1160320,100.00,,
     0.529186054,31591,,cache-misses:u,1160576,100.00,,
     0.529186054,1533137,,bus-cycles:u,1161344,100.00,,
     0.529186054,2361165,,instructions:u,1161248,100.00,,
     0.530346080,0,,branch-misses:u,1160000,100.00,,
     0.530346080,1444,,cache-misses:u,1160064,100.00,,
     0.530346080,1531271,,bus-cycles:u,1159296,100.00,,
     0.530346080,2540240,,instructions:u,1159328,100.00,,
     0.531505401,0,,branch-misses:u,1160192,100.00,,
     0.531505401,20686,,cache-misses:u,1159616,100.00,,
     0.531505401,1515803,,bus-cycles:u,1160256,100.00,,
     0.531505401,2393960,,instructions:u,1160256,100.00,,
     0.532665715,0,,branch-misses:u,1159584,100.00,,
     0.532665715,54885,,cache-misses:u,1159776,100.00,,
     0.532665715,1531204,,bus-cycles:u,1159328,100.00,,
     0.532665715,2215850,,instructions:u,1159168,100.00,,
     0.533826892,1,,branch-misses:u,1162304,100.00,,
     0.533826892,54799,,cache-misses:u,1162176,100.00,,
     0.533826892,1534095,,bus-cycles:u,1162112,100.00,,
     0.533826892,2220235,,instructions:u,1162176,100.00,,
     0.534984518,0,,branch-misses:u,1158208,100.00,,
     0.534984518,2174,,cache-misses:u,1158720,100.00,,
     0.534984518,1518446,,bus-cycles:u,1158784,100.00,,
     0.534984518,2517740,,instructions:u,1158944,100.00,,
     0.536145248,0,,branch-misses:u,1160672,100.00,,
     0.536145248,1622,,cache-misses:u,1160256,100.00,,
     0.536145248,1530935,,bus-cycles:u,1160096,100.00,,
     0.536145248,2538950,,instructions:u,1159872,100.00,,
     0.537303226,0,,branch-misses:u,1158720,100.00,,
     0.537303226,50393,,cache-misses:u,1158752,100.00,,
     0.537303226,1528327,,bus-cycles:u,1158784,100.00,,
     0.537303226,2236442,,instructions:u,1158880,100.00,,
     0.538462483,0,,branch-misses:u,1158304,100.00,,
     0.538462483,54883,,cache-misses:u,1158688,100.00,,
     0.538462483,1529863,,bus-cycles:u,1158624,100.00,,
     0.538462483,2212778,,instructions:u,1158656,100.00,,
     0.539674049,123,,branch-misses:u,1216032,100.00,,
     0.539674049,15744,,cache-misses:u,1217440,100.00,,
     0.539674049,485913,,bus-cycles:u,1217376,100.00,,
     0.539674049,627427,,instructions:u,1217408,100.00,,
     0.540023826,0,,branch-misses:u,240512,100.00,,
     0.540023826,0,,cache-misses:u,233152,100.00,,
     0.540023826,0,,bus-cycles:u,228224,100.00,,
     0.540023826,0,,instructions:u,223072,100.00,,
