     0.001078723,891,,branch-misses:u,469376,100.00,,
     0.001078723,303,,cache-misses:u,475488,100.00,,
     0.001078723,52790,,bus-cycles:u,478752,100.00,,
     0.001078723,32285,,instructions:u,482048,100.00,,
     0.002907286,1556,,branch-misses:u,1836192,100.00,,
     0.002907286,23392,,cache-misses:u,1839392,100.00,,
     0.002907286,987722,,bus-cycles:u,1840288,100.00,,
     0.002907286,1320586,,instructions:u,1841568,100.00,,
     0.004181067,0,,branch-misses:u,1258240,100.00,,
     0.004181067,238,,cache-misses:u,1253952,100.00,,
     0.004181067,1630504,,bus-cycles:u,1252576,100.00,,
     0.004181067,2710320,,instructions:u,1251392,100.00,,
     0.005640853,0,,branch-misses:u,1460384,100.00,,
     0.005640853,14091,,cache-misses:u,1460288,100.00,,
     0.005640853,1674218,,bus-cycles:u,1460960,100.00,,
     0.005640853,2649420,,instructions:u,1460800,100.00,,
     0.006821983,0,,branch-misses:u,1178912,100.00,,
     0.006821983,32859,,cache-misses:u,1177664,100.00,,
     0.006821983,927369,,bus-cycles:u,1176800,100.00,,
     0.006821983,1228800,,instructions:u,1176736,100.00,,
     0.008275370,1,,branch-misses:u,1455776,100.00,,
     0.008275370,40363,,cache-misses:u,1457696,100.00,,
     0.008275370,1133885,,bus-cycles:u,1458304,100.00,,
     0.008275370,1515520,,instructions:u,1458720,100.00,,
     0.009456373,6,,branch-misses:u,1179776,100.00,,
     0.009456373,37762,,cache-misses:u,1178592,100.00,,
     0.009456373,1064597,,bus-cycles:u,1178336,100.00,,
     0.009456373,1443585,,instructions:u,1177504,100.00,,
     0.010625123,0,,branch-misses:u,1168640,100.00,,
     0.010625123,13572,,cache-misses:u,1168128,100.00,,
     0.010625123,1548229,,bus-cycles:u,1167776,100.00,,
     0.010625123,2485490,,instructions:u,1168032,100.00,,
     0.011785331,1,,branch-misses:u,1160800,100.00,,
     0.011785331,320,,cache-misses:u,1161696,100.00,,
     0.011785331,1518587,,bus-cycles:u,1161696,100.00,,
     0.011785331,2523010,,instructions:u,1161792,100.00,,
     0.012944227,0,,branch-misses:u,1159168,100.00,,
     0.012944227,39288,,cache-misses:u,1157696,100.00,,
     0.012944227,1534499,,bus-cycles:u,1158080,100.00,,
     0.012944227,2306990,,instructions:u,1157504,100.00,,
     0.014096244,0,,branch-misses:u,1153440,100.00,,
     0.014096244,56352,,cache-misses:u,1153440,100.00,,
     0.014096244,1527777,,bus-cycles:u,1152992,100.00,,
     0.014096244,2218180,,instructions:u,1152992,100.00,,
     0.015248582,2,,branch-misses:u,1152128,100.00,,
     0.015248582,37620,,cache-misses:u,1152416,100.00,,
     0.015248582,1515856,,bus-cycles:u,1153536,100.00,,
     0.015248582,2305755,,instructions:u,1153792,100.00,,
     0.016410325,0,,branch-misses:u,1159808,100.00,,
     0.016410325,178,,cache-misses:u,1159744,100.00,,
     0.016410325,1538151,,bus-cycles:u,1158560,100.00,,
     0.016410325,2556490,,instructions:u,1158304,100.00,,
     0.017561031,0,,branch-misses:u,1151712,100.00,,
     0.017561031,15151,,cache-misses:u,1151168,100.00,,
     0.017561031,1527380,,bus-cycles:u,1151264,100.00,,
     0.017561031,2455700,,instructions:u,1151264,100.00,,
     0.018711193,1,,branch-misses:u,1150272,100.00,,
     0.018711193,56573,,cache-misses:u,1150688,100.00,,
     0.018711193,1527662,,bus-cycles:u,1151680,100.00,,
     0.018711193,2222020,,instructions:u,1152384,100.00,,
     0.019867114,2,,branch-misses:u,1161440,100.00,,
     0.019867114,56089,,cache-misses:u,1162336,100.00,,
     0.019867114,1527757,,bus-cycles:u,1162016,100.00,,
     0.019867114,2220415,,instructions:u,1162208,100.00,,
     0.021048789,0,,branch-misses:u,1177664,100.00,,
     0.021048789,5332,,cache-misses:u,1176896,100.00,,
     0.021048789,1562647,,bus-cycles:u,1177344,100.00,,
     0.021048789,2567373,,instructions:u,1176608,100.00,,
     0.022205701,0,,branch-misses:u,1155840,100.00,,
     0.022205701,446,,cache-misses:u,1156320,100.00,,
     0.022205701,1533419,,bus-cycles:u,1155296,100.00,,
     0.022205701,2545029,,instructions:u,1155744,100.00,,
     0.023358039,0,,branch-misses:u,991840,100.00,,
     0.023358039,34289,,cache-misses:u,993216,100.00,,
     0.023358039,1130141,,bus-cycles:u,993824,100.00,,
     0.023358039,1682348,,instructions:u,993856,100.00,,
     0.024579224,0,,branch-misses:u,1221600,100.00,,
     0.024579224,60054,,cache-misses:u,1220096,100.00,,
     0.024579224,1619116,,bus-cycles:u,1219680,100.00,,
     0.024579224,2351098,,instructions:u,1219264,100.00,,
     0.025737321,4,,branch-misses:u,1157568,100.00,,
     0.025737321,39278,,cache-misses:u,1157248,100.00,,
     0.025737321,1536377,,bus-cycles:u,1157056,100.00,,
     0.025737321,2331797,,instructions:u,1156960,100.00,,
     0.026887931,0,,branch-misses:u,1150720,100.00,,
     0.026887931,255,,cache-misses:u,1150944,100.00,,
     0.026887931,1528115,,bus-cycles:u,1150880,100.00,,
     0.026887931,2537540,,instructions:u,1150784,100.00,,
     0.028043915,0,,branch-misses:u,1157760,100.00,,
     0.028043915,13226,,cache-misses:u,1157792,100.00,,
     0.028043915,1518774,,bus-cycles:u,1157792,100.00,,
     0.028043915,2446470,,instructions:u,1158240,100.00,,
     0.029204347,0,,branch-misses:u,1161568,100.00,,
     0.029204347,57444,,cache-misses:u,1160928,100.00,,
     0.029204347,1540242,,bus-cycles:u,1160864,100.00,,
     0.029204347,2237400,,instructions:u,1160512,100.00,,
     0.030357517,1,,branch-misses:u,1151840,100.00,,
     0.030357517,56599,,cache-misses:u,1151872,100.00,,
     0.030357517,1530202,,bus-cycles:u,1152064,100.00,,
     0.030357517,2230182,,instructions:u,1152032,100.00,,
     0.031509374,0,,branch-misses:u,1153120,100.00,,
     0.031509374,6560,,cache-misses:u,1153344,100.00,,
     0.031509374,1514009,,bus-cycles:u,1153184,100.00,,
     0.031509374,2481013,,instructions:u,1153120,100.00,,
     0.032671981,0,,branch-misses:u,1161312,100.00,,
     0.032671981,107,,cache-misses:u,1161696,100.00,,
     0.032671981,1542862,,bus-cycles:u,1162304,100.00,,
     0.032671981,2567430,,instructions:u,1162432,100.00,,
     0.033824895,0,,branch-misses:u,1153088,100.00,,
     0.033824895,46980,,cache-misses:u,1152384,100.00,,
     0.033824895,1528969,,bus-cycles:u,1151872,100.00,,
     0.033824895,2284420,,instructions:u,1151776,100.00,,
     0.034975441,0,,branch-misses:u,1151520,100.00,,
     0.034975441,56884,,cache-misses:u,1151520,100.00,,
     0.034975441,1527911,,bus-cycles:u,1151456,100.00,,
     0.034975441,2205408,,instructions:u,1151488,100.00,,
     0.036575513,1,,branch-misses:u,1606944,100.00,,
     0.036575513,30596,,cache-misses:u,1609152,100.00,,
     0.036575513,2120577,,bus-cycles:u,1610688,100.00,,
     0.036575513,3345497,,instructions:u,1610816,100.00,,
     0.037761635,0,,branch-misses:u,1179008,100.00,,
     0.037761635,565,,cache-misses:u,1177600,100.00,,
     0.037761635,1560557,,bus-cycles:u,1176096,100.00,,
     0.037761635,2592140,,instructions:u,1176448,100.00,,
     0.038916116,0,,branch-misses:u,1154528,100.00,,
     0.038916116,45757,,cache-misses:u,1153824,100.00,,
     0.038916116,1529684,,bus-cycles:u,1153888,100.00,,
     0.038916116,2290720,,instructions:u,1153312,100.00,,
     0.040067398,0,,branch-misses:u,1152000,100.00,,
     0.040067398,56527,,cache-misses:u,1152672,100.00,,
     0.040067398,1509441,,bus-cycles:u,1152640,100.00,,
     0.040067398,2177018,,instructions:u,1152864,100.00,,
     0.041224023,1,,branch-misses:u,1155744,100.00,,
     0.041224023,32634,,cache-misses:u,1155040,100.00,,
     0.041224023,1532939,,bus-cycles:u,1154912,100.00,,
     0.041224023,2360907,,instructions:u,1154688,100.00,,
     0.042373065,0,,branch-misses:u,1149184,100.00,,
     0.042373065,327,,cache-misses:u,1149280,100.00,,
     0.042373065,1525571,,bus-cycles:u,1149440,100.00,,
     0.042373065,2537230,,instructions:u,1149504,100.00,,
     0.043522331,0,,branch-misses:u,1151552,100.00,,
     0.043522331,19216,,cache-misses:u,1152032,100.00,,
     0.043522331,1496447,,bus-cycles:u,1151840,100.00,,
     0.043522331,2374370,,instructions:u,1151936,100.00,,
     0.044681739,0,,branch-misses:u,1158176,100.00,,
     0.044681739,57546,,cache-misses:u,1157856,100.00,,
     0.044681739,1536097,,bus-cycles:u,1157984,100.00,,
     0.044681739,2214090,,instructions:u,1158016,100.00,,
     0.045901389,1,,branch-misses:u,1223008,100.00,,
     0.045901389,58505,,cache-misses:u,1224000,100.00,,
     0.045901389,1625004,,bus-cycles:u,1224000,100.00,,
     0.045901389,2360197,,instructions:u,1223840,100.00,,
     0.047080696,0,,branch-misses:u,1176864,100.00,,
     0.047080696,247,,cache-misses:u,1176000,100.00,,
     0.047080696,1543781,,bus-cycles:u,1175968,100.00,,
     0.047080696,2567658,,instructions:u,1176032,100.00,,
     0.048234666,0,,branch-misses:u,1153280,100.00,,
     0.048234666,299,,cache-misses:u,1153088,100.00,,
     0.048234666,1531594,,bus-cycles:u,1153088,100.00,,
     0.048234666,2546910,,instructions:u,1152960,100.00,,
     0.049382524,0,,branch-misses:u,1149088,100.00,,
     0.049382524,55969,,cache-misses:u,1148576,100.00,,
     0.049382524,1525854,,bus-cycles:u,1148544,100.00,,
     0.049382524,2209770,,instructions:u,1148736,100.00,,
     0.050530863,0,,branch-misses:u,1148512,100.00,,
     0.050530863,57250,,cache-misses:u,1149568,100.00,,
     0.050530863,1526285,,bus-cycles:u,1149504,100.00,,
     0.050530863,2203980,,instructions:u,1149408,100.00,,
     0.051679809,1,,branch-misses:u,1149248,100.00,,
     0.051679809,22393,,cache-misses:u,1148928,100.00,,
     0.051679809,1509795,,bus-cycles:u,1148992,100.00,,
     0.051679809,2381775,,instructions:u,1149088,100.00,,
     0.052832819,0,,branch-misses:u,1152544,100.00,,
     0.052832819,110,,cache-misses:u,1152288,100.00,,
     0.052832819,1530723,,bus-cycles:u,1152192,100.00,,
     0.052832819,2546776,,instructions:u,1152000,100.00,,
     0.053983333,0,,branch-misses:u,1151360,100.00,,
     0.053983333,30377,,cache-misses:u,1151136,100.00,,
     0.053983333,1528191,,bus-cycles:u,1151328,100.00,,
     0.053983333,2366642,,instructions:u,1151424,100.00,,
     0.055132471,0,,branch-misses:u,1149600,100.00,,
     0.055132471,56762,,cache-misses:u,1150656,100.00,,
     0.055132471,1514570,,bus-cycles:u,1150720,100.00,,
     0.055132471,2191392,,instructions:u,1150784,100.00,,
     0.056289735,1,,branch-misses:u,1157408,100.00,,
     0.056289735,48159,,cache-misses:u,1156608,100.00,,
     0.056289735,1534816,,bus-cycles:u,1156448,100.00,,
     0.056289735,2271535,,instructions:u,1156320,100.00,,
     0.057441081,0,,branch-misses:u,1150944,100.00,,
     0.057441081,144,,cache-misses:u,1150784,100.00,,
     0.057441081,1528419,,bus-cycles:u,1150816,100.00,,
     0.057441081,2542707,,instructions:u,1150688,100.00,,
     0.058591147,0,,branch-misses:u,1150592,100.00,,
     0.058591147,5378,,cache-misses:u,1150432,100.00,,
     0.058591147,1528246,,bus-cycles:u,1150368,100.00,,
     0.058591147,2509223,,instructions:u,1150496,100.00,,
     0.059742109,0,,branch-misses:u,1152928,100.00,,
     0.059742109,56842,,cache-misses:u,1155008,100.00,,
     0.059742109,1517105,,bus-cycles:u,1155072,100.00,,
     0.059742109,2189280,,instructions:u,1155232,100.00,,
     0.060896398,1,,branch-misses:u,1153632,100.00,,
     0.060896398,56595,,cache-misses:u,1151584,100.00,,
     0.060896398,1529252,,bus-cycles:u,1151616,100.00,,
     0.060896398,2212003,,instructions:u,1151552,100.00,,
     0.062045569,0,,branch-misses:u,1148736,100.00,,
     0.062045569,16283,,cache-misses:u,1148928,100.00,,
     0.062045569,1526367,,bus-cycles:u,1148864,100.00,,
     0.062045569,2445802,,instructions:u,1148768,100.00,,
     0.063195379,0,,branch-misses:u,1150848,100.00,,
     0.063195379,283,,cache-misses:u,1151200,100.00,,
     0.063195379,1514822,,bus-cycles:u,1151232,100.00,,
     0.063195379,2519230,,instructions:u,1151328,100.00,,
     0.064347269,0,,branch-misses:u,1151936,100.00,,
     0.064347269,36491,,cache-misses:u,1152128,100.00,,
     0.064347269,1528652,,bus-cycles:u,1152224,100.00,,
     0.064347269,2331040,,instructions:u,1152224,100.00,,
     0.065497815,0,,branch-misses:u,1150016,100.00,,
     0.065497815,57073,,cache-misses:u,1149376,100.00,,
     0.065497815,1527159,,bus-cycles:u,1149248,100.00,,
     0.065497815,2209450,,instructions:u,1149280,100.00,,
     0.066647433,1,,branch-misses:u,1150752,100.00,,
     0.066647433,40885,,cache-misses:u,1151296,100.00,,
     0.066647433,1531264,,bus-cycles:u,1151392,100.00,,
     0.066647433,2306622,,instructions:u,1151328,100.00,,
     0.067867211,0,,branch-misses:u,1224064,100.00,,
     0.067867211,195,,cache-misses:u,1224480,100.00,,
     0.067867211,1612402,,bus-cycles:u,1224544,100.00,,
     0.067867211,2683463,,instructions:u,1225120,100.00,,
     0.069043095,0,,branch-misses:u,1171936,100.00,,
     0.069043095,16075,,cache-misses:u,1171040,100.00,,
     0.069043095,1554548,,bus-cycles:u,1170912,100.00,,
     0.069043095,2489350,,instructions:u,1170304,100.00,,
     0.070194312,0,,branch-misses:u,1151168,100.00,,
     0.070194312,57065,,cache-misses:u,1150848,100.00,,
     0.070194312,1529027,,bus-cycles:u,1150816,100.00,,
     0.070194312,2204940,,instructions:u,1150816,100.00,,
     0.071343195,1,,branch-misses:u,1150656,100.00,,
     0.071343195,56553,,cache-misses:u,1150976,100.00,,
     0.071343195,1515162,,bus-cycles:u,1151008,100.00,,
     0.071343195,2177345,,instructions:u,1151136,100.00,,
     0.072495820,0,,branch-misses:u,1152704,100.00,,
     0.072495820,6124,,cache-misses:u,1152704,100.00,,
     0.072495820,1530123,,bus-cycles:u,1152640,100.00,,
     0.072495820,2511708,,instructions:u,1153024,100.00,,
     0.073646686,0,,branch-misses:u,1149856,100.00,,
     0.073646686,329,,cache-misses:u,1149888,100.00,,
     0.073646686,1528865,,bus-cycles:u,1149920,100.00,,
     0.073646686,2541602,,instructions:u,1149376,100.00,,
     0.074799088,0,,branch-misses:u,1152704,100.00,,
     0.074799088,47351,,cache-misses:u,1152608,100.00,,
     0.074799088,1531785,,bus-cycles:u,1152672,100.00,,
     0.074799088,2268260,,instructions:u,1152672,100.00,,
     0.075947043,0,,branch-misses:u,1150368,100.00,,
     0.075947043,56413,,cache-misses:u,1151168,100.00,,
     0.075947043,1517033,,bus-cycles:u,1151456,100.00,,
     0.075947043,2189990,,instructions:u,1151584,100.00,,
     0.077110769,1,,branch-misses:u,1163200,100.00,,
     0.077110769,30934,,cache-misses:u,1162784,100.00,,
     0.077110769,1545067,,bus-cycles:u,1162368,100.00,,
     0.077110769,2385671,,instructions:u,1162240,100.00,,
     0.078264803,0,,branch-misses:u,1153376,100.00,,
     0.078264803,194,,cache-misses:u,1152832,100.00,,
     0.078264803,1531147,,bus-cycles:u,1152896,100.00,,
     0.078264803,2547608,,instructions:u,1152864,100.00,,
     0.079415189,0,,branch-misses:u,1150816,100.00,,
     0.079415189,22134,,cache-misses:u,1150912,100.00,,
     0.079415189,1511815,,bus-cycles:u,1150912,100.00,,
     0.079415189,2383986,,instructions:u,1150976,100.00,,
     0.080567814,0,,branch-misses:u,1154592,100.00,,
     0.080567814,57192,,cache-misses:u,1154624,100.00,,
     0.080567814,1531667,,bus-cycles:u,1154656,100.00,,
     0.080567814,2209300,,instructions:u,1154752,100.00,,
     0.081725751,1,,branch-misses:u,1155584,100.00,,
     0.081725751,55985,,cache-misses:u,1155808,100.00,,
     0.081725751,1536665,,bus-cycles:u,1155776,100.00,,
     0.081725751,2218385,,instructions:u,1155680,100.00,,
     0.082875401,0,,branch-misses:u,1150304,100.00,,
     0.082875401,169,,cache-misses:u,1150592,100.00,,
     0.082875401,1529915,,bus-cycles:u,1150656,100.00,,
     0.082875401,2545250,,instructions:u,1150624,100.00,,
     0.084028250,0,,branch-misses:u,1153920,100.00,,
     0.084028250,270,,cache-misses:u,1153632,100.00,,
     0.084028250,1517740,,bus-cycles:u,1153632,100.00,,
     0.084028250,2524618,,instructions:u,1153728,100.00,,
     0.085182251,0,,branch-misses:u,1154528,100.00,,
     0.085182251,53950,,cache-misses:u,1154176,100.00,,
     0.085182251,1533599,,bus-cycles:u,1154272,100.00,,
     0.085182251,2229682,,instructions:u,1154720,100.00,,
     0.086335293,0,,branch-misses:u,1152448,100.00,,
     0.086335293,57087,,cache-misses:u,1153120,100.00,,
     0.086335293,1531637,,bus-cycles:u,1153504,100.00,,
     0.086335293,2202817,,instructions:u,1153024,100.00,,
     0.087487886,1,,branch-misses:u,1153152,100.00,,
     0.087487886,23934,,cache-misses:u,1153472,100.00,,
     0.087487886,1517505,,bus-cycles:u,1152928,100.00,,
     0.087487886,2373978,,instructions:u,1153056,100.00,,
     0.088720013,0,,branch-misses:u,1234368,100.00,,
     0.088720013,352,,cache-misses:u,1234624,100.00,,
     0.088720013,1641280,,bus-cycles:u,1234560,100.00,,
     0.088720013,2727090,,instructions:u,1234368,100.00,,
     0.089886460,0,,branch-misses:u,1165312,100.00,,
     0.089886460,33330,,cache-misses:u,1164384,100.00,,
     0.089886460,1546429,,bus-cycles:u,1164512,100.00,,
     0.089886460,2376558,,instructions:u,1164992,100.00,,
     0.091039181,0,,branch-misses:u,1152608,100.00,,
     0.091039181,56913,,cache-misses:u,1152576,100.00,,
     0.091039181,1530481,,bus-cycles:u,1152512,100.00,,
     0.091039181,2204972,,instructions:u,1152128,100.00,,
     0.092210426,1,,branch-misses:u,1172288,100.00,,
     0.092210426,44458,,cache-misses:u,1174272,100.00,,
     0.092210426,1546273,,bus-cycles:u,1174304,100.00,,
     0.092210426,2298635,,instructions:u,1174272,100.00,,
     0.093368171,0,,branch-misses:u,1157152,100.00,,
     0.093368171,99,,cache-misses:u,1156096,100.00,,
     0.093368171,1536282,,bus-cycles:u,1156128,100.00,,
     0.093368171,2555780,,instructions:u,1156096,100.00,,
     0.094522620,0,,branch-misses:u,1154496,100.00,,
     0.094522620,9361,,cache-misses:u,1153792,100.00,,
     0.094522620,1532782,,bus-cycles:u,1153760,100.00,,
     0.094522620,2493898,,instructions:u,1153760,100.00,,
     0.095676077,0,,branch-misses:u,1155648,100.00,,
     0.095676077,56256,,cache-misses:u,1155808,100.00,,
     0.095676077,1520008,,bus-cycles:u,1155808,100.00,,
     0.095676077,2187932,,instructions:u,1156064,100.00,,
     0.096840124,2,,branch-misses:u,1162208,100.00,,
     0.096840124,57098,,cache-misses:u,1161696,100.00,,
     0.096840124,1544056,,bus-cycles:u,1162112,100.00,,
     0.096840124,2217985,,instructions:u,1161920,100.00,,
     0.097992749,0,,branch-misses:u,1152480,100.00,,
     0.097992749,12182,,cache-misses:u,1152448,100.00,,
     0.097992749,1531550,,bus-cycles:u,1152000,100.00,,
     0.097992749,2471870,,instructions:u,1152448,100.00,,
     0.099143871,0,,branch-misses:u,1153152,100.00,,
     0.099143871,295,,cache-misses:u,1153792,100.00,,
     0.099143871,1518013,,bus-cycles:u,1153984,100.00,,
     0.099143871,2521950,,instructions:u,1153568,100.00,,
     0.100302319,0,,branch-misses:u,1158848,100.00,,
     0.100302319,41100,,cache-misses:u,1158432,100.00,,
     0.100302319,1538933,,bus-cycles:u,1158368,100.00,,
     0.100302319,2316158,,instructions:u,1158336,100.00,,
     0.101460096,0,,branch-misses:u,1157696,100.00,,
     0.101460096,57093,,cache-misses:u,1157600,100.00,,
     0.101460096,1536638,,bus-cycles:u,1157632,100.00,,
     0.101460096,2215860,,instructions:u,1157696,100.00,,
     0.102613489,1,,branch-misses:u,1153536,100.00,,
     0.102613489,36472,,cache-misses:u,1153728,100.00,,
     0.102613489,1531481,,bus-cycles:u,1153664,100.00,,
     0.102613489,2327147,,instructions:u,1153600,100.00,,
     0.103770274,0,,branch-misses:u,1157920,100.00,,
     0.103770274,469,,cache-misses:u,1158848,100.00,,
     0.103770274,1519386,,bus-cycles:u,1159296,100.00,,
     0.103770274,2523530,,instructions:u,1159360,100.00,,
     0.104936112,0,,branch-misses:u,1166048,100.00,,
     0.104936112,16523,,cache-misses:u,1164864,100.00,,
     0.104936112,1545880,,bus-cycles:u,1164352,100.00,,
     0.104936112,2463370,,instructions:u,1164832,100.00,,
     0.106090657,0,,branch-misses:u,1153216,100.00,,
     0.106090657,57128,,cache-misses:u,1153344,100.00,,
     0.106090657,1530375,,bus-cycles:u,1153376,100.00,,
     0.106090657,2206970,,instructions:u,1152768,100.00,,
     0.107242227,1,,branch-misses:u,1152704,100.00,,
     0.107242227,55943,,cache-misses:u,1153504,100.00,,
     0.107242227,1517173,,bus-cycles:u,1153440,100.00,,
     0.107242227,2184235,,instructions:u,1154304,100.00,,
     0.108407745,0,,branch-misses:u,1165504,100.00,,
     0.108407745,5607,,cache-misses:u,1164896,100.00,,
     0.108407745,1544092,,bus-cycles:u,1164992,100.00,,
     0.108407745,2536490,,instructions:u,1164128,100.00,,
     0.109559699,0,,branch-misses:u,1151872,100.00,,
     0.109559699,312,,cache-misses:u,1151648,100.00,,
     0.109559699,1528889,,bus-cycles:u,1151520,100.00,,
     0.109559699,2540033,,instructions:u,1151488,100.00,,
     0.110772438,0,,branch-misses:u,1214880,100.00,,
     0.110772438,51314,,cache-misses:u,1216096,100.00,,
     0.110772438,1614049,,bus-cycles:u,1216160,100.00,,
     0.110772438,2369847,,instructions:u,1216960,100.00,,
     0.111930823,0,,branch-misses:u,1157664,100.00,,
     0.111930823,56400,,cache-misses:u,1156736,100.00,,
     0.111930823,1519779,,bus-cycles:u,1156768,100.00,,
     0.111930823,2187600,,instructions:u,1156576,100.00,,
     0.113095765,1,,branch-misses:u,1169120,100.00,,
     0.113095765,27401,,cache-misses:u,1169984,100.00,,
     0.113095765,1551629,,bus-cycles:u,1170016,100.00,,
     0.113095765,2414802,,instructions:u,1170080,100.00,,
     0.114262819,0,,branch-misses:u,1165024,100.00,,
     0.114262819,507,,cache-misses:u,1165632,100.00,,
     0.114262819,1547333,,bus-cycles:u,1165632,100.00,,
     0.114262819,2570445,,instructions:u,1165472,100.00,,
     0.115425075,0,,branch-misses:u,1161504,100.00,,
     0.115425075,26804,,cache-misses:u,1160160,100.00,,
     0.115425075,1522975,,bus-cycles:u,1160032,100.00,,
     0.115425075,2364949,,instructions:u,1159712,100.00,,
     0.116583555,0,,branch-misses:u,1158272,100.00,,
     0.116583555,56569,,cache-misses:u,1157696,100.00,,
     0.116583555,1537385,,bus-cycles:u,1157792,100.00,,
     0.116583555,2209702,,instructions:u,1157664,100.00,,
     0.117736980,1,,branch-misses:u,1152736,100.00,,
     0.117736980,50821,,cache-misses:u,1152832,100.00,,
     0.117736980,1530546,,bus-cycles:u,1152640,100.00,,
     0.117736980,2233662,,instructions:u,1152608,100.00,,
     0.118888134,0,,branch-misses:u,1152224,100.00,,
     0.118888134,190,,cache-misses:u,1152448,100.00,,
     0.118888134,1530675,,bus-cycles:u,1152992,100.00,,
     0.118888134,2546870,,instructions:u,1152928,100.00,,
     0.120052245,0,,branch-misses:u,1170784,100.00,,
     0.120052245,2311,,cache-misses:u,1173248,100.00,,
     0.120052245,1538145,,bus-cycles:u,1173888,100.00,,
     0.120052245,2541760,,instructions:u,1174912,100.00,,
     0.121277269,0,,branch-misses:u,1219488,100.00,,
     0.121277269,59839,,cache-misses:u,1217376,100.00,,
     0.121277269,1616576,,bus-cycles:u,1216608,100.00,,
     0.121277269,2324660,,instructions:u,1216032,100.00,,
     0.122434182,1,,branch-misses:u,1155968,100.00,,
     0.122434182,56602,,cache-misses:u,1155424,100.00,,
     0.122434182,1536233,,bus-cycles:u,1155232,100.00,,
     0.122434182,2205033,,instructions:u,1154944,100.00,,
     0.123586200,0,,branch-misses:u,1152672,100.00,,
     0.123586200,16274,,cache-misses:u,1153984,100.00,,
     0.123586200,1499612,,bus-cycles:u,1154080,100.00,,
     0.123586200,2389472,,instructions:u,1154816,100.00,,
     0.124744264,0,,branch-misses:u,1158016,100.00,,
     0.124744264,419,,cache-misses:u,1156864,100.00,,
     0.124744264,1536332,,bus-cycles:u,1158080,100.00,,
     0.124744264,2554990,,instructions:u,1158208,100.00,,
     0.125899385,0,,branch-misses:u,1154976,100.00,,
     0.125899385,36199,,cache-misses:u,1154592,100.00,,
     0.125899385,1531042,,bus-cycles:u,1153312,100.00,,
     0.125899385,2332260,,instructions:u,1152448,100.00,,
     0.127049899,0,,branch-misses:u,1151744,100.00,,
     0.127049899,56771,,cache-misses:u,1151616,100.00,,
     0.127049899,1530006,,bus-cycles:u,1151584,100.00,,
     0.127049899,2208020,,instructions:u,1151680,100.00,,
     0.128220952,2,,branch-misses:u,1169952,100.00,,
     0.128220952,41456,,cache-misses:u,1170656,100.00,,
     0.128220952,1538591,,bus-cycles:u,1170624,100.00,,
     0.128220952,2309457,,instructions:u,1170528,100.00,,
     0.129371018,0,,branch-misses:u,1150048,100.00,,
     0.129371018,163,,cache-misses:u,1149696,100.00,,
     0.129371018,1526651,,bus-cycles:u,1149664,100.00,,
     0.129371018,2541178,,instructions:u,1149632,100.00,,
     0.130518845,0,,branch-misses:u,1148832,100.00,,
     0.130518845,11482,,cache-misses:u,1148640,100.00,,
     0.130518845,1524821,,bus-cycles:u,1148768,100.00,,
     0.130518845,2470286,,instructions:u,1148736,100.00,,
     0.131737887,0,,branch-misses:u,1221440,100.00,,
     0.131737887,60189,,cache-misses:u,1221600,100.00,,
     0.131737887,1609467,,bus-cycles:u,1221568,100.00,,
     0.131737887,2322272,,instructions:u,1221760,100.00,,
     0.132896879,1,,branch-misses:u,1156864,100.00,,
     0.132896879,57072,,cache-misses:u,1156512,100.00,,
     0.132896879,1536112,,bus-cycles:u,1156320,100.00,,
     0.132896879,2215605,,instructions:u,1156160,100.00,,
     0.134044321,0,,branch-misses:u,1147040,100.00,,
     0.134044321,6450,,cache-misses:u,1147200,100.00,,
     0.134044321,1524049,,bus-cycles:u,1147872,100.00,,
     0.134044321,2497602,,instructions:u,1147840,100.00,,
     0.135191956,0,,branch-misses:u,1148864,100.00,,
     0.135191956,341,,cache-misses:u,1148928,100.00,,
     0.135191956,1506742,,bus-cycles:u,1148256,100.00,,
     0.135191956,2504730,,instructions:u,1148256,100.00,,
     0.136343782,0,,branch-misses:u,1151904,100.00,,
     0.136343782,46027,,cache-misses:u,1151904,100.00,,
     0.136343782,1529953,,bus-cycles:u,1152000,100.00,,
     0.136343782,2273300,,instructions:u,1151840,100.00,,
     0.137491289,0,,branch-misses:u,1146976,100.00,,
     0.137491289,57209,,cache-misses:u,1146912,100.00,,
     0.137491289,1523845,,bus-cycles:u,1146880,100.00,,
     0.137491289,2202090,,instructions:u,1147072,100.00,,
     0.138637996,1,,branch-misses:u,1146784,100.00,,
     0.138637996,32384,,cache-misses:u,1146880,100.00,,
     0.138637996,1523497,,bus-cycles:u,1146944,100.00,,
     0.138637996,2343475,,instructions:u,1146880,100.00,,
     0.139789437,0,,branch-misses:u,1153728,100.00,,
     0.139789437,268,,cache-misses:u,1154560,100.00,,
     0.139789437,1516328,,bus-cycles:u,1154528,100.00,,
     0.139789437,2521500,,instructions:u,1154656,100.00,,
     0.140949581,0,,branch-misses:u,1160640,100.00,,
     0.140949581,20752,,cache-misses:u,1159488,100.00,,
     0.140949581,1539476,,bus-cycles:u,1159424,100.00,,
     0.140949581,2438000,,instructions:u,1159328,100.00,,
     0.142101631,0,,branch-misses:u,1151392,100.00,,
     0.142101631,57266,,cache-misses:u,1151648,100.00,,
     0.142101631,1529159,,bus-cycles:u,1151744,100.00,,
     0.142101631,2207290,,instructions:u,1151744,100.00,,
     0.143253552,2,,branch-misses:u,1151424,100.00,,
     0.143253552,56217,,cache-misses:u,1151616,100.00,,
     0.143253552,1513208,,bus-cycles:u,1151648,100.00,,
     0.143253552,2187415,,instructions:u,1151776,100.00,,
     0.144406882,0,,branch-misses:u,1153408,100.00,,
     0.144406882,1283,,cache-misses:u,1153408,100.00,,
     0.144406882,1532647,,bus-cycles:u,1153408,100.00,,
     0.144406882,2544687,,instructions:u,1153280,100.00,,
     0.145555764,0,,branch-misses:u,1149312,100.00,,
     0.145555764,182,,cache-misses:u,1149152,100.00,,
     0.145555764,1525772,,bus-cycles:u,1149152,100.00,,
     0.145555764,2537643,,instructions:u,1149184,100.00,,
     0.146704199,0,,branch-misses:u,1149120,100.00,,
     0.146704199,51691,,cache-misses:u,1149152,100.00,,
     0.146704199,1524813,,bus-cycles:u,1149056,100.00,,
     0.146704199,2228890,,instructions:u,1148960,100.00,,
     0.147854905,0,,branch-misses:u,1151680,100.00,,
     0.147854905,56604,,cache-misses:u,1151744,100.00,,
     0.147854905,1515703,,bus-cycles:u,1151808,100.00,,
     0.147854905,2190633,,instructions:u,1151936,100.00,,
     0.149009610,1,,branch-misses:u,1153952,100.00,,
     0.149009610,26483,,cache-misses:u,1154240,100.00,,
     0.149009610,1532984,,bus-cycles:u,1154112,100.00,,
     0.149009610,2392202,,instructions:u,1153952,100.00,,
     0.150158172,0,,branch-misses:u,1148800,100.00,,
     0.150158172,352,,cache-misses:u,1148832,100.00,,
     0.150158172,1526449,,bus-cycles:u,1148928,100.00,,
     0.150158172,2538340,,instructions:u,1148992,100.00,,
     0.151307918,0,,branch-misses:u,1150464,100.00,,
     0.151307918,26203,,cache-misses:u,1150304,100.00,,
     0.151307918,1515252,,bus-cycles:u,1150816,100.00,,
     0.151307918,2364140,,instructions:u,1151040,100.00,,
     0.152522066,0,,branch-misses:u,1216800,100.00,,
     0.152522066,60671,,cache-misses:u,1218112,100.00,,
     0.152522066,1617562,,bus-cycles:u,1217536,100.00,,
     0.152522066,2337570,,instructions:u,1217760,100.00,,
     0.153681857,2,,branch-misses:u,1157920,100.00,,
     0.153681857,48301,,cache-misses:u,1156576,100.00,,
     0.153681857,1537225,,bus-cycles:u,1156608,100.00,,
     0.153681857,2269177,,instructions:u,1156224,100.00,,
     0.154836114,0,,branch-misses:u,1153568,100.00,,
     0.154836114,333,,cache-misses:u,1153216,100.00,,
     0.154836114,1532959,,bus-cycles:u,1153376,100.00,,
     0.154836114,2549528,,instructions:u,1153408,100.00,,
     0.155984453,0,,branch-misses:u,1150624,100.00,,
     0.155984453,4537,,cache-misses:u,1151488,100.00,,
     0.155984453,1512816,,bus-cycles:u,1151264,100.00,,
     0.155984453,2489498,,instructions:u,1151328,100.00,,
     0.157148532,0,,branch-misses:u,1164160,100.00,,
     0.157148532,57801,,cache-misses:u,1163360,100.00,,
     0.157148532,1543460,,bus-cycles:u,1163488,100.00,,
     0.157148532,2225612,,instructions:u,1163328,100.00,,
     0.158300709,1,,branch-misses:u,1151456,100.00,,
     0.158300709,56739,,cache-misses:u,1151840,100.00,,
     0.158300709,1528582,,bus-cycles:u,1151776,100.00,,
     0.158300709,2201855,,instructions:u,1151680,100.00,,
     0.159452631,0,,branch-misses:u,1151968,100.00,,
     0.159452631,15625,,cache-misses:u,1153056,100.00,,
     0.159452631,1515728,,bus-cycles:u,1153056,100.00,,
     0.159452631,2428510,,instructions:u,1153216,100.00,,
     0.160605449,0,,branch-misses:u,1152928,100.00,,
     0.160605449,403,,cache-misses:u,1152928,100.00,,
     0.160605449,1532995,,bus-cycles:u,1153472,100.00,,
     0.160605449,2549910,,instructions:u,1153952,100.00,,
     0.161758618,0,,branch-misses:u,1153504,100.00,,
     0.161758618,36812,,cache-misses:u,1152544,100.00,,
     0.161758618,1530151,,bus-cycles:u,1152000,100.00,,
     0.161758618,2325510,,instructions:u,1151424,100.00,,
     0.162908044,0,,branch-misses:u,1149792,100.00,,
     0.162908044,56973,,cache-misses:u,1149792,100.00,,
     0.162908044,1526843,,bus-cycles:u,1149824,100.00,,
     0.162908044,2205940,,instructions:u,1150336,100.00,,
     0.164061342,1,,branch-misses:u,1157120,100.00,,
     0.164061342,41185,,cache-misses:u,1158752,100.00,,
     0.164061342,1524523,,bus-cycles:u,1158752,100.00,,
     0.164061342,2287285,,instructions:u,1158304,100.00,,
     0.165236874,0,,branch-misses:u,1173408,100.00,,
     0.165236874,317,,cache-misses:u,1171328,100.00,,
     0.165236874,1555657,,bus-cycles:u,1171488,100.00,,
     0.165236874,2586750,,instructions:u,1171456,100.00,,
     0.166391323,0,,branch-misses:u,1153504,100.00,,
     0.166391323,12620,,cache-misses:u,1153632,100.00,,
     0.166391323,1532873,,bus-cycles:u,1153472,100.00,,
     0.166391323,2474400,,instructions:u,1154048,100.00,,
     0.167541261,0,,branch-misses:u,1150176,100.00,,
     0.167541261,56506,,cache-misses:u,1150176,100.00,,
     0.167541261,1513234,,bus-cycles:u,1150176,100.00,,
     0.167541261,2180378,,instructions:u,1149696,100.00,,
     0.168693055,2,,branch-misses:u,1152032,100.00,,
     0.168693055,56701,,cache-misses:u,1151872,100.00,,
     0.168693055,1531724,,bus-cycles:u,1151872,100.00,,
     0.168693055,2208697,,instructions:u,1151808,100.00,,
     0.169840818,0,,branch-misses:u,1149408,100.00,,
     0.169840818,9425,,cache-misses:u,1149568,100.00,,
     0.169840818,1527336,,bus-cycles:u,1149472,100.00,,
     0.169840818,2484380,,instructions:u,1149440,100.00,,
     0.170990468,0,,branch-misses:u,1148256,100.00,,
     0.170990468,228,,cache-misses:u,1148224,100.00,,
     0.170990468,1527853,,bus-cycles:u,1148416,100.00,,
     0.170990468,2540050,,instructions:u,1148448,100.00,,
     0.172160177,0,,branch-misses:u,1170432,100.00,,
     0.172160177,44336,,cache-misses:u,1170560,100.00,,
     0.172160177,1541643,,bus-cycles:u,1170432,100.00,,
     0.172160177,2301287,,instructions:u,1171008,100.00,,
     0.173315714,0,,branch-misses:u,1155232,100.00,,
     0.173315714,57504,,cache-misses:u,1155584,100.00,,
     0.173315714,1536682,,bus-cycles:u,1156224,100.00,,
     0.173315714,2214463,,instructions:u,1155712,100.00,,
     0.174522535,1,,branch-misses:u,1208864,100.00,,
     0.174522535,33469,,cache-misses:u,1208704,100.00,,
     0.174522535,1606776,,bus-cycles:u,1208032,100.00,,
     0.174522535,2465315,,instructions:u,1208544,100.00,,
     0.175678424,0,,branch-misses:u,1154944,100.00,,
     0.175678424,310,,cache-misses:u,1155200,100.00,,
     0.175678424,1515793,,bus-cycles:u,1155232,100.00,,
     0.175678424,2515430,,instructions:u,1154624,100.00,,
     0.176838631,0,,branch-misses:u,1160576,100.00,,
     0.176838631,22122,,cache-misses:u,1160928,100.00,,
     0.176838631,1542196,,bus-cycles:u,1160960,100.00,,
     0.176838631,2430260,,instructions:u,1161120,100.00,,
     0.177991737,0,,branch-misses:u,1152800,100.00,,
     0.177991737,57300,,cache-misses:u,1151936,100.00,,
     0.177991737,1531240,,bus-cycles:u,1152000,100.00,,
     0.177991737,2206038,,instructions:u,1151808,100.00,,
     0.179143691,2,,branch-misses:u,1154400,100.00,,
     0.179143691,55628,,cache-misses:u,1155744,100.00,,
     0.179143691,1519298,,bus-cycles:u,1155712,100.00,,
     0.179143691,2189477,,instructions:u,1155872,100.00,,
     0.180303290,0,,branch-misses:u,1158784,100.00,,
     0.180303290,257,,cache-misses:u,1157312,100.00,,
     0.180303290,1537122,,bus-cycles:u,1157376,100.00,,
     0.180303290,2551290,,instructions:u,1157152,100.00,,
     0.181455724,0,,branch-misses:u,1152448,100.00,,
     0.181455724,101,,cache-misses:u,1152384,100.00,,
     0.181455724,1530762,,bus-cycles:u,1152256,100.00,,
     0.181455724,2546940,,instructions:u,1152256,100.00,,
     0.182605374,0,,branch-misses:u,1150208,100.00,,
     0.182605374,53583,,cache-misses:u,1150080,100.00,,
     0.182605374,1527063,,bus-cycles:u,1150112,100.00,,
     0.182605374,2223497,,instructions:u,1150656,100.00,,
     0.183757712,0,,branch-misses:u,1153312,100.00,,
     0.183757712,56500,,cache-misses:u,1153664,100.00,,
     0.183757712,1517299,,bus-cycles:u,1153632,100.00,,
     0.183757712,2185914,,instructions:u,1153280,100.00,,
     0.184913760,1,,branch-misses:u,1155232,100.00,,
     0.184913760,24648,,cache-misses:u,1155296,100.00,,
     0.184913760,1534625,,bus-cycles:u,1155936,100.00,,
     0.184913760,2392171,,instructions:u,1155808,100.00,,
     0.186066738,0,,branch-misses:u,1153408,100.00,,
     0.186066738,208,,cache-misses:u,1153312,100.00,,
     0.186066738,1532052,,bus-cycles:u,1152704,100.00,,
     0.186066738,2547263,,instructions:u,1153600,100.00,,
     0.187221923,0,,branch-misses:u,1155936,100.00,,
     0.187221923,27695,,cache-misses:u,1156352,100.00,,
     0.187221923,1504986,,bus-cycles:u,1156384,100.00,,
     0.187221923,2335260,,instructions:u,1155808,100.00,,
     0.188377588,0,,branch-misses:u,1154656,100.00,,
     0.188377588,57168,,cache-misses:u,1154304,100.00,,
     0.188377588,1533322,,bus-cycles:u,1154368,100.00,,
     0.188377588,2213500,,instructions:u,1154144,100.00,,
     0.189532613,1,,branch-misses:u,1156224,100.00,,
     0.189532613,50331,,cache-misses:u,1156160,100.00,,
     0.189532613,1534277,,bus-cycles:u,1156192,100.00,,
     0.189532613,2253875,,instructions:u,1156000,100.00,,
     0.190687094,0,,branch-misses:u,1154112,100.00,,
     0.190687094,208,,cache-misses:u,1153920,100.00,,
     0.190687094,1533133,,bus-cycles:u,1154272,100.00,,
     0.190687094,2549250,,instructions:u,1154304,100.00,,
     0.191840007,0,,branch-misses:u,1154464,100.00,,
     0.191840007,2752,,cache-misses:u,1155968,100.00,,
     0.191840007,1518824,,bus-cycles:u,1155904,100.00,,
     0.191840007,2507960,,instructions:u,1156064,100.00,,
     0.192999159,0,,branch-misses:u,1157856,100.00,,
     0.192999159,57174,,cache-misses:u,1156416,100.00,,
     0.192999159,1536518,,bus-cycles:u,1156000,100.00,,
     0.192999159,2212947,,instructions:u,1155872,100.00,,
     0.194150025,1,,branch-misses:u,1151968,100.00,,
     0.194150025,56406,,cache-misses:u,1151616,100.00,,
     0.194150025,1529799,,bus-cycles:u,1151808,100.00,,
     0.194150025,2200416,,instructions:u,1151872,100.00,,
     0.195346544,0,,branch-misses:u,1198944,100.00,,
     0.195346544,18538,,cache-misses:u,1199872,100.00,,
     0.195346544,1572487,,bus-cycles:u,1199712,100.00,,
     0.195346544,2502552,,instructions:u,1199808,100.00,,
     0.196505728,0,,branch-misses:u,1157152,100.00,,
     0.196505728,218,,cache-misses:u,1156608,100.00,,
     0.196505728,1536538,,bus-cycles:u,1156608,100.00,,
     0.196505728,2555630,,instructions:u,1156512,100.00,,
     0.197657650,0,,branch-misses:u,1152736,100.00,,
     0.197657650,36535,,cache-misses:u,1152736,100.00,,
     0.197657650,1529506,,bus-cycles:u,1152640,100.00,,
     0.197657650,2325940,,instructions:u,1152704,100.00,,
     0.198808324,0,,branch-misses:u,1151904,100.00,,
     0.198808324,57029,,cache-misses:u,1152224,100.00,,
     0.198808324,1530467,,bus-cycles:u,1152384,100.00,,
     0.198808324,2201160,,instructions:u,1152384,100.00,,
     0.199962453,1,,branch-misses:u,1158016,100.00,,
     0.199962453,41376,,cache-misses:u,1159328,100.00,,
     0.199962453,1520255,,bus-cycles:u,1159200,100.00,,
     0.199962453,2269511,,instructions:u,1159200,100.00,,
     0.201133186,0,,branch-misses:u,1166080,100.00,,
     0.201133186,258,,cache-misses:u,1164448,100.00,,
     0.201133186,1546198,,bus-cycles:u,1164480,100.00,,
     0.201133186,2570604,,instructions:u,1164992,100.00,,
     0.202286932,0,,branch-misses:u,1155744,100.00,,
     0.202286932,11689,,cache-misses:u,1156448,100.00,,
     0.202286932,1532057,,bus-cycles:u,1156480,100.00,,
     0.202286932,2474430,,instructions:u,1156000,100.00,,
     0.203440421,0,,branch-misses:u,1152320,100.00,,
     0.203440421,55665,,cache-misses:u,1152160,100.00,,
     0.203440421,1509493,,bus-cycles:u,1152160,100.00,,
     0.203440421,2174938,,instructions:u,1152768,100.00,,
     0.204596598,1,,branch-misses:u,1156320,100.00,,
     0.204596598,56370,,cache-misses:u,1156032,100.00,,
     0.204596598,1532987,,bus-cycles:u,1155936,100.00,,
     0.204596598,2207217,,instructions:u,1155168,100.00,,
     0.205750407,0,,branch-misses:u,1153600,100.00,,
     0.205750407,10576,,cache-misses:u,1153600,100.00,,
     0.205750407,1531998,,bus-cycles:u,1153632,100.00,,
     0.205750407,2486710,,instructions:u,1153632,100.00,,
     0.206901497,0,,branch-misses:u,1151168,100.00,,
     0.206901497,128,,cache-misses:u,1150944,100.00,,
     0.206901497,1528145,,bus-cycles:u,1150976,100.00,,
     0.206901497,2541919,,instructions:u,1150976,100.00,,
     0.208052907,0,,branch-misses:u,1152704,100.00,,
     0.208052907,41954,,cache-misses:u,1152672,100.00,,
     0.208052907,1513705,,bus-cycles:u,1152704,100.00,,
     0.208052907,2263601,,instructions:u,1153376,100.00,,
     0.209211451,0,,branch-misses:u,1158368,100.00,,
     0.209211451,56961,,cache-misses:u,1158016,100.00,,
     0.209211451,1536884,,bus-cycles:u,1157920,100.00,,
     0.209211451,2214187,,instructions:u,1157216,100.00,,
     0.210360461,1,,branch-misses:u,1148832,100.00,,
     0.210360461,35496,,cache-misses:u,1149440,100.00,,
     0.210360461,1526418,,bus-cycles:u,1149472,100.00,,
     0.210360461,2314368,,instructions:u,1149600,100.00,,
     0.211512351,0,,branch-misses:u,1152384,100.00,,
     0.211512351,195,,cache-misses:u,1153312,100.00,,
     0.211512351,1516188,,bus-cycles:u,1153312,100.00,,
     0.211512351,2520050,,instructions:u,1153312,100.00,,
     0.212666384,0,,branch-misses:u,1154656,100.00,,
     0.212666384,16662,,cache-misses:u,1153920,100.00,,
     0.212666384,1531347,,bus-cycles:u,1153952,100.00,,
     0.212666384,2446230,,instructions:u,1154400,100.00,,
     0.213820001,0,,branch-misses:u,1155040,100.00,,
     0.213820001,56860,,cache-misses:u,1154752,100.00,,
     0.213820001,1532917,,bus-cycles:u,1154624,100.00,,
     0.213820001,2210050,,instructions:u,1154176,100.00,,
     0.214970931,1,,branch-misses:u,1149504,100.00,,
     0.214970931,56069,,cache-misses:u,1149376,100.00,,
     0.214970931,1526187,,bus-cycles:u,1149536,100.00,,
     0.214970931,2191835,,instructions:u,1149472,100.00,,
     0.216124869,0,,branch-misses:u,1156480,100.00,,
     0.216124869,5054,,cache-misses:u,1156832,100.00,,
     0.216124869,1523441,,bus-cycles:u,1157376,100.00,,
     0.216124869,2503940,,instructions:u,1157504,100.00,,
     0.217346534,0,,branch-misses:u,1220800,100.00,,
     0.217346534,234,,cache-misses:u,1220992,100.00,,
     0.217346534,1622961,,bus-cycles:u,1220352,100.00,,
     0.217346534,2699200,,instructions:u,1220256,100.00,,
     0.218499991,0,,branch-misses:u,1153344,100.00,,
     0.218499991,51281,,cache-misses:u,1153536,100.00,,
     0.218499991,1531079,,bus-cycles:u,1153536,100.00,,
     0.218499991,2237810,,instructions:u,1153632,100.00,,
     0.219650057,0,,branch-misses:u,1149824,100.00,,
     0.219650057,55915,,cache-misses:u,1149600,100.00,,
     0.219650057,1510318,,bus-cycles:u,1149728,100.00,,
     0.219650057,2177310,,instructions:u,1149728,100.00,,
     0.220803931,1,,branch-misses:u,1153568,100.00,,
     0.220803931,27053,,cache-misses:u,1152992,100.00,,
     0.220803931,1530618,,bus-cycles:u,1152864,100.00,,
     0.220803931,2375075,,instructions:u,1153312,100.00,,
     0.221954061,0,,branch-misses:u,1150368,100.00,,
     0.221954061,131,,cache-misses:u,1150368,100.00,,
     0.221954061,1527034,,bus-cycles:u,1150496,100.00,,
     0.221954061,2541980,,instructions:u,1149920,100.00,,
     0.223107294,0,,branch-misses:u,1154080,100.00,,
     0.223107294,25477,,cache-misses:u,1153824,100.00,,
     0.223107294,1517431,,bus-cycles:u,1153728,100.00,,
     0.223107294,2371950,,instructions:u,1153856,100.00,,
     0.224259280,0,,branch-misses:u,1151744,100.00,,
     0.224259280,57173,,cache-misses:u,1152096,100.00,,
     0.224259280,1528249,,bus-cycles:u,1152064,100.00,,
     0.224259280,2208650,,instructions:u,1152032,100.00,,
     0.225407234,1,,branch-misses:u,1147840,100.00,,
     0.225407234,52973,,cache-misses:u,1147648,100.00,,
     0.225407234,1523900,,bus-cycles:u,1147616,100.00,,
     0.225407234,2223075,,instructions:u,1147584,100.00,,
     0.226555381,0,,branch-misses:u,1148576,100.00,,
     0.226555381,343,,cache-misses:u,1148896,100.00,,
     0.226555381,1525694,,bus-cycles:u,1148960,100.00,,
     0.226555381,2537930,,instructions:u,1148896,100.00,,
     0.227705991,0,,branch-misses:u,1152832,100.00,,
     0.227705991,323,,cache-misses:u,1154016,100.00,,
     0.227705991,1474354,,bus-cycles:u,1154144,100.00,,
     0.227705991,2446670,,instructions:u,1154240,100.00,,
     0.228863223,0,,branch-misses:u,1156352,100.00,,
     0.228863223,55498,,cache-misses:u,1155104,100.00,,
     0.228863223,1535229,,bus-cycles:u,1155424,100.00,,
     0.228863223,2229410,,instructions:u,1156320,100.00,,
     0.230013417,0,,branch-misses:u,1149440,100.00,,
     0.230013417,56834,,cache-misses:u,1149216,100.00,,
     0.230013417,1524593,,bus-cycles:u,1148736,100.00,,
     0.230013417,2199220,,instructions:u,1147744,100.00,,
     0.231161180,1,,branch-misses:u,1149312,100.00,,
     0.231161180,23077,,cache-misses:u,1149664,100.00,,
     0.231161180,1507742,,bus-cycles:u,1149696,100.00,,
     0.231161180,2371805,,instructions:u,1149824,100.00,,
     0.232316269,0,,branch-misses:u,1154144,100.00,,
     0.232316269,112,,cache-misses:u,1153440,100.00,,
     0.232316269,1531582,,bus-cycles:u,1153440,100.00,,
     0.232316269,2549800,,instructions:u,1153344,100.00,,
     0.233462816,0,,branch-misses:u,1146944,100.00,,
     0.233462816,29155,,cache-misses:u,1147264,100.00,,
     0.233462816,1523065,,bus-cycles:u,1147296,100.00,,
     0.233462816,2359770,,instructions:u,1147232,100.00,,
     0.234610995,0,,branch-misses:u,1148384,100.00,,
     0.234610995,56897,,cache-misses:u,1148128,100.00,,
     0.234610995,1524917,,bus-cycles:u,1148064,100.00,,
     0.234610995,2211740,,instructions:u,1148192,100.00,,
     0.235758949,1,,branch-misses:u,1148672,100.00,,
     0.235758949,48604,,cache-misses:u,1149792,100.00,,
     0.235758949,1510572,,bus-cycles:u,1149920,100.00,,
     0.235758949,2231865,,instructions:u,1149920,100.00,,
     0.236913206,0,,branch-misses:u,1154176,100.00,,
     0.236913206,374,,cache-misses:u,1153408,100.00,,
     0.236913206,1531524,,bus-cycles:u,1153312,100.00,,
     0.236913206,2547500,,instructions:u,1153216,100.00,,
     0.238113981,0,,branch-misses:u,1203584,100.00,,
     0.238113981,6822,,cache-misses:u,1203616,100.00,,
     0.238113981,1598876,,bus-cycles:u,1203680,100.00,,
     0.238113981,2618130,,instructions:u,1203744,100.00,,
     0.239268750,0,,branch-misses:u,1153056,100.00,,
     0.239268750,57085,,cache-misses:u,1152896,100.00,,
     0.239268750,1521368,,bus-cycles:u,1152928,100.00,,
     0.239268750,2196808,,instructions:u,1153120,100.00,,
     0.240419999,1,,branch-misses:u,1151040,100.00,,
     0.240419999,56958,,cache-misses:u,1151520,100.00,,
     0.240419999,1529610,,bus-cycles:u,1151456,100.00,,
     0.240419999,2207739,,instructions:u,1151296,100.00,,
     0.241568466,0,,branch-misses:u,1148224,100.00,,
     0.241568466,14811,,cache-misses:u,1147904,100.00,,
     0.241568466,1524818,,bus-cycles:u,1147872,100.00,,
     0.241568466,2449938,,instructions:u,1147872,100.00,,
     0.242716900,0,,branch-misses:u,1149408,100.00,,
     0.242716900,150,,cache-misses:u,1149568,100.00,,
     0.242716900,1527951,,bus-cycles:u,1149632,100.00,,
     0.242716900,2541520,,instructions:u,1149568,100.00,,
     0.243867255,0,,branch-misses:u,1152800,100.00,,
     0.243867255,37780,,cache-misses:u,1153088,100.00,,
     0.243867255,1519183,,bus-cycles:u,1155424,100.00,,
     0.243867255,2297870,,instructions:u,1155488,100.00,,
     0.245034245,0,,branch-misses:u,1165856,100.00,,
     0.245034245,57762,,cache-misses:u,1165888,100.00,,
     0.245034245,1544278,,bus-cycles:u,1163584,100.00,,
     0.245034245,2228288,,instructions:u,1163584,100.00,,
     0.246188662,1,,branch-misses:u,1153344,100.00,,
     0.246188662,39676,,cache-misses:u,1152896,100.00,,
     0.246188662,1531966,,bus-cycles:u,1152864,100.00,,
     0.246188662,2312827,,instructions:u,1152768,100.00,,
     0.247337128,0,,branch-misses:u,1149920,100.00,,
     0.247337128,296,,cache-misses:u,1151232,100.00,,
     0.247337128,1496445,,bus-cycles:u,1151168,100.00,,
     0.247337128,2488660,,instructions:u,1151200,100.00,,
     0.248490202,0,,branch-misses:u,1152352,100.00,,
     0.248490202,12474,,cache-misses:u,1151264,100.00,,
     0.248490202,1528936,,bus-cycles:u,1151360,100.00,,
     0.248490202,2470397,,instructions:u,1151424,100.00,,
     0.249641771,0,,branch-misses:u,1152064,100.00,,
     0.249641771,57357,,cache-misses:u,1152320,100.00,,
     0.249641771,1528646,,bus-cycles:u,1152288,100.00,,
     0.249641771,2204413,,instructions:u,1152256,100.00,,
     0.250792477,1,,branch-misses:u,1151840,100.00,,
     0.250792477,56330,,cache-misses:u,1150976,100.00,,
     0.250792477,1527968,,bus-cycles:u,1151040,100.00,,
     0.250792477,2206193,,instructions:u,1151072,100.00,,
     0.251943087,0,,branch-misses:u,1151552,100.00,,
     0.251943087,9076,,cache-misses:u,1152416,100.00,,
     0.251943087,1500201,,bus-cycles:u,1152320,100.00,,
     0.251943087,2442742,,instructions:u,1152352,100.00,,
     0.253104735,0,,branch-misses:u,1161280,100.00,,
     0.253104735,388,,cache-misses:u,1161568,100.00,,
     0.253104735,1543163,,bus-cycles:u,1161568,100.00,,
     0.253104735,2565620,,instructions:u,1161984,100.00,,
     0.254256497,0,,branch-misses:u,1151072,100.00,,
     0.254256497,44029,,cache-misses:u,1150688,100.00,,
     0.254256497,1528122,,bus-cycles:u,1150720,100.00,,
     0.254256497,2284080,,instructions:u,1150240,100.00,,
     0.255409922,0,,branch-misses:u,1153760,100.00,,
     0.255409922,56701,,cache-misses:u,1153888,100.00,,
     0.255409922,1517399,,bus-cycles:u,1153888,100.00,,
     0.255409922,2188600,,instructions:u,1153920,100.00,,
     0.256562196,1,,branch-misses:u,1152448,100.00,,
     0.256562196,34738,,cache-misses:u,1152000,100.00,,
     0.256562196,1529299,,bus-cycles:u,1151904,100.00,,
     0.256562196,2334213,,instructions:u,1151808,100.00,,
     0.257709094,0,,branch-misses:u,1146752,100.00,,
     0.257709094,111,,cache-misses:u,1148512,100.00,,
     0.257709094,1524346,,bus-cycles:u,1148512,100.00,,
     0.257709094,2532542,,instructions:u,1148544,100.00,,
     0.258859224,0,,branch-misses:u,1150816,100.00,,
     0.258859224,18041,,cache-misses:u,1148960,100.00,,
     0.258859224,1526025,,bus-cycles:u,1149152,100.00,,
     0.258859224,2426998,,instructions:u,1149184,100.00,,
     0.260060927,0,,branch-misses:u,861120,100.00,,
     0.260060927,40011,,cache-misses:u,862688,100.00,,
     0.260060927,1079998,,bus-cycles:u,862688,100.00,,
     0.260060927,1549124,,instructions:u,862816,100.00,,
     0.261223758,1,,branch-misses:u,1161024,100.00,,
     0.261223758,56874,,cache-misses:u,1159680,100.00,,
     0.261223758,1538857,,bus-cycles:u,1159584,100.00,,
     0.261223758,2219151,,instructions:u,1159520,100.00,,
     0.262375871,0,,branch-misses:u,1151552,100.00,,
     0.262375871,20185,,cache-misses:u,1151264,100.00,,
     0.262375871,1528736,,bus-cycles:u,1151168,100.00,,
     0.262375871,2423382,,instructions:u,1151136,100.00,,
     0.263525554,0,,branch-misses:u,1152096,100.00,,
     0.263525554,292,,cache-misses:u,1153280,100.00,,
     0.263525554,1509321,,bus-cycles:u,1153376,100.00,,
     0.263525554,2508410,,instructions:u,1153408,100.00,,
     0.264679075,0,,branch-misses:u,1153088,100.00,,
     0.264679075,32172,,cache-misses:u,1152608,100.00,,
     0.264679075,1531380,,bus-cycles:u,1152512,100.00,,
     0.264679075,2342660,,instructions:u,1152576,100.00,,
     0.265831092,0,,branch-misses:u,1151168,100.00,,
     0.265831092,56859,,cache-misses:u,1150560,100.00,,
     0.265831092,1528518,,bus-cycles:u,1150560,100.00,,
     0.265831092,2195791,,instructions:u,1150464,100.00,,
     0.266979847,1,,branch-misses:u,1151616,100.00,,
     0.266979847,45554,,cache-misses:u,1151584,100.00,,
     0.266979847,1529239,,bus-cycles:u,1151584,100.00,,
     0.266979847,2259674,,instructions:u,1151456,100.00,,
     0.268155635,0,,branch-misses:u,1175168,100.00,,
     0.268155635,223,,cache-misses:u,1176576,100.00,,
     0.268155635,1543620,,bus-cycles:u,1176576,100.00,,
     0.268155635,2561160,,instructions:u,1176640,100.00,,
     0.269312036,0,,branch-misses:u,1155776,100.00,,
     0.269312036,7399,,cache-misses:u,1154144,100.00,,
     0.269312036,1533371,,bus-cycles:u,1154176,100.00,,
     0.269312036,2487720,,instructions:u,1154208,100.00,,
     0.270463030,0,,branch-misses:u,1150976,100.00,,
     0.270463030,56767,,cache-misses:u,1151328,100.00,,
     0.270463030,1529396,,bus-cycles:u,1151392,100.00,,
     0.270463030,2173360,,instructions:u,1151360,100.00,,
     0.271612232,1,,branch-misses:u,1149504,100.00,,
     0.271612232,54967,,cache-misses:u,1149440,100.00,,
     0.271612232,1511487,,bus-cycles:u,1149408,100.00,,
     0.271612232,2131095,,instructions:u,1149408,100.00,,
     0.272767449,0,,branch-misses:u,1154528,100.00,,
     0.272767449,17657,,cache-misses:u,1154144,100.00,,
     0.272767449,1535176,,bus-cycles:u,1154112,100.00,,
     0.272767449,2374451,,instructions:u,1154112,100.00,,
     0.273915755,0,,branch-misses:u,1149184,100.00,,
     0.273915755,218,,cache-misses:u,1149600,100.00,,
     0.273915755,1528064,,bus-cycles:u,1149696,100.00,,
     0.273915755,2539839,,instructions:u,1149760,100.00,,
     0.275070300,0,,branch-misses:u,1155840,100.00,,
     0.275070300,34183,,cache-misses:u,1156224,100.00,,
     0.275070300,1521396,,bus-cycles:u,1156896,100.00,,
     0.275070300,2321621,,instructions:u,1157376,100.00,,
     0.276226925,0,,branch-misses:u,1156160,100.00,,
     0.276226925,57468,,cache-misses:u,1155328,100.00,,
     0.276226925,1532738,,bus-cycles:u,1154528,100.00,,
     0.276226925,2199969,,instructions:u,1154016,100.00,,
     0.277380446,1,,branch-misses:u,1153216,100.00,,
     0.277380446,43942,,cache-misses:u,1153568,100.00,,
     0.277380446,1532395,,bus-cycles:u,1154272,100.00,,
     0.277380446,2281165,,instructions:u,1154784,100.00,,
     0.278534735,0,,branch-misses:u,1155520,100.00,,
     0.278534735,350,,cache-misses:u,1155488,100.00,,
     0.278534735,1533401,,bus-cycles:u,1154816,100.00,,
     0.278534735,2546030,,instructions:u,1154304,100.00,,
     0.279691136,0,,branch-misses:u,1158880,100.00,,
     0.279691136,8928,,cache-misses:u,1159680,100.00,,
     0.279691136,1524188,,bus-cycles:u,1160128,100.00,,
     0.279691136,2481656,,instructions:u,1160576,100.00,,
     0.280933725,0,,branch-misses:u,1244960,100.00,,
     0.280933725,61406,,cache-misses:u,1245344,100.00,,
     0.280933725,1653195,,bus-cycles:u,1244928,100.00,,
     0.280933725,2372594,,instructions:u,1244608,100.00,,
     0.282100075,1,,branch-misses:u,1162048,100.00,,
     0.282100075,56585,,cache-misses:u,1160896,100.00,,
     0.282100075,1541860,,bus-cycles:u,1160896,100.00,,
     0.282100075,2210017,,instructions:u,1160832,100.00,,
     0.283249853,0,,branch-misses:u,1149984,100.00,,
     0.283249853,7920,,cache-misses:u,1150176,100.00,,
     0.283249853,1508426,,bus-cycles:u,1150016,100.00,,
     0.283249853,2461658,,instructions:u,1150112,100.00,,
     0.284408749,0,,branch-misses:u,1161888,100.00,,
     0.284408749,85,,cache-misses:u,1161984,100.00,,
     0.284408749,1542792,,bus-cycles:u,1162080,100.00,,
     0.284408749,2567041,,instructions:u,1161920,100.00,,
     0.285567805,0,,branch-misses:u,1157760,100.00,,
     0.285567805,45807,,cache-misses:u,1157632,100.00,,
     0.285567805,1537316,,bus-cycles:u,1157632,100.00,,
     0.285567805,2253199,,instructions:u,1157632,100.00,,
     0.286722510,0,,branch-misses:u,1155680,100.00,,
     0.286722510,56631,,cache-misses:u,1155648,100.00,,
     0.286722510,1534717,,bus-cycles:u,1155648,100.00,,
     0.286722510,2204300,,instructions:u,1155744,100.00,,
     0.287879807,1,,branch-misses:u,1156256,100.00,,
     0.287879807,33178,,cache-misses:u,1156640,100.00,,
     0.287879807,1518024,,bus-cycles:u,1156832,100.00,,
     0.287879807,2304065,,instructions:u,1156832,100.00,,
     0.289038287,0,,branch-misses:u,1159616,100.00,,
     0.289038287,290,,cache-misses:u,1159808,100.00,,
     0.289038287,1540498,,bus-cycles:u,1159648,100.00,,
     0.289038287,2557440,,instructions:u,1159552,100.00,,
     0.290198622,0,,branch-misses:u,1159264,100.00,,
     0.290198622,19216,,cache-misses:u,1158624,100.00,,
     0.290198622,1539127,,bus-cycles:u,1158560,100.00,,
     0.290198622,2439334,,instructions:u,1158944,100.00,,
     0.291353775,0,,branch-misses:u,1155904,100.00,,
     0.291353775,55448,,cache-misses:u,1156064,100.00,,
     0.291353775,1515447,,bus-cycles:u,1156160,100.00,,
     0.291353775,2154746,,instructions:u,1155840,100.00,,
     0.292506977,1,,branch-misses:u,1152704,100.00,,
     0.292506977,56248,,cache-misses:u,1152160,100.00,,
     0.292506977,1532156,,bus-cycles:u,1152160,100.00,,
     0.292506977,2198765,,instructions:u,1152096,100.00,,
     0.293656947,0,,branch-misses:u,1150656,100.00,,
     0.293656947,3578,,cache-misses:u,1150848,100.00,,
     0.293656947,1530082,,bus-cycles:u,1150784,100.00,,
     0.293656947,2524080,,instructions:u,1150752,100.00,,
     0.294809604,0,,branch-misses:u,1152288,100.00,,
     0.294809604,404,,cache-misses:u,1152896,100.00,,
     0.294809604,1531517,,bus-cycles:u,1152928,100.00,,
     0.294809604,2542904,,instructions:u,1153120,100.00,,
     0.295960502,0,,branch-misses:u,1152832,100.00,,
     0.295960502,48823,,cache-misses:u,1152576,100.00,,
     0.295960502,1512058,,bus-cycles:u,1152640,100.00,,
     0.295960502,2217282,,instructions:u,1152544,100.00,,
     0.297121350,0,,branch-misses:u,1159808,100.00,,
     0.297121350,57206,,cache-misses:u,1159488,100.00,,
     0.297121350,1541412,,bus-cycles:u,1159360,100.00,,
     0.297121350,2213534,,instructions:u,1159296,100.00,,
     0.298274583,1,,branch-misses:u,1153376,100.00,,
     0.298274583,28456,,cache-misses:u,1153472,100.00,,
     0.298274583,1532859,,bus-cycles:u,1153504,100.00,,
     0.298274583,2366415,,instructions:u,1153344,100.00,,
     0.299426025,0,,branch-misses:u,1151584,100.00,,
     0.299426025,165,,cache-misses:u,1151648,100.00,,
     0.299426025,1515266,,bus-cycles:u,1151584,100.00,,
     0.299426025,2519880,,instructions:u,1151808,100.00,,
     0.300577819,0,,branch-misses:u,1152448,100.00,,
     0.300577819,23945,,cache-misses:u,1152160,100.00,,
     0.300577819,1531937,,bus-cycles:u,1152288,100.00,,
     0.300577819,2403130,,instructions:u,1152224,100.00,,
     0.301795709,0,,branch-misses:u,1219040,100.00,,
     0.301795709,60495,,cache-misses:u,1219776,100.00,,
     0.301795709,1621216,,bus-cycles:u,1219904,100.00,,
     0.301795709,2331730,,instructions:u,1220032,100.00,,
     0.302961611,1,,branch-misses:u,1165408,100.00,,
     0.302961611,51507,,cache-misses:u,1165216,100.00,,
     0.302961611,1548577,,bus-cycles:u,1165248,100.00,,
     0.302961611,2242915,,instructions:u,1165088,100.00,,
     0.304113373,0,,branch-misses:u,1152768,100.00,,
     0.304113373,511,,cache-misses:u,1152608,100.00,,
     0.304113373,1511869,,bus-cycles:u,1152416,100.00,,
     0.304113373,2478140,,instructions:u,1152448,100.00,,
     0.305271597,0,,branch-misses:u,1156544,100.00,,
     0.305271597,989,,cache-misses:u,1156512,100.00,,
     0.305271597,1538629,,bus-cycles:u,1156480,100.00,,
     0.305271597,2546890,,instructions:u,1156544,100.00,,
     0.306418592,0,,branch-misses:u,1147712,100.00,,
     0.306418592,56848,,cache-misses:u,1147520,100.00,,
     0.306418592,1524994,,bus-cycles:u,1147552,100.00,,
     0.306418592,2198618,,instructions:u,1147456,100.00,,
     0.307567379,1,,branch-misses:u,1149216,100.00,,
     0.307567379,56241,,cache-misses:u,1149408,100.00,,
     0.307567379,1511284,,bus-cycles:u,1149472,100.00,,
     0.307567379,2183447,,instructions:u,1150080,100.00,,
     0.308720068,0,,branch-misses:u,1152672,100.00,,
     0.308720068,21185,,cache-misses:u,1152448,100.00,,
     0.308720068,1530297,,bus-cycles:u,1152352,100.00,,
     0.308720068,2421150,,instructions:u,1151712,100.00,,
     0.309869111,0,,branch-misses:u,1149024,100.00,,
     0.309869111,165,,cache-misses:u,1149184,100.00,,
     0.309869111,1526375,,bus-cycles:u,1149376,100.00,,
     0.309869111,2538904,,instructions:u,1149312,100.00,,
     0.311018729,0,,branch-misses:u,1151744,100.00,,
     0.311018729,31751,,cache-misses:u,1152224,100.00,,
     0.311018729,1527051,,bus-cycles:u,1152064,100.00,,
     0.311018729,2349253,,instructions:u,1152224,100.00,,
     0.312188214,0,,branch-misses:u,1169664,100.00,,
     0.312188214,57046,,cache-misses:u,1169376,100.00,,
     0.312188214,1540722,,bus-cycles:u,1169408,100.00,,
     0.312188214,2221363,,instructions:u,1169472,100.00,,
     0.313341128,1,,branch-misses:u,1151424,100.00,,
     0.313341128,45821,,cache-misses:u,1151744,100.00,,
     0.313341128,1531233,,bus-cycles:u,1151776,100.00,,
     0.313341128,2270115,,instructions:u,1151648,100.00,,
     0.314493561,0,,branch-misses:u,1153152,100.00,,
     0.314493561,210,,cache-misses:u,1153024,100.00,,
     0.314493561,1532921,,bus-cycles:u,1152960,100.00,,
     0.314493561,2548910,,instructions:u,1152960,100.00,,
     0.315641676,0,,branch-misses:u,1148928,100.00,,
     0.315641676,6745,,cache-misses:u,1148832,100.00,,
     0.315641676,1508949,,bus-cycles:u,1149024,100.00,,
     0.315641676,2469930,,instructions:u,1149216,100.00,,
     0.316793598,0,,branch-misses:u,1151936,100.00,,
     0.316793598,57095,,cache-misses:u,1151776,100.00,,
     0.316793598,1528849,,bus-cycles:u,1151648,100.00,,
     0.316793598,2203697,,instructions:u,1151520,100.00,,
     0.317942288,1,,branch-misses:u,1148512,100.00,,
     0.317942288,56609,,cache-misses:u,1148320,100.00,,
     0.317942288,1525887,,bus-cycles:u,1148384,100.00,,
     0.317942288,2198236,,instructions:u,1148384,100.00,,
     0.319091139,0,,branch-misses:u,1148992,100.00,,
     0.319091139,15025,,cache-misses:u,1148672,100.00,,
     0.319091139,1506526,,bus-cycles:u,1148512,100.00,,
     0.319091139,2411882,,instructions:u,1148512,100.00,,
     0.320241812,0,,branch-misses:u,1150816,100.00,,
     0.320241812,111,,cache-misses:u,1151072,100.00,,
     0.320241812,1530433,,bus-cycles:u,1151168,100.00,,
     0.320241812,2543840,,instructions:u,1151072,100.00,,
     0.321392774,0,,branch-misses:u,1151552,100.00,,
     0.321392774,37691,,cache-misses:u,1151584,100.00,,
     0.321392774,1530173,,bus-cycles:u,1151584,100.00,,
     0.321392774,2322510,,instructions:u,1151680,100.00,,
     0.322541945,0,,branch-misses:u,1149344,100.00,,
     0.322541945,56881,,cache-misses:u,1149440,100.00,,
     0.322541945,1526644,,bus-cycles:u,1149408,100.00,,
     0.322541945,2193230,,instructions:u,1149312,100.00,,
     0.323756828,1,,branch-misses:u,1196384,100.00,,
     0.323756828,40911,,cache-misses:u,1197440,100.00,,
     0.323756828,1533961,,bus-cycles:u,1197344,100.00,,
     0.323756828,2299655,,instructions:u,1197472,100.00,,
     0.324917579,0,,branch-misses:u,1159168,100.00,,
     0.324917579,513,,cache-misses:u,1158080,100.00,,
     0.324917579,1537963,,bus-cycles:u,1158144,100.00,,
     0.324917579,2530510,,instructions:u,1158176,100.00,,
     0.326068221,0,,branch-misses:u,1150208,100.00,,
     0.326068221,11782,,cache-misses:u,1150080,100.00,,
     0.326068221,1527693,,bus-cycles:u,1150080,100.00,,
     0.326068221,2467120,,instructions:u,1149952,100.00,,
     0.327216848,0,,branch-misses:u,1149376,100.00,,
     0.327216848,56310,,cache-misses:u,1150240,100.00,,
     0.327216848,1511802,,bus-cycles:u,1150272,100.00,,
     0.327216848,2179280,,instructions:u,1150848,100.00,,
     0.328366786,1,,branch-misses:u,1149920,100.00,,
     0.328366786,56641,,cache-misses:u,1149792,100.00,,
     0.328366786,1527553,,bus-cycles:u,1149856,100.00,,
     0.328366786,2206662,,instructions:u,1149312,100.00,,
     0.329516628,0,,branch-misses:u,1149664,100.00,,
     0.329516628,10349,,cache-misses:u,1149600,100.00,,
     0.329516628,1526143,,bus-cycles:u,1149600,100.00,,
     0.329516628,2478733,,instructions:u,1149600,100.00,,
     0.330668838,0,,branch-misses:u,1153152,100.00,,
     0.330668838,421,,cache-misses:u,1152576,100.00,,
     0.330668838,1532031,,bus-cycles:u,1152512,100.00,,
     0.330668838,2542820,,instructions:u,1152480,100.00,,
     0.331817784,0,,branch-misses:u,1149984,100.00,,
     0.331817784,42317,,cache-misses:u,1150528,100.00,,
     0.331817784,1507158,,bus-cycles:u,1150464,100.00,,
     0.331817784,2253930,,instructions:u,1150624,100.00,,
     0.332970794,0,,branch-misses:u,1152544,100.00,,
     0.332970794,56802,,cache-misses:u,1151744,100.00,,
     0.332970794,1531571,,bus-cycles:u,1151872,100.00,,
     0.332970794,2201740,,instructions:u,1151680,100.00,,
     0.334120892,1,,branch-misses:u,1149664,100.00,,
     0.334120892,35900,,cache-misses:u,1150048,100.00,,
     0.334120892,1527893,,bus-cycles:u,1149888,100.00,,
     0.334120892,2322975,,instructions:u,1149888,100.00,,
     0.335270606,0,,branch-misses:u,1150592,100.00,,
     0.335270606,156,,cache-misses:u,1150592,100.00,,
     0.335270606,1514264,,bus-cycles:u,1150688,100.00,,
     0.335270606,2519850,,instructions:u,1150752,100.00,,
     0.336420544,0,,branch-misses:u,1150080,100.00,,
     0.336420544,16521,,cache-misses:u,1149696,100.00,,
     0.336420544,1526980,,bus-cycles:u,1149760,100.00,,
     0.336420544,2443264,,instructions:u,1149728,100.00,,
     0.337568211,0,,branch-misses:u,1148160,100.00,,
     0.337568211,57060,,cache-misses:u,1148512,100.00,,
     0.337568211,1524879,,bus-cycles:u,1148448,100.00,,
     0.337568211,2204643,,instructions:u,1148544,100.00,,
     0.338716165,1,,branch-misses:u,1147712,100.00,,
     0.338716165,56694,,cache-misses:u,1147712,100.00,,
     0.338716165,1524610,,bus-cycles:u,1147648,100.00,,
     0.338716165,2200248,,instructions:u,1147616,100.00,,
     0.339866103,0,,branch-misses:u,1151904,100.00,,
     0.339866103,5347,,cache-misses:u,1151936,100.00,,
     0.339866103,1514315,,bus-cycles:u,1151968,100.00,,
     0.339866103,2488240,,instructions:u,1151904,100.00,,
     0.341024424,0,,branch-misses:u,1157024,100.00,,
     0.341024424,318,,cache-misses:u,1156768,100.00,,
     0.341024424,1537555,,bus-cycles:u,1156768,100.00,,
     0.341024424,2556580,,instructions:u,1156864,100.00,,
     0.342178969,0,,branch-misses:u,1155488,100.00,,
     0.342178969,48277,,cache-misses:u,1155776,100.00,,
     0.342178969,1534814,,bus-cycles:u,1155840,100.00,,
     0.342178969,2267663,,instructions:u,1155840,100.00,,
     0.343328907,0,,branch-misses:u,1150272,100.00,,
     0.343328907,56491,,cache-misses:u,1150848,100.00,,
     0.343328907,1515579,,bus-cycles:u,1150816,100.00,,
     0.343328907,2185951,,instructions:u,1150976,100.00,,
     0.344531889,1,,branch-misses:u,1203904,100.00,,
     0.344531889,30520,,cache-misses:u,1203392,100.00,,
     0.344531889,1598517,,bus-cycles:u,1203424,100.00,,
     0.344531889,2473071,,instructions:u,1203296,100.00,,
     0.345716827,0,,branch-misses:u,1196736,100.00,,
     0.345716827,416,,cache-misses:u,1198496,100.00,,
     0.345716827,1594147,,bus-cycles:u,1200512,100.00,,
     0.345716827,2651100,,instructions:u,1201504,100.00,,
     0.346973268,0,,branch-misses:u,1248800,100.00,,
     0.346973268,32402,,cache-misses:u,1248288,100.00,,
     0.346973268,1656583,,bus-cycles:u,1247552,100.00,,
     0.346973268,2558820,,instructions:u,1247872,100.00,,
     0.348197173,0,,branch-misses:u,1223680,100.00,,
     0.348197173,60225,,cache-misses:u,1224000,100.00,,
     0.348197173,1611484,,bus-cycles:u,1224128,100.00,,
     0.348197173,2322966,,instructions:u,1223392,100.00,,
     0.349376992,1,,branch-misses:u,1176800,100.00,,
     0.349376992,42896,,cache-misses:u,1175264,100.00,,
     0.349376992,1559743,,bus-cycles:u,1173984,100.00,,
     0.349376992,2292299,,instructions:u,1174048,100.00,,
     0.350533968,0,,branch-misses:u,1156448,100.00,,
     0.350533968,1111,,cache-misses:u,1156032,100.00,,
     0.350533968,1534888,,bus-cycles:u,1155840,100.00,,
     0.350533968,2468080,,instructions:u,1155584,100.00,,
     0.351684034,0,,branch-misses:u,1150784,100.00,,
     0.351684034,6576,,cache-misses:u,1150912,100.00,,
     0.351684034,1511578,,bus-cycles:u,1151232,100.00,,
     0.351684034,2378310,,instructions:u,1150784,100.00,,
     0.352837588,0,,branch-misses:u,1153248,100.00,,
     0.352837588,56184,,cache-misses:u,1153216,100.00,,
     0.352837588,1531212,,bus-cycles:u,1152960,100.00,,
     0.352837588,2157928,,instructions:u,1152992,100.00,,
     0.353985606,1,,branch-misses:u,1148288,100.00,,
     0.353985606,55731,,cache-misses:u,1148064,100.00,,
     0.353985606,1525545,,bus-cycles:u,1148000,100.00,,
     0.353985606,2164113,,instructions:u,1147968,100.00,,
     0.355132185,0,,branch-misses:u,1147232,100.00,,
     0.355132185,18136,,cache-misses:u,1147264,100.00,,
     0.355132185,1514168,,bus-cycles:u,1147328,100.00,,
     0.355132185,2374034,,instructions:u,1147456,100.00,,
     0.356288618,0,,branch-misses:u,1155680,100.00,,
     0.356288618,131,,cache-misses:u,1155904,100.00,,
     0.356288618,1535910,,bus-cycles:u,1155840,100.00,,
     0.356288618,2556700,,instructions:u,1155712,100.00,,
     0.357435421,0,,branch-misses:u,1147456,100.00,,
     0.357435421,34452,,cache-misses:u,1147456,100.00,,
     0.357435421,1524479,,bus-cycles:u,1147552,100.00,,
     0.357435421,2331767,,instructions:u,1147648,100.00,,
     0.358581104,0,,branch-misses:u,1145472,100.00,,
     0.358581104,56995,,cache-misses:u,1145472,100.00,,
     0.358581104,1521559,,bus-cycles:u,1145472,100.00,,
     0.358581104,2192356,,instructions:u,1145344,100.00,,
     0.359728035,1,,branch-misses:u,1148064,100.00,,
     0.359728035,44577,,cache-misses:u,1148480,100.00,,
     0.359728035,1511617,,bus-cycles:u,1148384,100.00,,
     0.359728035,2247002,,instructions:u,1148576,100.00,,
     0.360882996,0,,branch-misses:u,1155360,100.00,,
     0.360882996,213,,cache-misses:u,1154816,100.00,,
     0.360882996,1534648,,bus-cycles:u,1154816,100.00,,
     0.360882996,2551950,,instructions:u,1154592,100.00,,
     0.362031238,0,,branch-misses:u,1147712,100.00,,
     0.362031238,8437,,cache-misses:u,1147840,100.00,,
     0.362031238,1525363,,bus-cycles:u,1147840,100.00,,
     0.362031238,2487657,,instructions:u,1147936,100.00,,
     0.363177753,0,,branch-misses:u,1147104,100.00,,
     0.363177753,56980,,cache-misses:u,1147072,100.00,,
     0.363177753,1515742,,bus-cycles:u,1147104,100.00,,
     0.363177753,2187443,,instructions:u,1147136,100.00,,
     0.364326476,1,,branch-misses:u,1148704,100.00,,
     0.364326476,56963,,cache-misses:u,1148608,100.00,,
     0.364326476,1527506,,bus-cycles:u,1148736,100.00,,
     0.364326476,2204583,,instructions:u,1148640,100.00,,
     0.365473950,0,,branch-misses:u,1147648,100.00,,
     0.365473950,13712,,cache-misses:u,1147808,100.00,,
     0.365473950,1525835,,bus-cycles:u,1147520,100.00,,
     0.365473950,2460072,,instructions:u,1147520,100.00,,
     0.366707389,0,,branch-misses:u,1236288,100.00,,
     0.366707389,280,,cache-misses:u,1236544,100.00,,
     0.366707389,1645631,,bus-cycles:u,1236768,100.00,,
     0.366707389,2736687,,instructions:u,1236736,100.00,,
     0.367863822,0,,branch-misses:u,1155616,100.00,,
     0.367863822,44094,,cache-misses:u,1155392,100.00,,
     0.367863822,1523419,,bus-cycles:u,1155328,100.00,,
     0.367863822,2272793,,instructions:u,1155488,100.00,,
     0.369021342,0,,branch-misses:u,1156672,100.00,,
     0.369021342,57883,,cache-misses:u,1156544,100.00,,
     0.369021342,1536765,,bus-cycles:u,1156480,100.00,,
     0.369021342,2218767,,instructions:u,1156384,100.00,,
     0.370169584,1,,branch-misses:u,1148256,100.00,,
     0.370169584,34115,,cache-misses:u,1148192,100.00,,
     0.370169584,1526558,,bus-cycles:u,1148192,100.00,,
     0.370169584,2339068,,instructions:u,1148096,100.00,,
     0.371321250,0,,branch-misses:u,1155904,100.00,,
     0.371321250,195,,cache-misses:u,1158048,100.00,,
     0.371321250,1507189,,bus-cycles:u,1158208,100.00,,
     0.371321250,2508100,,instructions:u,1158976,100.00,,
     0.372495535,0,,branch-misses:u,1171200,100.00,,
     0.372495535,19351,,cache-misses:u,1168832,100.00,,
     0.372495535,1552534,,bus-cycles:u,1168704,100.00,,
     0.372495535,2467557,,instructions:u,1168032,100.00,,
     0.373643745,0,,branch-misses:u,1147936,100.00,,
     0.373643745,57475,,cache-misses:u,1147744,100.00,,
     0.373643745,1525712,,bus-cycles:u,1147712,100.00,,
     0.373643745,2201153,,instructions:u,1147680,100.00,,
     0.374790804,1,,branch-misses:u,1147904,100.00,,
     0.374790804,57008,,cache-misses:u,1148608,100.00,,
     0.374790804,1525277,,bus-cycles:u,1148800,100.00,,
     0.374790804,2197815,,instructions:u,1148768,100.00,,
     0.375939718,0,,branch-misses:u,1149760,100.00,,
     0.375939718,2564,,cache-misses:u,1150080,100.00,,
     0.375939718,1509464,,bus-cycles:u,1150016,100.00,,
     0.375939718,2497870,,instructions:u,1150176,100.00,,
     0.377094807,0,,branch-misses:u,1153952,100.00,,
     0.377094807,195,,cache-misses:u,1153312,100.00,,
     0.377094807,1533700,,bus-cycles:u,1153248,100.00,,
     0.377094807,2550490,,instructions:u,1153152,100.00,,
     0.378243306,0,,branch-misses:u,1149120,100.00,,
     0.378243306,50706,,cache-misses:u,1149216,100.00,,
     0.378243306,1527869,,bus-cycles:u,1149280,100.00,,
     0.378243306,2244460,,instructions:u,1149184,100.00,,
     0.379391388,0,,branch-misses:u,1149632,100.00,,
     0.379391388,56802,,cache-misses:u,1150240,100.00,,
     0.379391388,1515197,,bus-cycles:u,1150208,100.00,,
     0.379391388,2185860,,instructions:u,1150304,100.00,,
     0.380547661,1,,branch-misses:u,1155200,100.00,,
     0.380547661,28493,,cache-misses:u,1154656,100.00,,
     0.380547661,1535544,,bus-cycles:u,1154624,100.00,,
     0.380547661,2386259,,instructions:u,1154688,100.00,,
     0.381696704,0,,branch-misses:u,1149120,100.00,,
     0.381696704,328,,cache-misses:u,1149056,100.00,,
     0.381696704,1529659,,bus-cycles:u,1149088,100.00,,
     0.381696704,2543396,,instructions:u,1148960,100.00,,
     0.382844722,0,,branch-misses:u,1148384,100.00,,
     0.382844722,25330,,cache-misses:u,1148288,100.00,,
     0.382844722,1527719,,bus-cycles:u,1148192,100.00,,
     0.382844722,2392936,,instructions:u,1148224,100.00,,
     0.383992965,0,,branch-misses:u,1149664,100.00,,
     0.383992965,56826,,cache-misses:u,1149952,100.00,,
     0.383992965,1517420,,bus-cycles:u,1150080,100.00,,
     0.383992965,2188260,,instructions:u,1150240,100.00,,
     0.385147094,1,,branch-misses:u,1153216,100.00,,
     0.385147094,54108,,cache-misses:u,1153120,100.00,,
     0.385147094,1532866,,bus-cycles:u,1152960,100.00,,
     0.385147094,2224309,,instructions:u,1152736,100.00,,
     0.386296104,0,,branch-misses:u,1149472,100.00,,
     0.386296104,164,,cache-misses:u,1150208,100.00,,
     0.386296104,1528977,,bus-cycles:u,1150304,100.00,,
     0.386296104,2545100,,instructions:u,1150336,100.00,,
     0.387520809,0,,branch-misses:u,1229664,100.00,,
     0.387520809,3244,,cache-misses:u,1229632,100.00,,
     0.387520809,1622596,,bus-cycles:u,1229888,100.00,,
     0.387520809,2680368,,instructions:u,1230080,100.00,,
     0.388687479,0,,branch-misses:u,1164032,100.00,,
     0.388687479,57913,,cache-misses:u,1163872,100.00,,
     0.388687479,1546667,,bus-cycles:u,1163680,100.00,,
     0.388687479,2228522,,instructions:u,1163584,100.00,,
     0.389841256,1,,branch-misses:u,1152672,100.00,,
     0.389841256,57090,,cache-misses:u,1152160,100.00,,
     0.389841256,1531013,,bus-cycles:u,1151968,100.00,,
     0.389841256,2208986,,instructions:u,1151904,100.00,,
     0.390990043,0,,branch-misses:u,1148416,100.00,,
     0.390990043,18838,,cache-misses:u,1148320,100.00,,
     0.390990043,1527679,,bus-cycles:u,1148384,100.00,,
     0.390990043,2426021,,instructions:u,1148288,100.00,,
     0.392156233,0,,branch-misses:u,1167456,100.00,,
     0.392156233,112,,cache-misses:u,1168032,100.00,,
     0.392156233,1541153,,bus-cycles:u,1168032,100.00,,
     0.392156233,2565168,,instructions:u,1168256,100.00,,
     0.393307003,0,,branch-misses:u,1150656,100.00,,
     0.393307003,36638,,cache-misses:u,1150048,100.00,,
     0.393307003,1528377,,bus-cycles:u,1150272,100.00,,
     0.393307003,2327630,,instructions:u,1150112,100.00,,
     0.394454638,0,,branch-misses:u,1147072,100.00,,
     0.394454638,57228,,cache-misses:u,1147072,100.00,,
     0.394454638,1525122,,bus-cycles:u,1146976,100.00,,
     0.394454638,2202620,,instructions:u,1146976,100.00,,
     0.395600865,1,,branch-misses:u,1147584,100.00,,
     0.395600865,42510,,cache-misses:u,1148000,100.00,,
     0.395600865,1504338,,bus-cycles:u,1147936,100.00,,
     0.395600865,2249815,,instructions:u,1147904,100.00,,
     0.396753714,0,,branch-misses:u,1153024,100.00,,
     0.396753714,158,,cache-misses:u,1152608,100.00,,
     0.396753714,1532787,,bus-cycles:u,1152512,100.00,,
     0.396753714,2549960,,instructions:u,1152576,100.00,,
     0.397903588,0,,branch-misses:u,1149792,100.00,,
     0.397903588,10230,,cache-misses:u,1149824,100.00,,
     0.397903588,1528204,,bus-cycles:u,1149888,100.00,,
     0.397903588,2481190,,instructions:u,1149792,100.00,,
     0.399051863,0,,branch-misses:u,1148864,100.00,,
     0.399051863,56450,,cache-misses:u,1148800,100.00,,
     0.399051863,1526794,,bus-cycles:u,1148832,100.00,,
     0.399051863,2201577,,instructions:u,1157472,100.00,,
     0.400216838,1,,branch-misses:u,1166752,100.00,,
     0.400216838,57376,,cache-misses:u,1167264,100.00,,
     0.400216838,1536802,,bus-cycles:u,1167296,100.00,,
     0.400216838,2216748,,instructions:u,1158816,100.00,,
     0.401373782,0,,branch-misses:u,1155744,100.00,,
     0.401373782,11072,,cache-misses:u,1155424,100.00,,
     0.401373782,1535424,,bus-cycles:u,1155360,100.00,,
     0.401373782,2488312,,instructions:u,1155264,100.00,,
     0.402525608,0,,branch-misses:u,1151712,100.00,,
     0.402525608,373,,cache-misses:u,1151776,100.00,,
     0.402525608,1531263,,bus-cycles:u,1151744,100.00,,
     0.402525608,2546638,,instructions:u,1151808,100.00,,
     0.403675162,0,,branch-misses:u,1151136,100.00,,
     0.403675162,42507,,cache-misses:u,1150816,100.00,,
     0.403675162,1518956,,bus-cycles:u,1150912,100.00,,
     0.403675162,2276128,,instructions:u,1150944,100.00,,
     0.404829739,0,,branch-misses:u,1153472,100.00,,
     0.404829739,57632,,cache-misses:u,1153600,100.00,,
     0.404829739,1534069,,bus-cycles:u,1153728,100.00,,
     0.404829739,2213982,,instructions:u,1153728,100.00,,
     0.405978238,1,,branch-misses:u,1148544,100.00,,
     0.405978238,35843,,cache-misses:u,1148608,100.00,,
     0.405978238,1527102,,bus-cycles:u,1148512,100.00,,
     0.405978238,2326627,,instructions:u,1148448,100.00,,
     0.407126864,0,,branch-misses:u,1149312,100.00,,
     0.407126864,318,,cache-misses:u,1149248,100.00,,
     0.407126864,1513751,,bus-cycles:u,1149088,100.00,,
     0.407126864,2517634,,instructions:u,1149024,100.00,,
     0.408343507,0,,branch-misses:u,1218784,100.00,,
     0.408343507,20708,,cache-misses:u,1220064,100.00,,
     0.408343507,1622147,,bus-cycles:u,1220256,100.00,,
     0.408343507,2577532,,instructions:u,1220832,100.00,,
     0.409514336,0,,branch-misses:u,1169440,100.00,,
     0.409514336,58526,,cache-misses:u,1168320,100.00,,
     0.409514336,1552370,,bus-cycles:u,1168256,100.00,,
     0.409514336,2237742,,instructions:u,1167712,100.00,,
     0.410664306,1,,branch-misses:u,1149888,100.00,,
     0.410664306,57013,,cache-misses:u,1149792,100.00,,
     0.410664306,1526803,,bus-cycles:u,1149696,100.00,,
     0.410664306,2202485,,instructions:u,1149792,100.00,,
     0.411813092,0,,branch-misses:u,1150080,100.00,,
     0.411813092,483,,cache-misses:u,1150528,100.00,,
     0.411813092,1513790,,bus-cycles:u,1150752,100.00,,
     0.411813092,2517050,,instructions:u,1150752,100.00,,
     0.412967030,0,,branch-misses:u,1153568,100.00,,
     0.412967030,180,,cache-misses:u,1153376,100.00,,
     0.412967030,1531471,,bus-cycles:u,1153184,100.00,,
     0.412967030,2547350,,instructions:u,1153248,100.00,,
     0.414117768,0,,branch-misses:u,1151072,100.00,,
     0.414117768,52933,,cache-misses:u,1150656,100.00,,
     0.414117768,1527747,,bus-cycles:u,1150720,100.00,,
     0.414117768,2231408,,instructions:u,1150688,100.00,,
     0.415267674,0,,branch-misses:u,1150304,100.00,,
     0.415267674,57055,,cache-misses:u,1150464,100.00,,
     0.415267674,1518122,,bus-cycles:u,1150368,100.00,,
     0.415267674,2187982,,instructions:u,1150272,100.00,,
     0.416418700,1,,branch-misses:u,1150592,100.00,,
     0.416418700,26126,,cache-misses:u,1151104,100.00,,
     0.416418700,1530452,,bus-cycles:u,1151136,100.00,,
     0.416418700,2394467,,instructions:u,1151072,100.00,,
     0.417566654,0,,branch-misses:u,1148320,100.00,,
     0.417566654,79,,cache-misses:u,1147712,100.00,,
     0.417566654,1525813,,bus-cycles:u,1147712,100.00,,
     0.417566654,2539428,,instructions:u,1147744,100.00,,
     0.418714833,0,,branch-misses:u,1148480,100.00,,
     0.418714833,27054,,cache-misses:u,1148512,100.00,,
     0.418714833,1526584,,bus-cycles:u,1148448,100.00,,
     0.418714833,2379944,,instructions:u,1148448,100.00,,
     0.419862532,0,,branch-misses:u,1148640,100.00,,
     0.419862532,56720,,cache-misses:u,1148928,100.00,,
     0.419862532,1512514,,bus-cycles:u,1149088,100.00,,
     0.419862532,2182276,,instructions:u,1149184,100.00,,
     0.421023603,1,,branch-misses:u,1161536,100.00,,
     0.421023603,51447,,cache-misses:u,1160864,100.00,,
     0.421023603,1543396,,bus-cycles:u,1160768,100.00,,
     0.421023603,2253105,,instructions:u,1161280,100.00,,
     0.422217403,0,,branch-misses:u,1206528,100.00,,
     0.422217403,398,,cache-misses:u,1210720,100.00,,
     0.422217403,1609409,,bus-cycles:u,1211808,100.00,,
     0.422217403,2666669,,instructions:u,1212160,100.00,,
     0.423501966,0,,branch-misses:u,1273792,100.00,,
     0.423501966,9991,,cache-misses:u,1270592,100.00,,
     0.423501966,1669647,,bus-cycles:u,1269600,100.00,,
     0.423501966,2712061,,instructions:u,1268704,100.00,,
     0.424666076,0,,branch-misses:u,1162240,100.00,,
     0.424666076,57636,,cache-misses:u,1162272,100.00,,
     0.424666076,1543971,,bus-cycles:u,1162400,100.00,,
     0.424666076,2223970,,instructions:u,1162432,100.00,,
     0.425820334,1,,branch-misses:u,1154688,100.00,,
     0.425820334,57126,,cache-misses:u,1153920,100.00,,
     0.425820334,1534218,,bus-cycles:u,1154272,100.00,,
     0.425820334,2209845,,instructions:u,1154272,100.00,,
     0.426979198,0,,branch-misses:u,1160064,100.00,,
     0.426979198,11120,,cache-misses:u,1161024,100.00,,
     0.426979198,1541462,,bus-cycles:u,1160864,100.00,,
     0.426979198,2498280,,instructions:u,1161152,100.00,,
     0.428183811,0,,branch-misses:u,1205824,100.00,,
     0.428183811,944,,cache-misses:u,1205568,100.00,,
     0.428183811,1588490,,bus-cycles:u,1205792,100.00,,
     0.428183811,2579290,,instructions:u,1205664,100.00,,
     0.429344627,0,,branch-misses:u,1160320,100.00,,
     0.429344627,44095,,cache-misses:u,1160192,100.00,,
     0.429344627,1539573,,bus-cycles:u,1159584,100.00,,
     0.429344627,2289087,,instructions:u,1159424,100.00,,
     0.430563221,0,,branch-misses:u,1218400,100.00,,
     0.430563221,60328,,cache-misses:u,1218144,100.00,,
     0.430563221,1618167,,bus-cycles:u,1218400,100.00,,
     0.430563221,2332930,,instructions:u,1218368,100.00,,
     0.431717382,1,,branch-misses:u,1154144,100.00,,
     0.431717382,31039,,cache-misses:u,1155136,100.00,,
     0.431717382,1519042,,bus-cycles:u,1155040,100.00,,
     0.431717382,2327714,,instructions:u,1155072,100.00,,
     0.432870775,0,,branch-misses:u,1152800,100.00,,
     0.432870775,232,,cache-misses:u,1151680,100.00,,
     0.432870775,1530732,,bus-cycles:u,1151648,100.00,,
     0.432870775,2544404,,instructions:u,1151616,100.00,,
     0.434021481,0,,branch-misses:u,1151520,100.00,,
     0.434021481,21743,,cache-misses:u,1151680,100.00,,
     0.434021481,1528941,,bus-cycles:u,1151552,100.00,,
     0.434021481,2410440,,instructions:u,1151520,100.00,,
     0.435174522,0,,branch-misses:u,1152928,100.00,,
     0.435174522,57179,,cache-misses:u,1152800,100.00,,
     0.435174522,1520398,,bus-cycles:u,1152800,100.00,,
     0.435174522,2188990,,instructions:u,1152928,100.00,,
     0.436326412,1,,branch-misses:u,1151968,100.00,,
     0.436326412,56983,,cache-misses:u,1151840,100.00,,
     0.436326412,1529726,,bus-cycles:u,1151904,100.00,,
     0.436326412,2204835,,instructions:u,1151808,100.00,,
     0.437478462,0,,branch-misses:u,1153504,100.00,,
     0.437478462,721,,cache-misses:u,1153600,100.00,,
     0.437478462,1531456,,bus-cycles:u,1153632,100.00,,
     0.437478462,2544620,,instructions:u,1153568,100.00,,
     0.438629488,0,,branch-misses:u,1150592,100.00,,
     0.438629488,126,,cache-misses:u,1150144,100.00,,
     0.438629488,1528348,,bus-cycles:u,1150080,100.00,,
     0.438629488,2541900,,instructions:u,1150080,100.00,,
     0.439780578,0,,branch-misses:u,1151552,100.00,,
     0.439780578,52785,,cache-misses:u,1152032,100.00,,
     0.439780578,1517721,,bus-cycles:u,1152000,100.00,,
     0.439780578,2213198,,instructions:u,1152128,100.00,,
     0.440934419,0,,branch-misses:u,1154048,100.00,,
     0.440934419,57491,,cache-misses:u,1154176,100.00,,
     0.440934419,1532726,,bus-cycles:u,1154304,100.00,,
     0.440934419,2213432,,instructions:u,1154208,100.00,,
     0.442086021,1,,branch-misses:u,1151296,100.00,,
     0.442086021,25617,,cache-misses:u,1151232,100.00,,
     0.442086021,1530041,,bus-cycles:u,1151072,100.00,,
     0.442086021,2394625,,instructions:u,1151104,100.00,,
     0.443247988,0,,branch-misses:u,1162656,100.00,,
     0.443247988,344,,cache-misses:u,1162656,100.00,,
     0.443247988,1533597,,bus-cycles:u,1162720,100.00,,
     0.443247988,2550670,,instructions:u,1162752,100.00,,
     0.444403397,0,,branch-misses:u,1156064,100.00,,
     0.444403397,28394,,cache-misses:u,1155584,100.00,,
     0.444403397,1534588,,bus-cycles:u,1155584,100.00,,
     0.444403397,2383001,,instructions:u,1155488,100.00,,
     0.445557014,0,,branch-misses:u,1153632,100.00,,
     0.445557014,57672,,cache-misses:u,1153888,100.00,,
     0.445557014,1532379,,bus-cycles:u,1153856,100.00,,
     0.445557014,2209499,,instructions:u,1153984,100.00,,
     0.446709864,1,,branch-misses:u,1152672,100.00,,
     0.446709864,49955,,cache-misses:u,1152832,100.00,,
     0.446709864,1530879,,bus-cycles:u,1152800,100.00,,
     0.446709864,2254235,,instructions:u,1152704,100.00,,
     0.447863385,0,,branch-misses:u,1154144,100.00,,
     0.447863385,179,,cache-misses:u,1153824,100.00,,
     0.447863385,1520722,,bus-cycles:u,1153888,100.00,,
     0.447863385,2529730,,instructions:u,1153920,100.00,,
     0.449018346,0,,branch-misses:u,1156256,100.00,,
     0.449018346,3477,,cache-misses:u,1156576,100.00,,
     0.449018346,1536201,,bus-cycles:u,1156512,100.00,,
     0.449018346,2534850,,instructions:u,1156576,100.00,,
     0.450173339,0,,branch-misses:u,1154272,100.00,,
     0.450173339,57651,,cache-misses:u,1154176,100.00,,
     0.450173339,1532861,,bus-cycles:u,1154144,100.00,,
     0.450173339,2209480,,instructions:u,1154144,100.00,,
     0.451382911,1,,branch-misses:u,1212192,100.00,,
     0.451382911,59740,,cache-misses:u,1213824,100.00,,
     0.451382911,1601671,,bus-cycles:u,1213952,100.00,,
     0.451382911,2311565,,instructions:u,1213984,100.00,,
     0.452552333,0,,branch-misses:u,1167040,100.00,,
     0.452552333,15299,,cache-misses:u,1165472,100.00,,
     0.452552333,1548811,,bus-cycles:u,1165472,100.00,,
     0.452552333,2487810,,instructions:u,1166080,100.00,,
     0.453705022,0,,branch-misses:u,1152896,100.00,,
     0.453705022,158,,cache-misses:u,1152864,100.00,,
     0.453705022,1532613,,bus-cycles:u,1152800,100.00,,
     0.453705022,2548920,,instructions:u,1152032,100.00,,
     0.454855056,0,,branch-misses:u,1152416,100.00,,
     0.454855056,39300,,cache-misses:u,1152352,100.00,,
     0.454855056,1529012,,bus-cycles:u,1152384,100.00,,
     0.454855056,2310480,,instructions:u,1152928,100.00,,
     0.456007298,0,,branch-misses:u,1151040,100.00,,
     0.456007298,56750,,cache-misses:u,1150944,100.00,,
     0.456007298,1515098,,bus-cycles:u,1150976,100.00,,
     0.456007298,2185536,,instructions:u,1150592,100.00,,
     0.457164210,1,,branch-misses:u,1158080,100.00,,
     0.457164210,39812,,cache-misses:u,1160224,100.00,,
     0.457164210,1541768,,bus-cycles:u,1160160,100.00,,
     0.457164210,2329943,,instructions:u,1160032,100.00,,
     0.458339135,0,,branch-misses:u,1174400,100.00,,
     0.458339135,298,,cache-misses:u,1172736,100.00,,
     0.458339135,1557914,,bus-cycles:u,1172704,100.00,,
     0.458339135,2591516,,instructions:u,1172672,100.00,,
     0.459494576,0,,branch-misses:u,1156064,100.00,,
     0.459494576,15300,,cache-misses:u,1155744,100.00,,
     0.459494576,1525037,,bus-cycles:u,1155872,100.00,,
     0.459494576,2447908,,instructions:u,1155936,100.00,,
     0.460649664,0,,branch-misses:u,1155360,100.00,,
     0.460649664,57650,,cache-misses:u,1154944,100.00,,
     0.460649664,1534131,,bus-cycles:u,1154880,100.00,,
     0.460649664,2209902,,instructions:u,1154848,100.00,,
     0.461799987,1,,branch-misses:u,1148992,100.00,,
     0.461799987,56967,,cache-misses:u,1149440,100.00,,
     0.461799987,1527571,,bus-cycles:u,1149344,100.00,,
     0.461799987,2199925,,instructions:u,1149344,100.00,,
     0.462950053,0,,branch-misses:u,1150688,100.00,,
     0.462950053,6420,,cache-misses:u,1150656,100.00,,
     0.462950053,1529835,,bus-cycles:u,1150688,100.00,,
     0.462950053,2509040,,instructions:u,1150720,100.00,,
     0.464107861,0,,branch-misses:u,1161632,100.00,,
     0.464107861,223,,cache-misses:u,1164576,100.00,,
     0.464107861,1535419,,bus-cycles:u,1164704,100.00,,
     0.464107861,2555420,,instructions:u,1164768,100.00,,
     0.465300733,0,,branch-misses:u,1191296,100.00,,
     0.465300733,49639,,cache-misses:u,1188736,100.00,,
     0.465300733,1579609,,bus-cycles:u,1189088,100.00,,
     0.465300733,2335200,,instructions:u,1189056,100.00,,
     0.466458221,0,,branch-misses:u,1156288,100.00,,
     0.466458221,57665,,cache-misses:u,1155584,100.00,,
     0.466458221,1535484,,bus-cycles:u,1155136,100.00,,
     0.466458221,2215870,,instructions:u,1155520,100.00,,
     0.467610815,1,,branch-misses:u,1153632,100.00,,
     0.467610815,28875,,cache-misses:u,1153984,100.00,,
     0.467610815,1521341,,bus-cycles:u,1154048,100.00,,
     0.467610815,2361605,,instructions:u,1153600,100.00,,
     0.468765776,0,,branch-misses:u,1156448,100.00,,
     0.468765776,221,,cache-misses:u,1157536,100.00,,
     0.468765776,1538730,,bus-cycles:u,1157952,100.00,,
     0.468765776,2560530,,instructions:u,1157952,100.00,,
     0.469923552,0,,branch-misses:u,1156256,100.00,,
     0.469923552,25056,,cache-misses:u,1155232,100.00,,
     0.469923552,1534253,,bus-cycles:u,1154784,100.00,,
     0.469923552,2401960,,instructions:u,1154688,100.00,,
     0.471079601,0,,branch-misses:u,1156064,100.00,,
     0.471079601,57339,,cache-misses:u,1155616,100.00,,
     0.471079601,1525573,,bus-cycles:u,1155552,100.00,,
     0.471079601,2201817,,instructions:u,1155776,100.00,,
     0.472231683,1,,branch-misses:u,1152864,100.00,,
     0.472231683,53751,,cache-misses:u,1153440,100.00,,
     0.472231683,1532615,,bus-cycles:u,1153504,100.00,,
     0.472231683,2231608,,instructions:u,1153248,100.00,,
     0.473455076,0,,branch-misses:u,1224800,100.00,,
     0.473455076,307,,cache-misses:u,1224544,100.00,,
     0.473455076,1628633,,bus-cycles:u,1224544,100.00,,
     0.473455076,2708420,,instructions:u,1224640,100.00,,
     0.474617267,0,,branch-misses:u,1160992,100.00,,
     0.474617267,4312,,cache-misses:u,1161056,100.00,,
     0.474617267,1542241,,bus-cycles:u,1160992,100.00,,
     0.474617267,2540200,,instructions:u,1161088,100.00,,
     0.475767013,0,,branch-misses:u,1149952,100.00,,
     0.475767013,56943,,cache-misses:u,1150080,100.00,,
     0.475767013,1515084,,bus-cycles:u,1150112,100.00,,
     0.475767013,2187398,,instructions:u,1150592,100.00,,
     0.476916759,1,,branch-misses:u,1150496,100.00,,
     0.476916759,56949,,cache-misses:u,1150304,100.00,,
     0.476916759,1528030,,bus-cycles:u,1150336,100.00,,
     0.476916759,2204617,,instructions:u,1149824,100.00,,
     0.478066409,0,,branch-misses:u,1149216,100.00,,
     0.478066409,18070,,cache-misses:u,1149312,100.00,,
     0.478066409,1526727,,bus-cycles:u,1149280,100.00,,
     0.478066409,2432830,,instructions:u,1149216,100.00,,
     0.479216540,0,,branch-misses:u,1151072,100.00,,
     0.479216540,158,,cache-misses:u,1151072,100.00,,
     0.479216540,1516812,,bus-cycles:u,1151104,100.00,,
     0.479216540,2523346,,instructions:u,1151200,100.00,,
     0.480370157,0,,branch-misses:u,1155360,100.00,,
     0.480370157,35477,,cache-misses:u,1155712,100.00,,
     0.480370157,1532875,,bus-cycles:u,1155712,100.00,,
     0.480370157,2339544,,instructions:u,1155712,100.00,,
     0.481525374,0,,branch-misses:u,1153728,100.00,,
     0.481525374,57632,,cache-misses:u,1153696,100.00,,
     0.481525374,1532145,,bus-cycles:u,1153664,100.00,,
     0.481525374,2211000,,instructions:u,1153632,100.00,,
     0.482677487,1,,branch-misses:u,1152576,100.00,,
     0.482677487,43012,,cache-misses:u,1152256,100.00,,
     0.482677487,1529611,,bus-cycles:u,1152352,100.00,,
     0.482677487,2289465,,instructions:u,1152320,100.00,,
     0.483829665,0,,branch-misses:u,1155840,100.00,,
     0.483829665,246,,cache-misses:u,1157504,100.00,,
     0.483829665,1521827,,bus-cycles:u,1157408,100.00,,
     0.483829665,2533780,,instructions:u,1158080,100.00,,
     0.485017354,0,,branch-misses:u,1185056,100.00,,
     0.485017354,11722,,cache-misses:u,1183456,100.00,,
     0.485017354,1570362,,bus-cycles:u,1183520,100.00,,
     0.485017354,2542890,,instructions:u,1182880,100.00,,
     0.486172123,0,,branch-misses:u,1154624,100.00,,
     0.486172123,57456,,cache-misses:u,1155008,100.00,,
     0.486172123,1533597,,bus-cycles:u,1155040,100.00,,
     0.486172123,2214140,,instructions:u,1154976,100.00,,
     0.487324077,1,,branch-misses:u,1153056,100.00,,
     0.487324077,56690,,cache-misses:u,1153024,100.00,,
     0.487324077,1515415,,bus-cycles:u,1152928,100.00,,
     0.487324077,2185735,,instructions:u,1153056,100.00,,
     0.488479102,0,,branch-misses:u,1155072,100.00,,
     0.488479102,10215,,cache-misses:u,1155040,100.00,,
     0.488479102,1534354,,bus-cycles:u,1155104,100.00,,
     0.488479102,2493480,,instructions:u,1155008,100.00,,
     0.489630320,0,,branch-misses:u,1150624,100.00,,
     0.489630320,384,,cache-misses:u,1150560,100.00,,
     0.489630320,1528050,,bus-cycles:u,1150592,100.00,,
     0.489630320,2540220,,instructions:u,1150560,100.00,,
     0.490780162,0,,branch-misses:u,1150336,100.00,,
     0.490780162,43644,,cache-misses:u,1150368,100.00,,
     0.490780162,1526194,,bus-cycles:u,1150240,100.00,,
     0.490780162,2280270,,instructions:u,1150944,100.00,,
     0.491934003,0,,branch-misses:u,1156000,100.00,,
     0.491934003,57232,,cache-misses:u,1155872,100.00,,
     0.491934003,1521429,,bus-cycles:u,1155936,100.00,,
     0.491934003,2190126,,instructions:u,1155360,100.00,,
     0.493088324,1,,branch-misses:u,1152672,100.00,,
     0.493088324,35353,,cache-misses:u,1152544,100.00,,
     0.493088324,1530454,,bus-cycles:u,1152480,100.00,,
     0.493088324,2335589,,instructions:u,1152448,100.00,,
     0.494313925,0,,branch-misses:u,1226464,100.00,,
     0.494313925,134,,cache-misses:u,1226784,100.00,,
     0.494313925,1630277,,bus-cycles:u,1226784,100.00,,
     0.494313925,2709820,,instructions:u,1226592,100.00,,
     0.495468886,0,,branch-misses:u,1154880,100.00,,
     0.495468886,21104,,cache-misses:u,1155616,100.00,,
     0.495468886,1508682,,bus-cycles:u,1155712,100.00,,
     0.495468886,2386410,,instructions:u,1155968,100.00,,
     0.496621767,0,,branch-misses:u,1153760,100.00,,
     0.496621767,57531,,cache-misses:u,1152576,100.00,,
     0.496621767,1528523,,bus-cycles:u,1152448,100.00,,
     0.496621767,2205990,,instructions:u,1152384,100.00,,
     0.497772537,1,,branch-misses:u,1149952,100.00,,
     0.497772537,56920,,cache-misses:u,1149920,100.00,,
     0.497772537,1526342,,bus-cycles:u,1149984,100.00,,
     0.497772537,2200215,,instructions:u,1149952,100.00,,
     0.498922315,0,,branch-misses:u,1149760,100.00,,
     0.498922315,550,,cache-misses:u,1150592,100.00,,
     0.498922315,1527931,,bus-cycles:u,1150592,100.00,,
     0.498922315,2541010,,instructions:u,1150528,100.00,,
     0.500072989,0,,branch-misses:u,1151360,100.00,,
     0.500072989,202,,cache-misses:u,1150560,100.00,,
     0.500072989,1516474,,bus-cycles:u,1150496,100.00,,
     0.500072989,2523870,,instructions:u,1150656,100.00,,
     0.501223855,0,,branch-misses:u,1151296,100.00,,
     0.501223855,52617,,cache-misses:u,1151264,100.00,,
     0.501223855,1528824,,bus-cycles:u,1151264,100.00,,
     0.501223855,2231201,,instructions:u,1151072,100.00,,
     0.502373890,0,,branch-misses:u,1150624,100.00,,
     0.502373890,58278,,cache-misses:u,1151264,100.00,,
     0.502373890,1528978,,bus-cycles:u,1151392,100.00,,
     0.502373890,2191327,,instructions:u,1151456,100.00,,
     0.503524947,1,,branch-misses:u,1150944,100.00,,
     0.503524947,26036,,cache-misses:u,1150400,100.00,,
     0.503524947,1516846,,bus-cycles:u,1150336,100.00,,
     0.503524947,2368558,,instructions:u,1150400,100.00,,
     0.504676453,0,,branch-misses:u,1151456,100.00,,
     0.504676453,357,,cache-misses:u,1151392,100.00,,
     0.504676453,1530580,,bus-cycles:u,1151328,100.00,,
     0.504676453,2546160,,instructions:u,1151296,100.00,,
     0.505827511,0,,branch-misses:u,1152512,100.00,,
     0.505827511,27199,,cache-misses:u,1152608,100.00,,
     0.505827511,1531602,,bus-cycles:u,1152608,100.00,,
     0.505827511,2387849,,instructions:u,1152576,100.00,,
     0.506979433,0,,branch-misses:u,1152352,100.00,,
     0.506979433,57655,,cache-misses:u,1152544,100.00,,
     0.506979433,1531383,,bus-cycles:u,1152640,100.00,,
     0.506979433,2206654,,instructions:u,1152640,100.00,,
     0.508159540,1,,branch-misses:u,1180576,100.00,,
     0.508159540,51364,,cache-misses:u,1180608,100.00,,
     0.508159540,1557149,,bus-cycles:u,1180576,100.00,,
     0.508159540,2286371,,instructions:u,1180704,100.00,,
     0.509313253,0,,branch-misses:u,1152736,100.00,,
     0.509313253,313,,cache-misses:u,1152320,100.00,,
     0.509313253,1532182,,bus-cycles:u,1152320,100.00,,
     0.509313253,2547640,,instructions:u,1152096,100.00,,
     0.510462104,0,,branch-misses:u,1149504,100.00,,
     0.510462104,3097,,cache-misses:u,1149504,100.00,,
     0.510462104,1526792,,bus-cycles:u,1149408,100.00,,
     0.510462104,2520880,,instructions:u,1149472,100.00,,
     0.511615081,0,,branch-misses:u,1152768,100.00,,
     0.511615081,57184,,cache-misses:u,1153344,100.00,,
     0.511615081,1522237,,bus-cycles:u,1153440,100.00,,
     0.511615081,2197060,,instructions:u,1153536,100.00,,
     0.512771834,1,,branch-misses:u,1156928,100.00,,
     0.512771834,55682,,cache-misses:u,1156736,100.00,,
     0.512771834,1537950,,bus-cycles:u,1156864,100.00,,
     0.512771834,2224555,,instructions:u,1156800,100.00,,
     0.513922635,0,,branch-misses:u,1151200,100.00,,
     0.513922635,18341,,cache-misses:u,1151008,100.00,,
     0.513922635,1529973,,bus-cycles:u,1150976,100.00,,
     0.513922635,2438330,,instructions:u,1151008,100.00,,
     0.515134895,0,,branch-misses:u,1213920,100.00,,
     0.515134895,326,,cache-misses:u,1213920,100.00,,
     0.515134895,1603998,,bus-cycles:u,1213856,100.00,,
     0.515134895,2668060,,instructions:u,1213856,100.00,,
     0.516297374,0,,branch-misses:u,1161312,100.00,,
     0.516297374,38972,,cache-misses:u,1161408,100.00,,
     0.516297374,1541187,,bus-cycles:u,1161376,100.00,,
     0.516297374,2334450,,instructions:u,1161376,100.00,,
     0.517451087,0,,branch-misses:u,1154752,100.00,,
     0.517451087,57650,,cache-misses:u,1155168,100.00,,
     0.517451087,1530944,,bus-cycles:u,1155616,100.00,,
     0.517451087,2206220,,instructions:u,1155616,100.00,,
     0.518623964,1,,branch-misses:u,1181728,100.00,,
     0.518623964,39855,,cache-misses:u,1183936,100.00,,
     0.518623964,1566033,,bus-cycles:u,1184896,100.00,,
     0.518623964,2368865,,instructions:u,1185088,100.00,,
     0.519862170,0,,branch-misses:u,1233824,100.00,,
     0.519862170,357,,cache-misses:u,1234336,100.00,,
     0.519862170,1619757,,bus-cycles:u,1234592,100.00,,
     0.519862170,2695884,,instructions:u,1236160,100.00,,
     0.521093529,0,,branch-misses:u,1230656,100.00,,
     0.521093529,22004,,cache-misses:u,1228928,100.00,,
     0.521093529,1629305,,bus-cycles:u,1228832,100.00,,
     0.521093529,2576789,,instructions:u,1227968,100.00,,
     0.522302685,0,,branch-misses:u,1208192,100.00,,
     0.522302685,60044,,cache-misses:u,1207936,100.00,,
     0.522302685,1601865,,bus-cycles:u,1206848,100.00,,
     0.522302685,2309307,,instructions:u,1206464,100.00,,
     0.523468236,1,,branch-misses:u,1164800,100.00,,
     0.523468236,53364,,cache-misses:u,1164736,100.00,,
     0.523468236,1530840,,bus-cycles:u,1164320,100.00,,
     0.523468236,2230335,,instructions:u,1163968,100.00,,
     0.524629787,0,,branch-misses:u,1160544,100.00,,
     0.524629787,342,,cache-misses:u,1160608,100.00,,
     0.524629787,1541153,,bus-cycles:u,1160576,100.00,,
     0.524629787,2563630,,instructions:u,1161152,100.00,,
     0.525784972,0,,branch-misses:u,1155168,100.00,,
     0.525784972,539,,cache-misses:u,1155040,100.00,,
     0.525784972,1533624,,bus-cycles:u,1155008,100.00,,
     0.525784972,2546160,,instructions:u,1154304,100.00,,
     0.526937437,0,,branch-misses:u,1153696,100.00,,
     0.526937437,57382,,cache-misses:u,1152544,100.00,,
     0.526937437,1529446,,bus-cycles:u,1152480,100.00,,
     0.526937437,2209828,,instructions:u,1152416,100.00,,
     0.528090319,1,,branch-misses:u,1152928,100.00,,
     0.528090319,56958,,cache-misses:u,1153568,100.00,,
     0.528090319,1521181,,bus-cycles:u,1153664,100.00,,
     0.528090319,2189377,,instructions:u,1153696,100.00,,
     0.529245760,0,,branch-misses:u,1155392,100.00,,
     0.529245760,21372,,cache-misses:u,1154816,100.00,,
     0.529245760,1533490,,bus-cycles:u,1154848,100.00,,
     0.529245760,2426130,,instructions:u,1154784,100.00,,
     0.530398321,0,,branch-misses:u,1152192,100.00,,
     0.530398321,284,,cache-misses:u,1152640,100.00,,
     0.530398321,1531375,,bus-cycles:u,1152608,100.00,,
     0.530398321,2546930,,instructions:u,1152640,100.00,,
     0.531551363,0,,branch-misses:u,1154400,100.00,,
     0.531551363,31832,,cache-misses:u,1154624,100.00,,
     0.531551363,1512609,,bus-cycles:u,1154688,100.00,,
     0.531551363,2326610,,instructions:u,1154848,100.00,,
     0.532706420,0,,branch-misses:u,1155136,100.00,,
     0.532706420,57508,,cache-misses:u,1154400,100.00,,
     0.532706420,1533559,,bus-cycles:u,1154912,100.00,,
     0.532706420,2209998,,instructions:u,1154912,100.00,,
     0.533860997,1,,branch-misses:u,1154400,100.00,,
     0.533860997,46137,,cache-misses:u,1154240,100.00,,
     0.533860997,1531984,,bus-cycles:u,1153728,100.00,,
     0.533860997,2275437,,instructions:u,1153440,100.00,,
     0.535014710,0,,branch-misses:u,1153696,100.00,,
     0.535014710,350,,cache-misses:u,1155488,100.00,,
     0.535014710,1534810,,bus-cycles:u,1155328,100.00,,
     0.535014710,2552388,,instructions:u,1155520,100.00,,
     0.536206622,0,,branch-misses:u,1194016,100.00,,
     0.536206622,9063,,cache-misses:u,1194080,100.00,,
     0.536206622,1572708,,bus-cycles:u,1194208,100.00,,
     0.536206622,2561945,,instructions:u,1194240,100.00,,
     0.537455801,0,,branch-misses:u,1250112,100.00,,
     0.537455801,62258,,cache-misses:u,1249504,100.00,,
     0.537455801,1659525,,bus-cycles:u,1249536,100.00,,
     0.537455801,2395107,,instructions:u,1249536,100.00,,
     0.538614313,1,,branch-misses:u,1157824,100.00,,
     0.538614313,57061,,cache-misses:u,1156832,100.00,,
     0.538614313,1535025,,bus-cycles:u,1156704,100.00,,
     0.538614313,2217912,,instructions:u,1156768,100.00,,
     0.539768986,0,,branch-misses:u,1154976,100.00,,
     0.539768986,7454,,cache-misses:u,1155520,100.00,,
     0.539768986,1523060,,bus-cycles:u,1156192,100.00,,
     0.539768986,2490863,,instructions:u,1156160,100.00,,
     0.540923691,0,,branch-misses:u,1153472,100.00,,
     0.540923691,266,,cache-misses:u,1152864,100.00,,
     0.540923691,1530766,,bus-cycles:u,1152128,100.00,,
     0.540923691,2546450,,instructions:u,1151968,100.00,,
     0.542074525,0,,branch-misses:u,1151584,100.00,,
     0.542074525,46298,,cache-misses:u,1151904,100.00,,
     0.542074525,1529504,,bus-cycles:u,1152000,100.00,,
     0.542074525,2271697,,instructions:u,1152096,100.00,,
     0.543226927,0,,branch-misses:u,1152320,100.00,,
     0.543226927,57079,,cache-misses:u,1151936,100.00,,
     0.543226927,1520122,,bus-cycles:u,1152032,100.00,,
     0.543226927,2190301,,instructions:u,1152160,100.00,,
     0.544378753,1,,branch-misses:u,1152512,100.00,,
     0.544378753,32628,,cache-misses:u,1152704,100.00,,
     0.544378753,1531266,,bus-cycles:u,1152608,100.00,,
     0.544378753,2351871,,instructions:u,1152384,100.00,,
     0.545528979,0,,branch-misses:u,1149728,100.00,,
     0.545528979,93,,cache-misses:u,1149472,100.00,,
     0.545528979,1528003,,bus-cycles:u,1149408,100.00,,
     0.545528979,2543126,,instructions:u,1149504,100.00,,
     0.546678725,0,,branch-misses:u,1150432,100.00,,
     0.546678725,20727,,cache-misses:u,1150144,100.00,,
     0.546678725,1528574,,bus-cycles:u,1150304,100.00,,
     0.546678725,2418240,,instructions:u,1150304,100.00,,
     0.547828951,0,,branch-misses:u,1151520,100.00,,
     0.547828951,57226,,cache-misses:u,1152160,100.00,,
     0.547828951,1520263,,bus-cycles:u,1152064,100.00,,
     0.547828951,2194927,,instructions:u,1152064,100.00,,
     0.548981513,1,,branch-misses:u,1152512,100.00,,
     0.548981513,57268,,cache-misses:u,1152224,100.00,,
     0.548981513,1530713,,bus-cycles:u,1152288,100.00,,
     0.548981513,2208328,,instructions:u,1152256,100.00,,
     0.550132474,0,,branch-misses:u,1150912,100.00,,
     0.550132474,956,,cache-misses:u,1151168,100.00,,
     0.550132474,1529672,,bus-cycles:u,1151200,100.00,,
     0.550132474,2541570,,instructions:u,1151200,100.00,,
     0.551285612,0,,branch-misses:u,1153984,100.00,,
     0.551285612,336,,cache-misses:u,1155040,100.00,,
     0.551285612,1521150,,bus-cycles:u,1155008,100.00,,
     0.551285612,2529531,,instructions:u,1155136,100.00,,
     0.552440669,0,,branch-misses:u,1154752,100.00,,
     0.552440669,52487,,cache-misses:u,1153472,100.00,,
     0.552440669,1532102,,bus-cycles:u,1153472,100.00,,
     0.552440669,2238399,,instructions:u,1153440,100.00,,
     0.553590831,0,,branch-misses:u,1150816,100.00,,
     0.553590831,57368,,cache-misses:u,1150848,100.00,,
     0.553590831,1527158,,bus-cycles:u,1150816,100.00,,
     0.553590831,2203320,,instructions:u,1151104,100.00,,
     0.554741057,1,,branch-misses:u,1149312,100.00,,
     0.554741057,25899,,cache-misses:u,1149312,100.00,,
     0.554741057,1526447,,bus-cycles:u,1149248,100.00,,
     0.554741057,2384835,,instructions:u,1148896,100.00,,
     0.555891955,0,,branch-misses:u,1152544,100.00,,
     0.555891955,343,,cache-misses:u,1153728,100.00,,
     0.555891955,1520018,,bus-cycles:u,1153792,100.00,,
     0.555891955,2528110,,instructions:u,1153728,100.00,,
     0.557048388,0,,branch-misses:u,1155936,100.00,,
     0.557048388,27330,,cache-misses:u,1154976,100.00,,
     0.557048388,1535309,,bus-cycles:u,1155008,100.00,,
     0.557048388,2391880,,instructions:u,1155168,100.00,,
     0.558270533,0,,branch-misses:u,1223488,100.00,,
     0.558270533,61033,,cache-misses:u,1223904,100.00,,
     0.558270533,1626137,,bus-cycles:u,1223872,100.00,,
     0.558270533,2346900,,instructions:u,1223776,100.00,,
     0.559429301,1,,branch-misses:u,1158208,100.00,,
     0.559429301,47538,,cache-misses:u,1157600,100.00,,
     0.559429301,1524515,,bus-cycles:u,1157568,100.00,,
     0.559429301,2250695,,instructions:u,1157600,100.00,,
     0.560581319,0,,branch-misses:u,1151520,100.00,,
     0.560581319,131,,cache-misses:u,1151616,100.00,,
     0.560581319,1530607,,bus-cycles:u,1151712,100.00,,
     0.560581319,2546300,,instructions:u,1152384,100.00,,
     0.561733176,0,,branch-misses:u,1153024,100.00,,
     0.561733176,5708,,cache-misses:u,1152896,100.00,,
     0.561733176,1531557,,bus-cycles:u,1152768,100.00,,
     0.561733176,2513080,,instructions:u,1152032,100.00,,
     0.562883434,0,,branch-misses:u,1150496,100.00,,
     0.562883434,57630,,cache-misses:u,1150496,100.00,,
     0.562883434,1529246,,bus-cycles:u,1150528,100.00,,
     0.562883434,2206950,,instructions:u,1150656,100.00,,
     0.564034908,1,,branch-misses:u,1151840,100.00,,
     0.564034908,56258,,cache-misses:u,1152064,100.00,,
     0.564034908,1507255,,bus-cycles:u,1152096,100.00,,
     0.564034908,2171535,,instructions:u,1152352,100.00,,
     0.565190573,0,,branch-misses:u,1155392,100.00,,
     0.565190573,16630,,cache-misses:u,1155136,100.00,,
     0.565190573,1534889,,bus-cycles:u,1155104,100.00,,
     0.565190573,2453350,,instructions:u,1154624,100.00,,
     0.566339487,0,,branch-misses:u,1149056,100.00,,
     0.566339487,266,,cache-misses:u,1149152,100.00,,
     0.566339487,1526581,,bus-cycles:u,1149088,100.00,,
     0.566339487,2539320,,instructions:u,1149184,100.00,,
     0.567490481,0,,branch-misses:u,1152288,100.00,,
     0.567490481,36717,,cache-misses:u,1152256,100.00,,
     0.567490481,1519057,,bus-cycles:u,1152640,100.00,,
     0.567490481,2308908,,instructions:u,1152768,100.00,,
     0.568644035,0,,branch-misses:u,1153664,100.00,,
     0.568644035,57528,,cache-misses:u,1153664,100.00,,
     0.568644035,1531125,,bus-cycles:u,1153408,100.00,,
     0.568644035,2208802,,instructions:u,1153280,100.00,,
     0.569795380,1,,branch-misses:u,1150752,100.00,,
     0.569795380,41634,,cache-misses:u,1150656,100.00,,
     0.569795380,1529182,,bus-cycles:u,1150592,100.00,,
     0.569795380,2299466,,instructions:u,1150496,100.00,,
     0.570945574,0,,branch-misses:u,1150304,100.00,,
     0.570945574,382,,cache-misses:u,1150848,100.00,,
     0.570945574,1528951,,bus-cycles:u,1150752,100.00,,
     0.570945574,2543719,,instructions:u,1150784,100.00,,
     0.572096920,0,,branch-misses:u,1151968,100.00,,
     0.572096920,11447,,cache-misses:u,1152032,100.00,,
     0.572096920,1518414,,bus-cycles:u,1152096,100.00,,
     0.572096920,2458080,,instructions:u,1152128,100.00,,
     0.573249354,0,,branch-misses:u,1153120,100.00,,
     0.573249354,57462,,cache-misses:u,1152608,100.00,,
     0.573249354,1530688,,bus-cycles:u,1152576,100.00,,
     0.573249354,2209028,,instructions:u,1152672,100.00,,
     0.574399516,1,,branch-misses:u,1149696,100.00,,
     0.574399516,57035,,cache-misses:u,1149120,100.00,,
     0.574399516,1526755,,bus-cycles:u,1149184,100.00,,
     0.574399516,2196637,,instructions:u,1149056,100.00,,
     0.575556141,0,,branch-misses:u,1160448,100.00,,
     0.575556141,10299,,cache-misses:u,1162496,100.00,,
     0.575556141,1532467,,bus-cycles:u,1162528,100.00,,
     0.575556141,2490860,,instructions:u,1162720,100.00,,
     0.576734840,0,,branch-misses:u,1176448,100.00,,
     0.576734840,178,,cache-misses:u,1175040,100.00,,
     0.576734840,1561904,,bus-cycles:u,1174944,100.00,,
     0.576734840,2597850,,instructions:u,1174752,100.00,,
     0.577887050,0,,branch-misses:u,1152832,100.00,,
     0.577887050,44937,,cache-misses:u,1152608,100.00,,
     0.577887050,1530608,,bus-cycles:u,1152640,100.00,,
     0.577887050,2283550,,instructions:u,1152704,100.00,,
     0.579037724,0,,branch-misses:u,1151104,100.00,,
     0.579037724,57561,,cache-misses:u,1151104,100.00,,
     0.579037724,1529213,,bus-cycles:u,1151104,100.00,,
     0.579037724,2206210,,instructions:u,1151008,100.00,,
     0.580277689,1,,branch-misses:u,1242016,100.00,,
     0.580277689,33568,,cache-misses:u,1243232,100.00,,
     0.580277689,1642351,,bus-cycles:u,1243744,100.00,,
     0.580277689,2533042,,instructions:u,1243968,100.00,,
     0.581437864,0,,branch-misses:u,1157152,100.00,,
     0.581437864,196,,cache-misses:u,1156480,100.00,,
     0.581437864,1535877,,bus-cycles:u,1155968,100.00,,
     0.581437864,2555643,,instructions:u,1155808,100.00,,
     0.582586907,0,,branch-misses:u,1149824,100.00,,
     0.582586907,24447,,cache-misses:u,1149920,100.00,,
     0.582586907,1528272,,bus-cycles:u,1149952,100.00,,
     0.582586907,2397790,,instructions:u,1150016,100.00,,
     0.583737581,0,,branch-misses:u,1152096,100.00,,
     0.583737581,57050,,cache-misses:u,1151776,100.00,,
     0.583737581,1519637,,bus-cycles:u,1152576,100.00,,
     0.583737581,2191130,,instructions:u,1152640,100.00,,
     0.584890110,1,,branch-misses:u,1150944,100.00,,
     0.584890110,54236,,cache-misses:u,1150848,100.00,,
     0.584890110,1527910,,bus-cycles:u,1150080,100.00,,
     0.584890110,2220453,,instructions:u,1149920,100.00,,
     0.586040112,0,,branch-misses:u,1150944,100.00,,
     0.586040112,75,,cache-misses:u,1150752,100.00,,
     0.586040112,1529080,,bus-cycles:u,1150720,100.00,,
     0.586040112,2545138,,instructions:u,1150880,100.00,,
     0.587191010,0,,branch-misses:u,1151072,100.00,,
     0.587191010,401,,cache-misses:u,1152000,100.00,,
     0.587191010,1518779,,bus-cycles:u,1151968,100.00,,
     0.587191010,2524324,,instructions:u,1151840,100.00,,
     0.588344180,0,,branch-misses:u,1153120,100.00,,
     0.588344180,56092,,cache-misses:u,1152192,100.00,,
     0.588344180,1530569,,bus-cycles:u,1152160,100.00,,
     0.588344180,2214950,,instructions:u,1152512,100.00,,
     0.589494534,0,,branch-misses:u,1150944,100.00,,
     0.589494534,57454,,cache-misses:u,1151200,100.00,,
     0.589494534,1528254,,bus-cycles:u,1151264,100.00,,
     0.589494534,2204728,,instructions:u,1150912,100.00,,
     0.590644600,1,,branch-misses:u,1149888,100.00,,
     0.590644600,22696,,cache-misses:u,1149600,100.00,,
     0.590644600,1527065,,bus-cycles:u,1149472,100.00,,
     0.590644600,2406807,,instructions:u,1149504,100.00,,
     0.591794570,0,,branch-misses:u,1151488,100.00,,
     0.591794570,308,,cache-misses:u,1151712,100.00,,
     0.591794570,1518849,,bus-cycles:u,1151808,100.00,,
     0.591794570,2526800,,instructions:u,1151776,100.00,,
     0.592946108,0,,branch-misses:u,1151456,100.00,,
     0.592946108,30476,,cache-misses:u,1151456,100.00,,
     0.592946108,1529345,,bus-cycles:u,1151552,100.00,,
     0.592946108,2364920,,instructions:u,1151552,100.00,,
     0.594096334,0,,branch-misses:u,1149792,100.00,,
     0.594096334,57318,,cache-misses:u,1149792,100.00,,
     0.594096334,1528068,,bus-cycles:u,1149760,100.00,,
     0.594096334,2200460,,instructions:u,1149792,100.00,,
     0.595247200,1,,branch-misses:u,1152448,100.00,,
     0.595247200,48250,,cache-misses:u,1152480,100.00,,
     0.595247200,1519646,,bus-cycles:u,1152448,100.00,,
     0.595247200,2247155,,instructions:u,1152352,100.00,,
     0.596401393,0,,branch-misses:u,1153152,100.00,,
     0.596401393,133,,cache-misses:u,1152960,100.00,,
     0.596401393,1532311,,bus-cycles:u,1153056,100.00,,
     0.596401393,2549710,,instructions:u,1153120,100.00,,
     0.597552995,0,,branch-misses:u,1152864,100.00,,
     0.597552995,5135,,cache-misses:u,1152800,100.00,,
     0.597552995,1532438,,bus-cycles:u,1152672,100.00,,
     0.597552995,2518918,,instructions:u,1152544,100.00,,
     0.598706164,0,,branch-misses:u,1152448,100.00,,
     0.598706164,57584,,cache-misses:u,1152416,100.00,,
     0.598706164,1532192,,bus-cycles:u,1152544,100.00,,
     0.598706164,2212522,,instructions:u,1152672,100.00,,
     0.599857926,1,,branch-misses:u,1153120,100.00,,
     0.599857926,56888,,cache-misses:u,1153312,100.00,,
     0.599857926,1522938,,bus-cycles:u,1153184,100.00,,
     0.599857926,2192465,,instructions:u,1153312,100.00,,
     0.601077000,0,,branch-misses:u,1218912,100.00,,
     0.601077000,16603,,cache-misses:u,1219904,100.00,,
     0.601077000,1623108,,bus-cycles:u,1220512,100.00,,
     0.601077000,2604820,,instructions:u,1220672,100.00,,
     0.602232441,0,,branch-misses:u,1154880,100.00,,
     0.602232441,202,,cache-misses:u,1153824,100.00,,
     0.602232441,1533438,,bus-cycles:u,1153216,100.00,,
     0.602232441,2549990,,instructions:u,1152928,100.00,,
     0.603381163,0,,branch-misses:u,1149728,100.00,,
     0.603381163,40282,,cache-misses:u,1150432,100.00,,
     0.603381163,1515605,,bus-cycles:u,1150528,100.00,,
     0.603381163,2283912,,instructions:u,1150624,100.00,,
     0.604535356,0,,branch-misses:u,1154144,100.00,,
     0.604535356,57612,,cache-misses:u,1153376,100.00,,
     0.604535356,1532007,,bus-cycles:u,1153376,100.00,,
     0.604535356,2209878,,instructions:u,1153248,100.00,,
     0.605685390,1,,branch-misses:u,1150304,100.00,,
     0.605685390,37836,,cache-misses:u,1151296,100.00,,
     0.605685390,1529471,,bus-cycles:u,1151168,100.00,,
     0.605685390,2324615,,instructions:u,1151200,100.00,,
     0.606836416,0,,branch-misses:u,1150880,100.00,,
     0.606836416,92,,cache-misses:u,1149984,100.00,,
     0.606836416,1528253,,bus-cycles:u,1150016,100.00,,
     0.606836416,2543060,,instructions:u,1150144,100.00,,
     0.607987378,0,,branch-misses:u,1151776,100.00,,
     0.607987378,15114,,cache-misses:u,1151776,100.00,,
     0.607987378,1520034,,bus-cycles:u,1151936,100.00,,
     0.607987378,2439340,,instructions:u,1151776,100.00,,
     0.609139300,0,,branch-misses:u,1151744,100.00,,
     0.609139300,57470,,cache-misses:u,1151616,100.00,,
     0.609139300,1530390,,bus-cycles:u,1151520,100.00,,
     0.609139300,2209960,,instructions:u,1151872,100.00,,
     0.610288118,1,,branch-misses:u,1149824,100.00,,
     0.610288118,57185,,cache-misses:u,1150560,100.00,,
     0.610288118,1527733,,bus-cycles:u,1150624,100.00,,
     0.610288118,2203585,,instructions:u,1150304,100.00,,
     0.611439176,0,,branch-misses:u,1116832,100.00,,
     0.611439176,6296,,cache-misses:u,1118112,100.00,,
     0.611439176,1432737,,bus-cycles:u,1118144,100.00,,
     0.611439176,2347810,,instructions:u,1118208,100.00,,
     0.612594457,0,,branch-misses:u,1155136,100.00,,
     0.612594457,221,,cache-misses:u,1153408,100.00,,
     0.612594457,1534018,,bus-cycles:u,1153280,100.00,,
     0.612594457,2551400,,instructions:u,1153280,100.00,,
     0.613749290,0,,branch-misses:u,1154560,100.00,,
     0.613749290,44220,,cache-misses:u,1154176,100.00,,
     0.613749290,1534418,,bus-cycles:u,1154272,100.00,,
     0.613749290,2290710,,instructions:u,1154272,100.00,,
     0.614898716,0,,branch-misses:u,1149696,100.00,,
     0.614898716,57438,,cache-misses:u,1149920,100.00,,
     0.614898716,1528073,,bus-cycles:u,1149856,100.00,,
     0.614898716,2203378,,instructions:u,1149856,100.00,,
     0.616050670,1,,branch-misses:u,1152576,100.00,,
     0.616050670,34398,,cache-misses:u,1153248,100.00,,
     0.616050670,1517917,,bus-cycles:u,1153184,100.00,,
     0.616050670,2316287,,instructions:u,1153120,100.00,,
     0.617204511,0,,branch-misses:u,1154048,100.00,,
     0.617204511,180,,cache-misses:u,1153344,100.00,,
     0.617204511,1533124,,bus-cycles:u,1153280,100.00,,
     0.617204511,2550590,,instructions:u,1153248,100.00,,
     0.618355665,0,,branch-misses:u,1151328,100.00,,
     0.618355665,18829,,cache-misses:u,1151008,100.00,,
     0.618355665,1530267,,bus-cycles:u,1151104,100.00,,
     0.618355665,2434730,,instructions:u,1151168,100.00,,
     0.619505859,0,,branch-misses:u,1150848,100.00,,
     0.619505859,56842,,cache-misses:u,1151424,100.00,,
     0.619505859,1511410,,bus-cycles:u,1151360,100.00,,
     0.619505859,2178970,,instructions:u,1151296,100.00,,
     0.620656117,1,,branch-misses:u,1150336,100.00,,
     0.620656117,57243,,cache-misses:u,1150112,100.00,,
     0.620656117,1529548,,bus-cycles:u,1150272,100.00,,
     0.620656117,2207516,,instructions:u,1150272,100.00,,
     0.621807783,0,,branch-misses:u,1152032,100.00,,
     0.621807783,3455,,cache-misses:u,1151872,100.00,,
     0.621807783,1530880,,bus-cycles:u,1151776,100.00,,
     0.621807783,2526992,,instructions:u,1151744,100.00,,
     0.623021003,0,,branch-misses:u,1214272,100.00,,
     0.623021003,117,,cache-misses:u,1214784,100.00,,
     0.623021003,1615624,,bus-cycles:u,1214848,100.00,,
     0.623021003,2688367,,instructions:u,1214912,100.00,,
     0.624199702,0,,branch-misses:u,1179136,100.00,,
     0.624199702,54843,,cache-misses:u,1178976,100.00,,
     0.624199702,1559371,,bus-cycles:u,1180800,100.00,,
     0.624199702,2273054,,instructions:u,1181184,100.00,,
     0.625353159,0,,branch-misses:u,1152544,100.00,,
     0.625353159,57512,,cache-misses:u,1152192,100.00,,
     0.625353159,1527817,,bus-cycles:u,1150336,100.00,,
     0.625353159,2203484,,instructions:u,1149984,100.00,,
     0.626396338,146,,branch-misses:u,942464,100.00,,
     0.626396338,2473,,cache-misses:u,939328,100.00,,
     0.626396338,108244,,bus-cycles:u,936704,100.00,,
     0.626396338,89059,,instructions:u,934080,100.00,,
